Frequency (T),Intensities (arb. units)
0.0,51.459778493601846
2.1307610701655824,42.786454905974395
4.261522140331165,38.382051996562645
6.392283210496747,36.1384040171805
8.52304428066233,33.03856603540884
10.653805350827913,34.39560192015492
12.784566420993494,35.48473351040063
14.915327491159076,37.79555926972548
17.04608856132466,20.769080131287673
19.176849631490242,105.98309727149827
21.307610701655825,219.15233957910726
23.438371771821405,337.6927649040551
25.56913284198699,232.82045919848676
27.69989391215257,175.19642898538962
29.83065498231815,240.19923854059994
31.961416052483735,275.58971514025393
34.09217712264932,155.50134549596768
36.2229381928149,357.1823753492413
38.353699262980484,266.6092173660242
40.48446033314607,482.100613512942
42.61522140331165,922.8251323713685
44.74598247347723,1284.1970194695057
46.87674354364281,615.6693451631021
49.00750461380839,665.5544802477896
51.13826568397398,1070.8509940604604
53.26902675413956,748.6033505073301
55.39978782430514,647.5711518659396
57.530548894470726,381.95617598481203
59.6613099646363,350.9268542459936
61.792071034801886,517.7066998785962
63.92283210496747,496.3185369123454
66.05359317513306,407.5836279252503
68.18435424529864,334.23121557962816
70.31511531546421,475.5381059014434
72.4458763856298,94.27291583606417
74.57663745579538,104.38504595419326
76.70739852596097,345.74088553041355
78.83815959612654,131.073790979515
80.96892066629214,580.0069691245876
83.09968173645771,308.5858674674353
85.2304428066233,262.3312853401343
87.36120387678888,258.18525283304456
89.49196494695445,430.86123855333716
91.62272601712004,186.86060753449533
93.75348708728562,381.9288076982541
95.88424815745121,664.1346688110517
98.01500922761679,358.00168982739524
100.14577029778238,140.44065416829207
102.27653136794795,327.14408986697185
104.40729243811353,202.32584224514108
106.53805350827912,694.2215706469843
108.6688145784447,781.117794295349
110.79957564861029,537.0052257786595
112.93033671877586,332.17020379743695
115.06109778894145,209.22320101715337
117.19185885910703,25.70169744026609
119.3226199292726,374.2923635806176
121.4533809994382,371.07074887360085
123.58414206960377,358.36495838617293
125.71490313976936,177.3664288862779
127.84566420993494,341.6949689142241
129.97642528010053,227.5963533881589
132.10718635026612,354.29943014166764
134.23794742043168,337.5449463587762
136.36870849059727,290.64789259955154
138.49946956076286,235.8260595108727
140.63023063092842,187.71913911305745
142.760991701094,202.30958060572578
144.8917527712596,66.69791843818643
147.0225138414252,124.37965834952314
149.15327491159076,132.57039366458912
151.28403598175635,78.82330801236276
153.41479705192194,67.07230333866468
155.5455581220875,78.55033354628075
157.6763191922531,158.94906676214106
159.80708026241868,169.58140434110643
161.93784133258427,272.7548645327228
164.06860240274983,204.91232265234677
166.19936347291542,106.25945967975011
168.330124543081,215.25026626077852
170.4608856132466,89.390611909378
172.59164668341216,81.6965861612832
174.72240775357776,167.31738116062326
176.85316882374335,261.46590090600205
178.9839298939089,294.8981665823463
181.1146909640745,176.86466898294938
183.2454520342401,73.34784470859093
185.37621310440568,182.2428729361246
187.50697417457124,284.74023415603097
189.63773524473683,186.79360718069884
191.76849631490242,181.49161072174584
193.89925738506798,51.513193439840386
196.03001845523357,322.9205264444794
198.16077952539916,397.4410759466419
200.29154059556475,273.15671383812736
202.42230166573032,88.6251001473447
204.5530627358959,44.134318135319994
206.6838238060615,126.87052453640851
208.81458487622706,191.67088915526918
210.94534594639265,164.7552740122942
213.07610701655824,69.38489343918917
215.20686808672383,218.39709606444222
217.3376291568894,364.9966252356928
219.46839022705498,430.6403769021663
221.59915129722057,304.1994935620708
223.72991236738613,171.40137450855664
225.86067343755172,89.17641857239992
227.99143450771732,56.54171711305957
230.1221955778829,137.3035856350199
232.25295664804847,127.73443045459041
234.38371771821406,78.39052901456446
236.51447878837965,166.94910832751023
238.6452398585452,270.43689672471197
240.7760009287108,268.9699113532639
242.9067619988764,184.5454052205311
245.03752306904198,143.18063452445128
247.16828413920754,116.5150212550508
249.29904520937313,173.21117424393137
251.42980627953872,104.09657696497277
253.5605673497043,109.06414006137278
255.69132841986988,230.6153644784303
257.82208949003547,270.44444054207133
259.95285056020106,201.2888883451868
262.08361163036665,92.01406328325703
264.21437270053224,215.4946499432673
266.34513377069777,262.9011464375812
268.47589484086336,172.39283419010613
270.60665591102895,230.34083776425084
272.73741698119454,178.56992866752134
274.86817805136013,63.52845282408518
276.9989391215257,127.98939682834514
279.1297001916913,223.412840249281
281.26046126185685,130.74684530430352
283.39122233202244,75.50512362836291
285.521983402188,194.50559706479697
287.6527444723536,275.10154986637383
289.7835055425192,280.6577039995212
291.9142666126848,262.7643212835504
294.0450276828504,222.05771024277885
296.1757887530159,153.20876925062663
298.3065498231815,103.00607097213394
300.4373108933471,211.00986612672648
302.5680719635127,284.50535124466495
304.6988330336783,247.24803328101947
306.8295941038439,124.71855952162612
308.96035517400946,107.93342147199782
311.091116244175,67.84029116225967
313.2218773143406,50.4701831169149
315.3526383845062,150.75749467586772
317.48339945467177,252.63679601711237
319.61416052483736,255.18885331282883
321.74492159500295,152.93289909431485
323.87568266516854,28.35565287044338
326.0064437353341,6.086992158067897
328.13720480549966,103.53440919656182
330.26796587566525,137.45761677851638
332.39872694583084,29.76501520343168
334.52948801599644,79.8872651342342
336.660249086162,152.1691347160847
338.7910101563276,230.63334016699213
340.9217712264932,245.51441842758913
343.05253229665874,295.5959569916964
345.18329336682433,393.9101493760452
347.3140544369899,426.7436863410724
349.4448155071555,389.41558351192407
351.5755765773211,324.9706706153813
353.7063376474867,230.14622601861825
355.8370987176523,127.99569149080133
357.9678597878178,40.5777500262027
360.0986208579834,20.06065964467493
362.229381928149,41.929556729608485
364.3601429983146,69.58821297705046
366.4909040684802,131.20667303176663
368.62166513864577,157.0728394948972
370.75242620881136,134.0307583601387
372.8831872789769,136.9080590784792
375.0139483491425,243.51586853455552
377.14470941930807,228.9413785573231
379.27547048947366,156.2444048127032
381.40623155963925,83.97764413343359
383.53699262980484,124.08009905527696
385.66775369997043,138.2352165683896
387.79851477013597,118.63043578906311
389.92927584030156,82.07985587424828
392.06003691046715,120.62123437769014
394.19079798063274,163.9451539018226
396.3215590507983,247.67367340656236
398.4523201209639,271.4914062991575
400.5830811911295,189.83330293038597
402.71384226129504,115.85295803289621
404.84460333146063,155.8816340422632
406.9753644016262,195.04338238314693
409.1061254717918,208.37262701737075
411.2368865419574,152.93211376893146
413.367647612123,94.94924676084347
415.4984086822886,70.72541044922524
417.6291697524541,134.32397321765018
419.7599308226197,175.0854817371084
421.8906918927853,114.47211093150433
424.0214529629509,31.387151932002936
426.1522140331165,62.972047466778925
428.28297510328207,65.83645188779629
430.41373617344766,40.65624251506057
432.5444972436132,65.62777651459777
434.6752583137788,73.1901393350544
436.8060193839444,80.56298114066577
438.93678045410996,125.31205216868565
441.06754152427555,126.91052987041385
443.19830259444115,111.91684287760245
445.32906366460674,106.78864802874406
447.45982473477227,81.4121953222284
449.59058580493786,58.027071084794386
451.72134687510345,47.63957707073395
453.85210794526904,85.60001735819922
455.98286901543463,116.6959964234759
458.1136300856002,109.57009504022734
460.2443911557658,107.31046641645271
462.37515222593134,95.62063989888598
464.50591329609694,70.22027198058552
466.6366743662625,92.20998513511397
468.7674354364281,136.21509700990177
470.8981965065937,144.54769643880903
473.0289575767593,123.25030458511202
475.1597186469249,109.74367800060647
477.2904797170904,90.62568647074625
479.421240787256,96.32601368992039
481.5520018574216,102.8722342809732
483.6827629275872,83.39584149661181
485.8135239977528,127.86502715591463
487.9442850679184,204.82078364151883
490.07504613808396,222.26162202712138
492.20580720824955,246.76955122383276
494.3365682784151,232.85796753294258
496.4673293485807,194.00283188459846
498.59809041874627,178.67220318087277
500.72885148891186,147.14744486716137
502.85961255907745,145.00128684565533
504.99037362924304,128.07864616479114
507.1211346994086,109.09442444501663
509.25189576957416,49.2425933620903
511.38265683973975,44.69233447033242
513.5134179099053,61.41418709913668
515.6441789800709,104.71244802024819
517.7749400502365,157.1760230935438
519.9057011204021,180.57246560951168
522.0364621905677,215.90890638528856
524.1672232607333,259.197840151739
526.2979843308989,293.1854703161468
528.4287454010645,255.72419336384772
530.55950647123,180.16817681499367
532.6902675413955,90.54724689150683
534.8210286115611,2.9816071750512427
536.9517896817267,67.07791626897806
539.0825507518923,123.59428035211388
541.2133118220579,168.12831789404106
543.3440728922235,206.0251732727507
545.4748339623891,213.62996781740986
547.6055950325547,181.54175451943766
549.7363561027203,82.97220119791726
551.8671171728859,33.68754800407104
553.9978782430514,84.327304045484
556.128639313217,96.68140149491133
558.2594003833826,73.13028320158475
560.3901614535482,76.03361372687526
562.5209225237137,75.3584923008847
564.6516835938793,91.55069707877709
566.7824446640449,131.71573817373624
568.9132057342105,159.83957605486944
571.043966804376,156.95244364829907
573.1747278745416,117.0568011105675
575.3054889447072,64.30777179806661
577.4362500148728,85.67577483594442
579.5670110850384,150.51764849453232
581.697772155204,170.4147111689589
583.8285332253696,158.77133022301797
585.9592942955352,125.78664169588568
588.0900553657008,94.34015591796559
590.2208164358664,100.50470905209474
592.3515775060318,170.13200975030747
594.4823385761974,218.0526344012917
596.613099646363,244.72117210439495
598.7438607165286,231.7817862774638
600.8746217866942,214.49459710948577
603.0053828568598,190.84917907136378
605.1361439270254,159.20878309508217
607.266904997191,112.11557070146031
609.3976660673566,62.44579907476921
611.5284271375222,26.604216682456162
613.6591882076877,74.94659967662733
615.7899492778533,123.11537671587654
617.9207103480189,163.6259915465399
620.0514714181845,197.54197369628102
622.18223248835,222.04433688347007
624.3129935585156,233.34576760518937
626.4437546286812,232.2413128488158
628.5745156988468,223.10774285535481
630.7052767690124,197.67226903832827
632.836037839178,173.55396673162022
634.9667989093435,169.643454282429
637.0975599795091,162.0696829136718
639.2283210496747,160.32456396083256
641.3590821198403,129.66046522086566
643.4898431900059,103.06617960430897
645.6206042601715,103.9411708686846
647.7513653303371,118.67308873112954
649.8821264005027,130.68488788760797
652.0128874706681,124.06874363749
654.1436485408337,123.2679737182881
656.2744096109993,132.06107124130892
658.4051706811649,136.7613608295745
660.5359317513305,83.5603916158046
662.6666928214961,42.74037550755818
664.7974538916617,69.84625148825901
666.9282149618273,114.49587306447744
669.0589760319929,173.98584359889225
671.1897371021585,226.69450568679858
673.320498172324,255.84483210472476
675.4512592424896,235.76072080717984
677.5820203126552,203.954447782057
679.7127813828208,173.05436539931281
681.8435424529864,165.9093562603745
683.9743035231519,141.95260506828845
686.1050645933175,124.69615198072188
688.2358256634831,116.47497423470884
690.3665867336487,100.8875233317103
692.4973478038143,125.20232163269137
694.6281088739798,164.69974222414518
696.7588699441454,160.0277249472181
698.889631014311,172.59425857755167
701.0203920844766,218.219754882045
703.1511531546422,245.18472770987805
705.2819142248078,221.3577126253063
707.4126752949734,192.4483810775049
709.543436365139,141.53804891728063
711.6741974353046,132.74356138370106
713.80495850547,134.69689215865486
715.9357195756356,110.92716157908363
718.0664806458012,84.083145748869
720.1972417159668,32.76996958596134
722.3280027861324,15.905543492149825
724.458763856298,14.131027435387928
726.5895249264636,3.2255924283570554
728.7202859966292,31.48198909266061
730.8510470667948,55.932333698964605
732.9818081369604,64.04125483249841
735.112569207126,50.25498766188618
737.2433302772915,16.633768161254686
739.3740913474571,56.6998506725769
741.5048524176227,94.66873204717848
743.6356134877882,125.88864552076278
745.7663745579538,157.79365584770773
747.8971356281194,206.2295127062481
750.027896698285,241.25724262266743
752.1586577684506,255.5169530358795
754.2894188386161,255.01673863925686
756.4201799087817,239.08528313448903
758.5509409789473,192.56399936877682
760.6817020491129,123.8117666128612
762.8124631192785,52.13014053129183
764.9432241894441,84.19400382233219
767.0739852596097,139.87416316301412
769.2047463297753,163.4494956323757
771.3355073999409,164.2447073632644
773.4662684701063,164.2387451875359
775.5970295402719,150.23981458340302
777.7277906104375,124.75614285450895
779.8585516806031,108.54830708215647
781.9893127507687,81.48632206551366
784.1200738209343,41.0319613476587
786.2508348910999,69.69872703975179
788.3815959612655,102.37628776042149
790.5123570314311,104.98248732546766
792.6431181015967,70.31466158867538
794.7738791717622,22.788504967256312
796.9046402419278,66.74048152616942
799.0354013120934,110.23311801010976
801.166162382259,113.17988505161703
803.2969234524245,107.18258228205362
805.4276845225901,78.42212998504499
807.5584455927557,75.9622989104949
809.6892066629213,90.5989861670985
811.8199677330869,96.32726605591262
813.9507288032524,94.66697872165845
816.081489873418,99.66881982556177
818.2122509435836,110.77519330263786
820.3430120137492,107.10444730188252
822.4737730839148,122.09396425475265
824.6045341540804,140.13157250073232
826.735295224246,163.42000418526035
828.8660562944116,164.88018934079764
830.9968173645772,164.05293050826984
833.1275784347428,145.25601193768262
835.2583395049082,127.51679484673588
837.3891005750738,91.17990088524476
839.5198616452394,63.448107860127216
841.650622715405,39.92585577554925
843.7813837855706,45.84348659368338
845.9121448557362,86.54953816508076
848.0429059259018,107.78457911413588
850.1736669960674,114.19420637730113
852.304428066233,125.427120521114
854.4351891363985,134.6816214976677
856.5659502065641,143.94711175406826
858.6967112767297,120.30401444142385
860.8274723468953,122.13068203716038
862.9582334170609,110.60303359325535
865.0889944872264,113.72656535004974
867.219755557392,115.57334682153186
869.3505166275576,107.42691015950253
871.4812776977232,93.31479583852712
873.6120387678887,90.89930147535419
875.7427998380543,94.18660733293659
877.8735609082199,110.0907532243963
880.0043219783855,113.5071289708628
882.1350830485511,107.51021895165097
884.2658441187167,93.51457700244057
886.3966051888823,82.05353427099675
888.5273662590479,75.97433981519782
890.6581273292135,45.43974119145697
892.7888883993791,7.373436562732018
894.9196494695445,48.1916297896406
897.0504105397101,83.46656075118898
899.1811716098757,120.50574602002399
901.3119326800413,158.82677478240484
903.4426937502069,185.95065643352262
905.5734548203725,184.13705102577364
907.7042158905381,151.63554027732164
909.8349769607037,115.28166267869388
911.9657380308693,103.43216728801394
914.0964991010349,134.98550261838395
916.2272601712004,184.02658880055353
918.358021241366,219.554164477049
920.4887823115316,233.24925784050268
922.6195433816972,238.77976383160149
924.7503044518627,230.10884293692456
926.8810655220283,195.92369379420128
929.0118265921939,148.1335126953408
931.1425876623595,82.10281342331412
933.273348732525,35.777166765966406
935.4041098026906,65.14911570906754
937.5348708728562,102.76063508645962
939.6656319430218,111.52792660919843
941.7963930131874,125.67992057648601
943.927154083353,159.61928765970654
946.0579151535186,187.4163895997341
948.1886762236842,187.44007697591303
950.3194372938498,168.00930134592625
952.4501983640154,156.26602053544065
954.5809594341808,159.68153619790192
956.7117205043464,141.96066772310277
958.842481574512,115.2822320416426
960.9732426446776,63.48583055752979
963.1040037148432,10.426163856887595
965.2347647850088,50.737089122027825
967.3655258551744,103.66824823631525
969.49628692534,124.03709182439863
971.6270479955056,141.32154604368574
973.7578090656712,138.80230466538882
975.8885701358367,142.90373902089885
978.0193312060023,152.54070182804728
980.1500922761679,153.39450162448682
982.2808533463335,161.86088298939717
984.4116144164991,138.18115816638107
986.5423754866646,117.74614132273089
988.6731365568302,68.85664024878444
990.8038976269958,47.16881866926972
992.9346586971614,46.58531629100774
995.065419767327,63.82932348617267
997.1961808374925,62.57457863302568
999.3269419076581,90.799867653921
1001.4577029778237,106.41460581548964
1003.5884640479893,129.24924307289785
1005.7192251181549,114.12818420591293
1007.8499861883205,96.4979537091041
1009.9807472584861,70.00516058346146
1012.1115083286517,46.598196500203414
1014.2422693988173,83.67482302485344
1016.3730304689827,122.08472791550884
1018.5037915391483,155.0500526764912
1020.6345526093139,183.64347998022498
1022.7653136794795,182.67301140173996
1024.896074749645,160.90427143315102
1027.0268358198107,145.09771830497635
1029.1575968899763,123.51415401179142
1031.2883579601419,106.03602832656055
1033.4191190303075,105.00659466214312
1035.549880100473,110.71749691518437
1037.6806411706386,118.92347826916057
1039.8114022408042,119.26128821629639
1041.9421633109698,109.79090276858203
1044.0729243811354,112.70829218169048
1046.203685451301,114.66267140061842
1048.3344465214666,114.50035732646404
1050.4652075916322,108.85276708154096
1052.5959686617978,100.92767273148439
1054.7267297319634,73.81528942152066
1056.857490802129,57.82327128933255
1058.9882518722945,62.56759488443922
1061.11901294246,79.04123125079515
1063.2497740126255,96.38754619127404
1065.380535082791,95.32883755108348
1067.5112961529567,96.99350329377101
1069.6420572231223,84.62318631092938
1071.7728182932879,83.86139130378263
1073.9035793634534,98.86965027130836
1076.034340433619,120.51836926130039
1078.1651015037846,139.381722624379
1080.2958625739502,141.06236175787635
1082.4266236441158,127.9965374623228
1084.5573847142814,120.61215461621018
1086.688145784447,106.8732529746195
1088.8189068546126,93.1294778470334
1090.9496679247782,75.65066628900303
1093.0804289949438,71.46240399235415
1095.2111900651093,82.87966518618447
1097.341951135275,90.59181539312955
1099.4727122054405,83.593801980767
1101.6034732756061,65.81709073344442
1103.7342343457717,45.38070621222329
1105.8649954159373,21.94746729100366
1107.995756486103,13.310947436950585
1110.1265175562685,37.259444102041016
1112.257278626434,72.52074346551068
1114.3880396965997,106.58453336302769
1116.5188007667653,139.56231454976324
1118.6495618369308,146.47660205397736
1120.7803229070964,144.08333262326957
1122.9110839772618,135.2633304613568
1125.0418450474274,120.97175655622655
1127.172606117593,122.35377292579439
1129.3033671877586,107.12003343054619
1131.4341282579242,73.20383302533605
1133.5648893280897,46.678303086244334
1135.6956503982553,74.33854718543466
1137.826411468421,117.20723841367472
1139.9571725385865,144.0718945661496
1142.087933608752,147.96281556519224
1144.2186946789177,138.9817544440266
1146.3494557490833,136.7846144879254
1148.4802168192489,123.56085806876492
1150.6109778894145,111.06512463727911
1152.74173895958,88.67178445811699
1154.8725000297457,59.989294213778024
1157.0032610999112,27.077517638491017
1159.1340221700768,20.931211180862498
1161.2647832402424,59.756137832689355
1163.395544310408,94.44299537801189
1165.5263053805736,126.10579112965009
1167.6570664507392,154.14525347375405
1169.7878275209048,168.18407194166707
1171.9185885910704,169.00859493197302
1174.049349661236,147.70933070021417
1176.1801107314016,128.05669801913936
1178.3108718015671,105.25952143787737
1180.4416328717327,72.59184340190701
1182.572393941898,28.076673854397924
1184.7031550120637,34.42439398234747
1186.8339160822293,73.3884434821578
1188.9646771523949,108.61333195423553
1191.0954382225605,122.95777085295607
1193.226199292726,133.09393282356322
1195.3569603628916,133.12246787842685
1197.4877214330572,118.49005444850239
1199.6184825032228,107.25812270430293
1201.7492435733884,85.72773994308224
1203.880004643554,55.46293811495277
1206.0107657137196,48.76673357917874
1208.1415267838852,67.20107889996852
1210.2722878540508,62.85045938918839
1212.4030489242164,46.52908508594339
1214.533809994382,49.056166846999126
1216.6645710645475,68.64908676396557
1218.7953321347131,87.90825131703598
1220.9260932048787,95.80822432474956
1223.0568542750443,103.0269393691388
1225.18761534521,116.28541715413314
1227.3183764153755,123.76388164785175
1229.449137485541,157.64528054385292
1231.5798985557067,204.30757449801803
1233.7106596258723,275.1363025534983
1235.8414206960379,334.7245306161677
1237.9721817662034,394.81332146099743
1240.102942836369,456.5348376644289
1242.2337039065346,508.5865823525227
1244.3644649767,559.7463907675468
1246.4952260468656,580.2005481628622
1248.6259871170312,584.4102793854344
1250.7567481871968,548.5135139905051
1252.8875092573624,505.84728475128827
1255.018270327528,441.3969452344484
1257.1490313976935,376.52189468131763
1259.2797924678591,325.7282265434013
1261.4105535380247,273.6696293716948
1263.5413146081903,221.82937867810656
1265.672075678356,166.5752175611194
1267.8028367485215,105.93219123650923
1269.933597818687,86.97263455939651
1272.0643588888527,106.76424419005522
1274.1951199590183,127.08736233216301
1276.3258810291838,145.7752490279008
1278.4566420993494,158.91350502425405
1280.587403169515,156.50868708040167
1282.7181642396806,165.7299195040441
1284.8489253098462,166.24920541769737
1286.9796863800118,165.6586965618307
1289.1104474501774,172.21342997713091
1291.241208520343,172.17191586560645
1293.3719695905086,166.6493796936324
1295.5027306606742,152.12409063182386
1297.6334917308398,144.6534888744615
1299.7642528010053,142.13863252448843
1301.895013871171,136.7173182250108
1304.0257749413363,123.17802331978928
1306.1565360115019,106.02549029213496
1308.2872970816675,78.89267501786136
1310.418058151833,58.2764930637842
1312.5488192219987,55.341718300651436
1314.6795802921642,67.26240985276029
1316.8103413623298,71.50811062623691
1318.9411024324954,72.1490484961812
1321.071863502661,71.29610170909413
1323.2026245728266,61.46307194850701
1325.3333856429922,48.85322170783127
1327.4641467131578,48.4669118143649
1329.5949077833234,66.03610668863325
1331.725668853489,86.69993819185358
1333.8564299236546,110.31960082310626
1335.9871909938201,128.4662690408424
1338.1179520639857,130.65256236241174
1340.2487131341513,139.58479134922325
1342.379474204317,134.5785759639242
1344.5102352744825,130.71085544548126
1346.640996344648,136.50651254335818
1348.7717574148137,145.1693311484549
1350.9025184849793,159.7659993167138
1353.0332795551449,168.3361083309618
1355.1640406253105,158.7843203426814
1357.294801695476,138.0039915337956
1359.4255627656416,112.43456005611328
1361.5563238358072,86.28214955796798
1363.6870849059728,55.80008006897354
1365.8178459761382,35.482922195854584
1367.9486070463038,29.087723900762338
1370.0793681164694,46.07511665682319
1372.210129186635,59.16220767532606
1374.3408902568005,63.66678391978913
1376.4716513269661,63.70861927375447
1378.6024123971317,52.55084872111995
1380.7331734672973,49.23527877010922
1382.863934537463,39.5426769194523
1384.9946956076285,30.506517609364764
1387.125456677794,31.553127470728175
1389.2562177479597,39.520745761586916
1391.3869788181253,51.521171660010246
1393.5177398882909,68.37995829579306
1395.6485009584565,76.59775192343237
1397.779262028622,77.81661526557261
1399.9100230987876,78.34341681757071
1402.0407841689532,64.32936494948956
1404.1715452391188,55.24514756446484
1406.3023063092844,44.96622106337852
1408.43306737945,35.094205815907735
1410.5638284496156,28.3415258635192
1412.6945895197812,17.945673830584685
1414.8253505899468,14.735861452185576
1416.9561116601124,30.323351497416244
1419.086872730278,51.39530700361443
1421.2176338004435,66.71847037217451
1423.3483948706091,88.11675299550812
1425.4791559407745,88.59321655831631
1427.60991701094,88.32313071308151
1429.7406780811057,70.5168343907829
1431.8714391512713,63.99509951421634
1434.0022002214369,52.443933385897694
1436.1329612916024,46.65095219942358
1438.263722361768,41.804342317059
1440.3944834319336,47.11463185307941
1442.5252445020992,60.4560016249341
1444.6560055722648,65.41871102637434
1446.7867666424304,64.54949460825462
1448.917527712596,69.66081553816164
1451.0482887827616,63.23139642068028
1453.1790498529272,63.38907786901306
1455.3098109230928,50.49486150537499
1457.4405719932583,40.606116429409425
1459.571333063424,39.58644792170017
1461.7020941335895,58.6812607750234
1463.8328552037551,81.76795338168883
1465.9636162739207,98.43452066159261
1468.0943773440863,106.05464917059281
1470.225138414252,90.12902273597787
1472.3558994844175,78.61954969671443
1474.486660554583,65.53352658261184
1476.6174216247487,50.036360386743645
1478.7481826949142,67.25150143492
1480.8789437650798,88.61878181823343
1483.0097048352454,119.12656087385606
1485.1404659054108,133.0060970817315
1487.2712269755764,143.44412523098774
1489.401988045742,147.8151899545016
1491.5327491159076,140.41955288021754
1493.6635101860732,130.01905183633866
1495.7942712562387,117.94884565376353
1497.9250323264043,98.65941022557081
1500.05579339657,91.23597580191202
1502.1865544667355,87.66397339129188
1504.317315536901,83.16160142335785
1506.4480766070667,73.9407513730165
1508.5788376772323,66.1550689707781
1510.7095987473979,47.79318827217148
1512.8403598175635,41.90737101239299
1514.971120887729,30.6315617711709
1517.1018819578946,27.16250815617472
1519.2326430280602,23.162751874710196
1521.3634040982258,17.541254618326317
1523.4941651683914,30.631200675186108
1525.624926238557,38.1664243716369
1527.7556873087226,35.49898697547357
1529.8864483788882,40.61872642356559
1532.0172094490538,25.615509574099285
1534.1479705192194,13.372460412924534
1536.278731589385,11.105908194071384
1538.4094926595506,11.264618422868377
1540.5402537297161,6.760718037687036
1542.6710147998817,5.75342755640686
1544.8017758700473,18.291177729733686
1546.9325369402127,31.361704503497307
1549.0632980103783,53.459216727979104
1551.1940590805439,78.96663101770655
1553.3248201507095,108.32158653520857
1555.455581220875,132.822997010999
1557.5863422910406,150.49442652281758
1559.7171033612062,149.0962544053094
1561.8478644313718,150.85233831850508
1563.9786255015374,132.82357767552827
1566.109386571703,131.95433127329335
1568.2401476418686,125.12158504316791
1570.3709087120342,128.6596078610149
1572.5016697821998,129.95608413134698
1574.6324308523654,130.788848977431
1576.763191922531,121.27562986876092
1578.8939529926965,121.30607092253977
1581.0247140628621,125.51915641149692
1583.1554751330277,130.31670319308688
1585.2862362031933,132.50129991371162
1587.416997273359,131.36214090701657
1589.5477583435245,118.3149565046789
1591.67851941369,104.47963651962813
1593.8092804838557,89.61862063961375
1595.9400415540213,61.42626583481901
1598.0708026241869,49.230778286693656
1600.2015636943524,41.806517711315216
1602.332324764518,40.18206027908366
1604.4630858346836,45.91981215611911
1606.593846904849,42.6446336021562
1608.7246079750146,49.99086931986722
1610.8553690451802,57.73454622088621
1612.9861301153458,50.42998912764772
1615.1168911855113,40.436712902384855
1617.247652255677,26.77048605067718
1619.3784133258425,16.879375714730358
1621.5091743960081,35.20187927855523
1623.6399354661737,49.24806878787853
1625.7706965363393,66.33679679683976
1627.901457606505,69.1511608218497
1630.0322186766705,71.98659315416451
1632.162979746836,59.439394899557854
1634.2937408170017,47.97677104192489
1636.4245018871673,50.35561827826536
1638.5552629573328,82.82725083127617
1640.6860240274984,125.84492682403081
1642.816785097664,158.36199029546316
1644.9475461678296,190.72624839191846
1647.0783072379952,207.68311663234704
1649.2090683081608,222.45810932977557
1651.3398293783264,231.79246357303464
1653.470590448492,232.38437861033415
1655.6013515186576,237.0771383562356
1657.7321125888232,235.14518171597157
1659.8628736589887,227.98874912436267
1661.9936347291543,213.12828073822843
1664.12439579932,206.04974274392947
1666.2551568694855,193.47641334579276
1668.3859179396509,182.76224111666738
1670.5166790098165,166.44152667385953
1672.647440079982,148.59849563085567
1674.7782011501477,122.37374453926363
1676.9089622203132,89.17250991050898
1679.0397232904788,49.26017563364413
1681.1704843606444,14.430517653136702
1683.30124543081,48.77228742763586
1685.4320065009756,81.21270647194181
1687.5627675711412,105.92157462037784
1689.6935286413068,124.9094387719454
1691.8242897114724,128.1756343580976
1693.955050781638,124.84099878099896
1696.0858118518036,122.72910532557029
1698.2165729219691,108.04323419281246
1700.3473339921347,95.09984656490745
1702.4780950623003,91.86784860701437
1704.608856132466,86.05674359403645
1706.7396172026315,80.95749765510693
1708.870378272797,80.50873912275082
1711.0011393429627,79.6595545584205
1713.1319004131283,71.81293184478493
1715.2626614832939,56.57001433849241
1717.3934225534595,44.1030371307747
1719.524183623625,40.05138530493792
1721.6549446937906,45.83250583675481
1723.7857057639562,56.09767946570966
1725.9164668341218,67.23344700598786
1728.0472279042872,74.4211581738364
1730.1779889744528,83.97958048370184
1732.3087500446184,90.74045103119526
1734.439511114784,94.39447506926557
1736.5702721849495,91.57167571205768
1738.7010332551151,103.69308725276007
1740.8317943252807,110.22558022793275
1742.9625553954463,112.61618244222765
1745.093316465612,105.11009907819185
1747.2240775357775,99.40516050435112
1749.354838605943,91.71414086969419
1751.4855996761087,80.86837366452775
1753.6163607462743,75.59349319134716
1755.7471218164399,70.05691200941874
1757.8778828866054,72.90183476458087
1760.008643956771,74.38476650674178
1762.1394050269366,72.52578546261772
1764.2701660971022,80.67651805017591
1766.4009271672678,74.51929578453623
1768.5316882374334,80.68532869975259
1770.662449307599,88.75157696899585
1772.7932103777646,93.07104996792538
1774.9239714479302,97.41373374415788
1777.0547325180958,97.72513537641876
1779.1854935882614,90.20379684923148
1781.316254658427,85.05796260822211
1783.4470157285925,87.76628539787188
1785.5777767987581,84.5500629951248
1787.7085378689237,81.06854397140015
1789.839298939089,71.10223708266419
1791.9700600092547,73.27613978955257
1794.1008210794203,70.13934956413888
1796.2315821495858,58.55015908356102
1798.3623432197514,45.919374929620254
1800.493104289917,42.374938803506076
1802.6238653600826,38.47918424291442
1804.7546264302482,32.02331859981566
1806.8853875004138,27.791219108124753
1809.0161485705794,26.1939767069469
1811.146909640745,32.245392580810275
1813.2776707109106,49.95576749685947
1815.4084317810762,61.326625251747465
1817.5391928512418,68.46163708635132
1819.6699539214073,70.1408133003109
1821.800714991573,71.56621855463223
1823.9314760617385,65.8456771338512
1826.062237131904,63.80543967201383
1828.1929982020697,71.52989915765099
1830.3237592722353,83.3173972349404
1832.4545203424009,95.51974829638827
1834.5852814125665,113.94948188594695
1836.716042482732,136.37071590277984
1838.8468035528977,150.82596161019225
1840.9775646230632,157.43378434401234
1843.1083256932288,162.1181437607987
1845.2390867633944,154.00288786671788
1847.36984783356,154.96286140810082
1849.5006089037254,152.54298443004026
1851.631369973891,150.13169324490104
1853.7621310440566,152.19704687220093
1855.8928921142221,151.36745237942355
1858.0236531843877,146.981256623076
1860.1544142545533,147.59487916177122
1862.285175324719,138.73422358757477
1864.4159363948845,137.74452243405074
1866.54669746505,133.89153131254648
1868.6774585352157,126.4148815533143
1870.8082196053813,130.18930793092352
1872.9389806755469,129.00103588859903
1875.0697417457125,119.98880953519806
1877.200502815878,112.5523633041251
1879.3312638860436,93.82657681586836
1881.4620249562092,69.78769238910957
1883.5927860263748,43.38386470702877
1885.7235470965404,11.156258976715053
1887.854308166706,18.986418458302257
1889.9850692368716,39.299698843664935
1892.1158303070372,56.46476720523206
1894.2465913772028,60.05558873653998
1896.3773524473684,61.44101443490331
1898.508113517534,49.48705511730868
1900.6388745876995,43.00033324781522
1902.7696356578651,37.335621473046665
1904.9003967280307,27.517951526795606
1907.0311577981963,22.999213103504154
1909.1619188683617,27.0299216668125
1911.2926799385273,35.663120590775286
1913.4234410086929,39.038229128898884
1915.5542020788585,38.69039623080514
1917.684963149024,30.103184567284647
1919.8157242191896,29.38239181717433
1921.9464852893552,41.334376207470946
1924.0772463595208,62.93360763489583
1926.2080074296864,90.3209199408266
1928.338768499852,111.67970594781579
1930.4695295700176,124.58768540005522
1932.6002906401832,139.2516902057583
1934.7310517103488,145.02531901744368
1936.8618127805144,140.80630848346794
1938.99257385068,142.5168519105598
1941.1233349208455,140.69026855594055
1943.2540959910111,129.78235400518687
1945.3848570611767,121.76897601536704
1947.5156181313423,110.93199722222278
1949.646379201508,115.13876051514067
1951.7771402716735,117.52830711515021
1953.907901341839,123.79699176720266
1956.0386624120047,128.6021797028806
1958.1694234821703,127.86107149851787
1960.3001845523358,113.46926764523963
1962.4309456225014,100.24195576729223
1964.561706692667,85.85131879816139
1966.6924677628326,80.12006933333295
1968.8232288329982,74.1955091736703
1970.9539899031636,73.68641843919657
1973.0847509733292,75.34539688458227
1975.2155120434948,82.70765246150812
1977.3462731136603,88.37391209641613
1979.477034183826,93.94371451773581
1981.6077952539915,95.80777115526053
1983.7385563241571,85.7140434964693
1985.8693173943227,71.62266799398483
1988.0000784644883,60.724919219604665
1990.130839534654,44.54153737158662
1992.2616006048195,49.28761064406598
1994.392361674985,61.20746277416675
1996.5231227451507,71.67801551786629
1998.6538838153162,85.53579848418617
2000.7846448854818,89.81114540185722
2002.9154059556474,79.31525013888364
2005.046167025813,65.24796793654531
2007.1769280959786,51.152505405285
2009.3076891661442,35.57975741581532
2011.4384502363098,20.627893106537687
2013.5692113064754,19.52796961170071
2015.699972376641,22.798896978512424
2017.8307334468066,26.36305680231885
2019.9614945169722,34.14284765898264
2022.0922555871377,36.88119206063853
2024.2230166573033,35.348129234219044
2026.353777727469,23.629478515369776
2028.4845387976345,20.524417857651347
2030.6152998677999,10.924321869999996
2032.7460609379655,13.643212713320986
2034.876822008131,21.433653137824997
2037.0075830782966,25.522084015645444
2039.1383441484622,21.272571316137917
2041.2691052186278,13.948535496350985
2043.3998662887934,6.332285073311987
2045.530627358959,12.862449478123477
2047.6613884291246,28.787171514748962
2049.79214949929,47.191892960766886
2051.922910569456,62.68886377732417
2054.0536716396214,76.67307680345375
2056.184432709787,77.55388912014824
2058.3151937799526,77.34800134048038
2060.445954850118,66.13378777662389
2062.5767159202837,48.05411435571885
2064.7074769904493,35.4298694737494
2066.838238060615,21.5631468298635
2068.9689991307805,8.430092459896041
2071.099760200946,7.2578725694511785
2073.2305212711117,14.418199382723817
2075.3612823412773,21.20992893187905
2077.492043411443,27.438662955472708
2079.6228044816085,35.364439188053275
2081.753565551774,36.325556730333844
2083.8843266219396,40.20290895199373
2086.015087692105,49.22754795966199
2088.145848762271,54.31120203195093
2090.2766098324364,55.676073507926446
2092.407370902602,60.07318761477945
2094.5381319727676,62.457741592420334
2096.668893042933,63.5643783000447
2098.7996541130988,62.20032384888507
2100.9304151832644,60.32602512092293
2103.06117625343,50.8809637608312
2105.1919373235955,51.032121151333165
2107.322698393761,51.34540545782942
2109.4534594639267,56.44380864182496
2111.5842205340923,63.73687089745688
2113.714981604258,60.57168069289669
2115.8457426744235,49.78324919752054
2117.976503744589,42.262552111836285
2120.1072648147547,30.02497028285376
2122.23802588492,17.06272565293072
2124.3687869550854,12.647604666463783
2126.499548025251,7.964029775836098
2128.6303090954166,2.79345710781902
2130.761070165582,10.281694959368194
2132.8918312357478,18.156152191694524
2135.0225923059133,27.98749557990483
2137.153353376079,35.83948642897402
2139.2841144462445,45.414246923550486
2141.41487551641,46.3760403733001
2143.5456365865757,46.476113558046436
2145.6763976567413,43.05453547028824
2147.807158726907,36.17203755951195
2149.9379197970725,29.642150850267086
2152.068680867238,26.486872176395472
2154.1994419374037,25.824490505905416
2156.3302030075693,28.515523634219438
2158.460964077735,28.11741672071514
2160.5917251479004,36.276082396471054
2162.722486218066,37.16381885822398
2164.8532472882316,34.61521749488673
2166.984008358397,32.588566207014864
2169.114769428563,30.589746510076942
2171.2455304987284,20.526059474256485
2173.376291568894,15.183863589478225
2175.5070526390596,2.6276817839253197
2177.637813709225,8.531113660313437
2179.7685747793907,14.229161687907323
2181.8993358495563,19.189249658539367
2184.030096919722,21.148553204543834
2186.1608579898875,17.558411799901442
2188.291619060053,15.81513711079241
2190.4223801302187,10.242020263150827
2192.5531412003843,9.900051328008287
2194.68390227055,9.110319656913873
2196.8146633407155,14.697940045955848
2198.945424410881,14.716257156981776
2201.0761854810467,28.856635985983356
2203.2069465512122,40.544617560802216
2205.337707621378,48.486609985328776
2207.4684686915434,48.08076514937952
2209.599229761709,48.11736139362887
2211.7299908318746,44.352693608793345
2213.86075190204,30.35913128568382
2215.991512972206,20.330895490480298
2218.1222740423714,4.060084539659183
2220.253035112537,17.604740196749894
2222.3837961827026,25.752824466411464
2224.514557252868,31.83190747788537
2226.6453183230337,39.01519438207127
2228.7760793931993,37.677692417004934
2230.906840463365,37.04988604729267
2233.0376015335305,38.65945718225512
2235.168362603696,42.94979683211842
2237.2991236738617,44.82184910062415
2239.4298847440273,54.0682181926753
2241.560645814193,65.94928261620892
2243.691406884358,75.11863396718856
2245.8221679545236,82.76938031982759
2247.952929024689,85.41342819996268
2250.083690094855,85.81883838090482
2252.2144511650204,81.37296152480536
2254.345212235186,75.7756924520841
2256.4759733053515,69.73698420699267
2258.606734375517,62.14414664295446
2260.7374954456827,56.3749184004438
2262.8682565158483,54.05641601010471
2264.999017586014,48.05362248143065
2267.1297786561795,49.773432704668494
2269.260539726345,46.55464462456661
2271.3913007965107,41.24979149312038
2273.5220618666763,41.88967276834003
2275.652822936842,35.632579797521586
2277.7835840070074,28.02724591251157
2279.914345077173,25.188025135964395
2282.0451061473386,24.417743735813154
2284.175867217504,20.651362103918384
2286.30662828767,10.713581475545446
2288.4373893578354,19.548955557642433
2290.568150428001,45.21092501020787
2292.6989114981666,63.815257337372465
2294.829672568332,82.47154912227026
2296.9604336384978,95.20889590061128
2299.0911947086634,110.00487529354926
2301.221955778829,114.63379551241724
2303.3527168489945,115.98428856914087
2305.48347791916,116.46181753645696
2307.6142389893257,116.48602246356191
2309.7450000594913,117.53565477871445
2311.875761129657,116.86619129903406
2314.0065221998225,118.12124589270455
2316.137283269988,121.36585329507191
2318.2680443401537,113.11491836855078
2320.3988054103193,105.22521138409203
2322.529566480485,94.5780846917721
2324.6603275506504,85.1117886608862
2326.791088620816,70.7869962877011
2328.9218496909816,64.01910626887488
2331.052610761147,53.51142069882143
2333.183371831313,46.18389344635073
2335.3141329014784,40.626338812090836
2337.444893971644,35.1422373858484
2339.5756550418096,25.468159803686575
2341.706416111975,19.769397329551424
2343.8371771821407,13.14836364197146
2345.9679382523063,6.607389025140211
2348.098699322472,12.689612512051948
2350.2294603926375,26.51666012231195
2352.360221462803,40.413425626392424
2354.4909825329687,52.10969108893196
2356.6217436031343,66.97894776797837
2358.7525046733,71.48881095526318
2360.8832657434655,75.29846227702288
2363.014026813631,75.90018921641199
2365.144787883796,75.71748534175988
2367.275548953962,68.01340547400993
2369.4063100241274,56.132399513654256
2371.537071094293,45.712919598047456
2373.6678321644586,46.12044494490939
2375.798593234624,45.18232834240183
2377.9293543047897,46.53112104513448
2380.0601153749553,53.2404662989154
2382.190876445121,51.6159076815932
2384.3216375152865,44.27037455972851
2386.452398585452,37.52928153265252
2388.5831596556177,37.075762548831065
2390.7139207257833,32.40387976229182
2392.844681795949,38.72414252294141
2394.9754428661145,44.569654852411205
2397.10620393628,49.48804781785355
2399.2369650064456,55.349070818844
2401.3677260766112,66.37946342887155
2403.498487146777,79.6766482999992
2405.6292482169424,89.55213422929889
2407.760009287108,98.57252992467313
2409.8907703572736,109.96761410994455
2412.021531427439,113.57929394358635
2414.152292497605,111.2999279806576
2416.2830535677704,105.24735658550156
2418.413814637936,99.05045469375905
2420.5445757081015,93.98591730178073
2422.675336778267,87.31122726338182
2424.8060978484327,85.4593466854637
2426.9368589185983,81.11838815068877
2429.067619988764,72.42535221269978
2431.1983810589295,69.8940889948273
2433.329142129095,63.006286177706855
2435.4599031992607,54.111783788902585
2437.5906642694263,44.6027798709844
2439.721425339592,38.65468069168041
2441.8521864097575,31.469859636339883
2443.982947479923,25.443269500727297
2446.1137085500886,24.97168492836363
2448.244469620254,24.190003381479002
2450.37523069042,27.70689817752567
2452.5059917605854,26.38227650456346
2454.636752830751,23.994600959457937
2456.7675139009166,25.466244633933513
2458.898274971082,27.590472613106652
2461.0290360412478,31.328055744041162
2463.1597971114134,40.072346133308756
2465.290558181579,49.0633088496314
2467.4213192517445,58.089296790677636
2469.55208032191,64.92382726870777
2471.6828413920757,71.45830388847017
2473.8136024622413,70.53866074745906
2475.944363532407,69.4384962353721
2478.0751246025725,71.44194242342138
2480.205885672738,75.80132249354745
2482.3366467429037,80.0512182463981
2484.4674078130693,88.4437251622916
2486.5981688832344,95.36338410058704
2488.7289299534,99.56105330121495
2490.8596910235656,103.80468437299481
2492.990452093731,101.96608485194011
2495.1212131638968,99.89787611768011
2497.2519742340623,95.07617717689251
2499.382735304228,87.79268623050646
2501.5134963743935,83.77061767379423
2503.644257444559,79.01244613661092
2505.7750185147247,74.41963239770816
2507.9057795848903,74.69518704257338
2510.036540655056,72.1828218417284
2512.1673017252215,70.95224141007505
2514.298062795387,72.73126816516806
2516.4288238655527,68.66111194213963
2518.5595849357182,62.76027087034668
2520.690346005884,57.292251522934706
2522.8211070760494,51.11572800803513
2524.951868146215,42.249672679742204
2527.0826292163806,35.1829125686392
2529.213390286546,32.606894841911
2531.344151356712,32.058911799148056
2533.4749124268774,32.57179139874898
2535.605673497043,31.71154175742041
2537.7364345672086,32.90419115160933
2539.867195637374,31.996533566704212
2541.9979567075397,35.8228791793284
2544.1287177777053,39.923395853187664
2546.259478847871,37.718098533179536
2548.3902399180365,38.325197270441755
2550.521000988202,39.92141022553159
2552.6517620583677,46.11575798126912
2554.7825231285333,45.20320078956493
2556.913284198699,47.554727962398744
2559.0440452688645,46.78931081060304
2561.17480633903,40.57840247389656
2563.3055674091956,34.576908725718795
2565.4363284793612,28.187259531406163
2567.567089549527,24.764931766655007
2569.6978506196924,22.8408364663451
2571.828611689858,16.815327705063332
2573.9593727600236,19.786794977113384
2576.090133830189,26.207374963085268
2578.220894900355,34.95577922246965
2580.3516559705204,42.2841301311478
2582.482417040686,57.24273993494704
2584.6131781108515,66.5363221432288
2586.743939181017,75.03312430798657
2588.8747002511827,81.12165245375108
2591.0054613213483,89.9742411848807
2593.136222391514,95.57987183554043
2595.2669834616795,100.02079591852264
2597.397744531845,107.09430467217972
2599.5285056020107,120.81585638952527
2601.6592666721763,127.33195752721537
2603.790027742342,130.00732856224482
2605.9207888125075,135.5427077862038
2608.0515498826726,140.9788316482216
2610.182310952838,144.43783805655102
2612.3130720230038,141.88868898825297
2614.4438330931694,140.86968440905287
2616.574594163335,138.71770561127968
2618.7053552335005,132.3414493340545
2620.836116303666,129.94001161390156
2622.9668773738317,131.24083641788428
2625.0976384439973,134.89420566707093
2627.228399514163,139.13932369082028
2629.3591605843285,142.5085329037365
2631.489921654494,140.38515594306654
2633.6206827246597,137.3878051037464
2635.7514437948253,131.8289637574154
2637.882204864991,125.86078823207896
2640.0129659351564,122.73386630378629
2642.143727005322,124.39496756989196
2644.2744880754876,126.97028208800407
2646.405249145653,129.99308765085763
2648.536010215819,134.05094780115462
2650.6667712859844,136.4170032191541
2652.79753235615,135.4980720164011
2654.9282934263156,131.38641055281573
2657.059054496481,122.4634537620701
2659.1898155666468,117.10410453625492
2661.3205766368123,106.06453048381206
2663.451337706978,84.68010404128368
2665.5820987771435,67.15780859649708
2667.712859847309,42.876982794103114
2669.8436209174747,26.226144449928043
2671.9743819876403,27.253752727610905
2674.105143057806,46.37208267282748
2676.2359041279715,59.561770999312586
2678.366665198137,71.24225026968355
2680.4974262683027,82.23192846979332
2682.6281873384683,85.25084098269197
2684.758948408634,90.19246231859772
2686.8897094787994,94.39563156677224
2689.020470548965,95.19026600175525
2691.1512316191306,90.79553484001426
2693.281992689296,86.12254058325559
2695.412753759462,83.35429082849126
2697.5435148296274,77.57104760108493
2699.674275899793,68.16864625287
2701.8050369699586,60.72346776784095
2703.935798040124,47.808594530019896
2706.0665591102897,42.50781640720806
2708.1973201804553,44.68254018256221
2710.328081250621,57.873066850788824
2712.4588423207865,68.16270983674521
2714.589603390952,81.75558349613044
2716.7203644611177,93.08209302771877
2718.8511255312833,102.96875753885713
2720.981886601449,115.24637803035749
2723.1126476716145,122.87061660234089
2725.24340874178,127.13906894960824
2727.3741698119456,130.74569629819794
2729.504930882111,136.42408837410505
2731.6356919522764,134.80351141284527
2733.766453022442,120.68772628394912
2735.8972140926076,103.79482049823636
2738.027975162773,89.28457330659647
2740.1587362329387,73.70075304377534
2742.2894973031043,49.20043028345192
2744.42025837327,26.996100011764153
2746.5510194434355,14.70546365716716
2748.681780513601,9.632000487519926
2750.8125415837667,19.054563627224077
2752.9433026539323,24.19262401629433
2755.074063724098,24.314168695668336
2757.2048247942635,26.619405042607006
2759.335585864429,28.165357300413067
2761.4663469345946,24.189590373115408
2763.5971080047602,20.90302316744084
2765.727869074926,28.742548711941126
2767.8586301450914,41.38720761393042
2769.989391215257,56.28472999432832
2772.1201522854226,73.28402521434994
2774.250913355588,88.24369976055272
2776.3816744257538,98.44644620278024
2778.5124354959194,95.66081478971165
2780.643196566085,91.67985977113398
2782.7739576362505,84.41185607821899
2784.904718706416,78.0654708120683
2787.0354797765817,71.53446238510516
2789.1662408467473,68.45683513057527
2791.297001916913,69.7762713762755
2793.4277629870785,72.2614330236395
2795.558524057244,70.93494953378787
2797.6892851274097,70.7977579121178
2799.8200461975753,67.74258995922541
2801.950807267741,63.31591777713792
2804.0815683379064,51.94533614327236
2806.212329408072,50.71101159262403
2808.3430904782376,53.91586415009044
2810.473851548403,60.90972657753575
2812.604612618569,71.07699250335338
2814.7353736887344,83.05765743650083
2816.8661347589,93.52337698913848
2818.9968958290656,93.54618903081872
2821.127656899231,91.48034882551264
2823.2584179693968,84.90194533796719
2825.3891790395624,76.7569070281182
2827.519940109728,66.60155328374891
2829.6507011798935,59.920449248693174
2831.781462250059,54.881967218381604
2833.9122233202247,54.04853369318471
2836.0429843903903,55.20867647894865
2838.173745460556,54.207754626652566
2840.3045065307215,53.1287012532185
2842.435267600887,51.56537543987641
2844.5660286710527,53.267761622975776
2846.6967897412183,56.145860757759166
2848.8275508113834,59.054977012188225
2850.958311881549,60.91366328636813
2853.0890729517146,63.328246929193625
2855.21983402188,62.12824614253188
2857.3505950920458,62.191964483649706
2859.4813561622113,61.890545559298445
2861.612117232377,59.75919977179743
2863.7428783025425,57.41699326284256
2865.873639372708,61.26155361122284
2868.0044004428737,68.7717279324278
2870.1351615130393,75.79170655426937
2872.265922583205,76.1386196720734
2874.3966836533705,78.80669288240948
2876.527444723536,84.14914098392627
2878.6582057937017,85.46902814139261
2880.7889668638672,85.68781143705272
2882.919727934033,85.18573223449224
2885.0504890041984,81.67009373202059
2887.181250074364,79.21936284335546
2889.3120111445296,73.93902751946281
2891.442772214695,68.54736009427606
2893.573533284861,62.94790173749861
2895.7042943550264,58.70403971484911
2897.835055425192,59.220800632905274
2899.9658164953576,58.94191093730102
2902.096577565523,56.501342686412336
2904.2273386356887,52.3499786961133
2906.3580997058543,51.434476413201644
2908.48886077602,53.577089540811656
2910.6196218461855,56.189747704927974
2912.750382916351,58.65388087900175
2914.8811439865167,62.977725768823156
2917.0119050566823,67.02118694217407
2919.142666126848,64.41697015363668
2921.2734271970135,62.60579324336663
2923.404188267179,62.532270546552546
2925.5349493373446,58.933528777849055
2927.6657104075102,54.522567082383596
2929.796471477676,55.29454528858118
2931.9272325478414,45.58432201596581
2934.057993618007,37.499029120010256
2936.1887546881726,34.98566808541086
2938.319515758338,36.97345185249878
2940.450276828504,35.23465757103194
2942.5810378986694,35.298666871735804
2944.711798968835,40.0282722453581
2946.8425600390005,44.22486775583091
2948.973321109166,44.553864970540296
2951.1040821793317,47.53404061939983
2953.2348432494973,47.50020251252092
2955.365604319663,42.42096097380372
2957.4963653898285,39.7081052641073
2959.627126459994,39.03680377546027
2961.7578875301597,32.36682114502424
2963.8886486003253,26.800906613011648
2966.019409670491,24.225053813201544
2968.1501707406564,22.137756870356366
2970.2809318108216,27.36649524568841
2972.411692880987,38.86642649093048
2974.5424539511528,49.18457881003888
2976.6732150213184,63.99923125072358
2978.803976091484,71.16400911619093
2980.9347371616495,81.67976444853016
2983.065498231815,84.49864411387365
2985.1962593019807,83.28874750404324
2987.3270203721463,88.50023717608022
2989.457781442312,83.8710647208385
2991.5885425124775,76.6423709673687
2993.719303582643,66.48596705191368
2995.8500646528087,58.78401071225535
2997.9808257229743,49.426635260511176
3000.11158679314,38.349845972294794
3002.2423478633054,27.834951355302923
3004.373108933471,18.715876159899974
3006.5038700036366,15.612470249685078
3008.634631073802,9.356415602248127
3010.765392143968,10.524673758420645
3012.8961532141334,5.3774643435330525
3015.026914284299,5.551963998058626
3017.1576753544646,13.028197682760238
3019.28843642463,27.16099249480676
3021.4191974947958,40.8287708282071
3023.5499585649613,50.57163058569434
3025.680719635127,63.5914353255109
3027.8114807052925,75.60041194469447
3029.942241775458,80.50293901935855
3032.0730028456237,84.37881437346151
3034.2037639157893,90.18006047709449
3036.334524985955,89.62444008121224
3038.4652860561205,87.7369253576698
3040.596047126286,82.874101943123
3042.7268081964517,77.22409562224524
3044.8575692666172,71.96922737285882
3046.988330336783,65.52235947962376
3049.1190914069484,55.818867572793685
3051.249852477114,51.97477090817304
3053.3806135472796,52.94518175952662
3055.511374617445,55.619598119211766
3057.642135687611,56.65083747299216
3059.7728967577764,55.258210397467465
3061.903657827942,56.09894205269921
3064.0344188981076,53.466555850410785
3066.165179968273,51.24365040622622
3068.2959410384387,49.642432864978446
3070.4267021086043,47.25107623004899
3072.55746317877,45.558111318428026
3074.6882242489355,44.518533737803885
3076.818985319101,40.94574124196803
3078.9497463892667,39.823720894713155
3081.0805074594323,38.689475156516245
3083.211268529598,35.08021829771949
3085.3420295997635,34.38164957056944
3087.472790669929,34.42831116352832
3089.6035517400946,36.101221133159655
3091.73431281026,39.02543321653727
3093.8650738804254,37.65089367495542
3095.995834950591,40.02529090799719
3098.1265960207566,40.87845907299845
3100.257357090922,39.136431746585714
3102.3881181610877,35.36404557798529
3104.5188792312533,31.9605449861686
3106.649640301419,27.468494123297212
3108.7804013715845,22.658380661268286
3110.91116244175,22.345780214718165
3113.0419235119157,20.567976764988327
3115.1726845820813,19.93326936738993
3117.303445652247,17.205415264958297
3119.4342067224125,21.54563326111886
3121.564967792578,23.252435288871357
3123.6957288627436,23.94799022018681
3125.826489932909,28.811665026442974
3127.957251003075,28.479450603133387
3130.0880120732404,29.98770461508436
3132.218773143406,28.318069346405668
3134.3495342135716,31.612009784387755
3136.480295283737,38.66898088561129
3138.6110563539028,41.92939373231238
3140.7418174240684,41.91986423458136
3142.872578494234,44.17438017854342
3145.0033395643995,49.80677733685369
3147.134100634565,52.91715547795606
3149.2648617047307,52.921873818581076
3151.3956227748963,47.78837602844255
3153.526383845062,43.26501765358585
3155.6571449152275,39.90116498549583
3157.787905985393,35.558957144074526
3159.9186670555587,28.458902867357583
3162.0494281257243,23.804191416753547
3164.18018919589,18.238922528814687
3166.3109502660554,15.38408033797033
3168.441711336221,16.177966823797316
3170.5724724063866,17.871980954837632
3172.703233476552,16.696757469662575
3174.833994546718,22.03856267479128
3176.9647556168834,21.518848906676297
3179.095516687049,17.84705376113835
3181.2262777572146,14.077288375438872
3183.35703882738,8.617848667792078
3185.4877998975458,8.204583973502631
3187.6185609677113,5.017672102008795
3189.749322037877,4.746100867404964
3191.8800831080425,4.16638622894581
3194.010844178208,5.489635118648158
3196.1416052483737,12.728616694954088
3198.2723663185393,22.31295291534653
3200.403127388705,28.87745354444339
3202.5338884588705,31.941955271051143
3204.664649529036,37.20232910493469
3206.7954105992017,41.58114106698674
3208.9261716693672,45.715630592875044
3211.056932739533,41.08182862275864
3213.187693809698,33.808112578446924
3215.3184548798636,24.553207416849848
3217.449215950029,16.260867998505006
3219.5799770201947,3.0490808664583766
3221.7107380903603,7.51952019129676
3223.841499160526,18.757773199545195
3225.9722602306915,27.630896696560942
3228.103021300857,37.29521035617613
3230.2337823710227,45.539070010505604
3232.3645434411883,55.69256687297238
3234.495304511354,56.997957813638244
3236.6260655815195,58.487922311736575
3238.756826651685,55.97738818540709
3240.8875877218507,55.22304300944597
3243.0183487920162,51.14044237474278
3245.149109862182,45.4271677435905
3247.2798709323474,38.05570231441558
3249.410632002513,30.431708880786022
3251.5413930726786,21.703109904795767
3253.672154142844,19.711957321803315
3255.80291521301,20.163941441155274
3257.9336762831754,20.683153389676487
3260.064437353341,24.415292972278873
3262.1951984235066,30.31345218549368
3264.325959493672,34.60415625083684
3266.4567205638377,34.5542302610844
3268.5874816340033,33.46806482801707
3270.718242704169,30.913552247186523
3272.8490037743345,31.823809800093546
3274.9797648445,27.122051660989506
3277.1105259146657,20.278464038608586
3279.2412869848313,14.36665914348077
3281.372048054997,16.25371340817494
3283.5028091251625,15.942768874159233
3285.633570195328,14.32372742724317
3287.7643312654936,12.453887672524703
3289.8950923356592,12.320068425862829
3292.025853405825,9.485183196776292
3294.1566144759904,6.767458888735508
3296.287375546156,3.5230797033350334
3298.4181366163216,4.850083637907926
3300.548897686487,6.151764152316892
3302.6796587566528,5.985927261903529
3304.8104198268184,6.401557291828155
3306.941180896984,5.428123538252363
3309.0719419671495,6.1968841988012295
3311.202703037315,9.274725496838432
3313.3334641074807,13.696057099000887
3315.4642251776463,16.292385622053374
3317.594986247812,17.13905113998849
3319.7257473179775,17.858032566290564
3321.856508388143,18.4574881207637
3323.9872694583087,22.063801067590486
3326.1180305284743,26.139833331307443
3328.24879159864,26.178635977021017
3330.3795526688054,27.08689108562809
3332.510313738971,23.66465962694412
3334.641074809136,21.177978350471353
3336.7718358793018,22.143398336026973
3338.9025969494674,22.23362559785077
3341.033358019633,17.270256753741112
3343.1641190897985,9.358795132539209
3345.294880159964,9.32298791079132
3347.4256412301297,10.894782360944482
3349.5564023002953,13.45750579348154
3351.687163370461,9.948322667204739
3353.8179244406265,4.5755105632565325
3355.948685510792,2.7189996638345026
3358.0794465809577,4.313052955113419
3360.2102076511233,7.24539032728251
3362.340968721289,13.119086406184238
3364.4717297914544,18.563390753854726
3366.60249086162,16.95923157805756
3368.7332519317856,18.766505110846445
3370.864013001951,19.56857521543691
3372.994774072117,19.727998760604947
3375.1255351422824,22.584608731555235
3377.256296212448,25.08221420973759
3379.3870572826136,28.249024756704205
3381.517818352779,33.63798954752178
3383.6485794229447,32.67808108070558
3385.7793404931103,33.791638988563115
3387.910101563276,33.00153597443278
3390.0408626334415,31.03542719310404
3392.171623703607,25.19275137540985
3394.3023847737727,21.0852381805862
3396.4331458439383,18.019573857704227
3398.563906914104,10.15251323061527
3400.6946679842695,3.2073887946341912
3402.825429054435,6.691536380249357
3404.9561901246007,14.449077674564927
3407.0869511947662,18.972446352467998
3409.217712264932,27.840294601098538
3411.3484733350974,32.75304311055776
3413.479234405263,38.12663099613292
3415.6099954754286,43.36251126144136
3417.740756545594,45.998165183053814
3419.87151761576,47.24891312282184
3422.0022786859254,43.25628061790651
3424.133039756091,38.59428736338391
3426.2638008262566,35.377979747310505
3428.394561896422,35.645063781000026
3430.5253229665877,36.63255504986353
3432.6560840367533,33.02530176828156
3434.786845106919,31.016051702588136
3436.9176061770845,29.455304169597753
3439.04836724725,24.107964370421342
3441.1791283174157,23.22669124786122
3443.3098893875813,19.50979525984341
3445.440650457747,19.16611501725026
3447.5714115279125,12.842622210388079
3449.702172598078,9.446947712194651
3451.8329336682436,8.47072003609518
3453.9636947384092,7.61741841282825
3456.0944558085744,6.882157279006999
3458.22521687874,11.792383408181015
3460.3559779489055,17.25258010208002
3462.486739019071,19.71439888447915
3464.6175000892367,19.44714431126146
3466.7482611594023,20.345967544817096
3468.879022229568,19.73641235709611
3471.0097832997335,19.17462814022408
3473.140544369899,19.925436880609993
3475.2713054400647,20.07801926647388
3477.4020665102303,19.45896873126392
3479.532827580396,18.51732331071041
3481.6635886505615,18.645159240515376
3483.794349720727,21.11887071902556
3485.9251107908926,22.142366253673714
3488.055871861058,24.04293858780274
3490.186632931224,27.37913666945535
3492.3173940013894,26.767198304501566
3494.448155071555,28.50426029204142
3496.5789161417206,31.640975125676174
3498.709677211886,34.72476523534013
3500.8404382820518,38.950441621726846
3502.9711993522174,37.97128414565652
3505.101960422383,37.888038534057145
3507.2327214925485,36.96912983665045
3509.363482562714,32.992120270546906
3511.4942436328797,30.4164597538098
3513.6250047030453,29.03130564756564
3515.755765773211,32.5225281108573
3517.8865268433765,33.49591455893284
3520.017287913542,31.835924195134194
3522.1480489837077,31.738359301090757
3524.2788100538733,31.177864786056652
3526.409571124039,34.037530796024434
3528.5403321942044,34.94478567593698
3530.67109326437,35.49246489638399
3532.8018543345356,37.05616205551338
3534.932615404701,42.3525423403995
3537.063376474867,43.36285488431161
3539.1941375450324,46.5968768115613
3541.324898615198,45.71033468524411
3543.4556596853636,44.907967084855485
3545.586420755529,46.88857457772052
3547.7171818256948,48.65542974638632
3549.8479428958603,45.52579435777512
3551.978703966026,41.302112565407036
3554.1094650361915,42.78294862847926
3556.240226106357,48.05238658772958
3558.3709871765227,45.394017599454536
3560.5017482466883,45.83161294732806
3562.632509316854,48.7540172791475
3564.7632703870195,53.05661672649796
3566.894031457185,52.01441991536496
3569.0247925273507,52.047011958658636
3571.1555535975162,49.64813353977442
3573.286314667682,47.69493644604126
3575.4170757378474,44.89719702921515
3577.5478368080126,41.69068245001037
3579.678597878178,42.48305538084595
3581.8093589483437,43.9322435248057
3583.9401200185093,46.38799663911543
3586.070881088675,46.24683677801346
3588.2016421588405,43.7476499216302
3590.332403229006,44.37663555146489
3592.4631642991717,44.67139206158876
3594.5939253693373,41.99634438858727
3596.724686439503,37.8978890354965
3598.8554475096685,30.996860674611447
3600.986208579834,27.344376896792816
3603.1169696499996,23.955160644316102
3605.2477307201652,22.5122629386411
3607.378491790331,21.759705857810943
3609.5092528604964,22.146474583374534
3611.640013930662,21.102805507374498
3613.7707750008276,20.387964106621137
3615.901536070993,24.38125799803524
3618.032297141159,21.02684541953582
3620.1630582113244,16.394797099568862
3622.29381928149,14.08161284587947
3624.4245803516555,9.303859929516955
3626.555341421821,2.1894210671949996
3628.6861024919867,7.294751645379717
3630.8168635621523,14.333834342554244
3632.947624632318,12.237043190047894
3635.0783857024835,18.437055820045522
3637.209146772649,23.61869738292086
3639.3399078428147,27.537989589206433
3641.4706689129803,29.18771833979519
3643.601429983146,29.17260506150578
3645.7321910533115,28.43373888298468
3647.862952123477,31.95949045985206
3649.9937131936426,31.572321870526785
3652.124474263808,31.282658154788624
3654.255235333974,29.889931758177802
3656.3859964041394,25.886356803390935
3658.516757474305,24.667012340641435
3660.6475185444706,30.882169027431196
3662.778279614636,32.88663753578927
3664.9090406848018,38.67516157871543
3667.0398017549674,40.905206536113575
3669.170562825133,41.640799582714195
3671.3013238952985,42.14070711479393
3673.432084965464,41.31777615058164
3675.5628460356297,38.57905019599063
3677.6936071057953,34.93759429053641
3679.824368175961,31.35164346057998
3681.9551292461265,26.658290432993535
3684.085890316292,23.25768279855923
3686.2166513864577,21.587835392524013
3688.3474124566233,21.395306598915
3690.478173526789,20.149692898483465
3692.6089345969544,20.388388048789928
3694.73969566712,20.09024531732371
3696.8704567372856,20.35664594534673
3699.0012178074508,22.826098258120876
3701.1319788776163,25.177409879058594
3703.262739947782,29.81613687920312
3705.3935010179475,37.34630711134326
3707.524262088113,40.55084021235109
3709.6550231582787,43.979675714606834
3711.7857842284443,49.21841344242564
3713.91654529861,49.661371342052746
3716.0473063687755,49.103434866654624
3718.178067438941,48.51514537411015
3720.3088285091067,48.77706262500805
3722.4395895792723,44.75076097636907
3724.570350649438,37.40783034127546
3726.7011117196034,26.684834777234105
3728.831872789769,20.85770533531143
3730.9626338599346,14.287021937574266
3733.0933949301,10.62582349624369
3735.224156000266,7.925172898665643
3737.3549170704314,7.523967987772546
3739.485678140597,10.128761052710825
3741.6164392107626,12.897158918491481
3743.747200280928,15.566461824609306
3745.8779613510937,17.11224799081995
3748.0087224212593,19.746622422130617
3750.139483491425,18.190183405178285
3752.2702445615905,17.071058128801187
3754.401005631756,16.385562105941116
3756.5317667019217,13.20768063040297
3758.6625277720873,11.738036795960188
3760.793288842253,10.273562730649068
3762.9240499124185,7.786598553499978
3765.054810982584,8.230661877673912
3767.1855720527496,9.677415621317115
3769.3163331229152,9.45040728198388
3771.447094193081,11.357637056918184
3773.5778552632464,12.840225698567911
3775.708616333412,12.645975081568581
3777.8393774035776,15.965387854072917
3779.970138473743,17.588469950888808
3782.100899543909,14.64497042737152
3784.2316606140744,12.226071364938553
3786.36242168424,11.73031118606412
3788.4931827544056,12.004665051203702
3790.623943824571,14.8179559958133
3792.7547048947367,18.160929034337776
3794.8854659649023,19.800252477503765
3797.016227035068,17.972326013157925
3799.1469881052335,19.62919480328363
3801.277749175399,21.227880554630875
3803.4085102455647,19.78652088036039
3805.5392713157303,21.180725841079298
3807.670032385896,19.22684110226497
3809.8007934560615,14.443420391376955
3811.931554526227,12.086748048948243
3814.0623155963926,10.531676445934764
3816.193076666558,8.32695147498164
3818.3238377367234,11.569596146136313
3820.454598806889,11.679412592584677
3822.5853598770545,9.796486467399651
3824.71612094722,9.256846241446194
3826.8468820173857,8.273757502126516
3828.9776430875513,8.755030544943546
3831.108404157717,13.632265228732145
3833.2391652278825,15.023086722111717
3835.369926298048,14.525959171387235
3837.5006873682137,13.64178191288644
3839.6314484383793,17.708590488133574
3841.762209508545,20.70615645884553
3843.8929705787104,22.434340623748735
3846.023731648876,21.471610883348855
3848.1544927190416,19.98117492708465
3850.285253789207,20.326856746133238
3852.416014859373,23.878185554021123
3854.5467759295384,24.632223602896985
3856.677536999704,20.59479400052742
3858.8082980698696,20.739434645358916
3860.939059140035,24.458489685895938
3863.0698202102008,29.12551993843035
3865.2005812803664,30.77485787940425
3867.331342350532,29.42540587837996
3869.4621034206975,29.058831717097775
3871.592864490863,26.437633973092982
3873.7236255610287,26.091432804741473
3875.8543866311943,23.753677566464642
3877.98514770136,23.09542672538258
3880.1159087715255,22.16970822687851
3882.246669841691,22.29014054649259
3884.3774309118567,23.136904901625808
3886.5081919820223,20.66254692062141
3888.638953052188,23.408736662576263
3890.7697141223534,30.13826620863932
3892.900475192519,38.559436190570736
3895.0312362626846,41.01576680671724
3897.16199733285,41.538391780155024
3899.292758403016,41.76656990065558
3901.4235194731814,43.456753392526934
3903.554280543347,42.09699883145114
3905.6850416135126,41.38391415898435
3907.815802683678,38.661188404920786
3909.9465637538437,33.03221367442845
3912.0773248240093,28.608866528580005
3914.208085894175,27.792564952057567
3916.3388469643405,23.895496861334752
3918.469608034506,18.787475799587668
3920.6003691046717,13.513163423323709
3922.7311301748373,5.761262231308866
3924.861891245003,3.256360044766347
3926.9926523151685,4.737771165467679
3929.123413385334,7.14023720756129
3931.2541744554997,8.935431323581083
3933.3849355256652,12.10708460084822
3935.515696595831,14.269105079078432
3937.6464576659964,13.830505376674092
3939.7772187361616,9.367159662470732
3941.907979806327,7.197942051525445
3944.0387408764927,9.09020558661579
3946.1695019466583,11.207563496428541
3948.300263016824,12.408624233226087
3950.4310240869895,12.609616275306138
3952.561785157155,13.185822736275416
3954.6925462273207,13.503883843691987
3956.8233072974863,16.433482845975423
3958.954068367652,18.98238858489246
3961.0848294378175,23.142417498483482
3963.215590507983,26.086539588182355
3965.3463515781486,29.93904426976928
3967.4771126483142,34.04821801949791
3969.60787371848,34.39848860043739
3971.7386347886454,35.77986362740659
3973.869395858811,35.60328397217527
3976.0001569289766,35.31153987011767
3978.130917999142,33.785283333035125
3980.261679069308,29.739884270469265
3982.3924401394734,24.809809307090408
3984.523201209639,20.704018498610203
3986.6539622798045,18.956048861196354
3988.78472334997,17.691842355254632
3990.9154844201357,17.92751043112757
3993.0462454903013,18.19677340170823
3995.177006560467,19.634459833319088
3997.3077676306325,21.2568067843724
3999.438528700798,25.2856165983093
4001.5692897709637,26.863573306277264
4003.7000508411293,29.011283592786548
4005.830811911295,28.864291237801552
4007.9615729814604,31.10371250563029
4010.092334051626,31.27536174053437
4012.2230951217916,29.266161414074734
4014.353856191957,31.423405018714377
4016.484617262123,27.157792568055694
4018.6153783322884,26.048684414532552
4020.746139402454,24.32752452276126
4022.8769004726196,21.455934742572897
4025.007661542785,17.325635055718585
4027.1384226129508,10.68324995682654
4029.2691836831164,4.662200307269915
4031.399944753282,6.462790905638828
4033.5307058234475,11.055608308810731
4035.661466893613,18.779505113069614
4037.7922279637787,27.205583301252506
4039.9229890339443,33.335527632070765
4042.05375010411,39.80952199317764
4044.1845111742755,43.39921127856919
4046.315272244441,47.59395618305189
4048.4460333146067,50.352311291453546
4050.5767943847723,50.255105111898686
4052.707555454938,50.058219291858144
4054.8383165251034,47.70595948637793
4056.969077595269,45.523787666485674
4059.0998386654346,45.316436380272364
4061.2305997355998,40.848856468061264
4063.3613608057653,38.428559818955065
4065.492121875931,32.286788928598234
4067.6228829460965,25.123224069829245
4069.753644016262,18.190946702437788
4071.8844050864277,13.91656110949497
4074.0151661565933,10.739991121875562
4076.145927226759,4.459446735698859
4078.2766882969245,4.095514441217377
4080.40744936709,12.38687330721521
4082.5382104372557,20.019908100306413
4084.6689715074212,24.773827393765806
4086.799732577587,32.692202843625005
4088.9304936477524,41.72408130250117
4091.061254717918,46.63789079551834
4093.1920157880836,54.86293649527211
4095.322776858249,62.84018083002631
4097.453537928415,68.69475828352597
4099.58429899858,70.77622248149996
4101.715060068746,74.65025230667413
4103.845821138912,73.242029459279
4105.976582209078,70.6026877071846
4108.107343279243,71.49125433401022
4110.238104349409,69.47850368778263
4112.368865419574,65.76901908240153
4114.49962648974,60.73144567481901
4116.630387559905,55.62913986137608
4118.761148630071,47.823421047494
4120.891909700236,41.07162297610051
4123.022670770401,38.1170052072736
4125.1534318405675,33.67172026329642
4127.284192910733,30.384827372982752
4129.414953980899,28.03905367711679
4131.545715051064,28.609635181048453
4133.67647612123,33.81579977555892
4135.807237191395,33.50931416043693
4137.937998261561,30.974410595965292
4140.068759331726,32.16845565800923
4142.199520401892,30.095307290888236
4144.330281472057,31.192400751169018
4146.461042542223,27.429927476395648
4148.5918036123885,25.282976201920924
4150.722564682555,23.724671767580695
4152.85332575272,21.06556987401934
4154.984086822886,21.290510342852983
4157.114847893051,23.997488990548643
4159.245608963217,26.666496900094536
4161.376370033382,31.15040703491044
4163.507131103548,32.86373297247654
4165.637892173713,32.32093083141314
4167.768653243879,33.62232542738294
4169.899414314044,34.41625334625906
4172.03017538421,35.63540548665969
4174.160936454376,39.32992580259918
4176.291697524542,42.28899685388034
4178.422458594707,41.729855891208736
4180.553219664873,44.83463100903718
4182.683980735038,44.00949705082725
4184.814741805204,41.48347673466244
4186.945502875369,37.62645383127561
4189.076263945535,35.26407068093767
4191.2070250157,32.5506611884303
4193.337786085866,27.967241993610642
4195.4685471560315,22.61126327549293
4197.5993082261975,17.569064981299327
4199.730069296363,13.030711028574606
4201.860830366529,10.013704861476397
4203.991591436694,6.815052750008272
4206.12235250686,3.689144376362972
4208.253113577025,5.2157157081134295
4210.383874647191,5.85659955549696
4212.514635717356,7.595290936103483
4214.645396787522,6.585035410753731
4216.776157857687,11.940103860873428
4218.906918927853,12.050508060731337
4221.037679998019,12.359673407197109
4223.168441068185,8.470247261782513
4225.29920213835,8.153808761019688
4227.429963208516,7.645583469418403
4229.560724278681,12.53639811511654
4231.691485348847,13.727368315362359
4233.822246419012,16.420632766822628
4235.953007489178,18.57219125548625
4238.083768559343,23.74930156759208
4240.214529629509,26.842449978148686
4242.3452906996745,28.5977867989481
4244.47605176984,28.780889628580923
4246.606812840006,30.89688591187957
4248.737573910171,30.483701497073525
4250.868334980337,29.682369936193084
4252.999096050502,29.808455953453706
4255.129857120668,29.0494965751771
4257.260618190833,28.10831773827678
4259.391379260999,30.168189147324856
4261.522140331164,29.403015823427985
4263.65290140133,29.733799978452407
4265.7836624714955,31.899071529055046
4267.914423541662,36.898144630895246
4270.045184611827,40.61330140882606
4272.175945681993,45.317263615583975
4274.306706752158,47.91487056186163
4276.437467822324,49.91878174444313
4278.568228892489,51.39516483270956
4280.698989962655,53.04866158103972
4282.82975103282,53.90246886865278
4284.960512102986,56.373428960081455
4287.091273173151,56.673947114488264
4289.2220342433175,54.054812255268274
4291.352795313483,54.0882191643717
4293.483556383649,51.33671415937615
4295.614317453814,46.75699532479527
4297.74507852398,40.82398472707288
4299.875839594145,35.508804045952985
4302.006600664311,33.14802632999834
4304.137361734476,31.63575300974547
4306.268122804642,31.39084621340446
4308.398883874807,30.11965263957473
4310.529644944973,29.81471617734112
4312.6604060151385,28.615088662533225
4314.791167085305,27.756664741522933
4316.92192815547,29.854834500915295
4319.052689225636,29.9025262264644
4321.183450295801,29.79600026452741
4323.314211365967,34.137951286126395
4325.444972436132,36.78626350172861
4327.575733506298,39.97697521780635
4329.706494576463,42.05436945767775
4331.837255646629,44.459135353580045
4333.968016716794,44.009209938037635
4336.09877778696,43.8676307440781
4338.229538857126,47.8791359828469
4340.360299927292,49.794750263179445
4342.491060997457,47.55289785903166
4344.621822067623,44.82080408270098
4346.752583137788,41.72933104973836
4348.883344207954,39.22550239500245
4351.014105278119,37.686778979281165
4353.144866348285,34.35081709316772
4355.27562741845,29.293251164074153
4357.406388488616,21.439414248226655
4359.5371495587815,16.598904688519312
4361.6679106289475,12.915875620641906
4363.798671699113,12.315929018535188
4365.929432769278,17.222900370844126
4368.060193839444,25.65228302798943
4370.190954909609,32.68737707296933
4372.321715979775,38.893964747108825
4374.45247704994,44.88565358602527
4376.583238120106,46.94105787154662
4378.713999190271,47.103532622594585
4380.844760260437,48.901222976649194
4382.9755213306025,52.55845238361667
4385.106282400769,56.059649748215065
4387.237043470934,55.86649321469455
4389.3678045411,54.341757285278526
4391.498565611265,53.76914105873481
4393.629326681431,52.51014962158108
4395.760087751596,49.38503484885038
4397.890848821762,46.53304225242424
4400.021609891927,45.672479594470516
4402.152370962093,45.709148689862815
4404.283132032258,46.43188735270434
4406.4138931024245,47.801113487035714
4408.54465417259,46.45475604349757
4410.675415242756,46.44312154835101
4412.806176312921,46.18836537932695
4414.936937383087,43.77530240198613
4417.067698453252,40.186154903334256
4419.198459523418,34.275989039884365
4421.329220593583,28.42123422487787
4423.459981663749,23.998128011268857
4425.590742733914,18.181821908131013
4427.72150380408,14.127654647698357
4429.8522648742455,7.452783740850982
4431.983025944412,5.653974832837517
4434.113787014577,12.094394484206989
4436.244548084743,15.131399652963037
4438.375309154908,18.25905595077664
4440.506070225074,25.367377905849988
4442.636831295239,34.26040347976815
4444.767592365405,40.0711885352638
4446.89835343557,44.15739107738629
4449.029114505736,45.98839003383645
4451.159875575901,46.99723263972962
4453.2906366460675,46.36822729697226
4455.421397716233,48.13774618569852
4457.552158786399,50.08464827309778
4459.682919856564,48.582458727636016
4461.81368092673,44.03968333522696
4463.944441996895,40.77600506281938
4466.075203067061,39.17714040719167
4468.205964137226,38.81101234453404
4470.336725207392,38.2319828851295
4472.467486277557,39.69043871000978
4474.598247347723,40.590101877795675
4476.7290084178885,39.07960527415181
4478.859769488055,40.95931093860223
4480.99053055822,43.49694484638436
4483.121291628386,43.4825716279759
4485.252052698551,44.297110710820654
4487.382813768716,42.03675247403747
4489.513574838882,37.163075731809016
4491.644335909047,34.95334885941672
4493.775096979213,32.77618691516009
4495.905858049378,29.694372882436923
4498.036619119544,26.0954855273582
4500.16738018971,19.449314225565285
4502.298141259876,13.905302520927775
4504.428902330041,14.461822678216736
4506.559663400207,16.5133894670176
4508.690424470372,19.47468977262384
4510.821185540538,20.765499756608826
4512.951946610703,23.188922243335714
4515.082707680869,25.08790416827495
4517.213468751034,25.1705203287195
4519.3442298212,25.151999113944978
4521.474990891365,26.75149253516735
4523.6057519615315,26.98832550352832
4525.736513031697,25.914004919061544
4527.867274101863,27.389598558685528
4529.998035172028,24.78404949854447
4532.128796242194,24.201493016061974
4534.259557312359,27.548693413376373
4536.390318382525,29.92819330127026
4538.52107945269,32.90343323138224
4540.651840522856,31.7292868549171
4542.782601593021,29.837003858893304
4544.913362663187,29.692281909892206
4547.0441237333525,27.493354335173997
4549.174884803519,24.3664719463228
4551.305645873684,20.157275480996763
4553.43640694385,21.094964214870867
4555.567168014015,23.15314674637742
4557.697929084181,25.70725578377294
4559.828690154346,26.418751157736153
4561.959451224512,26.178900960536875
4564.090212294677,25.49259183823446
4566.220973364843,25.24248907977389
4568.351734435008,25.838845464281487
4570.4824955051745,28.369490547858614
4572.61325657534,27.845144733041852
4574.744017645506,22.410169789647675
4576.874778715671,22.723053069002432
4579.005539785837,22.034990980080778
4581.136300856002,23.318187449393232
4583.267061926168,24.684272969074815
4585.397822996333,26.55869279245885
4587.528584066499,27.59702953666425
4589.659345136664,25.107755175955337
4591.79010620683,26.934369971246117
4593.9208672769955,27.760775899736085
4596.051628347162,26.599822621863442
4598.182389417327,24.716629487000066
4600.313150487493,25.881656653461196
4602.443911557658,24.046510795024215
4604.574672627824,22.54003863929051
4606.705433697989,20.24757974182462
4608.836194768154,20.276224333886084
4610.96695583832,20.046131043678773
4613.097716908485,20.78717756705575
4615.228477978651,22.40416127472489
4617.359239048817,22.449114089857233
4619.490000118983,20.69945192934044
4621.620761189148,18.139165378104952
4623.751522259314,17.577407086176223
4625.882283329479,14.84192624533991
4628.013044399645,11.13911339667352
4630.14380546981,7.355343719962824
4632.274566539976,5.083326522773788
4634.405327610141,2.46005950438061
4636.536088680307,3.594608671735899
4638.6668497504725,6.773298520769871
4640.7976108206385,12.076680201567411
4642.928371890804,15.102851074057892
4645.05913296097,14.843051688304701
4647.189894031135,10.890114449095915
4649.320655101301,11.518088632538062
4651.451416171466,13.710411158388622
4653.582177241632,13.942382242145454
4655.712938311797,13.269945698749378
4657.843699381963,14.300826744001188
4659.974460452128,13.164883425218676
4662.105221522294,14.229771186184667
4664.23598259246,17.628637441487985
4666.366743662626,19.985131652156696
4668.497504732791,20.170000507701022
4670.628265802957,21.143063324009056
4672.759026873122,19.36717367558376
4674.889787943288,18.083249744375557
4677.020549013453,16.80235528241498
4679.151310083619,17.91826102716145
4681.282071153784,17.27479589556982
4683.41283222395,15.289319383608092
4685.543593294115,13.993669403113426
4687.6743543642815,12.952174170806764
4689.805115434447,13.178184499786298
4691.935876504613,12.325220066639664
4694.066637574778,12.951969910010769
4696.197398644944,12.616300913797623
4698.328159715109,9.91123483760819
4700.458920785275,10.927811654109844
4702.58968185544,15.326747671499852
4704.720442925606,15.511188996456818
4706.851203995771,14.92825391112022
4708.981965065937,18.087172921376823
4711.1127261361025,20.06155114222952
4713.243487206269,22.138145217873344
4715.374248276434,25.401852901471507
4717.5050093466,27.053660610547286
4719.635770416765,28.12413203131024
4721.766531486931,29.26508862767089
4723.897292557096,27.874726801410922
4726.028053627262,28.77026314864956
4728.158814697427,27.9308266295269
4730.289575767592,27.31737370729295
4732.420336837758,25.355137669851086
4734.551097907924,23.703417316189483
4736.68185897809,20.357550481693274
4738.812620048255,15.28546281687392
4740.943381118421,10.291052567250228
4743.074142188586,8.514967798742713
4745.204903258752,11.781624708913872
4747.335664328917,11.672634766140533
4749.466425399083,16.244665403361203
4751.597186469248,20.378291037581835
4753.727947539414,22.408882720168013
4755.8587086095795,27.726785808499375
4757.9894696797455,28.136404079820657
4760.120230749911,29.294608104460195
4762.250991820077,31.50661791145241
4764.381752890242,31.232785006750714
4766.512513960408,30.595664089908574
4768.643275030573,30.405737969617203
4770.774036100739,28.82641795275137
4772.904797170904,27.46103697066955
4775.03555824107,28.692046614606213
4777.166319311235,28.212373389244437
4779.297080381401,28.360930303664926
4781.427841451567,27.717594206266984
4783.558602521733,26.133862144905496
4785.689363591898,24.072460255600568
4787.820124662064,23.674753280249835
4789.950885732229,20.123212520011407
4792.081646802395,21.287492413321548
4794.21240787256,18.992107271647928
4796.343168942726,17.466213090319272
4798.473930012891,15.677252989339431
4800.604691083057,15.792180518827616
4802.7354521532225,15.469157852248838
4804.8662132233885,12.343207932416146
4806.996974293554,10.118106873516616
4809.12773536372,7.073952111302112
4811.258496433885,4.440212311371713
4813.389257504051,1.415798712867628
4815.520018574216,3.739445882219346
4817.650779644382,8.263395687315253
4819.781540714547,10.702012210925547
4821.912301784713,13.718260171023203
4824.043062854878,16.101705062965493
4826.173823925044,18.38936095595067
4828.30458499521,19.241449370084858
4830.435346065376,19.30933228214877
4832.566107135541,21.495981923615513
4834.696868205707,20.39083033761823
4836.827629275872,20.062444123280276
4838.958390346038,17.20650722677832
4841.089151416203,13.8903305823153
4843.219912486369,13.225329034145592
4845.350673556534,14.060970140031197
4847.4814346267,15.382203549900439
4849.6121956968655,16.58053521482497
4851.742956767031,19.421092191193008
4853.873717837197,19.42436698729027
4856.004478907362,18.488632373601384
4858.135239977528,17.92358862227133
4860.266001047693,16.11821110272725
4862.396762117859,12.846315743775744
4864.527523188024,9.508213143847025
4866.65828425819,9.986354905012684
4868.789045328355,8.399141692773503
4870.919806398521,7.365799917603969
4873.0505674686865,9.28504276848149
4875.1813285388525,12.183347202763095
4877.312089609018,15.331038446982678
4879.442850679184,16.802732495431236
4881.573611749349,19.985673278051333
4883.704372819515,22.639018158376686
4885.83513388968,23.78236450639427
4887.965894959846,26.427155873384994
4890.096656030011,28.595831478621932
4892.227417100177,29.26510279712479
4894.358178170342,27.154274177058806
4896.488939240508,25.721260904197663
4898.619700310674,24.4390821176185
4900.75046138084,24.27668600021918
4902.881222451005,22.653936770403483
4905.011983521171,20.077929892185054
4907.142744591336,19.907086782293078
4909.273505661502,18.685708261701407
4911.404266731667,21.39574876920706
4913.535027801833,23.611160374472476
4915.665788871998,24.914383216690865
4917.796549942164,24.923355307716673
4919.9273110123295,23.860968730323652
4922.0580720824955,24.176434317305404
4924.188833152661,25.060047409040955
4926.319594222827,26.27528821831154
4928.450355292992,23.730190534663567
4930.581116363158,24.36638224500699
4932.711877433323,24.591011872675995
4934.842638503489,23.92427592617354
4936.973399573654,25.66483595260648
4939.10416064382,24.917948933590804
4941.234921713985,25.185078753331105
4943.365682784151,22.923809646819578
4945.496443854317,23.72584527338691
4947.627204924483,23.04785800064187
4949.757965994648,23.3049672537242
4951.888727064814,22.573609551038352
4954.019488134979,20.12211740501151
4956.150249205145,20.76291983350813
4958.28101027531,19.770735751596998
4960.411771345476,20.263003257775598
4962.542532415641,20.923164940705338
4964.673293485807,21.140503552251182
4966.8040545559725,20.36675754318251
4968.9348156261385,19.955983894729748
4971.065576696304,18.6706248093046
4973.196337766469,18.115723935055943
4975.327098836635,17.67026098613821
4977.4578599068,15.021684728525544
4979.588620976966,12.762116575264157
4981.719382047131,12.495161443453236
4983.850143117297,12.17274906974558
4985.980904187462,9.549587259482077
4988.111665257628,8.469986913258538
4990.2424263277935,8.134017469501778
4992.37318739796,10.12303729499295
4994.503948468125,10.559649263686232
4996.634709538291,11.719467721267002
4998.765470608456,13.299464296336929
5000.896231678622,13.307137203989674
5003.026992748787,13.532727494729794
5005.157753818953,14.679451427215733
5007.288514889118,15.849099228747665
5009.419275959284,15.275663958171522
5011.550037029449,15.089095522967874
5013.6807980996155,14.562440884408435
5015.811559169781,18.115176856738717
5017.942320239947,21.840160221066338
5020.073081310112,23.90473322529643
5022.203842380278,25.33742952014782
5024.334603450443,28.585193343073858
5026.465364520609,33.92963139101444
5028.596125590774,38.69274686594321
5030.72688666094,40.99852901255519
5032.857647731105,41.46446476674862
5034.988408801271,39.332850939310106
5037.1191698714365,39.82876435622675
5039.2499309416025,40.79170026994446
5041.380692011768,38.330987817473954
5043.511453081934,36.83725785384599
5045.642214152099,34.03823594442218
5047.772975222265,32.16060680289398
5049.90373629243,27.049915065902347
5052.034497362596,23.457085652786407
5054.165258432761,20.938444727857522
5056.296019502927,19.80855239324911
5058.426780573092,19.167143861623913
5060.557541643258,16.944433890931197
5062.688302713424,13.781205011085737
5064.81906378359,11.397306733033737
5066.949824853755,8.304977324274413
5069.080585923921,5.975680805332926
5071.211346994086,3.223661092164181
5073.342108064252,1.742651882893661
5075.472869134417,3.0338776761550026
5077.603630204583,6.949437987130849
5079.734391274748,8.5356206107629
5081.865152344914,9.351917419667352
5083.9959134150795,8.925755597129067
5086.1266744852455,6.276878546745004
5088.257435555411,4.606970121794782
5090.388196625577,6.507243037028798
5092.518957695742,6.122828199290096
5094.649718765907,4.771940940493222
5096.780479836073,4.195181093122331
5098.911240906238,5.113151443282777
5101.042001976404,8.30230830462526
5103.172763046569,11.909761321493566
5105.303524116735,12.458595648214251
5107.4342851869005,9.927965202419308
5109.565046257067,8.894208299711734
5111.695807327232,10.979537361607562
5113.826568397398,11.063836473397018
5115.957329467563,12.376405068451021
5118.088090537729,13.721499410379952
5120.218851607894,14.196645897526393
5122.34961267806,17.700828785849385
5124.480373748225,22.578199196766143
5126.611134818391,25.142700723004207
5128.741895888556,21.946160491545044
5130.8726569587225,18.735375281420186
5133.003418028888,16.704330439001097
5135.134179099054,14.631070438829333
5137.264940169219,12.35229061549958
5139.395701239385,12.268325633692077
5141.52646230955,10.742361461513216
5143.657223379716,10.525745008560095
5145.787984449881,5.424358939368149
5147.918745520047,5.804478160497609
5150.049506590212,3.8246069912344662
5152.180267660378,4.243938711927931
5154.3110287305435,4.525250155438909
5156.44178980071,4.747825967023759
5158.572550870875,6.406063718159612
5160.703311941041,6.420627437147851
5162.834073011206,5.65141890466737
5164.964834081372,6.558134374000751
5167.095595151537,9.117946507531094
5169.226356221703,11.561611455721556
5171.357117291868,13.80990597367059
5173.487878362034,16.484361161677924
5175.618639432199,17.69019294821768
5177.7494005023655,16.897717440695086
5179.880161572531,17.081118879546132
5182.010922642697,16.44232677992233
5184.141683712862,14.433259845761222
5186.272444783028,12.108855167738305
5188.403205853193,10.678292634957721
5190.533966923359,7.835655604078676
5192.664727993524,6.101533166408616
5194.79548906369,4.110955301428728
5196.926250133855,4.7761775280428855
5199.057011204021,8.20946245020462
5201.1877722741865,12.25767546499421
5203.3185333443525,14.301830405893378
5205.449294414518,16.151456410264323
5207.580055484684,17.533655475195015
5209.710816554849,18.67367605871567
5211.841577625015,20.703553818418587
5213.97233869518,22.537313486791575
5216.103099765345,24.804362005136742
5218.233860835511,25.8848517564063
5220.364621905676,27.310470388313366
5222.495382975842,26.91275934761312
5224.6261440460075,26.55674977075814
5226.756905116174,27.07757025781575
5228.887666186339,26.804625339539754
5231.018427256505,24.44699010913632
5233.14918832667,21.363317190862606
5235.279949396836,18.82108808383908
5237.410710467001,16.430899578481434
5239.541471537167,14.852076090732021
5241.672232607332,11.512087750024369
5243.802993677498,10.559650306618092
5245.933754747663,8.704032393899869
5248.0645158178295,7.328634622653303
5250.195276887995,7.7404912764247
5252.326037958161,10.292149598031344
5254.456799028326,12.978029698750529
5256.587560098492,12.336957484103367
5258.718321168657,12.96473893196566
5260.849082238823,11.401031793248288
5262.979843308988,11.369156118052587
5265.110604379154,12.63625362287713
5267.241365449319,16.076401521689363
5269.372126519485,16.639294074316737
5271.5028875896505,17.211840763748
5273.633648659817,17.537670252817833
5275.764409729982,19.792220113822346
5277.895170800148,20.94728212726561
5280.025931870313,23.862006272941738
5282.156692940479,25.572571378146115
5284.287454010644,27.00000238061416
5286.41821508081,25.53557411319504
5288.548976150975,23.500695376690235
5290.679737221141,21.837124718024047
5292.810498291306,24.538355455610805
5294.9412593614725,26.771210958225634
5297.072020431638,28.941771515530505
5299.202781501804,27.627768687108574
5301.333542571969,26.22016925256614
5303.464303642135,28.156705409078764
5305.5950647123,29.93746369161964
5307.725825782466,33.057787043010734
5309.856586852631,34.88817524354229
5311.987347922797,36.65635891001924
5314.118108992962,35.02472638238511
5316.248870063128,37.78337531053862
5318.3796311332935,40.985832371963475
5320.51039220346,42.00269475933817
5322.641153273625,42.011002883006356
5324.771914343791,40.88848615191125
5326.902675413956,39.92963577266433
5329.033436484122,40.549756172588296
5331.164197554287,38.93472745947823
5333.294958624453,36.26506099947156
5335.425719694618,33.04699065887548
5337.556480764783,28.832081355664748
5339.687241834949,27.131753222425218
5341.818002905115,23.99587962625805
5343.948763975281,20.547329384610503
5346.079525045446,15.626333083641697
5348.210286115612,14.437909871635815
5350.341047185777,14.53966285829078
5352.471808255943,15.255400179152039
5354.602569326108,14.472436981988077
5356.733330396274,14.009480933947815
5358.864091466439,14.254481541815347
5360.994852536605,16.5322560454305
5363.1256136067705,16.067638097715967
5365.2563746769365,17.668915249129757
5367.387135747102,20.394718826367818
5369.517896817268,20.84365083373551
5371.648657887433,20.57379833724695
5373.779418957599,19.022228046123157
5375.910180027764,16.215934125606672
5378.04094109793,15.846411053315084
5380.171702168095,16.355704678345013
5382.302463238261,14.12570423653679
5384.433224308426,13.50614685370874
5386.563985378592,12.199121929463653
5388.6947464487575,10.995230117177499
5390.825507518924,8.717168321685342
5392.956268589089,7.449397243623539
5395.087029659255,10.071626258795543
5397.21779072942,13.918801991539537
5399.348551799586,15.573529845939984
5401.479312869751,16.080965348130956
5403.610073939917,17.64806953313397
5405.740835010082,20.88722005610654
5407.871596080248,24.130670625238487
5410.002357150413,27.51944549032539
5412.1331182205795,28.203371366937088
5414.263879290745,29.00845433422633
5416.394640360911,26.35541393170623
5418.525401431076,25.334661686931742
5420.656162501242,24.029999565992636
5422.786923571407,22.65880447797854
5424.917684641573,20.48635063709078
5427.048445711738,18.627481195442176
5429.179206781904,18.030614126699458
5431.309967852069,18.605653575162655
5433.440728922235,18.71701956759448
5435.5714899924005,19.481505245189418
5437.702251062567,18.24179170019162
5439.833012132732,20.458601970810555
5441.963773202898,21.89508968917228
5444.094534273063,25.364138536261464
5446.225295343229,27.397050148587738
5448.356056413394,29.100838356653657
5450.48681748356,27.417561123149685
5452.617578553725,30.66217743977583
5454.748339623891,31.873336145368487
5456.879100694056,32.60871794409626
5459.009861764222,30.71174912551051
5461.140622834388,28.750902497024217
5463.271383904553,29.136660827479425
5465.402144974719,30.10746486181203
5467.532906044884,31.874395573486662
5469.66366711505,34.67108144234697
5471.794428185215,32.51632621248861
5473.925189255381,31.687096464543473
5476.055950325546,29.793955803099145
5478.186711395712,28.36234046820163
5480.3174724658775,26.622587125071423
5482.4482335360435,25.28056221556246
5484.578994606209,23.36575747224834
5486.709755676375,22.622491388523965
5488.84051674654,21.255867518633778
5490.971277816706,22.46875317528143
5493.102038886871,22.948067791680575
5495.232799957037,24.99561322956978
5497.363561027202,25.32207312490716
5499.494322097368,26.790335880747328
5501.625083167533,27.183929677896696
5503.755844237699,30.192799539394354
5505.886605307865,30.16530018108423
5508.017366378031,29.798128309010306
5510.148127448196,28.746684044066278
5512.278888518362,29.18187912563073
5514.409649588527,27.568405134180075
5516.540410658693,26.012815105518577
5518.671171728858,23.940003800442074
5520.801932799024,23.016689033544246
5522.932693869189,21.145486916601214
5525.063454939355,20.122175854143844
5527.1942160095205,19.691534968313185
5529.3249770796865,20.71308287957315
5531.455738149852,20.582772870156976
5533.586499220018,19.99939525142093
5535.717260290183,21.390879232396678
5537.848021360349,20.864806643992253
5539.978782430514,21.311573998342787
5542.10954350068,19.06500841493185
5544.240304570845,20.585258803457634
5546.371065641011,20.002072911434848
5548.501826711176,18.445486089200017
5550.632587781342,19.97312785390861
5552.7633488515075,22.27185050213065
5554.894109921674,23.403801438445115
5557.024870991839,23.515585296985897
5559.155632062005,24.500170698797444
5561.28639313217,26.267320573912237
5563.417154202336,26.56609972392507
5565.547915272501,28.436394183315944
5567.678676342667,28.627865226090197
5569.809437412832,27.958249857374334
5571.940198482998,25.817172626145933
5574.070959553163,24.1068961215775
5576.201720623329,22.21813862512811
5578.332481693495,23.074193039016873
5580.46324276366,23.520947497879092
5582.594003833826,23.273156924401494
5584.724764903991,23.521072076911125
5586.855525974157,24.147777536621017
5588.986287044322,24.896141361593738
5591.117048114488,26.81604123479777
5593.247809184653,26.567168332482883
5595.378570254819,28.786561724263798
5597.5093313249845,31.24339795325081
5599.6400923951505,33.28103042308489
5601.770853465316,33.010415547102134
5603.901614535482,33.306686608273274
5606.032375605647,36.13856119006433
5608.163136675813,38.05391272588955
5610.293897745978,42.610979250844395
5612.424658816144,44.26590833136881
5614.555419886309,46.809106489271
5616.686180956475,49.26744539863849
5618.81694202664,50.34646022063711
5620.947703096806,52.492068294654935
5623.078464166972,53.46339614051365
5625.209225237138,53.9622742292046
5627.339986307303,55.825691555162635
5629.470747377469,55.97254112589477
5631.601508447634,55.42816432945743
5633.7322695178,54.09823158640442
5635.863030587965,50.77251961170877
5637.993791658131,49.12201201212134
5640.124552728296,48.92311422350459
5642.255313798462,49.04679531770145
5644.3860748686275,49.2542730889394
5646.5168359387935,48.89134141570568
5648.647597008959,43.94938047475967
5650.778358079125,41.22289311300471
5652.90911914929,39.95638240328122
5655.039880219456,38.74307050574524
5657.170641289621,33.587608857142
5659.301402359787,30.331049691534304
5661.432163429952,26.711527419460936
5663.562924500118,23.384632703441223
5665.693685570283,19.818188697836945
5667.824446640449,17.304150304023732
5669.955207710615,15.75492191064471
5672.085968780781,14.37914586990255
5674.216729850946,14.62241478657608
5676.347490921112,12.690230476066086
5678.478251991277,12.266500079678446
5680.609013061443,9.828623732700121
5682.739774131608,11.053001623550331
5684.870535201774,10.768063577179573
5687.001296271939,14.997641054484582
5689.132057342105,16.996194734872788
5691.2628184122705,19.172477680756934
5693.3935794824365,21.11008084534076
5695.524340552602,22.84724435703851
5697.655101622767,26.42862184544193
5699.785862692933,28.317470929819883
5701.916623763098,28.56366107637373
5704.047384833264,28.818137656576948
5706.178145903429,28.91539057117831
5708.308906973595,28.515376188579385
5710.43966804376,27.799936773103248
5712.570429113926,26.5677835955266
5714.7011901840915,25.171393607629497
5716.831951254258,23.941351650098746
5718.962712324423,22.565520043763208
5721.093473394589,22.76826469861642
5723.224234464754,21.065446856553258
5725.35499553492,21.806424657969895
5727.485756605085,23.30714452190292
5729.616517675251,24.235095947897694
5731.747278745416,21.957838755456667
5733.878039815582,21.043867971120235
5736.008800885747,19.36574217417811
5738.139561955913,18.360388710812835
5740.270323026079,18.07646976780374
5742.401084096245,18.042957543066485
5744.53184516641,15.886919237567836
5746.662606236576,16.993630608072532
5748.793367306741,17.438012447151507
5750.924128376907,19.789708191008547
5753.054889447072,20.471447586414854
5755.185650517238,21.21365970352684
5757.316411587403,22.007120189707827
5759.447172657569,21.762867298196763
5761.5779337277345,21.802164201758856
5763.7086947979005,20.872793653763406
5765.839455868066,19.42450394360673
5767.970216938232,15.79397876407572
5770.100978008397,11.680256910883829
5772.231739078563,8.998604961221703
5774.362500148728,4.166178581289472
5776.493261218894,3.0829495116205603
5778.624022289059,1.7341964376758872
5780.754783359225,3.410860764492934
5782.88554442939,7.728180084852043
5785.016305499556,11.466508450707611
5787.147066569722,16.616735273188425
5789.277827639888,19.06528445396118
5791.408588710053,20.200621717163216
5793.539349780219,21.44436043547053
5795.670110850384,23.698456267665087
5797.80087192055,24.41341455654059
5799.931632990715,23.700755479485526
5802.062394060881,23.89880030265505
5804.193155131046,24.963846382722142
5806.323916201212,25.391588539449472
5808.4546772713775,23.14067052689225
5810.5854383415435,21.703559327496357
5812.716199411709,18.236065497904576
5814.846960481875,15.324305318636249
5816.97772155204,12.462835305539304
5819.108482622205,10.683522700273578
5821.239243692371,7.419151804350985
5823.370004762536,6.948819437689275
5825.500765832702,5.468587215664757
5827.631526902867,4.228320385092608
5829.762287973033,3.4927931111569626
5831.8930490431985,4.662950326595354
5834.023810113365,5.664474015183106
5836.15457118353,6.04447811809692
5838.285332253696,5.751778848846687
5840.416093323861,5.8232342600436615
5842.546854394027,7.401946296196791
5844.677615464192,7.3435311917350035
5846.808376534358,7.961619917321703
5848.939137604523,10.395997887429274
5851.069898674689,9.58668923697082
5853.200659744854,9.546109293368728
5855.3314208150205,8.913175548858627
5857.462181885186,7.377080885839914
5859.592942955352,8.499394520522408
5861.723704025517,7.508032431854871
5863.854465095683,5.747559883756886
5865.985226165848,5.627961240009234
5868.115987236014,5.643568939019524
5870.246748306179,4.591526095526773
5872.377509376345,3.754561802917485
5874.50827044651,3.10625819901644
5876.639031516676,3.4343949222444707
5878.7697925868415,1.9880536765356038
5880.900553657008,1.7119153094446113
5883.031314727173,1.0268833416789815
5885.162075797339,1.8202734826619715
5887.292836867504,1.9786340716318753
5889.42359793767,1.174167301512766
5891.554359007835,3.1892907595861884
5893.685120078001,5.711289624371679
5895.815881148166,7.044909511762835
5897.946642218332,7.426311556062174
5900.077403288497,6.972459911186276
5902.208164358663,5.426327702331299
5904.338925428829,3.6334508724165584
5906.469686498995,3.277317145551303
5908.60044756916,3.316543959957239
5910.731208639326,3.9524715409040883
5912.861969709491,4.1441609640993
5914.992730779657,4.175751448520921
5917.123491849822,5.1350716668312835
5919.254252919988,7.05221591641495
5921.385013990153,7.944718957091957
5923.515775060319,10.924159775756038
5925.6465361304845,13.033817722261146
5927.7772972006505,12.493943381028195
5929.908058270816,13.086034262446839
5932.038819340982,13.708540964741006
5934.169580411147,15.477712921344473
5936.300341481313,16.8035001736347
5938.431102551478,18.343773852867688
5940.561863621643,17.246954206910363
5942.692624691809,15.82176397097611
5944.823385761974,14.661047158772469
5946.95414683214,13.401871710030097
5949.0849079023055,11.694303921214601
5951.215668972472,11.818065704938025
5953.346430042637,10.373052044128455
5955.477191112803,9.21697562415163
5957.607952182968,8.8039644855557
5959.738713253134,7.894454294393634
5961.869474323299,6.344455737877508
5964.000235393465,4.5187101565750165
5966.13099646363,5.067463757359867
5968.261757533796,7.293625374550737
5970.392518603961,10.176330679288077
5972.5232796741275,10.369084739092994
5974.654040744293,8.99418741574162
5976.784801814459,5.003450943549584
5978.915562884624,5.423932951083119
5981.04632395479,7.998992144620697
5983.177085024955,12.280806115470028
5985.307846095121,13.092846088283014
5987.438607165286,13.453296140740449
5989.569368235452,12.266329995175541
5991.700129305617,13.276022010589218
5993.830890375783,14.678826552239153
5995.9616514459485,15.020484988483986
5998.092412516115,15.24279268410649
6000.22317358628,14.504072428897812
6002.353934656446,13.779483908873809
6004.484695726611,11.76631514897785
6006.615456796777,11.2196613876562
6008.746217866942,9.858491368267666
6010.876978937108,8.810685808027372
6013.007740007273,10.571022292312987
6015.138501077439,11.851064385646048
6017.269262147604,12.890500031143493
6019.4000232177705,13.152969956877966
6021.530784287936,13.421135005773813
6023.661545358102,14.265707126517155
6025.792306428267,12.520065903429238
6027.923067498433,13.055668540285927
6030.053828568598,15.469844803625588
6032.184589638764,16.666907665594245
6034.315350708929,16.306179572255378
6036.446111779095,15.022740423811745
6038.57687284926,13.04127012986627
6040.707633919426,13.960725570841579
6042.8383949895915,14.901186053908136
6044.969156059758,13.814099305323792
6047.099917129923,12.954806436069719
6049.230678200089,11.983033461226597
6051.361439270254,11.978342155577353
6053.49220034042,11.092943657864767
6055.622961410585,9.787220079786618
6057.753722480751,9.283858367925397
6059.884483550916,7.710076601318612
6062.015244621081,6.338905852045568
6064.146005691247,6.8889047726885515
6066.276766761413,5.61535364246728
6068.407527831579,6.47421284017803
6070.538288901744,7.282707400583224
6072.66904997191,8.818728675895743
6074.799811042075,10.244400162227137
6076.930572112241,11.168051478739898
6079.061333182406,11.667373135031694
6081.192094252572,10.792234443207475
6083.322855322737,10.013634333542228
6085.453616392903,9.983651464800273
6087.584377463068,10.481190679663273
6089.7151385332345,10.809369899881192
6091.8458996034,10.206287754611491
6093.976660673566,9.499121178440422
6096.107421743731,7.10307323493284
6098.238182813897,5.029620799690042
6100.368943884062,4.712103633216341
6102.499704954228,4.077302655256037
6104.630466024393,3.9175837170189616
6106.761227094559,3.525459862906111
6108.891988164724,4.233653103834814
6111.02274923489,4.564469579462596
6113.1535103050555,4.743450947182542
6115.284271375222,5.035158165945095
6117.415032445387,2.9567898269686435
6119.545793515553,3.994210192085078
6121.676554585718,7.099116389325378
6123.807315655884,9.184492958243114
6125.938076726049,10.209780302272156
6128.068837796215,9.868480658919864
6130.19959886638,9.643934949698165
6132.330359936546,8.35787312675668
6134.461121006711,8.140458170249229
6136.5918820768775,4.969809510612386
6138.722643147043,4.694505846669868
6140.853404217209,3.136998672685915
6142.984165287374,2.3314003374683656
6145.11492635754,1.9592060278339474
6147.245687427705,1.700341212499932
6149.376448497871,2.449224089722768
6151.507209568036,3.346005286133789
6153.637970638202,5.666756816715452
6155.768731708367,6.519578364389462
6157.899492778533,7.161097205410831
6160.0302538486985,6.504613162516928
6162.161014918865,7.015616099949666
6164.29177598903,6.93127333809578
6166.422537059196,9.14666471438812
6168.553298129361,7.881424811480209
6170.684059199527,9.258902026998552
6172.814820269692,9.845180962244815
6174.945581339858,9.940869921792789
6177.076342410023,10.82683577452132
6179.207103480189,12.185691110175233
6181.337864550354,13.463460186558127
6183.46862562052,13.452281956130351
6185.599386690686,10.879687467004857
6187.730147760851,9.837348907515267
6189.860908831017,9.797374588643855
6191.991669901182,10.105014032630871
6194.122430971348,10.776452067550506
6196.253192041513,11.046346208922282
6198.383953111679,12.449974493394544
6200.514714181844,13.757444334125564
6202.64547525201,12.676160880159443
6204.7762363221755,12.340821720533429
6206.9069973923415,11.980336001316518
6209.037758462507,9.743576508424816
6211.168519532673,8.64694490488613
6213.299280602838,7.088299653061038
6215.430041673004,8.068822299620983
6217.560802743169,8.683648705804563
6219.691563813335,8.418655650570935
6221.8223248835,8.169352579617613
6223.953085953666,8.982676575508306
6226.083847023831,9.72030919901609
6228.214608093997,9.798144609990604
6230.345369164163,8.710611793587505
6232.476130234329,9.1654576581322
6234.606891304494,8.478916293871617
6236.73765237466,8.465645182669421
6238.868413444825,8.472363970466311
6240.999174514991,11.078093589081144
6243.129935585156,12.152318688643236
6245.260696655322,13.261391684778607
6247.391457725487,14.974257896180353
6249.522218795653,14.342060096411416
6251.652979865818,13.908438378414134
6253.7837409359845,14.427094230248276
6255.91450200615,17.6005131801752
6258.045263076316,18.06133956397255
6260.176024146481,19.543865186738334
6262.306785216647,18.411996766197994
6264.437546286812,16.597722668050288
6266.568307356978,13.176763541753905
6268.699068427143,12.925410955478966
6270.829829497309,14.99100348084736
6272.960590567474,16.827545193484
6275.09135163764,17.793343272712605
6277.2221127078055,17.719898308437397
6279.352873777972,16.532563354971018
6281.483634848137,16.66994177086853
6283.614395918303,16.45864242652079
6285.745156988468,15.546992421047225
6287.875918058634,13.511228343946112
6290.006679128799,12.18648411443819
6292.137440198965,10.559659955449556
6294.26820126913,7.64555191886257
6296.398962339296,6.001570912298189
6298.529723409461,4.6202093757679
6300.6604844796275,5.879224747060237
6302.791245549793,6.187728837427989
6304.922006619958,7.65414796324808
6307.052767690124,8.77138364719469
6309.183528760289,10.572991432827731
6311.314289830455,12.302293197603907
6313.44505090062,13.860027466557904
6315.575811970786,16.61004677659562
6317.706573040951,15.826794920628004
6319.837334111117,14.593467362437556
6321.9680951812825,14.778626178446132
6324.0988562514485,13.942107617491025
6326.229617321614,16.37166254918396
6328.36037839178,18.994668387041287
6330.491139461945,20.49173150314252
6332.621900532111,20.513118092622417
6334.752661602276,20.56596955645256
6336.883422672442,21.010761242089565
6339.014183742607,21.107292109487705
6341.144944812773,22.013085276793127
6343.275705882938,23.248146554385073
6345.406466953104,22.174628383944583
6347.53722802327,18.749744661885064
6349.667989093436,15.400066756501383
6351.798750163601,13.788765611006234
6353.929511233767,11.939493099999016
6356.060272303932,9.529312982268936
6358.191033374098,8.295698448801614
6360.321794444263,7.807004489490385
6362.452555514429,7.14419142355108
6364.583316584594,5.479113957679251
6366.71407765476,5.69706777887145
6368.8448387249255,5.207968202931617
6370.9755997950915,6.4759766332840405
6373.106360865257,7.492461173456936
6375.237121935423,8.889085184990677
6377.367883005588,8.85753779044657
6379.498644075754,7.987786787478062
6381.629405145919,8.440401906179279
6383.760166216085,9.971849475908622
6385.89092728625,11.796038490598386
6388.021688356416,13.170324598786955
6390.152449426581,14.607159550313881
6392.283210496747,16.60699524229389
6394.413971566913,17.133162954132803
6396.544732637079,16.798241785292383
6398.675493707244,17.350614461713942
6400.80625477741,18.755033016251943
6402.937015847575,20.298490818135253
6405.067776917741,21.11460772103655
6407.198537987906,23.305738134637547
6409.329299058072,23.376912253021075
6411.460060128237,23.364914372421783
6413.590821198403,25.50972498708609
6415.721582268568,26.725135885896467
6417.8523433387345,27.59376647435222
6419.9831044089,27.293495063628797
6422.113865479066,28.208747569844988
6424.244626549231,26.18565048193713
6426.375387619396,24.164332695702882
6428.506148689562,22.50726563333002
6430.636909759727,23.474216967417867
6432.767670829893,23.33804087740649
6434.898431900058,22.28200105206149
6437.029192970224,21.63254699727334
6439.1599540403895,21.652896401389462
6441.2907151105555,22.463729010580764
6443.421476180721,26.222662026741144
6445.552237250887,30.30855941773655
6447.682998321052,32.766093602808645
6449.813759391218,32.97272893374814
6451.944520461383,35.57102008140607
6454.075281531549,36.96781493941608
6456.206042601714,37.86514822948694
6458.33680367188,38.739693346929904
6460.467564742045,38.20778985854927
6462.598325812211,38.069826838935896
6464.729086882377,37.404511088382556
6466.859847952543,35.35565428096537
6468.990609022708,32.2667184309425
6471.121370092874,31.123403420647282
6473.252131163039,29.707101292851682
6475.382892233205,27.314401736843763
6477.51365330337,24.951395792737095
6479.644414373536,22.671487904093762
6481.775175443701,19.170414897701278
6483.905936513867,14.995489431696356
6486.0366975840325,14.986811167979544
6488.1674586541985,16.095877165214205
6490.298219724364,18.610642351675498
6492.42898079453,18.960100551617828
6494.559741864695,16.54644552242168
6496.690502934861,14.952208638476371
6498.821264005026,15.666710165274678
6500.952025075192,17.76208582656534
6503.082786145357,18.85080990064968
6505.213547215523,18.080865274281464
6507.344308285688,16.961643718056802
6509.475069355854,15.939302826638192
6511.60583042602,15.851637698583806
6513.736591496186,15.433303960054118
6515.867352566351,18.13026282665924
6517.998113636517,18.488704476457038
6520.128874706682,18.826895135471766
6522.259635776848,18.92290293719175
6524.390396847013,19.807464011047283
6526.521157917179,19.99229759447254
6528.651918987344,21.15944277458756
6530.78268005751,21.26085560395891
6532.9134411276755,22.025562950641884
6535.0442021978415,22.26565171255473
6537.174963268007,21.182096229976974
6539.305724338173,19.637100705805956
6541.436485408338,19.510563551752604
6543.567246478504,19.000358115975924
6545.698007548669,19.135259971395918
6547.828768618834,19.22206510640541
6549.959529689,18.964713097444523
6552.090290759165,17.861883768773954
6554.221051829331,19.379018700441602
6556.3518128994965,21.11431549531962
6558.482573969663,21.540109112886682
6560.613335039828,19.647318439231807
6562.744096109994,18.332814941531907
6564.874857180159,17.189339516757773
6567.005618250325,19.365160341525012
6569.13637932049,19.51285395469661
6571.267140390656,20.69026437503309
6573.397901460821,19.777111477291456
6575.528662530987,19.367461287936095
6577.659423601152,19.1622457194188
6579.7901846713185,16.98989777816581
6581.920945741484,16.14184345094947
6584.05170681165,17.527228497288753
6586.182467881815,17.766792975932063
6588.313228951981,18.51775669595941
6590.443990022146,16.673375555490143
6592.574751092312,15.58859293890508
6594.705512162477,15.268478894593322
6596.836273232643,15.152117648665069
6598.967034302808,15.723636080693229
6601.097795372974,15.059308317883243
6603.2285564431395,14.428140220004476
6605.3593175133055,14.667823395977768
6607.490078583471,15.730607097786507
6609.620839653637,13.292976457683736
6611.751600723802,11.237797654370702
6613.882361793968,11.05397602393618
6616.013122864133,10.804203154288262
6618.143883934299,10.72454964151753
6620.274645004464,11.145388026799504
6622.40540607463,10.870745686946147
6624.536167144795,10.803928894153577
6626.666928214961,11.132725471955858
6628.797689285127,9.405743840872926
6630.928450355293,8.140124662907462
6633.059211425458,9.329196484456475
6635.189972495624,9.971295345743485
6637.320733565789,12.176774004351754
6639.451494635955,12.105154587247945
6641.58225570612,14.150760112071586
6643.713016776286,14.122705784349664
6645.843777846451,13.116700320959373
6647.974538916617,11.464240320123187
6650.1052999867825,10.614271394028458
6652.2360610569485,9.85112345618013
6654.366822127114,8.94803524239134
6656.49758319728,9.303283885561079
6658.628344267445,10.579094419927605
6660.759105337611,12.247987701279202
6662.889866407776,11.096099241404147
6665.020627477942,10.403944760276465
6667.151388548107,8.740379254268579
6669.282149618272,9.0225980557758
6671.412910688438,9.998112811079023
6673.5436717586035,12.346048047439131
6675.67443282877,12.169633121513783
6677.805193898935,11.914864550185033
6679.935954969101,12.648797627058434
6682.066716039266,12.48457056391339
6684.197477109432,10.773190245592652
6686.328238179597,11.367808707664045
6688.458999249763,11.413333612386081
6690.589760319928,11.154588169208337
6692.720521390094,10.793044308738386
6694.851282460259,10.158921258253327
6696.9820435304255,11.653968581756356
6699.112804600591,13.464043409671369
6701.243565670757,14.142416603330878
6703.374326740922,14.341277125208878
6705.505087811088,15.984314099824124
6707.635848881253,18.205839747659322
6709.766609951419,18.4980562158994
6711.897371021584,19.081144365585104
6714.02813209175,18.827638061480528
6716.158893161915,18.363299156947544
6718.289654232081,17.34116820241382
6720.4204153022465,19.544920557199895
6722.551176372413,19.983869890953745
6724.681937442578,19.85395158783493
6726.812698512744,18.647167641858243
6728.943459582909,17.371498032411516
6731.074220653075,17.697314105744447
6733.20498172324,18.514980088564105
6735.335742793406,16.877630021261552
6737.466503863571,16.820969767343716
6739.597264933737,15.725486834302117
6741.728026003902,15.141880520598162
6743.8587870740685,14.853225480139368
6745.989548144234,14.334703693497909
6748.1203092144,15.626040537865348
6750.251070284565,16.479753000527754
6752.381831354731,16.84354846971062
6754.512592424896,16.291147212316876
6756.643353495062,15.20124146204913
6758.774114565227,14.298149096846052
6760.904875635393,14.648539733540458
6763.035636705558,14.544253401485381
6765.166397775724,13.923540019203616
6767.2971588458895,14.264405600311004
6769.4279199160555,15.83173466514648
6771.558680986221,15.94853377067201
6773.689442056387,16.339365006454152
6775.820203126552,17.45837002299176
6777.950964196718,17.51758583029198
6780.081725266883,19.793808912813574
6782.212486337049,21.90094287211964
6784.343247407214,22.63954311488214
6786.47400847738,21.50149629805258
6788.604769547545,20.09259467688211
6790.7355306177105,19.64966236728112
6792.866291687877,18.894346385968856
6794.997052758042,17.308609581064236
6797.127813828208,16.12272907501209
6799.258574898373,14.35894944852228
6801.389335968539,10.953479414151555
6803.520097038704,8.280499415419495
6805.65085810887,7.163519873643131
6807.781619179035,3.876433492983288
6809.912380249201,1.8766564072532481
6812.043141319366,2.715442459687052
6814.1739023895325,5.3920022765940105
6816.304663459698,9.475392266415515
6818.435424529864,11.645087549690816
6820.566185600029,12.094329351544404
6822.696946670195,14.089451033454738
6824.82770774036,14.57963644620982
6826.958468810526,14.308425941968343
6829.089229880691,12.708362414358902
6831.219990950857,12.304406119417054
6833.350752021022,12.62924319149999
6835.481513091188,11.578193177927123
6837.6122741613535,12.285590100634588
6839.74303523152,11.895745714111673
6841.873796301685,11.595295999746249
6844.004557371851,13.344290447113684
6846.135318442016,13.885241482230025
6848.266079512182,12.270653380730423
6850.396840582347,11.356256390057556
6852.527601652513,11.622490832136492
6854.658362722678,11.113254203017854
6856.789123792844,9.701269502165399
6858.919884863009,11.484327594367173
6861.0506459331755,12.939609597183411
6863.181407003341,10.619907937892721
6865.312168073507,8.909300130492353
6867.442929143672,8.017405930545772
6869.573690213838,9.435487186930056
6871.704451284003,9.906770251531428
6873.835212354169,9.57632627221859
6875.965973424334,8.819341779651147
6878.0967344945,7.108273449166081
6880.227495564665,9.375613808983806
6882.358256634831,9.598671844356948
6884.4890177049965,10.03176847439461
6886.619778775163,11.16056228647609
6888.750539845328,12.895044736494121
6890.881300915494,12.707603577991708
6893.012061985659,10.961296077803647
6895.142823055825,10.775220093520044
6897.27358412599,10.16285898669164
6899.404345196156,8.589791909182962
6901.535106266321,6.866094660799787
6903.665867336487,7.2079329959845575
6905.796628406652,7.653271939532516
6907.9273894768185,7.131605390272028
6910.058150546984,6.87153898296126
6912.188911617149,4.107320682225173
6914.319672687315,2.5573935325333927
6916.45043375748,3.1184173725992483
6918.581194827646,5.73013820277054
6920.711955897811,6.44384825574846
6922.842716967977,7.003889962709347
6924.973478038142,5.939963845741263
6927.104239108308,6.9895142404658355
6929.2350001784735,11.350654977934317
6931.3657612486395,16.093639039076855
6933.496522318805,18.409860521767072
6935.627283388971,17.930829582714498
6937.758044459136,16.938471582819066
6939.888805529302,16.430290885475003
6942.019566599467,16.610092998005786
6944.150327669633,17.800467005736415
6946.281088739798,19.008224201268845
6948.411849809964,19.079237358023647
6950.542610880129,18.182317560760886
6952.673371950295,16.605630203961013
6954.8041330204605,15.27845985743397
6956.934894090627,13.90374519611903
6959.065655160792,12.512029064194389
6961.196416230958,11.55230026756348
6963.327177301123,12.699753910971571
6965.457938371289,13.4848571807236
6967.588699441454,14.278882218724272
6969.71946051162,13.91510706861136
6971.850221581785,12.306822349396269
6973.980982651951,12.09481755572413
6976.111743722116,12.596227542435097
6978.2425047922825,12.729709868432497
6980.373265862448,12.7931342769812
6982.504026932614,13.88468758299463
6984.634788002779,13.852297226013121
6986.765549072945,14.490849066945616
6988.89631014311,14.748643245258148
6991.027071213276,14.427472250438269
6993.157832283441,13.99030743180628
6995.288593353607,11.814897930181193
6997.419354423772,10.611249364853478
6999.550115493938,10.157638675504577
7001.6808765641035,10.751706916056005
7003.81163763427,10.553156585067898
7005.942398704435,9.558377791973252
7008.073159774601,7.352593527277959
7010.203920844766,6.113813886155926
7012.334681914932,6.308078496055343
7014.465442985097,6.922903070666263
7016.596204055263,5.135303604027714
7018.726965125428,3.430639633521221
7020.857726195594,1.3734615929121992
7022.988487265759,2.0852257279368365
7025.1192483359255,3.913791989052573
7027.250009406091,4.864526659894915
7029.380770476257,5.6207943639677165
7031.511531546422,4.052528989906825
7033.642292616587,1.594941465373476
7035.773053686753,2.516099493017259
7037.903814756918,3.3355742938490214
7040.034575827084,3.4011171991963773
7042.165336897249,3.9970778896557904
7044.296097967415,4.4219912447373275
7046.4268590375805,3.128502272499056
7048.5576201077465,3.8017168330263686
7050.688381177912,3.677435909034558
7052.819142248078,2.8810204520591345
7054.949903318243,2.335814874331774
7057.080664388409,1.7460361808699163
7059.211425458574,1.7886162732544544
7061.34218652874,2.8680460704290263
7063.472947598905,3.4842422539156033
7065.603708669071,3.4524655628390137
7067.734469739236,3.4900645432376503
7069.865230809402,3.504483405370986
7071.995991879568,3.7906195091677812
7074.126752949734,3.0195023546313036
7076.257514019899,3.3625522503178966
7078.388275090065,3.3501568349375543
7080.51903616023,2.372179137708648
7082.649797230396,2.410153922613544
7084.780558300561,3.7257784337681463
7086.911319370727,4.150743934221634
7089.042080440892,5.129059645132772
7091.172841511058,6.91454308812953
7093.3036025812235,6.122244783906291
7095.4343636513895,6.321869368020674
7097.565124721555,7.80214454301595
7099.695885791721,7.95600337392026
7101.826646861886,8.20257181684077
7103.957407932052,7.836611848208755
7106.088169002217,7.945982553584514
7108.218930072383,7.524635039599134
7110.349691142548,8.930068428101997
7112.480452212714,10.410923209868029
7114.611213282879,9.395074938984731
7116.741974353045,8.120538548178436
7118.8727354232105,7.257839405162252
7121.003496493377,7.968932925791978
7123.134257563542,8.622311313835064
7125.265018633708,10.401287517583516
7127.395779703873,10.57972905859663
7129.526540774039,9.849547870390309
7131.657301844204,9.13086783984897
7133.78806291437,9.27395081360254
7135.918823984535,9.09575971749071
7138.049585054701,8.520541536808894
7140.180346124866,9.597461214819262
7142.3111071950325,9.46851494104259
7144.441868265198,9.924624579204139
7146.572629335364,7.575420883128261
7148.703390405529,8.610186860853734
7150.834151475695,9.751138445586506
7152.96491254586,11.343871683992447
7155.095673616025,13.68953438159467
7157.226434686191,13.573098695381407
7159.357195756356,14.166794132716062
7161.487956826522,13.733036177329712
7163.6187178966875,15.092846121473153
7165.7494789668535,14.62367218080205
7167.880240037019,15.058678040773822
7170.011001107185,17.45050151189881
7172.14176217735,19.201665092425877
7174.272523247516,20.94744142552417
7176.403284317681,22.60389699695386
7178.534045387847,23.2839980696582
7180.664806458012,24.134167403475598
7182.795567528178,24.384799209956665
7184.926328598343,25.53756080848678
7187.057089668509,23.18852577223401
7189.187850738675,25.435152008156994
7191.318611808841,28.016966736991808
7193.449372879006,30.297291864360886
7195.580133949172,29.163188259499762
7197.710895019337,27.145836993016616
7199.841656089503,26.624400549778574
7201.972417159668,27.10174282255754
7204.103178229834,28.60455144445625
7206.233939299999,27.186782753638425
7208.364700370165,25.27582208932563
7210.4954614403305,23.4058677782899
7212.6262225104965,23.649258212274027
7214.756983580662,23.487851673497353
7216.887744650828,23.498537078436836
7219.018505720993,22.02109319811731
7221.149266791159,21.626347165670044
7223.280027861324,22.583935861088694
7225.41078893149,21.29593869656066
7227.541550001655,20.431467781341222
7229.672311071821,19.280457547843238
7231.803072141986,16.0228680313409
7233.933833212152,14.33030066253583
7236.064594282318,12.897343327046752
7238.195355352484,10.951219191884878
7240.326116422649,10.143518832082279
7242.456877492815,10.890636597203601
7244.58763856298,11.41830912521625
7246.718399633146,10.129206602442322
7248.849160703311,11.375828104475183
7250.979921773477,14.572886874770099
7253.110682843642,15.862889117474978
7255.241443913808,18.635018764268803
7257.3722049839735,20.704122518413868
7259.5029660541395,21.896851941890365
7261.633727124305,21.864612089060184
7263.764488194471,21.1899197618659
7265.895249264636,21.247157578722106
7268.026010334802,22.004745044001467
7270.156771404967,23.329051485631034
7272.287532475133,23.019968940144988
7274.418293545298,23.26978293029636
7276.549054615463,23.247146771499875
7278.679815685629,21.37622399530469
7280.8105767557945,17.44540591400669
7282.9413378259605,13.294320695619863
7285.072098896126,10.382618316959272
7287.202859966292,10.495788475640325
7289.333621036457,9.390550366311585
7291.464382106623,7.123743670080175
7293.595143176788,5.620231601275778
7295.725904246954,5.965602268142027
7297.856665317119,6.951432112960915
7299.987426387285,7.57462094363167
7302.11818745745,8.395620678681528
7304.248948527616,10.893229036038834
7306.379709597782,14.013618045698163
7308.510470667948,16.33044049450781
7310.641231738113,16.83803081968715
7312.771992808279,18.147206488003093
7314.902753878444,19.742019820276873
7317.03351494861,19.149291494459366
7319.164276018775,19.002547287304736
7321.295037088941,18.51587006112999
7323.425798159106,18.041259421785306
7325.556559229272,16.47080132241823
7327.6873202994375,14.977453465620233
7329.8180813696035,12.599643676493537
7331.948842439769,10.555961634791084
7334.079603509935,11.133581391093072
7336.2103645801,11.770952451240499
7338.341125650266,11.039509925406293
7340.471886720431,10.234506270133647
7342.602647790597,10.09471816442863
7344.733408860762,10.309196672027053
7346.864169930928,8.611166944026287
7348.994931001093,6.864480149108774
7351.125692071259,6.514685253265742
7353.256453141425,8.16259621891641
7355.387214211591,10.065847166332789
7357.517975281756,10.934793323028703
7359.648736351922,9.53853521171603
7361.779497422087,8.709740238361839
7363.910258492253,11.377729350856645
7366.041019562418,14.45833402058927
7368.171780632584,15.030876311766622
7370.302541702749,16.073187577312595
7372.433302772915,15.402115995036963
7374.5640638430805,14.923195312103385
7376.6948249132465,13.195646897432221
7378.825585983412,12.62013198845475
7380.956347053578,11.72934628428194
7383.087108123743,11.35004981748707
7385.217869193909,9.725115362757995
7387.348630264074,9.730005646894863
7389.47939133424,10.004669575846368
7391.610152404405,11.169596478499553
7393.740913474571,11.5094437840762
7395.871674544736,11.3905369573541
7398.0024356149015,13.372893349639178
7400.133196685068,12.262827766998841
7402.263957755233,10.883952389484602
7404.394718825399,10.98762839614716
7406.525479895564,10.367284529861893
7408.65624096573,9.448303606030732
7410.787002035895,9.376362662117455
7412.917763106061,9.26517736911066
7415.048524176226,6.778373234308499
7417.179285246392,5.284521172742846
7419.310046316557,3.6795585739038383
7421.4408073867235,3.6486693874720233
7423.571568456889,2.819781444007431
7425.702329527055,3.4507051709830696
7427.83309059722,3.563517990705782
7429.963851667386,4.28812196804541
7432.094612737551,5.68297330373383
7434.225373807717,4.811907786620736
7436.356134877882,5.205615090472064
7438.486895948048,5.284270832611475
7440.617657018213,5.343622583146146
7442.748418088379,5.697627687477698
7444.8791791585445,6.861457982571837
7447.009940228711,8.093774077557196
7449.140701298876,8.276315137238772
7451.271462369042,9.880176258537988
7453.402223439207,11.359123456084781
7455.532984509373,11.157532191691939
7457.663745579538,9.571334123309116
7459.794506649704,7.9570726806042344
7461.925267719869,7.61011527574857
7464.056028790035,6.664648597658573
7466.1867898602,6.586914754136133
7468.317550930366,8.260892674024925
7470.448312000532,9.953776743284953
7472.579073070698,10.045805169842735
7474.709834140863,9.49333860488569
7476.840595211029,9.778861257768932
7478.971356281194,7.751890168875734
7481.10211735136,6.602364066137809
7483.232878421525,8.143473597904466
7485.363639491691,9.189920130993816
7487.494400561856,9.263413953674611
7489.625161632022,9.10312588866497
7491.7559227021875,10.369618787517332
7493.8866837723535,10.449800764118718
7496.017444842519,11.165821049103965
7498.148205912685,12.161495075904114
7500.27896698285,12.01998830351957
7502.409728053016,10.842403500734347
7504.540489123181,8.920688493368628
7506.671250193347,7.253195975745582
7508.802011263512,5.275065749747999
7510.932772333678,5.513123553924902
7513.063533403843,6.769111371834569
7515.194294474009,5.74554574111428
7517.325055544175,3.9852532844611814
7519.45581661434,2.712948400218351
7521.586577684506,1.8526142605932272
7523.717338754671,2.6404540170493553
7525.848099824837,4.48674322585515
7527.978860895002,4.812071501516936
7530.109621965168,5.525928890484135
7532.240383035333,4.672220296651361
7534.371144105499,5.34100064225934
7536.501905175664,7.693252448262945
7538.6326662458305,10.404336832245972
7540.763427315996,13.086166229620485
7542.894188386162,13.786816941577502
7545.024949456327,14.722895446599674
7547.155710526493,14.85921647798817
7549.286471596658,14.935563369024898
7551.417232666824,16.39348034865631
7553.547993736989,17.186849218657926
7555.678754807155,18.10350437560451
7557.80951587732,17.73456972032773
7559.940276947486,18.220922643152942
7562.0710380176515,18.55026515494232
7564.201799087818,18.982076293956204
7566.332560157983,18.89281645788254
7568.463321228149,19.16229837915434
7570.594082298314,18.052059650143274
7572.72484336848,15.821284889331467
7574.855604438645,17.12764550447273
7576.986365508811,19.294121514205997
7579.117126578976,18.3767404053146
7581.247887649142,16.918061730569214
7583.378648719307,16.22168609643417
7585.5094097894735,16.119996618757554
7587.640170859639,15.204928601993014
7589.770931929805,14.798802883808694
7591.90169299997,14.00539233176527
7594.032454070136,12.062733357787716
7596.163215140301,11.168373496102097
7598.293976210467,11.591407566466671
7600.424737280632,14.136103554433872
7602.555498350798,16.235207127556027
7604.686259420963,16.133931552451365
7606.817020491129,15.06262656276278
7608.9477815612945,14.734755886799128
7611.078542631461,14.376815394334908
7613.209303701626,14.314414320232475
7615.340064771792,15.306542305832995
7617.470825841957,15.610983919165099
7619.601586912123,15.151202367180662
7621.732347982288,14.089915773287387
7623.863109052454,13.439383648264206
7625.993870122619,12.21074654976754
7628.124631192785,11.290669582821337
7630.25539226295,12.389001816756073
7632.386153333116,11.102772717588534
7634.516914403282,8.79428174668012
7636.647675473447,8.984636361745212
7638.778436543613,8.646995894843068
7640.909197613778,7.595307003916991
7643.039958683944,7.218268779418754
7645.170719754109,7.00561086275331
7647.301480824275,6.669426313925448
7649.43224189444,6.682702423280649
7651.563002964606,7.263538149055879
7653.693764034771,8.149447096613635
7655.8245251049375,9.404376036117656
7657.955286175103,9.912631156820089
7660.086047245269,10.553022558773034
7662.216808315434,9.768024342775302
7664.3475693856,8.757864062312674
7666.478330455765,8.005786916694452
7668.609091525931,7.625123330922003
7670.739852596096,6.888427171312204
7672.870613666262,6.622706044529965
7675.001374736427,5.8328342143638245
7677.132135806593,6.294246067933699
7679.2628968767585,7.718191925256938
7681.393657946925,9.185758625397954
7683.52441901709,10.178962724278762
7685.655180087256,10.452617564042932
7687.785941157421,11.020531047910083
7689.916702227587,12.013223270802836
7692.047463297752,13.232323217059683
7694.178224367918,15.437863869019791
7696.308985438083,17.129021551900884
7698.439746508249,18.178742677725094
7700.570507578414,18.520003054900915
7702.7012686485805,17.78597439643139
7704.832029718746,18.23080849398085
7706.962790788912,20.47231661527943
7709.093551859077,22.478191637577492
7711.224312929243,22.141055186001395
7713.355073999408,21.81993915532931
7715.485835069574,19.39511934523648
7717.616596139739,20.637685681655167
7719.747357209905,22.512717185757552
7721.87811828007,23.92322641469009
7724.008879350236,23.9482299915288
7726.1396404204015,24.319756826503685
7728.270401490568,24.54907726846742
7730.401162560733,24.12771874357375
7732.531923630899,21.78581392498084
7734.662684701064,20.429873274203125
7736.79344577123,21.040917397464977
7738.924206841395,20.68786268964051
7741.054967911561,19.720153243835927
7743.185728981726,19.14954961914627
7745.316490051892,16.832269508497575
7747.447251122057,15.35920682928074
7749.5780121922235,15.413829143677598
7751.708773262389,14.716097242094579
7753.839534332555,11.957695989430738
7755.97029540272,10.614851477779688
7758.101056472885,8.752434031822705
7760.231817543051,8.969555835940053
7762.362578613216,8.060114233016927
7764.493339683382,6.395943281156595
7766.624100753547,6.2568929802803295
7768.754861823713,5.030977407381329
7770.8856228938785,5.202044673214211
7773.0163839640445,6.2862022089271825
7775.14714503421,6.353270602893
7777.277906104376,4.8563150787264435
7779.408667174541,3.326080247499017
7781.539428244707,2.313599833328902
7783.670189314872,0.8737512626823413
7785.800950385038,1.2409208349059266
7787.931711455203,2.6623775507607013
7790.062472525369,2.804421841378183
7792.193233595534,3.9536966980025428
7794.3239946657,4.890318399887743
7796.454755735866,3.5750826076817366
7798.585516806032,3.468081213891985
7800.716277876197,3.7092162163905584
7802.847038946363,3.7751752836709844
7804.977800016528,6.557994488970873
7807.108561086694,8.182158597473736
7809.239322156859,9.840305676331736
7811.370083227025,10.698354146968734
7813.50084429719,11.099514170052776
7815.631605367356,9.31943577522101
7817.762366437521,8.848188387330385
7819.8931275076875,8.485585217844486
7822.023888577853,7.769540474044974
7824.154649648019,7.937089742832262
7826.285410718184,8.118796684611192
7828.41617178835,10.36141796530448
7830.546932858515,10.988569366598213
7832.677693928681,8.858768753670233
7834.808454998846,8.593093889782185
7836.939216069012,9.899611579163048
7839.069977139177,10.823113335943141
7841.200738209343,10.18517883337804
7843.3314992795085,10.773145202562885
7845.462260349675,11.560782507071613
7847.59302141984,12.991864727171018
7849.723782490006,14.061604990847622
7851.854543560171,13.67041283843412
7853.985304630337,13.25552817127505
7856.116065700502,13.273406871801871
7858.246826770668,13.344566759786634
7860.377587840833,11.709702785754578
7862.508348910999,10.517856672518157
7864.639109981164,10.01496316506178
7866.7698710513305,11.31876102074806
7868.900632121496,12.740204129666363
7871.031393191662,13.586787898063259
7873.162154261827,13.92633670674806
7875.292915331993,15.274514745762147
7877.423676402158,15.88031247369935
7879.554437472323,15.333629168446329
7881.685198542489,14.222538034208448
7883.815959612654,13.087522577451152
7885.94672068282,12.317213918835918
7888.0774817529855,11.23290794431015
7890.2082428231515,11.250011634301071
7892.339003893317,12.338803587146556
7894.469764963483,13.341248166759993
7896.600526033648,13.586917211960243
7898.731287103814,15.848620773422594
7900.862048173979,17.264178099773634
7902.992809244145,15.894950060464536
7905.12357031431,15.995401901713135
7907.254331384476,16.390788495114514
7909.385092454641,16.16186175735458
7911.515853524807,15.967683211177098
7913.646614594973,16.37310002054844
7915.777375665139,16.42131367008882
7917.908136735304,17.681377541106645
7920.03889780547,18.36599368897345
7922.169658875635,18.779516029389153
7924.300419945801,19.657183988293347
7926.431181015966,18.846904974648844
7928.561942086132,18.373656626789113
7930.692703156297,16.819760872078152
7932.823464226463,14.15095067416402
7934.9542252966285,13.07630755028374
7937.0849863667945,10.862732235118905
7939.21574743696,9.788365762509088
7941.346508507126,8.727125998842046
7943.477269577291,7.631889059863156
7945.608030647457,6.558172079717151
7947.738791717622,5.470720993814107
7949.869552787788,5.639245051106491
7952.000313857953,5.4768020913400175
7954.131074928119,2.62671805679276
7956.261835998284,3.8424846912039503
7958.39259706845,6.3361092493397395
7960.523358138616,8.295240109057554
7962.654119208782,7.8893882310315595
7964.784880278947,7.73601239555322
7966.915641349113,7.921253179131879
7969.046402419278,8.773818024253517
7971.177163489444,9.661254833523877
7973.307924559609,10.763975008224987
7975.438685629775,11.796714578255937
7977.56944669994,13.445854672133342
7979.700207770106,12.898911518639743
7981.830968840271,13.043149391212646
7983.9617299104375,12.00658389765207
7986.092490980603,10.704447788314544
7988.223252050769,9.651897674031895
7990.354013120934,7.06307908757149
7992.4847741911,7.444096495549319
7994.615535261265,9.305194781830233
7996.746296331431,8.883169184863094
7998.877057401596,7.951199584157625
8001.007818471761,8.85198699712298
8003.138579541927,10.215627915959063
8005.2693406120925,9.471943902245465
8007.4001016822585,8.946257005609828
8009.530862752424,8.331025086080146
8011.66162382259,8.925962329163939
8013.792384892755,10.174340411264415
8015.923145962921,12.215880936097228
8018.053907033086,12.449367786480543
8020.184668103252,12.563410269084317
8022.315429173417,12.207174918938945
8024.446190243583,10.64312267480874
8026.576951313748,9.13110127268318
8028.707712383914,9.22092134451628
8030.83847345408,9.756340454782295
8032.969234524246,11.302815857558178
8035.099995594411,13.283638470063474
8037.230756664577,13.680802328067728
8039.361517734742,15.019907366529752
8041.492278804908,15.162936105123467
8043.623039875073,15.138437172958367
8045.753800945239,14.730437943686784
8047.884562015404,16.289805284017074
8050.01532308557,17.538846525089188
8052.1460841557355,18.18760139322902
8054.2768452259015,19.12008067228418
8056.407606296067,19.45000077033279
8058.538367366233,20.357807145697038
8060.669128436398,19.647833587843863
8062.799889506564,20.45526672879375
8064.930650576729,20.732259476529205
8067.061411646895,19.767012449276
8069.19217271706,17.77882691551509
8071.322933787226,17.452014455956704
8073.453694857391,18.05968892053211
8075.584455927557,16.158715395195287
8077.715216997723,14.877842431304233
8079.845978067889,13.158306486675459
8081.976739138054,11.158270259418797
8084.10750020822,9.022268296829461
8086.238261278385,8.497802197142704
8088.369022348551,10.65724620963831
8090.499783418716,10.578643755809729
8092.630544488882,10.154681448760915
8094.761305559047,9.891926073420038
8096.892066629213,8.040916379793636
8099.0228276993785,6.796185477238475
8101.1535887695445,6.059682739264592
8103.28434983971,7.886087662557839
8105.415110909876,9.747990578569405
8107.545871980041,10.468262839924577
8109.676633050207,9.403641620699432
8111.807394120372,9.351696118800216
8113.938155190538,8.646176949659118
8116.068916260703,8.24489672847286
8118.199677330869,9.914243719862176
8120.330438401034,10.794426515399152
8122.4611994711995,11.260783151737801
8124.591960541366,11.793450162866725
8126.722721611531,12.785306758627705
8128.853482681697,14.004938117016412
8130.984243751862,16.586780626712763
8133.115004822028,16.83358494667324
8135.245765892193,15.895281316202135
8137.376526962359,14.619510828146103
8139.507288032524,14.320013012730488
8141.63804910269,12.403673780913392
8143.768810172855,11.65881463641045
8145.8995712430215,12.185943686100002
8148.030332313187,12.350710089053853
8150.161093383353,10.649082602517352
8152.291854453518,9.26671429962341
8154.422615523684,7.781795503274364
8156.553376593849,6.269821506690033
8158.684137664015,5.564028118888158
8160.81489873418,4.0703262817298755
8162.945659804346,3.361878141859365
8165.076420874511,3.60328848177533
8167.207181944677,4.6324482679427526
8169.3379430148425,5.163038520732041
8171.4687040850085,6.406565030918183
8173.599465155174,7.311151963923701
8175.73022622534,6.829111287876642
8177.860987295505,6.46290078719109
8179.991748365671,6.266264985734607
8182.122509435836,6.957517668493576
8184.253270506002,8.34242287539416
8186.384031576167,8.054574324669092
8188.514792646333,7.137204560942555
8190.645553716498,6.037247453793805
8192.776314786664,5.9573304352484975
8194.90707585683,8.527722742849992
8197.037836926995,8.20688731281904
8199.16859799716,6.295558561399277
8201.299359067327,5.758740409711756
8203.430120137493,6.884073863574535
8205.560881207657,7.444621489441724
8207.691642277823,6.597204883012974
8209.82240334799,5.777600107679111
8211.953164418155,5.069113468214579
8214.08392548832,2.9568188733713936
8216.214686558485,3.6754077484091012
8218.345447628652,3.6965752453088867
8220.476208698818,1.5002830942995495
8222.606969768982,2.9527959281679
8224.737730839148,3.364404553454362
8226.868491909314,6.021167292971137
8228.99925297948,7.9177006539230845
8231.130014049644,9.695395317411078
8233.26077511981,9.096125271607372
8235.391536189976,7.6862640377472875
8237.522297260142,7.451533163991192
8239.653058330307,8.054764477168659
8241.783819400473,7.456033188127081
8243.914580470639,8.093733329232377
8246.045341540803,9.585946940897687
8248.176102610969,9.738358323855046
8250.306863681135,8.32676050934819
8252.437624751301,8.544239552250923
8254.568385821465,9.17950277343624
8256.699146891631,10.065547946537066
8258.829907961797,10.605245512166077
8260.960669031963,12.075996655405872
8263.091430102128,12.474974222290381
8265.222191172294,11.641784847913438
8267.35295224246,10.2000842186508
8269.483713312626,9.568779795199742
8271.61447438279,9.080635750972263
8273.745235452956,7.698372233746363
8275.875996523122,6.766666944805148
8278.006757593288,6.925544563140676
8280.137518663452,7.077177456492071
8282.268279733618,8.798159782996201
8284.399040803784,10.80676000793892
8286.52980187395,12.484802521877448
8288.660562944115,12.346532874867945
8290.79132401428,11.297257542500628
8292.922085084447,8.110377902783314
8295.052846154613,6.85934190203974
8297.183607224777,6.542250510230133
8299.314368294943,6.694662977450095
8301.44512936511,7.482952452789004
8303.575890435275,9.334094301615885
8305.70665150544,9.372692715438555
8307.837412575605,10.000646326140842
8309.968173645771,9.357868909518002
8312.098934715938,9.707686553314606
8314.229695786102,9.27402087548183
8316.360456856268,7.840899309938296
8318.491217926434,6.155955521623658
8320.6219789966,6.415665622787129
8322.752740066764,7.206365603285384
8324.88350113693,7.010408108396369
8327.014262207096,7.919351010959326
8329.145023277262,9.293604863375622
8331.275784347426,9.90277869511624
8333.406545417592,11.249191164777208
8335.537306487759,12.407400686383934
8337.668067557925,13.176216034003293
8339.798828628089,13.073760438165312
8341.929589698255,12.49073238098834
8344.06035076842,13.641203863496193
8346.191111838587,13.839526532041054
8348.321872908751,12.189710415840269
8350.452633978917,11.036363527185523
8352.583395049083,8.667088152898378
8354.71415611925,8.742834132943221
8356.844917189414,8.074042675551729
8358.97567825958,9.721193564576167
8361.106439329746,11.798177458643213
8363.237200399912,11.12851113125399
8365.367961470076,10.386430793559692
8367.498722540242,9.664594762028226
8369.629483610408,11.033209191005552
8371.760244680572,11.842876964555511
8373.891005750738,12.141045653851334
8376.021766820904,13.793070961884851
8378.15252789107,14.348299581830892
8380.283288961235,15.489192650773756
8382.4140500314,15.588765635074635
8384.544811101567,14.68512227318459
8386.675572171733,13.48225447582775
8388.806333241897,14.420877336105947
8390.937094312063,14.314020292362933
8393.067855382229,13.32697797931531
8395.198616452395,13.551005474836732
8397.32937752256,14.860106572414685
8399.460138592725,16.723353986481918
8401.590899662891,16.436784276198217
8403.721660733057,17.07849131311561
8405.852421803222,17.154421327988413
8407.983182873388,18.82699063984299
8410.113943943554,20.221392623640703
8412.24470501372,20.55316754145203
8414.375466083884,20.788039723110757
8416.50622715405,20.587179616535465
8418.636988224216,20.968032921019763
8420.767749294382,20.65715225986271
8422.898510364546,18.210513564561257
8425.029271434712,19.301671658176396
8427.160032504878,17.74705075931826
8429.290793575045,16.61714508035753
8431.421554645209,16.344880332402035
8433.552315715375,17.58265930907068
8435.68307678554,17.056897442549435
8437.813837855707,15.495611187351662
8439.944598925871,13.65664531118324
8442.075359996037,12.784769121031525
8444.206121066203,10.437651854842981
8446.33688213637,8.529652750860107
8448.467643206533,8.8062755653305
8450.5984042767,8.624367077439707
8452.729165346866,8.343382664352117
8454.859926417032,8.060389119150138
8456.990687487196,8.539574247464587
8459.121448557362,7.650691631891016
8461.252209627528,8.618591681316776
8463.382970697694,9.105102935995307
8465.513731767858,8.810536156891072
8467.644492838024,9.709875511315909
8469.77525390819,9.856875345474295
8471.906014978356,8.295166492750928
8474.03677604852,7.0957176988321065
8476.167537118687,7.278690122821026
8478.298298188853,8.727344138092853
8480.429059259019,7.398066512328351
8482.559820329183,7.499472777331815
8484.690581399349,7.4134737225291625
8486.821342469515,5.500971994964177
8488.95210353968,3.767201999829623
8491.082864609845,4.243100094139287
8493.213625680011,7.462313457951485
8495.344386750177,8.7183330652493
8497.475147820342,8.236442160198292
8499.605908890508,7.523724834643911
8501.736669960674,7.898600702301132
8503.86743103084,9.767645321040002
8505.998192101004,11.101835668388768
8508.12895317117,11.606898826204686
8510.259714241336,9.848445236619767
8512.390475311502,7.9413690646302735
8514.521236381666,9.854322858263838
8516.651997451832,10.330611472522843
8518.782758521998,12.633780672230893
8520.913519592164,14.604487543963723
8523.044280662329,14.7696157338344
8525.175041732495,15.45488895356906
8527.30580280266,14.906085475653798
8529.436563872827,13.266782394160881
8531.567324942991,11.36746565493323
8533.698086013157,10.21025461069913
8535.828847083323,9.978666978273134
8537.95960815349,9.813371713007578
8540.090369223653,9.436490868186915
8542.22113029382,11.58321067447847
8544.351891363985,12.10136564701868
8546.482652434152,12.084309305377927
8548.613413504316,11.287106444407755
8550.744174574482,10.226921705881843
8552.874935644648,8.952171374986756
8555.005696714814,7.534486258417795
8557.136457784978,8.204595854712208
8559.267218855144,7.997355461143255
8561.39797992531,9.421612800449124
8563.528740995476,10.62828627840429
8565.65950206564,11.72092425728619
8567.790263135807,12.97930660636124
8569.921024205973,11.973561080214488
8572.051785276139,12.222615740677835
8574.182546346303,13.58191006655472
8576.313307416469,13.98250219043492
8578.444068486635,12.870695818358012
8580.574829556801,11.235049433910314
8582.705590626965,9.276955892712337
8584.836351697131,7.766240875690978
8586.967112767297,5.938341624035866
8589.097873837463,4.049195123973602
8591.228634907628,6.106286742293742
8593.359395977794,7.4832471834428
8595.49015704796,8.874835407647192
8597.620918118126,9.884879003829896
8599.75167918829,10.634218024439514
8601.882440258456,9.303908776708544
8604.013201328622,7.266527016335769
8606.143962398788,5.832441450576499
8608.274723468952,7.13011752026115
8610.405484539118,6.583923055890914
8612.536245609284,6.7916470129612
8614.667006679449,7.621266276371535
8616.797767749615,7.671641023852534
8618.92852881978,7.578036092137761
8621.059289889947,7.578296707331836
8623.190050960111,6.386789253821654
8625.320812030277,3.714716277394158
8627.451573100443,4.706308098670031
8629.58233417061,4.726432609298267
8631.713095240773,4.621005988667991
8633.84385631094,3.2267381472885934
8635.974617381105,1.8836370593138199
8638.105378451271,1.3545196595470796
8640.236139521436,2.4119080333034493
8642.366900591602,3.5586507759788653
8644.497661661768,4.869015881433993
8646.628422731934,5.307770844826967
8648.759183802098,5.0872485675553145
8650.889944872264,4.369905270808504
8653.02070594243,4.82963586188342
8655.151467012596,7.087139624175458
8657.28222808276,8.140464979251785
8659.412989152926,7.5742787180673155
8661.543750223093,8.202401085325937
8663.674511293259,8.34051784822926
8665.805272363423,8.572294372785736
8667.936033433589,8.811759772739519
8670.066794503755,9.372616936234337
8672.19755557392,10.736330161914765
8674.328316644085,11.412569482584185
8676.459077714251,10.22509667148852
8678.589838784417,9.969848619219654
8680.720599854583,8.575996341534085
8682.851360924747,6.614111269509353
8684.982121994914,4.634024412181737
8687.11288306508,4.811276281079165
8689.243644135246,4.906259162185229
8691.37440520541,4.556140827369063
8693.505166275576,3.0696234712059094
8695.635927345742,0.5740750107721219
8697.766688415908,1.4666050184576926
8699.897449486072,1.635398077225604
8702.028210556238,2.390636265684104
8704.158971626404,4.726664379986843
8706.28973269657,5.62886288734808
8708.420493766735,6.962195319373717
8710.5512548369,7.738554900617332
8712.682015907067,8.57768352171585
8714.812776977233,8.809724435931741
8716.943538047397,8.153780348185006
8719.074299117563,8.34491017883608
8721.205060187729,8.898682934864262
8723.335821257895,11.291134355594863
8725.46658232806,12.461195687354198
8727.597343398225,11.712683039363196
8729.728104468391,12.0813804056037
8731.858865538556,11.788493639191522
8733.989626608722,11.969653278020948
8736.120387678888,11.57354907526207
8738.251148749054,12.112614713586607
8740.381909819218,12.540887389877186
8742.512670889384,11.100379421769995
8744.64343195955,12.256743825541257
8746.774193029716,12.944859613830083
8748.90495409988,13.962500862646397
8751.035715170046,15.520604952668622
8753.166476240212,15.359858901408138
8755.297237310378,13.841712269760032
8757.427998380543,11.903837225986624
8759.558759450709,12.194826924239706
8761.689520520875,12.883520650032112
8763.82028159104,13.644343899375965
8765.951042661205,14.68425125842301
8768.081803731371,15.452002783812187
8770.212564801537,14.728860107816073
8772.343325871703,12.634852993984998
8774.474086941867,11.807411389252108
8776.604848012033,10.052470631126772
8778.7356090822,8.885723883951615
8780.866370152366,9.48576075284816
8782.99713122253,8.126282452323986
8785.127892292696,7.466835197510507
8787.258653362862,7.3455266536818895
8789.389414433028,7.371455068767854
8791.520175503192,5.439190731869024
8793.650936573358,4.730228197569538
8795.781697643524,4.340643590740798
8797.91245871369,4.3955948289579165
8800.043219783855,4.801727096404587
8802.17398085402,4.387873265742402
8804.304741924187,2.6194875635086703
8806.435502994353,3.2539697484381667
8808.566264064517,3.843214328054805
8810.697025134683,3.251060540636811
8812.827786204849,4.499912044247888
8814.958547275015,4.0084368542902915
8817.08930834518,3.7815723291938204
8819.220069415345,4.320207378724404
8821.350830485511,4.4544225284906025
8823.481591555677,5.531955760256034
8825.612352625842,6.2346255579119605
8827.743113696008,7.370989396588241
8829.873874766174,5.042388810883231
8832.00463583634,4.873854271724976
8834.135396906504,4.868847382389795
8836.26615797667,5.611103046098753
8838.396919046836,6.062293155918098
8840.527680117002,5.950032471318943
8842.658441187166,7.1613282498971325
8844.789202257332,7.320864084237625
8846.919963327498,6.730894951786599
8849.050724397663,7.181357101860394
8851.181485467829,7.962410849634803
8853.312246537995,7.315705337275374
8855.44300760816,6.837689981225968
8857.573768678325,5.248409494953971
8859.704529748491,4.827706596838481
8861.835290818657,4.889175275975189
8863.966051888823,5.4959580615541475
8866.096812958987,6.010951751805093
8868.227574029153,6.949903042135177
8870.35833509932,7.827259596247969
8872.489096169485,9.548725120708477
8874.61985723965,9.393115722503714
8876.750618309816,9.275887955585764
8878.881379379982,8.759669918404214
8881.012140450148,8.867898714674535
8883.142901520312,6.323833954025417
8885.273662590478,5.58750759832888
8887.404423660644,4.878744948311132
8889.53518473081,3.3665021757923927
8891.665945800974,3.4274847401805424
8893.79670687114,4.7291054099968575
8895.927467941307,5.751376297227014
8898.058229011473,5.918452163152251
8900.188990081637,6.4633332459310315
8902.319751151803,7.706119932997594
8904.450512221969,6.935342974854981
8906.581273292135,6.279277107966429
8908.7120343623,5.305074426711451
8910.842795432465,4.560909068974334
8912.973556502631,3.762776921259385
8915.104317572797,4.788427883859543
8917.235078642962,4.2596700216817736
8919.365839713128,4.330655842907646
8921.496600783294,3.5099270165879677
8923.62736185346,1.6572032298032762
8925.758122923624,2.0482037651592666
8927.88888399379,3.5830518583615367
8930.019645063956,3.4081450956290955
8932.150406134122,3.4825579870567633
8934.281167204286,3.067682691791409
8936.411928274452,1.6433330983287768
8938.542689344618,4.2830923120837445
8940.673450414784,5.708617150959446
8942.804211484949,7.912165770486345
8944.934972555115,9.230814883125548
8947.06573362528,10.030680769046514
8949.196494695447,11.553522624382717
8951.327255765611,11.858353460758014
8953.458016835777,11.491238765127646
8955.588777905943,10.661233785726367
8957.71953897611,11.143366270279376
8959.850300046273,11.455644919091071
8961.98106111644,11.616917885107375
8964.111822186605,11.887879552299516
8966.242583256771,12.301385311796995
8968.373344326936,10.47977606573802
8970.504105397102,8.728529361501456
8972.634866467268,8.02361077845851
8974.765627537432,8.324209169940671
8976.896388607598,8.90961663818965
8979.027149677764,9.773809928495108
8981.15791074793,10.107293760643405
8983.288671818094,9.328016168310427
8985.41943288826,9.178344747788964
8987.550193958426,7.598832502045703
8989.680955028593,4.862728727045795
8991.811716098757,3.59301525780276
8993.942477168923,2.9524362714502077
8996.073238239089,2.0852319992275636
8998.203999309255,1.9567008919579303
9000.33476037942,2.63807434162801
9002.465521449585,3.732425708710622
9004.596282519751,3.9126079074077174
9006.727043589917,3.2786090715927934
9008.857804660081,3.076086463995863
9010.988565730248,1.7225178381051174
9013.119326800414,1.1650922394108687
9015.25008787058,2.545251519956634
9017.380848940744,2.7798411867135253
9019.51161001091,2.8378219463171
9021.642371081076,3.1392689992192904
9023.773132151242,4.027375705614977
9025.903893221406,3.9663681952172785
9028.034654291572,2.347009923153222
9030.165415361738,2.541211243179261
9032.296176431904,3.9053023872325157
9034.426937502069,3.105901130224421
9036.557698572235,2.0578409905619583
9038.6884596424,2.781584467468224
9040.819220712567,3.1052737623800453
9042.94998178273,4.854425085470472
9045.080742852897,4.720739916249332
9047.211503923063,5.069917551828655
9049.342264993229,4.616639605851594
9051.473026063393,4.781450518675308
9053.60378713356,5.15579059021131
9055.734548203725,5.8414833900181105
9057.865309273891,5.414901407827404
9059.996070344056,4.626107956210916
9062.126831414222,3.984153134609681
9064.257592484388,2.1887678569609132
9066.388353554554,1.1034917980499974
9068.519114624718,2.5324484271739696
9070.649875694884,5.3777003455119115
9072.78063676505,6.286652052309557
9074.911397835216,7.2750531140052965
9077.04215890538,7.797927053859046
9079.172919975546,8.151652651810231
9081.303681045712,8.869389002934748
9083.434442115878,10.15270084681352
9085.565203186043,9.821796953796158
9087.695964256209,8.828847323764267
9089.826725326375,9.077494629774263
9091.957486396539,9.833388763391557
9094.088247466705,9.857255699955445
9096.219008536871,11.210534049419476
9098.349769607037,10.44549336067589
9100.480530677201,10.945467901883745
9102.611291747367,11.991316111654513
9104.742052817533,11.059373436308737
9106.8728138877,9.761097997823308
9109.003574957864,10.405007402181678
9111.13433602803,10.818861003680256
9113.265097098196,11.220171039312984
9115.395858168362,10.688584880965253
9117.526619238526,10.78117572895088
9119.657380308692,9.304179763184733
9121.788141378858,8.246532441075935
9123.918902449024,8.14257971043613
9126.049663519188,7.4365233653089735
9128.180424589355,5.752985803279967
9130.31118565952,4.905339221462085
9132.441946729687,4.636232515160534
9134.57270779985,4.35450527237712
9136.703468870017,6.096363995501071
9138.834229940183,7.557669877571168
9140.964991010349,9.102525501269458
9143.095752080513,10.60616709783141
9145.22651315068,12.180706322296828
9147.357274220845,13.047324189394526
9149.488035291011,11.87219483888945
9151.618796361176,11.601061100417178
9153.749557431342,11.111382281318193
9155.880318501508,10.509784006906871
9158.011079571674,10.133214642089301
9160.141840641838,10.191554999059093
9162.272601712004,11.164016878956998
9164.40336278217,10.188605511898013
9166.534123852336,8.577611627808132
9168.6648849225,8.38629357993152
9170.795645992666,7.895438386517891
9172.926407062832,8.506179953492916
9175.057168132998,7.859223638237274
9177.187929203163,7.639985071351843
9179.318690273329,6.013445076052492
9181.449451343495,5.172170964724883
9183.58021241366,3.8222256229657003
9185.710973483825,4.514984126222101
9187.841734553991,4.9472333721492925
9189.972495624157,6.060903563358314
9192.103256694323,6.009209280769777
9194.234017764487,6.276849341085152
9196.364778834653,8.150904228992585
9198.49553990482,10.086835146772803
9200.626300974985,10.558858716270997
9202.75706204515,11.502201979978196
9204.887823115316,10.949971501362683
9207.018584185482,11.145396900727134
9209.149345255648,10.929140422724778
9211.280106325812,12.455675101308294
9213.410867395978,12.606671317715737
9215.541628466144,12.539995797811265
9217.672389536308,11.999928852715497
9219.803150606474,11.96169105863872
9221.93391167664,12.544944656251168
9224.064672746807,13.3676058550195
9226.19543381697,14.520281132118424
9228.326194887137,15.58132457967667
9230.456955957303,15.576689136142376
9232.587717027469,15.928351963392066
9234.718478097633,16.836254790157117
9236.8492391678,16.75055850254562
9238.980000237965,18.176754029393262
9241.110761308131,19.34037959200545
9243.241522378295,18.84618890052848
9245.372283448462,17.521207883386094
9247.503044518628,16.601092680299036
9249.633805588794,15.739828748372751
9251.764566658958,14.225597117188201
9253.895327729124,14.508839903172717
9256.02608879929,14.116063162040835
9258.156849869456,13.820029373754574
9260.28761093962,12.259328671673746
9262.418372009786,12.25677093623211
9264.549133079952,12.940913988781123
9266.679894150118,12.601772339051854
9268.810655220283,12.082197706173876
9270.941416290449,11.166941186389403
9273.072177360615,9.722490993419417
9275.20293843078,7.154964717312974
9277.333699500945,4.227664675461676
9279.464460571111,4.05827087804178
9281.595221641277,4.050961846345062
9283.725982711443,4.188855390321168
9285.856743781607,4.610414091934125
9287.987504851773,6.0340276840953555
9290.11826592194,6.474886328746659
9292.249026992105,5.589247637664195
9294.37978806227,4.814341690336362
9296.510549132436,4.438864010049239
9298.641310202602,5.310579822140795
9300.772071272768,5.287307566414309
9302.902832342932,5.636187018559786
9305.033593413098,5.107582833858381
9307.164354483264,4.223577782337312
9309.29511555343,3.9199292519955318
9311.425876623594,2.543957254887246
9313.55663769376,0.7881927907920203
9315.687398763926,0.42501539528389537
9317.818159834093,2.092920151048212
9319.948920904257,2.4373010223509737
9322.079681974423,3.2389789838461747
9324.210443044589,3.3449337710007563
9326.341204114755,4.193618323580664
9328.47196518492,5.594696695451443
9330.602726255085,5.2852334291882075
9332.733487325251,3.838231490810255
9334.864248395415,3.550555812387379
9336.995009465581,3.7779737231474693
9339.125770535748,4.273742040289769
9341.256531605914,3.8055450464188008
9343.387292676078,3.220770292926413
9345.518053746244,3.003012342239871
9347.64881481641,4.5948881477010675
9349.779575886576,5.433698349936177
9351.91033695674,5.403473700135349
9354.041098026906,4.8866124286589505
9356.171859097072,4.748545289002325
9358.302620167238,4.989604637859533
9360.433381237403,5.799365568889372
9362.564142307569,5.418236320199288
9364.694903377735,4.763780605034278
9366.8256644479,4.467335178254799
9368.956425518065,3.4577954443164423
9371.08718658823,3.5558672237046425
9373.217947658397,4.662267854551548
9375.348708728563,5.07555122339874
9377.479469798727,4.853937066844145
9379.610230868893,5.075253418251389
9381.74099193906,4.401534539978179
9383.871753009225,4.799458825107087
9386.00251407939,4.931064330129478
9388.133275149556,6.956187369504412
9390.264036219722,6.705406992788026
9392.394797289888,6.06527348326266
9394.525558360052,6.5784944215725485
9396.656319430218,7.8474766712532364
9398.787080500384,9.160466311829463
9400.91784157055,11.267202136526839
9403.048602640714,12.853520207014405
9405.17936371088,12.07696077831111
9407.310124781046,10.95529514643545
9409.440885851212,11.271182558401913
9411.571646921377,10.781896199840913
9413.702407991543,11.796367470896058
9415.833169061709,12.235180829986565
9417.963930131875,13.282539559285409
9420.094691202039,13.968003045405228
9422.225452272205,13.847021520361844
9424.356213342371,13.393604176985605
9426.486974412537,12.659977618734484
9428.617735482701,10.785098762714057
9430.748496552867,9.529037593656957
9432.879257623033,8.688793913550128
9435.0100186932,7.347723335307559
9437.140779763364,7.157835183864245
9439.27154083353,8.406473730935742
9441.402301903696,8.82243584801243
9443.533062973862,10.05581060761424
9445.663824044026,9.200447586989565
9447.794585114192,9.490474649248654
9449.925346184358,9.60340917333497
9452.056107254524,12.184340543133711
9454.186868324688,14.165907254291684
9456.317629394855,13.83058374364361
9458.44839046502,12.954160499816433
9460.579151535185,11.59732380979014
9462.70991260535,11.222380656181139
9464.840673675517,10.878115283401844
9466.971434745683,11.080896088827064
9469.102195815847,11.283626802535496
9471.232956886013,11.092326286438073
9473.36371795618,12.02374711817083
9475.494479026345,12.557479847906848
9477.62524009651,12.394127340511899
9479.756001166676,10.969305421409466
9481.886762236842,10.3429768902919
9484.017523307008,9.337763436799511
9486.148284377172,7.581642507981956
9488.279045447338,7.400169692556266
9490.409806517504,7.194314556279639
9492.54056758767,6.675849929626275
9494.671328657834,6.911612513346511
9496.802089728,7.206807649959232
9498.932850798166,7.257966882733286
9501.063611868332,8.164304669231038
9503.194372938497,9.129472003849443
9505.325134008663,9.930564315474308
9507.455895078829,9.208591627927548
9509.586656148995,8.899101489248757
9511.717417219159,8.644673516610913
9513.848178289325,9.035557548631138
9515.978939359491,8.948745283829345
9518.109700429657,9.435640404138617
9520.240461499821,10.959859154818362
9522.371222569987,10.814681618657993
9524.501983640153,10.922516487940033
9526.63274471032,11.718319471457342
9528.763505780484,12.66157568203481
9530.89426685065,13.01152806632346
9533.025027920816,12.223100447212524
9535.155788990982,11.436648333392405
9537.286550061146,9.535578679033165
9539.417311131312,8.137907280028028
9541.548072201478,7.423462600331465
9543.678833271644,5.078611449317003
9545.809594341808,4.197980178451717
9547.940355411974,4.482670619385475
9550.07111648214,5.303334272913229
9552.201877552307,5.915307872379141
9554.33263862247,6.287442952141164
9556.463399692637,7.841914673223531
9558.594160762803,7.752632381233934
9560.724921832969,7.360982099396812
9562.855682903133,6.734714188366035
9564.9864439733,5.322944169365112
9567.117205043465,3.870624920199145
9569.247966113631,3.3280927327691874
9571.378727183795,3.235512324780692
9573.509488253962,3.301154809837001
9575.640249324128,3.990372154626212
9577.771010394292,4.738406382568736
9579.901771464458,4.464680119508908
9582.032532534624,5.3357052938119915
9584.16329360479,5.602345569824079
9586.294054674954,6.363658943448159
9588.42481574512,6.372353063385446
9590.555576815286,5.330628717722676
9592.686337885452,3.483725183035476
9594.817098955617,2.95292795244566
9596.947860025783,4.671249512307311
9599.078621095949,5.265300901635236
9601.209382166115,6.879263968704569
9603.340143236279,8.108198113380046
9605.470904306445,8.51555419565157
9607.601665376611,8.222900010647185
9609.732426446777,7.567186100269525
9611.863187516941,5.044843763511873
9613.993948587107,4.016436412963759
9616.124709657273,3.4975612613926788
9618.25547072744,5.959479916648572
9620.386231797604,5.615929911916278
9622.51699286777,5.482698620053105
9624.647753937936,5.825544678010956
9626.778515008102,5.74219801078827
9628.909276078266,5.902823965987451
9631.040037148432,4.769639537621279
9633.170798218598,3.799227858049671
9635.301559288764,2.623049175289492
9637.432320358928,3.6964623486963877
9639.563081429094,5.488199376378597
9641.69384249926,5.495772302809046
9643.824603569426,4.972027978041156
9645.95536463959,5.095662286929086
9648.086125709757,4.701279755078106
9650.216886779923,4.086085861638345
9652.347647850089,5.189629109813181
9654.478408920253,7.908893133525917
9656.60916999042,8.746552051565402
9658.739931060585,10.136564571508929
9660.870692130751,10.945067455785338
9663.001453200915,10.66155645469082
9665.132214271081,9.538425163798223
9667.262975341248,7.8625423786273005
9669.393736411414,6.250090677836277
9671.524497481578,5.6124759874456105
9673.655258551744,6.212167404914252
9675.78601962191,7.287456491262223
9677.916780692076,8.64161989174888
9680.04754176224,8.531444480439548
9682.178302832406,8.886405992462024
9684.309063902572,9.196736851357928
9686.439824972738,10.18591045189162
9688.570586042903,10.837069921186826
9690.701347113069,9.821251376476976
9692.832108183235,8.232543892231538
9694.9628692534,7.841727110723102
9697.093630323565,7.894115723043631
9699.224391393731,7.018032981800238
9701.355152463897,6.144136152642041
9703.485913534061,7.57223649470853
9705.616674604227,7.863663812189229
9707.747435674393,7.753275497419771
9709.87819674456,9.05081606811431
9712.008957814724,8.814538773261328
9714.13971888489,9.370037911892627
9716.270479955056,8.808143035429353
9718.401241025222,8.311698164328881
9720.532002095386,7.110592473671369
9722.662763165552,6.411924013359371
9724.793524235718,5.357217281605698
9726.924285305884,5.617408607160807
9729.055046376048,5.598743559593181
9731.185807446214,3.2468376106668417
9733.31656851638,1.3411463488747881
9735.447329586546,1.2623307579178193
9737.57809065671,1.5997453636402843
9739.708851726877,0.9985366284249284
9741.839612797043,2.833052825477179
9743.970373867209,3.7311055735496006
9746.101134937373,3.567828503451351
9748.231896007539,4.273272878767245
9750.362657077705,4.814178427769198
9752.493418147871,4.393657108150494
9754.624179218035,3.9300637097295743
9756.754940288201,4.237627021265705
9758.885701358367,6.100156711217023
9761.016462428533,6.142954415050119
9763.147223498698,7.370936252898465
9765.277984568864,8.708430324536339
9767.40874563903,8.007297105485794
9769.539506709196,7.0168075845489986
9771.67026777936,5.230919470624102
9773.801028849526,5.624418076423121
9775.931789919692,7.1151681787637635
9778.062550989858,8.137339243459957
9780.193312060022,8.257926794227654
9782.324073130188,8.193079223541444
9784.454834200355,6.6979651414336265
9786.58559527052,4.0314545565915765
9788.716356340685,2.001602545865706
9790.84711741085,0.6820959002650718
9792.977878481017,2.09537274100249
9795.108639551183,3.3614174583580705
9797.239400621347,4.705015312739727
9799.370161691513,4.627866882623657
9801.50092276168,4.271336656450907
9803.631683831845,3.9778289232543966
9805.76244490201,3.9882840651142555
9807.893205972176,3.161139058552558
9810.023967042342,2.5029682333906504
9812.154728112508,1.470001464109003
9814.285489182672,1.2866286049973843
9816.416250252838,0.7075224590540145
9818.547011323004,0.6585938933533058
9820.677772393168,1.5354402822973883
9822.808533463334,1.0300943607780113
9824.9392945335,2.116827472121431
9827.070055603666,2.693054247603234
9829.20081667383,2.8174731387118674
9831.331577743997,1.3407555814900582
9833.462338814163,0.3572568533947062
9835.593099884329,0.7587367657053307
9837.723860954493,1.7126171203953586
9839.854622024659,1.8905511234311647
9841.985383094825,1.9692302523991598
9844.116144164991,1.4068405123559615
9846.246905235155,1.9113730463781466
9848.377666305321,1.2006859988480867
9850.508427375487,0.914255250528857
9852.639188445653,1.4810878336665274
9854.769949515818,2.4395120550223583
9856.900710585984,3.2607934960948795
9859.03147165615,4.594243278870169
9861.162232726316,4.7160769692350515
9863.29299379648,4.122067010019605
9865.423754866646,3.637001455524699
9867.554515936812,5.102359261785537
9869.685277006978,6.833380993264113
9871.816038077142,7.7104285860913775
9873.946799147308,6.982662147213796
9876.077560217474,6.811698820630497
9878.20832128764,6.381391911732598
9880.339082357805,6.251330436674725
9882.46984342797,5.834759802184147
9884.600604498137,4.9063562806342045
9886.731365568303,4.596613651445906
9888.862126638467,5.148836875618964
9890.992887708633,4.509396232066265
9893.1236487788,3.6194655624724783
9895.254409848965,3.137137472139681
9897.38517091913,2.938683929306442
9899.515931989295,3.094079120487556
9901.646693059462,3.2339014241462873
9903.777454129628,2.414614065098513
9905.908215199792,0.9939574182658979
9908.038976269958,0.8515327885037766
9910.169737340124,1.3316612022116623
9912.30049841029,1.752653522252484
9914.431259480454,2.629338748839864
9916.56202055062,3.4773605525550186
9918.692781620786,4.663763344122037
9920.823542690952,5.13963083457319
9922.954303761117,6.252104486352667
9925.085064831283,6.064014927599715
9927.215825901449,5.276069503124096
9929.346586971615,4.33110751104727
9931.477348041779,4.478945459496139
9933.608109111945,6.979797478598448
9935.738870182111,8.677064692476968
9937.869631252277,9.03479509712353
9940.000392322441,8.708895018583505
9942.131153392607,7.980066977447113
9944.261914462773,7.912613324782945
9946.392675532938,8.399694506892294
9948.523436603104,9.527538480293973
9950.65419767327,9.914003675516286
9952.784958743436,9.010904331511007
9954.9157198136,7.7392763417910935
9957.046480883766,6.864314341195805
9959.177241953932,7.118940435402227
9961.308003024098,8.063565987874435
9963.438764094262,7.760849815570418
9965.569525164428,8.119434669010944
9967.700286234594,8.11421396515013
9969.83104730476,8.803248072520294
9971.961808374925,8.969130999094595
9974.09256944509,8.509060595083398
9976.223330515257,7.865645623150721
9978.354091585423,7.863604159128038
9980.484852655587,7.487687583195791
9982.615613725753,7.099148064276207
9984.74637479592,6.674508670344162
9986.877135866085,6.085585223193284
9989.00789693625,5.665345485737396
9991.138658006415,6.765063103456693
9993.269419076581,7.130151735382948
9995.400180146748,8.831054329099102
9997.530941216912,10.045569654750324
9999.661702287078,11.694051532035049
10001.792463357244,11.072755633071397
10003.92322442741,11.865285818418869
10006.053985497574,12.15883903031855
10008.18474656774,11.786883380471611
10010.315507637906,11.77532995834247
10012.446268708072,11.304003548080253
10014.577029778236,11.058891710026952
10016.707790848403,11.120046428611412
10018.838551918569,11.318247300739575
10020.969312988735,10.765492797191087
10023.100074058899,10.119990905819366
10025.230835129065,10.665088829459531
10027.361596199231,10.461958325278697
10029.492357269397,11.148762563240357
10031.623118339561,12.080839580906831
10033.753879409727,11.629011200822177
10035.884640479893,12.222110871401796
10038.01540155006,11.851541512838512
10040.146162620224,11.293277379061825
10042.27692369039,9.685198131408582
10044.407684760556,8.982688812885023
10046.538445830722,8.501142405445584
10048.669206900886,8.909416667058482
10050.799967971052,7.707308401837249
10052.930729041218,7.514658375105181
10055.061490111384,6.6913011175623565
10057.192251181548,6.070960653313174
10059.323012251714,6.397681211356114
10061.45377332188,6.477389531586519
10063.584534392045,6.828319304166784
10065.71529546221,6.026598593831268
10067.846056532377,5.528060338270405
10069.976817602543,5.576682917265382
10072.107578672707,5.182622919250658
10074.238339742873,4.226165844979895
10076.369100813039,2.808967040060496
10078.499861883205,2.049005581900633
10080.63062295337,1.9841227151157819
10082.761384023535,1.7070591190472926
10084.892145093701,1.3880450946457374
10087.022906163867,2.527322018754621
10089.153667234032,3.027688948406126
10091.284428304198,2.5210580513844714
10093.415189374364,2.986452056096192
10095.54595044453,2.31993336832014
10097.676711514694,1.490054606409684
10099.80747258486,3.17327436556366
10101.938233655026,3.8914393886369214
10104.068994725192,3.4981565099194736
10106.199755795356,4.1859926478187255
10108.330516865522,4.571121028910114
10110.461277935688,4.735357784141465
10112.592039005855,5.273330039361724
10114.722800076019,5.38538225453707
10116.853561146185,5.82813113510319
10118.98432221635,6.0196552648118775
10121.115083286517,4.861679391577886
10123.245844356681,2.963592248417258
10125.376605426847,2.905748181821772
10127.507366497013,3.884539168551159
10129.63812756718,5.8118926002651445
10131.768888637343,6.406705398245245
10133.89964970751,5.26408269409414
10136.030410777676,4.534215322592078
10138.161171847842,4.052259202208093
10140.291932918006,5.152754592991435
10142.422693988172,6.407005219393117
10144.553455058338,7.389402262366243
10146.684216128504,6.130235873876607
10148.814977198668,5.91717316462297
10150.945738268834,6.504532216144107
10153.076499339,7.8839597425730155
10155.207260409166,6.9818706134757
10157.33802147933,5.741271552467273
10159.468782549497,3.649307567348917
10161.599543619663,3.537633754874876
10163.730304689829,4.862305423917264
10165.861065759993,4.911431307960571
10167.991826830159,6.000804188097178
10170.122587900325,7.4529593093142745
10172.253348970491,8.482746862266602
10174.384110040655,9.215586274001325
10176.514871110821,8.449370911367277
10178.645632180987,8.560839463683518
10180.776393251153,9.013042876570443
10182.907154321318,8.930654474719997
10185.037915391484,8.960497037173583
10187.16867646165,10.028579528290653
10189.299437531814,10.150924339051208
10191.43019860198,9.278694846748667
10193.560959672146,8.321692965131765
10195.691720742312,7.265442100976647
10197.822481812476,7.110757811302094
10199.953242882642,8.761729476098703
10202.084003952808,10.196099085802649
10204.214765022974,10.971160779953319
10206.345526093139,10.862598926146353
10208.476287163305,10.477010208131436
10210.60704823347,8.881125785275207
10212.737809303637,9.16652295601585
10214.868570373801,9.73481532956436
10216.999331443967,10.974860693421451
10219.130092514133,11.80311347434205
10221.2608535843,12.284909231818167
10223.391614654463,12.527906736251305
10225.52237572463,11.51379809349458
10227.653136794796,10.695694873085428
10229.783897864962,10.87805591588695
10231.914658935126,11.604041684820025
10234.045420005292,12.584099884823072
10236.176181075458,12.645347208106758
10238.306942145624,12.399425312044459
10240.437703215788,11.922562920365454
10242.568464285954,12.293555849946076
10244.69922535612,10.826201660947449
10246.829986426286,10.549530760873363
10248.96074749645,9.651952686080723
10251.091508566617,9.652207987917611
10253.222269636783,9.637597315437258
10255.353030706949,8.536905035590367
10257.483791777113,6.779135790609999
10259.614552847279,4.919570264199724
10261.745313917445,5.813541928598178
10263.876074987611,6.026543490965991
10266.006836057775,6.925193107771017
10268.137597127941,6.497263276920963
10270.268358198107,6.693949259251873
10272.399119268273,7.551553554579258
10274.529880338438,6.844408062750132
10276.660641408604,6.427541996188704
10278.79140247877,6.824438323096164
10280.922163548936,7.602451432115132
10283.0529246191,7.377088410967389
10285.183685689266,7.657033318311095
10287.314446759432,7.128384141494097
10289.445207829598,6.965891015888307
10291.575968899762,6.074378754076782
10293.706729969928,6.1077994996403335
10295.837491040094,5.2874410927058495
10297.96825211026,4.261993281269448
10300.099013180425,4.321993522391449
10302.22977425059,4.748521976112417
10304.360535320757,6.655962459274181
10306.491296390921,7.8395067259015105
10308.622057461087,7.925980290540025
10310.752818531253,7.932242337564023
10312.88357960142,6.928567341907529
10315.014340671583,6.580808971992303
10317.14510174175,5.525849349181571
10319.275862811915,5.882876239240093
10321.406623882081,5.6927253483824245
10323.537384952246,6.195428739761173
10325.668146022412,7.785973000535704
10327.798907092578,8.47970674221757
10329.929668162744,9.068831229079967
10332.060429232908,9.465277740081039
10334.191190303074,9.9301541083594
10336.32195137324,8.744999030371922
10338.452712443406,7.505589117869325
10340.58347351357,6.2160195138857155
10342.714234583736,5.67186383708375
10344.844995653903,7.323434743290716
10346.975756724069,8.572019954589107
10349.106517794233,8.3885205023189
10351.237278864399,8.00984957006988
10353.368039934565,8.283690232930805
10355.498801004731,8.88757115383043
10357.629562074895,8.740610118012325
10359.760323145061,9.350382431196168
10361.891084215227,8.105640162824747
10364.021845285393,7.066753747289958
10366.152606355558,6.963361984634686
10368.283367425724,6.507541196589504
10370.41412849589,5.634191313951054
10372.544889566056,3.6650656994839834
10374.67565063622,2.8935729319946537
10376.806411706386,2.5132520344514373
10378.937172776552,1.3403189561719002
10381.067933846718,0.7948648423402416
10383.198694916882,1.6178249386203
10385.329455987048,1.579222413937531
10387.460217057214,1.3686833176656994
10389.59097812738,1.8362201170433523
10391.721739197545,2.4979544501668594
10393.85250026771,3.1335747397467966
10395.983261337877,4.958270887648468
10398.114022408043,5.943967277500001
10400.244783478207,5.422105039396847
10402.375544548373,7.228177547771324
10404.506305618539,8.002575827651274
10406.637066688705,9.259254034067922
10408.76782775887,9.692996473639964
10410.898588829035,9.531521118267733
10413.029349899201,8.672239839819488
10415.160110969367,7.893956412380819
10417.290872039532,7.724360373557524
10419.421633109698,8.11844456133206
10421.552394179864,7.974995724170098
10423.68315525003,7.7679641939963355
10425.813916320194,7.259947584406454
10427.94467739036,7.116224614565148
10430.075438460526,4.570152247464435
10432.20619953069,2.3431709136401704
10434.336960600856,2.607570034087314
10436.467721671022,3.5389552321678597
10438.598482741188,3.567566958729142
10440.729243811353,3.267728187626573
10442.860004881519,3.4224156640237964
10444.990765951685,3.520242107705263
10447.12152702185,2.861011746456259
10449.252288092015,2.9118144629005718
10451.383049162181,1.2642815986324418
10453.513810232347,0.9544771928442873
10455.644571302513,1.2191890686108064
10457.775332372677,2.7862322064841223
10459.906093442843,3.429551850270773
10462.03685451301,4.775844411186239
10464.167615583176,5.739809397497863
10466.29837665334,5.939331311202501
10468.429137723506,5.724884000967174
10470.559898793672,5.528886116457774
10472.690659863838,4.31800645072105
10474.821420934002,2.845812135767242
10476.952182004168,0.8832181527551831
10479.082943074334,1.5292617022328558
10481.2137041445,3.585604984716571
10483.344465214665,4.6861562938284305
10485.47522628483,5.841517659544666
10487.605987354997,5.035369295079334
10489.736748425163,4.394967191306
10491.867509495327,4.49999084797176
10493.998270565493,2.8741687799256703
10496.129031635659,2.386337833793248
10498.259792705825,2.303904678077707
10500.39055377599,2.4235466514904336
10502.521314846155,2.925576102909841
10504.652075916321,3.919254618176099
10506.782836986487,4.723368281652792
10508.913598056652,5.252962476182655
10511.044359126818,5.419053837874978
10513.175120196984,6.43522824004017
10515.30588126715,6.369896631508176
10517.436642337314,6.476009801526882
10519.56740340748,7.461074353440663
10521.698164477646,6.943346763898708
10523.828925547812,5.569893340726597
10525.959686617976,4.818984477861297
10528.090447688142,4.8270129399065755
10530.221208758308,5.79532660283017
10532.351969828474,6.465392726746695
10534.482730898639,7.866637147038483
10536.613491968805,7.745107675905469
10538.74425303897,8.271043233223493
10540.875014109137,7.977280991601606
10543.005775179301,7.342600679775672
10545.136536249467,7.955878636075813
10547.267297319633,6.846647853119763
10549.398058389797,5.700165441727637
10551.528819459963,6.296762334180963
10553.65958053013,7.156266260119304
10555.790341600296,7.915937944224272
10557.92110267046,6.883904276356128
10560.051863740626,7.775157096553583
10562.182624810792,7.29659252711367
10564.313385880958,6.793859769229701
10566.444146951122,5.624756472313232
10568.574908021288,5.287233042223513
10570.705669091454,4.144767859912305
10572.83643016162,4.055233502284386
10574.967191231784,2.851099427564957
10577.09795230195,1.946653030720935
10579.228713372117,1.2747993549718595
10581.359474442283,1.1826907132058144
10583.490235512447,0.8358886784359195
10585.620996582613,0.9728217886197679
10587.751757652779,1.1799417458119654
10589.882518722945,2.2197019451174627
10592.01327979311,3.821922898656715
10594.144040863275,4.471755625918908
10596.274801933441,4.766870105200829
10598.405563003607,4.490163413244974
10600.536324073772,2.869116047081518
10602.667085143938,2.740401755522132
10604.797846214104,4.569433898045002
10606.92860728427,5.797152908802621
10609.059368354434,6.660044012044466
10611.1901294246,8.152032486766608
10613.320890494766,9.228356007570701
10615.451651564932,8.938892266900734
10617.582412635096,8.968484297225201
10619.713173705262,8.869908920818277
10621.843934775428,7.578068598334421
10623.974695845594,8.349719382138137
10626.105456915759,10.242238453588085
10628.236217985925,11.069811475866478
10630.36697905609,11.986804505741274
10632.497740126257,12.66683168966587
10634.628501196421,12.987533847571042
10636.759262266587,11.055270630388847
10638.890023336753,10.836889497255365
10641.02078440692,11.769813950137259
10643.151545477083,11.689303142712149
10645.28230654725,12.107238815180574
10647.413067617415,11.400496196109232
10649.543828687581,10.148306313689336
10651.674589757746,9.326653491203498
