Frequency (T),Intensities (arb. units)
0.0,5.039369791025916
2.1307610701655824,8.035022654627086
4.261522140331165,10.289412019107457
6.392283210496747,8.38288463901789
8.52304428066233,26.31277118761481
10.653805350827913,7.229854238047375
12.784566420993494,45.77745742020658
14.915327491159076,33.18601752646819
17.04608856132466,74.38135281249934
19.176849631490242,121.1736687014151
21.307610701655825,180.0236853117803
23.438371771821405,210.78263926533134
25.56913284198699,412.9526898756922
27.69989391215257,427.9297320192036
29.83065498231815,207.16494810273906
31.961416052483735,160.58850470177256
34.09217712264932,107.3853882462757
36.2229381928149,549.0986725579145
38.353699262980484,549.5340455061499
40.48446033314607,691.808280025034
42.61522140331165,578.3955166570157
44.74598247347723,615.2935968937004
46.87674354364281,300.2501788577828
49.00750461380839,330.7192697147884
51.13826568397398,775.8999541382449
53.26902675413956,461.1773503626351
55.39978782430514,861.0227618962847
57.530548894470726,294.614809583937
59.6613099646363,414.58669150215087
61.792071034801886,604.4510185754743
63.92283210496747,887.1709492004245
66.05359317513306,289.6055115325845
68.18435424529864,376.2057660839384
70.31511531546421,544.1134898652356
72.4458763856298,228.0950468566783
74.57663745579538,556.7660001069062
76.70739852596097,218.50829158726884
78.83815959612654,112.09003678076748
80.96892066629214,419.36790306185367
83.09968173645771,494.42299129044903
85.2304428066233,984.1957897949742
87.36120387678888,2078.145067294823
89.49196494695445,1958.8809430433212
91.62272601712004,1776.6685486936797
93.75348708728562,1414.329707328277
95.88424815745121,450.2711791295047
98.01500922761679,584.0788044165371
100.14577029778238,821.0291858341619
102.27653136794795,305.51175358660686
104.40729243811353,314.62230687061896
106.53805350827912,281.9427168290164
108.6688145784447,462.58067965245715
110.79957564861029,527.442925157098
112.93033671877586,553.2227882178055
115.06109778894145,531.8884980667407
117.19185885910703,450.4149230996761
119.3226199292726,409.8669652474966
121.4533809994382,733.1811485015182
123.58414206960377,134.3644303334116
125.71490313976936,773.0999122978433
127.84566420993494,418.1604057922175
129.97642528010053,225.52353855361113
132.10718635026612,773.0712330496191
134.23794742043168,181.39273373429148
136.36870849059727,104.07840230837397
138.49946956076286,257.0471292707684
140.63023063092842,153.61968005253047
142.760991701094,265.9556661810578
144.8917527712596,198.11145727468286
147.0225138414252,154.37812334989346
149.15327491159076,445.5611014423713
151.28403598175635,716.2625297638813
153.41479705192194,495.03585850324885
155.5455581220875,170.2045498403874
157.6763191922531,229.53773252711733
159.80708026241868,451.30558987228375
161.93784133258427,384.4225072168242
164.06860240274983,521.560056418029
166.19936347291542,776.3533098462434
168.330124543081,996.5874896917749
170.4608856132466,900.9200963767028
172.59164668341216,168.03052746440588
174.72240775357776,287.3326392367833
176.85316882374335,300.74762812959654
178.9839298939089,400.83073479730234
181.1146909640745,657.0751445053188
183.2454520342401,295.2227931756086
185.37621310440568,298.54279153237417
187.50697417457124,317.7515198628239
189.63773524473683,73.35087061080996
191.76849631490242,129.02647611891928
193.89925738506798,242.99424388311243
196.03001845523357,416.56053569024095
198.16077952539916,492.3324031658903
200.29154059556475,456.0678616963628
202.42230166573032,285.2814888958547
204.5530627358959,155.3859970105912
206.6838238060615,120.70855407693038
208.81458487622706,300.7641718006081
210.94534594639265,430.2558328142635
213.07610701655824,388.27440243338754
215.20686808672383,401.5794609080743
217.3376291568894,677.4281154819818
219.46839022705498,368.6389298621311
221.59915129722057,224.90373480091827
223.72991236738613,298.4813877677929
225.86067343755172,640.7686968000565
227.99143450771732,758.1408651864782
230.1221955778829,558.5992817280845
232.25295664804847,254.59143335926143
234.38371771821406,219.11495581565114
236.51447878837965,352.86040807516235
238.6452398585452,378.1476972471855
240.7760009287108,218.52166090674083
242.9067619988764,533.6210035633793
245.03752306904198,192.00125985642674
247.16828413920754,271.9789055971988
249.29904520937313,385.28364426822736
251.42980627953872,44.918110391281
253.5605673497043,288.36849464658775
255.69132841986988,251.64723657453672
257.82208949003547,153.7212930861017
259.95285056020106,181.99451310830526
262.08361163036665,226.4258051105567
264.21437270053224,283.5554629172148
266.34513377069777,461.9726809237043
268.47589484086336,417.01132706017023
270.60665591102895,378.2800116652653
272.73741698119454,482.67335882263586
274.86817805136013,196.90895914769482
276.9989391215257,514.3085543130949
279.1297001916913,577.4892386318485
281.26046126185685,377.79375329295084
283.39122233202244,335.11230411141077
285.521983402188,395.995991298899
287.6527444723536,419.6426007449799
289.7835055425192,238.8679178787631
291.9142666126848,162.29926077095843
294.0450276828504,647.7533456214007
296.1757887530159,758.1108344727052
298.3065498231815,640.8206069252697
300.4373108933471,393.18719071099184
302.5680719635127,325.2006396285543
304.6988330336783,626.8768902953906
306.8295941038439,916.1216942003475
308.96035517400946,983.2081753186451
311.091116244175,1145.2943343592258
313.2218773143406,991.3277812403954
315.3526383845062,807.4444829977308
317.48339945467177,657.9076971987914
319.61416052483736,536.0462327282476
321.74492159500295,924.9710753727542
323.87568266516854,1146.7717984409283
326.0064437353341,1731.139786127462
328.13720480549966,1880.5606612120125
330.26796587566525,2423.5218052603504
332.39872694583084,3789.3195171028174
334.52948801599644,5252.93623106376
336.660249086162,5123.459512137711
338.7910101563276,3742.40004156463
340.9217712264932,2756.0845984644143
343.05253229665874,2036.9759085518144
345.18329336682433,1782.5632511646784
347.3140544369899,1239.7229392632184
349.4448155071555,839.4625718039879
351.5755765773211,787.9098407901445
353.7063376474867,912.5877804569734
355.8370987176523,935.6364127997723
357.9678597878178,760.4048807761324
360.0986208579834,618.7610373190638
362.229381928149,587.2176816487053
364.3601429983146,469.56615445432146
366.4909040684802,364.1646755820142
368.62166513864577,566.3165476954202
370.75242620881136,577.1363245847817
372.8831872789769,254.0491833982064
375.0139483491425,330.67504170224515
377.14470941930807,370.19137712277745
379.27547048947366,548.8671049470512
381.40623155963925,777.5116408982708
383.53699262980484,489.56125934390246
385.66775369997043,538.8075863943507
387.79851477013597,222.00124369102724
389.92927584030156,321.96530787247957
392.06003691046715,481.84152685544996
394.19079798063274,620.0917442791626
396.3215590507983,630.9310361442472
398.4523201209639,500.14688235257637
400.5830811911295,115.73996960454666
402.71384226129504,295.28994219936135
404.84460333146063,196.92863082506153
406.9753644016262,261.5305451309598
409.1061254717918,85.21335118166857
411.2368865419574,259.22585951605424
413.367647612123,346.6411291759804
415.4984086822886,543.8827483076184
417.6291697524541,342.56226884391253
419.7599308226197,324.2455499067733
421.8906918927853,190.2210782307972
424.0214529629509,126.53499951603237
426.1522140331165,295.300869772446
428.28297510328207,340.17124357530156
430.41373617344766,372.3009898759584
432.5444972436132,307.4801247631418
434.6752583137788,255.45368567202505
436.8060193839444,278.8875923300932
438.93678045410996,243.659869454167
441.06754152427555,262.4125638289821
443.19830259444115,308.4000357568591
445.32906366460674,191.02369129662654
447.45982473477227,300.0710526008497
449.59058580493786,350.83530272474013
451.72134687510345,449.6494246627104
453.85210794526904,479.6564913228876
455.98286901543463,611.2682728728031
458.1136300856002,573.2487921623607
460.2443911557658,364.9204672273027
462.37515222593134,182.90279767431667
464.50591329609694,118.0707611777408
466.6366743662625,461.35969422594655
468.7674354364281,654.7356831062452
470.8981965065937,797.2752392905463
473.0289575767593,1200.4978365643665
475.1597186469249,1558.9462503602076
477.2904797170904,1683.7411287194095
479.421240787256,1496.982461992803
481.5520018574216,1043.2643556636579
483.6827629275872,610.3849716941886
485.8135239977528,686.2721259936546
487.9442850679184,467.73564021050754
490.07504613808396,153.98118955159762
492.20580720824955,128.38449083758294
494.3365682784151,303.31218826096165
496.4673293485807,537.0446311618904
498.59809041874627,543.6201469649151
500.72885148891186,355.4068859229382
502.85961255907745,332.5435261470864
504.99037362924304,287.928507995783
507.1211346994086,264.0797537380158
509.25189576957416,109.17239381372625
511.38265683973975,104.43867139970557
513.5134179099053,267.5240817056501
515.6441789800709,291.7724606125838
517.7749400502365,178.72088618750644
519.9057011204021,126.6725138844882
522.0364621905677,85.34854426700385
524.1672232607333,230.97630583441952
526.2979843308989,32.2918136319964
528.4287454010645,196.88114561793049
530.55950647123,122.24661266351423
532.6902675413955,86.48418991661477
534.8210286115611,140.29207220974465
536.9517896817267,229.68577454602467
539.0825507518923,239.14824231273192
541.2133118220579,110.60456270165758
543.3440728922235,281.54559132024775
545.4748339623891,188.78006246381378
547.6055950325547,215.59222035102226
549.7363561027203,99.1162505455863
551.8671171728859,228.13766882002835
553.9978782430514,40.44197676731671
556.128639313217,308.9048970474201
558.2594003833826,412.4304782133933
560.3901614535482,607.4993680336228
562.5209225237137,911.1799418230993
564.6516835938793,989.603956612114
566.7824446640449,1024.876709053154
568.9132057342105,828.0522839883411
571.043966804376,1032.8826767038076
573.1747278745416,1193.501948436722
575.3054889447072,1027.819152081954
577.4362500148728,756.7605188617965
579.5670110850384,768.0060416370411
581.697772155204,701.2199962638
583.8285332253696,584.994695590679
585.9592942955352,539.8037696905587
588.0900553657008,462.50262777726994
590.2208164358664,335.93424986609597
592.3515775060318,18.07263426767646
594.4823385761974,193.79111112365203
596.613099646363,319.7155058824142
598.7438607165286,386.1830737003512
600.8746217866942,467.8491233510675
603.0053828568598,521.6050181917828
605.1361439270254,406.3807161482995
607.266904997191,190.26951577602586
609.3976660673566,128.5361920820249
611.5284271375222,227.5769861876575
613.6591882076877,308.0340537077318
615.7899492778533,159.00643484802103
617.9207103480189,265.5385864037051
620.0514714181845,421.0064938675382
622.18223248835,697.3590851830769
624.3129935585156,742.8955511050619
626.4437546286812,684.8411495702419
628.5745156988468,694.9346532514091
630.7052767690124,690.6856721706097
632.836037839178,611.9579852614887
634.9667989093435,537.0269604280973
637.0975599795091,564.5457198404952
639.2283210496747,558.9263826530478
641.3590821198403,577.9469310731815
643.4898431900059,486.43257783130684
645.6206042601715,212.8622995768094
647.7513653303371,72.24324815882426
649.8821264005027,248.79072690642533
652.0128874706681,327.8230487991577
654.1436485408337,346.9235565906428
656.2744096109993,148.3362371886698
658.4051706811649,83.40631180793115
660.5359317513305,226.72392275839138
662.6666928214961,210.64820051447902
664.7974538916617,135.39180813278784
666.9282149618273,296.7584788040522
669.0589760319929,528.8065510980585
671.1897371021585,689.3784151698306
673.320498172324,797.0361079209606
675.4512592424896,776.3041673265293
677.5820203126552,587.9925463243607
679.7127813828208,416.2356695520959
681.8435424529864,455.7941600457628
683.9743035231519,343.69992987250754
686.1050645933175,239.97877629550626
688.2358256634831,139.2809113792845
690.3665867336487,130.23619160179712
692.4973478038143,97.83003993273103
694.6281088739798,77.26160745311425
696.7588699441454,200.6965842352258
698.889631014311,311.21674072269866
701.0203920844766,410.04259969759573
703.1511531546422,559.1773835607876
705.2819142248078,565.5221989612779
707.4126752949734,385.903289375831
709.543436365139,282.65310525976594
711.6741974353046,204.4809906887656
713.80495850547,125.25699777377608
715.9357195756356,85.75059656475804
718.0664806458012,74.0049428953534
720.1972417159668,245.64458622599992
722.3280027861324,356.8932382249642
724.458763856298,352.2619025660126
726.5895249264636,311.4304026077927
728.7202859966292,249.16915371759887
730.8510470667948,155.71678832146924
732.9818081369604,213.21481848204635
735.112569207126,367.85535357659415
737.2433302772915,335.8932103272409
739.3740913474571,319.64274286795427
741.5048524176227,337.7854762399232
743.6356134877882,380.9072301087258
745.7663745579538,310.6769704258905
747.8971356281194,248.18053970443816
750.027896698285,254.0343651036972
752.1586577684506,198.48930332084905
754.2894188386161,180.35177094930464
756.4201799087817,84.5616326484039
758.5509409789473,83.88877202175661
760.6817020491129,161.50293821564978
762.8124631192785,171.85648632347397
764.9432241894441,161.5426844823114
767.0739852596097,163.44225283884566
769.2047463297753,259.5552727191672
771.3355073999409,364.7770427359905
773.4662684701063,499.8352466955987
775.5970295402719,575.3180096435535
777.7277906104375,578.1125953280176
779.8585516806031,492.2248482841628
781.9893127507687,491.8444559640239
784.1200738209343,489.98345467746407
786.2508348910999,300.152151023871
788.3815959612655,114.10424364048664
790.5123570314311,172.04884893967542
792.6431181015967,300.32260057992283
794.7738791717622,451.31997442589073
796.9046402419278,527.7300006434153
799.0354013120934,492.30848290825566
801.166162382259,437.02291305809246
803.2969234524245,323.4973298438962
805.4276845225901,245.59873608813842
807.5584455927557,292.77246915806336
809.6892066629213,378.63411712186354
811.8199677330869,587.877591792605
813.9507288032524,629.1508401029722
816.081489873418,658.0853650531732
818.2122509435836,667.5898507846124
820.3430120137492,813.9768033211523
822.4737730839148,1006.5860988992989
824.6045341540804,1152.0831414356644
826.735295224246,1166.8176457141258
828.8660562944116,1050.6284391396237
830.9968173645772,841.7875894663638
833.1275784347428,492.2485483165872
835.2583395049082,327.25379062116184
837.3891005750738,366.1968835516737
839.5198616452394,418.33582256769927
841.650622715405,472.87519890984856
843.7813837855706,459.36825824107274
845.9121448557362,480.31172039670804
848.0429059259018,446.5912605438166
850.1736669960674,484.3818765908109
852.304428066233,554.3362250057318
854.4351891363985,616.1818547524852
856.5659502065641,621.6743527592943
858.6967112767297,597.0870440873717
860.8274723468953,646.0022042718404
862.9582334170609,662.8558106880205
865.0889944872264,705.2242158600467
867.219755557392,702.7153563118375
869.3505166275576,682.4093543933108
871.4812776977232,666.1563630717736
873.6120387678887,585.6928398436262
875.7427998380543,459.2144699392219
877.8735609082199,360.47859320711206
880.0043219783855,218.37348275427286
882.1350830485511,198.72239598896354
884.2658441187167,246.02683989833022
886.3966051888823,260.18988523290574
888.5273662590479,303.6518462905951
890.6581273292135,363.8889160886182
892.7888883993791,326.9770923116908
894.9196494695445,241.44681392504424
897.0504105397101,171.13165827444087
899.1811716098757,90.91512456976969
901.3119326800413,91.70102680104603
903.4426937502069,158.6484872948024
905.5734548203725,221.03614028898724
907.7042158905381,324.47823825525836
909.8349769607037,478.3483271090544
911.9657380308693,541.1576228558621
914.0964991010349,616.1924533199249
916.2272601712004,657.3957456796365
918.358021241366,600.215185400948
920.4887823115316,540.8067005904444
922.6195433816972,390.4174509194926
924.7503044518627,338.8530887402907
926.8810655220283,495.96497970599785
929.0118265921939,606.17190097554
931.1425876623595,699.5537016427369
933.273348732525,720.8053419718015
935.4041098026906,694.8742622881099
937.5348708728562,744.0205477988007
939.6656319430218,719.222941538182
941.7963930131874,756.6216233865424
943.927154083353,757.5805226725837
946.0579151535186,769.1164296830118
948.1886762236842,912.9287929970712
950.3194372938498,943.3191671893603
952.4501983640154,880.664111260377
954.5809594341808,797.461384283133
956.7117205043464,780.2987724401152
958.842481574512,775.618945136189
960.9732426446776,771.2259270667344
963.1040037148432,720.6499509190448
965.2347647850088,674.8074565566319
967.3655258551744,598.7464654052177
969.49628692534,516.1095611963113
971.6270479955056,419.3237303493105
973.7578090656712,328.0489732672941
975.8885701358367,343.60876853012854
978.0193312060023,368.8370035577674
980.1500922761679,427.2032663630273
982.2808533463335,570.0752945541466
984.4116144164991,602.8646799214764
986.5423754866646,645.5539591282353
988.6731365568302,656.9553007302341
990.8038976269958,744.2084902460587
992.9346586971614,842.4179106081202
995.065419767327,878.3675810801269
997.1961808374925,1095.2592150542941
999.3269419076581,1544.2856310496331
1001.4577029778237,1968.9669163921685
1003.5884640479893,2446.2305762510796
1005.7192251181549,2878.1999062741716
1007.8499861883205,3065.747237521132
1009.9807472584861,3104.297316162677
1012.1115083286517,3064.238619822269
1014.2422693988173,2792.794113973688
1016.3730304689827,2596.6646138676356
1018.5037915391483,2261.324804530466
1020.6345526093139,1908.9716949534431
1022.7653136794795,1627.6357789238625
1024.896074749645,1392.273331031371
1027.0268358198107,1232.6379459216864
1029.1575968899763,1056.2876262858817
1031.2883579601419,999.6213949762197
1033.4191190303075,890.4737150319044
1035.549880100473,699.2502590315767
1037.6806411706386,601.487692669913
1039.8114022408042,513.186938983102
1041.9421633109698,403.14072558314524
1044.0729243811354,188.4016878486614
1046.203685451301,178.2805033243625
1048.3344465214666,622.7308646927683
1050.4652075916322,944.2273421331512
1052.5959686617978,1118.0366461914407
1054.7267297319634,1116.6973472530524
1056.857490802129,1012.2980636770619
1058.9882518722945,828.1669652428534
1061.11901294246,743.1999133660945
1063.2497740126255,621.4211419907307
1065.380535082791,527.5209319029805
1067.5112961529567,464.21942170680694
1069.6420572231223,309.1101268111965
1071.7728182932879,187.5473384557122
1073.9035793634534,269.98234587721845
1076.034340433619,348.13632328264185
1078.1651015037846,283.33785521828673
1080.2958625739502,254.5320601452232
1082.4266236441158,189.56279333544188
1084.5573847142814,202.76158456636955
1086.688145784447,283.3354165552694
1088.8189068546126,336.1301083498402
1090.9496679247782,432.967149365166
1093.0804289949438,524.6918013655485
1095.2111900651093,574.442718785549
1097.341951135275,705.8410906947429
1099.4727122054405,757.234922434944
1101.6034732756061,844.0272153692475
1103.7342343457717,914.3441690179333
1105.8649954159373,966.2595638244377
1107.995756486103,1010.658858285701
1110.1265175562685,952.3377060702356
1112.257278626434,887.0824474876961
1114.3880396965997,771.4799512754486
1116.5188007667653,638.1201113526339
1118.6495618369308,526.7221195741864
1120.7803229070964,404.08391288134925
1122.9110839772618,212.4029344511747
1125.0418450474274,249.22978605556335
1127.172606117593,400.5494186820952
1129.3033671877586,714.1026765488875
1131.4341282579242,986.0433030073601
1133.5648893280897,1211.619688773241
1135.6956503982553,1371.3941113078236
1137.826411468421,1421.0685593215244
1139.9571725385865,1380.2286332253425
1142.087933608752,1301.3475975888657
1144.2186946789177,1162.6401164211595
1146.3494557490833,1072.006776452256
1148.4802168192489,971.7613302746411
1150.6109778894145,899.3499219638418
1152.74173895958,710.3555096292346
1154.8725000297457,363.4126459179848
1157.0032610999112,273.3331211831102
1159.1340221700768,356.0930856774679
1161.2647832402424,465.27303487411496
1163.395544310408,585.187088276856
1165.5263053805736,562.5784126469031
1167.6570664507392,577.1010752379872
1169.7878275209048,593.4743006160353
1171.9185885910704,644.8199240969402
1174.049349661236,639.2229930730684
1176.1801107314016,553.2092366725628
1178.3108718015671,421.1461362960154
1180.4416328717327,278.70273997034934
1182.572393941898,176.57143442773602
1184.7031550120637,41.916387897675925
1186.8339160822293,172.28361738917516
1188.9646771523949,306.8965085220203
1191.0954382225605,377.185585391847
1193.226199292726,429.4862548688595
1195.3569603628916,423.867003167418
1197.4877214330572,415.3937456209265
1199.6184825032228,311.1699698627995
1201.7492435733884,162.15757151117458
1203.880004643554,71.66845418695924
1206.0107657137196,111.23114912735576
1208.1415267838852,143.95828093445246
1210.2722878540508,103.5368491689781
1212.4030489242164,88.72084481753427
1214.533809994382,74.88777260344798
1216.6645710645475,124.8505295266846
1218.7953321347131,126.57771350890057
1220.9260932048787,174.82942827757483
1223.0568542750443,259.74010506726273
1225.18761534521,336.7456563627486
1227.3183764153755,446.47077279745
1229.449137485541,503.00223437926144
1231.5798985557067,495.46100964518325
1233.7106596258723,484.3464389148822
1235.8414206960379,591.8911990644305
1237.9721817662034,626.4131885036394
1240.102942836369,650.4051536336983
1242.2337039065346,540.9974970292484
1244.3644649767,383.7539211098165
1246.4952260468656,206.42620350759725
1248.6259871170312,249.53160303726094
1250.7567481871968,392.6458663667726
1252.8875092573624,530.561857179262
1255.018270327528,578.7970835209617
1257.1490313976935,521.280236687626
1259.2797924678591,441.9030256547673
1261.4105535380247,392.5464874142928
1263.5413146081903,365.30539266024397
1265.672075678356,333.25734074377345
1267.8028367485215,338.77009734434006
1269.933597818687,302.7992857365732
1272.0643588888527,235.81641319238744
1274.1951199590183,99.13944537565463
1276.3258810291838,135.3451647185683
1278.4566420993494,267.1245398083415
1280.587403169515,387.31682060179304
1282.7181642396806,398.04181620296754
1284.8489253098462,372.1408731557231
1286.9796863800118,350.79673967830354
1289.1104474501774,227.36888413922242
1291.241208520343,149.26357538411835
1293.3719695905086,140.32879069324645
1295.5027306606742,214.5340783275556
1297.6334917308398,334.4056622545172
1299.7642528010053,417.70243765601936
1301.895013871171,479.99508564188136
1304.0257749413363,559.4815320902837
1306.1565360115019,575.1860706482372
1308.2872970816675,551.4720215086433
1310.418058151833,528.7892292657568
1312.5488192219987,583.26920649097
1314.6795802921642,567.2081437690791
1316.8103413623298,525.9061752678846
1318.9411024324954,505.4616601216475
1321.071863502661,505.2452765345914
1323.2026245728266,508.17321648719167
1325.3333856429922,605.5162907432891
1327.4641467131578,737.4013618907813
1329.5949077833234,914.9626421870831
1331.725668853489,970.5240107995395
1333.8564299236546,1117.8928352063149
1335.9871909938201,1333.0061737197257
1338.1179520639857,1650.1071974581955
1340.2487131341513,1974.5799678468393
1342.379474204317,2190.0941789698427
1344.5102352744825,2330.2007174668606
1346.640996344648,2415.6467831022264
1348.7717574148137,2397.955739573946
1350.9025184849793,2261.5441772827853
1353.0332795551449,2063.0957345014335
1355.1640406253105,1831.426316442299
1357.294801695476,1594.1116413633733
1359.4255627656416,1363.66450181931
1361.5563238358072,1134.0906609046153
1363.6870849059728,873.9233174200191
1365.8178459761382,683.4975136143412
1367.9486070463038,578.8310813573571
1370.0793681164694,549.2490065770502
1372.210129186635,447.8731039884267
1374.3408902568005,434.0329831581042
1376.4716513269661,475.34460713725656
1378.6024123971317,575.247472529205
1380.7331734672973,643.636913201496
1382.863934537463,705.3421130903643
1384.9946956076285,680.0399630683872
1387.125456677794,641.1068977724616
1389.2562177479597,575.6214423130085
1391.3869788181253,519.7578153904377
1393.5177398882909,469.1336020796652
1395.6485009584565,360.3077364589658
1397.779262028622,293.0742494463167
1399.9100230987876,244.03297300634912
1402.0407841689532,210.6927926477756
1404.1715452391188,211.9176807061917
1406.3023063092844,231.64425058102407
1408.43306737945,257.4080364006423
1410.5638284496156,296.7800923072926
1412.6945895197812,294.897093739361
1414.8253505899468,293.9670068235071
1416.9561116601124,250.5320724215312
1419.086872730278,224.61509290781214
1421.2176338004435,193.4843919025505
1423.3483948706091,144.12092922260987
1425.4791559407745,84.69033141384965
1427.60991701094,97.35584582694744
1429.7406780811057,128.3245838893366
1431.8714391512713,172.94820359679525
1434.0022002214369,238.47769550217708
1436.1329612916024,286.5615354583061
1438.263722361768,404.8388148421347
1440.3944834319336,507.0677984651059
1442.5252445020992,587.9743926381581
1444.6560055722648,679.685002898414
1446.7867666424304,659.4888182405997
1448.917527712596,681.5124583706238
1451.0482887827616,655.747051805309
1453.1790498529272,636.4173239406783
1455.3098109230928,571.9675098408147
1457.4405719932583,525.6480416986691
1459.571333063424,491.2076390912529
1461.7020941335895,486.28727868457304
1463.8328552037551,500.8211887985686
1465.9636162739207,512.7834670455488
1468.0943773440863,513.7982141026653
1470.225138414252,527.2058491329956
1472.3558994844175,537.9443388165888
1474.486660554583,542.2799104267314
1476.6174216247487,568.907681602756
1478.7481826949142,516.9315594106077
1480.8789437650798,515.5267265729673
1483.0097048352454,529.7023753138956
1485.1404659054108,555.6230023421208
1487.2712269755764,589.0822993279221
1489.401988045742,581.7355477178832
1491.5327491159076,590.3894747126766
1493.6635101860732,630.2323119951506
1495.7942712562387,631.1201669308268
1497.9250323264043,626.9496809610222
1500.05579339657,604.5856238018931
1502.1865544667355,478.5938224160151
1504.317315536901,407.885227756989
1506.4480766070667,367.7623362263131
1508.5788376772323,369.3980462519739
1510.7095987473979,422.05049733291037
1512.8403598175635,499.1766348325365
1514.971120887729,513.7153123670348
1517.1018819578946,541.5922374286656
1519.2326430280602,505.0715611595172
1521.3634040982258,479.3281712326426
1523.4941651683914,503.6244681684344
1525.624926238557,571.3139047616155
1527.7556873087226,614.478756993682
1529.8864483788882,637.8326652136703
1532.0172094490538,665.482436589538
1534.1479705192194,712.5551443036978
1536.278731589385,731.7340963608291
1538.4094926595506,728.6144054115916
1540.5402537297161,659.4684830126965
1542.6710147998817,617.2647106815563
1544.8017758700473,562.1494464406172
1546.9325369402127,480.92590592019906
1549.0632980103783,416.125962429226
1551.1940590805439,359.9944842779278
1553.3248201507095,261.01909699513783
1555.455581220875,251.5339940346366
1557.5863422910406,230.48308758301766
1559.7171033612062,256.1662340440925
1561.8478644313718,282.3512662495484
1563.9786255015374,362.8102601769277
1566.109386571703,419.59487142780176
1568.2401476418686,449.4482851689473
1570.3709087120342,498.88127342012046
1572.5016697821998,522.1188761606049
1574.6324308523654,501.85404340347924
1576.763191922531,484.04871512944067
1578.8939529926965,440.81234840410696
1581.0247140628621,391.822572913624
1583.1554751330277,304.1077282206734
1585.2862362031933,228.48210417669696
1587.416997273359,183.27155530808463
1589.5477583435245,164.31290289850415
1591.67851941369,171.19263754654153
1593.8092804838557,185.3315397304071
1595.9400415540213,159.3853869490876
1598.0708026241869,134.34038548683912
1600.2015636943524,142.47420818234556
1602.332324764518,121.09658595605599
1604.4630858346836,98.31669518164466
1606.593846904849,112.69525039199314
1608.7246079750146,133.20669660861023
1610.8553690451802,186.42440436439168
1612.9861301153458,257.637485711065
1615.1168911855113,321.8509647257157
1617.247652255677,371.10125628899783
1619.3784133258425,409.89893101138955
1621.5091743960081,433.1398268039025
1623.6399354661737,464.2746952466079
1625.7706965363393,490.92068122828374
1627.901457606505,516.3614912429783
1630.0322186766705,455.8978442320677
1632.162979746836,456.0607780170832
1634.2937408170017,533.3025927715528
1636.4245018871673,596.9103141365445
1638.5552629573328,729.2831975214374
1640.6860240274984,925.1875734509896
1642.816785097664,1079.2024391793313
1644.9475461678296,1188.52180222413
1647.0783072379952,1161.3195099752136
1649.2090683081608,1093.4597521647795
1651.3398293783264,949.6306109056969
1653.470590448492,765.5936996613775
1655.6013515186576,588.1396418191252
1657.7321125888232,406.5052778295148
1659.8628736589887,206.66295337266905
1661.9936347291543,52.572200754339704
1664.12439579932,155.64179475083137
1666.2551568694855,311.02536328670664
1668.3859179396509,472.7947870887059
1670.5166790098165,603.5633455279059
1672.647440079982,681.3907619644359
1674.7782011501477,831.7965850492744
1676.9089622203132,961.4863508907539
1679.0397232904788,1085.7653535319662
1681.1704843606444,1154.8322324162161
1683.30124543081,1215.3866776147574
1685.4320065009756,1260.4862202390584
1687.5627675711412,1239.771109011059
1689.6935286413068,1206.1967049628668
1691.8242897114724,1131.927996246355
1693.955050781638,1075.5993112246301
1696.0858118518036,1013.3457602932529
1698.2165729219691,943.7659966024182
1700.3473339921347,898.3101960922343
1702.4780950623003,809.6998083189308
1704.608856132466,716.028868930465
1706.7396172026315,639.385775367071
1708.870378272797,517.7141094555964
1711.0011393429627,441.70324452965525
1713.1319004131283,350.3102126617478
1715.2626614832939,226.62584037254715
1717.3934225534595,178.71918194273735
1719.524183623625,157.48405463730904
1721.6549446937906,160.44231926916484
1723.7857057639562,173.43493216750576
1725.9164668341218,176.27848286741434
1728.0472279042872,207.7549396248528
1730.1779889744528,206.22453155586862
1732.3087500446184,203.60585889460694
1734.439511114784,204.17988555454005
1736.5702721849495,160.7574030957891
1738.7010332551151,155.28523205134465
1740.8317943252807,170.45235927522467
1742.9625553954463,185.88800950362037
1745.093316465612,226.84463086301471
1747.2240775357775,235.27743778044015
1749.354838605943,237.0762965100422
1751.4855996761087,241.71290159916683
1753.6163607462743,180.33709104927053
1755.7471218164399,139.13765379065129
1757.8778828866054,167.27515776894688
1760.008643956771,163.64778643032983
1762.1394050269366,151.12372303165955
1764.2701660971022,167.86427572815464
1766.4009271672678,217.4729977226408
1768.5316882374334,239.5119950779937
1770.662449307599,214.39257973156109
1772.7932103777646,216.8544415505049
1774.9239714479302,175.11351867189117
1777.0547325180958,150.02199937723333
1779.1854935882614,84.12064365810548
1781.316254658427,55.456855695893594
1783.4470157285925,61.35905147727787
1785.5777767987581,93.08585953806582
1787.7085378689237,124.70684038425951
1789.839298939089,135.9298523846312
1791.9700600092547,135.4737683963465
1794.1008210794203,116.29766716692018
1796.2315821495858,97.92630368048891
1798.3623432197514,60.340907647240314
1800.493104289917,111.78134814843017
1802.6238653600826,140.74643639736294
1804.7546264302482,177.5544017160769
1806.8853875004138,213.71761496437475
1809.0161485705794,235.12588742919215
1811.146909640745,278.83698545116357
1813.2776707109106,322.754235992292
1815.4084317810762,295.6423215519219
1817.5391928512418,293.550030032508
1819.6699539214073,285.1290954480833
1821.800714991573,263.1681657086757
1823.9314760617385,261.9700739934736
1826.062237131904,225.6153910819381
1828.1929982020697,204.23460483369215
1830.3237592722353,205.6448625927099
1832.4545203424009,194.0609620237111
1834.5852814125665,165.59566917210952
1836.716042482732,181.97055836003412
1838.8468035528977,182.6923902508567
1840.9775646230632,156.330017360149
1843.1083256932288,149.09422492511138
1845.2390867633944,97.20070473394465
1847.36984783356,76.07249217292966
1849.5006089037254,47.31949198659169
1851.631369973891,96.1156368893209
1853.7621310440566,133.6111664764037
1855.8928921142221,171.41648061337656
1858.0236531843877,172.35334172174967
1860.1544142545533,150.2081538278298
1862.285175324719,109.88777000960957
1864.4159363948845,70.64873989747703
1866.54669746505,59.19374502598531
1868.6774585352157,72.33183830892285
1870.8082196053813,75.87168268989863
1872.9389806755469,80.60152968897708
1875.0697417457125,64.86610355392628
1877.200502815878,77.88484743203146
1879.3312638860436,133.050768288937
1881.4620249562092,197.02691400360845
1883.5927860263748,278.42440895345646
1885.7235470965404,312.7364330884994
1887.854308166706,368.00621506788326
1889.9850692368716,393.36746635518915
1892.1158303070372,413.6360135653314
1894.2465913772028,409.61057314646513
1896.3773524473684,408.93179353061385
1898.508113517534,388.9570658888757
1900.6388745876995,373.6510416125809
1902.7696356578651,341.67737752923574
1904.9003967280307,265.18800755218695
1907.0311577981963,221.94017452644476
1909.1619188683617,203.14371075367742
1911.2926799385273,249.74255325175537
1913.4234410086929,285.6526750322658
1915.5542020788585,281.80605148316965
1917.684963149024,263.2303282482966
1919.8157242191896,256.4791968475736
1921.9464852893552,267.15876961594745
1924.0772463595208,269.71359254571325
1926.2080074296864,300.80929284274475
1928.338768499852,327.6588236434972
1930.4695295700176,336.59450941633037
1932.6002906401832,347.9818021946278
1934.7310517103488,339.9976401997934
1936.8618127805144,362.3092940778206
1938.99257385068,338.19537611678396
1941.1233349208455,294.8750643866945
1943.2540959910111,227.89282714431616
1945.3848570611767,144.0572588770165
1947.5156181313423,73.08261182308799
1949.646379201508,1.7352466263390647
1951.7771402716735,84.25142380420859
1953.907901341839,141.5578797827636
1956.0386624120047,254.7214533362983
1958.1694234821703,333.9191052287451
1960.3001845523358,366.2451055891153
1962.4309456225014,382.4863550681131
1964.561706692667,404.31576986998704
1966.6924677628326,403.0158827479377
1968.8232288329982,343.74260249877767
1970.9539899031636,278.7241372253954
1973.0847509733292,245.2325381652502
1975.2155120434948,247.9594025097983
1977.3462731136603,237.7765592112005
1979.477034183826,186.04238092928742
1981.6077952539915,136.81109603437216
1983.7385563241571,72.4461989918965
1985.8693173943227,9.549060426963965
1988.0000784644883,35.64069309946992
1990.130839534654,75.05032133678839
1992.2616006048195,76.76845156550625
1994.392361674985,59.767943711505524
1996.5231227451507,59.72954821360731
1998.6538838153162,36.3127890688083
2000.7846448854818,47.50738674355297
2002.9154059556474,79.0572863237921
2005.046167025813,87.90887038776056
2007.1769280959786,135.47467209973226
2009.3076891661442,166.97942965201517
2011.4384502363098,215.71803192971223
2013.5692113064754,250.99817453451172
2015.699972376641,280.77899037745067
2017.8307334468066,264.9791470161517
2019.9614945169722,284.68511504614446
2022.0922555871377,256.09484290116296
2024.2230166573033,225.3823813087172
2026.353777727469,201.65691866027177
2028.4845387976345,181.3619394241571
2030.6152998677999,131.41143984401742
2032.7460609379655,130.60125467008638
2034.876822008131,109.01073548384959
2037.0075830782966,96.99933396154044
2039.1383441484622,107.96182285478227
2041.2691052186278,130.45579265945386
2043.3998662887934,144.545588047501
2045.530627358959,137.59073254144084
2047.6613884291246,162.15562131635483
2049.79214949929,166.3085597487786
2051.922910569456,158.45278652289394
2054.0536716396214,168.93176808050254
2056.184432709787,169.88982709818654
2058.3151937799526,168.04985429193223
2060.445954850118,131.38736507938998
2062.5767159202837,115.72103649755303
2064.7074769904493,81.50499676957887
2066.838238060615,45.27946654209382
2068.9689991307805,20.564130807136625
2071.099760200946,40.23658329583789
2073.2305212711117,118.46392643649277
2075.3612823412773,178.7363946139239
2077.492043411443,216.4077817249277
2079.6228044816085,246.96932276756277
2081.753565551774,262.6221461276501
2083.8843266219396,243.75346579748873
2086.015087692105,203.8707987205531
2088.145848762271,142.0051521079183
2090.2766098324364,120.44761372746406
2092.407370902602,78.87854864772201
2094.5381319727676,45.61769990901449
2096.668893042933,81.0161987934875
2098.7996541130988,107.83346362205054
2100.9304151832644,133.21241315238578
2103.06117625343,147.84444422437502
2105.1919373235955,139.31891199556796
2107.322698393761,129.4331079357576
2109.4534594639267,138.75770071093348
2111.5842205340923,124.20068312404727
2113.714981604258,104.77496456864125
2115.8457426744235,81.83087067341904
2117.976503744589,40.57166016427511
2120.1072648147547,32.042138042855555
2122.23802588492,45.18561455037829
2124.3687869550854,31.56497559938457
2126.499548025251,26.987826415576684
2128.6303090954166,30.193415838543235
2130.761070165582,72.39400686898888
2132.8918312357478,93.0522243687251
2135.0225923059133,129.05843043763358
2137.153353376079,141.25714737134447
2139.2841144462445,186.8930929164039
2141.41487551641,224.12138027147554
2143.5456365865757,253.10468474231735
2145.6763976567413,266.4327135012753
2147.807158726907,286.062433783901
2149.9379197970725,296.5237775760839
2152.068680867238,278.5208770299244
2154.1994419374037,227.4352565358285
2156.3302030075693,207.16655552376844
2158.460964077735,170.30321430347922
2160.5917251479004,122.5263354822579
2162.722486218066,100.74137765253401
2164.8532472882316,117.71400220927482
2166.984008358397,174.33369083193904
2169.114769428563,248.3055573330298
2171.2455304987284,297.24248800304247
2173.376291568894,321.6468071972427
2175.5070526390596,367.79561885445776
2177.637813709225,415.7747154871406
2179.7685747793907,441.96207637515784
2181.8993358495563,460.69539466033916
2184.030096919722,469.98504469871995
2186.1608579898875,483.96788011467316
2188.291619060053,485.1195320353428
2190.4223801302187,478.32109806366907
2192.5531412003843,463.74622211304876
2194.68390227055,436.15117513939373
2196.8146633407155,414.8145397058383
2198.945424410881,398.9861172193297
2201.0761854810467,378.93023537449227
2203.2069465512122,368.9394141993264
2205.337707621378,355.49608333933384
2207.4684686915434,371.56662656465227
2209.599229761709,394.86074619363393
2211.7299908318746,392.7344730715613
2213.86075190204,390.8055360424289
2215.991512972206,422.41447244711804
2218.1222740423714,414.059384194647
2220.253035112537,429.44971172578204
2222.3837961827026,433.1740136071325
2224.514557252868,425.2372150184297
2226.6453183230337,445.94713345207737
2228.7760793931993,410.309332378895
2230.906840463365,384.0372331562272
2233.0376015335305,334.5882852924333
2235.168362603696,280.2642328601165
2237.2991236738617,233.0363312838345
2239.4298847440273,170.15497317582057
2241.560645814193,130.0018809544106
2243.691406884358,70.06810413998087
2245.8221679545236,57.99499892786903
2247.952929024689,55.82018605558294
2250.083690094855,54.23297315187953
2252.2144511650204,84.52370307351913
2254.345212235186,38.66898045555964
2256.4759733053515,48.175763486070686
2258.606734375517,75.70637644153103
2260.7374954456827,108.5085679872887
2262.8682565158483,128.5381490997666
2264.999017586014,148.78987715259933
2267.1297786561795,144.78958427175783
2269.260539726345,152.42652849013473
2271.3913007965107,134.5316834617541
2273.5220618666763,125.05262509400848
2275.652822936842,93.59727435176812
2277.7835840070074,60.337260138428064
2279.914345077173,34.804871149313975
2282.0451061473386,15.480569877576547
2284.175867217504,39.39366563807685
2286.30662828767,35.74697361657701
2288.4373893578354,30.71469850950486
2290.568150428001,36.93184883021489
2292.6989114981666,48.59332166993588
2294.829672568332,91.93962419301057
2296.9604336384978,129.21764973997622
2299.0911947086634,152.32483419484106
2301.221955778829,187.87174950848947
2303.3527168489945,221.0651829065372
2305.48347791916,257.90306145368004
2307.6142389893257,257.653716667133
2309.7450000594913,256.53913318504726
2311.875761129657,225.45205379457298
2314.0065221998225,207.81748567909463
2316.137283269988,186.22610498459912
2318.2680443401537,183.85943555253493
2320.3988054103193,154.89943113518237
2322.529566480485,156.43272230312616
2324.6603275506504,119.74427702325872
2326.791088620816,106.79468751791175
2328.9218496909816,56.52503615163732
2331.052610761147,45.141730930331235
2333.183371831313,79.99369951575933
2335.3141329014784,143.84077360362883
2337.444893971644,214.56493037324555
2339.5756550418096,265.8960305310014
2341.706416111975,276.20759978046425
2343.8371771821407,327.72032918081294
2345.9679382523063,373.7055907409089
2348.098699322472,415.849503993212
2350.2294603926375,484.3451500379074
2352.360221462803,518.5332952379875
2354.4909825329687,573.6587471586743
2356.6217436031343,606.8103086061149
2358.7525046733,648.3077649826811
2360.8832657434655,683.3033692631396
2363.014026813631,677.2368885369416
2365.144787883796,633.7070816651925
2367.275548953962,632.8312748147434
2369.4063100241274,612.5650759389483
2371.537071094293,601.9964746091969
2373.6678321644586,577.7668128952781
2375.798593234624,569.3888182969492
2377.9293543047897,535.2236849298794
2380.0601153749553,540.8833017432833
2382.190876445121,534.7045181132828
2384.3216375152865,534.2337490812512
2386.452398585452,502.3563566163523
2388.5831596556177,458.8081615247864
2390.7139207257833,430.2078520801773
2392.844681795949,405.1717010860996
2394.9754428661145,318.2351832131616
2397.10620393628,271.42732475530437
2399.2369650064456,231.13724811536503
2401.3677260766112,193.59555001055912
2403.498487146777,157.66116168492084
2405.6292482169424,175.95167614682495
2407.760009287108,165.15752326665822
2409.8907703572736,196.01144588196294
2412.021531427439,227.7975803647192
2414.152292497605,267.42792029626247
2416.2830535677704,274.10438299442285
2418.413814637936,295.44510965701716
2420.5445757081015,283.2853612368163
2422.675336778267,275.6496754400559
2424.8060978484327,256.8799885823954
2426.9368589185983,224.05516389903403
2429.067619988764,169.8775568753346
2431.1983810589295,129.89716426914828
2433.329142129095,108.17989450737811
2435.4599031992607,95.38107445015028
2437.5906642694263,89.6810114451235
2439.721425339592,96.06613774041153
2441.8521864097575,101.52158238994915
2443.982947479923,112.95251676793238
2446.1137085500886,114.88971891231002
2448.244469620254,112.5021824903308
2450.37523069042,128.10121079287015
2452.5059917605854,98.25813875580113
2454.636752830751,100.33782227250643
2456.7675139009166,107.73586077147337
2458.898274971082,99.08987009457991
2461.0290360412478,120.35661601177506
2463.1597971114134,134.24722417024745
2465.290558181579,144.34944061528418
2467.4213192517445,177.51961203785137
2469.55208032191,185.87707781982698
2471.6828413920757,201.5122191172905
2473.8136024622413,198.2229900877722
2475.944363532407,195.24234389848675
2478.0751246025725,190.95236403002454
2480.205885672738,175.71090341254342
2482.3366467429037,160.89197989499192
2484.4674078130693,150.61620826694178
2486.5981688832344,147.78780608402553
2488.7289299534,131.4110369077661
2490.8596910235656,76.76279369074844
2492.990452093731,56.22706110786706
2495.1212131638968,74.05376064374919
2497.2519742340623,74.2804346770118
2499.382735304228,80.77342191864695
2501.5134963743935,75.39915480066894
2503.644257444559,45.41782590285209
2505.7750185147247,41.65887464475353
2507.9057795848903,50.43096554522562
2510.036540655056,58.311486369607934
2512.1673017252215,84.48878813528303
2514.298062795387,85.2930141333853
2516.4288238655527,78.52716639718236
2518.5595849357182,65.17916484995001
2520.690346005884,68.82719610247213
2522.8211070760494,63.88009800081388
2524.951868146215,74.85689274728442
2527.0826292163806,71.3377282906246
2529.213390286546,70.89480127027444
2531.344151356712,73.14756800332584
2533.4749124268774,90.30363991414258
2535.605673497043,112.48577906764636
2537.7364345672086,128.91650707890102
2539.867195637374,133.53932549588583
2541.9979567075397,116.714724702145
2544.1287177777053,161.2276182043163
2546.259478847871,176.53835520535972
2548.3902399180365,192.67437678309892
2550.521000988202,192.0281567584073
2552.6517620583677,210.10062761217714
2554.7825231285333,227.9275895147346
2556.913284198699,213.66469711734837
2559.0440452688645,194.84862869482325
2561.17480633903,192.30389688427206
2563.3055674091956,176.96115462366552
2565.4363284793612,160.5981324797695
2567.567089549527,145.66044035413458
2569.6978506196924,118.8969536514357
2571.828611689858,103.82053301471538
2573.9593727600236,90.46220936099009
2576.090133830189,87.52652642694936
2578.220894900355,84.63568001825143
2580.3516559705204,61.739846100142515
2582.482417040686,49.72552478878017
2584.6131781108515,25.354642486886892
2586.743939181017,24.564199026370375
2588.8747002511827,20.83007124524287
2591.0054613213483,35.89048148540904
2593.136222391514,50.78659222122758
2595.2669834616795,48.54322383182409
2597.397744531845,46.41445940830245
2599.5285056020107,57.52064746903751
2601.6592666721763,75.93919658578909
2603.790027742342,67.21779017894609
2605.9207888125075,48.850841729432304
2608.0515498826726,63.31387611458258
2610.182310952838,45.83265002897387
2612.3130720230038,58.819893312421335
2614.4438330931694,79.99611138315387
2616.574594163335,79.87799048994727
2618.7053552335005,81.29872778914384
2620.836116303666,57.980093286234
2622.9668773738317,49.67842546010519
2625.0976384439973,53.34136915970108
2627.228399514163,74.99638899441155
2629.3591605843285,87.43062212854889
2631.489921654494,103.7686133466169
2633.6206827246597,123.53954079436016
2635.7514437948253,155.25104625742293
2637.882204864991,159.31665856433136
2640.0129659351564,167.19617950792153
2642.143727005322,192.42648216045004
2644.2744880754876,228.60547604245133
2646.405249145653,258.9784540934803
2648.536010215819,279.16927551840746
2650.6667712859844,303.82351368165394
2652.79753235615,317.12597820819354
2654.9282934263156,306.0191150175612
2657.059054496481,280.2057533075754
2659.1898155666468,300.501267704588
2661.3205766368123,273.5589713146805
2663.451337706978,250.48579219973078
2665.5820987771435,251.85108911434034
2667.712859847309,262.4323105780626
2669.8436209174747,266.4519739729595
2671.9743819876403,286.2219594401627
2674.105143057806,306.8418036015275
2676.2359041279715,313.85642063577336
2678.366665198137,294.0069082428729
2680.4974262683027,296.7051581662451
2682.6281873384683,294.4881156329721
2684.758948408634,289.30814934156416
2686.8897094787994,277.6994129695397
2689.020470548965,272.6665778794736
2691.1512316191306,256.0705640881366
2693.281992689296,224.62713335705936
2695.412753759462,220.48226220381235
2697.5435148296274,210.52592203710705
2699.674275899793,176.33334600327947
2701.8050369699586,152.48665910542087
2703.935798040124,154.80548845777562
2706.0665591102897,122.53609827774874
2708.1973201804553,66.26905902346029
2710.328081250621,51.715402248165674
2712.4588423207865,70.34698460979376
2714.589603390952,110.53508334932783
2716.7203644611177,133.12745780730205
2718.8511255312833,154.72041695724687
2720.981886601449,167.36834700398666
2723.1126476716145,169.45587983177765
2725.24340874178,189.40872722793466
2727.3741698119456,215.94221063724683
2729.504930882111,222.20721429881047
2731.6356919522764,248.9937303190588
2733.766453022442,255.43805077637762
2735.8972140926076,287.61013098586864
2738.027975162773,298.6088270601784
2740.1587362329387,284.24967912352747
2742.2894973031043,288.5731259538679
2744.42025837327,308.1516384371859
2746.5510194434355,299.03391485149734
2748.681780513601,298.42517777175635
2750.8125415837667,281.7355165185221
2752.9433026539323,260.53699616141984
2755.074063724098,249.5257487791985
2757.2048247942635,239.55036916179054
2759.335585864429,228.90272590884237
2761.4663469345946,216.68615320415063
2763.5971080047602,187.78719603370078
2765.727869074926,157.89726478879652
2767.8586301450914,129.12714689664597
2769.989391215257,82.41030210636363
2772.1201522854226,46.81053272287965
2774.250913355588,4.003973936121763
2776.3816744257538,44.87802321438177
2778.5124354959194,95.01854732651609
2780.643196566085,130.31021341521233
2782.7739576362505,166.53323490380527
2784.904718706416,192.92758168688653
2787.0354797765817,229.43213132128517
2789.1662408467473,253.68982009610167
2791.297001916913,251.75638951178726
2793.4277629870785,259.0752431180006
2795.558524057244,251.471095506901
2797.6892851274097,233.64579534874233
2799.8200461975753,232.75411571004602
2801.950807267741,242.28046213789665
2804.0815683379064,236.89557657697765
2806.212329408072,228.15251542359874
2808.3430904782376,231.96776299267506
2810.473851548403,233.29132331212978
2812.604612618569,250.32200995366483
2814.7353736887344,238.65094631122724
2816.8661347589,250.36843876266778
2818.9968958290656,245.0015901453213
2821.127656899231,236.3484971699334
2823.2584179693968,226.75152492547065
2825.3891790395624,187.94308090908834
2827.519940109728,154.45374425975177
2829.6507011798935,128.35889074941437
2831.781462250059,96.68687764898485
2833.9122233202247,51.9587848148519
2836.0429843903903,44.29887300386622
2838.173745460556,70.49155720555574
2840.3045065307215,111.22522637765685
2842.435267600887,129.32117396694542
2844.5660286710527,156.8159135058097
2846.6967897412183,171.68276803164025
2848.8275508113834,170.35096096336858
2850.958311881549,179.24574955542587
2853.0890729517146,181.06828289183204
2855.21983402188,175.1961068225503
2857.3505950920458,189.22632034293895
2859.4813561622113,184.38881295273947
2861.612117232377,192.70587726708294
2863.7428783025425,196.6445233722668
2865.873639372708,186.76832213002223
2868.0044004428737,185.36242602441564
2870.1351615130393,175.5935672992511
2872.265922583205,180.2112726251762
2874.3966836533705,180.15724159779714
2876.527444723536,168.0927030253107
2878.6582057937017,151.7551793847893
2880.7889668638672,102.00172714981403
2882.919727934033,90.58884829791756
2885.0504890041984,87.55641635059047
2887.181250074364,73.56815310151978
2889.3120111445296,87.77759147749484
2891.442772214695,83.85275804033601
2893.573533284861,98.2100383048881
2895.7042943550264,97.22631126079845
2897.835055425192,102.3933800784846
2899.9658164953576,98.90731642300635
2902.096577565523,114.62872475527786
2904.2273386356887,120.70703842877903
2906.3580997058543,131.5240136208445
2908.48886077602,121.79207247371912
2910.6196218461855,128.55906874796017
2912.750382916351,110.63931090133117
2914.8811439865167,103.50564067883245
2917.0119050566823,98.39967409136095
2919.142666126848,90.09146641414975
2921.2734271970135,103.01548154540163
2923.404188267179,85.9575711106627
2925.5349493373446,89.74730641242571
2927.6657104075102,107.69051392511489
2929.796471477676,97.5895910528254
2931.9272325478414,103.35772162387248
2934.057993618007,107.79675915858569
2936.1887546881726,88.9757188389392
2938.319515758338,65.47068379971996
2940.450276828504,52.67740097354617
2942.5810378986694,54.57839266828302
2944.711798968835,46.59739126579315
2946.8425600390005,43.28627937141981
2948.973321109166,40.328513044150725
2951.1040821793317,42.16051479304451
2953.2348432494973,50.26212602614207
2955.365604319663,76.5486926325406
2957.4963653898285,82.64443026115994
2959.627126459994,91.73988188261006
2961.7578875301597,73.67961748510307
2963.8886486003253,80.9946446619416
2966.019409670491,91.71462537419445
2968.1501707406564,116.50367809291757
2970.2809318108216,146.3105114885192
2972.411692880987,176.96865149465594
2974.5424539511528,208.22885012903356
2976.6732150213184,248.64135923522275
2978.803976091484,282.2334669476895
2980.9347371616495,293.5800731633798
2983.065498231815,276.09189428264716
2985.1962593019807,264.5680077623147
2987.3270203721463,245.47179945817317
2989.457781442312,226.8909777400109
2991.5885425124775,226.90763740308682
2993.719303582643,225.27716654386208
2995.8500646528087,205.41468630742222
2997.9808257229743,183.7221506227851
3000.11158679314,153.47550488119836
3002.2423478633054,154.4455387806552
3004.373108933471,171.094568759161
3006.5038700036366,187.36420997355586
3008.634631073802,168.21975213049373
3010.765392143968,154.14548054302202
3012.8961532141334,136.12493965532437
3015.026914284299,139.66661914689772
3017.1576753544646,142.65948718094947
3019.28843642463,157.98426383228986
3021.4191974947958,147.19447511297903
3023.5499585649613,132.72789201830327
3025.680719635127,116.60759325965564
3027.8114807052925,90.8910556603826
3029.942241775458,90.97798907336282
3032.0730028456237,94.66495229307343
3034.2037639157893,123.02312251360175
3036.334524985955,142.7821671153342
3038.4652860561205,131.2044261277907
3040.596047126286,135.98511700982817
3042.7268081964517,132.73668599060844
3044.8575692666172,117.4623074548017
3046.988330336783,81.66552102422024
3049.1190914069484,47.115221342661485
3051.249852477114,47.63678095828844
3053.3806135472796,45.16452444108894
3055.511374617445,44.17440247682492
3057.642135687611,43.716405803093764
3059.7728967577764,40.7918066077234
3061.903657827942,28.5921185437866
3064.0344188981076,25.744820261747943
3066.165179968273,40.92996580244583
3068.2959410384387,64.73467894194741
3070.4267021086043,67.06619982572505
3072.55746317877,84.51519421872668
3074.6882242489355,87.99908546669283
3076.818985319101,102.84063469026654
3078.9497463892667,113.54602466987174
3081.0805074594323,136.05866350554595
3083.211268529598,164.31898719504468
3085.3420295997635,172.82784445264858
3087.472790669929,159.77277759765744
3089.6035517400946,143.65652144562344
3091.73431281026,117.9996800258323
3093.8650738804254,103.24281538226991
3095.995834950591,101.3257335138179
3098.1265960207566,97.26779320666094
3100.257357090922,102.43831479371575
3102.3881181610877,92.03123266664178
3104.5188792312533,109.55830247641828
3106.649640301419,89.95272820402407
3108.7804013715845,76.79717675338864
3110.91116244175,69.96638853617343
3113.0419235119157,82.43238173148514
3115.1726845820813,94.04815413069383
3117.303445652247,103.08039841866741
3119.4342067224125,113.04259987004512
3121.564967792578,123.35156374479558
3123.6957288627436,121.33342335652839
3125.826489932909,123.17597742844764
3127.957251003075,137.56560634502503
3130.0880120732404,152.23173873029683
3132.218773143406,138.4698256278404
3134.3495342135716,133.38888578026388
3136.480295283737,125.53879950478903
3138.6110563539028,135.5876830833018
3140.7418174240684,130.31046120283034
3142.872578494234,124.61735367244668
3145.0033395643995,121.5147139978094
3147.134100634565,111.69463627533352
3149.2648617047307,90.03677706228704
3151.3956227748963,54.550995510698904
3153.526383845062,61.758079814451435
3155.6571449152275,71.38316087403844
3157.787905985393,98.2528280927481
3159.9186670555587,130.67252707005215
3162.0494281257243,151.6434920685958
3164.18018919589,193.1024794895893
3166.3109502660554,229.62152524132216
3168.441711336221,249.96638693668123
3170.5724724063866,258.2469711593355
3172.703233476552,242.04692873388947
3174.833994546718,239.77657839055857
3176.9647556168834,254.6135165019177
3179.095516687049,263.25493747314454
3181.2262777572146,269.8515591635076
3183.35703882738,276.27882503751584
3185.4877998975458,261.73485475054713
3187.6185609677113,241.6551234077729
3189.749322037877,242.11162472744138
3191.8800831080425,240.89561332491664
3194.010844178208,238.53347527328236
3196.1416052483737,223.25885301309367
3198.2723663185393,188.1914781020697
3200.403127388705,139.25604989866557
3202.5338884588705,109.80607745755353
3204.664649529036,73.046961924929
3206.7954105992017,18.168737027823557
3208.9261716693672,26.444829584989627
3211.056932739533,83.28605888616076
3213.187693809698,109.92133924303329
3215.3184548798636,115.0680518546637
3217.449215950029,115.95458157012878
3219.5799770201947,135.06908962498377
3221.7107380903603,120.89595159563356
3223.841499160526,127.49621102487825
3225.9722602306915,110.55071363574989
3228.103021300857,124.188504073864
3230.2337823710227,133.29996544297813
3232.3645434411883,128.64330659627706
3234.495304511354,124.76001255098726
3236.6260655815195,119.5247460562794
3238.756826651685,98.88894033710895
3240.8875877218507,88.81313283316179
3243.0183487920162,83.27681933450545
3245.149109862182,93.51467771792709
3247.2798709323474,117.68243928625178
3249.410632002513,146.74271076929475
3251.5413930726786,160.91970921197913
3253.672154142844,175.486171133487
3255.80291521301,177.19646251556318
3257.9336762831754,182.68134731863603
3260.064437353341,185.13065258387041
3262.1951984235066,202.91628081257346
3264.325959493672,196.6992517497007
3266.4567205638377,198.70160558892223
3268.5874816340033,207.51626383550789
3270.718242704169,224.55527788269575
3272.8490037743345,254.475598526603
3274.9797648445,259.45531512584125
3277.1105259146657,260.2154019261945
3279.2412869848313,253.74717984765533
3281.372048054997,262.7674057947745
3283.5028091251625,252.84747392338255
3285.633570195328,233.60441882826697
3287.7643312654936,197.5644398058431
3289.8950923356592,154.78926105810055
3292.025853405825,124.40302762693733
3294.1566144759904,105.23769106023462
3296.287375546156,78.93471109797254
3298.4181366163216,65.3086784406229
3300.548897686487,69.88142100783548
3302.6796587566528,88.78261172110241
3304.8104198268184,64.35085637034034
3306.941180896984,55.81803159723412
3309.0719419671495,60.36045091595857
3311.202703037315,54.692346862065094
3313.3334641074807,66.96431290115873
3315.4642251776463,60.75696173381045
3317.594986247812,44.1487805335522
3319.7257473179775,40.159321885423054
3321.856508388143,51.25152266714096
3323.9872694583087,66.40646973493007
3326.1180305284743,92.2718790741943
3328.24879159864,136.27053586949543
3330.3795526688054,161.74152924969633
3332.510313738971,185.57716838130474
3334.641074809136,216.18485599201955
3336.7718358793018,210.44044731395138
3338.9025969494674,222.44860570216642
3341.033358019633,219.79487981912726
3343.1641190897985,228.5614320532467
3345.294880159964,231.70627543422341
3347.4256412301297,242.28241155498984
3349.5564023002953,251.19012461814972
3351.687163370461,254.61749827077443
3353.8179244406265,234.01679524351243
3355.948685510792,214.89271712002792
3358.0794465809577,196.5880883724697
3360.2102076511233,188.68476127931132
3362.340968721289,211.13005122014965
3364.4717297914544,212.10916284695062
3366.60249086162,195.77149032839887
3368.7332519317856,204.82581522928052
3370.864013001951,223.8433851369109
3372.994774072117,238.38021811618697
3375.1255351422824,241.37877226829093
3377.256296212448,279.92125587360414
3379.3870572826136,306.95523764462115
3381.517818352779,309.3087175121788
3383.6485794229447,294.56687046204786
3385.7793404931103,296.1436922846405
3387.910101563276,306.6638591234135
3390.0408626334415,305.46346560608356
3392.171623703607,295.18897553508896
3394.3023847737727,271.0381245935546
3396.4331458439383,262.17124412981485
3398.563906914104,267.80028726062824
3400.6946679842695,267.5542547926328
3402.825429054435,244.07362861117298
3404.9561901246007,232.00676307018514
3407.0869511947662,222.63843739710515
3409.217712264932,223.36676948329102
3411.3484733350974,202.49679301961552
3413.479234405263,197.0914426083093
3415.6099954754286,219.44969276967277
3417.740756545594,207.39642295302937
3419.87151761576,181.5569489850202
3422.0022786859254,170.15248901502977
3424.133039756091,138.3911419996191
3426.2638008262566,123.86461831660259
3428.394561896422,110.10576245036617
3430.5253229665877,121.82687250315716
3432.6560840367533,135.66595800311725
3434.786845106919,134.04944642776152
3436.9176061770845,127.62090436565344
3439.04836724725,150.65057730947981
3441.1791283174157,170.19517976898885
3443.3098893875813,194.12346383033238
3445.440650457747,209.78089212051216
3447.5714115279125,212.19517557756498
3449.702172598078,221.95229743476227
3451.8329336682436,211.34553500387347
3453.9636947384092,219.85975299539965
3456.0944558085744,215.32610994520286
3458.22521687874,224.64979992515683
3460.3559779489055,238.6757407804677
3462.486739019071,244.92010475595467
3464.6175000892367,232.42266030252034
3466.7482611594023,233.0094393729508
3468.879022229568,228.63329847600332
3471.0097832997335,238.82343195261728
3473.140544369899,226.41625379495497
3475.2713054400647,213.20301078575477
3477.4020665102303,187.61922853303292
3479.532827580396,194.37352107030063
3481.6635886505615,183.24863726522872
3483.794349720727,170.57233330562147
3485.9251107908926,127.59856955844346
3488.055871861058,110.22771857248344
3490.186632931224,105.10685865593288
3492.3173940013894,109.29480842576201
3494.448155071555,115.4947669694632
3496.5789161417206,134.008729402239
3498.709677211886,136.9329332076525
3500.8404382820518,146.7602520559233
3502.9711993522174,132.76345192817107
3505.101960422383,148.4735849625876
3507.2327214925485,131.75167485966327
3509.363482562714,133.96922214386805
3511.4942436328797,110.37604630079261
3513.6250047030453,96.81796021211441
3515.755765773211,102.14575571120204
3517.8865268433765,107.58953073316435
3520.017287913542,113.25929001983192
3522.1480489837077,141.20585780500383
3524.2788100538733,144.00833694012374
3526.409571124039,149.20803561005138
3528.5403321942044,140.51633590106724
3530.67109326437,140.81017717006125
3532.8018543345356,149.9192525906966
3534.932615404701,140.94809257250722
3537.063376474867,117.4733091552774
3539.1941375450324,120.41948585748034
3541.324898615198,132.74996962735736
3543.4556596853636,119.91560083080824
3545.586420755529,116.72080914125202
3547.7171818256948,106.53140748700302
3549.8479428958603,111.55599308976804
3551.978703966026,112.09120118015406
3554.1094650361915,113.65048145042289
3556.240226106357,114.12850246565787
3558.3709871765227,98.88477943425629
3560.5017482466883,92.09361976450744
3562.632509316854,78.71472598316707
3564.7632703870195,96.19112570848509
3566.894031457185,98.57727087407729
3569.0247925273507,116.96288289548926
3571.1555535975162,123.22063178705952
3573.286314667682,122.43887609155198
3575.4170757378474,138.91533712777908
3577.5478368080126,143.24313385334332
3579.678597878178,145.91947609857735
3581.8093589483437,156.75717175650192
3583.9401200185093,132.70418429597058
3586.070881088675,121.04716988525051
3588.2016421588405,112.62816923242688
3590.332403229006,113.4666327408026
3592.4631642991717,107.8535628473809
3594.5939253693373,91.54366992592843
3596.724686439503,103.8829924228388
3598.8554475096685,114.71700644760304
3600.986208579834,120.96038445442832
3603.1169696499996,130.68652410223814
3605.2477307201652,146.1072103991575
3607.378491790331,165.89288126153676
3609.5092528604964,168.65945440768164
3611.640013930662,176.40598023587904
3613.7707750008276,170.0333181632787
3615.901536070993,166.62610402966695
3618.032297141159,157.64692625940086
3620.1630582113244,147.76524183894776
3622.29381928149,140.3767336289536
3624.4245803516555,142.54496596120458
3626.555341421821,136.85931899938447
3628.6861024919867,133.81975628585397
3630.8168635621523,114.81012078097427
3632.947624632318,108.03314156649859
3635.0783857024835,108.86034458520042
3637.209146772649,102.84824432468598
3639.3399078428147,111.83449817364625
3641.4706689129803,89.44752789162986
3643.601429983146,78.33177378994257
3645.7321910533115,83.00195435063806
3647.862952123477,85.72968946564303
3649.9937131936426,99.76929830797437
3652.124474263808,107.40376436839568
3654.255235333974,97.2648634584543
3656.3859964041394,85.0744674957838
3658.516757474305,74.81297790636403
3660.6475185444706,82.26557333935423
3662.778279614636,67.5320436874398
3664.9090406848018,56.7794379122717
3667.0398017549674,49.09995136946985
3669.170562825133,62.61945054060838
3671.3013238952985,73.83957184501078
3673.432084965464,84.62319597672568
3675.5628460356297,105.91248390062226
3677.6936071057953,107.02771381780504
3679.824368175961,118.64255167367446
3681.9551292461265,122.40931528356488
3684.085890316292,141.58704057070443
3686.2166513864577,152.0844470706592
3688.3474124566233,169.3054876579755
3690.478173526789,179.7329895292533
3692.6089345969544,175.67883877996994
3694.73969566712,162.8779433855476
3696.8704567372856,170.9060845803946
3699.0012178074508,177.42320465488177
3701.1319788776163,176.9095117756231
3703.262739947782,173.3011251677753
3705.3935010179475,151.97058106828752
3707.524262088113,125.12045902364504
3709.6550231582787,105.82982888562636
3711.7857842284443,70.45025712776926
3713.91654529861,58.719441971363494
3716.0473063687755,53.832591197669785
3718.178067438941,49.84122882979374
3720.3088285091067,64.90822952253059
3722.4395895792723,93.38316869849383
3724.570350649438,106.25362727602207
3726.7011117196034,106.91684963078878
3728.831872789769,94.03633928759639
3730.9626338599346,88.31346017528257
3733.0933949301,86.02195114663982
3735.224156000266,82.76616149077985
3737.3549170704314,70.99778061949017
3739.485678140597,69.75200634148625
3741.6164392107626,59.88018927285781
3743.747200280928,70.67158784192226
3745.8779613510937,86.48567846379403
3748.0087224212593,102.68189839832789
3750.139483491425,133.08322541769292
3752.2702445615905,133.7056063796014
3754.401005631756,141.15191091964388
3756.5317667019217,154.8206314576595
3758.6625277720873,148.92042397063835
3760.793288842253,152.8093787533537
3762.9240499124185,148.76072682333898
3765.054810982584,141.6628724973789
3767.1855720527496,142.00397530942035
3769.3163331229152,144.11551582195185
3771.447094193081,131.18963025107294
3773.5778552632464,110.73645680777173
3775.708616333412,103.86759411375816
3777.8393774035776,94.63632456199839
3779.970138473743,92.60000588860824
3782.100899543909,66.7715825972505
3784.2316606140744,66.47851905345287
3786.36242168424,64.64085444433871
3788.4931827544056,43.56760359917497
3790.623943824571,46.56511687097354
3792.7547048947367,42.633645026009546
3794.8854659649023,34.17105589665313
3797.016227035068,30.77243954846285
3799.1469881052335,17.681734469767008
3801.277749175399,29.24578735150141
3803.4085102455647,56.40727325274886
3805.5392713157303,76.91572553961446
3807.670032385896,81.7284722664383
3809.8007934560615,74.72228802287334
3811.931554526227,76.36680980125901
3814.0623155963926,92.75383459868436
3816.193076666558,88.83909509757686
3818.3238377367234,78.61653003598728
3820.454598806889,68.25383942135939
3822.5853598770545,65.0763881257529
3824.71612094722,49.8361551533696
3826.8468820173857,54.31662878404638
3828.9776430875513,59.12736857752398
3831.108404157717,45.21229836958127
3833.2391652278825,29.60499073362244
3835.369926298048,31.57110783024856
3837.5006873682137,34.66407102996059
3839.6314484383793,40.36477766059613
3841.762209508545,45.7689453828939
3843.8929705787104,48.37777990289265
3846.023731648876,31.7329674150251
3848.1544927190416,24.12752094326515
3850.285253789207,14.125685154258822
3852.416014859373,18.098875075903624
3854.5467759295384,12.430771803603221
3856.677536999704,12.035194941140901
3858.8082980698696,4.534225322320123
3860.939059140035,3.6392907991769983
3863.0698202102008,11.728397840770173
3865.2005812803664,20.442550762539568
3867.331342350532,31.622851388482342
3869.4621034206975,57.36878374509334
3871.592864490863,73.35715504166393
3873.7236255610287,77.77568147648637
3875.8543866311943,66.30926665337005
3877.98514770136,78.93395542255014
3880.1159087715255,104.68802300995576
3882.246669841691,123.18142122234991
3884.3774309118567,128.59914064686146
3886.5081919820223,142.14338608271473
3888.638953052188,153.65847641714865
3890.7697141223534,157.5084006323864
3892.900475192519,159.75335445174986
3895.0312362626846,171.0289193337556
3897.16199733285,165.29094565498383
3899.292758403016,169.98022521918875
3901.4235194731814,194.21009546554495
3903.554280543347,214.398862568784
3905.6850416135126,218.28701979375313
3907.815802683678,202.79632766908955
3909.9465637538437,187.87348716937052
3912.0773248240093,179.48657356370975
3914.208085894175,159.24644095613837
3916.3388469643405,159.21105881716161
3918.469608034506,176.17492011704877
3920.6003691046717,157.30674590677893
3922.7311301748373,143.58639700938167
3924.861891245003,133.6631751545168
3926.9926523151685,114.67998428170485
3929.123413385334,113.30894252669476
3931.2541744554997,104.20624954655163
3933.3849355256652,108.96695568886253
3935.515696595831,96.2843915055746
3937.6464576659964,80.5431202324865
3939.7772187361616,75.14998614719478
3941.907979806327,76.56578426505862
3944.0387408764927,69.81476078908537
3946.1695019466583,74.5120955441816
3948.300263016824,76.89816849647693
3950.4310240869895,62.992753830209864
3952.561785157155,56.469667906126325
3954.6925462273207,31.860484671878453
3956.8233072974863,20.80060173293089
3958.954068367652,34.787094619213086
3961.0848294378175,49.02361891519599
3963.215590507983,46.88440345086838
3965.3463515781486,28.16635739207126
3967.4771126483142,34.67053833302295
3969.60787371848,26.25912882085966
3971.7386347886454,22.992836573334493
3973.869395858811,19.528496319310406
3976.0001569289766,13.746956828888006
3978.130917999142,30.55626896495141
3980.261679069308,40.53167022787494
3982.3924401394734,47.351351407419735
3984.523201209639,61.58918600234425
3986.6539622798045,66.97815282339143
3988.78472334997,77.19414322541564
3990.9154844201357,95.64441276496568
3993.0462454903013,95.85666909992351
3995.177006560467,97.65939696551821
3997.3077676306325,97.44871694147069
3999.438528700798,86.48270626529182
4001.5692897709637,78.75352791136804
4003.7000508411293,74.14985774182159
4005.830811911295,74.00273781951292
4007.9615729814604,70.36199223703578
4010.092334051626,72.29805437510323
4012.2230951217916,68.18967447706423
4014.353856191957,62.828624581674866
4016.484617262123,61.50338726918522
4018.6153783322884,46.36288523305421
4020.746139402454,49.203544503804004
4022.8769004726196,70.01845061524931
4025.007661542785,65.22218684340525
4027.1384226129508,49.967430332603094
4029.2691836831164,47.241995373505894
4031.399944753282,46.71608607402349
4033.5307058234475,67.17310532703539
4035.661466893613,74.06719829452365
4037.7922279637787,69.58084948779423
4039.9229890339443,77.59878124970692
4042.05375010411,61.67307505870072
4044.1845111742755,58.69871001047416
4046.315272244441,54.01918629853283
4048.4460333146067,42.714339242907656
4050.5767943847723,41.805587256200404
4052.707555454938,43.67043525692876
4054.8383165251034,54.16691519972513
4056.969077595269,45.871638233269486
4059.0998386654346,58.23538825200331
4061.2305997355998,53.48247433582718
4063.3613608057653,50.02106207756509
4065.492121875931,47.68867034600248
4067.6228829460965,41.772804602322054
4069.753644016262,38.86137484843793
4071.8844050864277,48.02394896471537
4074.0151661565933,54.598014910204085
4076.145927226759,70.50354344918969
4078.2766882969245,71.85187375438586
4080.40744936709,71.38658803577438
4082.5382104372557,66.74709474428536
4084.6689715074212,56.217401509864615
4086.799732577587,60.445994870417834
4088.9304936477524,46.23996887283362
4091.061254717918,32.61660137594816
4093.1920157880836,27.169902046531593
4095.322776858249,18.894985058442177
4097.453537928415,22.876303623323377
4099.58429899858,21.775723597726984
4101.715060068746,19.890142252347122
4103.845821138912,22.809319501100276
4105.976582209078,13.782161853920297
4108.107343279243,19.486103075644568
4110.238104349409,43.07454411747025
4112.368865419574,61.577429215262306
4114.49962648974,68.37630878851589
4116.630387559905,67.43420794962783
4118.761148630071,56.47141258182355
4120.891909700236,43.55534931747777
4123.022670770401,54.88275831061194
4125.1534318405675,67.57665552884134
4127.284192910733,76.75998394043795
4129.414953980899,75.5859279292111
4131.545715051064,84.03048151639344
4133.67647612123,86.04935399607042
4135.807237191395,92.42249036416182
4137.937998261561,93.43324305600515
4140.068759331726,106.71619391798241
4142.199520401892,104.86110770016649
4144.330281472057,99.70726202699355
4146.461042542223,84.74737362585616
4148.5918036123885,83.30149106500112
4150.722564682555,91.12699535636737
4152.85332575272,89.7644453306616
4154.984086822886,95.16748216967575
4157.114847893051,114.37471355711764
4159.245608963217,118.76850984441717
4161.376370033382,117.6681671057501
4163.507131103548,118.63100072713112
4165.637892173713,124.0462935409821
4167.768653243879,131.63433718660593
4169.899414314044,134.53044730712267
4172.03017538421,132.99467717429462
4174.160936454376,130.24144220528262
4176.291697524542,120.19610569026322
4178.422458594707,112.82402841424707
4180.553219664873,97.31338065658862
4182.683980735038,102.86565129618064
4184.814741805204,101.61780067849665
4186.945502875369,107.80711390468605
4189.076263945535,94.59527348410461
4191.2070250157,85.20177160402409
4193.337786085866,83.7893982673094
4195.4685471560315,86.79833802801872
4197.5993082261975,80.55158489150179
4199.730069296363,82.71254375968245
4201.860830366529,77.74376622781365
4203.991591436694,68.42986621315778
4206.12235250686,58.54669786578569
4208.253113577025,50.009773242943744
4210.383874647191,48.63924409947857
4212.514635717356,58.58403759867934
4214.645396787522,51.271820735998226
4216.776157857687,51.16871932692324
4218.906918927853,49.38237633352188
4221.037679998019,58.15144324711196
4223.168441068185,49.205853279978605
4225.29920213835,47.57671566763592
4227.429963208516,42.58570579976123
4229.560724278681,43.62444293546169
4231.691485348847,36.70104253075005
4233.822246419012,34.23685868825439
4235.953007489178,43.95707302504282
4238.083768559343,60.08711234479342
4240.214529629509,74.60858111656943
4242.3452906996745,75.32039228898208
4244.47605176984,75.89624798496902
4246.606812840006,75.02027138661471
4248.737573910171,71.95041055900413
4250.868334980337,70.42368541208408
4252.999096050502,81.67609871200345
4255.129857120668,63.72891873771016
4257.260618190833,50.65663424085466
4259.391379260999,51.262141316419054
4261.522140331164,50.31916103866025
4263.65290140133,65.8843796929793
4265.7836624714955,66.4317299303931
4267.914423541662,89.59215131857934
4270.045184611827,94.28832179289842
4272.175945681993,94.69747893772879
4274.306706752158,120.0040136322751
4276.437467822324,118.78424676446274
4278.568228892489,120.1030942977265
4280.698989962655,151.04480194604216
4282.82975103282,165.72277542437058
4284.960512102986,170.50363274312363
4287.091273173151,162.3076949657581
4289.2220342433175,163.1258859973316
4291.352795313483,161.53372369750184
4293.483556383649,155.6916098078421
4295.614317453814,164.01918816512128
4297.74507852398,179.5335137347028
4299.875839594145,184.78909270459727
4302.006600664311,185.73404225369504
4304.137361734476,175.76859247116928
4306.268122804642,176.81916840343447
4308.398883874807,166.82357351331922
4310.529644944973,171.3332245903105
4312.6604060151385,170.352336140374
4314.791167085305,157.92280726202154
4316.92192815547,133.26791009457466
4319.052689225636,115.53510603235863
4321.183450295801,86.28532304569167
4323.314211365967,63.95611668261095
4325.444972436132,55.99426933915782
4327.575733506298,55.13277233427071
4329.706494576463,65.31578562928667
4331.837255646629,69.53864818890608
4333.968016716794,71.740587448446
4336.09877778696,70.34840900318224
4338.229538857126,45.57452026135043
4340.360299927292,49.725107909856405
4342.491060997457,42.500115147320116
4344.621822067623,46.89801237723061
4346.752583137788,53.321864043020305
4348.883344207954,35.4224976792695
4351.014105278119,36.043491105621996
4353.144866348285,39.062018898951855
4355.27562741845,30.127540035448213
4357.406388488616,13.611598058415593
4359.5371495587815,25.342929929478547
4361.6679106289475,22.542186743695197
4363.798671699113,14.611097648788476
4365.929432769278,14.71819367570391
4368.060193839444,13.46069673338027
4370.190954909609,13.200153438828291
4372.321715979775,16.406858458281434
4374.45247704994,18.588278980654355
4376.583238120106,18.809185515359133
4378.713999190271,44.789710109503
4380.844760260437,43.37943048012544
4382.9755213306025,39.687554287508945
4385.106282400769,24.76058304497474
4387.237043470934,7.986016519842974
4389.3678045411,1.0694319433954798
4391.498565611265,3.666553193792234
4393.629326681431,5.827434916461453
4395.760087751596,15.752529300939424
4397.890848821762,30.84173084120594
4400.021609891927,52.02143288929735
4402.152370962093,50.51562328003415
4404.283132032258,60.78213971845527
4406.4138931024245,69.49291809337066
4408.54465417259,76.82816844689185
4410.675415242756,71.3863619491701
4412.806176312921,73.93360509158141
4414.936937383087,59.45493645060105
4417.067698453252,62.092771090746574
4419.198459523418,55.5995570603291
4421.329220593583,51.22296940980098
4423.459981663749,61.011626737201304
4425.590742733914,56.14499696684594
4427.72150380408,49.852708961209416
4429.8522648742455,61.506036112155066
4431.983025944412,38.47417707526411
4434.113787014577,32.625868092696734
4436.244548084743,25.126397817135167
4438.375309154908,15.734413839865054
4440.506070225074,19.115886745099225
4442.636831295239,20.945385946595348
4444.767592365405,34.90602725834206
4446.89835343557,39.58793301441805
4449.029114505736,46.7893444455328
4451.159875575901,36.52408418371
4453.2906366460675,24.46938783391096
4455.421397716233,23.57013354951677
4457.552158786399,39.38684058559566
4459.682919856564,54.1162016078077
4461.81368092673,69.21310595692485
4463.944441996895,72.83184528303427
4466.075203067061,76.69588163578402
4468.205964137226,63.09221649629018
4470.336725207392,46.93036230534259
4472.467486277557,34.70805553659042
4474.598247347723,23.53788949650024
4476.7290084178885,26.666131676290732
4478.859769488055,45.51885994758167
4480.99053055822,53.25585387890722
4483.121291628386,72.28826113176676
4485.252052698551,71.7428490172644
4487.382813768716,84.24878531608339
4489.513574838882,84.48164431798307
4491.644335909047,77.97423431127454
4493.775096979213,72.61338300982767
4495.905858049378,72.14083449529804
4498.036619119544,62.70641624968606
4500.16738018971,65.19321951335645
4502.298141259876,58.31548927868835
4504.428902330041,37.79700076573485
4506.559663400207,39.25170126577841
4508.690424470372,29.38396679402977
4510.821185540538,32.923300479927484
4512.951946610703,38.79229707627597
4515.082707680869,26.606130600288598
4517.213468751034,22.81402375091205
4519.3442298212,17.1065523704744
4521.474990891365,25.113429519705036
4523.6057519615315,37.14790111284174
4525.736513031697,54.00217592903341
4527.867274101863,63.63476113627657
4529.998035172028,60.951042736199675
4532.128796242194,69.97501851014387
4534.259557312359,77.02499245295941
4536.390318382525,84.21727944792575
4538.52107945269,92.47050672919383
4540.651840522856,102.29286023814915
4542.782601593021,96.1121263013434
4544.913362663187,97.82723893341107
4547.0441237333525,97.58884138895543
4549.174884803519,101.03379349672721
4551.305645873684,104.39307852415934
4553.43640694385,111.84082401817345
4555.567168014015,111.26907548726348
4557.697929084181,107.65294259542988
4559.828690154346,110.73519067663909
4561.959451224512,114.05152383257607
4564.090212294677,117.63942187591168
4566.220973364843,124.52918897349738
4568.351734435008,121.9104558101093
4570.4824955051745,115.72185827071873
4572.61325657534,107.94398259755928
4574.744017645506,109.30595276077315
4576.874778715671,120.99350400561372
4579.005539785837,123.99891181854412
4581.136300856002,114.36686097177518
4583.267061926168,91.98487686392515
4585.397822996333,76.40484649502952
4587.528584066499,89.2020650523963
4589.659345136664,87.61414560974791
4591.79010620683,85.81394293182649
4593.9208672769955,84.30564195336578
4596.051628347162,77.05287996486577
4598.182389417327,69.05593648765891
4600.313150487493,72.32631397852856
4602.443911557658,60.85750406055565
4604.574672627824,61.04036778948933
4606.705433697989,45.48633936887562
4608.836194768154,34.17890652834694
4610.96695583832,28.365057309583822
4613.097716908485,30.606973613145446
4615.228477978651,22.887792558498397
4617.359239048817,12.361001292653324
4619.490000118983,17.222677809591474
4621.620761189148,14.922714609040089
4623.751522259314,20.522591131548804
4625.882283329479,17.287259819339887
4628.013044399645,21.40468462003238
4630.14380546981,22.386870833445332
4632.274566539976,24.49873696055695
4634.405327610141,34.2928947115305
4636.536088680307,36.46781446572034
4638.6668497504725,22.917062611225145
4640.7976108206385,20.02423445036213
4642.928371890804,19.032373302042615
4645.05913296097,17.906791737535773
4647.189894031135,24.291278744140303
4649.320655101301,25.34220928288876
4651.451416171466,26.579877953839766
4653.582177241632,25.062950807478323
4655.712938311797,25.089035855488113
4657.843699381963,36.03917299603476
4659.974460452128,31.30616955038844
4662.105221522294,28.194823008986084
4664.23598259246,33.224995649498915
4666.366743662626,37.70390292339097
4668.497504732791,54.60585468521143
4670.628265802957,64.80710805854424
4672.759026873122,72.6517089259954
4674.889787943288,69.42210269216923
4677.020549013453,75.18091300109329
4679.151310083619,88.33440022532837
4681.282071153784,95.6436813680332
4683.41283222395,99.00879196929381
4685.543593294115,99.10322164709103
4687.6743543642815,88.57034712170312
4689.805115434447,80.3713215816904
4691.935876504613,78.37529768217085
4694.066637574778,86.4627757715498
4696.197398644944,94.81843195878561
4698.328159715109,100.68526344169459
4700.458920785275,105.51626309872003
4702.58968185544,94.6560024429761
4704.720442925606,91.40133440422962
4706.851203995771,81.60931869747394
4708.981965065937,77.63094392790134
4711.1127261361025,70.79665133136317
4713.243487206269,54.89118314054221
4715.374248276434,43.993929842131905
4717.5050093466,38.56711538941038
4719.635770416765,53.16280074474705
4721.766531486931,66.64591189449865
4723.897292557096,70.58911632093597
4726.028053627262,49.40132401198295
4728.158814697427,51.338384364192905
4730.289575767592,55.19600957639467
4732.420336837758,54.74537557194423
4734.551097907924,68.29550855605844
4736.68185897809,75.29631946443725
4738.812620048255,67.69109708830578
4740.943381118421,77.60278081734103
4743.074142188586,77.77148334312305
4745.204903258752,81.7672470729164
4747.335664328917,88.85842401954739
4749.466425399083,96.44122632043687
4751.597186469248,102.92755240125123
4753.727947539414,108.73750486427062
4755.8587086095795,96.14048342640233
4757.9894696797455,93.1732661827405
4760.120230749911,77.311541824493
4762.250991820077,86.5313944604207
4764.381752890242,92.30747101872558
4766.512513960408,93.61932872921783
4768.643275030573,91.80840018044903
4770.774036100739,85.82408758408279
4772.904797170904,72.41019562735819
4775.03555824107,57.95509027738708
4777.166319311235,50.096117344065334
4779.297080381401,51.36748083466616
4781.427841451567,51.17391902921533
4783.558602521733,52.57363700865459
4785.689363591898,46.91608876152006
4787.820124662064,46.5807548900909
4789.950885732229,37.29151768127211
4792.081646802395,33.66479435618408
4794.21240787256,35.222863180298084
4796.343168942726,22.34549399420931
4798.473930012891,23.509529450067998
4800.604691083057,20.996624410384626
4802.7354521532225,26.81428665330227
4804.8662132233885,28.314447169717706
4806.996974293554,26.821689306303707
4809.12773536372,33.86981982578426
4811.258496433885,30.83063907408789
4813.389257504051,30.282314021179875
4815.520018574216,29.163493501589873
4817.650779644382,28.161349177260032
4819.781540714547,28.025572245034784
4821.912301784713,25.334972679021536
4824.043062854878,23.3631348281019
4826.173823925044,23.761861684178037
4828.30458499521,17.119326855178752
4830.435346065376,2.277058190377492
4832.566107135541,5.959555731445954
4834.696868205707,10.627854007285519
4836.827629275872,26.830661949400763
4838.958390346038,31.080218595990196
4841.089151416203,47.445915644067924
4843.219912486369,55.459196543955755
4845.350673556534,53.043640496427045
4847.4814346267,50.05345614412674
4849.6121956968655,29.517386816044883
4851.742956767031,20.760008281477283
4853.873717837197,15.754779927692303
4856.004478907362,14.465729164707891
4858.135239977528,17.809761600656692
4860.266001047693,20.12878982879951
4862.396762117859,25.984542862904327
4864.527523188024,31.961995517976884
4866.65828425819,20.027799340562968
4868.789045328355,19.266350423647054
4870.919806398521,11.593434204980936
4873.0505674686865,15.87398949256614
4875.1813285388525,33.939613446298516
4877.312089609018,54.08418250349253
4879.442850679184,69.73835672426436
4881.573611749349,77.85665009704314
4883.704372819515,80.83064202818001
4885.83513388968,75.91758584003693
4887.965894959846,70.1628609094874
4890.096656030011,72.00518089436727
4892.227417100177,73.67341203957864
4894.358178170342,79.99055063436946
4896.488939240508,83.44256636493621
4898.619700310674,96.38028552168636
4900.75046138084,98.65954706735242
4902.881222451005,90.64323337411312
4905.011983521171,95.99826933375893
4907.142744591336,96.29477381748114
4909.273505661502,100.81226564710897
4911.404266731667,89.48990951059587
4913.535027801833,84.42171926991774
4915.665788871998,75.4527001034316
4917.796549942164,77.4579849850572
4919.9273110123295,76.23377024354414
4922.0580720824955,68.60564744597811
4924.188833152661,58.988016566744065
4926.319594222827,49.07124967058883
4928.450355292992,49.52986358914362
4930.581116363158,49.9824814824761
4932.711877433323,47.3899217140895
4934.842638503489,44.258262514313095
4936.973399573654,47.271611869517436
4939.10416064382,50.96242493071232
4941.234921713985,36.225714552380595
4943.365682784151,36.108644222838706
4945.496443854317,50.87981195667774
4947.627204924483,60.63634241184445
4949.757965994648,61.80087104465025
4951.888727064814,56.959837027679285
4954.019488134979,35.170312519920365
4956.150249205145,18.921261316713068
4958.28101027531,18.879098633652664
4960.411771345476,23.599299842945154
4962.542532415641,35.712284503000646
4964.673293485807,49.55093714718563
4966.8040545559725,68.59302688074915
4968.9348156261385,79.47758025548147
4971.065576696304,76.42587579358997
4973.196337766469,92.74214919311096
4975.327098836635,95.40445084555058
4977.4578599068,89.37307677409194
4979.588620976966,95.14433155546432
4981.719382047131,97.99086034289347
4983.850143117297,98.84690981488853
4985.980904187462,87.67788562369262
4988.111665257628,91.34927539379422
4990.2424263277935,97.63100519714884
4992.37318739796,94.02996795934408
4994.503948468125,93.6713737541566
4996.634709538291,101.77719781382343
4998.765470608456,94.40599092217496
5000.896231678622,84.02108943391774
5003.026992748787,79.65682691175421
5005.157753818953,65.62772157503423
5007.288514889118,76.6624884093973
5009.419275959284,81.52957052304919
5011.550037029449,71.94467085308668
5013.6807980996155,60.810995164076346
5015.811559169781,53.84146641975467
5017.942320239947,45.29301639321366
5020.073081310112,32.26656993001879
5022.203842380278,36.48490396834202
5024.334603450443,23.94680798510814
5026.465364520609,16.7191123409828
5028.596125590774,24.093512460749558
5030.72688666094,11.731313969892684
5032.857647731105,1.9209191443687517
5034.988408801271,17.577146630195063
5037.1191698714365,36.189071573549626
5039.2499309416025,48.34720819869765
5041.380692011768,50.676695264043374
5043.511453081934,51.0942790792151
5045.642214152099,52.30598998387717
5047.772975222265,52.41811740987826
5049.90373629243,59.81798012173377
5052.034497362596,61.19372416912556
5054.165258432761,54.560641248600675
5056.296019502927,56.154243308692585
5058.426780573092,58.67491785231396
5060.557541643258,55.059678918388855
5062.688302713424,64.20475587858789
5064.81906378359,67.44423165296764
5066.949824853755,70.38309091720448
5069.080585923921,69.43244768972876
5071.211346994086,71.85618840294806
5073.342108064252,72.56272953165602
5075.472869134417,83.68568466021156
5077.603630204583,72.81475708672204
5079.734391274748,66.36260956572197
5081.865152344914,69.56121234089979
5083.9959134150795,71.53013980828284
5086.1266744852455,85.2527362181006
5088.257435555411,84.80456191479722
5090.388196625577,85.96334373598108
5092.518957695742,90.83931180623874
5094.649718765907,79.88467864051556
5096.780479836073,88.53870153595038
5098.911240906238,87.82313045987696
5101.042001976404,80.9089603491968
5103.172763046569,74.6686436663304
5105.303524116735,64.82262856146858
5107.4342851869005,59.307584113913066
5109.565046257067,68.05149713566804
5111.695807327232,70.57899234481539
5113.826568397398,58.6019490683216
5115.957329467563,64.26010239386501
5118.088090537729,55.59624149128611
5120.218851607894,42.64277973622431
5122.34961267806,59.939778134068554
5124.480373748225,69.19042436764748
5126.611134818391,84.9531091723933
5128.741895888556,85.0085214303207
5130.8726569587225,77.37931483996687
5133.003418028888,83.36192921923484
5135.134179099054,82.15034957642519
5137.264940169219,92.31991478167653
5139.395701239385,108.40325647801262
5141.52646230955,105.69771211975498
5143.657223379716,116.65727408182788
5145.787984449881,126.93432078215393
5147.918745520047,127.32069092758496
5150.049506590212,125.58273496053754
5152.180267660378,127.02897258842303
5154.3110287305435,112.3483836410426
5156.44178980071,106.88917074329385
5158.572550870875,100.73542021871208
5160.703311941041,103.60607968518256
5162.834073011206,92.43228644633561
5164.964834081372,82.87939519294466
5167.095595151537,73.10750098429354
5169.226356221703,64.9554534904964
5171.357117291868,61.31914875643652
5173.487878362034,69.04913394215102
5175.618639432199,63.360457485611754
5177.7494005023655,58.77813117791778
5179.880161572531,57.251923284577195
5182.010922642697,63.790372948006414
5184.141683712862,72.72656568254263
5186.272444783028,60.6158575416005
5188.403205853193,59.64356796037414
5190.533966923359,67.23008280807132
5192.664727993524,63.41509504514573
5194.79548906369,73.07553232175232
5196.926250133855,89.07736120758305
5199.057011204021,90.77722116042736
5201.1877722741865,83.09459533319668
5203.3185333443525,69.62439196430708
5205.449294414518,66.95964237772907
5207.580055484684,73.49453829946877
5209.710816554849,77.50240587242168
5211.841577625015,71.88329543880329
5213.97233869518,61.326347170679746
5216.103099765345,56.93356782995942
5218.233860835511,51.53172459943367
5220.364621905676,56.99323512381499
5222.495382975842,58.55041557703182
5224.6261440460075,59.922535095101054
5226.756905116174,69.0994440553745
5228.887666186339,66.69637325463415
5231.018427256505,72.06484072587783
5233.14918832667,61.69080070200796
5235.279949396836,67.61206148796407
5237.410710467001,70.91383089162534
5239.541471537167,65.81355242760458
5241.672232607332,63.947474544806354
5243.802993677498,58.78537046566169
5245.933754747663,53.975373800506894
5248.0645158178295,42.09391462499401
5250.195276887995,35.527028743605385
5252.326037958161,35.61258149935658
5254.456799028326,42.93515738537029
5256.587560098492,55.03403645161601
5258.718321168657,59.05865428561433
5260.849082238823,63.759032567433685
5262.979843308988,65.35805674208808
5265.110604379154,69.18075711873988
5267.241365449319,71.5768342038531
5269.372126519485,66.52117953931906
5271.5028875896505,65.04722085197352
5273.633648659817,60.848184907588355
5275.764409729982,67.63898667813801
5277.895170800148,63.587319460615596
5280.025931870313,63.7921731582295
5282.156692940479,60.82695214495484
5284.287454010644,48.36511414021567
5286.41821508081,41.652423533522814
5288.548976150975,31.369090521561432
5290.679737221141,40.40655428137823
5292.810498291306,46.43700645860951
5294.9412593614725,37.414117814611515
5297.072020431638,45.91392792574298
5299.202781501804,40.235305764786936
5301.333542571969,38.83530504608343
5303.464303642135,43.84495156444284
5305.5950647123,34.02140108941544
5307.725825782466,18.096211276795067
5309.856586852631,15.914884600581201
5311.987347922797,26.67168558120631
5314.118108992962,36.14874473726063
5316.248870063128,47.787286834330544
5318.3796311332935,56.502011039743024
5320.51039220346,56.50596942335077
5322.641153273625,53.96751160782495
5324.771914343791,53.606463239143935
5326.902675413956,61.43567446154125
5329.033436484122,77.79659140628853
5331.164197554287,83.0384343908908
5333.294958624453,91.98765436304258
5335.425719694618,95.82802768997676
5337.556480764783,94.9879201364122
5339.687241834949,101.51364263322239
5341.818002905115,107.58827076078894
5343.948763975281,107.78239222591208
5346.079525045446,111.06867007908163
5348.210286115612,106.58506111768716
5350.341047185777,109.07667990881015
5352.471808255943,110.93936286755365
5354.602569326108,108.38043989353909
5356.733330396274,109.12609037455063
5358.864091466439,98.4339141082311
5360.994852536605,96.20463064242601
5363.1256136067705,93.31674695876458
5365.2563746769365,83.86193721816277
5367.387135747102,86.03137373446899
5369.517896817268,87.8070856722872
5371.648657887433,93.58697369188394
5373.779418957599,88.80791679667061
5375.910180027764,85.55529917100638
5378.04094109793,77.90406586111106
5380.171702168095,81.43767140294813
5382.302463238261,86.84928190377049
5384.433224308426,94.32846519346072
5386.563985378592,90.21924766360662
5388.6947464487575,79.84656210346007
5390.825507518924,75.49768766921959
5392.956268589089,84.82072815300951
5395.087029659255,86.78357125841757
5397.21779072942,99.6821177257617
5399.348551799586,110.63433424460308
5401.479312869751,118.18932870722996
5403.610073939917,116.8671740106599
5405.740835010082,118.65471284163988
5407.871596080248,113.42058225671857
5410.002357150413,111.4196453907413
5412.1331182205795,104.39111404904162
5414.263879290745,120.59158973571421
5416.394640360911,129.09141885004786
5418.525401431076,132.69442664313982
5420.656162501242,138.17211506571724
5422.786923571407,142.17678476837696
5424.917684641573,121.66479493079886
5427.048445711738,112.91107585660258
5429.179206781904,108.89946217787917
5431.309967852069,107.61199864499632
5433.440728922235,106.80156490668332
5435.5714899924005,105.71956978966527
5437.702251062567,110.93800396589396
5439.833012132732,110.2625583243651
5441.963773202898,105.78986424382022
5444.094534273063,99.57124255551986
5446.225295343229,93.43873233016939
5448.356056413394,75.55021247594537
5450.48681748356,77.32225279186798
5452.617578553725,74.14071142773689
5454.748339623891,80.33551741710458
5456.879100694056,88.50440711505212
5459.009861764222,84.4980721537837
5461.140622834388,88.24907451477053
5463.271383904553,86.38773028114723
5465.402144974719,76.33574009217958
5467.532906044884,66.55492909383014
5469.66366711505,50.51443672397014
5471.794428185215,44.29196938551554
5473.925189255381,42.04732866763706
5476.055950325546,51.85641123316976
5478.186711395712,49.39721635397687
5480.3174724658775,62.359553511356545
5482.4482335360435,74.00003889903334
5484.578994606209,71.78339576965274
5486.709755676375,70.20128588400793
5488.84051674654,61.75654591588555
5490.971277816706,47.42937824558285
5493.102038886871,44.53608410378594
5495.232799957037,45.993943943485846
5497.363561027202,51.66614846959628
5499.494322097368,50.59695587207916
5501.625083167533,53.512499105210566
5503.755844237699,49.30854671167054
5505.886605307865,51.97341012636667
5508.017366378031,51.205878410897604
5510.148127448196,56.22516410645955
5512.278888518362,54.640649328152854
5514.409649588527,49.475335130068935
5516.540410658693,37.79592151333058
5518.671171728858,25.953905300307852
5520.801932799024,15.781723027177996
5522.932693869189,15.1642964003191
5525.063454939355,17.85081161269073
5527.1942160095205,20.357309550269292
5529.3249770796865,29.54644264033602
5531.455738149852,36.23159734673118
5533.586499220018,43.87913942046031
5535.717260290183,39.302377079715704
5537.848021360349,35.78151696716178
5539.978782430514,27.118212279727054
5542.10954350068,20.305151667608662
5544.240304570845,25.677710287678675
5546.371065641011,33.88649936670197
5548.501826711176,24.96226810975365
5550.632587781342,28.28204472015003
5552.7633488515075,24.422833155574544
5554.894109921674,30.20051515660544
5557.024870991839,28.7539646320652
5559.155632062005,36.17325351172676
5561.28639313217,52.67786114199766
5563.417154202336,54.47970766821716
5565.547915272501,48.95369766392702
5567.678676342667,44.39279361212866
5569.809437412832,36.651144967357894
5571.940198482998,39.064290202761406
5574.070959553163,32.733429043734425
5576.201720623329,22.013024095830232
5578.332481693495,16.069831542998056
5580.46324276366,24.515292010900176
5582.594003833826,27.10935128103363
5584.724764903991,48.054200920179746
5586.855525974157,59.34187619978721
5588.986287044322,69.28889402417781
5591.117048114488,69.7202979386217
5593.247809184653,63.85857184272735
5595.378570254819,67.6177947538464
5597.5093313249845,63.75885467567964
5599.6400923951505,58.97540788515342
5601.770853465316,59.90768658697563
5603.901614535482,55.43573287074575
5606.032375605647,54.10883770707471
5608.163136675813,61.12759079088261
5610.293897745978,71.05896650182882
5612.424658816144,75.33682699747172
5614.555419886309,72.07613976146641
5616.686180956475,71.79304216524362
5618.81694202664,73.09798803232977
5620.947703096806,55.957940327054914
5623.078464166972,51.78897227105154
5625.209225237138,40.65730134170963
5627.339986307303,49.788227248318975
5629.470747377469,57.285133486809045
5631.601508447634,64.50968597541663
5633.7322695178,62.701496830439666
5635.863030587965,70.581992560207
5637.993791658131,79.52997210622762
5640.124552728296,76.77088854884202
5642.255313798462,70.06861290623543
5644.3860748686275,69.77937713444118
5646.5168359387935,69.61003626623153
5648.647597008959,67.72718029508225
5650.778358079125,68.43173749168014
5652.90911914929,71.01388518058475
5655.039880219456,66.0807703829837
5657.170641289621,76.05395321978018
5659.301402359787,75.80228390035664
5661.432163429952,67.87072488990854
5663.562924500118,67.08323883897413
5665.693685570283,64.94992483233423
5667.824446640449,59.90324929855207
5669.955207710615,42.20820016046733
5672.085968780781,31.114506231453575
5674.216729850946,36.652379159504214
5676.347490921112,38.761523284343205
5678.478251991277,38.37004581374971
5680.609013061443,49.4139381515174
5682.739774131608,47.586240439051075
5684.870535201774,40.71326683923017
5687.001296271939,43.26964229682748
5689.132057342105,40.75726592291112
5691.2628184122705,41.341444676960776
5693.3935794824365,49.06358776286039
5695.524340552602,35.29393934863184
5697.655101622767,33.919630135251246
5699.785862692933,25.91251892035467
5701.916623763098,32.35158015912416
5704.047384833264,38.146401586692214
5706.178145903429,31.658450400172807
5708.308906973595,35.83106490183981
5710.43966804376,34.75994375915662
5712.570429113926,18.342961774619603
5714.7011901840915,22.739247499915336
5716.831951254258,25.8154681200769
5718.962712324423,30.88396248308889
5721.093473394589,28.33755228619941
5723.224234464754,27.72719624814011
5725.35499553492,37.820422163632706
5727.485756605085,53.49428865429086
5729.616517675251,59.39257659364121
5731.747278745416,57.131050191327056
5733.878039815582,57.309218312966124
5736.008800885747,58.99810791260058
5738.139561955913,59.896696998503415
5740.270323026079,77.00365001232433
5742.401084096245,79.26774844159478
5744.53184516641,83.01669686395047
5746.662606236576,84.80441693536721
5748.793367306741,72.41317012930013
5750.924128376907,61.23783132720124
5753.054889447072,56.498849959093135
5755.185650517238,60.32328791768118
5757.316411587403,59.93445845635978
5759.447172657569,57.184746355372
5761.5779337277345,71.79226124530214
5763.7086947979005,75.65804631303781
5765.839455868066,73.19981983166925
5767.970216938232,75.39048323688719
5770.100978008397,72.80102362338201
5772.231739078563,70.3705479786691
5774.362500148728,64.00165772312539
5776.493261218894,67.32227304028497
5778.624022289059,63.316259717487576
5780.754783359225,65.15482411661294
5782.88554442939,64.30710032877128
5785.016305499556,63.53241822211827
5787.147066569722,50.90846891471458
5789.277827639888,41.421959485205896
5791.408588710053,35.11872461018953
5793.539349780219,20.615741825395105
5795.670110850384,33.62953330517353
5797.80087192055,52.83500147606355
5799.931632990715,64.81806025972145
5802.062394060881,72.09792533870305
5804.193155131046,90.73508773456955
5806.323916201212,97.55706783177216
5808.4546772713775,104.77689397596397
5810.5854383415435,113.69092408610464
5812.716199411709,128.51766509491563
5814.846960481875,125.31088829322978
5816.97772155204,122.1662118107614
5819.108482622205,127.03094704978994
5821.239243692371,125.74168336965401
5823.370004762536,116.48547822232041
5825.500765832702,124.80215720070152
5827.631526902867,127.10132085321284
5829.762287973033,121.60728602286389
5831.8930490431985,114.46545477251743
5834.023810113365,107.82421318118027
5836.15457118353,101.07401204639123
5838.285332253696,87.72688644641246
5840.416093323861,77.51062112025201
5842.546854394027,76.67539913946324
5844.677615464192,80.95226619628728
5846.808376534358,81.19536122053563
5848.939137604523,82.20181394967886
5851.069898674689,79.87467340485041
5853.200659744854,73.22771129982547
5855.3314208150205,63.776747821499946
5857.462181885186,56.96537145386129
5859.592942955352,63.391772906348436
5861.723704025517,68.76249430453362
5863.854465095683,76.34006854243576
5865.985226165848,85.7390034292017
5868.115987236014,86.25629932392765
5870.246748306179,85.58839872387504
5872.377509376345,105.71282031434416
5874.50827044651,101.51501283395804
5876.639031516676,96.21643999135154
5878.7697925868415,94.70616768820678
5880.900553657008,90.87437620196015
5883.031314727173,88.24124425325029
5885.162075797339,90.82565209519466
5887.292836867504,87.86816643261945
5889.42359793767,89.98621400831789
5891.554359007835,85.03150862680963
5893.685120078001,76.34687877648004
5895.815881148166,74.11838945410834
5897.946642218332,66.9123930803794
5900.077403288497,57.21252223678769
5902.208164358663,49.15296981760999
5904.338925428829,35.23039832393471
5906.469686498995,27.09046580288001
5908.60044756916,34.491782397632704
5910.731208639326,36.75320274292377
5912.861969709491,49.91458856604758
5914.992730779657,43.978041545470674
5917.123491849822,43.162022884275544
5919.254252919988,51.39755533865561
5921.385013990153,50.0666913560067
5923.515775060319,52.82408862276578
5925.6465361304845,58.872663231676086
5927.7772972006505,51.692017407217286
5929.908058270816,62.85380798550975
5932.038819340982,62.82164126301605
5934.169580411147,60.022161166912355
5936.300341481313,53.860132324108456
5938.431102551478,49.541689169074424
5940.561863621643,37.728943174078395
5942.692624691809,25.07269725654717
5944.823385761974,17.8596721942164
5946.95414683214,18.451107070329286
5949.0849079023055,16.790653692676674
5951.215668972472,12.11811573897572
5953.346430042637,8.94643745499276
5955.477191112803,9.868747403462484
5957.607952182968,15.198452250188039
5959.738713253134,22.16572023818649
5961.869474323299,28.899550505458905
5964.000235393465,30.305150970245943
5966.13099646363,30.27472938509118
5968.261757533796,28.391772129919005
5970.392518603961,27.13186147276804
5972.5232796741275,25.102148827572478
5974.654040744293,17.672442906304962
5976.784801814459,9.10708314595067
5978.915562884624,11.235366892379014
5981.04632395479,17.902118774740394
5983.177085024955,17.613507243625833
5985.307846095121,23.13807083636503
5987.438607165286,23.747093456347606
5989.569368235452,21.323305338092577
5991.700129305617,24.56238295935004
5993.830890375783,35.72949739964714
5995.9616514459485,47.431631783237904
5998.092412516115,46.585792794700836
6000.22317358628,55.75040495320455
6002.353934656446,61.074922401071774
6004.484695726611,57.07666754751135
6006.615456796777,52.2489204790113
6008.746217866942,56.95589610108955
6010.876978937108,58.84665307466996
6013.007740007273,65.30812031482591
6015.138501077439,61.953904299871795
6017.269262147604,64.49367278808349
6019.4000232177705,74.27171833203874
6021.530784287936,81.79095593249215
6023.661545358102,80.39148204011794
6025.792306428267,83.13738352528297
6027.923067498433,83.88438075990571
6030.053828568598,84.19983345694807
6032.184589638764,80.60811212528195
6034.315350708929,84.11084221856427
6036.446111779095,76.41756676645338
6038.57687284926,61.269574720375196
6040.707633919426,52.69198643755791
6042.8383949895915,41.19378721259206
6044.969156059758,52.18506650808121
6047.099917129923,61.24767421176209
6049.230678200089,58.58656523012933
6051.361439270254,52.094818037222794
6053.49220034042,43.9886715877628
6055.622961410585,59.52126542371037
6057.753722480751,66.38514771992227
6059.884483550916,65.19405407345951
6062.015244621081,64.05055574235664
6064.146005691247,60.89809727853766
6066.276766761413,53.563115431066166
6068.407527831579,45.6781941654996
6070.538288901744,45.30825430537969
6072.66904997191,51.97632061735238
6074.799811042075,61.353897084597314
6076.930572112241,58.60094936366091
6079.061333182406,57.156626669786135
6081.192094252572,59.4573000323115
6083.322855322737,64.27386881031843
6085.453616392903,68.13920266697086
6087.584377463068,62.52450219327339
6089.7151385332345,71.68639727703653
6091.8458996034,72.60765381631742
6093.976660673566,74.06885617111959
6096.107421743731,78.74465661589142
6098.238182813897,85.27040402010186
6100.368943884062,78.68656531111097
6102.499704954228,72.5668637812429
6104.630466024393,72.62039955274167
6106.761227094559,67.00618882820098
6108.891988164724,68.83387182754518
6111.02274923489,77.75757203461536
6113.1535103050555,86.28258411787264
6115.284271375222,96.23541456986163
6117.415032445387,101.95491050434993
6119.545793515553,104.06644057438197
6121.676554585718,96.75009772415136
6123.807315655884,88.39764438791018
6125.938076726049,90.66664162386556
6128.068837796215,83.43018565458198
6130.19959886638,73.11563126048075
6132.330359936546,61.04216883883945
6134.461121006711,58.71838837709479
6136.5918820768775,62.718276425889755
6138.722643147043,64.31875145881682
6140.853404217209,65.07221209720122
6142.984165287374,66.39387279640083
6145.11492635754,65.97061803096113
6147.245687427705,58.53000489072741
6149.376448497871,57.863330718843216
6151.507209568036,48.29208387126163
6153.637970638202,36.3311319456707
6155.768731708367,33.70403652590908
6157.899492778533,30.07219788786938
6160.0302538486985,33.056120468399634
6162.161014918865,27.881147963677808
6164.29177598903,24.127868453363877
6166.422537059196,26.73350855776449
6168.553298129361,27.74563204109602
6170.684059199527,16.521263912497417
6172.814820269692,7.991436874887847
6174.945581339858,7.5939448367414855
6177.076342410023,9.757365504168943
6179.207103480189,9.290154126407042
6181.337864550354,14.759955023971195
6183.46862562052,19.87424453130502
6185.599386690686,22.65100304869893
6187.730147760851,26.562893835645216
6189.860908831017,31.296411232910298
6191.991669901182,28.153372063480788
6194.122430971348,34.54309290611799
6196.253192041513,42.88215336262196
6198.383953111679,46.740211402251916
6200.514714181844,44.84779361936431
6202.64547525201,39.54457811918433
6204.7762363221755,28.6903693382996
6206.9069973923415,24.614242023898747
6209.037758462507,24.27615361007468
6211.168519532673,22.84053608157374
6213.299280602838,18.631586077327466
6215.430041673004,20.924951791052
6217.560802743169,24.336706084250878
6219.691563813335,16.184504187004897
6221.8223248835,7.610720554430001
6223.953085953666,5.661181437581044
6226.083847023831,15.287237714212079
6228.214608093997,19.974198025289017
6230.345369164163,19.606717047846278
6232.476130234329,35.96956453608558
6234.606891304494,41.697215230049906
6236.73765237466,43.898553227751606
6238.868413444825,44.63581236353953
6240.999174514991,41.016018435141426
6243.129935585156,39.60124539213051
6245.260696655322,28.779191583419657
6247.391457725487,15.498425033574012
6249.522218795653,7.498160672750494
6251.652979865818,9.95715954465594
6253.7837409359845,8.063804655164267
6255.91450200615,7.28410418366131
6258.045263076316,9.980210963746387
6260.176024146481,10.4528611496981
6262.306785216647,19.9332365125249
6264.437546286812,23.675651328451764
6266.568307356978,22.77444607451357
6268.699068427143,33.67352766662248
6270.829829497309,39.067698021811445
6272.960590567474,36.88738931816863
6275.09135163764,36.81459307940642
6277.2221127078055,29.975310049767483
6279.352873777972,22.68238179577652
6281.483634848137,23.15012053230716
6283.614395918303,29.412643845558044
6285.745156988468,32.01968671706218
6287.875918058634,31.99292686538744
6290.006679128799,41.18430462242362
6292.137440198965,46.699047977855024
6294.26820126913,53.6108744762711
6296.398962339296,50.80026262163125
6298.529723409461,48.408724546099826
6300.6604844796275,42.61078425374864
6302.791245549793,36.21917131966297
6304.922006619958,45.4628775812968
6307.052767690124,45.82901354509646
6309.183528760289,44.36802372509773
6311.314289830455,51.62818394325769
6313.44505090062,53.89639540630515
6315.575811970786,60.21130601882907
6317.706573040951,60.17260028312417
6319.837334111117,52.50028212868797
6321.9680951812825,56.07212751100054
6324.0988562514485,59.6300430088572
6326.229617321614,54.72230583926137
6328.36037839178,59.719103941836146
6330.491139461945,64.60807439320583
6332.621900532111,64.58446568495394
6334.752661602276,67.528747774493
6336.883422672442,73.76683535900399
6339.014183742607,79.80215149202489
6341.144944812773,75.06851017857956
6343.275705882938,66.94340985235458
6345.406466953104,65.05168635681862
6347.53722802327,57.46672876443183
6349.667989093436,46.139897367720366
6351.798750163601,42.74911451169328
6353.929511233767,36.226771853859724
6356.060272303932,44.17800615271267
6358.191033374098,48.60207753038332
6360.321794444263,54.988202212653654
6362.452555514429,50.929632866876844
6364.583316584594,43.210937418019796
6366.71407765476,38.004290016013016
6368.8448387249255,35.02615084814087
6370.9755997950915,25.663273374704268
6373.106360865257,25.92274587998045
6375.237121935423,28.439080195360273
6377.367883005588,29.476446931351546
6379.498644075754,23.157799919009594
6381.629405145919,24.574764219676464
6383.760166216085,27.430618753399365
6385.89092728625,22.121369222072587
6388.021688356416,9.55940238152796
6390.152449426581,13.747652419270604
6392.283210496747,9.86016040948843
6394.413971566913,23.708011691086625
6396.544732637079,34.17994362098412
6398.675493707244,37.45925188600152
6400.80625477741,40.545750376154324
6402.937015847575,44.85551532418353
6405.067776917741,34.52040076761081
6407.198537987906,31.490446550459986
6409.329299058072,25.06395733908176
6411.460060128237,23.09198027131225
6413.590821198403,23.640886210838527
6415.721582268568,33.10192497007658
6417.8523433387345,31.288059580120816
6419.9831044089,29.758921171262305
6422.113865479066,33.62202931592821
6424.244626549231,35.834379459685366
6426.375387619396,42.015149078326345
6428.506148689562,42.05371127637541
6430.636909759727,44.59043823634755
6432.767670829893,43.386655603628434
6434.898431900058,32.78186363201168
6437.029192970224,22.72505560230872
6439.1599540403895,12.833149022824271
6441.2907151105555,16.03369990530874
6443.421476180721,13.284824987752609
6445.552237250887,21.12551785244477
6447.682998321052,25.70160461381159
6449.813759391218,20.976267778271502
6451.944520461383,15.1651852304436
6454.075281531549,15.027513104544754
6456.206042601714,14.087958258652767
6458.33680367188,22.84779870083099
6460.467564742045,31.656860285363113
6462.598325812211,39.63576453169143
6464.729086882377,47.00488766197345
6466.859847952543,45.746419352006036
6468.990609022708,47.43906912262704
6471.121370092874,44.82808279101263
6473.252131163039,38.016314673943974
6475.382892233205,41.65691435083947
6477.51365330337,42.421026238093305
6479.644414373536,46.74352380214638
6481.775175443701,50.51415743834776
6483.905936513867,58.76020918742532
6486.0366975840325,63.51608926672659
6488.1674586541985,64.01881635468158
6490.298219724364,59.99358720288264
6492.42898079453,53.29512511276276
6494.559741864695,53.52781467251064
6496.690502934861,50.86902713315789
6498.821264005026,40.21857446110889
6500.952025075192,33.39421717743518
6503.082786145357,35.77666381860335
6505.213547215523,30.552083424620395
6507.344308285688,32.51216722728096
6509.475069355854,22.811131002542503
6511.60583042602,26.099790322039375
6513.736591496186,31.577524026182697
6515.867352566351,31.489568660324654
6517.998113636517,34.464495262380964
6520.128874706682,38.19951184318191
6522.259635776848,33.33053629835345
6524.390396847013,28.757517243645786
6526.521157917179,27.345037527121722
6528.651918987344,12.84512764823288
6530.78268005751,8.209669731521345
6532.9134411276755,18.25144726518336
6535.0442021978415,26.95071193780088
6537.174963268007,31.13071222192805
6539.305724338173,32.17643365421873
6541.436485408338,23.78335155854342
6543.567246478504,26.273818326373938
6545.698007548669,23.661664867079995
6547.828768618834,27.728652919308143
6549.959529689,29.98095320418189
6552.090290759165,31.293379436143404
6554.221051829331,35.056662461574035
6556.3518128994965,45.18789679736951
6558.482573969663,49.84885454421181
6560.613335039828,52.35196146618737
6562.744096109994,47.06953954939104
6564.874857180159,44.796311385407904
6567.005618250325,38.374510389294684
6569.13637932049,28.074285656967415
6571.267140390656,11.927107009885251
6573.397901460821,2.0993138304420347
6575.528662530987,12.779938509059587
6577.659423601152,18.999642434127644
6579.7901846713185,26.621276620714085
6581.920945741484,23.425841524216274
6584.05170681165,26.689104767184357
6586.182467881815,22.432560828562362
6588.313228951981,20.854142064618287
6590.443990022146,27.188419023217488
6592.574751092312,28.512689789155917
6594.705512162477,42.0206365894536
6596.836273232643,48.53425926678296
6598.967034302808,51.02191746018564
6601.097795372974,39.291847937028216
6603.2285564431395,31.568720919517023
6605.3593175133055,44.070050078451
6607.490078583471,50.05018150666397
6609.620839653637,58.906928606010005
6611.751600723802,55.51874909508934
6613.882361793968,56.86890358416827
6616.013122864133,60.3252818448045
6618.143883934299,73.69669940218876
6620.274645004464,72.37301924339724
6622.40540607463,67.79160720198992
6624.536167144795,64.9549471511435
6626.666928214961,60.53828693090981
6628.797689285127,63.976982398234775
6630.928450355293,76.36920814218155
6633.059211425458,78.50142788825693
6635.189972495624,78.61322665931941
6637.320733565789,71.4684057460031
6639.451494635955,76.02434846069701
6641.58225570612,70.15387195352896
6643.713016776286,62.20410519792567
6645.843777846451,70.47729587489309
6647.974538916617,78.66804094620132
6650.1052999867825,77.94006087096169
6652.2360610569485,76.001437064624
6654.366822127114,69.83980357022466
6656.49758319728,80.05604509373924
6658.628344267445,75.73901035385441
6660.759105337611,68.2321794422875
6662.889866407776,58.23487681771661
6665.020627477942,58.048627061385204
6667.151388548107,57.912676473823154
6669.282149618272,58.92360357977037
6671.412910688438,60.98311438526222
6673.5436717586035,66.81350132632893
6675.67443282877,58.08446380871836
6677.805193898935,52.08309535427017
6679.935954969101,57.10677299366549
6682.066716039266,52.32440418655564
6684.197477109432,48.82991545530131
6686.328238179597,44.612023013282126
6688.458999249763,36.173440109302426
6690.589760319928,35.34432470277137
6692.720521390094,36.986123718049775
6694.851282460259,31.595468039360785
6696.9820435304255,34.50992271180053
6699.112804600591,34.4439392657062
6701.243565670757,40.096946093264414
6703.374326740922,36.847565270657206
6705.505087811088,32.56091908820881
6707.635848881253,22.135650302205306
6709.766609951419,18.384460709787636
6711.897371021584,20.276440971524465
6714.02813209175,14.42530517946486
6716.158893161915,16.2556775127414
6718.289654232081,18.110032883867795
6720.4204153022465,20.07047475691959
6722.551176372413,21.376407407422658
6724.681937442578,20.79615170270435
6726.812698512744,18.13017915526465
6728.943459582909,8.737842113454839
6731.074220653075,5.358224225855237
6733.20498172324,3.1602633850165582
6735.335742793406,12.261862535609207
6737.466503863571,22.248860843945486
6739.597264933737,26.04520145260697
6741.728026003902,22.79761687772806
6743.8587870740685,26.099954236069305
6745.989548144234,38.86607474132534
6748.1203092144,37.0523588572685
6750.251070284565,35.838130772830404
6752.381831354731,33.99888397941676
6754.512592424896,35.15207657159695
6756.643353495062,33.87920500226526
6758.774114565227,39.871567945660196
6760.904875635393,38.55600557903416
6763.035636705558,39.37701733080382
6765.166397775724,32.623969849559295
6767.2971588458895,40.18467725415181
6769.4279199160555,43.18998028876137
6771.558680986221,46.77013587306316
6773.689442056387,46.65822929326683
6775.820203126552,42.28554858941505
6777.950964196718,35.64581902754508
6780.081725266883,35.90173828220165
6782.212486337049,34.4881257489666
6784.343247407214,33.67414116033325
6786.47400847738,25.04209365399938
6788.604769547545,16.615776769730154
6790.7355306177105,17.1271128050476
6792.866291687877,23.324934363590444
6794.997052758042,21.15931391512252
6797.127813828208,26.360891576705786
6799.258574898373,32.24157759731813
6801.389335968539,38.61944858318074
6803.520097038704,44.83275797076455
6805.65085810887,43.30586851541658
6807.781619179035,36.263728418052395
6809.912380249201,37.71155628860771
6812.043141319366,32.3457081106259
6814.1739023895325,24.071219469620278
6816.304663459698,27.826087238074386
6818.435424529864,21.73108412209399
6820.566185600029,21.107915729852547
6822.696946670195,24.395062559667554
6824.82770774036,24.35242163820368
6826.958468810526,33.58829898136431
6829.089229880691,38.65397945359607
6831.219990950857,34.57473556448698
6833.350752021022,23.41604871521276
6835.481513091188,12.94064336523845
6837.6122741613535,12.383720858107756
6839.74303523152,8.230022920076122
6841.873796301685,13.737280007477391
6844.004557371851,17.00864109242591
6846.135318442016,17.527067384335
6848.266079512182,20.134922009593122
6850.396840582347,20.652561996755214
6852.527601652513,14.640765062101554
6854.658362722678,7.159327430925062
6856.789123792844,7.632634284589059
6858.919884863009,11.176298261901977
6861.0506459331755,12.826699931561274
6863.181407003341,13.246930776341777
6865.312168073507,16.942355585093548
6867.442929143672,25.161188852073497
6869.573690213838,20.20685396018803
6871.704451284003,22.747147230743476
6873.835212354169,29.07358926941628
6875.965973424334,25.009034177119872
6878.0967344945,20.05007443991099
6880.227495564665,18.88068883245647
6882.358256634831,17.167974797335564
6884.4890177049965,20.93611298255583
6886.619778775163,26.755044855049576
6888.750539845328,27.01044038534353
6890.881300915494,26.133857538339544
6893.012061985659,31.39159580822661
6895.142823055825,31.861487907158967
6897.27358412599,29.48516427016043
6899.404345196156,28.14879355485906
6901.535106266321,34.3675167239185
6903.665867336487,37.10130075089694
6905.796628406652,41.69435342250524
6907.9273894768185,41.92598048530662
6910.058150546984,34.19385490718714
6912.188911617149,24.60068527063831
6914.319672687315,37.105014789184196
6916.45043375748,29.76054738805936
6918.581194827646,27.68338517508565
6920.711955897811,34.29230585256073
6922.842716967977,40.735200417316044
6924.973478038142,37.636478535423336
6927.104239108308,41.47760456270516
6929.2350001784735,42.6278673385766
6931.3657612486395,36.276670010428504
6933.496522318805,24.756351229867846
6935.627283388971,29.37018604476356
6937.758044459136,39.23149498215351
6939.888805529302,35.87603801560247
6942.019566599467,39.12661865463854
6944.150327669633,49.46531514325061
6946.281088739798,46.37764155954542
6948.411849809964,43.44683149911603
6950.542610880129,33.81215532731653
6952.673371950295,39.91692437858173
6954.8041330204605,47.67159413569743
6956.934894090627,45.89564178435001
6959.065655160792,43.59105782580086
6961.196416230958,36.261803037966224
6963.327177301123,29.30670522154822
6965.457938371289,30.790040775593315
6967.588699441454,36.58837840142316
6969.71946051162,36.70145788916518
6971.850221581785,36.92239163474207
6973.980982651951,27.176982257403303
6976.111743722116,18.08752517311409
6978.2425047922825,10.98502060991989
6980.373265862448,4.329745696187768
6982.504026932614,6.011274938572301
6984.634788002779,14.214743882409252
6986.765549072945,20.851984058117672
6988.89631014311,21.66698583208271
6991.027071213276,27.95648403549629
6993.157832283441,24.011147951046144
6995.288593353607,24.519367870030486
6997.419354423772,33.08095505969654
6999.550115493938,31.033147164507916
7001.6808765641035,36.58838697936119
7003.81163763427,41.229203339613605
7005.942398704435,45.94548947381081
7008.073159774601,52.56739473278833
7010.203920844766,48.983157387894764
7012.334681914932,47.4104443476841
7014.465442985097,44.61542802447705
7016.596204055263,39.88847858151024
7018.726965125428,46.31055376097507
7020.857726195594,40.35212159537933
7022.988487265759,30.703121352535383
7025.1192483359255,28.794264883081684
7027.250009406091,29.041579679126574
7029.380770476257,21.23966357686146
7031.511531546422,19.08707100435383
7033.642292616587,13.653577483008636
7035.773053686753,18.052658205615575
7037.903814756918,17.318188234484477
7040.034575827084,16.690030843995544
7042.165336897249,2.6461899606749304
7044.296097967415,7.4240447984550935
7046.4268590375805,12.869356384872697
7048.5576201077465,22.590519509818453
7050.688381177912,21.283824423599565
7052.819142248078,20.453659111538702
7054.949903318243,17.741796467318867
7057.080664388409,21.545665941849347
7059.211425458574,19.46875949880073
7061.34218652874,19.465733752551465
7063.472947598905,17.85399935125854
7065.603708669071,14.660668002022028
7067.734469739236,13.190629557483993
7069.865230809402,21.93626080434345
7071.995991879568,17.0115673532019
7074.126752949734,20.075349535042797
7076.257514019899,25.073533314312815
7078.388275090065,29.28899087488792
7080.51903616023,33.44169034677277
7082.649797230396,26.476409152921466
7084.780558300561,25.401378599784646
7086.911319370727,28.994311203744882
7089.042080440892,25.826012023401066
7091.172841511058,28.304152565257844
7093.3036025812235,31.685394885363927
7095.4343636513895,33.42392980010542
7097.565124721555,42.27566921291678
7099.695885791721,44.323625142237184
7101.826646861886,48.461588715665805
7103.957407932052,50.235231264038504
7106.088169002217,46.01006606128144
7108.218930072383,34.195826457527076
7110.349691142548,27.059708402220384
7112.480452212714,39.10214021580168
7114.611213282879,45.745450143223174
7116.741974353045,37.6103779534513
7118.8727354232105,41.13051475228594
7121.003496493377,36.25457828712116
7123.134257563542,35.561792217547534
7125.265018633708,34.91640530793928
7127.395779703873,27.70958645075961
7129.526540774039,22.9649262309155
7131.657301844204,24.286107185196542
7133.78806291437,27.758870910386158
7135.918823984535,26.63297147149692
7138.049585054701,26.473670370755542
7140.180346124866,28.8788686339905
7142.3111071950325,25.886671546649808
7144.441868265198,27.58873179436189
7146.572629335364,27.291086072375787
7148.703390405529,36.60438754653469
7150.834151475695,41.57013839145888
7152.96491254586,50.61492241958479
7155.095673616025,50.32690457638473
7157.226434686191,45.40343317310789
7159.357195756356,35.59308261574739
7161.487956826522,25.907672107016573
7163.6187178966875,21.01881040396827
7165.7494789668535,21.312873582407807
7167.880240037019,25.749787211739367
7170.011001107185,24.102434279593744
7172.14176217735,22.011858591586964
7174.272523247516,19.75660325435093
7176.403284317681,11.83892745128811
7178.534045387847,2.5299386824138574
7180.664806458012,5.840419973641766
7182.795567528178,21.375529757488632
7184.926328598343,26.51952092699726
7187.057089668509,20.26984347066804
7189.187850738675,18.613933099340798
7191.318611808841,9.806355929616364
7193.449372879006,2.8538898954892202
7195.580133949172,10.712429686700407
7197.710895019337,11.055259882429159
7199.841656089503,9.499099349397982
7201.972417159668,1.0271530082055553
7204.103178229834,12.85568814239338
7206.233939299999,19.22832666622819
7208.364700370165,19.164893567860478
7210.4954614403305,25.611654356176313
7212.6262225104965,18.815634829724697
7214.756983580662,26.289052128657886
7216.887744650828,28.791691212308493
7219.018505720993,22.65123172259813
7221.149266791159,21.090455320491873
7223.280027861324,25.032281694975175
7225.41078893149,22.198378173159398
7227.541550001655,18.214623091830532
7229.672311071821,14.601430222199529
7231.803072141986,10.456199557119595
7233.933833212152,5.942713734370411
7236.064594282318,3.9972931595763583
7238.195355352484,3.312158935613978
7240.326116422649,0.9633001412264024
7242.456877492815,4.95484850917763
7244.58763856298,4.838576051365893
7246.718399633146,6.834172290288157
7248.849160703311,11.476549652231963
7250.979921773477,25.302995767720283
7253.110682843642,24.80058449606979
7255.241443913808,27.68051556453649
7257.3722049839735,37.58812373308695
7259.5029660541395,37.53595984602826
7261.633727124305,41.22283484932482
7263.764488194471,39.43338410148144
7265.895249264636,41.00073490024817
7268.026010334802,42.51642291710727
7270.156771404967,45.14856203224384
7272.287532475133,39.42852407405605
7274.418293545298,39.698858468864685
7276.549054615463,38.55240271039583
7278.679815685629,44.23366444225426
7280.8105767557945,53.99192517734002
7282.9413378259605,57.63599705378326
7285.072098896126,51.25657637971584
7287.202859966292,53.65042308524512
7289.333621036457,54.76271041934823
7291.464382106623,49.92783892874682
7293.595143176788,53.19390313540308
7295.725904246954,49.03159338332232
7297.856665317119,42.98320976359074
7299.987426387285,39.895577437235794
7302.11818745745,42.45176947762944
7304.248948527616,43.4054561035898
7306.379709597782,52.171754822904134
7308.510470667948,60.383405095086744
7310.641231738113,67.00937721246433
7312.771992808279,61.6271557694965
7314.902753878444,52.99840840803718
7317.03351494861,47.630593108968775
7319.164276018775,51.77912266616174
7321.295037088941,49.89810688162884
7323.425798159106,48.95682177657569
7325.556559229272,46.108804916137856
7327.6873202994375,51.50309167385669
7329.8180813696035,54.20064423381352
7331.948842439769,59.95667028665068
7334.079603509935,53.726607529654395
7336.2103645801,59.33924456656757
7338.341125650266,56.60535277502083
7340.471886720431,54.27009517197277
7342.602647790597,50.29718314801415
7344.733408860762,51.06516444915877
7346.864169930928,51.28831816109871
7348.994931001093,44.23328345053071
7351.125692071259,34.14919720273954
7353.256453141425,23.48451060166759
7355.387214211591,13.023886268333477
7357.517975281756,6.2124807645566795
7359.648736351922,16.267005373191285
7361.779497422087,22.365822654828776
7363.910258492253,33.562736384905925
7366.041019562418,30.444900759952088
7368.171780632584,30.855202454187133
7370.302541702749,31.53963195855123
7372.433302772915,29.89777676858528
7374.5640638430805,27.74339782291619
7376.6948249132465,32.12977946259985
7378.825585983412,38.39812933160783
7380.956347053578,43.16812427051047
7383.087108123743,43.14452777553146
7385.217869193909,47.59362528288206
7387.348630264074,45.67424684171465
7389.47939133424,48.44948123183518
7391.610152404405,49.715732008335095
7393.740913474571,48.89740204834547
7395.871674544736,38.98183432282742
7398.0024356149015,33.53292855204007
7400.133196685068,34.788384293956774
7402.263957755233,33.44242429967958
7404.394718825399,37.18378547130399
7406.525479895564,45.87523775707633
7408.65624096573,45.570045263903914
7410.787002035895,52.449350321118644
7412.917763106061,48.89066732368575
7415.048524176226,53.45629762643642
7417.179285246392,53.6225952593345
7419.310046316557,57.1365538969435
7421.4408073867235,50.64526135603033
7423.571568456889,45.83320376023781
7425.702329527055,44.114476485076494
7427.83309059722,43.50472862166939
7429.963851667386,36.716410004278494
7432.094612737551,33.266702071326286
7434.225373807717,30.52181706538932
7436.356134877882,27.955843746105625
7438.486895948048,29.09759149823786
7440.617657018213,35.01491121121008
7442.748418088379,35.24077418914461
7444.8791791585445,38.593172338830456
7447.009940228711,36.54643496637711
7449.140701298876,27.99175281455157
7451.271462369042,24.283594230905095
7453.402223439207,17.631332302492506
7455.532984509373,15.966870084872166
7457.663745579538,20.571243253439427
7459.794506649704,20.324045265928778
7461.925267719869,21.935589204396845
7464.056028790035,12.181442048763422
7466.1867898602,5.8192662380939515
7468.317550930366,10.403799360238079
7470.448312000532,16.357507668742677
7472.579073070698,26.95390854966219
7474.709834140863,30.5758820146907
7476.840595211029,25.66458880472142
7478.971356281194,29.357236952885877
7481.10211735136,36.51980120540194
7483.232878421525,30.130546447706166
7485.363639491691,26.86204103606464
7487.494400561856,20.607058322712046
7489.625161632022,30.245870350932773
7491.7559227021875,31.668017947225476
7493.8866837723535,28.879047259628468
7496.017444842519,37.34426119345717
7498.148205912685,42.213005435781625
7500.27896698285,44.58570110142226
7502.409728053016,50.462099885379935
7504.540489123181,42.03053261497704
7506.671250193347,36.275476903782845
7508.802011263512,39.512807960243244
7510.932772333678,35.69224410548693
7513.063533403843,40.20913962718753
7515.194294474009,41.122816661354236
7517.325055544175,33.863113951847374
7519.45581661434,31.420525568885502
7521.586577684506,30.768844641608382
7523.717338754671,31.484071941810168
7525.848099824837,27.28295194929228
7527.978860895002,17.49778486024692
7530.109621965168,18.51160895507662
7532.240383035333,13.210374310434084
7534.371144105499,7.3029032495248565
7536.501905175664,4.892182198096779
7538.6326662458305,17.297118351350885
7540.763427315996,26.220800026527186
7542.894188386162,24.88828600785348
7545.024949456327,28.618099545879577
7547.155710526493,40.090560620652354
7549.286471596658,41.85375967777296
7551.417232666824,44.537020671912195
7553.547993736989,41.076974831170766
7555.678754807155,50.83945704944592
7557.80951587732,55.677819551800376
7559.940276947486,55.55938742917736
7562.0710380176515,62.75295941891978
7564.201799087818,63.90338560777247
7566.332560157983,64.0962554798962
7568.463321228149,58.64796893669008
7570.594082298314,51.63402949513439
7572.72484336848,51.38557646528303
7574.855604438645,50.0574385810315
7576.986365508811,52.92610903227796
7579.117126578976,52.52559481031672
7581.247887649142,52.66983204126427
7583.378648719307,51.902171010898975
7585.5094097894735,44.54892408057329
7587.640170859639,39.68350850373499
7589.770931929805,45.740690819701484
7591.90169299997,55.03955823786742
7594.032454070136,51.602614640705646
7596.163215140301,57.28490402447684
7598.293976210467,55.270303977900795
7600.424737280632,52.601247741656124
7602.555498350798,54.04877897839409
7604.686259420963,51.953793699644336
7606.817020491129,47.34824903754031
7608.9477815612945,48.46458933125414
7611.078542631461,54.432360579660795
7613.209303701626,70.54541020639488
7615.340064771792,72.40543166207964
7617.470825841957,74.2911454336118
7619.601586912123,77.6797908383609
7621.732347982288,70.40713458465176
7623.863109052454,68.52530973654062
7625.993870122619,69.72383136245084
7628.124631192785,53.118672317883636
7630.25539226295,46.03224194883789
7632.386153333116,43.578472366619636
7634.516914403282,34.6038667590074
7636.647675473447,36.71697597402484
7638.778436543613,40.92314780810462
7640.909197613778,38.665185016821404
7643.039958683944,38.72144833505912
7645.170719754109,34.15060649613732
7647.301480824275,34.74671449228317
7649.43224189444,31.974452957006427
7651.563002964606,19.50528263642783
7653.693764034771,24.589456100703252
7655.8245251049375,33.404150063894434
7657.955286175103,32.80500693907207
7660.086047245269,28.683035307936148
7662.216808315434,20.722208271692804
7664.3475693856,17.356375856473207
7666.478330455765,29.43610927102794
7668.609091525931,28.48277235592063
7670.739852596096,37.861797307064876
7672.870613666262,41.433803994321885
7675.001374736427,42.33831520684657
7677.132135806593,38.744991460721224
7679.2628968767585,41.746461977701244
7681.393657946925,41.37098977916713
7683.52441901709,47.64127967133705
7685.655180087256,38.24496176791398
7687.785941157421,27.78846988107399
7689.916702227587,27.633545674692805
7692.047463297752,25.676331089625965
7694.178224367918,28.73304497803596
7696.308985438083,29.72668019821342
7698.439746508249,27.93590628761515
7700.570507578414,39.2003996823724
7702.7012686485805,40.770393181595544
7704.832029718746,42.5552749897341
7706.962790788912,41.79743614998222
7709.093551859077,37.4162961954674
7711.224312929243,31.544324253929357
7713.355073999408,26.669255625059385
7715.485835069574,28.55791808861499
7717.616596139739,31.895859795198277
7719.747357209905,35.23635744956032
7721.87811828007,41.135430829200416
7724.008879350236,43.37853205107711
7726.1396404204015,41.587659018763986
7728.270401490568,37.09336811402405
7730.401162560733,34.07142364481086
7732.531923630899,26.699336239841355
7734.662684701064,26.667808752363676
7736.79344577123,20.286002621696575
7738.924206841395,16.28947427380144
7741.054967911561,10.536599898920622
7743.185728981726,10.776251474629856
7745.316490051892,17.602109450051902
7747.447251122057,16.636783786276048
7749.5780121922235,12.260499084460927
7751.708773262389,7.729166096429997
7753.839534332555,10.968877810359949
7755.97029540272,15.186586625887626
7758.101056472885,21.34617655221885
7760.231817543051,22.265577903253988
7762.362578613216,24.64905939405119
7764.493339683382,27.384341603308496
7766.624100753547,22.98066481184675
7768.754861823713,14.94203063280853
7770.8856228938785,7.8175635701003445
7773.0163839640445,3.2617350830444707
7775.14714503421,3.982480314129933
7777.277906104376,5.266577840856207
7779.408667174541,7.635436654062732
7781.539428244707,9.69207954023784
7783.670189314872,6.180306528572699
7785.800950385038,1.6866679480068805
7787.931711455203,4.260766183989594
7790.062472525369,12.242020746643957
7792.193233595534,13.367695223916707
7794.3239946657,16.41175733380798
7796.454755735866,17.54750388595449
7798.585516806032,15.284858665726006
7800.716277876197,6.663082996694308
7802.847038946363,2.854649615402577
7804.977800016528,8.797166377334337
7807.108561086694,15.062183014824695
7809.239322156859,22.77090897674173
7811.370083227025,30.507593302690903
7813.50084429719,34.022562682237115
7815.631605367356,34.91108330658564
7817.762366437521,35.35685275744084
7819.8931275076875,34.7235428941241
7822.023888577853,31.217897500951985
7824.154649648019,29.606400049784977
7826.285410718184,30.364996156105768
7828.41617178835,31.394037735883657
7830.546932858515,22.72276028503269
7832.677693928681,25.829306695337518
7834.808454998846,31.958006462617053
7836.939216069012,27.347680439322616
7839.069977139177,24.184788891473758
7841.200738209343,27.227565079779954
7843.3314992795085,24.980669368004673
7845.462260349675,20.898734561150427
7847.59302141984,12.163633718122457
7849.723782490006,10.037627802512894
7851.854543560171,7.365283188592333
7853.985304630337,12.198072609594142
7856.116065700502,19.14164257883513
7858.246826770668,19.091235814258027
7860.377587840833,26.574206434284747
7862.508348910999,26.33747692953056
7864.639109981164,20.315272031461703
7866.7698710513305,11.315755417327937
7868.900632121496,7.558382083589962
7871.031393191662,14.420394225820766
7873.162154261827,18.476597180466975
7875.292915331993,23.861122522157693
7877.423676402158,31.80786280540847
7879.554437472323,37.91250372869399
7881.685198542489,38.987893310901725
7883.815959612654,41.09623355511663
7885.94672068282,47.0583554559599
7888.0774817529855,44.06142712819603
7890.2082428231515,37.21449105033079
7892.339003893317,32.462225576808265
7894.469764963483,28.453246047317705
7896.600526033648,20.434285223785274
7898.731287103814,17.432776622832705
7900.862048173979,10.73849986525691
7902.992809244145,17.991724722113442
7905.12357031431,20.920323171709285
7907.254331384476,18.269161304764935
7909.385092454641,24.287114619041766
7911.515853524807,18.690751155463087
7913.646614594973,19.65555387742532
7915.777375665139,15.786665753012965
7917.908136735304,18.17236068302408
7920.03889780547,22.794910805173153
7922.169658875635,22.868593721032365
7924.300419945801,22.358124212318128
7926.431181015966,25.66134049511499
7928.561942086132,20.62926378659542
7930.692703156297,16.9588875855764
7932.823464226463,21.455595631924368
7934.9542252966285,21.122098382316146
7937.0849863667945,26.183342614904227
7939.21574743696,21.84285100032858
7941.346508507126,27.9882858695307
7943.477269577291,24.89151868707497
7945.608030647457,17.074170870818108
7947.738791717622,17.926643160940998
7949.869552787788,24.272711919903003
7952.000313857953,22.519568432548105
7954.131074928119,26.933472203254144
7956.261835998284,31.883165093544335
7958.39259706845,32.46054863492846
7960.523358138616,31.45904450275306
7962.654119208782,29.06403572924573
7964.784880278947,27.410265590762304
7966.915641349113,24.784483236004558
7969.046402419278,20.822391949559858
7971.177163489444,21.174716939827686
7973.307924559609,21.490347176880654
7975.438685629775,26.535007220131874
7977.56944669994,20.797685932290072
7979.700207770106,19.858440036790565
7981.830968840271,13.791136396149486
7983.9617299104375,6.6627313999654225
7986.092490980603,9.313554744416788
7988.223252050769,15.211478099152458
7990.354013120934,12.98126423332872
7992.4847741911,11.151899353156617
7994.615535261265,9.060693647548904
7996.746296331431,4.527342619374573
7998.877057401596,0.802273541002853
8001.007818471761,5.39691203289374
8003.138579541927,6.0199584729749045
8005.2693406120925,3.9040586852406287
8007.4001016822585,10.07413482555009
8009.530862752424,9.815016537911644
8011.66162382259,11.208593609716365
8013.792384892755,7.014983573800983
8015.923145962921,12.834839138507618
8018.053907033086,16.568931220726654
8020.184668103252,22.776478177866473
8022.315429173417,19.466081453229684
8024.446190243583,18.057584081041387
8026.576951313748,32.347553181166695
8028.707712383914,34.65765575954561
8030.83847345408,37.63477710526623
8032.969234524246,39.74969385739931
8035.099995594411,37.066645481617186
8037.230756664577,34.365441435005565
8039.361517734742,29.003434857877995
8041.492278804908,24.473619473992027
8043.623039875073,22.465760979038212
8045.753800945239,25.13479772494484
8047.884562015404,24.725514763006807
8050.01532308557,27.149326081035834
8052.1460841557355,30.038077339935015
8054.2768452259015,28.87570906662144
8056.407606296067,30.39939472082791
8058.538367366233,29.45211678394141
8060.669128436398,34.998048632863295
8062.799889506564,37.65103307716945
8064.930650576729,36.92012651477301
8067.061411646895,33.75217010357165
8069.19217271706,26.81700123179689
8071.322933787226,17.7225693106004
8073.453694857391,16.65745659733381
8075.584455927557,20.71800334105728
8077.715216997723,18.24719661964136
8079.845978067889,20.535527145139035
8081.976739138054,26.8222668810547
8084.10750020822,26.39289946093381
8086.238261278385,23.05623377797466
8088.369022348551,19.246748624421667
8090.499783418716,22.061545969389716
8092.630544488882,22.22545449835739
8094.761305559047,25.50294760638057
8096.892066629213,31.68843663027887
8099.0228276993785,39.44147646706977
8101.1535887695445,41.36198393077015
8103.28434983971,43.10776306599277
8105.415110909876,45.43726863165786
8107.545871980041,45.93812272942726
8109.676633050207,45.68632324610424
8111.807394120372,46.109037144418295
8113.938155190538,44.90414293538832
8116.068916260703,44.56729697045714
8118.199677330869,43.135725676771635
8120.330438401034,39.333624250197616
8122.4611994711995,41.22864674431901
8124.591960541366,44.25845318423838
8126.722721611531,47.63191881621574
8128.853482681697,44.90837544142194
8130.984243751862,46.194491483455636
8133.115004822028,38.994228731764586
8135.245765892193,28.182687543948983
8137.376526962359,30.01838515162801
8139.507288032524,32.68850963171273
8141.63804910269,41.5353913931047
8143.768810172855,42.36935963274705
8145.8995712430215,44.17289607645666
8148.030332313187,44.803783919522616
8150.161093383353,47.19082807033948
8152.291854453518,35.091583952615764
8154.422615523684,33.20123564393293
8156.553376593849,32.818962086786335
8158.684137664015,30.48549055112972
8160.81489873418,25.092876940595975
8162.945659804346,19.728357009529475
8165.076420874511,21.26879160039053
8167.207181944677,30.92140826186341
8169.3379430148425,28.51794257778145
8171.4687040850085,28.078548166841614
8173.599465155174,31.821132351245065
8175.73022622534,23.94667195184087
8177.860987295505,22.54641890413199
8179.991748365671,22.147129024820874
8182.122509435836,15.92984464914554
8184.253270506002,16.325723669390808
8186.384031576167,8.60321161985572
8188.514792646333,7.485547555722474
8190.645553716498,0.28082419628998423
8192.776314786664,4.090569000836391
8194.90707585683,10.239166312398215
8197.037836926995,14.329573176854684
8199.16859799716,15.130354611059346
8201.299359067327,15.662917999191967
8203.430120137493,17.663753180150362
8205.560881207657,19.058393143726533
8207.691642277823,15.620129936078033
8209.82240334799,13.248900429486417
8211.953164418155,16.63033068790848
8214.08392548832,21.694104094888676
8216.214686558485,23.267083911246967
8218.345447628652,17.69155091924994
8220.476208698818,17.40901961463525
8222.606969768982,6.416653869663904
8224.737730839148,1.2171719094836944
8226.868491909314,9.340300721081102
8228.99925297948,13.02052304054934
8231.130014049644,15.478512531019993
8233.26077511981,17.295547952955353
8235.391536189976,17.00066683699898
8237.522297260142,17.871154351416173
8239.653058330307,13.489407646638744
8241.783819400473,14.925587728175005
8243.914580470639,17.65182801642737
8246.045341540803,25.03559899953422
8248.176102610969,24.35950258406368
8250.306863681135,17.167745789488706
8252.437624751301,13.85625679549781
8254.568385821465,11.853446486622724
8256.699146891631,12.426030432964668
8258.829907961797,6.3486462376001995
8260.960669031963,1.1776450650839416
8263.091430102128,11.227744157104622
8265.222191172294,5.381822324743362
8267.35295224246,8.572529792241902
8269.483713312626,7.027002444466779
8271.61447438279,13.887366753000107
8273.745235452956,27.34401110537908
8275.875996523122,30.433849563825447
8278.006757593288,31.371574900201463
8280.137518663452,36.396066533952315
8282.268279733618,30.343898574793375
8284.399040803784,28.796271868394918
8286.52980187395,33.398969990430174
8288.660562944115,33.70493027269698
8290.79132401428,32.40648832319906
8292.922085084447,33.92422242086873
8295.052846154613,34.81273653776673
8297.183607224777,32.76951768693825
8299.314368294943,23.9575195864492
8301.44512936511,21.148844218121535
8303.575890435275,28.981672594240475
8305.70665150544,32.23259469401849
8307.837412575605,34.24997083308701
8309.968173645771,39.00391723286915
8312.098934715938,29.257485355702737
8314.229695786102,32.187497484976035
8316.360456856268,24.399798414219152
8318.491217926434,17.7296507997847
8320.6219789966,14.298337338270766
8322.752740066764,18.722438376087236
8324.88350113693,25.081114893804138
8327.014262207096,33.17749178265309
8329.145023277262,29.780503026972184
8331.275784347426,34.34758091328668
8333.406545417592,33.31114386735399
8335.537306487759,28.19375358252077
8337.668067557925,27.083585716470914
8339.798828628089,23.46945593906434
8341.929589698255,14.15715832430745
8344.06035076842,17.349732039352773
8346.191111838587,14.888782987886069
8348.321872908751,12.614004984448579
8350.452633978917,8.284520088106243
8352.583395049083,2.688396244102683
8354.71415611925,3.476598427314356
8356.844917189414,5.251210631995
8358.97567825958,8.737756197864885
8361.106439329746,10.920694297296182
8363.237200399912,16.916611153405984
8365.367961470076,19.32072069421882
8367.498722540242,26.350447101215998
8369.629483610408,27.99733911129607
8371.760244680572,33.716895039349666
8373.891005750738,32.01420615463045
8376.021766820904,25.44030092948418
8378.15252789107,16.732423374069896
8380.283288961235,11.509105136083267
8382.4140500314,20.902786818321452
8384.544811101567,34.18866293660557
8386.675572171733,37.66765346514405
8388.806333241897,41.017215421391995
8390.937094312063,42.949611374579995
8393.067855382229,38.61330495269187
8395.198616452395,34.15041395220748
8397.32937752256,26.41297037778199
8399.460138592725,22.832548524111605
8401.590899662891,19.89068395256106
8403.721660733057,11.952265149123328
8405.852421803222,5.509500263762397
8407.983182873388,6.047661691025291
8410.113943943554,12.575050065068234
8412.24470501372,14.634270203228267
8414.375466083884,17.438482375235306
8416.50622715405,13.082870428359119
8418.636988224216,8.01568732161306
8420.767749294382,10.283993308573198
8422.898510364546,2.6675998575976894
8425.029271434712,10.266963430866394
8427.160032504878,7.277026063216417
8429.290793575045,4.092710854078635
8431.421554645209,9.831435282864783
8433.552315715375,21.359473526662356
8435.68307678554,22.935638257689742
8437.813837855707,24.236694943139668
8439.944598925871,24.03451065550179
8442.075359996037,34.20444415285669
8444.206121066203,37.5847728254812
8446.33688213637,34.217007378981954
8448.467643206533,31.324382685659874
8450.5984042767,30.172726464983356
8452.729165346866,26.183843311369188
8454.859926417032,30.246801667103565
8456.990687487196,27.376324636511285
8459.121448557362,23.769744033890582
8461.252209627528,26.734980057779225
8463.382970697694,29.781488985933933
8465.513731767858,31.322609143937985
8467.644492838024,25.2503934988362
8469.77525390819,26.846435408117003
8471.906014978356,31.112590744119405
8474.03677604852,34.61888697130752
8476.167537118687,31.446840102530977
8478.298298188853,28.30795105112456
8480.429059259019,22.882089853654005
8482.559820329183,21.729972946427495
8484.690581399349,22.56659635176684
8486.821342469515,21.121914792803
8488.95210353968,21.147401567132608
8491.082864609845,28.362204106570612
8493.213625680011,22.735495333204547
8495.344386750177,21.196957847798245
8497.475147820342,18.690448842064004
8499.605908890508,23.675126726661354
8501.736669960674,21.44270988096566
8503.86743103084,19.06636047127601
8505.998192101004,13.536353481893155
8508.12895317117,9.678676160973522
8510.259714241336,3.813689234021138
8512.390475311502,10.745853060335333
8514.521236381666,19.265680504021955
8516.651997451832,17.62619789313543
8518.782758521998,17.994786350451236
8520.913519592164,24.47313613728852
8523.044280662329,32.48129441367815
8525.175041732495,39.84706613746209
8527.30580280266,34.41119537888723
8529.436563872827,33.67000954535699
8531.567324942991,27.614429849485152
8533.698086013157,27.01472842559547
8535.828847083323,22.571881210739882
8537.95960815349,12.193104595731661
8540.090369223653,7.2061742369686
8542.22113029382,5.601185191849324
8544.351891363985,12.38076908812581
8546.482652434152,18.402374981170766
8548.613413504316,26.574371452009686
8550.744174574482,36.40384753219926
8552.874935644648,36.069833422652515
8555.005696714814,30.95601659880889
8557.136457784978,25.476962153629668
8559.267218855144,22.11844851329236
8561.39797992531,13.180381056324393
8563.528740995476,6.9776810433171566
8565.65950206564,16.831151344443544
8567.790263135807,13.690671471515733
8569.921024205973,15.910448020516638
8572.051785276139,16.17905490989186
8574.182546346303,19.886314362689085
8576.313307416469,17.402756601668298
8578.444068486635,13.987139207418545
8580.574829556801,12.583051151305254
8582.705590626965,11.935717207545764
8584.836351697131,9.791350199471978
8586.967112767297,9.810391607990747
8589.097873837463,13.291599605915197
8591.228634907628,18.265811324449654
8593.359395977794,20.235967952746396
8595.49015704796,22.08813056707459
8597.620918118126,21.37780545615709
8599.75167918829,19.934930804168626
8601.882440258456,25.58691175885511
8604.013201328622,19.606406731239368
8606.143962398788,20.212538140941525
8608.274723468952,23.412550274436246
8610.405484539118,26.13626808654021
8612.536245609284,21.65487740892223
8614.667006679449,21.588937479318243
8616.797767749615,18.13438486807633
8618.92852881978,16.78394008537555
8621.059289889947,13.6151147763645
8623.190050960111,16.04806713850671
8625.320812030277,15.712579378713377
8627.451573100443,11.650071963351266
8629.58233417061,16.21682186223498
8631.713095240773,18.337229066162855
8633.84385631094,18.842643028325575
8635.974617381105,15.866121135170399
8638.105378451271,18.5595379185835
8640.236139521436,19.406673868942637
8642.366900591602,13.64939824787403
8644.497661661768,9.377774612757936
8646.628422731934,11.705475829250144
8648.759183802098,16.113881057216666
8650.889944872264,20.565785536346148
8653.02070594243,18.830937211915906
8655.151467012596,23.58506803814682
8657.28222808276,18.50021102389631
8659.412989152926,27.694494642611275
8661.543750223093,30.265340270745245
8663.674511293259,21.669474367170178
8665.805272363423,17.321206487704952
8667.936033433589,21.629588341305798
8670.066794503755,17.265549435452712
8672.19755557392,26.040750363975018
8674.328316644085,30.405842629560528
8676.459077714251,31.218170548898716
8678.589838784417,28.61851660783133
8680.720599854583,22.381022262985514
8682.851360924747,21.6711466700436
8684.982121994914,24.24034924089536
8687.11288306508,17.029811921713232
8689.243644135246,14.873064831337203
8691.37440520541,13.15824526370482
8693.505166275576,7.911612628220652
8695.635927345742,1.2989462421133315
8697.766688415908,2.886206210869734
8699.897449486072,4.466991002037348
8702.028210556238,2.9687623481643923
8704.158971626404,12.41504902907654
8706.28973269657,10.963594790438288
8708.420493766735,18.044282630176408
8710.5512548369,27.741803331563244
8712.682015907067,31.094794239305426
8714.812776977233,27.001453619637264
8716.943538047397,29.61402975386285
8719.074299117563,21.34090392992247
8721.205060187729,21.04807240523319
8723.335821257895,17.05865806765947
8725.46658232806,29.621246522733053
8727.597343398225,39.51317441633088
8729.728104468391,50.041606404639566
8731.858865538556,47.64495407283878
8733.989626608722,45.87715060046528
8736.120387678888,47.618604484824054
8738.251148749054,48.25197091442257
8740.381909819218,42.68319965613794
8742.512670889384,39.51239793804295
8744.64343195955,35.48674961724309
8746.774193029716,33.47560572191488
8748.90495409988,31.511027937131555
8751.035715170046,36.54883639462013
8753.166476240212,40.05853613403288
8755.297237310378,36.08616484597331
8757.427998380543,31.20366576190559
8759.558759450709,28.52306839525445
8761.689520520875,26.24609085717788
8763.82028159104,30.569587262521626
8765.951042661205,21.09582379095468
8768.081803731371,19.58650001739796
8770.212564801537,10.845076549193685
8772.343325871703,12.9803504815612
8774.474086941867,12.138614455474244
8776.604848012033,9.596353921992433
8778.7356090822,9.118854565991896
8780.866370152366,8.771312648112321
8782.99713122253,6.316457932299784
8785.127892292696,11.531092863416951
8787.258653362862,12.332042420549506
8789.389414433028,9.703460201942537
8791.520175503192,8.092447479886296
8793.650936573358,12.521987911705775
8795.781697643524,12.367823397843948
8797.91245871369,9.186446282529428
8800.043219783855,10.853279604903781
8802.17398085402,4.429134852746908
8804.304741924187,11.594047547550606
8806.435502994353,18.290238278772435
8808.566264064517,20.313001357312817
8810.697025134683,22.76230807538036
8812.827786204849,21.524783596302257
8814.958547275015,18.649792975566214
8817.08930834518,19.331915939150647
8819.220069415345,17.464898247549456
8821.350830485511,15.675651917409336
8823.481591555677,14.436147189650196
8825.612352625842,16.719632783450663
8827.743113696008,16.87887020922384
8829.873874766174,17.834893432377033
8832.00463583634,18.593577024892916
8834.135396906504,15.703760607093141
8836.26615797667,14.533888083606069
8838.396919046836,11.887790557189183
8840.527680117002,10.828947552615414
8842.658441187166,4.711536963328259
8844.789202257332,5.528116108100077
8846.919963327498,2.6614868539480887
8849.050724397663,2.2183695401922683
8851.181485467829,4.718642088761425
8853.312246537995,6.417763541189175
8855.44300760816,12.45892439583673
8857.573768678325,13.792299717415585
8859.704529748491,12.50686201381343
8861.835290818657,14.54186332719579
8863.966051888823,21.61342152778343
8866.096812958987,23.31445459234212
8868.227574029153,26.377430691276377
8870.35833509932,24.761715517897848
8872.489096169485,21.58791238541946
8874.61985723965,23.066917326692703
8876.750618309816,17.582166334973024
8878.881379379982,11.461020955336402
8881.012140450148,6.228328927614996
8883.142901520312,6.469132911457089
8885.273662590478,11.87376757621466
8887.404423660644,10.549337866975165
8889.53518473081,11.890895899488465
8891.665945800974,6.51988236016557
8893.79670687114,16.21249307845716
8895.927467941307,17.826418138904312
8898.058229011473,20.24652578837612
8900.188990081637,21.035184100948616
8902.319751151803,24.28543948868616
8904.450512221969,25.36350364479782
8906.581273292135,25.817167329895128
8908.7120343623,21.621342334753965
8910.842795432465,21.90540530994113
8912.973556502631,27.67973995709527
8915.104317572797,29.343616641802747
8917.235078642962,18.012062013580785
8919.365839713128,21.1725824075359
8921.496600783294,18.44499123427619
8923.62736185346,13.441065458919843
8925.758122923624,16.622833206575205
8927.88888399379,21.532831267745355
8930.019645063956,16.73973269631612
8932.150406134122,11.700944198980542
8934.281167204286,8.75281874192621
8936.411928274452,12.432801458577623
8938.542689344618,17.184146936719603
8940.673450414784,17.645167506872095
8942.804211484949,16.62041870934065
8944.934972555115,15.208158305997117
8947.06573362528,15.988974055484665
8949.196494695447,18.004371982319196
8951.327255765611,23.194274449563363
8953.458016835777,25.661320503962553
8955.588777905943,30.064242024067354
8957.71953897611,29.175793353113768
8959.850300046273,27.635119466696132
8961.98106111644,30.138648590377493
8964.111822186605,27.394223795699894
8966.242583256771,18.79144588704541
8968.373344326936,12.881045705017844
8970.504105397102,16.30178986878472
8972.634866467268,23.204471806176073
8974.765627537432,25.153838791278044
8976.896388607598,17.66144288552734
8979.027149677764,11.589606952734332
8981.15791074793,10.630037402568803
8983.288671818094,12.775186167102737
8985.41943288826,16.37552449590511
8987.550193958426,13.210282897919173
8989.680955028593,11.488630498248888
8991.811716098757,14.327573482081343
8993.942477168923,10.801045788758497
8996.073238239089,10.339494947206187
8998.203999309255,9.313723295416644
9000.33476037942,11.407878959529516
9002.465521449585,9.296913142101989
9004.596282519751,5.240555962435174
9006.727043589917,3.3761725333413404
9008.857804660081,5.080327064076945
9010.988565730248,8.603208885562792
9013.119326800414,15.80474311007156
9015.25008787058,16.02895151903706
9017.380848940744,17.12293093245021
9019.51161001091,12.510827216656558
9021.642371081076,13.559899193005016
9023.773132151242,15.31623739698685
9025.903893221406,15.71648079433076
9028.034654291572,10.874812835812252
9030.165415361738,6.157608856868781
9032.296176431904,13.447019402538977
9034.426937502069,21.190903743006455
9036.557698572235,23.313623355556036
9038.6884596424,20.74172467155747
9040.819220712567,20.01530549081224
9042.94998178273,15.005675841059011
9045.080742852897,12.115394886970615
9047.211503923063,8.945612962757131
9049.342264993229,3.965529625392982
9051.473026063393,7.673582452170903
9053.60378713356,10.960584190160487
9055.734548203725,14.837324952517156
9057.865309273891,15.316582880850637
9059.996070344056,16.13712905990798
9062.126831414222,16.119700891475848
9064.257592484388,16.71295185361244
9066.388353554554,18.12115060844606
9068.519114624718,10.894588141125466
9070.649875694884,7.891821029917388
9072.78063676505,8.933664348434153
9074.911397835216,13.561173924951701
9077.04215890538,8.25385157743778
9079.172919975546,6.42293153543923
9081.303681045712,7.19750488665749
9083.434442115878,15.934110778066634
9085.565203186043,15.6396041777876
9087.695964256209,15.354203896222668
9089.826725326375,27.501501873665983
9091.957486396539,33.29397033205171
9094.088247466705,34.826341577478836
9096.219008536871,41.40018964649077
9098.349769607037,43.32840041988976
9100.480530677201,44.69115998463818
9102.611291747367,43.33063604098219
9104.742052817533,41.92490471620645
9106.8728138877,40.04514135526636
9109.003574957864,35.2444434315788
9111.13433602803,34.19456775465133
9113.265097098196,35.045844920123486
9115.395858168362,35.2982195576073
9117.526619238526,31.104960850523312
9119.657380308692,22.329651488190184
9121.788141378858,24.439362084412583
9123.918902449024,20.90243656923098
9126.049663519188,18.981082806210136
9128.180424589355,12.077536177369502
9130.31118565952,15.303121166162184
9132.441946729687,19.398891223625245
9134.57270779985,25.174824119868067
9136.703468870017,23.964635505259977
9138.834229940183,24.066157457749437
9140.964991010349,24.70795758652661
9143.095752080513,29.690488081798506
9145.22651315068,35.095187765624196
9147.357274220845,31.313678392804615
9149.488035291011,35.03616461647648
9151.618796361176,37.330796919488755
9153.749557431342,39.28730582770789
9155.880318501508,36.263457231110515
9158.011079571674,32.75497249167057
9160.141840641838,34.45694073743476
9162.272601712004,37.05146447924192
9164.40336278217,35.492814757802556
9166.534123852336,30.690040946649894
9168.6648849225,36.48865882243795
9170.795645992666,34.1612549357151
9172.926407062832,28.569693743514282
9175.057168132998,29.412699216665292
9177.187929203163,31.16370462199353
9179.318690273329,32.126949361749396
9181.449451343495,24.547128011035014
9183.58021241366,23.986193397017065
9185.710973483825,27.411296883117487
9187.841734553991,28.408804210146883
9189.972495624157,34.8470637175215
9192.103256694323,36.42011256806798
9194.234017764487,38.973429629808585
9196.364778834653,41.53080723770565
9198.49553990482,40.39338604671143
9200.626300974985,36.823840832260395
9202.75706204515,38.97679871384312
9204.887823115316,40.61031872622567
9207.018584185482,28.49934368810074
9209.149345255648,26.530754012072347
9211.280106325812,23.7993436340704
9213.410867395978,29.00490884374393
9215.541628466144,32.89178939718412
9217.672389536308,30.08433107863275
9219.803150606474,34.350616770178846
9221.93391167664,35.352300608821466
9224.064672746807,34.006984407974464
9226.19543381697,31.140781316703084
9228.326194887137,20.09957435383022
9230.456955957303,20.528782586122627
9232.587717027469,26.28282705435528
9234.718478097633,33.78185647788775
9236.8492391678,41.90782815824832
9238.980000237965,40.97714577551636
9241.110761308131,40.940334354011966
9243.241522378295,42.815763414062666
9245.372283448462,38.62966375339565
9247.503044518628,31.136949090201107
9249.633805588794,29.201617465616238
9251.764566658958,23.551053702115
9253.895327729124,28.26248428826089
9256.02608879929,22.141123821210826
9258.156849869456,16.757777611482563
9260.28761093962,19.20825711302605
9262.418372009786,22.2287516825232
9264.549133079952,18.469887915940507
9266.679894150118,15.71618022120271
9268.810655220283,9.189743912495159
9270.941416290449,3.442359764352207
9273.072177360615,7.801562230154045
9275.20293843078,9.966218608905741
9277.333699500945,12.115620872761832
9279.464460571111,6.928856576811585
9281.595221641277,4.594201607898911
9283.725982711443,5.143028506867661
9285.856743781607,5.8095893091230355
9287.987504851773,7.639536304078648
9290.11826592194,7.476546188657441
9292.249026992105,7.00906559998462
9294.37978806227,5.548743971049852
9296.510549132436,3.1325785137283613
9298.641310202602,6.6236291508478145
9300.772071272768,4.067787661140265
9302.902832342932,5.740198431145652
9305.033593413098,7.3112866140246195
9307.164354483264,7.505641406762608
9309.29511555343,12.743738083299446
9311.425876623594,11.522936496015673
9313.55663769376,10.838963036739127
9315.687398763926,16.177724617435796
9317.818159834093,17.84704687647827
9319.948920904257,23.631411510665654
9322.079681974423,21.52396090792981
9324.210443044589,27.0268128085668
9326.341204114755,28.135895371486207
9328.47196518492,27.984496432730474
9330.602726255085,24.92434310377266
9332.733487325251,29.975432276625057
9334.864248395415,27.15796490992099
9336.995009465581,32.630234761458006
9339.125770535748,36.726094137624926
9341.256531605914,37.69956392647741
9343.387292676078,33.69157745955671
9345.518053746244,30.50056437411075
9347.64881481641,26.620386278010002
9349.779575886576,26.40887865422447
9351.91033695674,23.482349607404412
9354.041098026906,22.07565389077483
9356.171859097072,18.40270321311709
9358.302620167238,14.994578752048197
9360.433381237403,10.814810784075375
9362.564142307569,15.06647606229164
9364.694903377735,12.474090133854318
9366.8256644479,10.950728138209533
9368.956425518065,3.7022937790760535
9371.08718658823,0.4151918459979147
9373.217947658397,7.7278412025324315
9375.348708728563,8.627563415056652
9377.479469798727,13.158490765358552
9379.610230868893,15.479179723527775
9381.74099193906,11.905942206348682
9383.871753009225,9.717105508697186
9386.00251407939,6.537816291209983
9388.133275149556,6.739999644212929
9390.264036219722,10.73899639387666
9392.394797289888,12.94057129827626
9394.525558360052,18.942196034357952
9396.656319430218,20.16541950829545
9398.787080500384,19.911002163043673
9400.91784157055,17.344187872876965
9403.048602640714,20.818206385826493
9405.17936371088,13.229679590332584
9407.310124781046,11.338112882072053
9409.440885851212,4.2784833153706545
9411.571646921377,4.996981875999327
9413.702407991543,3.2595574713361106
9415.833169061709,6.896222087366858
9417.963930131875,12.073054825991228
9420.094691202039,12.746356093817454
9422.225452272205,16.277776792839216
9424.356213342371,17.50562264669964
9426.486974412537,20.157808140339895
9428.617735482701,25.55600859028738
9430.748496552867,20.99289101568473
9432.879257623033,21.973346616875222
9435.0100186932,23.68344313949591
9437.140779763364,22.2045320507434
9439.27154083353,25.812074274631605
9441.402301903696,26.861151543249242
9443.533062973862,26.797410955023384
9445.663824044026,28.558867158120535
9447.794585114192,24.056328459938673
9449.925346184358,22.606360240044353
9452.056107254524,27.205496894445567
9454.186868324688,26.656156306101185
9456.317629394855,23.455213345912963
9458.44839046502,24.205915354422128
9460.579151535185,22.175237845762954
9462.70991260535,22.64932143919602
9464.840673675517,19.564246757214825
9466.971434745683,16.49940736080169
9469.102195815847,13.877892735873381
9471.232956886013,20.399326831798952
9473.36371795618,21.892376719316534
9475.494479026345,29.693009344181725
9477.62524009651,30.852366661737484
9479.756001166676,28.643617928496823
9481.886762236842,27.41455346131676
9484.017523307008,29.872963128558702
9486.148284377172,26.458513451000155
9488.279045447338,23.62376863229677
9490.409806517504,19.57622049356972
9492.54056758767,13.462702324496059
9494.671328657834,1.1695232492347467
9496.802089728,9.92053789080404
9498.932850798166,13.711005543082292
9501.063611868332,18.72208035030237
9503.194372938497,17.76110807314522
9505.325134008663,10.952603252641536
9507.455895078829,11.804382259729566
9509.586656148995,14.008359153638002
9511.717417219159,18.939600682689434
9513.848178289325,21.37625012079061
9515.978939359491,20.45937469052897
9518.109700429657,27.821288434804224
9520.240461499821,23.385506028300586
9522.371222569987,29.725456416919588
9524.501983640153,32.53598825745387
9526.63274471032,30.52137745728985
9528.763505780484,28.1340627718515
9530.89426685065,31.247736787006694
9533.025027920816,27.539933982528932
9535.155788990982,25.11998830440897
9537.286550061146,22.329694752886354
9539.417311131312,25.788812940649876
9541.548072201478,23.167362166646335
9543.678833271644,24.782586783307867
9545.809594341808,27.17684016639481
9547.940355411974,29.21508916729256
9550.07111648214,28.69693663266382
9552.201877552307,24.549227879800828
9554.33263862247,19.733548587861065
9556.463399692637,17.53104645392617
9558.594160762803,15.90811894640772
9560.724921832969,17.727016859762763
9562.855682903133,16.76935150650735
9564.9864439733,17.353222303425653
9567.117205043465,23.622094015475337
9569.247966113631,28.631389031781318
9571.378727183795,31.210604270626305
9573.509488253962,27.774334124188282
9575.640249324128,21.416605159121797
9577.771010394292,22.464748235048244
9579.901771464458,28.991696120836146
9582.032532534624,28.69384396236838
9584.16329360479,26.233158766811222
9586.294054674954,18.901711118906587
9588.42481574512,12.73100623656791
9590.555576815286,7.419794294185023
9592.686337885452,2.4478164121018833
9594.817098955617,6.112988091151663
9596.947860025783,11.492260834918604
9599.078621095949,7.979350464932726
9601.209382166115,12.492073620035631
9603.340143236279,14.76020941723133
9605.470904306445,16.84371454189058
9607.601665376611,13.511364623139
9609.732426446777,12.812185208348518
9611.863187516941,13.321378862972763
9613.993948587107,16.9076900209047
9616.124709657273,14.573022398970199
9618.25547072744,13.226266872027784
9620.386231797604,10.999365210287564
9622.51699286777,10.457190200199115
9624.647753937936,9.304870166918857
9626.778515008102,6.090955338219944
9628.909276078266,6.592003822227415
9631.040037148432,13.891889632416348
9633.170798218598,11.75383204861762
9635.301559288764,5.80601837714875
9637.432320358928,10.371473272881587
9639.563081429094,7.477155854146004
9641.69384249926,9.524870480318928
9643.824603569426,8.25552768610474
9645.95536463959,12.04526893128703
9648.086125709757,10.516503163069434
9650.216886779923,14.959796005648288
9652.347647850089,11.529583632505334
9654.478408920253,10.482824450123312
9656.60916999042,8.197388360591187
9658.739931060585,14.677642657870756
9660.870692130751,17.183794659262812
9663.001453200915,15.452096882518575
9665.132214271081,12.031788907384094
9667.262975341248,10.544502686963982
9669.393736411414,11.419830102429177
9671.524497481578,13.861374562860282
9673.655258551744,13.582483655506651
9675.78601962191,15.428337376106132
9677.916780692076,9.232029214434647
9680.04754176224,8.344079883014897
9682.178302832406,8.767928883876115
9684.309063902572,9.18932324950568
9686.439824972738,4.693511764828356
9688.570586042903,4.9915626977268595
9690.701347113069,4.01781651840146
9692.832108183235,6.135785231331486
9694.9628692534,10.375937555311019
9697.093630323565,7.290252619702204
9699.224391393731,7.251541558268984
9701.355152463897,5.236108182064994
9703.485913534061,10.570431262330825
9705.616674604227,8.634558467810622
9707.747435674393,8.744232704431885
9709.87819674456,13.920423171619895
9712.008957814724,14.868926544524614
9714.13971888489,11.909845395697534
9716.270479955056,13.758985639544461
9718.401241025222,6.7005986530459
9720.532002095386,8.140642532565703
9722.662763165552,8.557523473277552
9724.793524235718,7.952849643113177
9726.924285305884,12.672522334375927
9729.055046376048,16.68121253208935
9731.185807446214,18.437825059212948
9733.31656851638,24.139824582806984
9735.447329586546,26.070806088208656
9737.57809065671,26.638030442336927
9739.708851726877,21.515168407044893
9741.839612797043,23.111988041719528
9743.970373867209,17.0675153538186
9746.101134937373,12.757327321683233
9748.231896007539,12.517773624728626
9750.362657077705,14.750966785623993
9752.493418147871,12.27785922049026
9754.624179218035,15.53641705294055
9756.754940288201,15.167550141975534
9758.885701358367,16.643858302373005
9761.016462428533,17.547856838059996
9763.147223498698,16.514987083977584
9765.277984568864,20.136687916045755
9767.40874563903,14.456518313636696
9769.539506709196,8.437513142270147
9771.67026777936,2.968635539274581
9773.801028849526,2.0126145297002167
9775.931789919692,2.504468259035636
9778.062550989858,5.9357964790638045
9780.193312060022,8.055924979638567
9782.324073130188,9.241099631576859
9784.454834200355,6.393734176248136
9786.58559527052,0.7686224222978244
9788.716356340685,2.45978331353266
9790.84711741085,3.872306778263441
9792.977878481017,0.7836029499993528
9795.108639551183,1.7737207124779022
9797.239400621347,6.9900486162651125
9799.370161691513,5.778402264814937
9801.50092276168,12.326483150226789
9803.631683831845,9.120626161606753
9805.76244490201,3.284787372664471
9807.893205972176,4.8233512948023956
9810.023967042342,9.508412277891244
9812.154728112508,16.899888304199727
9814.285489182672,20.37482586938766
9816.416250252838,18.414096442071003
9818.547011323004,18.555090207945693
9820.677772393168,12.451365269727656
9822.808533463334,3.755831032917009
9824.9392945335,2.0407654710883105
9827.070055603666,7.104267446674176
9829.20081667383,6.222346788756896
9831.331577743997,7.428313590721578
9833.462338814163,11.970319452004164
9835.593099884329,21.209628564663554
9837.723860954493,28.319751457373968
9839.854622024659,27.024547461190974
9841.985383094825,29.48290647874069
9844.116144164991,26.96987392644276
9846.246905235155,21.788285259262263
9848.377666305321,22.976216637866315
9850.508427375487,18.04101548621147
9852.639188445653,14.108373590839717
9854.769949515818,8.195515445121393
9856.900710585984,9.53123375535636
9859.03147165615,13.45469073292985
9861.162232726316,15.651167878486193
9863.29299379648,17.89966256312036
9865.423754866646,21.093921493030354
9867.554515936812,25.08732410337966
9869.685277006978,27.821217540212817
9871.816038077142,33.11429784358201
9873.946799147308,32.015792461955634
9876.077560217474,27.699749931476774
9878.20832128764,32.175071441695586
9880.339082357805,30.40114261124399
9882.46984342797,31.1739883016549
9884.600604498137,24.61087178415223
9886.731365568303,18.491039038074778
9888.862126638467,13.97576859182376
9890.992887708633,13.030397651781062
9893.1236487788,14.438729472539121
9895.254409848965,17.09468411179324
9897.38517091913,16.145722908634262
9899.515931989295,9.552613375623217
9901.646693059462,15.03403976503328
9903.777454129628,18.104756066055057
9905.908215199792,16.43104680498241
9908.038976269958,14.273520685120637
9910.169737340124,13.394678736921485
9912.30049841029,13.061902287082813
9914.431259480454,15.678832324385082
9916.56202055062,11.484333035797532
9918.692781620786,15.365659032721258
9920.823542690952,16.310587347953717
9922.954303761117,11.585104836141088
9925.085064831283,11.742302657048372
9927.215825901449,11.202123651169057
9929.346586971615,12.277531655247207
9931.477348041779,13.387160722473771
9933.608109111945,14.45534142787141
9935.738870182111,12.411229186790646
9937.869631252277,17.579191029707918
9940.000392322441,15.750531515642423
9942.131153392607,12.68479774491013
9944.261914462773,4.2558739144231374
9946.392675532938,9.364501378341277
9948.523436603104,12.192206817623081
9950.65419767327,13.401761853557746
9952.784958743436,12.936452606926286
9954.9157198136,15.29706354375825
9957.046480883766,14.802634374140236
9959.177241953932,14.756234030439323
9961.308003024098,16.32796259782476
9963.438764094262,17.72660154755623
9965.569525164428,17.30841027102927
9967.700286234594,13.88125527942324
9969.83104730476,9.855216516870955
9971.961808374925,13.684175816396209
9974.09256944509,17.905482261693006
9976.223330515257,21.005299076337916
9978.354091585423,19.35300287813331
9980.484852655587,13.939227327917987
9982.615613725753,4.500832219100538
9984.74637479592,0.860118854823099
9986.877135866085,4.9411796339555885
9989.00789693625,5.262118107285636
9991.138658006415,15.024787161205705
9993.269419076581,23.965022879337315
9995.400180146748,23.197004519313523
9997.530941216912,25.63161849127601
9999.661702287078,29.60031320234673
10001.792463357244,24.30761106826047
10003.92322442741,22.923128563865312
10006.053985497574,28.097692524075487
10008.18474656774,26.467838564329277
10010.315507637906,25.706797365911846
10012.446268708072,26.13438829826474
10014.577029778236,36.61868416859703
10016.707790848403,37.72720976171566
10018.838551918569,40.337159694353446
10020.969312988735,38.093638244752746
10023.100074058899,33.84854357027404
10025.230835129065,28.481114198425622
10027.361596199231,13.053480786745531
10029.492357269397,15.632385532075034
10031.623118339561,18.209582314248767
10033.753879409727,18.657573971123636
10035.884640479893,17.880805544176233
10038.01540155006,13.862382548094168
10040.146162620224,20.342480517266843
10042.27692369039,23.096988326375236
10044.407684760556,22.25501803571451
10046.538445830722,26.07899041212451
10048.669206900886,24.642540354637312
10050.799967971052,19.24247386190927
10052.930729041218,14.548684570324907
10055.061490111384,11.653647786965607
10057.192251181548,15.029699775818758
10059.323012251714,12.84298988818017
10061.45377332188,7.596406382923643
10063.584534392045,5.064619567487645
10065.71529546221,4.447947944871943
10067.846056532377,1.497621704892342
10069.976817602543,3.7769617357452288
10072.107578672707,5.404066678950492
10074.238339742873,12.850303276143126
10076.369100813039,17.47088603025458
10078.499861883205,20.280058477013554
10080.63062295337,16.818864012104758
10082.761384023535,17.24262767498335
10084.892145093701,17.267708579720523
10087.022906163867,14.7290148505686
10089.153667234032,11.915998920046674
10091.284428304198,10.548741055485975
10093.415189374364,12.223573654752828
10095.54595044453,9.985975087215715
10097.676711514694,14.110394815285789
10099.80747258486,7.941262347739381
10101.938233655026,2.4288713196596774
10104.068994725192,3.9459892576543023
10106.199755795356,6.539783192232207
10108.330516865522,3.41920330856145
10110.461277935688,5.329753815209431
10112.592039005855,9.246060754108848
10114.722800076019,13.87734957319366
10116.853561146185,17.820855266403665
10118.98432221635,18.84895623479628
10121.115083286517,16.62278397369169
10123.245844356681,8.932548745532676
10125.376605426847,4.885715850858492
10127.507366497013,8.765157746749773
10129.63812756718,14.240188786122863
10131.768888637343,17.257403095784227
10133.89964970751,15.290392026898518
10136.030410777676,15.878373802764063
10138.161171847842,11.666432003565191
10140.291932918006,14.549618088236663
10142.422693988172,15.990690727600745
10144.553455058338,11.354785156988237
10146.684216128504,8.407916552682785
10148.814977198668,4.879272831677686
10150.945738268834,7.693047662710391
10153.076499339,11.861616629054094
10155.207260409166,13.17229160309199
10157.33802147933,13.910315872778556
10159.468782549497,12.447282174166576
10161.599543619663,15.680027269361961
10163.730304689829,14.510619423680625
10165.861065759993,13.361424884529669
10167.991826830159,7.5580124289763075
10170.122587900325,7.492021967266935
10172.253348970491,9.438152797260337
10174.384110040655,15.163600995110839
10176.514871110821,19.52636598002381
10178.645632180987,18.064170767457554
10180.776393251153,17.80769822051378
10182.907154321318,17.631225392416017
10185.037915391484,21.19394498346707
10187.16867646165,21.320094822774966
10189.299437531814,22.238418545641974
10191.43019860198,25.665090913108195
10193.560959672146,27.539400347753276
10195.691720742312,19.24704071360855
10197.822481812476,11.373846624883354
10199.953242882642,2.491909952995705
10202.084003952808,5.42093661257795
10204.214765022974,9.785712048124749
10206.345526093139,20.66971637752101
10208.476287163305,23.77494625394743
10210.60704823347,15.346037999361938
10212.737809303637,12.832252985625418
10214.868570373801,17.89347914394864
10216.999331443967,21.426760608622747
10219.130092514133,20.34666699891778
10221.2608535843,17.37607927039475
10223.391614654463,15.746860918764456
10225.52237572463,11.623635315767876
10227.653136794796,15.484186573253776
10229.783897864962,17.954560167656087
10231.914658935126,23.64089447011182
10234.045420005292,28.18241161388261
10236.176181075458,20.496222027750363
10238.306942145624,19.777510971234896
10240.437703215788,18.889560380529847
10242.568464285954,9.676010776417836
10244.69922535612,7.719983481871505
10246.829986426286,2.906961733306001
10248.96074749645,6.673412148953581
10251.091508566617,12.966508245490084
10253.222269636783,11.433734200371202
10255.353030706949,15.2324121779738
10257.483791777113,15.634756724231373
10259.614552847279,13.95663413289986
10261.745313917445,15.45604261845347
10263.876074987611,17.637204603363543
10266.006836057775,15.333669815526807
10268.137597127941,18.626574135672733
10270.268358198107,19.62175772867951
10272.399119268273,23.353176098437167
10274.529880338438,22.289791186907035
10276.660641408604,28.00593980537422
10278.79140247877,30.472648453559767
10280.922163548936,27.212282812231063
10283.0529246191,20.98388201727749
10285.183685689266,21.57663764548916
10287.314446759432,16.69428937901747
10289.445207829598,17.503210867916202
10291.575968899762,19.511562209776
10293.706729969928,21.851414333455867
10295.837491040094,22.06456465783553
10297.96825211026,19.38884627388971
10300.099013180425,18.584347029209745
10302.22977425059,19.094046720875372
10304.360535320757,13.875742630836234
10306.491296390921,9.553654768298403
10308.622057461087,5.422623278033137
10310.752818531253,12.51338062116296
10312.88357960142,11.829599592551174
10315.014340671583,15.170216765687782
10317.14510174175,16.62879064539285
10319.275862811915,16.39277939772002
10321.406623882081,8.077165219391368
10323.537384952246,3.784808065669751
10325.668146022412,4.862923721310579
10327.798907092578,10.016379599209149
10329.929668162744,10.411400321711104
10332.060429232908,12.784799302806032
10334.191190303074,11.745442999511486
10336.32195137324,10.517066834256548
10338.452712443406,15.113617220188543
10340.58347351357,13.017643353022983
10342.714234583736,13.134409881020252
10344.844995653903,11.758764119028633
10346.975756724069,8.83660329374551
10349.106517794233,5.395539521886288
10351.237278864399,3.502663467263105
10353.368039934565,3.692716980399257
10355.498801004731,8.62651073292585
10357.629562074895,10.684461174829897
10359.760323145061,12.121762807880774
10361.891084215227,12.487281223977664
10364.021845285393,8.899442033505117
10366.152606355558,6.658632381909508
10368.283367425724,8.39494802374954
10370.41412849589,6.335479090801473
10372.544889566056,6.663824101695517
10374.67565063622,5.695745225320794
10376.806411706386,6.810209285790935
10378.937172776552,12.124286267039826
10381.067933846718,11.51064209736825
10383.198694916882,6.09362067186084
10385.329455987048,5.507692731797948
10387.460217057214,2.9584963407422262
10389.59097812738,3.6249221157080003
10391.721739197545,10.567681330558107
10393.85250026771,9.144049324696736
10395.983261337877,14.879384319291225
10398.114022408043,17.970760561207463
10400.244783478207,22.411822259234324
10402.375544548373,23.832613244789613
10404.506305618539,21.119321798224327
10406.637066688705,25.80003014606162
10408.76782775887,28.623670121930715
10410.898588829035,25.489008288310067
10413.029349899201,19.35838132720659
10415.160110969367,18.159395117603722
10417.290872039532,18.083231066858882
10419.421633109698,19.864737284901842
10421.552394179864,21.054536394230443
10423.68315525003,20.735413795349416
10425.813916320194,24.089612340215474
10427.94467739036,22.04375820400678
10430.075438460526,20.656272144629447
10432.20619953069,20.718191232004763
10434.336960600856,14.409542236422139
10436.467721671022,12.625327875900627
10438.598482741188,13.20038465990017
10440.729243811353,13.036762710925997
10442.860004881519,14.443675725613025
10444.990765951685,16.277784331608014
10447.12152702185,19.38422856546145
10449.252288092015,20.057776499282767
10451.383049162181,17.708003026562015
10453.513810232347,18.27347069374542
10455.644571302513,19.565168691984212
10457.775332372677,16.788938366745313
10459.906093442843,15.111484688287149
10462.03685451301,16.152382391296936
10464.167615583176,16.821230361751294
10466.29837665334,25.700864948289247
10468.429137723506,23.192337252040904
10470.559898793672,27.362113408856736
10472.690659863838,25.01593321936263
10474.821420934002,21.323040767304942
10476.952182004168,20.728642461174566
10479.082943074334,20.897001877597784
10481.2137041445,18.71262270984594
10483.344465214665,14.229183724403576
10485.47522628483,14.696330067159966
10487.605987354997,9.521468504391501
10489.736748425163,10.797616687989768
10491.867509495327,7.433976056415412
10493.998270565493,5.059136380869226
10496.129031635659,11.427441120585867
10498.259792705825,11.514029129637372
10500.39055377599,9.03376530900686
10502.521314846155,8.566450325678279
10504.652075916321,5.64637084395296
10506.782836986487,3.815185126481771
10508.913598056652,2.271406865885279
10511.044359126818,2.450070359146969
10513.175120196984,2.987843477940638
10515.30588126715,2.061545773861347
10517.436642337314,3.5208984771764977
10519.56740340748,7.697441347589108
10521.698164477646,8.88681986210101
10523.828925547812,12.740880048173844
10525.959686617976,15.660840208648795
10528.090447688142,20.95913857726404
10530.221208758308,21.621692610751804
10532.351969828474,18.755574524194195
10534.482730898639,19.08600859750616
10536.613491968805,16.9440148468458
10538.74425303897,22.868015405136717
10540.875014109137,24.927235833029275
10543.005775179301,23.01690712824802
10545.136536249467,20.585933785658263
10547.267297319633,22.20624183109333
10549.398058389797,21.95395975847953
10551.528819459963,24.80266966808295
10553.65958053013,22.02662452874571
10555.790341600296,19.30197039467752
10557.92110267046,17.79427091916455
10560.051863740626,19.131384527250475
10562.182624810792,19.639316936962786
10564.313385880958,18.699070914128516
10566.444146951122,16.17352544394397
10568.574908021288,19.44426487349915
10570.705669091454,14.257630660418345
10572.83643016162,10.431727423795445
10574.967191231784,3.9244585937750207
10577.09795230195,2.046649332840916
10579.228713372117,6.933326586067284
10581.359474442283,3.6056634626402437
10583.490235512447,8.20848553060814
10585.620996582613,8.183039500377724
10587.751757652779,9.312158800187206
10589.882518722945,13.699476403081764
10592.01327979311,13.520952871413218
10594.144040863275,16.879862142512554
10596.274801933441,20.381608599644036
10598.405563003607,19.69104409877218
10600.536324073772,22.729391559025185
10602.667085143938,23.831649348058686
10604.797846214104,18.150702690891872
10606.92860728427,16.163916946446818
10609.059368354434,12.49351274619242
10611.1901294246,7.292123881881689
10613.320890494766,11.890155580478535
10615.451651564932,10.569465820879389
10617.582412635096,4.002500630863969
10619.713173705262,3.90314210550082
10621.843934775428,4.565981306351345
10623.974695845594,4.096359057252667
10626.105456915759,6.968359544194344
10628.236217985925,2.6405096852831256
10630.36697905609,7.567990272992375
10632.497740126257,4.003458995242901
10634.628501196421,10.743046362944977
10636.759262266587,13.709515748913201
10638.890023336753,11.630735226174723
10641.02078440692,10.200797907791037
10643.151545477083,9.331905565343732
10645.28230654725,15.633824901967671
10647.413067617415,13.237560903877585
10649.543828687581,13.398631412165685
10651.674589757746,8.080162725841019
