Frequency (T),Intensities (arb. units)
0.0,58.45517911120102
2.1307610701655824,63.67997536488839
4.261522140331165,71.93034206548171
6.392283210496747,80.52307821724003
8.52304428066233,92.94593953177652
10.653805350827913,104.0051191508623
12.784566420993494,113.03145568698484
14.915327491159076,123.23979870232883
17.04608856132466,91.03365235912491
19.176849631490242,132.62837660251623
21.307610701655825,107.56796308190054
23.438371771821405,118.7949844625608
25.56913284198699,149.97126290838384
27.69989391215257,104.61655687649429
29.83065498231815,217.37155354775885
31.961416052483735,720.898196039587
34.09217712264932,1710.7213091501185
36.2229381928149,967.8563293656034
38.353699262980484,987.0630957841777
40.48446033314607,273.5542342805186
42.61522140331165,148.8466586955182
44.74598247347723,803.9147329243663
46.87674354364281,838.1095635110571
49.00750461380839,198.40934476471872
51.13826568397398,620.510349767836
53.26902675413956,403.9859082464183
55.39978782430514,492.43145609767623
57.530548894470726,650.1569183546932
59.6613099646363,880.4998975767774
61.792071034801886,646.3920277241042
63.92283210496747,901.1158407960556
66.05359317513306,670.951319855971
68.18435424529864,2107.1074219176144
70.31511531546421,1953.8642781450135
72.4458763856298,1508.3402546250106
74.57663745579538,1455.4767004802868
76.70739852596097,754.2906038303919
78.83815959612654,607.0431460105021
80.96892066629214,354.30236557967885
83.09968173645771,186.95630965804585
85.2304428066233,120.76990987469145
87.36120387678888,144.9058366430709
89.49196494695445,193.5094036204802
91.62272601712004,537.7026107047934
93.75348708728562,257.2141732393227
95.88424815745121,305.24022756607815
98.01500922761679,133.16438000068925
100.14577029778238,291.5923132503752
102.27653136794795,546.8121573829728
104.40729243811353,860.2943234010927
106.53805350827912,326.902906645604
108.6688145784447,377.71932024043565
110.79957564861029,802.0532978476788
112.93033671877586,747.4942496955183
115.06109778894145,276.85534539260055
117.19185885910703,258.5580098322412
119.3226199292726,125.83454887676328
121.4533809994382,158.35681629460316
123.58414206960377,115.37010129206584
125.71490313976936,98.78870860653564
127.84566420993494,298.44055688861613
129.97642528010053,154.32784868343697
132.10718635026612,124.07870831659709
134.23794742043168,250.8826225910154
136.36870849059727,403.5264614742315
138.49946956076286,420.60574546217765
140.63023063092842,711.2260049156521
142.760991701094,543.9732048273618
144.8917527712596,708.0460676670652
147.0225138414252,507.44759899249584
149.15327491159076,257.7235138963329
151.28403598175635,669.9179546955204
153.41479705192194,710.2109566072631
155.5455581220875,620.6073690886136
157.6763191922531,351.7892715384618
159.80708026241868,576.8827620143127
161.93784133258427,238.73840462539013
164.06860240274983,183.1737494495438
166.19936347291542,119.47982481712265
168.330124543081,82.1155005509569
170.4608856132466,312.3687046469162
172.59164668341216,152.6203157101144
174.72240775357776,365.90974458332266
176.85316882374335,316.58163132002403
178.9839298939089,257.55540019092723
181.1146909640745,106.3247909158198
183.2454520342401,372.6230867569332
185.37621310440568,435.8860014322969
187.50697417457124,248.6341765933786
189.63773524473683,190.02497304352102
191.76849631490242,559.5141634841648
193.89925738506798,593.4200913412197
196.03001845523357,423.9039624330795
198.16077952539916,476.5804010809205
200.29154059556475,401.6321362675639
202.42230166573032,428.0973468866003
204.5530627358959,402.67442561251505
206.6838238060615,650.2838548889259
208.81458487622706,575.784325834766
210.94534594639265,300.917378238003
213.07610701655824,121.7711303841935
215.20686808672383,381.1496140202691
217.3376291568894,575.1604448038088
219.46839022705498,431.64836345001413
221.59915129722057,114.4230714655775
223.72991236738613,360.74531051056294
225.86067343755172,307.33432390335486
227.99143450771732,219.1059934539775
230.1221955778829,535.0851887351511
232.25295664804847,229.33347111819262
234.38371771821406,299.3009801098313
236.51447878837965,650.4471331673091
238.6452398585452,413.31042860390636
240.7760009287108,323.5379795907583
242.9067619988764,189.5107301253227
245.03752306904198,200.75921281363333
247.16828413920754,330.5065496625629
249.29904520937313,266.56332206315375
251.42980627953872,295.69892646072634
253.5605673497043,325.3024934690744
255.69132841986988,331.3953528308891
257.82208949003547,522.2495971530508
259.95285056020106,833.7514957315219
262.08361163036665,863.7234927693955
264.21437270053224,544.7585055095934
266.34513377069777,563.429492269778
268.47589484086336,1143.1274549241223
270.60665591102895,884.8708963465006
272.73741698119454,603.0235559588677
274.86817805136013,758.4449023824927
276.9989391215257,948.1004594905695
279.1297001916913,818.2304268294806
281.26046126185685,703.1726416081904
283.39122233202244,540.9359094585599
285.521983402188,449.08325074284045
287.6527444723536,414.3642945121228
289.7835055425192,684.0715057979087
291.9142666126848,564.5938428514355
294.0450276828504,1013.6663490765374
296.1757887530159,962.8383892593375
298.3065498231815,767.3379202414495
300.4373108933471,727.5459489081798
302.5680719635127,604.640682806411
304.6988330336783,410.404085070635
306.8295941038439,126.24410989946394
308.96035517400946,359.1512011215837
311.091116244175,666.7401564536592
313.2218773143406,521.9205291376362
315.3526383845062,815.0586017448193
317.48339945467177,1232.4384737339744
319.61416052483736,715.9942286829781
321.74492159500295,328.2518981878345
323.87568266516854,523.1439460238852
326.0064437353341,731.550040444556
328.13720480549966,744.7264623744744
330.26796587566525,951.3015649918838
332.39872694583084,1314.7656547040347
334.52948801599644,2405.8046095500463
336.660249086162,4542.0630211964035
338.7910101563276,8674.042610355436
340.9217712264932,14866.842162429495
343.05253229665874,21249.169691355433
345.18329336682433,22575.594379828584
347.3140544369899,17205.683869447872
349.4448155071555,9884.030585510205
351.5755765773211,6727.180425961187
353.7063376474867,5616.797262315364
355.8370987176523,4195.598559376348
357.9678597878178,3380.078930028577
360.0986208579834,2589.1997403468795
362.229381928149,2035.265423295421
364.3601429983146,1371.7359585581862
366.4909040684802,1421.5990880391407
368.62166513864577,1391.9712180493464
370.75242620881136,1079.8313743093395
372.8831872789769,1076.474485344743
375.0139483491425,1263.9157742827194
377.14470941930807,1167.4742412041305
379.27547048947366,924.5497715063871
381.40623155963925,321.60038626147787
383.53699262980484,462.365885621486
385.66775369997043,791.1372225306279
387.79851477013597,1002.0849597506383
389.92927584030156,1206.8516770271265
392.06003691046715,1378.758433854506
394.19079798063274,1218.583471217191
396.3215590507983,801.7291406381888
398.4523201209639,372.82750994570983
400.5830811911295,386.53912860803644
402.71384226129504,467.7153888968475
404.84460333146063,652.9514375003847
406.9753644016262,400.3782167389754
409.1061254717918,282.9023511332458
411.2368865419574,114.2853190984314
413.367647612123,242.9891935339562
415.4984086822886,711.988847044044
417.6291697524541,1210.5920806958493
419.7599308226197,1313.6284757796539
421.8906918927853,1045.3447627509654
424.0214529629509,1213.2085422991513
426.1522140331165,1284.9740649486869
428.28297510328207,1205.2203924752403
430.41373617344766,1002.5970192702208
432.5444972436132,765.4099928661409
434.6752583137788,606.492046324764
436.8060193839444,381.00827920040797
438.93678045410996,346.8610294574387
441.06754152427555,217.90004388916708
443.19830259444115,107.8552261720346
445.32906366460674,222.50973405465805
447.45982473477227,190.71989846316708
449.59058580493786,365.8708463776731
451.72134687510345,743.1413886836564
453.85210794526904,1455.671121206023
455.98286901543463,2154.108742140774
458.1136300856002,2607.8323760889593
460.2443911557658,2247.5036197095756
462.37515222593134,1138.354647169369
464.50591329609694,1136.53257587405
466.6366743662625,1836.1903931510228
468.7674354364281,1826.2977663463653
470.8981965065937,1412.396598498191
473.0289575767593,908.8052397639526
475.1597186469249,675.8488819070925
477.2904797170904,715.371749724623
479.421240787256,745.2735715628032
481.5520018574216,497.78116975478935
483.6827629275872,425.9983351957479
485.8135239977528,594.4185467240485
487.9442850679184,736.5969316422061
490.07504613808396,616.9469754773162
492.20580720824955,560.3590164540791
494.3365682784151,785.4915361187086
496.4673293485807,935.4634042677249
498.59809041874627,1074.1241591034918
500.72885148891186,1043.9950567777075
502.85961255907745,877.4982154990132
504.99037362924304,488.6192022624926
507.1211346994086,196.66516989835648
509.25189576957416,272.07637311955597
511.38265683973975,571.8073958671156
513.5134179099053,577.4178588893785
515.6441789800709,530.157260889379
517.7749400502365,378.20322767375194
519.9057011204021,610.921350048898
522.0364621905677,732.781351166933
524.1672232607333,766.9949246945241
526.2979843308989,673.9010718885843
528.4287454010645,970.4007387737244
530.55950647123,1445.1792003629662
532.6902675413955,1968.2060429912203
534.8210286115611,2535.321755027481
536.9517896817267,2673.014956559425
539.0825507518923,2157.9051217777187
541.2133118220579,1424.1077612277984
543.3440728922235,1088.6452813302164
545.4748339623891,1027.404733407523
547.6055950325547,888.1076316235532
549.7363561027203,604.1236348376001
551.8671171728859,352.8262977513259
553.9978782430514,254.49491760412707
556.128639313217,185.50913657935618
558.2594003833826,250.28369059236485
560.3901614535482,286.10516349663845
562.5209225237137,156.26828623574968
564.6516835938793,66.57370610381653
566.7824446640449,229.84563171894223
568.9132057342105,485.45921901388783
571.043966804376,709.1791603858967
573.1747278745416,889.780981974813
575.3054889447072,1335.9940148785813
577.4362500148728,1674.3835300269623
579.5670110850384,1882.4683662206671
581.697772155204,1764.290967574367
583.8285332253696,1444.0764793710835
585.9592942955352,1106.1563676172898
588.0900553657008,706.303355367459
590.2208164358664,589.8284877654362
592.3515775060318,366.32523508365625
594.4823385761974,383.523099774407
596.613099646363,474.79887937985063
598.7438607165286,471.6127399866288
600.8746217866942,406.96820362040353
603.0053828568598,602.7209953178087
605.1361439270254,638.8906496809004
607.266904997191,624.2534217740941
609.3976660673566,552.9136890414322
611.5284271375222,449.28542251641977
613.6591882076877,259.8600209052319
615.7899492778533,284.997114587293
617.9207103480189,397.2698987238987
620.0514714181845,434.52723857973933
622.18223248835,410.59772118994755
624.3129935585156,104.34855469269652
626.4437546286812,306.90275705769193
628.5745156988468,542.6851943276885
630.7052767690124,587.3365434618821
632.836037839178,572.5717489999147
634.9667989093435,493.45533536341037
637.0975599795091,455.90342898459994
639.2283210496747,697.5934894046454
641.3590821198403,1029.5622621833636
643.4898431900059,1144.6542436754157
645.6206042601715,1286.190015695922
647.7513653303371,1178.0994761346071
649.8821264005027,1195.5599254333656
652.0128874706681,1313.8656388672846
654.1436485408337,1341.1042663379967
656.2744096109993,1368.8937737971078
658.4051706811649,1323.2969050690372
660.5359317513305,1158.1197124027158
662.6666928214961,832.7486441105161
664.7974538916617,589.0864741145685
666.9282149618273,399.1019146449178
669.0589760319929,318.83529275260656
671.1897371021585,405.0661533911893
673.320498172324,267.7277816279776
675.4512592424896,222.88762334879237
677.5820203126552,437.4988381733208
679.7127813828208,979.5157250227226
681.8435424529864,1702.6784316201345
683.9743035231519,2389.9824843275246
686.1050645933175,3043.3865639149367
688.2358256634831,3766.232033108227
690.3665867336487,4271.876374466398
692.4973478038143,4581.031586760971
694.6281088739798,4307.907586614824
696.7588699441454,3394.0808478163694
698.889631014311,2437.5717084041794
701.0203920844766,1488.6513276227463
703.1511531546422,698.042032043782
705.2819142248078,253.28465990720582
707.4126752949734,308.5458620198032
709.543436365139,417.3231584351778
711.6741974353046,395.09882975221115
713.80495850547,398.01422910768196
715.9357195756356,520.316374327881
718.0664806458012,563.403175781562
720.1972417159668,608.8088419742571
722.3280027861324,609.6548852805606
724.458763856298,688.9006576898677
726.5895249264636,575.8592547792726
728.7202859966292,579.7181818373133
730.8510470667948,682.0642070677694
732.9818081369604,770.7188272639676
735.112569207126,662.3142278531268
737.2433302772915,580.215534632821
739.3740913474571,323.0504832349035
741.5048524176227,78.88867012562449
743.6356134877882,200.01525857369037
745.7663745579538,293.63882512373897
747.8971356281194,369.2105759692631
750.027896698285,254.94341089351013
752.1586577684506,344.585786553736
754.2894188386161,553.1018417114173
756.4201799087817,479.53016570567905
758.5509409789473,494.18817891473157
760.6817020491129,447.07029034382253
762.8124631192785,378.3118735773272
764.9432241894441,208.3371567065065
767.0739852596097,420.7751569665395
769.2047463297753,490.249701469148
771.3355073999409,523.0917465429769
773.4662684701063,591.2122729639029
775.5970295402719,660.4696365874432
777.7277906104375,865.8414667858332
779.8585516806031,913.7138941922972
781.9893127507687,973.3915994709408
784.1200738209343,1031.9597930587843
786.2508348910999,1149.6238447754774
788.3815959612655,1222.8479871025972
790.5123570314311,1298.306052172341
792.6431181015967,1263.354842857245
794.7738791717622,1194.1197300440551
796.9046402419278,1010.9673833998788
799.0354013120934,770.5963675155785
801.166162382259,649.0807021014492
803.2969234524245,388.43404625487534
805.4276845225901,356.50766805947944
807.5584455927557,458.9732010917367
809.6892066629213,620.4727483639934
811.8199677330869,900.0544122035384
813.9507288032524,851.8163925992551
816.081489873418,774.4797423237784
818.2122509435836,926.8951782338535
820.3430120137492,942.4819970091834
822.4737730839148,857.209284403362
824.6045341540804,824.2388698560111
826.735295224246,733.3536129787112
828.8660562944116,680.717877469801
830.9968173645772,684.3510684288295
833.1275784347428,797.7318562762579
835.2583395049082,738.6747376248165
837.3891005750738,595.0066238943676
839.5198616452394,431.14149234267313
841.650622715405,265.0209435156159
843.7813837855706,17.338752062522698
845.9121448557362,131.395350550854
848.0429059259018,328.1456605062055
850.1736669960674,453.5746698281345
852.304428066233,468.234975622568
854.4351891363985,421.55350128723984
856.5659502065641,418.9825976621054
858.6967112767297,424.83948219672413
860.8274723468953,535.2116523985592
862.9582334170609,521.8118346767255
865.0889944872264,481.71752981322123
867.219755557392,587.4960289954463
869.3505166275576,754.0284669694329
871.4812776977232,929.4852233219033
873.6120387678887,1175.7746815633018
875.7427998380543,1188.6996014414003
877.8735609082199,1317.5696775424456
880.0043219783855,1361.2010715531549
882.1350830485511,1262.349412632043
884.2658441187167,1343.4972495283637
886.3966051888823,1552.5270590744992
888.5273662590479,1687.7381625231703
890.6581273292135,1977.9149621853314
892.7888883993791,2200.670187870848
894.9196494695445,2341.8791660863762
897.0504105397101,2213.2783558638707
899.1811716098757,2106.3575610354983
901.3119326800413,1902.9865372365234
903.4426937502069,1729.8577123043274
905.5734548203725,1453.7586463572636
907.7042158905381,1172.590689036472
909.8349769607037,913.1632612484188
911.9657380308693,649.1058714379623
914.0964991010349,588.6251991613916
916.2272601712004,493.07346807206244
918.358021241366,453.00866231638423
920.4887823115316,443.46259184737363
922.6195433816972,392.850849903517
924.7503044518627,321.4856850872405
926.8810655220283,309.8610263285795
929.0118265921939,233.79350961357102
931.1425876623595,232.52364645881704
933.273348732525,237.4939763932804
935.4041098026906,364.07939029031445
937.5348708728562,440.4077555177338
939.6656319430218,369.9713304549388
941.7963930131874,239.4797989627164
943.927154083353,89.64478295112018
946.0579151535186,158.93917512604818
948.1886762236842,377.1464402440061
950.3194372938498,686.750704554712
952.4501983640154,888.2707716593645
954.5809594341808,1108.140379360565
956.7117205043464,1324.2488367673873
958.842481574512,1457.0625626011417
960.9732426446776,1145.7268243209217
963.1040037148432,638.1440441545559
965.2347647850088,575.9817437047844
967.3655258551744,931.40470061415
969.49628692534,922.7913015259529
971.6270479955056,640.1077548351711
973.7578090656712,380.2784330895203
975.8885701358367,290.87145524927007
978.0193312060023,377.11343719416953
980.1500922761679,371.5207525974037
982.2808533463335,275.5669483370444
984.4116144164991,427.66262679758233
986.5423754866646,631.9938376520851
988.6731365568302,1040.3713745894615
990.8038976269958,1720.9769054930719
992.9346586971614,2637.235331654603
995.065419767327,3282.2249802357614
997.1961808374925,3582.477365608665
999.3269419076581,3475.0728611910035
1001.4577029778237,3088.2239202180913
1003.5884640479893,2429.43331795374
1005.7192251181549,1618.3037029505194
1007.8499861883205,988.2298277777747
1009.9807472584861,450.50685596588664
1012.1115083286517,101.77073140899832
1014.2422693988173,164.15623185975792
1016.3730304689827,403.9353559783252
1018.5037915391483,630.5039939382838
1020.6345526093139,887.6252147203442
1022.7653136794795,1355.7971175927478
1024.896074749645,1943.1529147482272
1027.0268358198107,2741.771864780608
1029.1575968899763,3935.7910903615557
1031.2883579601419,5293.479934880893
1033.4191190303075,6793.987582606907
1035.549880100473,7881.6016552829005
1037.6806411706386,8344.891658304174
1039.8114022408042,7990.624877345259
1041.9421633109698,6828.053724072203
1044.0729243811354,5357.588476684346
1046.203685451301,4023.472908726531
1048.3344465214666,2889.8500125319156
1050.4652075916322,1795.825360659138
1052.5959686617978,1018.2371334316455
1054.7267297319634,693.3114135536249
1056.857490802129,582.0403671682861
1058.9882518722945,482.7691499179893
1061.11901294246,205.81968028107005
1063.2497740126255,235.5515155187728
1065.380535082791,716.5818292975716
1067.5112961529567,1205.7260113415716
1069.6420572231223,1517.5734485980172
1071.7728182932879,1461.7839189089586
1073.9035793634534,1120.1186996079907
1076.034340433619,578.7930288837907
1078.1651015037846,390.5677446049669
1080.2958625739502,579.2433164073663
1082.4266236441158,689.409005491032
1084.5573847142814,718.4080001978605
1086.688145784447,541.4769232360935
1088.8189068546126,516.0676012685284
1090.9496679247782,485.0837504343157
1093.0804289949438,586.2092038849453
1095.2111900651093,629.5093131021819
1097.341951135275,638.6110220242423
1099.4727122054405,587.5068201097005
1101.6034732756061,585.2094179701064
1103.7342343457717,672.7149110512742
1105.8649954159373,835.5765665933844
1107.995756486103,914.0661408532908
1110.1265175562685,805.90733873338
1112.257278626434,830.7445308514883
1114.3880396965997,896.2250866844577
1116.5188007667653,896.3803824183786
1118.6495618369308,866.5712618001768
1120.7803229070964,963.0842158198861
1122.9110839772618,963.4016681315574
1125.0418450474274,985.4789721077741
1127.172606117593,919.3797507361152
1129.3033671877586,793.0355820652594
1131.4341282579242,658.0852085901937
1133.5648893280897,458.94327580072274
1135.6956503982553,271.5227713062487
1137.826411468421,239.59136090644617
1139.9571725385865,413.6229836184463
1142.087933608752,612.0487498798213
1144.2186946789177,805.3619523692269
1146.3494557490833,956.9226692568009
1148.4802168192489,1060.8550516625805
1150.6109778894145,1049.5747393074969
1152.74173895958,1033.6207486437745
1154.8725000297457,1076.960527060348
1157.0032610999112,1099.959663557224
1159.1340221700768,982.8619377312311
1161.2647832402424,876.2685000323045
1163.395544310408,1001.08662064631
1165.5263053805736,1025.8558778481638
1167.6570664507392,962.220162635352
1169.7878275209048,945.0401411530194
1171.9185885910704,867.5240277464593
1174.049349661236,833.6884566572496
1176.1801107314016,865.1261234194162
1178.3108718015671,855.2988881064359
1180.4416328717327,890.7796546010821
1182.572393941898,923.9938383439838
1184.7031550120637,949.7894166055261
1186.8339160822293,860.6286296510567
1188.9646771523949,840.743816741632
1191.0954382225605,810.5491642799684
1193.226199292726,689.6085466040705
1195.3569603628916,561.6707422948741
1197.4877214330572,467.8499362106319
1199.6184825032228,342.6540404796744
1201.7492435733884,166.14813361436447
1203.880004643554,207.5167118017503
1206.0107657137196,517.6308386690506
1208.1415267838852,813.6642586092211
1210.2722878540508,944.202402713865
1212.4030489242164,1007.6754422709589
1214.533809994382,1012.8892533761989
1216.6645710645475,836.1434020636442
1218.7953321347131,607.2587741588186
1220.9260932048787,330.5016694121369
1223.0568542750443,127.61049736055799
1225.18761534521,195.7498604938979
1227.3183764153755,299.3987881932956
1229.449137485541,476.22915739721157
1231.5798985557067,480.29102454425555
1233.7106596258723,499.13494223231834
1235.8414206960379,482.04105586006995
1237.9721817662034,470.7069653990776
1240.102942836369,460.6460438721207
1242.2337039065346,386.3544310616811
1244.3644649767,363.0542637118866
1246.4952260468656,329.067807009151
1248.6259871170312,221.16548020818183
1250.7567481871968,168.29150578297117
1252.8875092573624,105.54842910078237
1255.018270327528,91.59331968484874
1257.1490313976935,272.96607092750776
1259.2797924678591,318.73238800857973
1261.4105535380247,331.18708921670674
1263.5413146081903,283.8081490646894
1265.672075678356,282.24932094052036
1267.8028367485215,245.1312687301428
1269.933597818687,164.94711151986138
1272.0643588888527,138.26002201331295
1274.1951199590183,212.48509277076832
1276.3258810291838,356.2580028105388
1278.4566420993494,485.170615574363
1280.587403169515,493.5036124485891
1282.7181642396806,532.5830770678868
1284.8489253098462,605.8329654597292
1286.9796863800118,589.5734045884618
1289.1104474501774,520.3463592234182
1291.241208520343,420.48255855037354
1293.3719695905086,283.10561362619285
1295.5027306606742,151.46628306174546
1297.6334917308398,114.11062858751262
1299.7642528010053,129.93040077539365
1301.895013871171,144.97526584573754
1304.0257749413363,116.99980279182608
1306.1565360115019,184.67872901188423
1308.2872970816675,311.5563522576519
1310.418058151833,388.25639416316443
1312.5488192219987,357.36181092625196
1314.6795802921642,371.5688199783309
1316.8103413623298,271.85175061489696
1318.9411024324954,272.1907519571827
1321.071863502661,262.1404459758037
1323.2026245728266,219.2163163450701
1325.3333856429922,157.701332551866
1327.4641467131578,130.7576028065876
1329.5949077833234,46.25958466583709
1331.725668853489,98.86354999997816
1333.8564299236546,86.95349921159311
1335.9871909938201,65.00567961014654
1338.1179520639857,39.66022824693234
1340.2487131341513,85.9928178987432
1342.379474204317,213.9068790291376
1344.5102352744825,449.1676143382112
1346.640996344648,619.6768335314912
1348.7717574148137,711.4471391544907
1350.9025184849793,865.4290568537565
1353.0332795551449,975.2978181310903
1355.1640406253105,1074.489701523813
1357.294801695476,1068.4843463774325
1359.4255627656416,936.3466067811538
1361.5563238358072,741.2502926846979
1363.6870849059728,589.2849025761541
1365.8178459761382,676.0337856046298
1367.9486070463038,1013.364268533262
1370.0793681164694,1400.3701690208668
1372.210129186635,1808.0867879298696
1374.3408902568005,2333.084076775304
1376.4716513269661,2988.199695005983
1378.6024123971317,3653.4281142538407
1380.7331734672973,4134.972374727207
1382.863934537463,4339.741343650505
1384.9946956076285,4305.013637042193
1387.125456677794,3963.3554965609396
1389.2562177479597,3382.148793156908
1391.3869788181253,2628.919521047265
1393.5177398882909,1983.5854902653384
1395.6485009584565,1400.212848191672
1397.779262028622,1050.5697831604919
1399.9100230987876,806.27110827554
1402.0407841689532,711.4837682804707
1404.1715452391188,669.7802909606462
1406.3023063092844,576.6924426495063
1408.43306737945,476.5826959139841
1410.5638284496156,368.6091673104192
1412.6945895197812,420.8865555608368
1414.8253505899468,411.24995121841545
1416.9561116601124,492.1281140567023
1419.086872730278,670.7379537078522
1421.2176338004435,795.5705814189198
1423.3483948706091,813.0903698060076
1425.4791559407745,765.7275918580937
1427.60991701094,599.2099052288014
1429.7406780811057,426.19466444938075
1431.8714391512713,347.7387746046544
1434.0022002214369,406.8157910068852
1436.1329612916024,505.69216617433074
1438.263722361768,520.919770855469
1440.3944834319336,548.5626803292577
1442.5252445020992,576.5986472867266
1444.6560055722648,727.3650813716938
1446.7867666424304,709.0106549499465
1448.917527712596,657.5714735940365
1451.0482887827616,602.5842502271931
1453.1790498529272,605.4181423091516
1455.3098109230928,529.9883350003627
1457.4405719932583,421.64967766000774
1459.571333063424,340.8717276591806
1461.7020941335895,372.93521744479074
1463.8328552037551,382.4401525807302
1465.9636162739207,503.8667994098666
1468.0943773440863,578.9791559163133
1470.225138414252,581.9403150904612
1472.3558994844175,527.6695961395765
1474.486660554583,432.5042439039334
1476.6174216247487,395.90897981581395
1478.7481826949142,392.9996080112886
1480.8789437650798,467.57354199327267
1483.0097048352454,494.03114008637925
1485.1404659054108,510.9465815252273
1487.2712269755764,422.22459580175797
1489.401988045742,325.0824607195084
1491.5327491159076,272.9598204055702
1493.6635101860732,246.25102652130997
1495.7942712562387,223.67203123735595
1497.9250323264043,171.91440410275766
1500.05579339657,184.1519318472584
1502.1865544667355,246.1943692453399
1504.317315536901,365.0437928989551
1506.4480766070667,404.43092881417135
1508.5788376772323,423.55150683523146
1510.7095987473979,342.83339093317545
1512.8403598175635,198.96379949643713
1514.971120887729,293.9765599730996
1517.1018819578946,293.77541570643046
1519.2326430280602,358.40704066558897
1521.3634040982258,327.04690550163826
1523.4941651683914,229.32230165693318
1525.624926238557,128.59090799438013
1527.7556873087226,141.257291609334
1529.8864483788882,231.5037928504388
1532.0172094490538,272.9367152555891
1534.1479705192194,301.26495401113215
1536.278731589385,273.3335880625567
1538.4094926595506,312.27164122552017
1540.5402537297161,358.486578080302
1542.6710147998817,310.834375625405
1544.8017758700473,337.3288705531351
1546.9325369402127,465.1756759678869
1549.0632980103783,614.9324434057274
1551.1940590805439,718.569134094324
1553.3248201507095,805.7101214241626
1555.455581220875,854.8537730636895
1557.5863422910406,908.7877998891498
1559.7171033612062,1004.6225781165292
1561.8478644313718,954.1755012515619
1563.9786255015374,873.7871476155715
1566.109386571703,686.5584193578585
1568.2401476418686,586.2608756903127
1570.3709087120342,600.9481542159594
1572.5016697821998,439.9880357978032
1574.6324308523654,366.59737011488704
1576.763191922531,409.4296430964766
1578.8939529926965,358.96689053571004
1581.0247140628621,272.9378515007119
1583.1554751330277,321.45233607071583
1585.2862362031933,394.9402180962635
1587.416997273359,385.20907375522853
1589.5477583435245,370.40858713595384
1591.67851941369,397.9326954915235
1593.8092804838557,321.4033191954249
1595.9400415540213,219.95161888557953
1598.0708026241869,39.25615403086821
1600.2015636943524,301.4722755968316
1602.332324764518,545.3594925577675
1604.4630858346836,690.842622516267
1606.593846904849,717.0570962657866
1608.7246079750146,770.6591631632634
1610.8553690451802,665.3482092757503
1612.9861301153458,635.277085905901
1615.1168911855113,476.9342377827263
1617.247652255677,371.2347942995894
1619.3784133258425,252.41284404655426
1621.5091743960081,310.57532795948316
1623.6399354661737,308.1642460480506
1625.7706965363393,308.23121923856445
1627.901457606505,241.02352985243655
1630.0322186766705,211.98960468487803
1632.162979746836,111.812561331572
1634.2937408170017,120.60676548365781
1636.4245018871673,189.91947680273455
1638.5552629573328,281.06889984319815
1640.6860240274984,279.79712720299364
1642.816785097664,301.513041091022
1644.9475461678296,356.7282521217322
1647.0783072379952,476.18972964842516
1649.2090683081608,526.9149843435043
1651.3398293783264,586.3215360618068
1653.470590448492,577.1569829058604
1655.6013515186576,538.6694098726362
1657.7321125888232,537.6112351280487
1659.8628736589887,575.2069415592966
1661.9936347291543,609.4651849465623
1664.12439579932,570.7583546352572
1666.2551568694855,546.1737214484305
1668.3859179396509,555.6698034163186
1670.5166790098165,541.2836230943876
1672.647440079982,512.3467787221814
1674.7782011501477,526.0281230842555
1676.9089622203132,556.6067354977822
1679.0397232904788,649.3050766150579
1681.1704843606444,684.5809546216587
1683.30124543081,702.8816182651096
1685.4320065009756,752.7501000157605
1687.5627675711412,683.8711279891143
1689.6935286413068,716.4044864226637
1691.8242897114724,691.6309597288134
1693.955050781638,688.3302350672201
1696.0858118518036,778.0904616141135
1698.2165729219691,735.7701175972924
1700.3473339921347,661.0570417308971
1702.4780950623003,585.5842329760769
1704.608856132466,638.439790078426
1706.7396172026315,673.2419722648887
1708.870378272797,638.0849794098199
1711.0011393429627,642.3864528463769
1713.1319004131283,700.5563994084972
1715.2626614832939,673.2877735170377
1717.3934225534595,574.333397588107
1719.524183623625,493.9227690127558
1721.6549446937906,406.23070231211835
1723.7857057639562,334.1460810476215
1725.9164668341218,291.610660790857
1728.0472279042872,360.52903075033856
1730.1779889744528,451.0396801496766
1732.3087500446184,592.587368459589
1734.439511114784,648.5298128816546
1736.5702721849495,536.0519106241411
1738.7010332551151,516.8488974753584
1740.8317943252807,494.51846150957596
1742.9625553954463,474.83430181881073
1745.093316465612,448.3861773065452
1747.2240775357775,389.84832800396504
1749.354838605943,351.43370091177826
1751.4855996761087,443.7622708920073
1753.6163607462743,473.6585419343461
1755.7471218164399,501.6521882107436
1757.8778828866054,504.6467131348773
1760.008643956771,461.1655285601314
1762.1394050269366,297.5654531641969
1764.2701660971022,187.87398583064237
1766.4009271672678,290.2455977164639
1768.5316882374334,298.1280225977067
1770.662449307599,394.61201668699897
1772.7932103777646,446.28148860307186
1774.9239714479302,626.306716988779
1777.0547325180958,665.1683278785953
1779.1854935882614,802.4131795179932
1781.316254658427,908.8632814602165
1783.4470157285925,983.2106794812881
1785.5777767987581,1086.8492674155143
1787.7085378689237,1260.6203888271616
1789.839298939089,1337.70853241108
1791.9700600092547,1371.7946614937186
1794.1008210794203,1324.8561596822983
1796.2315821495858,1371.5666842549529
1798.3623432197514,1266.2210716127922
1800.493104289917,1068.187195551002
1802.6238653600826,835.9269852762054
1804.7546264302482,695.4341366184964
1806.8853875004138,605.9339765103012
1809.0161485705794,590.240349764956
1811.146909640745,593.9956804367416
1813.2776707109106,579.2747549684814
1815.4084317810762,549.3697819702556
1817.5391928512418,541.5522585409147
1819.6699539214073,535.8888627757914
1821.800714991573,523.1768073516918
1823.9314760617385,480.70154368974056
1826.062237131904,405.50027340908065
1828.1929982020697,289.50088795445396
1830.3237592722353,176.93354056753327
1832.4545203424009,85.17032907531782
1834.5852814125665,46.90092734487632
1836.716042482732,37.51220005155499
1838.8468035528977,59.367364453516075
1840.9775646230632,127.15377743830544
1843.1083256932288,186.4244981474531
1845.2390867633944,163.54605252143585
1847.36984783356,210.38671194717216
1849.5006089037254,169.69113616624333
1851.631369973891,155.40128651626213
1853.7621310440566,60.80186734768273
1855.8928921142221,113.48812775089768
1858.0236531843877,197.5853628435963
1860.1544142545533,224.07340467102378
1862.285175324719,329.4717829879754
1864.4159363948845,465.39911432543903
1866.54669746505,551.4599058264604
1868.6774585352157,507.653261213852
1870.8082196053813,600.424745173356
1872.9389806755469,691.2965417106213
1875.0697417457125,753.2012773483207
1877.200502815878,841.3081773271196
1879.3312638860436,919.5464793753032
1881.4620249562092,1005.6084450962524
1883.5927860263748,1049.4903832738507
1885.7235470965404,983.3302721774077
1887.854308166706,951.5688185554654
1889.9850692368716,925.091155711296
1892.1158303070372,826.1874747413099
1894.2465913772028,627.7961986119719
1896.3773524473684,418.3626294548661
1898.508113517534,218.8183970664456
1900.6388745876995,89.9336801973508
1902.7696356578651,244.1568819561281
1904.9003967280307,347.1080031441403
1907.0311577981963,501.46371625463996
1909.1619188683617,582.3410842766949
1911.2926799385273,603.929601704211
1913.4234410086929,609.314207933154
1915.5542020788585,564.9184043099151
1917.684963149024,518.1865875396884
1919.8157242191896,449.91761613675686
1921.9464852893552,323.08894457091657
1924.0772463595208,243.0772726796877
1926.2080074296864,165.42011278854648
1928.338768499852,32.97858177276769
1930.4695295700176,108.57601809189555
1932.6002906401832,93.08395498899002
1934.7310517103488,65.1397276745058
1936.8618127805144,165.30405580523134
1938.99257385068,245.07737482741345
1941.1233349208455,245.5253484913611
1943.2540959910111,274.78739685794983
1945.3848570611767,378.53166978688336
1947.5156181313423,411.6295390402474
1949.646379201508,438.39853707697534
1951.7771402716735,392.280404155409
1953.907901341839,342.5220152204228
1956.0386624120047,375.22766408849145
1958.1694234821703,377.58667772033886
1960.3001845523358,422.24714566472636
1962.4309456225014,419.24435469461525
1964.561706692667,444.328093516515
1966.6924677628326,466.47531422344616
1968.8232288329982,417.5120881282295
1970.9539899031636,424.02001856752963
1973.0847509733292,494.3441325768336
1975.2155120434948,480.08500306345724
1977.3462731136603,427.7409350890108
1979.477034183826,368.37053623012264
1981.6077952539915,317.4436722397625
1983.7385563241571,220.2021242101264
1985.8693173943227,291.91181807185717
1988.0000784644883,485.85074536867353
1990.130839534654,590.5214640972869
1992.2616006048195,630.2919381204557
1994.392361674985,679.1683662666849
1996.5231227451507,709.4893482605535
1998.6538838153162,761.9203613407687
2000.7846448854818,733.1893873914171
2002.9154059556474,685.9650051575461
2005.046167025813,716.5504191219495
2007.1769280959786,652.9240613539441
2009.3076891661442,533.1508509118737
2011.4384502363098,493.9018056450538
2013.5692113064754,482.5371355339085
2015.699972376641,469.051507380775
2017.8307334468066,533.7630810028246
2019.9614945169722,596.782089993201
2022.0922555871377,587.5764774995406
2024.2230166573033,665.8151017073808
2026.353777727469,686.8822318473074
2028.4845387976345,684.7324124443079
2030.6152998677999,612.4702379627084
2032.7460609379655,599.5878582416248
2034.876822008131,523.1866460797868
2037.0075830782966,325.23809150889434
2039.1383441484622,214.44285972513353
2041.2691052186278,333.14760538677103
2043.3998662887934,481.227735342716
2045.530627358959,609.8618583017706
2047.6613884291246,667.6926603054941
2049.79214949929,688.3215025270567
2051.922910569456,586.1990876821105
2054.0536716396214,573.747588625154
2056.184432709787,614.3319733661507
2058.3151937799526,635.2012452180732
2060.445954850118,564.5113680130419
2062.5767159202837,490.90888774536785
2064.7074769904493,383.88809947438335
2066.838238060615,233.4746695423766
2068.9689991307805,142.7476848353019
2071.099760200946,351.120050426846
2073.2305212711117,593.6700907409218
2075.3612823412773,782.5379305344226
2077.492043411443,833.199694439866
2079.6228044816085,909.6506151400181
2081.753565551774,932.4518896589273
2083.8843266219396,944.7055815107393
2086.015087692105,919.6147213280576
2088.145848762271,882.4915298443456
2090.2766098324364,743.458150624481
2092.407370902602,658.4397069348487
2094.5381319727676,601.9006918750572
2096.668893042933,536.2777160789782
2098.7996541130988,436.9718280914273
2100.9304151832644,321.1808649371433
2103.06117625343,296.6007032469279
2105.1919373235955,212.4760322355568
2107.322698393761,214.54012366094193
2109.4534594639267,251.97283508709938
2111.5842205340923,298.2384633843086
2113.714981604258,430.08427467383024
2115.8457426744235,516.3356026822553
2117.976503744589,528.052479481589
2120.1072648147547,512.8643760602056
2122.23802588492,494.2372502173754
2124.3687869550854,501.11516512185494
2126.499548025251,480.0498254874559
2128.6303090954166,416.7159427733517
2130.761070165582,348.18132376835047
2132.8918312357478,281.48075567481686
2135.0225923059133,131.62711727032374
2137.153353376079,182.7602869725397
2139.2841144462445,246.93523593260483
2141.41487551641,359.5110260849266
2143.5456365865757,463.83637892593174
2145.6763976567413,564.7959756853386
2147.807158726907,593.7778924958446
2149.9379197970725,576.1429510863451
2152.068680867238,581.1419676050004
2154.1994419374037,707.3299423726905
2156.3302030075693,753.9958755849125
2158.460964077735,749.504745337871
2160.5917251479004,740.3799334419268
2162.722486218066,732.4791458087582
2164.8532472882316,791.6895004187643
2166.984008358397,821.2947791765813
2169.114769428563,759.5529606239008
2171.2455304987284,733.2262620522501
2173.376291568894,716.6501703478384
2175.5070526390596,734.3267667885735
2177.637813709225,703.1067506796533
2179.7685747793907,625.6471695870173
2181.8993358495563,559.0932727785282
2184.030096919722,511.63844561915414
2186.1608579898875,465.99553939168345
2188.291619060053,442.3670270245818
2190.4223801302187,420.643169333003
2192.5531412003843,403.48013109859494
2194.68390227055,347.53760227500555
2196.8146633407155,345.796962929539
2198.945424410881,306.7044083324378
2201.0761854810467,259.91158665464644
2203.2069465512122,138.56356959555083
2205.337707621378,90.83221265913511
2207.4684686915434,164.5190990449051
2209.599229761709,227.8009950145594
2211.7299908318746,294.94087483396953
2213.86075190204,403.11275680240846
2215.991512972206,566.6207801812495
2218.1222740423714,559.2336969982308
2220.253035112537,547.7494360086256
2222.3837961827026,574.9274374134009
2224.514557252868,645.965859245334
2226.6453183230337,650.0562628402791
2228.7760793931993,624.4996161204168
2230.906840463365,596.7173360734362
2233.0376015335305,566.5332137880848
2235.168362603696,517.7921371862535
2237.2991236738617,434.5788620144059
2239.4298847440273,412.89263650868423
2241.560645814193,413.73664286831615
2243.691406884358,333.51070756966834
2245.8221679545236,350.6572901182007
2247.952929024689,447.69444045180865
2250.083690094855,473.1907486844814
2252.2144511650204,453.98640069125673
2254.345212235186,433.2394493528569
2256.4759733053515,459.87855648380867
2258.606734375517,465.27100453776154
2260.7374954456827,502.5212286580641
2262.8682565158483,565.3555170922082
2264.999017586014,558.4040406135902
2267.1297786561795,552.7203675134142
2269.260539726345,551.0630226361717
2271.3913007965107,522.6504213123737
2273.5220618666763,512.4352633818372
2275.652822936842,529.2042066523786
2277.7835840070074,474.0100078281661
2279.914345077173,496.4482902126264
2282.0451061473386,519.9600374192994
2284.175867217504,481.7720246210102
2286.30662828767,363.07098451321406
2288.4373893578354,230.00450306770676
2290.568150428001,178.48504168130353
2292.6989114981666,248.06841133036014
2294.829672568332,278.0978091405064
2296.9604336384978,278.69112713376654
2299.0911947086634,235.27318341993234
2301.221955778829,182.31028968800885
2303.3527168489945,180.83301786621146
2305.48347791916,156.0966398320096
2307.6142389893257,209.0260629748842
2309.7450000594913,226.12197318673196
2311.875761129657,260.0921708793821
2314.0065221998225,281.6571087832001
2316.137283269988,302.7483068945454
2318.2680443401537,312.15092075520806
2320.3988054103193,345.05907170642223
2322.529566480485,351.50177072272993
2324.6603275506504,339.1882837054005
2326.791088620816,291.2498858861561
2328.9218496909816,329.22817620912934
2331.052610761147,341.1154425358384
2333.183371831313,340.50989934315635
2335.3141329014784,317.98842040505497
2337.444893971644,378.87270711570665
2339.5756550418096,471.3120658124185
2341.706416111975,462.76743328461646
2343.8371771821407,400.40293105124283
2345.9679382523063,372.41974110667184
2348.098699322472,371.14911750200264
2350.2294603926375,330.49084266727834
2352.360221462803,264.31165812500876
2354.4909825329687,219.91774874221863
2356.6217436031343,305.09226731423877
2358.7525046733,266.4151125918743
2360.8832657434655,175.82695030639644
2363.014026813631,202.80146750150195
2365.144787883796,258.160507609391
2367.275548953962,268.4026727861896
2369.4063100241274,256.1741387700032
2371.537071094293,253.36702499390773
2373.6678321644586,295.63603420458907
2375.798593234624,319.03897039798517
2377.9293543047897,351.6109926482673
2380.0601153749553,451.12513781735584
2382.190876445121,524.01361563616
2384.3216375152865,570.9685833967652
2386.452398585452,620.8606503241319
2388.5831596556177,578.3117416753878
2390.7139207257833,584.2359943704669
2392.844681795949,589.9761532681074
2394.9754428661145,575.9974219244782
2397.10620393628,568.7004689843724
2399.2369650064456,508.21057562803657
2401.3677260766112,427.38476483989535
2403.498487146777,454.2433932942942
2405.6292482169424,514.6949068338313
2407.760009287108,532.781198695274
2409.8907703572736,477.6212869926338
2412.021531427439,476.8892786981495
2414.152292497605,533.1799043464935
2416.2830535677704,618.0878779923939
2418.413814637936,665.045556016758
2420.5445757081015,681.5648519104377
2422.675336778267,730.6933083085779
2424.8060978484327,792.1919431139153
2426.9368589185983,814.4230763920837
2429.067619988764,751.3818444137663
2431.1983810589295,699.2290342897522
2433.329142129095,642.0768742907463
2435.4599031992607,530.9107415072729
2437.5906642694263,422.552734138747
2439.721425339592,391.08904495471853
2441.8521864097575,450.3866407600316
2443.982947479923,447.6267422285381
2446.1137085500886,411.36273039249585
2448.244469620254,385.1348662959155
2450.37523069042,381.9410046013622
2452.5059917605854,341.29196540512277
2454.636752830751,286.0302591167004
2456.7675139009166,281.9076123516278
2458.898274971082,270.99211019624966
2461.0290360412478,333.3724851451292
2463.1597971114134,408.1867187091487
2465.290558181579,429.2811070210924
2467.4213192517445,455.27518192415846
2469.55208032191,447.35518530263494
2471.6828413920757,483.14498765478174
2473.8136024622413,435.44966013906003
2475.944363532407,375.70901286113894
2478.0751246025725,286.39246896241104
2480.205885672738,241.0823643847392
2482.3366467429037,245.2578395652712
2484.4674078130693,212.0918292543872
2486.5981688832344,222.5698525230169
2488.7289299534,217.0112594401454
2490.8596910235656,188.38314757657963
2492.990452093731,231.36571040291298
2495.1212131638968,201.94982458656492
2497.2519742340623,308.5429900099542
2499.382735304228,362.9457856597393
2501.5134963743935,359.72452801787273
2503.644257444559,368.8590093832107
2505.7750185147247,411.2615965297267
2507.9057795848903,423.1932306550473
2510.036540655056,472.01506402112847
2512.1673017252215,415.2989103519196
2514.298062795387,366.32894064173155
2516.4288238655527,296.8627329078422
2518.5595849357182,252.61427104416913
2520.690346005884,163.8723055283977
2522.8211070760494,179.87951677790176
2524.951868146215,165.63257487265514
2527.0826292163806,176.27800256441196
2529.213390286546,89.6711961561014
2531.344151356712,51.64077770981978
2533.4749124268774,66.76722745915025
2535.605673497043,72.16077719087627
2537.7364345672086,136.11055339431755
2539.867195637374,216.06437191673865
2541.9979567075397,210.57242072525358
2544.1287177777053,217.23002488659316
2546.259478847871,239.00596134628694
2548.3902399180365,255.25525930243728
2550.521000988202,213.15008335126169
2552.6517620583677,170.2962404944885
2554.7825231285333,155.9021383517826
2556.913284198699,99.82890356385514
2559.0440452688645,70.27046440548878
2561.17480633903,136.8060226140367
2563.3055674091956,158.39004104066657
2565.4363284793612,234.90838207232682
2567.567089549527,384.5378719980328
2569.6978506196924,486.40420744801804
2571.828611689858,581.5825061470339
2573.9593727600236,694.2268687047064
2576.090133830189,805.4986834843322
2578.220894900355,881.0662426968853
2580.3516559705204,952.0954619642561
2582.482417040686,1029.0470877097825
2584.6131781108515,1033.5352205173854
2586.743939181017,932.1543866910519
2588.8747002511827,831.0660667441492
2591.0054613213483,796.247824452155
2593.136222391514,768.3813301131783
2595.2669834616795,651.7224814791966
2597.397744531845,553.5345134155597
2599.5285056020107,494.81065744321654
2601.6592666721763,490.0778012920444
2603.790027742342,471.79882507314346
2605.9207888125075,422.870058493582
2608.0515498826726,402.5461999616021
2610.182310952838,448.2951875290572
2612.3130720230038,470.52807123121187
2614.4438330931694,520.1535388952946
2616.574594163335,542.0208913554584
2618.7053552335005,494.0998061020199
2620.836116303666,425.0239191948082
2622.9668773738317,352.8579850482258
2625.0976384439973,351.53906083363285
2627.228399514163,370.92000838421865
2629.3591605843285,351.95087776176297
2631.489921654494,302.6511850134416
2633.6206827246597,288.5607847142867
2635.7514437948253,281.05984751928406
2637.882204864991,302.0083166567719
2640.0129659351564,359.9633348980154
2642.143727005322,337.37621216020204
2644.2744880754876,298.0869463134553
2646.405249145653,257.60253534447935
2648.536010215819,209.91138670394935
2650.6667712859844,199.09944333125637
2652.79753235615,224.51663495221626
2654.9282934263156,210.48378913086435
2657.059054496481,192.8910536664856
2659.1898155666468,134.02253431418995
2661.3205766368123,79.75041612780879
2663.451337706978,61.37806641709535
2665.5820987771435,15.076405179653127
2667.712859847309,59.4262374022527
2669.8436209174747,109.69162795455364
2671.9743819876403,194.50904419755608
2674.105143057806,205.050565785029
2676.2359041279715,264.2214644837558
2678.366665198137,309.5230400990969
2680.4974262683027,310.49967091365136
2682.6281873384683,372.2999867988738
2684.758948408634,384.3188795375778
2686.8897094787994,405.9452430751114
2689.020470548965,392.0284048503416
2691.1512316191306,403.2626759320008
2693.281992689296,390.30029655002386
2695.412753759462,376.951989154403
2697.5435148296274,340.99544871745275
2699.674275899793,382.0999274255284
2701.8050369699586,378.39217671187794
2703.935798040124,306.8348774783517
2706.0665591102897,289.4116617474497
2708.1973201804553,339.04269675709963
2710.328081250621,344.3349295336793
2712.4588423207865,271.4032446607241
2714.589603390952,256.8713776421493
2716.7203644611177,242.4353613737143
2718.8511255312833,225.04079359145243
2720.981886601449,194.23976960705008
2723.1126476716145,162.98039713723992
2725.24340874178,162.93464545694908
2727.3741698119456,151.15480383097483
2729.504930882111,198.91703757475648
2731.6356919522764,246.2701097329363
2733.766453022442,269.81457104892024
2735.8972140926076,285.59377377598213
2738.027975162773,313.4271876635026
2740.1587362329387,350.17665709347665
2742.2894973031043,312.8880817464302
2744.42025837327,253.95387383350337
2746.5510194434355,213.5794584647057
2748.681780513601,229.5667965884838
2750.8125415837667,261.59544463103015
2752.9433026539323,320.63239851516965
2755.074063724098,400.8315132255628
2757.2048247942635,436.3311100527217
2759.335585864429,474.86025956147085
2761.4663469345946,462.5936120928024
2763.5971080047602,443.3334661003956
2765.727869074926,385.89484198096847
2767.8586301450914,359.75369344817545
2769.989391215257,312.97206337394863
2772.1201522854226,276.3942318501866
2774.250913355588,248.84819003037157
2776.3816744257538,276.87656250262836
2778.5124354959194,285.91391047818496
2780.643196566085,370.3516312085488
2782.7739576362505,434.54545988184236
2784.904718706416,455.599817503553
2787.0354797765817,472.96245786029004
2789.1662408467473,493.3454718498971
2791.297001916913,526.0903902529002
2793.4277629870785,512.9356734916272
2795.558524057244,472.6238396597259
2797.6892851274097,452.5794797350105
2799.8200461975753,405.4965879146113
2801.950807267741,332.03714305958533
2804.0815683379064,370.88809624766014
2806.212329408072,390.307163575209
2808.3430904782376,394.5317231824409
2810.473851548403,380.32737796609155
2812.604612618569,390.75779161831144
2814.7353736887344,404.33046785957606
2816.8661347589,438.0938286970482
2818.9968958290656,457.36732799405155
2821.127656899231,481.6673382605253
2823.2584179693968,473.89982849248673
2825.3891790395624,521.4420010456142
2827.519940109728,486.6745467412905
2829.6507011798935,446.5420783657751
2831.781462250059,449.8843359327798
2833.9122233202247,399.57325886547846
2836.0429843903903,433.499070644937
2838.173745460556,453.8102247504533
2840.3045065307215,467.08039846919525
2842.435267600887,381.5181140074588
2844.5660286710527,296.3305726707406
2846.6967897412183,178.4907410535583
2848.8275508113834,138.85445038058717
2850.958311881549,135.12923280852937
2853.0890729517146,106.87863906867562
2855.21983402188,49.625601948219696
2857.3505950920458,87.0852412040782
2859.4813561622113,145.25841504418798
2861.612117232377,171.00725964222005
2863.7428783025425,190.19576109810663
2865.873639372708,166.78298007846735
2868.0044004428737,136.65950764870743
2870.1351615130393,161.81594632953986
2872.265922583205,189.0933229304012
2874.3966836533705,290.381167576707
2876.527444723536,362.0104035226488
2878.6582057937017,417.443744371035
2880.7889668638672,480.53527600488366
2882.919727934033,487.758734386123
2885.0504890041984,425.6016582530141
2887.181250074364,350.8419019077346
2889.3120111445296,243.95495277605576
2891.442772214695,181.33358404297448
2893.573533284861,65.49028656504538
2895.7042943550264,63.14558579563805
2897.835055425192,60.50385298021074
2899.9658164953576,162.53071651005536
2902.096577565523,255.32512103259242
2904.2273386356887,287.8550947613742
2906.3580997058543,305.5033550195063
2908.48886077602,250.7822664731452
2910.6196218461855,253.77187444415404
2912.750382916351,324.48910231176177
2914.8811439865167,367.442373474166
2917.0119050566823,400.89342527135625
2919.142666126848,358.4455629311871
2921.2734271970135,289.03689389970594
2923.404188267179,209.09497667717704
2925.5349493373446,206.89234712073755
2927.6657104075102,234.53240549319574
2929.796471477676,198.15537673746618
2931.9272325478414,219.27048871326846
2934.057993618007,204.07399995247602
2936.1887546881726,187.2217045207631
2938.319515758338,141.71093531103205
2940.450276828504,182.4491383577248
2942.5810378986694,221.67465462681685
2944.711798968835,263.97606306355283
2946.8425600390005,294.2402932195666
2948.973321109166,305.2328353921294
2951.1040821793317,294.11843838157756
2953.2348432494973,294.55046054045533
2955.365604319663,294.9214132767251
2957.4963653898285,325.033348222895
2959.627126459994,309.30777434769294
2961.7578875301597,309.4759913187427
2963.8886486003253,246.86004317481527
2966.019409670491,193.01797287765334
2968.1501707406564,248.42947187029407
2970.2809318108216,390.15000784742307
2972.411692880987,473.7264872596446
2974.5424539511528,488.19651683746685
2976.6732150213184,501.186579145996
2978.803976091484,541.0048105474881
2980.9347371616495,602.080044612748
2983.065498231815,614.9742114888056
2985.1962593019807,610.2605270761859
2987.3270203721463,560.178698148775
2989.457781442312,521.4563230560491
2991.5885425124775,523.9291377197113
2993.719303582643,497.88681145189554
2995.8500646528087,479.0414569049254
2997.9808257229743,400.7558632392088
3000.11158679314,346.36942662315465
3002.2423478633054,256.77922376697046
3004.373108933471,200.58008510085565
3006.5038700036366,167.83084305855354
3008.634631073802,93.42464598017828
3010.765392143968,56.722334304634984
3012.8961532141334,91.68610814508865
3015.026914284299,117.67288391719151
3017.1576753544646,94.25789931661566
3019.28843642463,102.27485679147647
3021.4191974947958,112.73271571175076
3023.5499585649613,84.73668854444402
3025.680719635127,63.69760745023345
3027.8114807052925,28.912952590626773
3029.942241775458,69.52854374936028
3032.0730028456237,90.754669451494
3034.2037639157893,119.9373634741398
3036.334524985955,110.23385204951163
3038.4652860561205,99.11660734207967
3040.596047126286,161.20270257827065
3042.7268081964517,192.84887464041591
3044.8575692666172,171.2438927508051
3046.988330336783,171.6610474543285
3049.1190914069484,143.13056268296182
3051.249852477114,142.83248184778842
3053.3806135472796,159.43033076804966
3055.511374617445,129.36743212199977
3057.642135687611,136.94292061229567
3059.7728967577764,154.41330612913023
3061.903657827942,159.24526272842695
3064.0344188981076,174.43477144403226
3066.165179968273,105.81202986054937
3068.2959410384387,72.44476886088633
3070.4267021086043,46.371735550693074
3072.55746317877,76.39261445336234
3074.6882242489355,101.25882537754589
3076.818985319101,151.94228357038662
3078.9497463892667,227.30530918235849
3081.0805074594323,261.41681502040194
3083.211268529598,259.49986479494873
3085.3420295997635,255.79166981824997
3087.472790669929,253.55382701573683
3089.6035517400946,310.29103957349696
3091.73431281026,292.52818692928264
3093.8650738804254,258.4119522627291
3095.995834950591,230.45452106716382
3098.1265960207566,254.1796909330171
3100.257357090922,281.56553946649194
3102.3881181610877,260.1675147977785
3104.5188792312533,256.5138911797909
3106.649640301419,261.935886400879
3108.7804013715845,205.26837324102806
3110.91116244175,127.36909041008323
3113.0419235119157,109.09530365138687
3115.1726845820813,67.43871921667849
3117.303445652247,27.112304687110058
3119.4342067224125,78.7279520363587
3121.564967792578,153.6699000808893
3123.6957288627436,155.28862939660664
3125.826489932909,160.26478558754127
3127.957251003075,158.7793168653578
3130.0880120732404,177.3698860584181
3132.218773143406,154.36016624054935
3134.3495342135716,79.70242837521016
3136.480295283737,88.71879918414804
3138.6110563539028,162.36036572674806
3140.7418174240684,197.58390760745394
3142.872578494234,133.6468620123397
3145.0033395643995,121.1401964069702
3147.134100634565,169.247751524478
3149.2648617047307,254.86296887410344
3151.3956227748963,269.56580298865316
3153.526383845062,211.90075910922235
3155.6571449152275,233.64757369907852
3157.787905985393,281.014108604195
3159.9186670555587,277.8520956502253
3162.0494281257243,271.844923912195
3164.18018919589,299.5467348595493
3166.3109502660554,328.7968520847155
3168.441711336221,313.5747329502785
3170.5724724063866,301.2249581115951
3172.703233476552,262.8850885151939
3174.833994546718,230.52791359512494
3176.9647556168834,226.65190244488383
3179.095516687049,266.00818595169426
3181.2262777572146,257.6049526441898
3183.35703882738,240.56410314035082
3185.4877998975458,217.8556826545718
3187.6185609677113,197.99847246851425
3189.749322037877,173.5071592489129
3191.8800831080425,157.4377054154284
3194.010844178208,128.14369202149
3196.1416052483737,66.16071926173143
3198.2723663185393,173.55483547617695
3200.403127388705,194.60778659331436
3202.5338884588705,223.29865821741683
3204.664649529036,225.91390369933436
3206.7954105992017,190.54344030625552
3208.9261716693672,194.32759968487463
3211.056932739533,224.8407406016294
3213.187693809698,238.895857195058
3215.3184548798636,236.41651802457665
3217.449215950029,219.0280475577747
3219.5799770201947,176.27997280930703
3221.7107380903603,112.93974681843358
3223.841499160526,65.74978946817536
3225.9722602306915,63.37661650429388
3228.103021300857,28.332188428240126
3230.2337823710227,32.13061148846294
3232.3645434411883,45.618621989118516
3234.495304511354,67.59565316286466
3236.6260655815195,69.15505778029582
3238.756826651685,46.584714870103284
3240.8875877218507,33.908389499848305
3243.0183487920162,34.45660815973195
3245.149109862182,25.72891780360708
3247.2798709323474,88.53680769653725
3249.410632002513,129.4480584293151
3251.5413930726786,140.21996442801753
3253.672154142844,191.23067027838755
3255.80291521301,199.14227934440416
3257.9336762831754,248.536012888159
3260.064437353341,316.5513427345284
3262.1951984235066,317.136242871585
3264.325959493672,310.71997151570787
3266.4567205638377,316.65255178584687
3268.5874816340033,353.1388095261435
3270.718242704169,405.07824113097524
3272.8490037743345,443.59724078525977
3274.9797648445,450.0134749582192
3277.1105259146657,418.44707666449625
3279.2412869848313,398.4646080511686
3281.372048054997,411.66033095396284
3283.5028091251625,402.4160103004141
3285.633570195328,379.89311571557323
3287.7643312654936,390.2210724791698
3289.8950923356592,386.4250882928215
3292.025853405825,393.44571549645093
3294.1566144759904,375.2186255219989
3296.287375546156,344.25987227723556
3298.4181366163216,292.603759879073
3300.548897686487,255.11200340925376
3302.6796587566528,220.55277525865793
3304.8104198268184,150.47744178044064
3306.941180896984,107.26640511640687
3309.0719419671495,73.89556488520847
3311.202703037315,52.30366163493407
3313.3334641074807,52.981030942889404
3315.4642251776463,25.519665535076534
3317.594986247812,39.9661154922989
3319.7257473179775,26.261055966453412
3321.856508388143,17.839842908072217
3323.9872694583087,29.985389184787554
3326.1180305284743,57.22995675020541
3328.24879159864,80.54313947516984
3330.3795526688054,39.47780357216458
3332.510313738971,22.169675900278666
3334.641074809136,55.41054089103496
3336.7718358793018,32.42690805531407
3338.9025969494674,41.60757911176118
3341.033358019633,69.20257732602485
3343.1641190897985,162.069043446798
3345.294880159964,227.24029504058686
3347.4256412301297,275.9724603540594
3349.5564023002953,321.1365261063406
3351.687163370461,338.51702948554015
3353.8179244406265,368.6856044993731
3355.948685510792,393.9307093482961
3358.0794465809577,374.24848933696694
3360.2102076511233,385.0501106031265
3362.340968721289,416.1546722639834
3364.4717297914544,443.6890174070709
3366.60249086162,432.4968670932975
3368.7332519317856,435.428648557679
3370.864013001951,441.2720022853107
3372.994774072117,465.4834271865508
3375.1255351422824,458.10345126489125
3377.256296212448,403.08214554660776
3379.3870572826136,389.17192282470836
3381.517818352779,348.6111321147046
3383.6485794229447,337.7961040946122
3385.7793404931103,325.2884716875054
3387.910101563276,269.816282739375
3390.0408626334415,222.46695059280756
3392.171623703607,221.4491991231212
3394.3023847737727,220.51352665687656
3396.4331458439383,223.0155927505131
3398.563906914104,210.20777940968787
3400.6946679842695,202.66151131543106
3402.825429054435,218.39263153869769
3404.9561901246007,229.3147991712471
3407.0869511947662,194.91891664030402
3409.217712264932,115.68338726016212
3411.3484733350974,57.65769053162377
3413.479234405263,24.22222303600601
3415.6099954754286,71.89870840249374
3417.740756545594,96.65649322341794
3419.87151761576,135.76667353772459
3422.0022786859254,162.41174457383664
3424.133039756091,145.91016851067357
3426.2638008262566,149.5878415299123
3428.394561896422,181.3865321872667
3430.5253229665877,161.34391663598424
3432.6560840367533,145.656434000351
3434.786845106919,190.1179558975737
3436.9176061770845,203.48228924876284
3439.04836724725,225.71189236430473
3441.1791283174157,253.73129533384645
3443.3098893875813,259.6901986513411
3445.440650457747,285.2277436913008
3447.5714115279125,322.37047914818896
3449.702172598078,357.07437757490715
3451.8329336682436,372.6621856801482
3453.9636947384092,378.81577476429595
3456.0944558085744,377.54119294066993
3458.22521687874,455.0272601696415
3460.3559779489055,480.0114433504681
3462.486739019071,483.64667150318644
3464.6175000892367,447.31541972579646
3466.7482611594023,407.28891713406125
3468.879022229568,389.4826597752675
3471.0097832997335,352.1100018531975
3473.140544369899,243.09119238555303
3475.2713054400647,186.59412966021475
3477.4020665102303,182.02046079058465
3479.532827580396,176.5310917329001
3481.6635886505615,167.18666926600628
3483.794349720727,118.02721279552793
3485.9251107908926,42.29128531097998
3488.055871861058,81.93699492104744
3490.186632931224,95.87755303483162
3492.3173940013894,104.36652272067323
3494.448155071555,96.75762020200459
3496.5789161417206,50.10494626963143
3498.709677211886,27.477157210455033
3500.8404382820518,47.46708787282332
3502.9711993522174,77.62420731591698
3505.101960422383,95.85056217147982
3507.2327214925485,100.14972553883321
3509.363482562714,76.26857091382547
3511.4942436328797,89.06267969050204
3513.6250047030453,169.8646404718017
3515.755765773211,266.3922361083969
3517.8865268433765,295.20458485845126
3520.017287913542,326.0330150231749
3522.1480489837077,337.5961667723481
3524.2788100538733,354.7510829105387
3526.409571124039,327.3411241341085
3528.5403321942044,283.17907207249175
3530.67109326437,241.69627280060553
3532.8018543345356,246.22533796416872
3534.932615404701,251.91079218267575
3537.063376474867,230.68340645484025
3539.1941375450324,241.96934842204766
3541.324898615198,217.57684843838626
3543.4556596853636,186.40274600502843
3545.586420755529,187.69223139584267
3547.7171818256948,162.5391618289834
3549.8479428958603,127.63631092674765
3551.978703966026,109.8776290094034
3554.1094650361915,115.30231121873382
3556.240226106357,97.5475010127118
3558.3709871765227,101.09976230755763
3560.5017482466883,88.32636604836847
3562.632509316854,91.8487725041766
3564.7632703870195,62.22349520957192
3566.894031457185,80.31948431999457
3569.0247925273507,50.811538792171866
3571.1555535975162,76.21716507349193
3573.286314667682,54.76750103235848
3575.4170757378474,80.59229112124649
3577.5478368080126,92.32649275895153
3579.678597878178,112.33443064820997
3581.8093589483437,103.85798910739426
3583.9401200185093,49.54123380485521
3586.070881088675,73.16491282199792
3588.2016421588405,97.35706103187177
3590.332403229006,136.2577909742233
3592.4631642991717,162.59379616395177
3594.5939253693373,161.88913315030777
3596.724686439503,144.37372067178117
3598.8554475096685,129.3855594593421
3600.986208579834,115.1380561825934
3603.1169696499996,128.30589404965485
3605.2477307201652,142.32764216130772
3607.378491790331,124.82377135379697
3609.5092528604964,108.54310572143024
3611.640013930662,95.4227411566669
3613.7707750008276,81.88053392570643
3615.901536070993,62.36898095547971
3618.032297141159,50.755515525821274
3620.1630582113244,44.8183708728685
3622.29381928149,48.64601366825332
3624.4245803516555,59.643315311068086
3626.555341421821,19.613117992319623
3628.6861024919867,42.0073985055031
3630.8168635621523,96.67930343433567
3632.947624632318,111.71140854977115
3635.0783857024835,141.40968081558808
3637.209146772649,146.12523114703959
3639.3399078428147,165.59245251303244
3641.4706689129803,191.0412885129094
3643.601429983146,226.46095882581992
3645.7321910533115,234.71591785963392
3647.862952123477,249.4350671572418
3649.9937131936426,279.2759930828982
3652.124474263808,293.68421168917797
3654.255235333974,278.9635567812883
3656.3859964041394,212.83706392895522
3658.516757474305,212.80289961878535
3660.6475185444706,242.88507144833068
3662.778279614636,288.6520389749652
3664.9090406848018,307.223021291797
3667.0398017549674,277.9383969646117
3669.170562825133,209.83652348054937
3671.3013238952985,178.77802546248566
3673.432084965464,184.912122991017
3675.5628460356297,183.23251916703487
3677.6936071057953,195.43701804897236
3679.824368175961,230.9790002950455
3681.9551292461265,224.11260345189083
3684.085890316292,235.97097136036447
3686.2166513864577,189.422581736312
3688.3474124566233,139.93471359355635
3690.478173526789,117.23535082663682
3692.6089345969544,169.41438409788233
3694.73969566712,204.65192507604752
3696.8704567372856,202.9372535606438
3699.0012178074508,175.69901316971053
3701.1319788776163,134.61247563087608
3703.262739947782,136.2656460211299
3705.3935010179475,140.5791457653427
3707.524262088113,147.88775505524927
3709.6550231582787,150.46662809129973
3711.7857842284443,159.83909447910577
3713.91654529861,146.97319044881024
3716.0473063687755,85.35450932105186
3718.178067438941,40.20855286691865
3720.3088285091067,60.84121159800559
3722.4395895792723,72.85586115319553
3724.570350649438,56.50150484463792
3726.7011117196034,45.81489857975786
3728.831872789769,88.28391852435027
3730.9626338599346,134.14317589836952
3733.0933949301,136.65159343478808
3735.224156000266,211.1930323911805
3737.3549170704314,236.88904149621584
3739.485678140597,267.468977970046
3741.6164392107626,288.36063888419983
3743.747200280928,299.72036550946376
3745.8779613510937,311.251560213996
3748.0087224212593,269.5419017963297
3750.139483491425,239.53777508260242
3752.2702445615905,197.6484255794653
3754.401005631756,185.26173438023014
3756.5317667019217,193.76409141281383
3758.6625277720873,176.7393445222659
3760.793288842253,153.46007616142487
3762.9240499124185,142.89546086727356
3765.054810982584,141.29676843353386
3767.1855720527496,147.1213012242426
3769.3163331229152,110.41667527837076
3771.447094193081,127.06011022561538
3773.5778552632464,167.1225173105052
3775.708616333412,160.01693569987157
3777.8393774035776,149.88575201971364
3779.970138473743,125.23363291617544
3782.100899543909,109.21904276031775
3784.2316606140744,170.84793759256635
3786.36242168424,213.13227995670098
3788.4931827544056,226.90383424321703
3790.623943824571,231.10367977066463
3792.7547048947367,256.71240432853915
3794.8854659649023,256.5297791320401
3797.016227035068,283.4689761694511
3799.1469881052335,301.7718958400252
3801.277749175399,388.9837812250702
3803.4085102455647,390.2134095014648
3805.5392713157303,383.37112262411824
3807.670032385896,334.523948220053
3809.8007934560615,298.7668376106992
3811.931554526227,302.35414038060156
3814.0623155963926,328.5547298126004
3816.193076666558,336.0908818167962
3818.3238377367234,351.8635188894507
3820.454598806889,332.3130988441357
3822.5853598770545,324.45137376291774
3824.71612094722,310.02917997812847
3826.8468820173857,239.43935581875206
3828.9776430875513,203.14687447510096
3831.108404157717,153.41710465922677
3833.2391652278825,118.94902847234088
3835.369926298048,94.96142430995576
3837.5006873682137,91.00789056719006
3839.6314484383793,120.18746316448846
3841.762209508545,130.09230917445765
3843.8929705787104,134.31430518422306
3846.023731648876,109.66850934403114
3848.1544927190416,110.94691421709736
3850.285253789207,123.00025781493461
3852.416014859373,116.27689206541098
3854.5467759295384,105.47578173240439
3856.677536999704,96.76960920766571
3858.8082980698696,118.40753795927927
3860.939059140035,129.65824829066318
3863.0698202102008,152.3990804672368
3865.2005812803664,194.33260170223733
3867.331342350532,195.22026635219177
3869.4621034206975,191.25062465311842
3871.592864490863,184.2947730751309
3873.7236255610287,195.27333929870917
3875.8543866311943,252.19873777228443
3877.98514770136,271.6507195891425
3880.1159087715255,282.9969537614268
3882.246669841691,280.54784655977124
3884.3774309118567,261.6839939812772
3886.5081919820223,247.6974810198316
3888.638953052188,229.14512469443608
3890.7697141223534,229.60668942640513
3892.900475192519,195.85553644641516
3895.0312362626846,216.03632027176056
3897.16199733285,215.41793508827712
3899.292758403016,214.30267237933282
3901.4235194731814,169.20733495786317
3903.554280543347,155.28588342514402
3905.6850416135126,171.92082801812595
3907.815802683678,192.4298064808164
3909.9465637538437,231.22007633601828
3912.0773248240093,251.45377914029723
3914.208085894175,260.2486132508797
3916.3388469643405,242.03505116943919
3918.469608034506,213.36285380590914
3920.6003691046717,186.33781261151566
3922.7311301748373,195.03229333260626
3924.861891245003,174.28258486032132
3926.9926523151685,101.5849702338964
3929.123413385334,69.13299404527248
3931.2541744554997,108.93590652788757
3933.3849355256652,94.67688690998881
3935.515696595831,70.83587487362239
3937.6464576659964,74.24994350283485
3939.7772187361616,46.21244978625806
3941.907979806327,50.646481392789575
3944.0387408764927,63.26988433030478
3946.1695019466583,73.53684049570082
3948.300263016824,85.41547822279512
3950.4310240869895,45.92051423494034
3952.561785157155,42.166024506941
3954.6925462273207,65.4887820413385
3956.8233072974863,79.19494009818571
3958.954068367652,80.79916304947224
3961.0848294378175,73.43671634361542
3963.215590507983,23.4477940508368
3965.3463515781486,35.658860285669306
3967.4771126483142,54.920729757762544
3969.60787371848,51.43552953610957
3971.7386347886454,68.20882929371884
3973.869395858811,82.77785215382217
3976.0001569289766,139.4640579761488
3978.130917999142,136.66009374129365
3980.261679069308,127.19788985198592
3982.3924401394734,116.21567418294171
3984.523201209639,69.33095840900121
3986.6539622798045,71.91477006173119
3988.78472334997,70.63401096688146
3990.9154844201357,30.802168508638093
3993.0462454903013,17.675412912684042
3995.177006560467,31.394407363546943
3997.3077676306325,56.43077857591421
3999.438528700798,60.516189586268
4001.5692897709637,66.74859428193757
4003.7000508411293,98.3199037538461
4005.830811911295,89.12083893546736
4007.9615729814604,129.9515125282885
4010.092334051626,180.9712308477993
4012.2230951217916,242.52139315230883
4014.353856191957,285.5117851806788
4016.484617262123,284.6424527661429
4018.6153783322884,249.9166461614106
4020.746139402454,291.85400988274796
4022.8769004726196,305.9442824993944
4025.007661542785,257.67168363868427
4027.1384226129508,224.27544906112777
4029.2691836831164,200.5799340934913
4031.399944753282,205.59001836099367
4033.5307058234475,243.88902842918628
4035.661466893613,251.2450760799853
4037.7922279637787,241.35347112506452
4039.9229890339443,201.86835095164517
4042.05375010411,174.1883228811019
4044.1845111742755,131.66715039287567
4046.315272244441,155.26567105280478
4048.4460333146067,182.66340078123545
4050.5767943847723,170.34460865152198
4052.707555454938,169.11200876088546
4054.8383165251034,160.04084029145065
4056.969077595269,170.38622823117592
4059.0998386654346,152.74474739570547
4061.2305997355998,152.576115097776
4063.3613608057653,169.40831903097086
4065.492121875931,176.65618152174488
4067.6228829460965,144.87207042366612
4069.753644016262,151.2092536021261
4071.8844050864277,145.432907965912
4074.0151661565933,172.73759435182114
4076.145927226759,173.01611531850307
4078.2766882969245,204.4959677386559
4080.40744936709,189.2822553169945
4082.5382104372557,187.5609039206038
4084.6689715074212,244.42864951923016
4086.799732577587,291.8010086149941
4088.9304936477524,282.5010115788549
4091.061254717918,235.216185707734
4093.1920157880836,188.7896164712641
4095.322776858249,204.81160026630405
4097.453537928415,244.96096883629434
4099.58429899858,265.83970403061255
4101.715060068746,300.3715210245244
4103.845821138912,333.08314242652943
4105.976582209078,376.63207685372083
4108.107343279243,384.7909508564522
4110.238104349409,349.6569645063309
4112.368865419574,304.39769196619943
4114.49962648974,265.8920399063166
4116.630387559905,283.376718512721
4118.761148630071,270.6323702336539
4120.891909700236,282.55039705990856
4123.022670770401,256.8374893679029
4125.1534318405675,212.4346228121563
4127.284192910733,196.36056800916595
4129.414953980899,173.89673252446354
4131.545715051064,203.1231212029445
4133.67647612123,211.29890605226802
4135.807237191395,264.0827485480964
4137.937998261561,240.15886289189166
4140.068759331726,203.99423658462058
4142.199520401892,222.4145872325432
4144.330281472057,281.99538448485004
4146.461042542223,282.3070870990621
4148.5918036123885,310.61100752977876
4150.722564682555,330.9359680221428
4152.85332575272,362.29779398934664
4154.984086822886,376.5787699671528
4157.114847893051,346.77529775460016
4159.245608963217,372.55188528368205
4161.376370033382,390.8202312465248
4163.507131103548,409.93270959219177
4165.637892173713,377.8231956184396
4167.768653243879,333.0756812568083
4169.899414314044,265.18184524681726
4172.03017538421,222.87562308824172
4174.160936454376,225.45992902708798
4176.291697524542,226.69913658568638
4178.422458594707,207.11221622424094
4180.553219664873,180.69155926182705
4182.683980735038,162.69224947786105
4184.814741805204,167.46795380041354
4186.945502875369,163.59188915280458
4189.076263945535,122.43022015868887
4191.2070250157,59.460805996906544
4193.337786085866,94.67655085955154
4195.4685471560315,147.24151966663777
4197.5993082261975,165.42834158228575
4199.730069296363,164.06615563763302
4201.860830366529,141.40141674800998
4203.991591436694,165.1466178780917
4206.12235250686,202.91955059526896
4208.253113577025,238.8355854639337
4210.383874647191,221.7813465924899
4212.514635717356,208.73884769697662
4214.645396787522,179.14638896652502
4216.776157857687,141.04270393939487
4218.906918927853,135.9141489500958
4221.037679998019,127.6525467618191
4223.168441068185,136.96756129973667
4225.29920213835,133.80718071248248
4227.429963208516,142.67807977892176
4229.560724278681,155.98614415471465
4231.691485348847,177.52252856434666
4233.822246419012,203.4130132907071
4235.953007489178,212.0803080211782
4238.083768559343,239.9178151450504
4240.214529629509,241.58610785599464
4242.3452906996745,235.72825518394768
4244.47605176984,226.94978578765375
4246.606812840006,222.99724556229097
4248.737573910171,189.785655981293
4250.868334980337,216.51484808542187
4252.999096050502,265.952737993404
4255.129857120668,290.25850543369705
4257.260618190833,315.52312372020145
4259.391379260999,345.0738657723993
4261.522140331164,332.97696678725504
4263.65290140133,276.0705097123707
4265.7836624714955,227.760434635592
4267.914423541662,197.226998267494
4270.045184611827,188.73086041670504
4272.175945681993,164.93950027978946
4274.306706752158,141.33445670289206
4276.437467822324,144.63130484213752
4278.568228892489,118.4795774885576
4280.698989962655,155.31157316480642
4282.82975103282,158.4362376836769
4284.960512102986,115.53588943242355
4287.091273173151,60.012422722204704
4289.2220342433175,32.976996023790356
4291.352795313483,50.56727147848077
4293.483556383649,84.65458220266419
4295.614317453814,102.17767195172422
4297.74507852398,149.72461818222496
4299.875839594145,168.6113226587073
4302.006600664311,144.65164062137188
4304.137361734476,85.02287197373757
4306.268122804642,108.38031557736714
4308.398883874807,119.2264001173124
4310.529644944973,74.90685582908321
4312.6604060151385,32.01633076606155
4314.791167085305,28.903114111709975
4316.92192815547,21.987350603307405
4319.052689225636,84.13557278098251
4321.183450295801,97.89325823098352
4323.314211365967,99.5178879194137
4325.444972436132,121.34407478646251
4327.575733506298,97.65888590843156
4329.706494576463,76.37175651712688
4331.837255646629,52.50057746855455
4333.968016716794,16.452219328323036
4336.09877778696,57.66276685062257
4338.229538857126,77.55867816208757
4340.360299927292,60.736922153138124
4342.491060997457,60.161371147246015
4344.621822067623,93.74392593294435
4346.752583137788,101.89372920023713
4348.883344207954,104.72475585877403
4351.014105278119,167.98289330619343
4353.144866348285,179.72209296519765
4355.27562741845,200.74530737835167
4357.406388488616,222.96593734651486
4359.5371495587815,228.51583360966407
4361.6679106289475,231.8298963931406
4363.798671699113,242.06412093291758
4365.929432769278,226.6276497154016
4368.060193839444,229.11810870490055
4370.190954909609,218.08190161620934
4372.321715979775,239.12945702790844
4374.45247704994,224.09023644515398
4376.583238120106,235.50931881610938
4378.713999190271,239.39740211037258
4380.844760260437,264.9598179891115
4382.9755213306025,251.78462745165842
4385.106282400769,212.40429458060945
4387.237043470934,185.65424525424467
4389.3678045411,179.26541034497475
4391.498565611265,120.94376135314889
4393.629326681431,91.36358809202981
4395.760087751596,77.44927322513476
4397.890848821762,58.03547665098667
4400.021609891927,29.93994376817782
4402.152370962093,13.273447623190782
4404.283132032258,39.13084684496272
4406.4138931024245,69.70975622892637
4408.54465417259,73.05344705300588
4410.675415242756,72.06971350852781
4412.806176312921,135.79297743035133
4414.936937383087,153.1750082922446
4417.067698453252,142.48302677228338
4419.198459523418,156.91418522300253
4421.329220593583,189.4185362101519
4423.459981663749,162.33262515358084
4425.590742733914,122.673674255627
4427.72150380408,85.20348975437831
4429.8522648742455,121.95152803868744
4431.983025944412,135.84455774097077
4434.113787014577,160.12313984869928
4436.244548084743,209.27518587358236
4438.375309154908,228.18397278445042
4440.506070225074,195.35738506241722
4442.636831295239,158.7996855843513
4444.767592365405,128.79327042864384
4446.89835343557,134.8671081515053
4449.029114505736,134.27134469768345
4451.159875575901,163.39775945113334
4453.2906366460675,198.69462290279697
4455.421397716233,210.7286875702682
4457.552158786399,180.53687822037386
4459.682919856564,167.43618881399797
4461.81368092673,155.83665091820328
4463.944441996895,166.97140322307715
4466.075203067061,170.01128691378122
4468.205964137226,193.17161104933245
4470.336725207392,168.69787385175272
4472.467486277557,113.3925238057165
4474.598247347723,66.50064179045717
4476.7290084178885,68.52575958811265
4478.859769488055,120.79734380112008
4480.99053055822,153.54073274900787
4483.121291628386,182.45485446784173
4485.252052698551,143.25737635388694
4487.382813768716,90.03369503505327
4489.513574838882,95.4965821520227
4491.644335909047,83.23949225071573
4493.775096979213,69.9344239007402
4495.905858049378,125.20787746344969
4498.036619119544,150.51518247528662
4500.16738018971,140.47986371880017
4502.298141259876,145.66108333058045
4504.428902330041,170.82510916741649
4506.559663400207,156.49737955346131
4508.690424470372,165.13021989278369
4510.821185540538,194.55756788695132
4512.951946610703,201.1435289129106
4515.082707680869,165.23810071436907
4517.213468751034,170.58525431546974
4519.3442298212,167.46303659203423
4521.474990891365,185.3359655105314
4523.6057519615315,167.7027725353801
4525.736513031697,131.01995599499887
4527.867274101863,129.97631157393354
4529.998035172028,178.8695035118664
4532.128796242194,152.2159057817663
4534.259557312359,138.35251343712773
4536.390318382525,111.04320695820445
4538.52107945269,86.034697292175
4540.651840522856,91.10600947713651
4542.782601593021,96.39339365407692
4544.913362663187,108.97037834643744
4547.0441237333525,122.47090569045199
4549.174884803519,115.4473525347246
4551.305645873684,97.64115789059105
4553.43640694385,55.22225492236028
4555.567168014015,22.66503055768667
4557.697929084181,39.105864679371784
4559.828690154346,59.55097623612165
4561.959451224512,59.361302572485165
4564.090212294677,38.42301635261699
4566.220973364843,24.12305310988125
4568.351734435008,77.71791562194942
4570.4824955051745,154.3893685031738
4572.61325657534,193.32552102529908
4574.744017645506,171.8655326918073
4576.874778715671,160.18745468571677
4579.005539785837,169.7271825054941
4581.136300856002,152.203048690872
4583.267061926168,140.74779671802503
4585.397822996333,142.45444247832376
4587.528584066499,146.3176708926414
4589.659345136664,125.46174341620224
4591.79010620683,121.35646283821859
4593.9208672769955,99.46049139488464
4596.051628347162,91.44655662216414
4598.182389417327,90.92127528498229
4600.313150487493,79.47792094157428
4602.443911557658,64.95666130501088
4604.574672627824,70.65456615849835
4606.705433697989,26.484932219182657
4608.836194768154,41.37855630444305
4610.96695583832,60.48747668956153
4613.097716908485,60.81489181335999
4615.228477978651,94.66947838445806
4617.359239048817,124.68678665566513
4619.490000118983,120.63930899980231
4621.620761189148,78.95754200579148
4623.751522259314,75.23043037477306
4625.882283329479,61.71723126701764
4628.013044399645,76.2397856593324
4630.14380546981,72.44002181965259
4632.274566539976,36.9797701159478
4634.405327610141,54.944112986485365
4636.536088680307,66.49801093551123
4638.6668497504725,78.2257248992651
4640.7976108206385,71.33431353055838
4642.928371890804,52.9652914275517
4645.05913296097,52.46673518428353
4647.189894031135,70.73022178643029
4649.320655101301,113.65550002741747
4651.451416171466,154.77973408623006
4653.582177241632,152.99915226232872
4655.712938311797,139.3712508872191
4657.843699381963,135.62538002130063
4659.974460452128,135.69270202636952
4662.105221522294,122.19717479314161
4664.23598259246,137.05931005465786
4666.366743662626,156.4263607312552
4668.497504732791,155.71039089878758
4670.628265802957,152.3998461563097
4672.759026873122,108.37705428103776
4674.889787943288,120.02163061618865
4677.020549013453,144.96489747262754
4679.151310083619,171.61434196727944
4681.282071153784,160.26953015208593
4683.41283222395,175.6919084806498
4685.543593294115,158.9557206023611
4687.6743543642815,154.9724189497874
4689.805115434447,171.96439310873262
4691.935876504613,185.22343334651765
4694.066637574778,131.7892934910481
4696.197398644944,88.59838540907595
4698.328159715109,108.94145259399994
4700.458920785275,113.58521078794432
4702.58968185544,92.08772869010961
4704.720442925606,106.70862334385234
4706.851203995771,104.41709852846425
4708.981965065937,59.573005028013114
4711.1127261361025,31.276960547192473
4713.243487206269,64.13409665076006
4715.374248276434,84.56244361038567
4717.5050093466,102.44878436153408
4719.635770416765,110.37097123945453
4721.766531486931,97.68430074165582
4723.897292557096,58.40753776499621
4726.028053627262,44.059104049915085
4728.158814697427,39.38437566647946
4730.289575767592,109.73694724467583
4732.420336837758,131.66327469543572
4734.551097907924,135.39895508689756
4736.68185897809,133.64935371641664
4738.812620048255,104.01430408015219
4740.943381118421,75.2792609446901
4743.074142188586,32.00261662194895
4745.204903258752,69.1216970661834
4747.335664328917,108.14705201348706
4749.466425399083,123.44046062947055
4751.597186469248,142.70637742517422
4753.727947539414,147.69564285497586
4755.8587086095795,144.9666932576647
4757.9894696797455,151.99243183224485
4760.120230749911,157.9262030325849
4762.250991820077,134.55109832235718
4764.381752890242,132.94035197253157
4766.512513960408,128.19884129715658
4768.643275030573,122.32762499112589
4770.774036100739,141.18668869199215
4772.904797170904,177.175705536989
4775.03555824107,187.91987814696336
4777.166319311235,193.34182631576903
4779.297080381401,200.18775939604697
4781.427841451567,218.79411727392605
4783.558602521733,184.89905758453293
4785.689363591898,160.38419721278905
4787.820124662064,169.88685270976083
4789.950885732229,176.01553714594007
4792.081646802395,170.18742431595797
4794.21240787256,151.5962561425848
4796.343168942726,154.44705481645383
4798.473930012891,151.17190594301204
4800.604691083057,140.19117914873144
4802.7354521532225,118.66060710274638
4804.8662132233885,121.46746092123871
4806.996974293554,101.34868544807327
4809.12773536372,47.63761474073316
4811.258496433885,35.67466639002306
4813.389257504051,61.643249350988896
4815.520018574216,62.043320557343485
4817.650779644382,87.97538387957363
4819.781540714547,90.54555311862225
4821.912301784713,90.26037383194225
4824.043062854878,77.30078333258533
4826.173823925044,88.94622958275099
4828.30458499521,117.94313152944706
4830.435346065376,133.80417920766698
4832.566107135541,120.9510349590482
4834.696868205707,108.19757611144114
4836.827629275872,124.42161105119041
4838.958390346038,111.45019959566517
4841.089151416203,119.74376394289506
4843.219912486369,139.14268518000034
4845.350673556534,122.81441743707691
4847.4814346267,98.0847278071569
4849.6121956968655,92.5456240780211
4851.742956767031,93.84063087255181
4853.873717837197,79.87200974671535
4856.004478907362,90.40471438328093
4858.135239977528,109.7541289351891
4860.266001047693,88.19289772622314
4862.396762117859,69.34188009492217
4864.527523188024,79.75613965133059
4866.65828425819,85.89333004656712
4868.789045328355,110.72631665993583
4870.919806398521,145.1172008581507
4873.0505674686865,154.0246756605525
4875.1813285388525,172.0211508702518
4877.312089609018,156.49590947544934
4879.442850679184,160.8077344334029
4881.573611749349,161.7469398586404
4883.704372819515,176.6158809387621
4885.83513388968,148.21980922352952
4887.965894959846,103.02876340530469
4890.096656030011,120.35338981038021
4892.227417100177,165.89755830702197
4894.358178170342,178.0264135973676
4896.488939240508,202.05496257159248
4898.619700310674,254.27824052464294
4900.75046138084,231.89261642643035
4902.881222451005,199.3260335624273
4905.011983521171,199.9972153146847
4907.142744591336,212.34812272775872
4909.273505661502,216.97231323016925
4911.404266731667,233.27040803696786
4913.535027801833,254.47025928100103
4915.665788871998,259.9442044073872
4917.796549942164,240.27065286872104
4919.9273110123295,238.9996141538698
4922.0580720824955,224.10940010470506
4924.188833152661,164.62076587147584
4926.319594222827,124.53054421051675
4928.450355292992,123.10801351222698
4930.581116363158,115.93291045837336
4932.711877433323,121.20377762689503
4934.842638503489,146.97058132348357
4936.973399573654,143.45851549909517
4939.10416064382,113.59077089303662
4941.234921713985,97.76924725833146
4943.365682784151,112.45037694492056
4945.496443854317,90.37690233018276
4947.627204924483,59.27240741491815
4949.757965994648,91.39129416129562
4951.888727064814,122.58663065846133
4954.019488134979,117.47398562721753
4956.150249205145,157.38813503771428
4958.28101027531,196.23094617468428
4960.411771345476,205.5357716583946
4962.542532415641,214.99059794820167
4964.673293485807,203.3777713872481
4966.8040545559725,201.65348886181258
4968.9348156261385,202.4541397262406
4971.065576696304,177.24686966016054
4973.196337766469,136.62139105926562
4975.327098836635,120.5470101559666
4977.4578599068,114.498216305955
4979.588620976966,135.70378914359918
4981.719382047131,139.16487338302113
4983.850143117297,153.83025237792504
4985.980904187462,157.43752190406258
4988.111665257628,151.10810398081503
4990.2424263277935,132.3554636626165
4992.37318739796,94.0137102498949
4994.503948468125,70.1254919356891
4996.634709538291,65.85031252529699
4998.765470608456,70.05124234130706
5000.896231678622,92.95321446160345
5003.026992748787,92.97892587448845
5005.157753818953,58.807798108452616
5007.288514889118,20.73239480134569
5009.419275959284,18.77028327338137
5011.550037029449,51.016974428168915
5013.6807980996155,93.6283936569823
5015.811559169781,88.68889971492455
5017.942320239947,85.8327216281612
5020.073081310112,77.79495247976507
5022.203842380278,65.29542233030254
5024.334603450443,59.68320261601349
5026.465364520609,37.74986871085281
5028.596125590774,18.140645629782394
5030.72688666094,25.5021608568175
5032.857647731105,34.70090458808798
5034.988408801271,56.40886166366801
5037.1191698714365,55.8650763027713
5039.2499309416025,60.30810793008522
5041.380692011768,58.67587469986083
5043.511453081934,78.42413731978654
5045.642214152099,84.48450097828552
5047.772975222265,111.85778373302769
5049.90373629243,107.62950716624431
5052.034497362596,110.25268623567074
5054.165258432761,107.37281425004625
5056.296019502927,111.95363232619376
5058.426780573092,123.10310532062685
5060.557541643258,72.52551407210169
5062.688302713424,67.02027048344559
5064.81906378359,98.55331976185256
5066.949824853755,114.63951506812116
5069.080585923921,86.90795639919133
5071.211346994086,88.09346156856974
5073.342108064252,83.7336924420591
5075.472869134417,72.91497169326301
5077.603630204583,45.98078504122751
5079.734391274748,38.8938636820141
5081.865152344914,37.87104069646584
5083.9959134150795,16.189543144057847
5086.1266744852455,23.7216306197044
5088.257435555411,52.989575002291474
5090.388196625577,55.41137726090375
5092.518957695742,37.578786938130996
5094.649718765907,24.331802454442542
5096.780479836073,47.6756765806932
5098.911240906238,47.04662067184325
5101.042001976404,38.41184347982036
5103.172763046569,58.071119291332614
5105.303524116735,81.63042249011518
5107.4342851869005,63.042274992177454
5109.565046257067,41.748451680501795
5111.695807327232,21.436085565876937
5113.826568397398,34.03569509242242
5115.957329467563,44.233885646560786
5118.088090537729,47.74061725278044
5120.218851607894,53.97383834395764
5122.34961267806,44.8588806472541
5124.480373748225,25.57073611459495
5126.611134818391,51.283540047021376
5128.741895888556,70.88420212280816
5130.8726569587225,75.84408934149013
5133.003418028888,79.73804628797623
5135.134179099054,86.88570075318816
5137.264940169219,73.1520749593921
5139.395701239385,61.33338918211385
5141.52646230955,54.53474608471252
5143.657223379716,56.45665176678387
5145.787984449881,48.16082257939927
5147.918745520047,48.59182494969284
5150.049506590212,44.74976724658723
5152.180267660378,56.429361346820954
5154.3110287305435,68.12777587999913
5156.44178980071,93.25171785571831
5158.572550870875,88.92471010579757
5160.703311941041,99.45287779777037
5162.834073011206,72.48645732181114
5164.964834081372,67.25927230561702
5167.095595151537,73.70840270820538
5169.226356221703,78.42959008873066
5171.357117291868,77.27806647205888
5173.487878362034,74.90510102652694
5175.618639432199,76.4416513877514
5177.7494005023655,79.65772817817195
5179.880161572531,83.34799447946952
5182.010922642697,93.63279338296616
5184.141683712862,81.0709717883549
5186.272444783028,82.7164574079672
5188.403205853193,74.72561805897058
5190.533966923359,75.6332310930317
5192.664727993524,46.92001531381392
5194.79548906369,22.994581286053652
5196.926250133855,42.27905106044549
5199.057011204021,22.119042315533104
5201.1877722741865,11.818087786097767
5203.3185333443525,27.18694123481208
5205.449294414518,57.92449732646566
5207.580055484684,69.48208688274754
5209.710816554849,106.63826132330999
5211.841577625015,109.92592880987942
5213.97233869518,106.03196584000692
5216.103099765345,87.95662530363623
5218.233860835511,69.33820336778109
5220.364621905676,96.53003089518221
5222.495382975842,113.34940647786141
5224.6261440460075,111.43832100514338
5226.756905116174,137.84109132316593
5228.887666186339,158.5410953893588
5231.018427256505,192.10986806643857
5233.14918832667,187.43332550299723
5235.279949396836,148.30533051551805
5237.410710467001,130.34649101214154
5239.541471537167,100.51424199444084
5241.672232607332,99.14923708384526
5243.802993677498,92.43370791697666
5245.933754747663,81.32969052968599
5248.0645158178295,74.63494914162068
5250.195276887995,51.876067335800464
5252.326037958161,82.59577623148083
5254.456799028326,104.56584199085631
5256.587560098492,94.22089881696634
5258.718321168657,101.18572436989732
5260.849082238823,115.92054359581654
5262.979843308988,134.93918426980102
5265.110604379154,151.5140960058742
5267.241365449319,153.04877377471954
5269.372126519485,141.12439952246544
5271.5028875896505,125.67454741961815
5273.633648659817,110.57575943548349
5275.764409729982,121.98204983108768
5277.895170800148,106.0971195031289
5280.025931870313,105.98352374889353
5282.156692940479,102.35237646032127
5284.287454010644,87.46889265307836
5286.41821508081,76.9844295836515
5288.548976150975,54.90865581101858
5290.679737221141,24.108880977243132
5292.810498291306,3.455204558211252
5294.9412593614725,50.29781062271892
5297.072020431638,110.23551849240424
5299.202781501804,123.02774789978977
5301.333542571969,115.9354248431842
5303.464303642135,123.16598889359142
5305.5950647123,111.66960566835651
5307.725825782466,91.60425069835425
5309.856586852631,70.8578754570616
5311.987347922797,85.51663252564445
5314.118108992962,74.39255529065183
5316.248870063128,71.47605834500511
5318.3796311332935,85.75255590589917
5320.51039220346,80.48104051376642
5322.641153273625,62.86759418291465
5324.771914343791,61.891604600564236
5326.902675413956,56.545293237252324
5329.033436484122,15.13858785987768
5331.164197554287,16.86846700650039
5333.294958624453,44.69632940715118
5335.425719694618,68.47049899673232
5337.556480764783,71.84698934226539
5339.687241834949,92.62389603866096
5341.818002905115,72.06475639397021
5343.948763975281,60.409545142548644
5346.079525045446,21.561294831247075
5348.210286115612,21.692593310917673
5350.341047185777,29.86993069711813
5352.471808255943,30.909270777302314
5354.602569326108,39.249916766247104
5356.733330396274,37.14110684716317
5358.864091466439,28.518658243138518
5360.994852536605,18.888287417076516
5363.1256136067705,12.161378356645114
5365.2563746769365,27.046384398148028
5367.387135747102,42.91753978707597
5369.517896817268,55.00360153042974
5371.648657887433,68.78571912958807
5373.779418957599,46.39130137936886
5375.910180027764,9.725502912541835
5378.04094109793,20.17749956092413
5380.171702168095,63.66105127975507
5382.302463238261,102.38411103074198
5384.433224308426,152.6161952337248
5386.563985378592,170.68928877680273
5388.6947464487575,176.8402381894386
5390.825507518924,175.04611959958655
5392.956268589089,160.39480977293255
5395.087029659255,105.88978403753292
5397.21779072942,57.71947440775552
5399.348551799586,30.753553190243064
5401.479312869751,56.797714518486146
5403.610073939917,85.87681463791118
5405.740835010082,92.42693488632885
5407.871596080248,75.4999849097059
5410.002357150413,66.36759790653835
5412.1331182205795,81.96130670761518
5414.263879290745,88.60657707397948
5416.394640360911,83.93724568755876
5418.525401431076,107.99482182697959
5420.656162501242,94.09679974620012
5422.786923571407,74.38440629779109
5424.917684641573,64.79312821260673
5427.048445711738,49.21560676977032
5429.179206781904,56.22007674248983
5431.309967852069,28.634406909947394
5433.440728922235,19.80212292033333
5435.5714899924005,23.203174916252493
5437.702251062567,1.6452862062259705
5439.833012132732,29.826222957098757
5441.963773202898,34.42728499443595
5444.094534273063,27.16615002220315
5446.225295343229,22.660299111194025
5448.356056413394,11.749987944863703
5450.48681748356,50.501279620589365
5452.617578553725,80.79765346939745
5454.748339623891,83.60140521717388
5456.879100694056,73.13524103079222
5459.009861764222,58.90295365850024
5461.140622834388,90.3384768799145
5463.271383904553,91.16254007189995
5465.402144974719,94.46195259093321
5467.532906044884,101.55812026212703
5469.66366711505,107.96144207677622
5471.794428185215,84.9465574269242
5473.925189255381,78.2686481794164
5476.055950325546,75.28483444089962
5478.186711395712,123.40961954469233
5480.3174724658775,102.63166826019253
5482.4482335360435,89.28671540435691
5484.578994606209,71.00678164154344
5486.709755676375,46.23593349836147
5488.84051674654,38.376180324049805
5490.971277816706,94.87729292373844
5493.102038886871,108.83220214967824
5495.232799957037,117.1500466399613
5497.363561027202,72.17323988697636
5499.494322097368,45.4008163802248
5501.625083167533,33.93936009926097
5503.755844237699,45.10534825015541
5505.886605307865,63.24867985174122
5508.017366378031,59.72914096159325
5510.148127448196,69.4773594340131
5512.278888518362,59.31815094673574
5514.409649588527,55.8581582555911
5516.540410658693,77.8158276273396
5518.671171728858,93.53340207204444
5520.801932799024,102.96212556877256
5522.932693869189,116.59660351846725
5525.063454939355,111.4354350870482
5527.1942160095205,110.89353936951399
5529.3249770796865,100.5222857979623
5531.455738149852,98.9322295034484
5533.586499220018,98.07895700453717
5535.717260290183,98.85212805761807
5537.848021360349,100.22264716006578
5539.978782430514,97.34225786012195
5542.10954350068,86.69351084136603
5544.240304570845,65.62027967400466
5546.371065641011,83.75287001679422
5548.501826711176,123.63895520097743
5550.632587781342,163.5309522535474
5552.7633488515075,180.32685072093264
5554.894109921674,170.7452186204584
5557.024870991839,156.07572248937913
5559.155632062005,156.42548435967043
5561.28639313217,142.44762342825894
5563.417154202336,141.67451313401523
5565.547915272501,175.8662125920173
5567.678676342667,209.9969445750463
5569.809437412832,226.95412622060005
5571.940198482998,237.5144398275761
5574.070959553163,242.11749343283378
5576.201720623329,203.59173447815775
5578.332481693495,172.80334429837887
5580.46324276366,138.75917012649845
5582.594003833826,118.51225908147657
5584.724764903991,97.20279336251912
5586.855525974157,101.30093109539479
5588.986287044322,140.15230678653617
5591.117048114488,152.5117662407967
5593.247809184653,136.40215193460435
5595.378570254819,104.32285301960958
5597.5093313249845,78.78941804218834
5599.6400923951505,85.30372144711785
5601.770853465316,98.91000242098634
5603.901614535482,123.79905797029242
5606.032375605647,95.40682303098619
5608.163136675813,80.7147787857069
5610.293897745978,48.71315418831951
5612.424658816144,38.10218968763832
5614.555419886309,41.50496114751147
5616.686180956475,59.594239060969045
5618.81694202664,67.23606274854725
5620.947703096806,45.86292292868331
5623.078464166972,44.06349292213202
5625.209225237138,80.64829132286904
5627.339986307303,92.23273649643316
5629.470747377469,105.17258539698743
5631.601508447634,84.9777562515837
5633.7322695178,65.77152203352325
5635.863030587965,48.02797296149199
5637.993791658131,42.53116348333158
5640.124552728296,23.53491680148285
5642.255313798462,31.510862270516817
5644.3860748686275,39.37621383387328
5646.5168359387935,56.13155900432514
5648.647597008959,49.619245961838956
5650.778358079125,66.6798059908631
5652.90911914929,81.64788173507021
5655.039880219456,84.01766607763102
5657.170641289621,79.42561582105117
5659.301402359787,75.07457837307298
5661.432163429952,62.44809938233759
5663.562924500118,46.29907408775795
5665.693685570283,34.37604101845576
5667.824446640449,42.75726405281637
5669.955207710615,52.08317968138849
5672.085968780781,24.550598928326174
5674.216729850946,41.38477960461802
5676.347490921112,47.3723071429861
5678.478251991277,37.17686623449846
5680.609013061443,51.06456399882139
5682.739774131608,24.98885303828296
5684.870535201774,37.74311149713289
5687.001296271939,39.36040860190328
5689.132057342105,49.63414868100661
5691.2628184122705,69.07084563134666
5693.3935794824365,78.5628106320713
5695.524340552602,69.65258707953708
5697.655101622767,74.33826152484002
5699.785862692933,54.32763889383748
5701.916623763098,25.062333537886193
5704.047384833264,16.453264555828
5706.178145903429,46.58781981675492
5708.308906973595,84.6164307245356
5710.43966804376,97.05456709347777
5712.570429113926,99.55482970357569
5714.7011901840915,106.02752851236272
5716.831951254258,82.22810508899055
5718.962712324423,57.28273808660198
5721.093473394589,48.25190597721378
5723.224234464754,27.23320880017741
5725.35499553492,5.84724922762985
5727.485756605085,47.16844887818754
5729.616517675251,67.78465787810784
5731.747278745416,94.29813769810919
5733.878039815582,144.05631618495408
5736.008800885747,174.60359194866953
5738.139561955913,157.090192865077
5740.270323026079,140.8344076045173
5742.401084096245,141.20542528963898
5744.53184516641,131.21645674327945
5746.662606236576,96.60245532175956
5748.793367306741,92.85724077931953
5750.924128376907,85.31185302392142
5753.054889447072,116.85401772613062
5755.185650517238,136.47176529875532
5757.316411587403,169.0897664523679
5759.447172657569,171.18929213379442
5761.5779337277345,173.5379482415539
5763.7086947979005,160.18425301042612
5765.839455868066,142.09741911733028
5767.970216938232,144.39064386748944
5770.100978008397,137.30115480971153
5772.231739078563,131.37727922097932
5774.362500148728,138.45375716701102
5776.493261218894,174.36341722605104
5778.624022289059,181.83012458522427
5780.754783359225,187.72470058931387
5782.88554442939,178.02553425277117
5785.016305499556,184.56867650323915
5787.147066569722,176.12922206751475
5789.277827639888,153.54182286720683
5791.408588710053,140.8853144521357
5793.539349780219,102.23356360257863
5795.670110850384,75.77965933182153
5797.80087192055,116.83779431999962
5799.931632990715,126.12451370707993
5802.062394060881,129.74039674138385
5804.193155131046,140.69499486617462
5806.323916201212,148.98072177302222
5808.4546772713775,163.74243612878212
5810.5854383415435,169.78036035829956
5812.716199411709,182.02863975821708
5814.846960481875,185.9685040451054
5816.97772155204,150.1462731448143
5819.108482622205,141.41685529325284
5821.239243692371,138.95334448417418
5823.370004762536,177.81458631515105
5825.500765832702,177.52952935578992
5827.631526902867,165.9446529614761
5829.762287973033,160.94548691148808
5831.8930490431985,134.71575667479556
5834.023810113365,103.52517396619638
5836.15457118353,75.10709842261268
5838.285332253696,51.177161533125286
5840.416093323861,54.261057200154006
5842.546854394027,61.49142804684833
5844.677615464192,71.27322363689287
5846.808376534358,88.00079406613035
5848.939137604523,105.10389336066505
5851.069898674689,124.5455580641213
5853.200659744854,142.23202554294687
5855.3314208150205,169.1550660518568
5857.462181885186,161.73027525291744
5859.592942955352,137.0468464607646
5861.723704025517,133.61286880770703
5863.854465095683,106.13602965532348
5865.985226165848,108.45966566094874
5868.115987236014,136.4932623199862
5870.246748306179,164.67733078431303
5872.377509376345,163.67909150496953
5874.50827044651,174.56173732026562
5876.639031516676,186.18699412825035
5878.7697925868415,189.18967028220337
5880.900553657008,165.81523242268094
5883.031314727173,142.09980602921976
5885.162075797339,156.12009500302597
5887.292836867504,139.70130657244502
5889.42359793767,152.21116836861222
5891.554359007835,154.09805458928426
5893.685120078001,202.0534491852478
5895.815881148166,218.1258689666078
5897.946642218332,229.70851702069425
5900.077403288497,204.53793557875477
5902.208164358663,187.16953812650166
5904.338925428829,191.86157416141376
5906.469686498995,170.48454921006783
5908.60044756916,147.54334036960523
5910.731208639326,162.66794149019475
5912.861969709491,174.3185801632294
5914.992730779657,168.45204811773658
5917.123491849822,173.41731332173273
5919.254252919988,170.98603254184553
5921.385013990153,173.535765243546
5923.515775060319,176.32764631551416
5925.6465361304845,144.38001047469407
5927.7772972006505,133.90980429309795
5929.908058270816,140.77668063083635
5932.038819340982,155.07151937065208
5934.169580411147,153.16354917740176
5936.300341481313,125.54618168343349
5938.431102551478,114.12633986252615
5940.561863621643,126.16705523318358
5942.692624691809,143.24077377578502
5944.823385761974,135.24472043498736
5946.95414683214,140.25566310171186
5949.0849079023055,113.72377149338587
5951.215668972472,110.43456601728258
5953.346430042637,129.75982400812916
5955.477191112803,115.39233851401096
5957.607952182968,111.57123402922963
5959.738713253134,118.51353881544311
5961.869474323299,105.06649404444053
5964.000235393465,77.53153712307187
5966.13099646363,69.38200573355765
5968.261757533796,64.71773678029484
5970.392518603961,55.59795071455205
5972.5232796741275,41.06308412682292
5974.654040744293,56.286736322609876
5976.784801814459,49.58419272796157
5978.915562884624,43.165780875995225
5981.04632395479,15.21608659766625
5983.177085024955,11.04800083607566
5985.307846095121,37.781552885552536
5987.438607165286,66.5261945980498
5989.569368235452,67.65342374023689
5991.700129305617,48.03912702974742
5993.830890375783,34.43529922756987
5995.9616514459485,46.135605294602264
5998.092412516115,72.84522087615437
6000.22317358628,104.86904645610649
6002.353934656446,125.31732748948559
6004.484695726611,113.08316994807406
6006.615456796777,87.18349381560819
6008.746217866942,81.02676158899429
6010.876978937108,74.4266591202644
6013.007740007273,48.13573425689866
6015.138501077439,42.00405827948975
6017.269262147604,76.53622404106379
6019.4000232177705,114.37388620079386
6021.530784287936,116.38896487772726
6023.661545358102,90.23645774306863
6025.792306428267,79.72913698806917
6027.923067498433,74.42268958442786
6030.053828568598,76.24033060605117
6032.184589638764,87.06529461548324
6034.315350708929,82.19038188680109
6036.446111779095,76.49888164924673
6038.57687284926,56.74220905345883
6040.707633919426,26.69311196326792
6042.8383949895915,15.071377676879303
6044.969156059758,35.53902490438771
6047.099917129923,56.385008382686195
6049.230678200089,73.56465342121027
6051.361439270254,69.04642835211067
6053.49220034042,66.4978894873666
6055.622961410585,48.845335612034766
6057.753722480751,29.775602272798142
6059.884483550916,26.13261940354358
6062.015244621081,13.653445564882768
6064.146005691247,13.099904029000298
6066.276766761413,21.676870542395385
6068.407527831579,19.466469805823003
6070.538288901744,12.18969174339794
6072.66904997191,47.713257284264614
6074.799811042075,67.40631144742669
6076.930572112241,66.19760067208982
6079.061333182406,80.01897856246747
6081.192094252572,91.40119478758389
6083.322855322737,86.43922610065862
6085.453616392903,68.53022890899132
6087.584377463068,80.7407295024724
6089.7151385332345,72.1551303403088
6091.8458996034,75.74241846678984
6093.976660673566,108.38595614009243
6096.107421743731,124.18455054834071
6098.238182813897,127.93175467773615
6100.368943884062,116.73363939781518
6102.499704954228,115.55605731924818
6104.630466024393,94.44901753096839
6106.761227094559,72.3765915558622
6108.891988164724,69.41674220362165
6111.02274923489,95.56132681299175
6113.1535103050555,108.1884229100616
6115.284271375222,100.14117682787749
6117.415032445387,85.81804600722853
6119.545793515553,69.12559356381807
6121.676554585718,72.43838730580163
6123.807315655884,66.7682333070725
6125.938076726049,43.62708668546308
6128.068837796215,20.692697685048373
6130.19959886638,40.775676852160494
6132.330359936546,54.97736871000389
6134.461121006711,65.6870840195865
6136.5918820768775,78.08562603071898
6138.722643147043,99.41060743958367
6140.853404217209,97.43611860647636
6142.984165287374,80.75923630376893
6145.11492635754,53.161709386279895
6147.245687427705,32.24404732312742
6149.376448497871,53.39092851009944
6151.507209568036,70.31529381849349
6153.637970638202,80.23031003722629
6155.768731708367,85.53452046612648
6157.899492778533,86.8058425177051
6160.0302538486985,86.41994943037741
6162.161014918865,82.9824840554346
6164.29177598903,78.19808030777845
6166.422537059196,75.43852012393211
6168.553298129361,76.08399785882152
6170.684059199527,57.28894329531955
6172.814820269692,34.782268387640315
6174.945581339858,20.082531247942683
6177.076342410023,36.87475882192133
6179.207103480189,44.58584028006333
6181.337864550354,41.64725981621127
6183.46862562052,29.350357186847198
6185.599386690686,35.49464847792457
6187.730147760851,43.45143617172249
6189.860908831017,40.12637435603995
6191.991669901182,26.551880740995628
6194.122430971348,22.574246456436747
6196.253192041513,23.193964856353162
6198.383953111679,8.852613654455764
6200.514714181844,26.152701992982085
6202.64547525201,26.082489335295755
6204.7762363221755,23.966142722830522
6206.9069973923415,30.74994140716734
6209.037758462507,40.90514323185732
6211.168519532673,44.43801421624762
6213.299280602838,39.94029940395165
6215.430041673004,29.468126319493866
6217.560802743169,30.938531537181078
6219.691563813335,46.98419208617958
6221.8223248835,49.84444626984265
6223.953085953666,34.298898597957894
6226.083847023831,18.448708213919424
6228.214608093997,14.234176711174431
6230.345369164163,6.9347412602613865
6232.476130234329,12.277822139784476
6234.606891304494,14.31074080499469
6236.73765237466,54.97044245846929
6238.868413444825,63.64746025171062
6240.999174514991,91.08707887047318
6243.129935585156,98.75356686085108
6245.260696655322,115.46026977625691
6247.391457725487,106.93772769368668
6249.522218795653,67.58905299229866
6251.652979865818,54.28322441759408
6253.7837409359845,59.19322137951043
6255.91450200615,76.45268386292514
6258.045263076316,95.46808186488208
6260.176024146481,81.94505273666974
6262.306785216647,59.56220673393116
6264.437546286812,44.55296418808026
6266.568307356978,57.738501405987925
6268.699068427143,68.21897310417029
6270.829829497309,70.44422136768507
6272.960590567474,71.15337616431731
6275.09135163764,80.84233725148366
6277.2221127078055,80.18795951856507
6279.352873777972,70.48696696002658
6281.483634848137,43.248566817482654
6283.614395918303,47.837200954477815
6285.745156988468,55.61163046873618
6287.875918058634,60.85022544643064
6290.006679128799,49.5528596987839
6292.137440198965,41.23607759741742
6294.26820126913,17.115270598369705
6296.398962339296,42.389580329520754
6298.529723409461,49.55887491480546
6300.6604844796275,50.79368925516802
6302.791245549793,65.96901157115231
6304.922006619958,56.504237268645014
6307.052767690124,49.56267819897763
6309.183528760289,37.22492388218001
6311.314289830455,30.505733718105954
6313.44505090062,18.908073590288392
6315.575811970786,15.321147981741156
6317.706573040951,28.840553076076212
6319.837334111117,37.83985507743936
6321.9680951812825,41.282906844097134
6324.0988562514485,53.18464355517047
6326.229617321614,50.66798462878946
6328.36037839178,57.379356266902086
6330.491139461945,33.241773122420135
6332.621900532111,23.155285742954685
6334.752661602276,10.760615442944372
6336.883422672442,11.802369827291022
6339.014183742607,25.988289656844408
6341.144944812773,38.686697785650836
6343.275705882938,37.865571439237065
6345.406466953104,79.85234125680294
6347.53722802327,116.62954134874099
6349.667989093436,132.3110101349427
6351.798750163601,116.18362755461686
6353.929511233767,116.42002246555192
6356.060272303932,111.55443687417178
6358.191033374098,107.50133089011105
6360.321794444263,94.45374616435693
6362.452555514429,51.917743330596856
6364.583316584594,24.587153394006695
6366.71407765476,15.900161490680569
6368.8448387249255,25.76627714937987
6370.9755997950915,53.38449168740756
6373.106360865257,82.36693921579
6375.237121935423,92.4464942132242
6377.367883005588,95.12354335374496
6379.498644075754,85.59529421381508
6381.629405145919,72.10748522005086
6383.760166216085,69.2368204631873
6385.89092728625,87.75616493557852
6388.021688356416,87.7743428988522
6390.152449426581,104.18265654621516
6392.283210496747,133.23009201447655
6394.413971566913,143.6632706752603
6396.544732637079,145.60151484866628
6398.675493707244,141.58560050834717
6400.80625477741,152.99130397824075
6402.937015847575,161.1796493151066
6405.067776917741,149.7091862304636
6407.198537987906,127.10970275198102
6409.329299058072,99.44099400517943
6411.460060128237,92.30823762768766
6413.590821198403,93.90952891701569
6415.721582268568,107.45697270948322
6417.8523433387345,81.82238688557104
6419.9831044089,87.90043284780754
6422.113865479066,91.2038389209628
6424.244626549231,76.63367534551936
6426.375387619396,64.16274470265779
6428.506148689562,86.29695067770669
6430.636909759727,85.86935758468827
6432.767670829893,97.27375982888165
6434.898431900058,101.06517196787118
6437.029192970224,96.06619881066143
6439.1599540403895,105.48767770595877
6441.2907151105555,128.1751420573325
6443.421476180721,134.2802220661581
6445.552237250887,143.46845681162807
6447.682998321052,141.5754514812116
6449.813759391218,135.81336043310088
6451.944520461383,118.85547529193886
6454.075281531549,95.9729780313549
6456.206042601714,52.648368652218394
6458.33680367188,44.91095354485492
6460.467564742045,67.4367849008171
6462.598325812211,82.3949001189234
6464.729086882377,86.61023204596296
6466.859847952543,97.77576246283529
6468.990609022708,84.94241439560322
6471.121370092874,82.75277770029828
6473.252131163039,78.12919854189032
6475.382892233205,60.09300989502192
6477.51365330337,68.098320507658
6479.644414373536,84.12217690475893
6481.775175443701,77.55738131623674
6483.905936513867,93.28957599970701
6486.0366975840325,101.8428793785909
6488.1674586541985,131.08921264281955
6490.298219724364,138.79723019586478
6492.42898079453,131.04805859161254
6494.559741864695,118.80039385883106
6496.690502934861,85.58828867894398
6498.821264005026,54.640349985549626
6500.952025075192,43.356313033095226
6503.082786145357,56.18384956805713
6505.213547215523,74.03172528812728
6507.344308285688,65.79996724686832
6509.475069355854,72.5842090903443
6511.60583042602,74.8436860119667
6513.736591496186,58.20835197064588
6515.867352566351,50.65587223632484
6517.998113636517,60.53703898758862
6520.128874706682,57.441482262029844
6522.259635776848,54.73030996000242
6524.390396847013,21.935997602063836
6526.521157917179,13.244707128648788
6528.651918987344,30.08656395654391
6530.78268005751,43.23921149438149
6532.9134411276755,40.14561864104527
6535.0442021978415,29.823645106894457
6537.174963268007,21.187723152210868
6539.305724338173,26.365456720098898
6541.436485408338,34.37759837641177
6543.567246478504,39.06599855237951
6545.698007548669,32.749357199818924
6547.828768618834,33.07067725695712
6549.959529689,51.63993107115257
6552.090290759165,60.46773345443479
6554.221051829331,57.940578335467485
6556.3518128994965,39.79293698431061
6558.482573969663,47.88371451975628
6560.613335039828,63.013575027762805
6562.744096109994,64.34381806697964
6564.874857180159,60.725695210701275
6567.005618250325,70.56998357771056
6569.13637932049,80.12303264901911
6571.267140390656,71.77660520363753
6573.397901460821,49.5766172766313
6575.528662530987,31.776736370968322
6577.659423601152,34.70318884117911
6579.7901846713185,54.75986791364532
6581.920945741484,68.7696007218569
6584.05170681165,97.04372500743153
6586.182467881815,95.96292093301913
6588.313228951981,89.14784407523167
6590.443990022146,75.80957147591455
6592.574751092312,71.8513502489148
6594.705512162477,66.78492158590947
6596.836273232643,90.15154148410325
6598.967034302808,96.57617288091893
6601.097795372974,98.54922467348521
6603.2285564431395,97.56290896195578
6605.3593175133055,101.47613744779974
6607.490078583471,97.629925008889
6609.620839653637,71.3771366303207
6611.751600723802,64.93141977727407
6613.882361793968,65.86832397515117
6616.013122864133,73.33235949519705
6618.143883934299,83.37593933479128
6620.274645004464,100.61350048159225
6622.40540607463,92.99644489576681
6624.536167144795,67.33986788054585
6626.666928214961,48.63853604033458
6628.797689285127,46.268694239848415
6630.928450355293,44.18917336416437
6633.059211425458,29.940431472842285
6635.189972495624,36.47392284648697
6637.320733565789,59.840400339224615
6639.451494635955,63.958877069137245
6641.58225570612,56.43585332665347
6643.713016776286,49.26036007915317
6645.843777846451,53.22712963207377
6647.974538916617,44.25565041412475
6650.1052999867825,29.086220521637575
6652.2360610569485,23.801104384869166
6654.366822127114,37.71902244419039
6656.49758319728,42.813794580100016
6658.628344267445,34.09235945782562
6660.759105337611,23.49099430409975
6662.889866407776,20.447316404082468
6665.020627477942,18.63430550388596
6667.151388548107,13.769844313161876
6669.282149618272,31.827486732115418
6671.412910688438,51.29443480930578
6673.5436717586035,62.602539624344026
6675.67443282877,53.9601024947873
6677.805193898935,48.897598475875576
6679.935954969101,20.261227568582324
6682.066716039266,12.431075292897464
6684.197477109432,15.586915351412259
6686.328238179597,34.52072941344766
6688.458999249763,46.799766165508615
6690.589760319928,65.02549751010048
6692.720521390094,66.65741555823311
6694.851282460259,73.13405921828569
6696.9820435304255,70.38433245448289
6699.112804600591,51.114705031102524
6701.243565670757,61.9081267543539
6703.374326740922,57.983205448121325
6705.505087811088,41.144359468856614
6707.635848881253,69.35078594500828
6709.766609951419,71.1785395882351
6711.897371021584,71.62742517476033
6714.02813209175,82.91007699842166
6716.158893161915,84.8936305388067
6718.289654232081,89.03312194851831
6720.4204153022465,89.79303603573535
6722.551176372413,89.14368769803113
6724.681937442578,67.7045214127663
6726.812698512744,40.55759299674989
6728.943459582909,53.34990386604543
6731.074220653075,52.75530362872973
6733.20498172324,66.6851409273003
6735.335742793406,83.41401487931624
6737.466503863571,115.91016152338631
6739.597264933737,147.85967318189384
6741.728026003902,155.16435068311836
6743.8587870740685,171.81698501333662
6745.989548144234,157.22089437174856
6748.1203092144,121.4051162333963
6750.251070284565,100.6785031190816
6752.381831354731,98.06336304097636
6754.512592424896,112.0900561256231
6756.643353495062,84.65385855868412
6758.774114565227,81.5810923905946
6760.904875635393,81.37702234598417
6763.035636705558,114.11825717970038
6765.166397775724,140.77108039307726
6767.2971588458895,138.0899975144778
6769.4279199160555,126.03681084921011
6771.558680986221,118.44261049199636
6773.689442056387,124.29108827805278
6775.820203126552,112.92100630074064
6777.950964196718,121.92554500233115
6780.081725266883,109.64405833430821
6782.212486337049,106.72736976240739
6784.343247407214,89.58045569415287
6786.47400847738,83.00655097220994
6788.604769547545,73.31133141728868
6790.7355306177105,60.644778148886886
6792.866291687877,81.9302343564384
6794.997052758042,78.24670524750948
6797.127813828208,60.87466897305035
6799.258574898373,50.7405024110537
6801.389335968539,65.11834023530149
6803.520097038704,82.05885849565635
6805.65085810887,84.9809392674435
6807.781619179035,98.69732921997354
6809.912380249201,94.46266790227783
6812.043141319366,66.34846828598442
6814.1739023895325,39.41158738611852
6816.304663459698,22.257275723174157
6818.435424529864,26.58037069491477
6820.566185600029,51.84195874013709
6822.696946670195,50.263524556788695
6824.82770774036,57.69828718924103
6826.958468810526,46.16410040722526
6829.089229880691,46.37919656388835
6831.219990950857,63.69844365488278
6833.350752021022,76.76980248768369
6835.481513091188,70.94962223347058
6837.6122741613535,52.506830705663766
6839.74303523152,45.93524436272239
6841.873796301685,40.44734387896552
6844.004557371851,41.76114951287032
6846.135318442016,61.105348093278494
6848.266079512182,73.83824095233939
6850.396840582347,82.62898035525882
6852.527601652513,87.7550376351307
6854.658362722678,74.93165225949713
6856.789123792844,52.209019315054014
6858.919884863009,34.36190999363443
6861.0506459331755,53.52728711647775
6863.181407003341,68.69131260204203
6865.312168073507,70.3430624280155
6867.442929143672,93.54707347099578
6869.573690213838,101.20311347295498
6871.704451284003,94.11163665924201
6873.835212354169,71.74059042148565
6875.965973424334,60.04274282437343
6878.0967344945,75.26160729314185
6880.227495564665,93.57505247320852
6882.358256634831,103.79379992966017
6884.4890177049965,107.35134872697017
6886.619778775163,98.84658134993698
6888.750539845328,91.63032597013316
6890.881300915494,87.462673931265
6893.012061985659,87.80418921335323
6895.142823055825,65.06929817886238
6897.27358412599,32.86595756689184
6899.404345196156,54.54297716382768
6901.535106266321,56.96554959716603
6903.665867336487,27.34662167981773
6905.796628406652,36.34677783678895
6907.9273894768185,59.833863111112315
6910.058150546984,59.143568713983555
6912.188911617149,31.53502084121873
6914.319672687315,22.49992035278146
6916.45043375748,17.58235566249327
6918.581194827646,27.93336679379282
6920.711955897811,43.444901167808425
6922.842716967977,77.5903012485301
6924.973478038142,93.29372387067932
6927.104239108308,98.6490605317296
6929.2350001784735,92.16806499132606
6931.3657612486395,89.24198723948517
6933.496522318805,79.53593682993379
6935.627283388971,76.13181487585166
6937.758044459136,76.13416407509592
6939.888805529302,63.270261167920225
6942.019566599467,42.05910278237499
6944.150327669633,32.74242566518091
6946.281088739798,17.587265533654282
6948.411849809964,35.55671522494077
6950.542610880129,47.57222460909759
6952.673371950295,42.22202909184667
6954.8041330204605,34.933773676142884
6956.934894090627,29.330230101110345
6959.065655160792,4.660864587462227
6961.196416230958,29.559629960163868
6963.327177301123,48.14086749162093
6965.457938371289,59.61312902965828
6967.588699441454,66.85600156025954
6969.71946051162,69.23188662078331
6971.850221581785,64.49194378740556
6973.980982651951,44.07248869819696
6976.111743722116,26.94329929874418
6978.2425047922825,14.674075833011178
6980.373265862448,27.227870386557594
6982.504026932614,61.90651008177627
6984.634788002779,79.7350013151187
6986.765549072945,80.97924751727817
6988.89631014311,68.60193548081583
6991.027071213276,57.351039720452775
6993.157832283441,55.75839627136038
6995.288593353607,48.614334841150864
6997.419354423772,16.37456041115279
6999.550115493938,2.595028025997981
7001.6808765641035,13.380509941982789
7003.81163763427,5.194861307906468
7005.942398704435,6.084204096424013
7008.073159774601,18.099753675427902
7010.203920844766,13.690292140121079
7012.334681914932,25.469322706990226
7014.465442985097,26.864839112438766
7016.596204055263,34.15970010538188
7018.726965125428,29.135442258717227
7020.857726195594,20.739516368176382
7022.988487265759,7.107605908387741
7025.1192483359255,23.80811855834507
7027.250009406091,36.09100175996909
7029.380770476257,60.15375275225058
7031.511531546422,81.09396896919853
7033.642292616587,74.9844885567038
7035.773053686753,84.41077894295786
7037.903814756918,85.31302067372793
7040.034575827084,80.51825330984725
7042.165336897249,75.43157016980926
7044.296097967415,65.59915001761213
7046.4268590375805,78.11735624266775
7048.5576201077465,68.03450796750742
7050.688381177912,64.79280171834162
7052.819142248078,59.254575242949095
7054.949903318243,68.05528130586255
7057.080664388409,87.62629072273285
7059.211425458574,86.30883099904858
7061.34218652874,80.68847044617785
7063.472947598905,73.51383401311034
7065.603708669071,47.207485991544
7067.734469739236,13.249227384597704
7069.865230809402,31.62613608134221
7071.995991879568,55.111995613877745
7074.126752949734,54.560040648231826
7076.257514019899,21.618952205571166
7078.388275090065,28.474686719237816
7080.51903616023,21.148568188891897
7082.649797230396,31.497956057632752
7084.780558300561,31.83514097701093
7086.911319370727,41.41261554613891
7089.042080440892,53.11452895977029
7091.172841511058,54.87888878928111
7093.3036025812235,58.090660285179595
7095.4343636513895,50.60687995058093
7097.565124721555,58.25336642492401
7099.695885791721,59.52257426200756
7101.826646861886,45.12724509718865
7103.957407932052,45.71274096536576
7106.088169002217,28.562850476423534
7108.218930072383,28.98097949625296
7110.349691142548,49.02568932299029
7112.480452212714,46.1249143722977
7114.611213282879,34.68349644861558
7116.741974353045,25.811086311749325
7118.8727354232105,34.09184088973721
7121.003496493377,33.738336789396776
7123.134257563542,23.75386053911658
7125.265018633708,5.370734532438076
7127.395779703873,18.67682613476411
7129.526540774039,33.593050373882186
7131.657301844204,46.54793139185305
7133.78806291437,44.62362626297722
7135.918823984535,49.7525826727114
7138.049585054701,68.46904062427336
7140.180346124866,96.56255865674801
7142.3111071950325,95.53136525051254
7144.441868265198,91.7286124366079
7146.572629335364,80.79135104340118
7148.703390405529,75.57201243269884
7150.834151475695,72.70957267798747
7152.96491254586,64.63999334565537
7155.095673616025,33.23604153996108
7157.226434686191,4.384700897223223
7159.357195756356,27.771536687564804
7161.487956826522,35.530400858607905
7163.6187178966875,38.42495449828735
7165.7494789668535,31.14665964901839
7167.880240037019,34.68019279971986
7170.011001107185,30.962611981026374
7172.14176217735,17.98951756259194
7174.272523247516,7.3742682946471625
7176.403284317681,6.162272660886841
7178.534045387847,12.30227995596299
7180.664806458012,19.7972886291045
7182.795567528178,36.500576371082545
7184.926328598343,55.54250656348997
7187.057089668509,74.21971558652898
7189.187850738675,98.8264904220822
7191.318611808841,87.44169813103157
7193.449372879006,66.9414537552124
7195.580133949172,66.2021073905712
7197.710895019337,51.27636138036324
7199.841656089503,42.977538835556885
7201.972417159668,48.99924298789967
7204.103178229834,47.109064849829466
7206.233939299999,43.0228371683546
7208.364700370165,47.115244386437105
7210.4954614403305,54.002900489500234
7212.6262225104965,44.19287139889386
7214.756983580662,35.27299477819905
7216.887744650828,44.30328946202844
7219.018505720993,43.63328030648226
7221.149266791159,28.17064183599016
7223.280027861324,4.239527704752359
7225.41078893149,26.108991507216707
7227.541550001655,42.07765968387233
7229.672311071821,30.974465428135822
7231.803072141986,17.107301277586703
7233.933833212152,26.74267947613072
7236.064594282318,32.184569562481606
7238.195355352484,37.46048132031398
7240.326116422649,54.72133089252273
7242.456877492815,57.722120776985456
7244.58763856298,36.28043881664501
7246.718399633146,25.723111974309223
7248.849160703311,36.258871226338634
7250.979921773477,30.445949642728074
7253.110682843642,10.741997871752293
7255.241443913808,20.39140891869915
7257.3722049839735,13.000623401410149
7259.5029660541395,8.382337563100288
7261.633727124305,18.29830362373727
7263.764488194471,24.392759085559703
7265.895249264636,24.91705430181381
7268.026010334802,16.154399902038868
7270.156771404967,23.5829356200263
7272.287532475133,38.05039783377514
7274.418293545298,38.21434598611959
7276.549054615463,17.01575104193876
7278.679815685629,13.634068566913813
7280.8105767557945,23.451261896673206
7282.9413378259605,10.460096982933042
7285.072098896126,17.70897855311699
7287.202859966292,9.318272777124854
7289.333621036457,20.58780747191914
7291.464382106623,38.254698224887555
7293.595143176788,35.88702424319092
7295.725904246954,24.54275442908586
7297.856665317119,26.855033494045006
7299.987426387285,17.257518704006667
7302.11818745745,5.26778546100602
7304.248948527616,20.13126909063162
7306.379709597782,20.106800630435952
7308.510470667948,22.93382506377105
7310.641231738113,19.381978612608233
7312.771992808279,16.33757466685971
7314.902753878444,17.30803999821565
7317.03351494861,21.300820533311686
7319.164276018775,25.637212374799983
7321.295037088941,33.727149059222505
7323.425798159106,28.045220809511324
7325.556559229272,37.84688467350896
7327.6873202994375,42.107525666884904
7329.8180813696035,31.676444585919377
7331.948842439769,8.760973948881162
7334.079603509935,22.879440005205744
7336.2103645801,34.87362335672774
7338.341125650266,21.9226192551518
7340.471886720431,29.318951369215032
7342.602647790597,67.94603284483246
7344.733408860762,84.1697891519972
7346.864169930928,79.02934712457262
7348.994931001093,68.69498506939266
7351.125692071259,54.06323861737189
7353.256453141425,42.59084579749136
7355.387214211591,38.02486173269505
7357.517975281756,48.97083151282231
7359.648736351922,59.30455437487895
7361.779497422087,76.59142760875918
7363.910258492253,84.65415141731035
7366.041019562418,93.1008385430902
7368.171780632584,70.89908820945061
7370.302541702749,69.65003668964279
7372.433302772915,64.58396748190081
7374.5640638430805,63.45268415890831
7376.6948249132465,51.615620156871195
7378.825585983412,32.96075781971875
7380.956347053578,40.2012113962628
7383.087108123743,31.958985155406612
7385.217869193909,39.05933354003679
7387.348630264074,49.901589263598986
7389.47939133424,54.129495414560566
7391.610152404405,59.373020629933436
7393.740913474571,54.77719681792488
7395.871674544736,60.31347088702697
7398.0024356149015,49.51728129581828
7400.133196685068,39.173315345719054
7402.263957755233,29.486254406782525
7404.394718825399,9.533986956230985
7406.525479895564,28.17707452968614
7408.65624096573,49.94366343823392
7410.787002035895,58.594969627701296
7412.917763106061,66.4253895535524
7415.048524176226,67.18774111004788
7417.179285246392,81.92022057070791
7419.310046316557,85.36990456351319
7421.4408073867235,82.84043936438914
7423.571568456889,64.52887801441456
7425.702329527055,54.035593184606924
7427.83309059722,58.301317397390726
7429.963851667386,74.37635194545375
7432.094612737551,85.78193107120832
7434.225373807717,103.11494189548664
7436.356134877882,103.48214296528649
7438.486895948048,92.6945662404747
7440.617657018213,70.66108713060721
7442.748418088379,38.24994225374758
7444.8791791585445,24.880885710962662
7447.009940228711,22.609447843263162
7449.140701298876,7.562700735730716
7451.271462369042,16.841905239713547
7453.402223439207,31.37928701088862
7455.532984509373,41.81076237357613
7457.663745579538,33.667864151524505
7459.794506649704,23.276446058491924
7461.925267719869,15.99787744327218
7464.056028790035,12.431359704575236
7466.1867898602,18.01262341209575
7468.317550930366,28.85286504151944
7470.448312000532,44.18433762958624
7472.579073070698,43.8592811704078
7474.709834140863,28.408135093272293
7476.840595211029,31.866177784818312
7478.971356281194,42.71822146035263
7481.10211735136,54.961449622386034
7483.232878421525,50.45825715797248
7485.363639491691,45.27359599639735
7487.494400561856,63.826460646802374
7489.625161632022,70.60300640587761
7491.7559227021875,87.07497116152828
7493.8866837723535,72.88858735574843
7496.017444842519,63.719488697097525
7498.148205912685,53.90732608946336
7500.27896698285,51.70408096774279
7502.409728053016,32.08918320957848
7504.540489123181,38.66695717621986
7506.671250193347,54.93406937218001
7508.802011263512,54.05543148610877
7510.932772333678,52.747672775096206
7513.063533403843,75.42302642767312
7515.194294474009,76.01448491328601
7517.325055544175,63.40424107932698
7519.45581661434,61.85755235823745
7521.586577684506,55.50037925378554
7523.717338754671,51.44708844689548
7525.848099824837,59.82767694167486
7527.978860895002,44.098252170895904
7530.109621965168,35.36526184910628
7532.240383035333,25.370372806659848
7534.371144105499,16.34708693058933
7536.501905175664,19.801900927561977
7538.6326662458305,27.344823937706753
7540.763427315996,16.938200212116175
7542.894188386162,13.675114942944465
7545.024949456327,27.017189135447747
7547.155710526493,16.323406470181286
7549.286471596658,16.073396482154088
7551.417232666824,29.659856496281066
7553.547993736989,41.1446835872583
7555.678754807155,55.26913389814321
7557.80951587732,61.64607380231444
7559.940276947486,66.48525571147485
7562.0710380176515,71.73428038186287
7564.201799087818,68.60938843651284
7566.332560157983,51.2564354691613
7568.463321228149,49.52226464954186
7570.594082298314,53.809453218538955
7572.72484336848,58.384499852819125
7574.855604438645,53.36755509538525
7576.986365508811,40.621943349869596
7579.117126578976,23.940077965604672
7581.247887649142,14.015109268737039
7583.378648719307,26.960865091224637
7585.5094097894735,23.719631050165972
7587.640170859639,41.81406231194147
7589.770931929805,64.01818796725397
7591.90169299997,71.14819024779376
7594.032454070136,77.33861130993894
7596.163215140301,54.9486070111562
7598.293976210467,53.483702971603414
7600.424737280632,44.81481734686931
7602.555498350798,51.60713345011669
7604.686259420963,43.28035123678697
7606.817020491129,32.805602384763205
7608.9477815612945,44.073026918229466
7611.078542631461,39.472333502300465
7613.209303701626,20.999391344257635
7615.340064771792,16.268222913591202
7617.470825841957,19.735941020051133
7619.601586912123,10.201810089414519
7621.732347982288,15.215314607601135
7623.863109052454,46.867618406290205
7625.993870122619,55.188929749070454
7628.124631192785,74.60960698363282
7630.25539226295,74.31347327666509
7632.386153333116,66.57163683231849
7634.516914403282,47.289115503662174
7636.647675473447,56.12966531573833
7638.778436543613,48.37864019839473
7640.909197613778,31.334905893857083
7643.039958683944,35.28326900446292
7645.170719754109,59.14666008597143
7647.301480824275,66.36365133104616
7649.43224189444,53.67563136953765
7651.563002964606,55.12328847799243
7653.693764034771,95.92800916842296
7655.8245251049375,105.65764481767117
7657.955286175103,102.42043225981222
7660.086047245269,84.77732563953836
7662.216808315434,52.952434901341014
7664.3475693856,27.528217190818367
7666.478330455765,12.312268503153488
7668.609091525931,14.128989466983509
7670.739852596096,32.85675174812037
7672.870613666262,41.88351389810901
7675.001374736427,45.108474293854115
7677.132135806593,43.73568636953731
7679.2628968767585,45.54363043143602
7681.393657946925,36.242322944747166
7683.52441901709,53.89431756433344
7685.655180087256,39.79932935959479
7687.785941157421,32.74794654476432
7689.916702227587,32.56976344917366
7692.047463297752,34.00517568336791
7694.178224367918,44.478000848264934
7696.308985438083,59.15593578321928
7698.439746508249,71.90681527949985
7700.570507578414,83.37541092643094
7702.7012686485805,93.93724934709212
7704.832029718746,79.01615963804093
7706.962790788912,72.82163849036259
7709.093551859077,70.82606522134662
7711.224312929243,71.30216852729714
7713.355073999408,58.72843435069224
7715.485835069574,71.72938343992706
7717.616596139739,97.65687221978975
7719.747357209905,112.63183126024227
7721.87811828007,103.97527335156391
7724.008879350236,89.46857898074288
7726.1396404204015,76.61158657686867
7728.270401490568,72.44823848812433
7730.401162560733,72.25878236137424
7732.531923630899,85.61519204640874
7734.662684701064,78.09081952007897
7736.79344577123,116.80541289357069
7738.924206841395,150.60655978666668
7741.054967911561,159.79823155667583
7743.185728981726,140.45235108308694
7745.316490051892,132.114720170489
7747.447251122057,117.98945076910877
7749.5780121922235,107.26469701568044
7751.708773262389,91.19386706272692
7753.839534332555,54.36646991497354
7755.97029540272,69.0577862411177
7758.101056472885,81.87302099482329
7760.231817543051,99.70184696223924
7762.362578613216,113.57847706542867
7764.493339683382,130.7989320854976
7766.624100753547,122.43733568589805
7768.754861823713,113.5031340428535
7770.8856228938785,96.36422637915508
7773.0163839640445,68.75587279861413
7775.14714503421,45.283009666138966
7777.277906104376,24.81007663396335
7779.408667174541,54.61878566501198
7781.539428244707,70.45609859225173
7783.670189314872,83.41225743364997
7785.800950385038,66.89022086850315
7787.931711455203,51.58679858700168
7790.062472525369,62.39956689617786
7792.193233595534,82.31639519584405
7794.3239946657,100.28723682080643
7796.454755735866,106.53061299382529
7798.585516806032,114.68454015191824
7800.716277876197,117.98535045348093
7802.847038946363,148.80807569625236
7804.977800016528,143.36426075141364
7807.108561086694,137.9946198041139
7809.239322156859,135.47243050077986
7811.370083227025,161.53197024998892
7813.50084429719,159.6981899489349
7815.631605367356,161.04770471886292
7817.762366437521,146.7663242280193
7819.8931275076875,129.15059817890852
7822.023888577853,113.44413662102484
7824.154649648019,118.8902217790395
7826.285410718184,118.62634709808768
7828.41617178835,106.5227580936817
7830.546932858515,81.37837812570051
7832.677693928681,59.057219809724316
7834.808454998846,52.59185997102361
7836.939216069012,56.25227790838765
7839.069977139177,78.6331971512175
7841.200738209343,81.04079030359551
7843.3314992795085,82.63319147660303
7845.462260349675,97.26672657672216
7847.59302141984,104.69936728947313
7849.723782490006,111.5893040000677
7851.854543560171,111.23223835278493
7853.985304630337,100.57669402937285
7856.116065700502,74.64313772808103
7858.246826770668,96.6059304084431
7860.377587840833,99.6253001275233
7862.508348910999,86.88220533054135
7864.639109981164,83.62653139896331
7866.7698710513305,109.03055828075856
7868.900632121496,137.12539747809146
7871.031393191662,130.50159529960024
7873.162154261827,110.96375410236084
7875.292915331993,108.57999400416377
7877.423676402158,135.02896861599964
7879.554437472323,149.07323862384976
7881.685198542489,156.44898459722504
7883.815959612654,155.7687929148777
7885.94672068282,140.77591762716568
7888.0774817529855,118.29726538794206
7890.2082428231515,112.693979663805
7892.339003893317,96.50617483535933
7894.469764963483,62.45456013266348
7896.600526033648,58.94970167474577
7898.731287103814,98.10073304593034
7900.862048173979,129.1483543069628
7902.992809244145,126.68452824961076
7905.12357031431,104.04794473157384
7907.254331384476,78.99455162382175
7909.385092454641,58.189227494638196
7911.515853524807,55.970903023837224
7913.646614594973,71.74977555249183
7915.777375665139,71.56269276931968
7917.908136735304,64.57449506963074
7920.03889780547,73.50834561704441
7922.169658875635,80.73809336015789
7924.300419945801,83.26619832569942
7926.431181015966,76.2241722583459
7928.561942086132,67.46233473320623
7930.692703156297,53.17642319218501
7932.823464226463,39.75132087401863
7934.9542252966285,30.14519353747719
7937.0849863667945,39.19615335261908
7939.21574743696,61.861091871404426
7941.346508507126,68.85609691634356
7943.477269577291,83.05203061707319
7945.608030647457,83.00866631882268
7947.738791717622,80.56387894574956
7949.869552787788,70.54626230204279
7952.000313857953,43.06881562418434
7954.131074928119,24.438290532762874
7956.261835998284,25.47813151598586
7958.39259706845,41.881784471332246
7960.523358138616,41.477189987138274
7962.654119208782,53.607969950958676
7964.784880278947,72.88505419460307
7966.915641349113,82.01813445379223
7969.046402419278,79.66027106324132
7971.177163489444,75.3717878021408
7973.307924559609,46.05720577472533
7975.438685629775,54.26581225216151
7977.56944669994,43.73272783012457
7979.700207770106,42.02654547068502
7981.830968840271,52.40741177561525
7983.9617299104375,70.13609200330148
7986.092490980603,82.03576359934527
7988.223252050769,81.96144355266776
7990.354013120934,63.6550528603306
7992.4847741911,38.87387145848848
7994.615535261265,28.152566657592036
7996.746296331431,25.244967672840836
7998.877057401596,38.061121902176836
8001.007818471761,38.60519619255597
8003.138579541927,40.29405783150092
8005.2693406120925,40.443455346253415
8007.4001016822585,73.2749437812288
8009.530862752424,95.63257418776823
8011.66162382259,102.36005754068916
8013.792384892755,89.16017436540984
8015.923145962921,66.93689161224215
8018.053907033086,58.60956253292966
8020.184668103252,63.569919496935555
8022.315429173417,52.91654102198912
8024.446190243583,26.78703107953136
8026.576951313748,1.5642414853845756
8028.707712383914,1.5398557507785653
8030.83847345408,6.628716947851748
8032.969234524246,8.940519840902759
8035.099995594411,15.793869102927315
8037.230756664577,13.299850506231786
8039.361517734742,11.042141773180015
8041.492278804908,21.30034533065384
8043.623039875073,36.657005642479966
8045.753800945239,36.86438325638809
8047.884562015404,32.72323826478461
8050.01532308557,21.053243139488004
8052.1460841557355,19.800317983352926
8054.2768452259015,16.415376079031876
8056.407606296067,15.874011635812003
8058.538367366233,35.41176624444534
8060.669128436398,36.27459813493572
8062.799889506564,46.72718357424494
8064.930650576729,44.99713533468029
8067.061411646895,26.023544832740818
8069.19217271706,5.1928233091374905
8071.322933787226,33.037586730477045
8073.453694857391,48.74747061721507
8075.584455927557,63.340707914872155
8077.715216997723,62.11586865804864
8079.845978067889,52.49336263213897
8081.976739138054,65.64865330280125
8084.10750020822,69.31301316702286
8086.238261278385,78.18279062687222
8088.369022348551,76.86515979406518
8090.499783418716,49.4233078189091
8092.630544488882,23.913706781334316
8094.761305559047,3.058483484955366
8096.892066629213,12.061362705459048
8099.0228276993785,12.254782437250658
8101.1535887695445,19.586690744132692
8103.28434983971,19.557392487911926
8105.415110909876,22.262582417862998
8107.545871980041,21.798514073697316
8109.676633050207,29.71071585148667
8111.807394120372,37.946480428466515
8113.938155190538,45.93270244647248
8116.068916260703,53.12149761069933
8118.199677330869,63.83442895924618
8120.330438401034,71.32809283806559
8122.4611994711995,77.85755732823978
8124.591960541366,77.94879809459977
8126.722721611531,74.87415982250675
8128.853482681697,50.08685066378354
8130.984243751862,27.470006800413614
8133.115004822028,28.323131025906985
8135.245765892193,57.734064986146166
8137.376526962359,39.46691772842569
8139.507288032524,17.694334700838823
8141.63804910269,17.177717724034622
8143.768810172855,34.80334987775019
8145.8995712430215,49.21221329758618
8148.030332313187,56.0840705893873
8150.161093383353,42.05486718795097
8152.291854453518,59.335651965695945
8154.422615523684,64.0219211551956
8156.553376593849,55.48718154158154
8158.684137664015,36.817218057300444
8160.81489873418,13.907488424322615
8162.945659804346,29.101427687382216
8165.076420874511,47.0396374660477
8167.207181944677,53.40871683088326
8169.3379430148425,43.58668362115919
8171.4687040850085,34.01798742536675
8173.599465155174,57.48747294349914
8175.73022622534,72.70134892613162
8177.860987295505,87.28910530410825
8179.991748365671,88.78031478823323
8182.122509435836,90.94440462095753
8184.253270506002,81.5036867192254
8186.384031576167,81.68118888723592
8188.514792646333,57.56674563738371
8190.645553716498,52.140672752218975
8192.776314786664,36.06440523648571
8194.90707585683,21.884284874637842
8197.037836926995,19.85091819779269
8199.16859799716,9.569170353049618
8201.299359067327,16.927424657466027
8203.430120137493,10.454455535666021
8205.560881207657,10.86857090452588
8207.691642277823,24.940650895001173
8209.82240334799,41.7073354759163
8211.953164418155,63.85533840776991
8214.08392548832,78.54034604597578
8216.214686558485,71.31519702787809
8218.345447628652,64.33994494572151
8220.476208698818,58.20346277567253
8222.606969768982,60.89881415930996
8224.737730839148,47.1611558441405
8226.868491909314,38.79403091880046
8228.99925297948,47.35201423366213
8231.130014049644,63.60484053240953
8233.26077511981,74.19476544688442
8235.391536189976,59.51328391861952
8237.522297260142,39.203839717102895
8239.653058330307,16.979951919848713
8241.783819400473,12.789994030564895
8243.914580470639,41.37604330611189
8246.045341540803,60.948009369452116
8248.176102610969,86.31425998405051
8250.306863681135,102.0551824565145
8252.437624751301,103.9478839291296
8254.568385821465,100.97293343405404
8256.699146891631,103.06219125704717
8258.829907961797,86.87581027724514
8260.960669031963,43.71848208683283
8263.091430102128,27.967657958948255
8265.222191172294,51.02636411815428
8267.35295224246,74.17063005056676
8269.483713312626,84.35875123133357
8271.61447438279,83.96832846932601
8273.745235452956,80.02911724473549
8275.875996523122,74.34384819951815
8278.006757593288,59.92053574127398
8280.137518663452,38.301031659068244
8282.268279733618,21.453006901178263
8284.399040803784,45.77319271130271
8286.52980187395,72.11013379927397
8288.660562944115,99.82921026600245
8290.79132401428,104.44146537091596
8292.922085084447,99.32558671934756
8295.052846154613,73.63793871248114
8297.183607224777,54.806016479464496
8299.314368294943,59.22375862032321
8301.44512936511,47.25650894698139
8303.575890435275,56.604848233956645
8305.70665150544,66.80661828968911
8307.837412575605,57.2416131052308
8309.968173645771,72.54239332297418
8312.098934715938,71.34617444430786
8314.229695786102,59.475266567982594
8316.360456856268,44.941321850385286
8318.491217926434,32.50622058575674
8320.6219789966,27.502443184038615
8322.752740066764,26.672230501404446
8324.88350113693,36.92269552471708
8327.014262207096,51.08301210715401
8329.145023277262,52.9645860189728
8331.275784347426,56.59042453997717
8333.406545417592,56.796323624876464
8335.537306487759,56.51089658410694
8337.668067557925,49.58417721852927
8339.798828628089,42.51193628943732
8341.929589698255,42.50385753184744
8344.06035076842,39.85908030415127
8346.191111838587,33.249704241967656
8348.321872908751,32.26087050126652
8350.452633978917,37.61521888213658
8352.583395049083,41.5032108323163
8354.71415611925,39.58724864999306
8356.844917189414,17.968283011263857
8358.97567825958,12.622562080429084
8361.106439329746,39.42522250233313
8363.237200399912,41.06336078185749
8365.367961470076,32.538497979718336
8367.498722540242,2.9634735986393066
8369.629483610408,13.91081228581684
8371.760244680572,24.322691620315894
8373.891005750738,15.030064416841022
8376.021766820904,15.89066334913985
8378.15252789107,23.556662171938452
8380.283288961235,48.99861068464502
8382.4140500314,55.305164056533044
8384.544811101567,54.89813928328488
8386.675572171733,33.76048556971366
8388.806333241897,17.929641053433855
8390.937094312063,19.633990785026274
8393.067855382229,31.405651838537697
8395.198616452395,16.80373768646325
8397.32937752256,22.434022725958027
8399.460138592725,21.433772103836112
8401.590899662891,27.88371146326659
8403.721660733057,32.14401297084013
8405.852421803222,28.228500384398465
8407.983182873388,5.850504023745149
8410.113943943554,15.677388440520765
8412.24470501372,10.662407757051449
8414.375466083884,12.0502987886068
8416.50622715405,10.36460920088598
8418.636988224216,25.51725088460996
8420.767749294382,32.604809296946016
8422.898510364546,34.71299526058551
8425.029271434712,42.02511143947241
8427.160032504878,51.469672620512554
8429.290793575045,47.85560935501808
8431.421554645209,40.34109989675625
8433.552315715375,23.326686167437455
8435.68307678554,40.15769710307983
8437.813837855707,59.459616493047676
8439.944598925871,56.59751206757849
8442.075359996037,37.66386682046484
8444.206121066203,37.583720590733286
8446.33688213637,42.348231721121024
8448.467643206533,52.2015265803467
8450.5984042767,50.05113621385633
8452.729165346866,32.72490162739815
8454.859926417032,25.399332035129728
8456.990687487196,41.210134929833984
8459.121448557362,46.81288314079546
8461.252209627528,53.55829672251323
8463.382970697694,50.98023700223973
8465.513731767858,41.67994125090564
8467.644492838024,32.23134953811105
8469.77525390819,10.058690538896188
8471.906014978356,28.405523391248344
8474.03677604852,46.874302238338
8476.167537118687,61.99470620046517
8478.298298188853,66.2231669424105
8480.429059259019,73.52129781614484
8482.559820329183,62.54458793436273
8484.690581399349,40.79182605839987
8486.821342469515,45.42605513251876
8488.95210353968,78.95526038156859
8491.082864609845,89.91449097032336
8493.213625680011,84.87385336552808
8495.344386750177,69.23742444767971
8497.475147820342,35.551090304454775
8499.605908890508,16.320462726346996
8501.736669960674,1.3797255363033873
8503.86743103084,21.43337359894919
8505.998192101004,51.7813440091561
8508.12895317117,76.23470372032035
8510.259714241336,96.38491516599001
8512.390475311502,111.67695448166566
8514.521236381666,97.88351117717492
8516.651997451832,94.20839864139413
8518.782758521998,83.74584870848481
8520.913519592164,68.87654516705804
8523.044280662329,67.79968338351439
8525.175041732495,71.91672031041284
8527.30580280266,75.34240130533011
8529.436563872827,71.75990734425594
8531.567324942991,76.42985065731689
8533.698086013157,62.685869671963886
8535.828847083323,48.63200990408367
8537.95960815349,31.19978227955294
8540.090369223653,11.910030857380873
8542.22113029382,11.241494897429305
8544.351891363985,23.537828536559275
8546.482652434152,48.31482892293379
8548.613413504316,63.22178857894598
8550.744174574482,75.72300036178483
8552.874935644648,72.81160838713832
8555.005696714814,44.61914130591006
8557.136457784978,36.70941442873738
8559.267218855144,30.833355024177525
8561.39797992531,25.384400468302577
8563.528740995476,21.313810029240518
8565.65950206564,17.066205052561124
8567.790263135807,24.988515465053506
8569.921024205973,36.546353503762234
8572.051785276139,35.591334932255776
8574.182546346303,24.89764928737299
8576.313307416469,20.821615122716686
8578.444068486635,27.210240913569415
8580.574829556801,20.246720086059998
8582.705590626965,9.394278526033345
8584.836351697131,24.94508439849582
8586.967112767297,35.30576565388018
8589.097873837463,34.97303647086919
8591.228634907628,40.505629120740196
8593.359395977794,35.91490043276024
8595.49015704796,27.157765044750796
8597.620918118126,37.55768078855389
8599.75167918829,35.864955164460994
8601.882440258456,46.356854744380115
8604.013201328622,34.09263464343716
8606.143962398788,43.82919146104779
8608.274723468952,37.59950099171802
8610.405484539118,23.93728606823266
8612.536245609284,25.327838838902142
8614.667006679449,36.98609556698506
8616.797767749615,36.44708996247397
8618.92852881978,47.55125726892866
8621.059289889947,51.52983795188797
8623.190050960111,44.80567798405762
8625.320812030277,30.69607129107375
8627.451573100443,15.886673662829468
8629.58233417061,37.38681028758771
8631.713095240773,56.763324495490544
8633.84385631094,50.807108012750824
8635.974617381105,52.95116421083281
8638.105378451271,41.292004625623946
8640.236139521436,23.905903472078695
8642.366900591602,7.539822544746126
8644.497661661768,5.755815577550098
8646.628422731934,10.230463188014639
8648.759183802098,11.566170026266523
8650.889944872264,8.867670891104774
8653.02070594243,9.467480630993748
8655.151467012596,10.177650611783351
8657.28222808276,6.084752643598229
8659.412989152926,5.810446093368284
8661.543750223093,11.693682579333483
8663.674511293259,8.00036726179088
8665.805272363423,9.100161400226229
8667.936033433589,13.45346623337884
8670.066794503755,19.055350942521965
8672.19755557392,19.195585830769343
8674.328316644085,28.711112994188685
8676.459077714251,39.78063145589212
8678.589838784417,40.00745603848993
8680.720599854583,24.28384449723965
8682.851360924747,20.022926971919265
8684.982121994914,12.78497707317315
8687.11288306508,18.320167158016464
8689.243644135246,30.79331473744048
8691.37440520541,45.75786220253219
8693.505166275576,41.124424128731064
8695.635927345742,39.771601782423716
8697.766688415908,51.648563631683004
8699.897449486072,60.106748318899854
8702.028210556238,61.97893676909947
8704.158971626404,68.54445567482242
8706.28973269657,61.98574099116396
8708.420493766735,46.99640738297573
8710.5512548369,27.021636753834134
8712.682015907067,3.989227262903557
8714.812776977233,16.69909611011509
8716.943538047397,23.791059008664647
8719.074299117563,21.827833682348224
8721.205060187729,22.77093006654655
8723.335821257895,22.917569980318643
8725.46658232806,34.614385202388114
8727.597343398225,30.139148510003015
8729.728104468391,27.10046322006589
8731.858865538556,18.537539588326222
8733.989626608722,26.665641766767692
8736.120387678888,26.218100367813335
8738.251148749054,39.19118357786967
8740.381909819218,44.17388854797305
8742.512670889384,48.92277208915855
8744.64343195955,60.27168965757275
8746.774193029716,57.31142784987018
8748.90495409988,57.825430279061095
8751.035715170046,52.37239796930639
8753.166476240212,29.345851423656843
8755.297237310378,29.56090133666613
8757.427998380543,25.142767850910904
8759.558759450709,23.011953292666007
8761.689520520875,16.336722445267213
8763.82028159104,21.124231398667757
8765.951042661205,32.29256712497308
8768.081803731371,21.25607804771331
8770.212564801537,31.950275759424564
8772.343325871703,32.68870888606472
8774.474086941867,43.80176187487112
8776.604848012033,49.16279536728993
8778.7356090822,46.730092441305715
8780.866370152366,33.57459080960925
8782.99713122253,20.20330138559816
8785.127892292696,25.405113412250564
8787.258653362862,21.816764266560615
8789.389414433028,22.555717225025806
8791.520175503192,16.14148527202941
8793.650936573358,25.214080261954912
8795.781697643524,22.757827578877926
8797.91245871369,28.905437391714177
8800.043219783855,36.754687723810065
8802.17398085402,41.335648094298485
8804.304741924187,40.84500572176057
8806.435502994353,46.390616300767654
8808.566264064517,44.962246646952934
8810.697025134683,47.81475282822755
8812.827786204849,48.70465538246051
8814.958547275015,56.507374021296734
8817.08930834518,58.21323810980238
8819.220069415345,49.2878810564007
8821.350830485511,50.17247151297167
8823.481591555677,32.55120799118846
8825.612352625842,29.902610589562933
8827.743113696008,47.83345396677847
8829.873874766174,59.30630820341132
8832.00463583634,63.754038970947505
8834.135396906504,55.08902086431492
8836.26615797667,44.33001986983733
8838.396919046836,39.272116605535324
8840.527680117002,33.40262262156405
8842.658441187166,35.64405761904202
8844.789202257332,37.70496226259529
8846.919963327498,31.00196137328054
8849.050724397663,21.296078865645132
8851.181485467829,12.644052127431385
8853.312246537995,2.6535878475594887
8855.44300760816,5.773258756568875
8857.573768678325,11.727020707853644
8859.704529748491,19.601179274723943
8861.835290818657,16.526008436403572
8863.966051888823,19.385761113339292
8866.096812958987,17.24191106713096
8868.227574029153,25.778360843839323
8870.35833509932,28.06161759142231
8872.489096169485,28.39870438607054
8874.61985723965,25.22830762584204
8876.750618309816,25.6538577240664
8878.881379379982,25.32070572872761
8881.012140450148,30.526706977182155
8883.142901520312,32.08583566838955
8885.273662590478,26.078650044000067
8887.404423660644,17.688201258446654
8889.53518473081,19.211671373689157
8891.665945800974,29.642611436388943
8893.79670687114,42.248466919400215
8895.927467941307,30.806307690230952
8898.058229011473,18.68058567712143
8900.188990081637,13.759201162548734
8902.319751151803,31.439257951591063
8904.450512221969,43.34799880107823
8906.581273292135,27.70647503819046
8908.7120343623,20.010865152358242
8910.842795432465,7.9199243622823925
8912.973556502631,13.908125671380171
8915.104317572797,20.700829589252596
8917.235078642962,32.09014392335266
8919.365839713128,20.39627364999351
8921.496600783294,8.03911939227347
8923.62736185346,22.35021723744943
8925.758122923624,35.304324996815964
8927.88888399379,42.93111407406381
8930.019645063956,50.042118358660055
8932.150406134122,61.65387980393138
8934.281167204286,49.56099317250601
8936.411928274452,67.16572574909307
8938.542689344618,57.33357701580285
8940.673450414784,41.1920522847841
8942.804211484949,20.21936719093795
8944.934972555115,7.138437198096684
8947.06573362528,14.129331442789864
8949.196494695447,19.23421916538568
8951.327255765611,11.867530300639075
8953.458016835777,9.355117569468085
8955.588777905943,28.01664779634537
8957.71953897611,38.85158942890038
8959.850300046273,43.95118691918865
8961.98106111644,29.87307041414564
8964.111822186605,19.37482765553192
8966.242583256771,20.79414506930321
8968.373344326936,31.012679781015
8970.504105397102,37.857114239235145
8972.634866467268,57.907123476218295
8974.765627537432,70.03028015228936
8976.896388607598,56.651919614420706
8979.027149677764,42.66858229443169
8981.15791074793,25.752447493399995
8983.288671818094,26.071211207930038
8985.41943288826,37.630268905916026
8987.550193958426,52.39624876393092
8989.680955028593,66.44936052840438
8991.811716098757,80.91407351367845
8993.942477168923,83.0385335347077
8996.073238239089,82.13358705678088
8998.203999309255,70.27408176066916
9000.33476037942,62.11530815639933
9002.465521449585,62.797870855848046
9004.596282519751,56.45266959132574
9006.727043589917,45.474094624812246
9008.857804660081,35.6132498846067
9010.988565730248,19.10869730528383
9013.119326800414,35.738169314088154
9015.25008787058,51.742434674329466
9017.380848940744,49.48698200344013
9019.51161001091,57.42053441566787
9021.642371081076,60.647853308318474
9023.773132151242,49.249263341941294
9025.903893221406,24.92579221067957
9028.034654291572,16.173319656899636
9030.165415361738,12.209911585228355
9032.296176431904,22.04921506929592
9034.426937502069,35.46253291272407
9036.557698572235,47.72319350842858
9038.6884596424,39.92758779532606
9040.819220712567,46.34196939835337
9042.94998178273,36.08391598111863
9045.080742852897,26.16319016610048
9047.211503923063,7.271027426586582
9049.342264993229,8.554908743059162
9051.473026063393,22.679421049805843
9053.60378713356,31.761888411163547
9055.734548203725,47.008920788569604
9057.865309273891,49.31893716241947
9059.996070344056,24.514173330389696
9062.126831414222,15.723718211934093
9064.257592484388,43.23756203016029
9066.388353554554,51.383413220902014
9068.519114624718,47.66131028940357
9070.649875694884,53.154141884605515
9072.78063676505,59.22279412554263
9074.911397835216,39.968149799831714
9077.04215890538,40.557343103646055
9079.172919975546,30.28452005274754
9081.303681045712,17.93720625976592
9083.434442115878,16.996046973653133
9085.565203186043,29.212193815362102
9087.695964256209,31.588388898925498
9089.826725326375,37.553103087298275
9091.957486396539,43.44349904529644
9094.088247466705,44.75082050579358
9096.219008536871,41.753505287318035
9098.349769607037,28.91532199927206
9100.480530677201,14.265928812515085
9102.611291747367,30.207533685085057
9104.742052817533,37.78011777004465
9106.8728138877,51.07832808741214
9109.003574957864,65.3436417570788
9111.13433602803,67.94378565485974
9113.265097098196,68.47349703715805
9115.395858168362,78.84135956850524
9117.526619238526,74.92360042417144
9119.657380308692,67.25912878880919
9121.788141378858,53.96110350718911
9123.918902449024,53.15092183935447
9126.049663519188,50.09628138210699
9128.180424589355,44.430892470804544
9130.31118565952,41.5316966134412
9132.441946729687,51.337456019877735
9134.57270779985,54.609326262922856
9136.703468870017,49.031470575005436
9138.834229940183,39.841183055450585
9140.964991010349,29.426105305022503
9143.095752080513,28.59163911783743
9145.22651315068,34.4146758747576
9147.357274220845,35.405014076435556
9149.488035291011,41.35465320942661
9151.618796361176,42.381816350909816
9153.749557431342,48.09130213680135
9155.880318501508,50.55720930278965
9158.011079571674,48.26190896814473
9160.141840641838,39.932284479889944
9162.272601712004,34.10980294627123
9164.40336278217,35.199104942701375
9166.534123852336,39.866188232442916
9168.6648849225,51.385465686461906
9170.795645992666,50.388543620529
9172.926407062832,49.53378676483855
9175.057168132998,31.349653371542857
9177.187929203163,19.734760755029207
9179.318690273329,18.060800174137256
9181.449451343495,17.304146779129272
9183.58021241366,4.7933923390035424
9185.710973483825,4.679720413528025
9187.841734553991,17.291735273684317
9189.972495624157,13.17193658646936
9192.103256694323,8.947896215826386
9194.234017764487,28.094883042041996
9196.364778834653,41.30137817237715
9198.49553990482,54.44153041891436
9200.626300974985,63.8965149115148
9202.75706204515,64.15469790478849
9204.887823115316,50.44264552499511
9207.018584185482,23.138066868016143
9209.149345255648,12.567526899794114
9211.280106325812,29.75947273246907
9213.410867395978,33.01665962474826
9215.541628466144,38.13668557454721
9217.672389536308,33.751591699022036
9219.803150606474,28.470566425850834
9221.93391167664,27.452007588368808
9224.064672746807,31.523656007979227
9226.19543381697,31.048442322742865
9228.326194887137,41.94982438015639
9230.456955957303,53.901348856007004
9232.587717027469,66.4232148018974
9234.718478097633,68.28678490907764
9236.8492391678,61.373061325456824
9238.980000237965,55.87880401467171
9241.110761308131,48.03769449332279
9243.241522378295,46.35566370453068
9245.372283448462,45.58771795698481
9247.503044518628,31.341030209258044
9249.633805588794,40.23637810809589
9251.764566658958,53.38908796287992
9253.895327729124,47.99505922653862
9256.02608879929,37.21569644310976
9258.156849869456,35.01711219185226
9260.28761093962,38.36174189609748
9262.418372009786,39.254558455795426
9264.549133079952,30.876481645757213
9266.679894150118,18.33281325537967
9268.810655220283,5.903039191528275
9270.941416290449,14.746356426554417
9273.072177360615,30.41038319710676
9275.20293843078,37.47731750752014
9277.333699500945,28.949541037690107
9279.464460571111,28.52476568154004
9281.595221641277,31.403724078656122
9283.725982711443,34.847479160119484
9285.856743781607,27.687869920088215
9287.987504851773,12.32724862080499
9290.11826592194,5.057771829272
9292.249026992105,9.761402333323604
9294.37978806227,21.836620819028692
9296.510549132436,26.86972104363648
9298.641310202602,36.195976074793556
9300.772071272768,32.189149635138264
9302.902832342932,36.68680670929899
9305.033593413098,43.65656171772868
9307.164354483264,47.16042126648693
9309.29511555343,46.68271939357984
9311.425876623594,57.32248414873692
9313.55663769376,50.53569329832435
9315.687398763926,46.83108460448372
9317.818159834093,39.6943440285325
9319.948920904257,34.7239289597706
9322.079681974423,31.65241569585154
9324.210443044589,28.17040967664004
9326.341204114755,27.45718912660092
9328.47196518492,19.977839490870146
9330.602726255085,13.861927337249188
9332.733487325251,20.75063021725189
9334.864248395415,22.662116978415053
9336.995009465581,24.144142167370624
9339.125770535748,28.73720218424961
9341.256531605914,29.632469959549024
9343.387292676078,36.61328586663923
9345.518053746244,39.98913531320923
9347.64881481641,38.59615277088111
9349.779575886576,46.80377310451544
9351.91033695674,51.24820322597075
9354.041098026906,51.192761879689414
9356.171859097072,66.39813818755219
9358.302620167238,73.01070675247593
9360.433381237403,71.9302187008605
9362.564142307569,61.28162488718857
9364.694903377735,57.079650431585584
9366.8256644479,51.21172720679259
9368.956425518065,34.644466844451905
9371.08718658823,20.430334904914623
9373.217947658397,4.368862868215852
9375.348708728563,13.149849884983453
9377.479469798727,42.990613692621594
9379.610230868893,65.8784184530712
9381.74099193906,66.9605136352353
9383.871753009225,62.82619934661162
9386.00251407939,60.530464798277805
9388.133275149556,49.87385265226254
9390.264036219722,43.497424422362414
9392.394797289888,40.74527829576305
9394.525558360052,42.78567627473711
9396.656319430218,39.25362528241536
9398.787080500384,30.819538147748148
9400.91784157055,35.5337368005809
9403.048602640714,41.55799334034669
9405.17936371088,56.16532252875903
9407.310124781046,64.23428220141952
9409.440885851212,66.22953876568688
9411.571646921377,66.06968184032007
9413.702407991543,35.238992771896854
9415.833169061709,23.220007431746705
9417.963930131875,4.4403441026412125
9420.094691202039,17.33472880075466
9422.225452272205,24.60095288455866
9424.356213342371,32.054440882998755
9426.486974412537,35.67379167167061
9428.617735482701,49.89723872319247
9430.748496552867,53.073141850118525
9432.879257623033,46.34040693944967
9435.0100186932,38.37298064914416
9437.140779763364,30.231140266309925
9439.27154083353,39.081119313823486
9441.402301903696,56.3929033621597
9443.533062973862,60.7858674473832
9445.663824044026,57.51588815309761
9447.794585114192,47.97486051891856
9449.925346184358,33.13446400890671
9452.056107254524,9.143251927027464
9454.186868324688,22.99363553497128
9456.317629394855,35.6194779285099
9458.44839046502,53.485292501323705
9460.579151535185,71.08835564700094
9462.70991260535,81.051730888164
9464.840673675517,80.59780350998406
9466.971434745683,74.48309956935068
9469.102195815847,70.9357735054268
9471.232956886013,55.75447930933255
9473.36371795618,42.81817963817525
9475.494479026345,22.55779332728993
9477.62524009651,18.336314102128892
9479.756001166676,23.11887659398646
9481.886762236842,23.85511834819754
9484.017523307008,47.28085144288352
9486.148284377172,55.26156146101878
9488.279045447338,61.09141830742262
9490.409806517504,59.03116496453571
9492.54056758767,59.18957665890188
9494.671328657834,69.74049584074297
9496.802089728,70.31410997972081
9498.932850798166,71.35360133909046
9501.063611868332,56.68939998043489
9503.194372938497,50.5450871275086
9505.325134008663,24.168406693899673
9507.455895078829,26.349879977047934
9509.586656148995,28.31672937349174
9511.717417219159,26.51030415549989
9513.848178289325,21.43096130303351
9515.978939359491,16.665848440187364
9518.109700429657,25.256847885269423
9520.240461499821,27.7849046272673
9522.371222569987,27.515683529231694
9524.501983640153,44.44452392981536
9526.63274471032,49.67106104804486
9528.763505780484,52.857580331766506
9530.89426685065,51.0886053916079
9533.025027920816,40.939403745898105
9535.155788990982,29.4156088777499
9537.286550061146,13.185738590198985
9539.417311131312,6.620995061500847
9541.548072201478,28.072208348216254
9543.678833271644,35.6469624846543
9545.809594341808,49.471594173754106
9547.940355411974,59.85066326239318
9550.07111648214,61.132787666676954
9552.201877552307,43.99523995235405
9554.33263862247,20.665775683259234
9556.463399692637,4.621469435335571
9558.594160762803,9.153811670841794
9560.724921832969,18.093615384345824
9562.855682903133,34.67605957221937
9564.9864439733,67.39781013938973
9567.117205043465,93.09392477015395
9569.247966113631,112.72975279832296
9571.378727183795,103.08805188958029
9573.509488253962,88.18716875402941
9575.640249324128,82.77013050022138
9577.771010394292,61.39182281777213
9579.901771464458,58.316062948348296
9582.032532534624,29.970142294055023
9584.16329360479,11.462673098686889
9586.294054674954,17.971347890087873
9588.42481574512,33.917990135902556
9590.555576815286,38.011975561598256
9592.686337885452,25.213350800431193
9594.817098955617,8.949052910752751
9596.947860025783,16.03225862974711
9599.078621095949,32.16530690817538
9601.209382166115,37.135069919672105
9603.340143236279,65.58535038045555
9605.470904306445,73.75951466116916
9607.601665376611,74.77131146057191
9609.732426446777,83.76825047164536
9611.863187516941,96.43386285593287
9613.993948587107,84.87499209022131
9616.124709657273,74.2419636065866
9618.25547072744,53.914174264630645
9620.386231797604,42.60917844734987
9622.51699286777,24.049154483153295
9624.647753937936,10.814955423930574
9626.778515008102,16.64442197518948
9628.909276078266,13.04983724169756
9631.040037148432,19.16954501837042
9633.170798218598,40.82848352575273
9635.301559288764,50.815751275414456
9637.432320358928,53.21888557038935
9639.563081429094,53.35337492560406
9641.69384249926,53.548239585707506
9643.824603569426,59.55068047031453
9645.95536463959,54.488188374931
9648.086125709757,41.140831487687905
9650.216886779923,34.309637688553956
9652.347647850089,25.384115411883858
9654.478408920253,24.363758812125162
9656.60916999042,22.124699468827963
9658.739931060585,15.012371225142157
9660.870692130751,8.859247204615922
9663.001453200915,19.365733323089707
9665.132214271081,45.51009608980314
9667.262975341248,68.06960730060806
9669.393736411414,58.35936553858463
9671.524497481578,45.1696689532033
9673.655258551744,30.76607462818193
9675.78601962191,26.359094269869367
9677.916780692076,34.01609474819677
9680.04754176224,36.200495977212384
9682.178302832406,39.483175908804
9684.309063902572,32.668012576814675
9686.439824972738,39.87798088395023
9688.570586042903,43.0791053921549
9690.701347113069,47.7135067330004
9692.832108183235,49.14671368889587
9694.9628692534,40.87663789200349
9697.093630323565,26.228303196138942
9699.224391393731,10.827748563434506
9701.355152463897,13.693982927331634
9703.485913534061,22.70870847323353
9705.616674604227,24.287144671687425
9707.747435674393,31.601022675919225
9709.87819674456,50.19319099753821
9712.008957814724,58.04093883884343
9714.13971888489,46.07753738379996
9716.270479955056,25.77241750573618
9718.401241025222,25.34944720465106
9720.532002095386,19.26613353027123
9722.662763165552,26.004975254687096
9724.793524235718,31.44408919522113
9726.924285305884,25.994530479737005
9729.055046376048,26.237306789323444
9731.185807446214,32.36023941013026
9733.31656851638,28.17721062441888
9735.447329586546,32.773701800798975
9737.57809065671,21.2034704982492
9739.708851726877,13.733184686624796
9741.839612797043,7.038401731249222
9743.970373867209,6.2700811339327664
9746.101134937373,11.49082217168141
9748.231896007539,15.187048842969876
9750.362657077705,8.688246409532166
9752.493418147871,8.078758749268248
9754.624179218035,24.721591885013087
9756.754940288201,38.433751119
9758.885701358367,52.58440138676149
9761.016462428533,38.97945385595605
9763.147223498698,31.462152026985084
9765.277984568864,35.75315908899411
9767.40874563903,33.74490672962476
9769.539506709196,38.667277921824365
9771.67026777936,32.658399336204795
9773.801028849526,33.40954950982014
9775.931789919692,21.824474009802316
9778.062550989858,15.28844426474526
9780.193312060022,24.91242987301394
9782.324073130188,36.516093877609734
9784.454834200355,25.679772709268033
9786.58559527052,9.895669249282063
9788.716356340685,14.262221648645607
9790.84711741085,19.567771231863606
9792.977878481017,31.632858860887502
9795.108639551183,42.422715618730905
9797.239400621347,49.241926145440026
9799.370161691513,42.44405056727445
9801.50092276168,34.427871910374364
9803.631683831845,40.096690126202624
9805.76244490201,39.783105050330406
9807.893205972176,49.717044854789435
9810.023967042342,47.23421211814061
9812.154728112508,47.246806712181794
9814.285489182672,43.681421442446656
9816.416250252838,44.3973601385805
9818.547011323004,41.4851788746855
9820.677772393168,31.81484023494463
9822.808533463334,17.102151779956106
9824.9392945335,9.446038497834145
9827.070055603666,8.561322630349308
9829.20081667383,14.727480450685507
9831.331577743997,7.45084913257626
9833.462338814163,4.558664802759356
9835.593099884329,2.4213484868330117
9837.723860954493,4.9429947924239395
9839.854622024659,15.06104771463232
9841.985383094825,21.33593280885589
9844.116144164991,25.61100089848702
9846.246905235155,26.009406830462808
9848.377666305321,22.15918697018779
9850.508427375487,25.432256506870516
9852.639188445653,34.510783225437535
9854.769949515818,36.3563250804038
9856.900710585984,35.27490797440321
9859.03147165615,42.11995366577274
9861.162232726316,41.808673215501315
9863.29299379648,42.04050060861037
9865.423754866646,55.237155226802166
9867.554515936812,61.99556741223886
9869.685277006978,57.6382561407269
9871.816038077142,35.545011407522004
9873.946799147308,13.726325595837862
9876.077560217474,18.803255049087472
9878.20832128764,41.37555728781474
9880.339082357805,60.55879114217141
9882.46984342797,54.96238366383763
9884.600604498137,57.04497931495717
9886.731365568303,69.73547651186477
9888.862126638467,74.50917768893704
9890.992887708633,76.70442356484922
9893.1236487788,51.05605005960023
9895.254409848965,39.38034778752609
9897.38517091913,33.428162917554864
9899.515931989295,34.509067648805996
9901.646693059462,38.601039920285594
9903.777454129628,56.06508617700785
9905.908215199792,65.96655431096411
9908.038976269958,70.50375107589056
9910.169737340124,70.67572555064959
9912.30049841029,66.2079198048466
9914.431259480454,44.48025704635836
9916.56202055062,53.546846612831246
9918.692781620786,64.14667875280794
9920.823542690952,61.221633207946795
9922.954303761117,56.45934591287853
9925.085064831283,31.894992873917065
9927.215825901449,35.005984021121
9929.346586971615,52.081063262894766
9931.477348041779,55.377379856115155
9933.608109111945,40.78484788392172
9935.738870182111,24.834265907368984
9937.869631252277,26.364210101807128
9940.000392322441,27.29633562446586
9942.131153392607,17.282453040766203
9944.261914462773,18.355605158413475
9946.392675532938,17.4632987713332
9948.523436603104,15.88155681506906
9950.65419767327,19.235048780143075
9952.784958743436,29.777130111626455
9954.9157198136,25.843238876444232
9957.046480883766,22.570079921345094
9959.177241953932,8.343524461634779
9961.308003024098,19.42226334614924
9963.438764094262,27.3082285162953
9965.569525164428,36.40369341804184
9967.700286234594,38.56509745590497
9969.83104730476,52.20640793964686
9971.961808374925,47.88164952122259
9974.09256944509,18.2840642492366
9976.223330515257,43.996922570995345
9978.354091585423,49.632595438703106
9980.484852655587,43.98872770655257
9982.615613725753,33.65929931895708
9984.74637479592,27.850758875921162
9986.877135866085,11.68375607582316
9989.00789693625,17.463114294001567
9991.138658006415,43.84829011423769
9993.269419076581,51.721632346497735
9995.400180146748,63.59086086049459
9997.530941216912,71.47532427690395
9999.661702287078,85.50021857141127
10001.792463357244,85.75735943494338
10003.92322442741,80.43635867675606
10006.053985497574,76.4858410909342
10008.18474656774,75.43568807506873
10010.315507637906,53.8296504587594
10012.446268708072,45.28099251730558
10014.577029778236,35.250106536564125
10016.707790848403,22.92561207499401
10018.838551918569,13.398718857853005
10020.969312988735,10.389571618993767
10023.100074058899,13.238266026107338
10025.230835129065,20.664206975077033
10027.361596199231,31.10699777854641
10029.492357269397,48.0115790413913
10031.623118339561,54.575142491869
10033.753879409727,39.219967462052274
10035.884640479893,30.73180016693698
10038.01540155006,26.849518299735696
10040.146162620224,42.34613564692536
10042.27692369039,41.38548886811428
10044.407684760556,44.51875333184441
10046.538445830722,43.309159994363604
10048.669206900886,33.855131162281005
10050.799967971052,28.48097665251072
10052.930729041218,34.19751722449573
10055.061490111384,44.95205030966948
10057.192251181548,51.895927331676
10059.323012251714,50.78429399693331
10061.45377332188,53.95199278541371
10063.584534392045,55.87698096709509
10065.71529546221,52.73983333549566
10067.846056532377,38.47539331161526
10069.976817602543,36.17956131287885
10072.107578672707,43.135979003546595
10074.238339742873,48.32260815371944
10076.369100813039,56.22021680278518
10078.499861883205,46.35209366820241
10080.63062295337,33.93266337737144
10082.761384023535,20.312356608036865
10084.892145093701,11.873737973613691
10087.022906163867,7.25034006198383
10089.153667234032,5.148680360735226
10091.284428304198,3.966060169720095
10093.415189374364,2.288164630820795
10095.54595044453,10.23234759867462
10097.676711514694,5.263745236421605
10099.80747258486,28.213800579185765
10101.938233655026,50.50575396184321
10104.068994725192,67.19468518094457
10106.199755795356,71.51287805151676
10108.330516865522,56.71833282822118
10110.461277935688,48.43720296341286
10112.592039005855,26.62857612999003
10114.722800076019,25.646255520319784
10116.853561146185,41.627359628646964
10118.98432221635,51.200842409797545
10121.115083286517,45.797669103057984
10123.245844356681,31.23738702529976
10125.376605426847,22.382423441852126
10127.507366497013,16.71482174787515
10129.63812756718,21.95823643277783
10131.768888637343,13.890092576443077
10133.89964970751,16.272074745741797
10136.030410777676,17.11016973414569
10138.161171847842,19.688038467374717
10140.291932918006,21.803715467972545
10142.422693988172,17.750529883862992
10144.553455058338,11.066284582840101
10146.684216128504,25.63253094617717
10148.814977198668,37.40799248897198
10150.945738268834,44.65157810748011
10153.076499339,45.21295827863463
10155.207260409166,50.14023169971381
10157.33802147933,60.52698380505753
10159.468782549497,64.6984891582725
10161.599543619663,65.38598343151469
10163.730304689829,61.108054844453676
10165.861065759993,51.66208860148435
10167.991826830159,44.491123943284855
10170.122587900325,42.08651132972191
10172.253348970491,49.07912827638635
10174.384110040655,17.734590400140636
10176.514871110821,12.601936460620506
10178.645632180987,35.96911453213746
10180.776393251153,53.52235179546154
10182.907154321318,51.89429520390354
10185.037915391484,50.251427403019015
10187.16867646165,48.92426118620278
10189.299437531814,50.45455342537255
10191.43019860198,62.469272251667576
10193.560959672146,66.04624273732016
10195.691720742312,58.23529872822184
10197.822481812476,57.26686105615399
10199.953242882642,48.945010566447856
10202.084003952808,45.17799128923278
10204.214765022974,34.035619396501694
10206.345526093139,15.6468483812725
10208.476287163305,14.02835704386916
10210.60704823347,27.478305145388756
10212.737809303637,27.72833797777876
10214.868570373801,30.059393610014006
10216.999331443967,37.76018104371574
10219.130092514133,37.68235070793595
10221.2608535843,40.177024480153186
10223.391614654463,34.38069938121824
10225.52237572463,39.09879274086259
10227.653136794796,34.26051819268888
10229.783897864962,25.328395867061545
10231.914658935126,20.086843214856298
10234.045420005292,29.101718132745813
10236.176181075458,49.033520159758545
10238.306942145624,64.93678381077856
10240.437703215788,76.7368930761089
10242.568464285954,66.25955747293679
10244.69922535612,57.2248872511026
10246.829986426286,60.214126318982785
10248.96074749645,61.79168351673501
10251.091508566617,41.47654826840896
10253.222269636783,36.61489052663831
10255.353030706949,30.66038263266188
10257.483791777113,46.313184459030424
10259.614552847279,48.64597058946723
10261.745313917445,50.490605448340965
10263.876074987611,53.662476995522894
10266.006836057775,68.4411285819876
10268.137597127941,72.65639648642646
10270.268358198107,83.40406570959826
10272.399119268273,73.61703521964665
10274.529880338438,49.06985765867512
10276.660641408604,28.663233192563194
10278.79140247877,49.10979316722208
10280.922163548936,62.888435842349715
10283.0529246191,66.53387411163519
10285.183685689266,56.72985301959648
10287.314446759432,43.683243708866506
10289.445207829598,45.41819455496206
10291.575968899762,39.74029406012913
10293.706729969928,51.89128256322934
10295.837491040094,63.12088602169744
10297.96825211026,56.009112330116714
10300.099013180425,48.22547319600629
10302.22977425059,47.93693633865373
10304.360535320757,54.06414293038036
10306.491296390921,49.371126708190445
10308.622057461087,45.49227864416087
10310.752818531253,42.43474742905136
10312.88357960142,36.31010202609968
10315.014340671583,46.53775356734829
10317.14510174175,52.41430885515438
10319.275862811915,47.829122640849555
10321.406623882081,44.344816741724166
10323.537384952246,24.094707206703156
10325.668146022412,1.4277085729173595
10327.798907092578,13.794628901508524
10329.929668162744,25.54747437184203
10332.060429232908,31.465430634099615
10334.191190303074,50.78762574054093
10336.32195137324,68.72371235093885
10338.452712443406,73.8993199352715
10340.58347351357,74.87436124150534
10342.714234583736,65.28714844425264
10344.844995653903,61.013461250178544
10346.975756724069,48.300737702407886
10349.106517794233,45.43936888838768
10351.237278864399,38.6320856479428
10353.368039934565,37.635293787678336
10355.498801004731,33.715496978859704
10357.629562074895,22.366879431835994
10359.760323145061,35.89788801628796
10361.891084215227,44.962062641353576
10364.021845285393,41.08502632215758
10366.152606355558,24.754145030864667
10368.283367425724,26.87578707013071
10370.41412849589,21.484550266639566
10372.544889566056,5.662586170528081
10374.67565063622,18.491281990175057
10376.806411706386,26.795823110774403
10378.937172776552,29.075575684716764
10381.067933846718,35.41728615358864
10383.198694916882,49.66007316722858
10385.329455987048,45.60269676985341
10387.460217057214,31.07637400539459
10389.59097812738,16.444961467904836
10391.721739197545,14.243138108142256
10393.85250026771,19.789116160702463
10395.983261337877,19.42782891295978
10398.114022408043,22.03583338635328
10400.244783478207,15.049630126301379
10402.375544548373,9.142149296387416
10404.506305618539,7.744278133435644
10406.637066688705,1.1063003680229178
10408.76782775887,4.7098418942943026
10410.898588829035,10.886145278162333
10413.029349899201,24.350221984266604
10415.160110969367,43.63620552581002
10417.290872039532,62.032685405742214
10419.421633109698,72.26248623107266
10421.552394179864,60.98158195680359
10423.68315525003,56.827817505974714
10425.813916320194,48.710749434374925
10427.94467739036,45.406654512680376
10430.075438460526,33.60174664620756
10432.20619953069,32.84756358830292
10434.336960600856,34.66509838337419
10436.467721671022,31.57760406897586
10438.598482741188,30.763841067611576
10440.729243811353,27.12309593930149
10442.860004881519,9.845805085381134
10444.990765951685,20.52770195156695
10447.12152702185,28.27645231393044
10449.252288092015,30.537069749129827
10451.383049162181,19.727316498484758
10453.513810232347,18.60496448746364
10455.644571302513,10.991909871021894
10457.775332372677,16.194862037450445
10459.906093442843,30.239101782561807
10462.03685451301,35.46427827353668
10464.167615583176,43.43938662480605
10466.29837665334,33.472081817634304
10468.429137723506,24.535832820737053
10470.559898793672,18.511854629108207
10472.690659863838,20.337621790449635
10474.821420934002,14.647608178174478
10476.952182004168,15.520828698274066
10479.082943074334,7.34520213311178
10481.2137041445,10.852623130872153
10483.344465214665,30.06993877789
10485.47522628483,30.66214418842702
10487.605987354997,40.45177998919528
10489.736748425163,43.86977433406915
10491.867509495327,40.83757630925796
10493.998270565493,52.00007230301479
10496.129031635659,77.68388504792743
10498.259792705825,81.83183762930844
10500.39055377599,82.15358633131062
10502.521314846155,68.56989172539157
10504.652075916321,46.874825440348
10506.782836986487,28.55244369309821
10508.913598056652,14.67064047317184
10511.044359126818,23.329256534336565
10513.175120196984,25.853796342305305
10515.30588126715,23.81012921772055
10517.436642337314,42.19262936420051
10519.56740340748,39.422951502846395
10521.698164477646,59.21441791109791
10523.828925547812,66.06603287499343
10525.959686617976,87.19070475916611
10528.090447688142,95.89955860835505
10530.221208758308,91.20871563256571
10532.351969828474,81.83051645320764
10534.482730898639,70.09984739079361
10536.613491968805,56.104636234473055
10538.74425303897,67.153518182895
10540.875014109137,57.80783117245501
10543.005775179301,26.813842963437754
10545.136536249467,1.901133662038228
10547.267297319633,27.79433854224252
10549.398058389797,36.29299642515455
10551.528819459963,40.26037216597137
10553.65958053013,40.5244174498904
10555.790341600296,31.931617790724303
10557.92110267046,49.10145531665744
10560.051863740626,52.768073158971504
10562.182624810792,52.13684849706117
10564.313385880958,58.69940793257585
10566.444146951122,66.44373538730986
10568.574908021288,75.88837162134564
10570.705669091454,69.99115282942029
10572.83643016162,71.02931194060845
10574.967191231784,84.47678278170416
10577.09795230195,90.10917204580696
10579.228713372117,92.61620434294386
10581.359474442283,88.45395628663546
10583.490235512447,70.85184619463459
10585.620996582613,54.17621799096784
10587.751757652779,49.313482773559564
10589.882518722945,47.86374374046271
10592.01327979311,45.960418909918076
10594.144040863275,31.83287239100191
10596.274801933441,20.15610923948889
10598.405563003607,15.515659498769804
10600.536324073772,34.34662295985373
10602.667085143938,62.352346958188626
10604.797846214104,80.24968773380782
10606.92860728427,76.09506564536005
10609.059368354434,81.96053340441456
10611.1901294246,71.83176456940924
10613.320890494766,75.2556253290111
10615.451651564932,56.02795148282441
10617.582412635096,38.28067143039801
10619.713173705262,40.54497262283546
10621.843934775428,34.540757490606396
10623.974695845594,16.74143454030244
10626.105456915759,2.5751334952922917
10628.236217985925,30.792357733737774
10630.36697905609,37.11416208784375
10632.497740126257,28.654102457963585
10634.628501196421,17.65346366768153
10636.759262266587,5.248679475064827
10638.890023336753,7.976138238133778
10641.02078440692,27.385389844161836
10643.151545477083,34.94174127150729
10645.28230654725,32.69538849930666
10647.413067617415,29.203020410196185
10649.543828687581,29.295670859790185
10651.674589757746,29.206753655607688
