B(T),MR(%)
33.13,1101.5573626843566
33.08665270736535,1109.9375121869582
33.043418697708276,1102.419621305948
33.000297527530975,1097.6332142850692
32.95728875564765,1101.333213247756
32.91439194316949,1111.0930578628672
32.87160665348971,1113.5139663617272
32.82893245226875,1115.3866617856665
32.786368907419586,1121.5816020124375
32.74391558909314,1132.546863946408
32.70157206966381,1147.9182000987144
32.6593379237151,1150.8729034039247
32.61721272802539,1149.6641859420997
32.57519606155382,1147.70001131409
32.53328750542617,1155.9183198937699
32.49148664292109,1166.5694370555102
32.449793059456134,1169.5219565901073
32.40820634257416,1173.759883812122
32.366726081929684,1167.562298896524
32.32535186927539,1168.7473125891215
32.28408329844873,1168.4586621349551
32.242919965358666,1176.0964001747539
32.20186146797243,1186.6572938671734
32.16090740630248,1190.7071900396504
32.12005738239348,1191.5143606937484
32.07931100030944,1203.672570011258
32.03866786612088,1217.612773414452
31.99812758789219,1223.4818357272732
31.957689775668978,1231.123967100662
31.917354041465625,1232.0120892941384
31.877119999252802,1226.3746183009998
31.83698726494524,1208.794628994534
31.796955456389416,1183.6607248556224
31.757024193351526,1163.5026563235795
31.717193097505337,1145.5969433240189
31.677461792420345,1123.7386044202776
31.637829903549818,1109.2529226221304
31.59829705821912,1099.5890363160293
31.558862885613934,1090.966297010758
31.51952701676877,1086.7012077533525
31.48028908455535,1078.854676239158
31.441148723671294,1070.7459134338565
31.40210557062868,1075.158977626269
31.363159263742894,1075.6923700575846
31.324309443121354,1080.7182606696879
31.285555750652534,1083.198852292533
31.24689782999486,1079.021357662558
31.208335326565884,1075.5192262377882
31.169867887531336,1068.3883081853683
31.131495161794472,1074.3484293680222
31.093216799985303,1078.915997400462
31.055032454450064,1086.6045436480472
31.01694177924061,1096.8616959199016
30.978944430104068,1092.237067119116
30.941040064472354,1082.844609684571
30.903228341451992,1075.3463789135253
30.86550892181378,1070.2406765465284
30.82788146798276,1062.608631788362
30.790345644028033,1059.8423252750422
30.752901115652875,1050.6281876023395
30.715547550184706,1056.7961496336702
30.678284616565335,1066.1814950116009
30.641111985341087,1080.8432955714982
30.60402932865319,1096.422420311204
30.567036320228034,1108.5952036673025
30.530132635367703,1108.1932218237876
30.49331795094038,1110.6166737607168
30.45659194537101,1119.2142698506323
30.41995429863183,1131.2950899852601
30.383404692233196,1146.4923365584557
30.346942809214227,1154.3998267727409
30.310568334133766,1159.9115081177897
30.27428095306116,1162.044988127841
30.238080353567362,1164.3708787506214
30.201966224715818,1166.9588817390777
30.16593825705371,1172.4935930424056
30.12999614260299,1176.8130282402442
30.094139574851717,1178.8196279210401
30.058368248745225,1176.780672803609
30.022681860677604,1174.2219119470649
29.987080108482985,1172.1496395171098
29.95156269142711,1167.7495071824872
29.916129310198784,1165.0726198117018
29.880779666901557,1171.6274652510413
29.84551346504527,1174.5056001092348
29.810330409537865,1174.8128310983022
29.775230206677072,1184.6147757694757
29.740212564142322,1189.669925733117
29.70527719098652,1191.7746750445745
29.67042379762812,1189.0361505982644
29.635652095842993,1178.351499758643
29.6009617987566,1168.6819587714213
29.566352620835993,1163.818210254347
29.531824277882087,1152.3474217640742
29.49737648702178,1151.2734422543995
29.463008966700315,1144.9627645891137
29.428721436673538,1142.9899603496071
29.394513618000353,1137.8911085870675
29.36038523303507,1137.0140066143235
29.32633600541999,1143.6084319038607
29.29236566007785,1152.4584190725868
29.258473923204505,1157.9627886571068
29.224660522261487,1167.6936018986667
29.190925185968794,1177.8550074268853
29.15726764429752,1182.1369000649527
29.12368762846277,1182.964701582364
29.0901848709164,1182.98220712259
29.056759105340006,1179.7861170553304
29.023410066637773,1172.2720765122997
28.99013749092956,1167.3292140167134
28.956941115543845,1159.4058843156517
28.92382067901092,1157.4100195678172
28.89077592105591,1152.4731268465298
28.85780658259206,1142.2349729467485
28.82491240571388,1134.3494942390555
28.792093133690496,1132.2670369508642
28.759348510958887,1123.2113785604313
28.72667828311734,1117.7256987964952
28.694082196918778,1110.928977746055
28.661560000264295,1107.6699051792434
28.62911144219658,1107.1300466025182
28.59673627289354,1106.7694935922254
28.564434243661807,1107.8919994660323
28.53220510693045,1108.3445430825404
28.500048616244577,1112.0630322079373
28.467964526259127,1119.955536507145
28.435952592732544,1127.6172742400327
28.404012572520678,1132.0105139719828
28.37214422357053,1135.2417996758845
28.34034730491422,1136.6156750622208
28.308621576662855,1137.8184181402262
28.27696680000054,1132.6548449924662
28.245382737178335,1126.200727296993
28.21386915150838,1124.6478497115072
28.18242580735788,1120.7604169821366
28.15105247014334,1119.789278670089
28.119748906324634,1112.1199238473246
28.088514883399295,1107.3508519736897
28.05735016989668,1104.8174646757554
28.026254535372328,1106.225555421137
27.995227750402204,1108.782532446115
27.964269586577142,1107.7975440430855
27.933379816497144,1105.2063894998519
27.902558213765907,1104.8513129376527
27.871804552985207,1104.9801139987376
27.841118609749476,1105.3748124682709
27.810500160640284,1101.0159881502213
27.779948983220976,1102.8905043014565
27.74946485603122,1117.4056970824681
27.719047558581725,1129.1981089556643
27.68869687134885,1139.5700991552485
27.658412575769407,1148.7998423135182
27.62819445423533,1155.629002361241
27.598042290088543,1158.986279084098
27.567955867615698,1164.9867904570733
27.53793497204312,1163.9879822503694
27.50797938953161,1162.368572262691
27.478088907171447,1161.9849772889038
27.44826331297727,1160.0838642939789
27.41850239588315,1161.224811256532
27.3888059457375,1164.673933139054
27.359173753298254,1165.2682675772833
27.329605610227848,1167.428707648013
27.30010130908841,1168.3981182457032
27.270660643336853,1173.696602410919
27.241283407320108,1174.5448173329262
27.21196939627028,1177.3626001278815
27.18271840629995,1177.9874248062074
27.153530234397387,1179.2311300211704
27.12440467842191,1178.1761710032001
27.09534153709917,1185.565197777621
27.06634061001656,1188.147780750107
27.037401697618556,1183.4680833880466
27.008524601202204,1179.9548412507957
26.9797091229125,1168.8755309502021
26.950955065737947,1162.2062606967766
26.922262233505986,1153.4727702693544
26.893630430878616,1145.8000061766443
26.865059463347887,1137.549472076657
26.836549137231554,1133.8256271299078
26.808099259668648,1133.009371318899
26.779709638615188,1133.8065422212876
26.751380082839795,1133.8140413623819
26.723110401919456,1130.2556851669847
26.694900406235202,1129.9962865166835
26.666749906967937,1126.7357002582955
26.638658716094135,1119.9947650276822
26.610626646381753,1113.20854763247
26.582653511385985,1109.2906358773805
26.554739125445202,1106.7293908396118
26.52688330367677,1109.094361576023
26.49908586197304,1119.2889026221083
26.471346616997227,1127.265018352839
26.44366538617945,1137.4151588454342
26.416041987712646,1147.7205573877977
26.38847624054867,1152.9464682047753
26.36096796439426,1158.062132262322
26.333516979707195,1160.8407009983653
26.30612310769229,1160.6145505020258
26.27878617029761,1160.24417376723
26.251505990210536,1150.806183281493
26.22428239085399,1143.9998952660883
26.197115196382562,1135.7681176861465
26.170004231678803,1128.944815851869
26.142949322349377,1124.058543632138
26.115950294721408,1115.9769035671902
26.08900697583867,1106.0527137121449
26.062119193458,1102.3115422556984
26.035286776045513,1094.9715115913132
26.008509552773067,1096.4086791035522
25.98178735351453,1098.0623729282115
25.955120008842286,1096.0598752216297
25.92850735002354,1100.2655127970484
25.901949209016877,1104.731516177432
25.875445418468612,1112.187298577431
25.848995811709372,1124.2940761832524
25.822600222750523,1136.6280818807709
25.79625848628077,1155.635557367808
25.769970437662625,1169.4186073842052
25.743735912929072,1183.7507320105274
25.717554748780064,1198.3351827731108
25.691426782579207,1211.486656028821
25.665351852350337,1222.8939053932797
25.639329796774238,1223.9702610045456
25.61336045518523,1220.4813093867426
25.587443667567953,1218.9148167848512
25.561579274553996,1208.9559894246104
25.53576711741871,1204.4986671116512
25.510007038077884,1201.0873845960518
25.484298879084587,1196.4936216214442
25.458642483625905,1195.7509039978718
25.4330376955198,1198.385277446525
25.407484359211885,1204.659200633516
25.381982319772344,1218.7803713750827
25.35653142289273,1226.3253738249214
25.33113151488291,1237.6261994377733
25.305782442667923,1243.800453153105
25.28048405378496,1252.2408536104394
25.255236196380242,1254.6152163156894
25.230038719206046,1259.1399123843125
25.20489147161763,1261.154157243559
25.179794303570276,1255.7746555556464
25.154747065616267,1248.6480036920598
25.129749608901957,1238.6450091552138
25.104801785164785,1227.8864526207562
25.079903446730388,1220.3409830247037
25.05505444650963,1211.9084103878808
25.03025463799577,1205.0793470570875
25.00550387526152,1194.4533545216327
24.980802012956246,1183.7146492114316
24.956148906303056,1177.6344293512107
24.931544411096034,1175.0475206025671
24.906988383697374,1170.2957879739115
24.88248068103464,1166.6952730879793
24.85802116059792,1168.6565554886593
24.833609680437146,1167.5283155615032
24.809246099159264,1165.3037390977042
24.78493027592557,1168.0984897762673
24.760662070448955,1172.0372793079719
24.73644134299123,1180.7624534943498
24.712267954360428,1185.8363821503594
24.68814176590816,1192.3411214381576
24.664062639526925,1193.089719863999
24.640030437647535,1196.1691811115895
24.616045023236417,1195.0475842718456
24.59210625979309,1192.9629748520656
24.568214011347507,1191.1636281549067
24.544368142457536,1181.5633557383244
24.520568518206343,1174.3094911204885
24.49681500419992,1168.2841668132337
24.47310746656447,1166.4253542643328
24.44944577194398,1168.5037033846527
24.42582978749764,1176.831403891721
24.402259380897423,1184.2502322392725
24.37873442032556,1192.2694622945519
24.35525477447213,1206.1243856156761
24.33182031253257,1213.5712771572125
24.308430904205302,1218.1934519078368
24.28508641968925,1219.0433849913718
24.261786729681504,1218.3013566135153
24.238531705374882,1220.2650348440882
24.2153212184556,1221.1155785866833
24.192155141100866,1222.2881630664435
24.16903334597658,1220.330698285784
24.145955706234954,1219.7806236334436
24.122922095512244,1222.8873089086628
24.099932387926394,1221.3854952032225
24.07698645807479,1222.6406845233787
24.054084181031914,1230.063784592162
24.031225432347167,1234.0462006151204
24.008410088042524,1236.4828292485613
23.98563802461037,1239.8572044201815
23.9629091190112,1245.4529382091032
23.940223248671476,1252.7950235444566
23.917580291481347,1262.9601417499298
23.894980125792536,1274.4867148115632
23.872422630416086,1284.2454877929117
23.84990768462027,1296.0998669529863
23.827435168128357,1304.3359376331314
23.805004961116545,1307.3213884358547
23.782616944211775,1305.326513448535
23.760270998489652,1298.8164301967765
23.7379670054723,1293.8294572334148
23.715704847126325,1291.6961293079908
23.693484405860662,1288.0377703669183
23.671305564524573,1282.6334594548014
23.64916820640553,1279.0209173188107
23.627072215227223,1277.0851259094302
23.60501747514746,1277.1111750952064
23.58300387075621,1278.69487876638
23.561031287073543,1282.4432165636222
23.539099609547648,1280.5743440678375
23.51720872405283,1277.7201446943309
23.49535851688755,1273.822618279231
23.473548874772423,1268.4715354393763
23.451779684848315,1259.3819605697117
23.43005083467433,1250.9509292242215
23.40836221222593,1245.8516746175899
23.386713705892966,1243.1937310785179
23.365105204477814,1247.7277590958076
23.343536597193406,1251.5020354996682
23.322007773661404,1256.7704170924685
23.300518623910257,1263.4134571046598
23.279069038373386,1268.7465879192487
23.257658907887265,1271.9991958166806
23.23628812368962,1271.9255533554715
23.21495657741754,1273.2098278715462
23.193664161105694,1272.3236525152897
23.172410767184463,1271.2140325539358
23.15119628847817,1268.2614964221934
23.130020618203247,1262.3553109416998
23.108883649966458,1255.5362919324982
23.08778527776311,1249.5399288545223
23.066725395975297,1247.0447950760902
23.04570389937011,1243.8146770861968
23.02472068309792,1240.0262511256653
23.00377564269059,1233.1599293026848
22.982868674059795,1231.9408238729425
22.961999673495235,1231.2535864918536
22.941168537662993,1226.5298310727414
22.920375163603747,1224.6152538181204
22.899619448731166,1223.7996336976566
22.878901290830125,1229.3924808299446
22.858220588055122,1235.7889706543874
22.837577238928517,1240.9539631326877
22.816971142338968,1250.865854669199
22.79640219753968,1257.3634096171336
22.775870304146864,1264.1529368638096
22.755375362138004,1271.7114390790393
22.734917271850332,1277.1854862732225
22.71449593397912,1283.9279812637647
22.69411124957615,1290.0672471454445
22.67376312004805,1292.9513551567038
22.653451447154772,1296.9551569235737
22.633176133007947,1300.0877919800555
22.612937080069358,1304.2110872789026
22.592734191149344,1305.0500611991722
22.57256736940528,1306.3585838085212
22.552436518339984,1306.5297626416755
22.532341541800232,1310.570047900343
22.512282343975166,1311.8952906065729
22.492258829394835,1310.5223255742003
22.472270902928617,1311.3241921375316
22.452318469783773,1309.4412340272913
22.432401435503895,1310.7465737380635
22.412519705967465,1313.1499933834837
22.392673187386322,1316.5826552977996
22.372861786304234,1323.3685668607686
22.353085409595387,1327.9740558784906
22.33334396446298,1332.8307114964277
22.313637358437706,1337.6335059403207
22.293965499376377,1342.4108934291974
22.274328295460425,1345.3532562430714
22.25472565519453,1349.7240462016348
22.235157487405157,1350.762266723228
22.215623701239167,1349.794884365361
22.196124206162388,1347.6275235752114
22.176658911958253,1346.0051806278093
22.157227728726358,1343.0049630378458
22.137830566881135,1337.7783504695747
22.118467337150417,1329.53456491312
22.09913795057413,1321.8462294289825
22.079842318502862,1313.967096926036
22.06058035259658,1307.1618362889408
22.041351964823217,1302.6266179449092
22.022157067457382,1297.9747785758382
22.00299557307898,1296.5582106379097
21.983867394571938,1296.7173315619707
21.964772445122822,1291.044201710049
21.94571063821959,1285.4781341423293
21.926681887650226,1282.104250798844
21.907686107501487,1278.5729731909569
21.88872321215757,1273.8527444516126
21.86979311629887,1270.2669973322488
21.850895734900643,1267.5669077199111
21.832030983231807,1266.8103433950698
21.813198776853593,1264.4239995472792
21.79439903161836,1261.3902950510496
21.775631663668285,1258.4079437029
21.75689658943416,1252.1911688062655
21.73819372563411,1246.3935303553774
21.7195229892724,1243.3976061040098
21.700884297638165,1242.3315276171327
21.68227756830424,1243.5806115570529
21.663702719125887,1247.1294406655923
21.64515966823964,1249.40658434445
21.626648334062054,1256.5250612916166
21.60816863528856,1263.2196425189522
21.589720490892212,1274.9337223113855
21.571303820122573,1286.1656697234544
21.552918542504468,1298.7617731394057
21.53456457783688,1314.9487574594937
21.51624184619171,1322.5558024443035
21.497950267912696,1325.5976497547176
21.479689763614186,1325.5196527314897
21.46146025418004,1324.6940832914233
21.44326166076246,1320.1982182979334
21.42509390478087,1316.8040639422966
21.40695690792077,1316.0802778403547
21.388850592132624,1315.9786923238826
21.37077487963073,1316.6043037327377
21.35272969289212,1315.0287180402736
21.33471495465542,1312.9653321093756
21.316730587919807,1314.652416661007
21.298776515943835,1321.4183284796013
21.28085266224441,1327.8825599900224
21.262958950595664,1333.3230015007675
21.245095305027895,1339.8212092943706
21.22726164982647,1343.9443621777332
21.2094579095308,1346.8366756132075
21.19168400893321,1349.29769077429
21.173939873077934,1351.4440000657178
21.15622542726004,1353.4421607809509
21.13854059702439,1357.829664593883
21.120885308164578,1365.854108954191
21.10325948672192,1374.8440430951196
21.085663058984384,1383.1061726616294
21.068095951485617,1390.3468980856057
21.050558091003857,1391.4614453410431
21.033049404560984,1390.218471737493
21.015569819421433,1383.2351571087584
20.99811926309126,1371.5442159670833
20.980697663317095,1359.5371425237518
20.963304948085153,1348.842127886292
20.94594104562024,1338.7883610710594
20.928605884384794,1333.6320046117262
20.911299393077847,1328.4159725281338
20.89402150063411,1326.408272216274
20.876772136222947,1322.96412570634
20.859551229247444,1318.002382752361
20.842358709343422,1316.3066631595152
20.825194506378505,1320.8316926302834
20.808058550451126,1323.774031013218
20.790950771889623,1325.7601672619135
20.77387110125126,1327.307190051677
20.75681946932131,1329.1977746892958
20.73979580711211,1329.7798303969807
20.72280004586213,1328.450602065905
20.705832117035044,1326.1271403893966
20.68889195231883,1324.0255189576728
20.67197948362481,1324.248949810511
20.655094643086798,1321.870753610978
20.638237363060128,1317.9490807170512
20.62140757612081,1313.7136816207324
20.60460521506457,1312.67726768891
20.587830212906027,1310.7782758139306
20.57108250287773,1308.0827861996986
20.554362018429327,1303.701342456064
20.53766869322665,1304.2022519735915
20.521002461150868,1303.262247291646
20.504363256297573,1305.5952584137972
20.487751012975956,1308.1462911469703
20.471165665707904,1310.5056902392903
20.45460714922718,1316.3818262889963
20.438075398478514,1318.7168012045279
20.421570348616807,1319.6481472350902
20.40509193500624,1318.5869293230153
20.38864009321947,1316.709912095083
20.37221475903673,1313.368204581257
20.35581586844507,1306.2148335636803
20.339443357637464,1300.827653436847
20.32309716301202,1294.9404911627366
20.306777221171117,1287.3039030453945
20.29048346892064,1282.2809829663458
20.27421584326911,1280.1940594793177
20.25797428142692,1282.8035830159042
20.24175872080548,1288.086734068207
20.225569099016447,1295.844888783271
20.209405353870913,1307.7900320739377
20.193267423378618,1320.905269944008
20.177155245747137,1335.2756699932702
20.16106875938112,1351.347180969127
20.145007902881467,1369.2226393030624
20.1289726150446,1380.429230038179
20.11296283486163,1391.8375893684117
20.096978501517633,1404.5445971586446
20.081019554390835,1413.8538998122685
20.065085933051886,1421.3014247194642
20.049177577263066,1425.5497206446255
20.033294426977548,1428.799856282796
20.017436422338623,1428.39594191467
20.00160350367897,1424.4879716408086
19.985795611519887,1422.015685602833
19.970012686570556,1416.693144860164
19.9542546697273,1409.039606850818
19.938521502072856,1402.7709541649792
19.922813124875614,1401.4299863521612
19.907129479588917,1401.9529526389033
19.89147050785031,1401.6452273773184
19.87583615148084,1401.0470809537737
19.860226352484297,1402.4064866345907
19.844641053046544,1405.866059564673
19.829080195534765,1408.0768292059329
19.81354372249678,1410.1321146373507
19.79803157666032,1412.946226321647
19.782543700932344,1414.7185427937693
19.767080038398298,1416.2922860324381
19.75164053232148,1418.5118446798942
19.736225126142283,1418.9593164822322
19.72083376347755,1420.031489735652
19.70546638811986,1420.0905042906325
19.690122944036865,1420.010522147501
19.674803375370576,1420.132981011136
19.65950762643673,1419.927256696312
19.644235641724073,1419.2146733939526
19.628987365893725,1417.8081722220554
19.61376274377847,1416.2201080996424
19.598561720382136,1415.322051370395
19.583384240878903,1412.4177986057173
19.56823025061265,1409.4570191497219
19.553099695096304,1408.3295764578904
19.537992520011183,1404.762122958776
19.522908671206345,1400.9257915608518
19.507848094697945,1398.5538448925092
19.492810736668588,1397.7140030884793
19.47779654346669,1396.3014686410402
19.462805461605836,1396.5697064120263
19.447837437764157,1396.1736657186689
19.432892418783666,1396.0747238086492
19.41797035166968,1393.8255911305405
19.403071183590143,1392.3890063109307
19.388194861875036,1392.3041700438162
19.373341334015734,1391.5463520908932
19.358510547664412,1389.8991440606917
19.343702450633405,1386.5677981504705
19.32891699089462,1381.6308069707243
19.31415411657889,1379.8277625877117
19.29941377597543,1378.5048067411428
19.284695917531156,1379.621906312052
19.270000489850155,1380.0361628201617
19.255327441693023,1381.0771512410151
19.240676721976335,1382.5224441442933
19.22604827977199,1381.808130216882
19.211442064306674,1382.0446282643873
19.19685802496122,1383.034258484658
19.182296111270077,1384.1862223350429
19.16775627292068,1386.3165795009459
19.153238459752917,1388.726794022593
19.1387426217585,1389.1258784393167
19.124268709080447,1387.8397043077825
19.109816672012453,1387.0264817385146
19.09538646099838,1384.0932166372756
19.08097802663163,1382.5073190730113
19.06659131965464,1380.4813042301735
19.052226290958266,1378.2508454632875
19.037882891581276,1376.8864472643795
19.023561072709743,1375.5763898481782
19.009260785676542,1374.3516111286565
18.99498198196075,1375.234918107842
18.98072461318714,1376.025022138023
18.966488631125596,1381.4074857917863
18.95227398769061,1386.9094299578312
18.938080634940693,1390.706024808629
18.923908525077895,1393.368043293678
18.909757610447198,1396.338108928148
18.895627843536055,1400.317898286104
18.88151917697379,1405.2465341955813
18.867431563531127,1409.2949258277476
18.853364956119623,1416.174859554692
18.839319307791165,1423.0271772866797
18.825294571737427,1429.6857689289536
18.811290701289384,1437.159647297819
18.797307649916753,1440.7761161701167
18.783345371227515,1447.0551747222462
18.76940381896737,1451.6192266497374
18.755482947019257,1457.1280496681084
18.741582709402813,1461.9807591806762
18.7277030602739,1467.7830274281482
18.713843953924066,1474.2345071850123
18.700005344780084,1477.919850846859
18.686187187403412,1479.626850329587
18.672389436489727,1478.8385678285963
18.658612046868406,1474.4162275787394
18.64485497350205,1467.9061820287036
18.631118171485983,1460.516575586877
18.617401596047777,1452.5229578378526
18.60370520254674,1444.053386746304
18.590028946473474,1437.7867959766113
18.57637278344933,1431.4133689176574
18.562736669226005,1427.8936498709797
18.549120559684987,1424.0944946170343
18.535524410837144,1421.8117380172744
18.521948178822207,1421.3669183574843
18.508391819908322,1424.541657763631
18.49485529049156,1428.2668551701674
18.481338547095483,1434.2221090082585
18.46784154637063,1437.7920859296264
18.4543642450941,1442.3298694492892
18.44090660016907,1443.8526799221759
18.42746856862433,1444.5858395889577
18.414050107613836,1442.729539388408
18.40065117441625,1439.9775186693305
18.387271726434484,1436.8051145847403
18.37391172119527,1431.2628416392713
18.36057111634867,1426.0754492598148
18.347249869667664,1419.8385911098362
18.333947939047686,1412.6599966439346
18.320665282506198,1407.2090310726062
18.30740185818222,1401.5868191737604
18.294157624335927,1397.275516047986
18.280932539348164,1392.440226623336
18.267726561720067,1388.445510932645
18.254539650072577,1384.2752734138703
18.24137176314604,1382.5819919030196
18.228222859799764,1380.4983064744438
18.215092899011598,1379.7623378220878
18.201981839877487,1378.9902575491883
18.188889641611077,1380.1286543847368
18.175816263543265,1380.8900286784851
18.162761665121796,1383.3631518082534
18.149725805910823,1389.0887513898474
18.136708645590527,1395.0944760653551
18.12371014395665,1401.6195163344987
18.11073026092013,1406.595708653472
18.09776895650665,1412.6921887387757
18.084826190856262,1416.8026553973773
18.071901924222942,1419.7163344490523
18.058996116974225,1423.1731924709106
18.046108729590753,1427.059983985578
18.033239722665915,1432.5966088176904
18.02038905690541,1438.2583324657462
18.007556693126887,1443.0420557903633
17.99474259225949,1448.6496386466667
17.981946715343533,1455.6585837293583
17.969169023530025,1460.485695367644
17.956409478080356,1466.4154188292127
17.943668040365843,1472.832094004523
17.930944671867376,1478.8780265866558
17.918239334175016,1484.0678197814327
17.905551988987618,1488.0804378020061
17.892882598112426,1490.6081912152508
17.880231123464718,1489.843073117528
17.867597527067396,1487.9885426767546
17.854981771050635,1486.8080328981916
17.842383817651474,1485.5129535753372
17.82980362921347,1484.2712568154657
17.81724116818629,1481.4713126973143
17.804696397125372,1478.6033233832677
17.79216927869152,1476.3973208528519
17.77965977565057,1474.9657131501508
17.767167850872973,1476.1100571581285
17.75469346733348,1477.1505062618353
17.74223658811074,1478.1331144009905
17.729797176386942,1477.6742506716867
17.717375195447467,1477.434146916592
17.704970608680515,1477.1252103926868
17.69258337957674,1477.132574836226
17.68021347172891,1475.1153861453527
17.667860848831527,1475.0926415767156
17.655525474680502,1472.5655707182523
17.643207313172766,1469.495875412747
17.630906328305944,1466.6394387142643
17.61862248417799,1462.12063978577
17.60635574498686,1456.5322262860573
17.59410607503012,1451.1208285001426
17.581873438704648,1436.8474078370373
17.569657800506263,1432.4705565169681
17.55745912502939,1423.0931601126508
17.5452773769667,1415.8277435468735
17.5331125211088,1409.5914656269179
17.520964522343874,1405.1080917463896
17.50883334565735,1400.368478695421
17.496718956131552,1395.678755443374
17.484621318945393,1391.4823206305946
17.472540399374004,1388.1245425751363
17.460476162788442,1385.281351621569
17.44842857465532,1382.6097690353376
17.436397600536512,1379.8255072870893
17.424383206088795,1378.7043465604488
17.412385357063556,1380.0479770055217
17.400404019306418,1383.9762590419107
17.388439158756977,1386.436241100454
17.37649074144842,1394.4427304791707
17.364558733507252,1401.1129859806783
17.352643101152932,1408.7283145310123
17.340743810697607,1416.2702617859463
17.32886082854573,1424.6695213676926
17.316994121193805,1432.2710408195467
17.30514365523003,1441.5269486050952
17.293309397334006,1449.0110466211536
17.281491314276415,1455.3602901167335
17.269689372918716,1461.136542791859
17.25790354021282,1464.2457540151247
17.2461337832008,1467.987687398036
17.234380069014577,1472.3509224008785
17.222642364875608,1477.9553451364725
17.210920638094585,1482.9546133664167
17.199214856071144,1487.0553012690377
17.18752498629354,1491.8354571329141
17.17585099633836,1495.0721490876358
17.164192853870226,1495.6959444865975
17.152550526641487,1495.549145738285
17.140923982491923,1493.8390556260592
17.12931318934846,1491.895653199269
17.117718115224857,1488.8373308762355
17.106138728221435,1485.8518535694404
17.094574996524752,1485.0212301736378
17.08302688840736,1483.4452268040955
17.071494372227452,1484.3060890126856
17.05997741642864,1487.1150840024025
17.048475989539607,1491.472134307794
17.036990060173867,1494.648907238498
17.025519597029444,1498.9275177649392
17.014064568888625,1504.8891646461043
17.00262494461763,1509.3931529617018
16.991200693166377,1514.8707443262608
16.979791783568164,1518.521313468811
16.968398184939417,1520.7005124927525
16.957019866479392,1522.7740071912644
16.94565679746991,1523.9087337229807
16.93430894727506,1522.7249967786543
16.922976285340965,1518.819527983969
16.911658781195452,1513.091611405643
16.900356404447837,1504.611860770486
16.889069124788602,1493.5053803214632
16.877796911989158,1483.320634164176
16.866539735901558,1465.1733525565119
16.85529756645824,1448.1843179785183
16.844070373671748,1437.9756307205064
16.832858127634474,1422.5622176758284
16.821660798518383,1412.9244084776399
16.810478356574762,1405.0538954852932
16.799310772133946,1401.354860630668
16.78815801560506,1398.3133413732182
16.777020057475745,1397.0466685517795
16.76589686831193,1399.0927351783687
16.754788418757535,1401.4596190251668
16.743694679534233,1404.9543852891607
16.732615621441195,1409.2858967508405
16.72155121535482,1414.5371600580772
16.71050143222849,1420.489567410788
16.69946624309232,1425.2426867486927
16.68844561905289,1427.8558426118589
16.677439531293004,1429.5820010709897
16.66644795107144,1431.8871900727722
16.65547084972269,1433.2667442541099
16.644508198656716,1432.2318852139297
16.633559969358714,1432.5932400724412
16.622626133388838,1433.298821351235
16.611706662381987,1432.7436845912034
16.60080152804753,1432.9475658818028
16.589910702169092,1433.5687470166736
16.57903415660427,1433.1630662818418
16.56817186328444,1431.4359629321693
16.557323794214472,1428.9873518272964
16.54648992147252,1427.6539984468427
16.53567021720976,1427.3628267064792
16.52486465365017,1427.8385551113308
16.514073203090273,1430.0023288137447
16.503295837898925,1432.399831298814
16.49253253051705,1435.6004238469798
16.481783253457436,1440.0137367801703
16.471047979304473,1444.4193823626356
16.46032668071394,1449.7971180043035
16.44961933041276,1456.7666953403832
16.438925901198775,1460.273580653676
16.428246365940513,1464.9907026756373
16.41758069757697,1469.7394636769836
16.40692886911735,1472.3245795060195
16.396290853640885,1475.0564331802352
16.38566662429656,1477.3103901907616
16.37505615430293,1478.2768517793043
16.36445941694785,1478.5015097682544
16.35387638558829,1476.4376866439745
16.343307033650092,1473.9992986823615
16.332751334627762,1472.0642931334232
16.322209262084222,1467.4670152908393
16.311680789650616,1464.3513265911715
16.301165891026077,1462.6485628806845
16.290664539977517,1462.682666429275
16.28017671033939,1463.0887688770576
16.269702376013502,1463.9375212754017
16.259241510968767,1466.1761618157075
16.24879408924102,1470.2652242266458
16.238360084932765,1472.7434169028625
16.227939472213006,1474.5604552583638
16.21753222531699,1475.7383153841906
16.20713831854603,1476.1949954518432
16.19675772626727,1476.5272961747164
16.18639042291349,1474.921898821232
16.176036382982875,1472.8825309854074
16.165695581038843,1470.8148234832115
16.155367991709788,1468.7912306138815
16.145053589688917,1465.0216196666565
16.134752349734015,1459.9324101996667
16.124464246667248,1456.0606790120291
16.114189255374963,1452.9665641490901
16.10392735080748,1449.5916062720366
16.09367850797888,1447.7887986127412
16.083442701966817,1446.6166302215447
16.0732199079123,1446.1861773498972
16.06301010101951,1445.41738877759
16.052813256555584,1445.7882531895436
16.042629349850426,1449.2075505338844
16.032458356296495,1451.1033947805154
16.02230025134862,1452.4836584100644
16.012155010523802,1453.446887105622
16.002022609401006,1453.8501831270466
15.991903023620967,1454.2389828322814
15.981796228886019,1453.0831041354845
15.971702200959857,1450.4646609071033
15.961620915667389,1447.4662581836637
15.951552348894504,1445.536672504319
15.941496476587911,1440.7592774795885
15.931453274754924,1438.4838796924555
15.921422719463287,1435.6479293936677
15.91140478684097,1431.1193391117245
15.901399453076001,1426.7854649086112
15.891406694416247,1421.6919311245301
15.881426487169259,1416.668554167531
15.871458807702052,1413.366392347527
15.86150363244095,1411.8265555688345
15.851560937871376,1409.8762957096487
15.841630700537682,1409.4108293411687
15.831712897042946,1409.3778240611123
15.821807504048822,1411.1455328319066
15.811914498275314,1413.0820129194956
15.802033856500634,1414.0203047660098
15.792165555560983,1415.7983712341688
15.782309572350405,1417.4297070473885
15.77246588382058,1416.6469541390447
15.762634466980662,1416.1563227060474
15.752815298897083,1415.8978221908797
15.743008356693398,1415.5182097249249
15.733213617550078,1415.786312662534
15.723431058704364,1415.8193119268935
15.713660657450058,1415.4638662395816
15.703902391137385,1414.7384268803212
15.694156237172779,1414.122132656571
15.68442217301874,1413.7108971479051
15.67470017619364,1413.1348457712268
15.664990224271564,1410.8049764538748
15.655292294882122,1408.7525811844193
15.645606365710298,1407.091288261422
15.635932414496255,1406.9591502587054
15.626270419035187,1406.6684568263595
15.616620357177126,1407.7373554179194
15.606982206826805,1408.9352816107046
15.597355945943447,1410.2550964781153
15.587741552540638,1412.2917006837383
15.578139004686127,1415.5003988532576
15.568548280501691,1419.5658767471677
15.55896935816293,1423.4419683341505
15.549402215899143,1428.372354323314
15.539846831993128,1432.4994268497076
15.530303184781042,1438.2537099218798
15.52077125265222,1442.1368300439897
15.511251014049032,1444.051740802895
15.501742447466691,1445.3941138339244
15.492245531453127,1445.1021309555188
15.48276024460879,1444.1265778671418
15.473286565586523,1442.3648146390829
15.463824473091368,1439.275286915502
15.454373945880437,1435.6422778697433
15.444934962762732,1431.984236621651
15.435507502598998,1429.2712192125969
15.426091544301558,1421.6574140096454
15.416687066834166,1418.0410675713795
15.407294049211835,1414.4169495241304
15.397912470500696,1410.4870028006203
15.38854230981783,1407.6066751011458
15.379183546331127,1405.7053180428443
15.369836159259114,1404.7076940981078
15.36050012787082,1405.700265988372
15.351175431485604,1407.3219223862466
15.341862049473024,1409.289414473075
15.332559961252658,1411.2325522948618
15.323269146293981,1412.809618392126
15.31398958411619,1413.0579635667382
15.30472125428807,1413.3953774916004
15.295464136427833,1412.962551588386
15.286218210202978,1412.714003787667
15.276983455330129,1410.8411954312328
15.267759851574906,1409.6929795044655
15.258547378751757,1408.5116032543858
15.249346016723829,1407.917201343903
15.240155745402799,1407.4594999749786
15.230976544748755,1406.511244722243
15.221808394770026,1407.1603355363145
15.212651275523056,1408.4870019014597
15.203505167112244,1410.5901358814417
15.194370049689809,1412.1727331304633
15.185245903455643,1413.337721412218
15.176132708657173,1414.9600326741306
15.167030445589205,1415.3424163882987
15.157939094593806,1414.8594723932492
15.14885863606013,1413.098107163182
15.139789050424312,1410.513337742797
15.130730318169297,1408.0636830953554
15.121682419824724,1404.0167238110796
15.112645335966764,1400.2942210854944
15.10361904721801,1397.9008022591506
15.094603534247298,1394.9345224598953
15.085598777769617,1392.1129265320117
15.076604758545924,1389.6481094671235
15.067621457383053,1388.2476695151222
15.058648855133534,1387.9148615187482
15.049686932695494,1388.5855135707598
15.040735671012493,1389.2652287539172
15.031795051073415,1390.5392276223188
15.022865053912303,1392.5190078330388
15.013945660608265,1398.260127521535
15.005036852285292,1400.490209613335
14.99613861011217,1404.8851202835942
14.987250915302315,1408.034061636121
14.978373749113663,1410.9591527865102
14.969507092848518,1413.452442711473
14.960650927853443,1415.4646833309976
14.951805235519107,1416.3700229224078
14.942969997280171,1417.4728788069638
14.934145194615146,1418.238418976971
14.925330809046283,1418.5175507232207
14.916526822139414,1418.5578602082066
14.907733215503855,1419.0477915396887
14.89894997079225,1420.0782765788695
14.890177069700469,1421.2063380835202
14.881414493967458,1423.1530916754455
14.872662225375132,1425.180283740181
14.863920245748231,1428.0719865967112
14.855188536954213,1430.013253728639
14.846467080903103,1431.0195991481626
14.837755859547404,1431.1432804938486
14.829054854881928,1430.289900287624
14.82036404894372,1430.3812886041783
14.811683423811889,1427.8269981650735
14.803012961607525,1426.1119858934876
14.79435264449354,1424.15561132919
14.785702454674576,1422.3918474707807
14.777062374396863,1420.661861597032
14.76843238594811,1419.1093623031045
14.759812471657371,1418.2110043220014
14.751202613894943,1417.509827295412
14.742602795072223,1416.6758611647087
14.73401299764161,1414.8330989120627
14.725433204096365,1412.9555363955865
14.716863396970517,1412.9678988588098
14.708303558838717,1408.7477778603711
14.699753672316142,1404.789687591463
14.69121372005836,1400.5496829849017
14.682683684761235,1395.8908474950838
14.674163549160777,1391.59046248114
14.665653296033065,1386.2217074643668
14.657152908194096,1380.0669304644464
14.648662368499691,1375.3017322969567
14.64018165984537,1367.2757163963552
14.631710765166241,1361.8959658218905
14.623249667436887,1354.7656776454883
14.614798349671247,1350.2540648540735
14.606356794922501,1341.433427179523
14.59792498628297,1334.254166415311
14.589502906883986,1330.9778214760754
14.58109053989579,1327.317139719884
14.572687868527414,1322.7237385345352
14.564294876026578,1320.873022816318
14.555911545679567,1320.5393806569557
14.547537860811133,1321.146110658442
14.539173804784369,1322.7123672738867
14.530819361000617,1325.3981708048466
14.522474512899336,1328.6394923487533
14.51413924395802,1331.170067362877
14.50581353769206,1337.1889507415508
14.497497377654662,1342.7682052594228
14.489190747436714,1345.5955401071856
14.480893630666703,1348.8307721599954
14.47260601101058,1351.6112124991414
14.464327872171681,1354.5132092685303
14.456059197890596,1356.1443259649384
14.447799971945084,1357.7810034056547
14.439550178149943,1359.3340282515915
14.431309800356932,1360.9806502763954
14.423078822454634,1362.548748537628
14.414857228368387,1363.3480393179866
14.406645002060142,1364.2928567877161
14.398442127528392,1366.4718655792012
14.390248588808042,1368.4275863307696
14.382064369970328,1370.9906859507178
14.373889455122686,1373.387195241461
14.365723828408683,1376.3473390756521
14.357567474007883,1380.640488690934
14.349420376135772,1383.907218961098
14.341282519043627,1387.7472993747278
14.333153887018447,1392.2154003282
14.32503446438282,1396.8233636961345
14.316924235494854,1399.9020260957564
14.308823184748041,1402.160010565332
14.300731296571195,1404.9006788382017
14.292648555428316,1406.8981425580405
14.284574945818525,1406.5447655746705
14.276510452275929,1407.1162492372341
14.26845505936956,1406.5076061778327
14.260408751703238,1405.2442709319885
14.252371513915513,1404.1620796044954
14.244343330679529,1402.0289969218302
14.236324186702957,1399.7102939104439
14.228314066727874,1398.082828441516
14.220312955530687,1397.0191587285158
14.212320837922022,1396.5685391487355
14.204337698746635,1396.0534963887558
14.196363522883308,1396.8933478928316
14.188398295244772,1397.184721464405
14.180442000777585,1397.3692378239766
14.172494624462065,1398.4328966436137
14.16455615131217,1398.4926997247949
14.156626566375422,1398.5407521203003
14.148705854732807,1398.127113038971
14.140794001498683,1396.5781684039448
14.132890991820679,1394.4876247464497
14.124996810879617,1392.2207986484364
14.1171114438894,1390.18846427478
14.10923487609694,1388.3188827096842
14.101367092782048,1386.454141522599
14.093508079257361,1386.0024527540309
14.08565782086823,1385.5050856323114
14.077816302992645,1387.9749778590367
14.069983511041132,1389.5879763112066
14.062159430456681,1391.0856727013852
14.054344046714627,1393.4095918683802
14.046537345322594,1395.4074430755386
14.038739311820374,1397.8917270155089
14.030949931779862,1399.5180591699805
14.023169190804948,1400.8599376430898
14.015397074531448,1402.651699823337
14.007633568626993,1403.501688653485
13.999878658790962,1404.5626075129085
13.99213233075438,1404.7487152736358
13.98439457027984,1403.4177377711349
13.9766653631614,1402.4989955253675
13.968944695224527,1401.7720562587276
13.961232552325969,1400.6489161323002
13.953528920353707,1400.747632879193
13.94583378522684,1401.0503050458865
13.938147132895523,1404.098477937985
13.930468949340856,1406.5119318325796
13.922799220574827,1410.2329919747358
13.915137932640203,1415.7560333731249
13.90748507161046,1420.275891260188
13.899840623589688,1424.5740030879128
13.89220457471252,1430.5483784737203
13.884576911144034,1439.1930454127028
13.876957619079684,1443.8069101528
13.869346684745198,1447.6903625747186
13.861744094396517,1452.3076756324708
13.854149834319692,1457.6344303582723
13.846563890830819,1462.285788550655
13.838986250275937,1467.3615105130652
13.831416899030975,1471.5676910521556
13.823855823501635,1476.7638879887822
13.816303010123342,1480.7826986942093
13.808758445361137,1484.4619103472742
13.801222115709622,1487.3827078537997
13.793694007692855,1490.232655346399
13.786174107864287,1490.703301168733
13.778662402806672,1490.5765117155752
13.771158879131997,1488.950219676099
13.763663523481386,1486.674480890078
13.756176322525041,1484.8463677500285
13.748697262962144,1482.7451786828296
13.7412263315208,1480.9490805035634
13.733763514957927,1478.6255537712204
13.726308800059217,1476.0351173974768
13.718862173639021,1473.9272509365755
13.7114236225403,1472.2944940727748
13.703993133634523,1469.9205753681367
13.696570693821615,1468.153773492868
13.689156290029853,1466.225310641759
13.68174990921582,1465.5704255310643
13.674351538364295,1464.6089864715257
13.666961164488207,1466.9379066608813
13.659578774628535,1469.4158321198947
13.652204355854252,1471.4300590672453
13.644837895262231,1474.730679071069
13.63747937997719,1478.0691272428955
13.630128797151594,1482.1243417123787
13.622786133965604,1486.549994863466
13.615451377626979,1490.2759271405166
13.608124515371026,1493.4105929130806
13.6008055344605,1495.647481758807
13.59349442218556,1496.8356911299256
13.586191165863658,1497.1285798640106
13.578895752839507,1493.321023981709
13.571608170484975,1490.7305582490521
13.564328406199033,1488.615612223909
13.557056447407662,1484.4712598280098
13.54979228156381,1480.3443945689078
13.542535896147285,1475.1379673218935
13.535287278664713,1470.5524101795563
13.528046416649447,1466.190468206381
13.520813297661508,1461.9257545641453
13.513587909287502,1460.5276813063042
13.506370239140562,1458.538260460057
13.499160274860262,1457.098346251282
13.491958004112567,1456.9177472751858
13.484763414589734,1456.356661001016
13.477576494010277,1458.9074030027346
13.470397230118861,1461.1894347480375
13.463225610686266,1463.1998068780194
13.456061623509285,1464.7660575616942
13.448905256410686,1467.2854046194893
13.441756497239119,1470.2813202494956
13.434615333869061,1473.0727711902114
13.42748175420074,1476.282120593531
13.420355746160071,1478.4903778075723
13.413237297698586,1480.1453282197433
13.40612639679337,1481.601621394842
13.39902303144698,1482.8673943485041
13.3919271896874,1483.5263849673884
13.384838859567953,1484.1166116249142
13.377758029167245,1484.3882134364958
13.37068468658909,1485.1620388124084
13.36361881996246,1486.4168497653195
13.356560417441393,1488.3075268032876
13.349509467204955,1490.6769344714703
13.342465957457145,1492.9617293680394
13.335429876426863,1495.7275729141634
13.328401212367805,1497.7499665301743
13.321379953558434,1501.026498021532
13.31436608830189,1504.0235850899726
13.307359604925944,1506.8638559394396
13.300360491782907,1508.8921955020062
13.293368737249603,1510.9392441210393
13.286384329727262,1511.97171142607
13.279407257641497,1513.2853841742544
13.272437509442202,1512.1599766915083
13.265475073603527,1512.1369750160918
13.258519938623772,1511.3709765128588
13.251572093025368,1510.2056834746472
13.244631525354771,1508.7944168223016
13.237698224182438,1507.495879168373
13.230772178102729,1506.6291392570133
13.22385337573388,1505.5214913745008
13.216941805717903,1504.0261543230579
13.21003745672056,1502.7409646269853
13.20314031743127,1501.2522264911727
13.196250376563073,1499.517209709411
13.189367622852549,1497.2709094319014
13.182492045059767,1495.3704398115215
13.17562363196822,1494.2679893508061
13.16876237238477,1491.9895899905205
13.16190825513957,1489.8747675120433
13.155061269086035,1488.7244700820866
13.148221403100743,1487.3907400508556
13.141388646083408,1485.492839805737
13.134562986956796,1483.5002957065615
13.127744414666685,1481.0105015280762
13.120932918181785,1479.5306370687929
13.114128486493698,1477.4975400704946
13.107331108616844,1475.8110781194937
13.100540773588413,1474.4741463860278
13.093757470468294,1473.1758135071286
13.086981188339028,1471.9819804817369
13.080211916305739,1471.4087733636152
13.073449643496089,1471.0850567805446
13.066694359060204,1470.5721732650359
13.05994605217063,1469.631225937941
13.053204712022263,1468.7289181949336
13.046470327832303,1467.7963529817
13.039742888840182,1466.5437804551
13.033022384307529,1465.9867757967127
13.026308803518083,1466.4259565056013
13.019602135777667,1467.0000085898114
13.012902370414105,1468.1897364282586
13.006209496777188,1470.4223256322448
12.999523504238594,1473.1066504944079
12.992844382191857,1476.7629055140076
12.986172120052284,1480.0442828677576
12.979506707256931,1483.6534592469527
12.97284813326451,1486.5250682734472
12.966196387555367,1489.2480169421801
12.959551459631406,1494.3210925661442
12.952913339016046,1495.136109200174
12.94628201525415,1496.1916064173797
12.939657477911993,1497.2792464296065
12.933039716577184,1497.4050909165621
12.926428720858627,1496.9506038252716
12.919824480386461,1496.1230010123977
12.913226984812011,1495.1877270362206
12.906636223807716,1493.6670509434375
12.900052187067105,1492.5775554414813
12.893474864304713,1491.757457676172
12.886904245256053,1490.868978172904
12.88034031967754,1490.8144725639527
12.873783077346456,1492.0803234235882
12.867232508060887,1492.298479838444
12.860688601639675,1494.2982437392006
12.854151347922354,1495.7483976759788
12.84762073676912,1497.8387760576043
12.841096758060754,1500.8692713266155
12.834579401698585,1502.6874274553707
12.828068657604433,1505.214722002721
12.821564515720558,1507.2975234238133
12.815066966009605,1509.3549547885725
12.808575998454561,1511.9583165103745
12.802091603058688,1512.8744837764734
12.795613769845493,1513.5182226307656
12.789142488858655,1513.7981932459363
12.78267775016199,1513.532406225362
12.776219543839394,1512.946974213955
12.76976785999479,1512.3149339604206
12.763322688752078,1511.9160970510325
12.756884020255097,1510.2611466593137
12.75045184466755,1508.1104761164274
12.74402615217298,1507.3860200758986
12.737606932974701,1506.079164084309
12.731194177295764,1505.063008907995
12.724787875378889,1505.0878247678704
12.71838801748643,1505.6175937368303
12.711994593900322,1506.4624776370374
12.70560759492203,1508.537023762608
12.6992270108725,1511.0423604991013
12.692852832092115,1513.9259617324465
12.686485048940634,1517.9846113406747
12.680123651797162,1521.6081102921
12.673768631060081,1525.268957973175
12.667419977147024,1528.8466643936438
12.6610776804948,1531.3396975585572
12.654741731559374,1534.421649665404
12.648412120815795,1537.2254817137768
12.64208883875817,1537.463461143865
12.635771875899595,1537.9137752420302
12.629461222772127,1536.72458005001
12.623156869926719,1535.464946966763
12.616858807933191,1532.6242837961586
12.610567027380164,1528.9346998735682
12.604281518875032,1524.769073231908
12.5980022730439,1519.3296471815115
12.591729280531545,1514.4725915601484
12.585462532001365,1508.1405092940886
12.579202018135344,1502.8186054261582
12.572947729633988,1498.413882271241
12.566699657216294,1492.092309847147
12.560457791619694,1488.9233914204683
12.55422212360002,1482.971748414391
12.547992643931446,1476.9573229476296
12.541769343406454,1476.2683212534807
12.535552212835773,1475.1104568707256
12.52934124304836,1474.010899762362
12.523136424891325,1473.8885284034416
12.516937749229905,1473.975590664263
12.510745206947416,1474.063521976807
12.504558788945204,1474.7386135640795
12.498378486142599,1476.4100313423826
12.492204289476884,1477.6637277661007
12.486036189903233,1478.7225283172297
12.479874178394681,1479.5629663545199
12.473718245942063,1480.0098889738506
12.467568383553997,1480.2279723177935
12.461424582256809,1480.343522895968
12.455286833094517,1480.3920852364379
12.449155127128764,1478.9115544424972
12.443029455438793,1478.2281828786283
12.436909809121396,1478.4757778845787
12.430796179290867,1478.805272948402
12.424688557078966,1479.5497520711474
12.418586933634876,1480.9902488582175
12.412491300125149,1483.4942592066132
12.406401647733684,1486.1761799175033
12.400317967661662,1489.395356162816
12.394240251127524,1493.1237853512448
12.388168489366905,1497.1385798249394
12.38210267363262,1502.4689526738566
12.376042795194598,1508.6337203497292
12.369988845339858,1514.6540841767596
12.36394081537245,1521.9081422183785
12.35789869661343,1527.5429400757334
12.351862480400806,1530.9604369138187
12.345832158089504,1539.9799485071485
12.339807721051324,1547.9539981393211
12.3337891606749,1551.6096994402264
12.327776468365654,1556.1072036045584
12.321769635545767,1560.1038468200381
12.315768653654118,1563.534557728892
12.309773514146272,1566.3213197132272
12.303784208494406,1569.2582166700176
12.297800728187301,1570.740777138959
12.291823064730274,1570.4679213819861
12.28585120964516,1570.127139811219
12.279885154470255,1568.284086601619
12.273924890760288,1566.4250681320636
12.267970410086372,1563.2217711478443
12.262021704035973,1560.747433141259
12.25607876421286,1556.8213026924257
12.250141582237083,1554.9869374246862
12.244210149744905,1548.5848211722073
12.238284458388796,1542.4729830572348
12.232364499837367,1538.42146756403
12.226450265775346,1534.5563425352498
12.220541747903535,1529.1385360477207
12.214638937938771,1525.7706051124962
12.208741827613883,1520.6247698862226
12.202850408677664,1516.1469144797597
12.196964672894817,1511.156489137375
12.191084612045938,1506.5485130378818
12.185210217927452,1502.7393867435667
12.1793414823516,1498.7129574214691
12.173478397146381,1493.7214853218343
12.167620954155527,1489.1551123313243
12.161769145238459,1485.4319976746237
12.15592296227025,1481.5086557547247
12.150082397141588,1478.621733413348
12.144247441758743,1475.5443532214626
12.138418088043517,1472.6778347490695
12.132594327933223,1472.4437628714163
12.126776153380634,1473.25202933977
12.120963556353958,1472.9823255114136
12.115156528836787,1473.189607136293
12.109355062828076,1473.8921116427741
12.10355915034209,1474.9986948203266
12.097768783408384,1476.298100650196
12.09198395407175,1477.694506858938
12.086204654392198,1478.911519778561
12.080430876444897,1480.423027420834
12.074662612320166,1482.0534993342376
12.068899854123414,1483.470144536192
12.06314259397512,1485.32860639698
12.057390824010787,1487.6848641645515
12.051644536380913,1489.6848678895476
12.04590372325095,1491.15991655846
12.040168376801274,1494.204391802896
12.03443848922714,1496.3368418337468
12.028714052738664,1497.075840388114
12.022995059560763,1498.5059914373355
12.017281501933148,1500.0104692263058
12.01157337211026,1501.3465951298829
12.00587066236126,1502.3270617563473
12.00017336496998,1503.1483414080913
11.99448147223489,1503.2334337456455
11.988794976469066,1503.3046932081436
11.983113870000157,1504.0918847415028
11.977438145170341,1505.0327605001212
11.971767794336307,1505.7345382244425
11.966102809869202,1506.6334864802793
11.960443184154615,1507.3053872336259
11.954788909592521,1507.9332931888848
11.949139978597277,1508.5972676311408
11.943496383597553,1509.3027009399334
11.937858117036331,1510.227912104214
11.932225171370844,1510.8545180044862
11.926597539072565,1510.4927886607907
11.920975212627157,1509.5801301819138
11.915358184534448,1509.2696035530062
11.90974644730839,1508.160374721972
11.904139993477042,1506.6370809630707
11.898538815582516,1504.4668830447504
11.892942906180958,1502.825360066227
11.887352257842508,1500.8485148197913
11.881766863151277,1498.1531460202145
11.8761867147053,1496.5108627243455
11.870611805116512,1493.7477998514466
11.865042127010716,1491.4968461986823
11.859477673027547,1489.1237275386306
11.853918435820438,1487.1586435344566
11.848364408056598,1484.3241590367784
11.842815582416966,1482.0918437753671
11.83727195159619,1480.4852624080615
11.831733508302584,1478.32113729874
11.826200245258107,1477.0726020830894
11.820672155198324,1476.2449937614954
11.81514923087238,1474.9853256119836
11.80963146504296,1473.5290123406753
11.804118850486267,1471.688118083098
11.798611379991979,1469.56153687999
11.793109046363234,1467.1835098414192
11.787611842416577,1464.7578204052297
11.782119760981955,1462.2501920405994
11.776632794902657,1459.1314955770242
11.771150937035307,1457.2857179982502
11.765674180249817,1454.635365316469
11.76020251742937,1452.6369019339995
11.754735941470376,1450.1590690910832
11.749274445282447,1448.1043124471953
11.743818021788368,1447.0003541851338
11.738366663924065,1445.5582008883662
11.732920364638572,1445.4698081746378
11.727479116894008,1444.542584532277
11.722042913665533,1445.8807687042613
11.716611747941334,1447.0241043753851
11.71118561272258,1447.7583832178468
11.705764501023411,1449.2222510756471
11.70034840587088,1451.3596027524195
11.694937320304952,1453.0311209367023
11.689531237378453,1454.2321662676657
11.684130150157056,1455.498638018888
11.678734051719237,1456.772018327541
11.67334293515626,1457.4989903246078
11.667956793572131,1457.8067218651004
11.662575620083587,1457.48560303577
11.657199407820045,1457.1791324310157
11.651828149923599,1456.761334223001
11.646461839548964,1456.154674170104
11.641100469863474,1455.6979558787461
11.635744034047022,1454.9844943636585
11.630392525292061,1454.488027863657
11.625045936803554,1454.9126280594983
11.619704261798962,1455.6936417103834
11.614367493508194,1456.882878926515
11.609035625173602,1458.5291617843354
11.603708650049935,1460.3442845728623
11.598386561404322,1462.1877688974014
11.593069352516231,1463.8873358772985
11.58775701667746,1466.391267278475
11.582449547192082,1468.8177797918652
11.577146937376448,1470.4982377591894
11.571849180559127,1474.127870563652
11.566556270080907,1476.7705988497055
11.561268199294746,1480.1183895541496
11.555984961565759,1483.3377508576314
11.550706550271176,1487.4867952633062
11.545432958800326,1491.052185080082
11.540164180554605,1493.7503653074339
11.534900208947448,1496.0180201249077
11.5296410374043,1497.9227687108878
11.524386659362596,1498.0426742092209
11.519137068271723,1499.4843709267138
11.513892257593005,1498.0540437805143
11.508652220799659,1497.3923132747886
11.50341695137679,1495.8176154889875
11.498186442821341,1494.0501593309514
11.492960688642087,1492.0911720177123
11.48773968235959,1490.1951343532028
11.48252341750619,1488.7421853038472
11.477311887625955,1486.6853243489186
11.472105086274683,1484.0334551246547
11.466903007019846,1482.7630668336235
11.461705643440597,1480.0275434666728
11.456512989127702,1476.9425391945006
11.451325037683558,1473.2539706583445
11.44614178272213,1470.0540119628415
11.440963217868946,1466.2880250358312
11.435789336761061,1462.3306265192946
11.430620133047045,1459.4299420562697
11.42545560038693,1456.2234774897051
11.42029573245222,1446.898270140777
11.415140522925824,1444.7791415825513
11.409989965502076,1443.6917422336276
11.404844053886666,1440.9050710396627
11.399702781796645,1439.2934043556643
11.394566142960382,1438.4209782932817
11.38943413111755,1438.5968726051447
11.384306740019092,1438.0308669650926
11.379183963427199,1438.908387500255
11.374065795115284,1439.9484332193183
11.368952228867963,1441.3492371620478
11.363843258481015,1442.0669160637208
11.358738877761375,1443.5322797160911
11.353639080527094,1445.552280554196
11.348543860607325,1446.7189510023404
11.343453211842288,1447.0165040143347
11.338367128083256,1447.2176299845319
11.333285603192518,1447.3548575211587
11.32820863104337,1446.8949435349932
11.323136205520074,1446.3969874844977
11.318068320517844,1443.1633190932635
11.313004969942815,1442.9605006239588
11.307946147712029,1443.2191740618457
11.302891847753395,1442.7495756506469
11.297842064005682,1443.6883762368589
11.292796790418477,1445.287222238549
11.287756020952179,1446.4292674096168
11.282719749577955,1449.4829549947096
11.277687970277741,1452.6857092492628
11.272660677044188,1454.8908580122702
11.267637863880669,1459.5993690111209
11.262619524801226,1464.7972993485253
11.257605653830572,1470.1092336360039
11.252596245004046,1475.6940817164443
11.247591292367607,1479.514952772615
11.242590789977797,1485.167304826311
11.237594731901726,1489.445969117378
11.232603112217042,1493.8686890233666
11.227615925011916,1496.2546429887916
11.222633164385003,1498.4196682940874
11.217654824445445,1500.3928661846192
11.212680899312817,1503.5662173665437
11.20771138311713,1503.5102949239094
11.20274626999879,1503.185825639904
11.197785554108586,1503.0192714441584
11.192829229607659,1502.505283410982
11.187877290667485,1502.4690565685983
11.182929731469851,1501.644617582189
11.177986546206832,1500.5772366536394
11.17304772908076,1499.6116142757317
11.168113274304222,1498.0640606996672
11.163183176100011,1496.114732369751
11.158257428701129,1494.670506715796
11.153336026350738,1493.1741812223256
11.148418963302168,1490.7120122172857
11.143506233818865,1489.2583423434412
11.13859783217439,1487.611162308202
11.133693752652384,1485.7115210948948
11.128793989546557,1483.6586968097586
11.12389853716065,1482.2362211619218
11.119007389808436,1481.2522782102415
11.114120541813667,1480.071782872509
11.10923798751009,1479.3875294206357
11.104359721241384,1479.3729785072278
11.099485737361176,1478.770557556377
11.094616030232988,1477.7272592062732
11.089750594230242,1477.8052966897203
11.084889423736216,1476.151069936383
11.080032513144038,1474.2642192775274
11.075179856856654,1472.7351013141931
11.070331449286815,1468.5086052734255
11.065487284857046,1466.1185021002661
11.060647357999636,1462.2488569264638
11.055811663156605,1458.126023532789
11.050980194779699,1454.355349029323
11.046152947330343,1450.2712293087884
11.04132991527965,1447.760619446786
11.036511093108372,1443.3099020018385
11.031696475306903,1440.189791318084
11.02688605637524,1438.4885562019522
11.022079830822971,1437.9308665841543
11.017277793169251,1436.8248058992976
11.01247993794279,1439.5422660128572
11.007686259681808,1441.7222911867666
11.00289675293405,1443.5806995519497
10.99811141225673,1444.9878597921238
10.993330232216538,1447.3197384375808
10.9885532073896,1449.2765165471465
10.983780332361475,1451.0853134297327
10.97901160172711,1452.9362982619084
10.974247010090851,1454.7098564908229
10.969486552066394,1455.9317231143455
10.964730222276785,1456.1629120172415
10.959978015354384,1456.742273968678
10.955229925940861,1457.326840542041
10.95048594868716,1457.713319503721
10.94574607825349,1457.306389492081
10.9410103093093,1457.4383052163325
10.936278636533263,1457.3559256947897
10.931551054613248,1457.0756890835796
10.926827558246313,1456.861346779714
10.922108142138667,1456.2891943411332
10.91739280100567,1455.8019636107974
10.912681529571802,1455.7081115900512
10.907974322570643,1456.451914610663
10.903271174744857,1456.8100332733852
10.898572080846174,1457.453451320775
10.893877035635361,1458.1949909361424
10.889186033882218,1458.679822082202
10.88449907036554,1459.382940848518
10.879816139873117,1460.0771835031787
10.8751372372017,1460.889516942162
10.870462357156986,1461.597673117386
10.865791494553603,1462.2622501405576
10.861124644215085,1462.9351165754501
10.856461800973854,1463.4600351340557
10.85180295967121,1463.7701732941864
10.84714811515729,1464.1516067815637
10.842497262291081,1464.5561219903195
10.837850395940368,1464.9763588257981
10.83320751098174,1465.411364804077
10.828568602300555,1465.6718713187277
10.823933664790934,1465.7809261600905
10.81930269335573,1465.3702458299772
10.814675682906524,1465.355961315016
10.810052628363588,1465.0298240728985
10.805433524655882,1460.9252992310287
10.800818366721026,1458.4132194627805
10.796207149505292,1456.8404152357718
10.791599867963571,1455.1025507137606
10.786996517059364,1450.3199642310979
10.78239709176477,1448.206520832513
10.777801587060448,1445.8951603689584
10.773209997935615,1443.2284061817859
10.768622319388024,1439.0758204171939
10.764038546423949,1436.0018166275863
10.759458674058155,1432.490956374583
10.754882697313892,1429.7564565194702
10.75031061122287,1426.5000977411419
10.745742410825253,1424.808170186756
10.741178091169619,1422.446309836153
10.736617647312963,1420.941999861804
10.732061074320667,1419.706974952831
10.727508367266495,1418.5987590847208
10.722959521232553,1417.5777288274392
10.718414531309294,1417.3176720490605
10.713873392595492,1417.225464006277
10.70933610019822,1417.0357718710527
10.704802649232835,1416.9795890850419
10.700273034822963,1418.9870629896038
10.695747252100483,1419.4925059901964
10.691225296205507,1420.0990824016067
10.686707162286353,1420.9028292549087
10.682192845499547,1421.631714919201
10.67768234100979,1422.0555949308246
10.67317564398995,1422.2585859011099
10.668672749621038,1422.31741650469
10.664173653092192,1422.049014305933
10.65967834960067,1422.0069004269908
10.655186834351817,1421.6844868504645
10.650699102559058,1420.3932305511885
10.646215149443876,1419.2186457314672
10.641734970235804,1418.3812201117785
10.637258560172398,1417.2597417196384
10.632785914499221,1416.0836413301479
10.628317028469834,1415.2468970242487
10.62385189734577,1414.2626427173877
10.619390516396527,1413.874658912016
10.61493288089954,1414.3460379857831
10.610478986140171,1414.4651659884728
10.606028827411695,1413.798769242002
10.60158240001528,1413.706956216436
10.597139699259964,1417.6402383776435
10.59270072046265,1419.0990850453004
10.588265458948086,1420.7446836272989
10.583833910048842,1422.7120463500028
10.579406069105303,1424.145517038421
10.574981931465645,1427.9258910758217
10.570561492485824,1429.2924709940562
10.56614474752956,1432.842509125518
10.56173169196831,1435.849056768804
10.557322321181271,1436.323362850098
10.552916630555346,1437.329408109351
10.54851461548514,1438.09275314337
10.544116271372936,1438.2865008717336
10.53972159362868,1436.964098260355
10.535330577669974,1436.1167709069814
10.530943218922047,1434.5239983015758
10.526559512817752,1432.064813590372
10.52217945479753,1429.2160827743728
10.517803040309426,1426.4177861141302
10.513430264809042,1422.7613272259719
10.509061123759537,1420.7038599158195
10.50469561263161,1418.3727391792586
10.500333726903483,1415.0126095258356
10.495975462060885,1407.8750146181555
10.491620813597036,1406.3964150862666
10.48726977701263,1405.7304385344191
10.482922347815824,1404.6380386527396
10.478578521522225,1403.2080048852818
10.47423829365486,1401.8757564574448
10.469901659744176,1400.685323583842
10.465568615328017,1399.3208959093365
10.461239155951617,1398.3076292504693
10.456913277167569,1396.2637140532565
10.452590974535825,1394.5200233412147
10.448272243623672,1393.8070301845983
10.443957080005724,1391.217076639883
10.4396454792639,1389.5618806849627
10.435337436987409,1386.3255635694602
10.431032948772744,1383.3411011095366
10.426732010223658,1379.4808028324244
10.422434616951147,1377.8104019794737
10.418140764573446,1375.4985095440838
10.413850448716005,1372.428166045649
10.409563665011481,1370.1120523574773
10.405280409099712,1367.7298133164493
10.401000676627712,1365.3449163501032
10.396724463249658,1364.0459480392879
10.392451764626868,1360.0364668917769
10.388182576427786,1359.325734867434
10.383916894327976,1358.6409073912725
10.3796547140101,1357.5197016061284
10.375396031163904,1356.5185334604207
10.371140841486206,1355.3150744390423
10.36688914068088,1354.8956827884863
10.362640924458844,1353.7001729319727
10.358396188538045,1352.8397377290803
10.354154928643435,1352.4902842349397
10.349917140506971,1352.1704209556078
10.345682819867594,1352.063806524177
10.341451962471218,1351.9669096003377
10.337224564070707,1352.1137790865405
10.333000620425869,1352.5449804244506
10.32878012730344,1352.8125576722014
10.324563080477075,1354.0333821182735
10.320349475727316,1355.4866459634418
10.3161393088416,1356.320087325169
10.311932575614232,1358.0326187363603
10.307729271846377,1359.9841785456824
10.303529393346038,1361.3452555087151
10.299332935928051,1362.5201977347597
10.295139895414067,1363.526356950953
10.290950267632539,1365.4107065873557
10.286764048418707,1367.2953579014275
10.282581233614582,1368.5034926198814
10.27840181906894,1368.8229428823756
10.274225800637304,1369.4265956222055
10.270053174181925,1369.6571407507458
10.265883935571772,1370.4648878332898
10.261718080682526,1371.1670605613317
10.257555605396558,1371.652131754964
10.253396505602913,1372.1139128231566
10.249240777197304,1372.6219999197447
10.245088416082092,1372.9881611278804
10.240939418166285,1373.516123193912
10.236793779365504,1373.6039323782384
10.232651495601987,1373.4038683882654
10.228512562804564,1373.4187203912543
10.22437697690866,1372.7549987107445
10.220244733856262,1372.2155592614145
10.216115829595914,1371.7111493303669
10.21199026008271,1371.0068429378157
10.207868021278273,1370.4597204157046
10.20374910915074,1369.5847603553157
10.19963351967476,1369.0067986410559
10.195521248831467,1368.503969252471
10.191412292608481,1368.016187771711
10.187306646999879,1367.7032929506213
10.183204308006196,1367.3349754217443
10.179105271634405,1366.968951443399
10.17500953389791,1365.9869428362
10.170917090816523,1364.7946060304162
10.166827938416455,1363.4568247394461
10.162742072730312,1362.019605863184
10.158659489797072,1360.711120498114
10.154580185662075,1358.1394628149342
10.150504156377009,1355.379794171196
10.146431397999903,1353.0969225773415
10.142361906595106,1349.8406047317762
10.138295678233282,1347.5595092880617
10.134232708991389,1342.6005831568375
10.130172994952677,1339.9703084845096
10.126116532206666,1337.8575253449903
10.122063316849138,1334.9834471685665
10.11801334498212,1332.1593991367504
10.113966612713883,1330.4444105623638
10.109923116158916,1329.9465033360198
10.105882851437917,1328.8362163880183
10.101845814677787,1328.350501206827
10.097812002011615,1327.8247351370192
10.093781409578659,1328.0177277047105
10.08975403352434,1328.2534630974747
10.085729870000229,1330.487745249289
10.081708915164034,1332.4927414966146
10.077691165179592,1332.8554569723074
10.073676616216845,1333.2220674178552
10.06966526445184,1334.6947083999564
10.06565710606671,1335.254955631723
10.061652137249673,1336.2737817118543
10.057650354194998,1337.0837516181678
10.053651753103011,1337.5810696741844
10.049656330180083,1338.5792500874177
10.045664081638611,1339.543144356477
10.041675003697005,1340.7176758503088
10.03768909257968,1341.052460256483
10.033706344517043,1342.6443961532505
10.029726755745486,1344.5083039177987
10.025750322507365,1345.5283017172605
10.021777041050994,1347.2872279517792
10.01780690763063,1349.4800537142955
10.01383991850647,1352.3320498911967
10.009876069944623,1354.4053989094891
10.005915358217113,1356.2113533877316
10.001957779601861,1358.3477092459366
9.998003330382677,1361.5273938446646
9.994052006849241,1363.91850781449
9.990103805297098,1365.7348275682557
9.986158722027644,1367.481451497594
9.982216753348121,1371.4462644775494
9.978277895571592,1372.3601075537517
9.974342145016935,1372.7555629222652
9.970409498008843,1373.5277649494546
9.966479950877797,1374.6496380721678
9.96255349996006,1375.3983015772326
9.95863014159767,1375.3967581108504
9.954709872138421,1375.6052770304111
9.95079268793586,1374.8324933700271
9.946878585349264,1374.2029360555548
9.942967560743643,1373.4554160564044
9.939059610489721,1371.7282980310988
9.935154730963923,1370.8047139023513
9.931252918548369,1368.8892512669977
9.927354169630853,1365.605166965087
9.923458480604847,1364.047700169955
9.919565847869482,1361.4721504510649
9.915676267829532,1359.180785171569
9.911789736895408,1357.1057114795613
9.90790625148315,1354.8647511330046
9.904025808014412,1352.7458775594305
9.90014840291645,1350.8965490800838
9.896274032622111,1349.0874971846529
9.892402693569828,1347.3875190652132
9.888534382203606,1346.1756725991565
9.884669094973003,1344.5435269146933
9.88080682833313,1341.7261718513455
9.876947578744637,1338.5989255421237
9.873091342673703,1338.406642710164
9.869238116592019,1338.0140736732137
9.865387896976785,1337.5840979452926
9.861540680310695,1337.1766872621192
9.857696463081927,1337.5212047477057
9.853855241784137,1337.6795923780292
9.850017012916437,1338.3701327341273
9.846181772983398,1339.3662860508114
9.842349518495029,1340.6481863252884
9.838520245966773,1341.8093766026714
9.834693951919489,1342.696984332052
9.83087063287945,1344.1227142445723
9.827050285378329,1346.0732737067983
9.823232905953189,1347.1678092538928
9.819418491146465,1348.7872191602705
9.815607037505968,1349.8883196420666
9.811798541584865,1350.9742503177736
9.80799299994167,1352.5812952681317
9.804190409140228,1353.2816587354441
9.80039076574972,1353.7936708576299
9.796594066344642,1354.5003875042867
9.792800307504793,1355.3364548740915
9.789009485815264,1355.7168771244924
9.78522159786644,1356.0981744738763
9.781436640253979,1356.5951864307979
9.777654609578802,1358.4012560167469
9.773875502447085,1360.032889927182
9.77009931547025,1361.094746806849
9.766326045264954,1362.2304239573396
9.76255568845308,1363.6798315151173
9.75878824166172,1365.2577158278514
9.755023701523179,1366.220670411787
9.75126206467495,1368.268218560513
9.747503327759711,1369.2371513016221
9.743747487425317,1372.0295854049014
9.739994540324785,1373.4737725324096
9.736244483116293,1375.9156358086234
9.732497312463153,1377.4277575932692
9.728753025033818,1378.20389739912
9.725011617501865,1380.546206722809
9.72127308654599,1381.6210788170195
9.717537428849989,1382.9147785319085
9.713804641102751,1383.4567212972988
9.710074719998259,1383.581666328651
9.706347662235565,1383.8174165320875
9.702623464518792,1383.0734017631712
9.698902123557112,1382.3573218768238
9.695183636064753,1380.8647773812422
9.691467998760974,1379.8368271955312
9.687755208370064,1378.0204288038913
9.684045261621325,1376.7125499617784
9.680338155249073,1375.4680974766306
9.676633885992624,1373.906866289344
9.672932450596276,1368.3841825535762
9.669233845809309,1367.9053591909817
9.665538068385976,1368.0297730931143
9.66184511508549,1368.0112765044942
9.65815498267201,1368.4643634349281
9.65446766791464,1368.3189106640712
9.650783167587417,1367.8780582392342
9.647101478469303,1369.0371018868173
9.643422597344165,1369.976985029319
9.63974652100078,1370.9772949485382
9.63607324623282,1371.6234000877403
9.632402769838844,1372.3577657819671
9.628735088622278,1372.9748827313574
9.625070199391423,1374.144057375861
9.621408098959437,1374.5725712210262
9.617748784144322,1373.9279096396904
9.614092251768923,1372.930929323666
9.61043849866091,1372.3982014370356
9.60678752165278,1371.7845253475236
9.603139317581837,1370.234476261965
9.59949388329019,1368.749335241821
9.595851215624737,1367.0323435380506
9.592211311437165,1365.6024348577505
9.588574167583934,1364.4058776666104
9.58493978092627,1363.6024018574888
9.581308148330153,1362.9692587919703
9.577679266666319,1361.9280176689335
9.574053132810235,1360.0617723221997
9.570429743642102,1362.8351280678712
9.56680909604684,1363.8032739163145
9.563191186914082,1365.1066935278018
9.55957601313817,1366.3489608742386
9.555963571618127,1367.4351220563494
9.552353859257673,1368.1439893890006
9.5487468729652,1369.945237337883
9.545142609653773,1370.8328530608128
9.541541066241107,1371.9072597107415
9.537942239649574,1373.7248540115047
9.534346126806184,1374.5717965357612
9.530752724642584,1375.7938183103254
9.527162030095042,1376.594014431303
9.523574040104437,1377.3343711564557
9.519988751616266,1378.3902297461386
9.516406161580612,1379.0812652930667
9.512826266952155,1379.7762002677443
9.509249064690152,1380.3553818899918
9.505674551758432,1380.515026728079
9.502102725125392,1381.276659137299
9.498533581763978,1381.966383690563
9.494967118651683,1382.5523277259626
9.491403332770542,1383.0117694532541
9.487842221107115,1383.3740475779277
9.48428378065249,1383.6174955936679
9.480728008402254,1383.7015095644915
9.47717490135651,1383.8294663642778
9.473624456519852,1383.632571232019
9.470076670901362,1383.5871539955679
9.466531541514597,1383.7114221968327
9.462989065377588,1384.0470871786015
9.45944923951283,1384.275067451743
9.455912060947266,1384.8337341136603
9.452377526712286,1385.0284436031602
9.44884563384372,1385.512945347121
9.44531637938182,1385.8048902622597
9.441789760371268,1386.733251542094
9.438265773861147,1387.5802713408439
9.434744416904953,1388.3961783434427
9.431225686560575,1388.8155356567652
9.427709579890285,1389.576928738707
9.42419609396074,1389.8049473614371
9.420685225842966,1390.3897880041184
9.417176972612353,1390.348163156108
9.413671331348642,1390.4821484265904
9.410168299135925,1389.9414018103926
9.40666787306263,1389.1460934432412
9.403170050221522,1388.6019104073303
9.39967482770968,1387.4070385327702
9.396182202628498,1386.465763332437
9.392692172083683,1385.5160503610564
9.389204733185238,1383.7864354702133
9.385719883047452,1382.0491954131223
9.382237618788903,1380.9125697769268
9.37875793753244,1379.1398714847196
9.37528083640518,1378.3162529368094
9.3718063125385,1377.1746731021362
9.36833436306802,1376.2422182796745
9.364864985133615,1370.5530849460338
9.361398175879389,1368.9390299495885
9.357933932453674,1367.5912479693166
9.35447225200902,1366.247807061302
9.351013131702189,1363.8468236812482
9.347556568694152,1362.34236408714
9.34410256015007,1360.5535353525988
9.340651103239296,1358.7976632594962
9.337202195135358,1357.183505344573
9.33375583301597,1356.715476758713
9.330312014062997,1355.1893984153905
9.326870735462467,1354.19825162391
9.32343199440456,1352.883376986132
9.319995788083599,1352.682190804309
9.316562113698035,1352.1836964899562
9.313130968450453,1352.2521683461214
9.309702349547555,1351.8214438675618
9.306276254200155,1352.216088886621
9.30285267962317,1352.3683922480877
9.299431623035614,1352.5441052255374
9.296013081660593,1352.846363393282
9.292597052725293,1353.2225882537114
9.289183533460974,1353.4432440363037
9.285772521102961,1353.7018526183838
9.282364012890643,1353.7698776472978
9.278958006067455,1353.9732559755357
9.275554497880881,1354.2559947473405
9.272153485582441,1354.4244676870767
9.268754966427682,1354.5408587680845
9.265358937676178,1354.7747386097167
9.261965396591513,1355.2372697078586
9.258574340441282,1355.8032379762094
9.255185766497075,1356.1725953180646
9.251799672034485,1356.845087151079
9.24841605433308,1357.3465048446333
9.245034910676408,1358.0183214636975
9.241656238351995,1358.5409310778555
9.238280034651325,1359.113515125433
9.23490629686984,1361.2474085622664
9.231535022306929,1362.1206772126602
9.228166208265925,1363.5311640531818
9.224799852054097,1365.658211523254
9.221435950982643,1367.1094531648173
9.218074502366674,1368.127721296703
9.214715503525223,1369.6022649317656
9.211358951781227,1370.1470723682278
9.208004844461517,1370.0256926082488
9.204653178896821,1370.7204688867805
9.201303952421753,1371.1047727168607
9.197957162374804,1370.3628139958923
9.194612806098332,1369.2635295113676
9.19127088093856,1368.3761048415718
9.187931384245575,1367.1811791184382
9.184594313373305,1366.024549474584
9.181259665679525,1364.4849327861089
9.177927438525844,1362.9833727027963
9.1745976292777,1361.3044639312684
9.171270235304357,1360.2759982838486
9.16794525397889,1359.0667446394311
9.164622682678182,1358.0996241010976
9.161302518782918,1356.255811387412
9.157984759677579,1353.8191742805332
9.15466940275043,1352.7237828755
9.151356445393521,1351.516797153583
9.148045885002672,1350.56011398921
9.144737718977472,1349.5220817391387
9.141431944721269,1348.4101034660043
9.138128559641164,1346.3317248388846
9.134827561148006,1344.6588284628197
9.131528946656385,1343.1915162966393
9.128232713584621,1341.6732698352546
9.12493885935476,1340.1628959612879
9.12164738139257,1338.6310019612276
9.118358277127534,1337.5409076753758
9.115071543992835,1336.3079453899782
9.111787179425358,1335.826556519386
9.108505180865684,1334.7111361663897
9.10522554575808,1334.4569811622068
9.101948271550485,1334.2337472485283
9.098673355694519,1334.1892547363536
9.095400795645466,1334.4710961796234
9.09213058886227,1334.6589848279532
9.088862732807527,1334.720062695978
9.08559722494748,1334.9316090658335
9.082334062752011,1335.1073991712906
9.07907324369464,1335.3154999215126
9.075814765252511,1335.344010944437
9.072558624906385,1335.716486087691
9.069304820140642,1336.0179815981471
9.06605334844327,1336.108326469145
9.062804207305856,1336.332567246075
9.059557394223578,1336.4503167203807
9.056312906695208,1337.6881676426724
9.0530707422231,1337.989645446533
9.049830898313179,1338.548266082942
9.046593372474938,1338.9915644948996
9.04335816222144,1339.6898210276609
9.040125265069298,1340.0739408483196
9.036894678538678,1340.8447693327028
9.033666400153285,1341.1257666161982
9.030440427440368,1341.8811908760738
9.027216757930702,1342.1259176803787
9.023995389158587,1342.8074254952548
9.020776318661841,1342.9696322148025
9.017559543981799,1343.5076025493931
9.014345062663294,1343.4885008777192
9.011132872254665,1343.4997279335805
9.007922970307739,1343.2645285255887
9.004715354377835,1343.0120999898168
9.001510022023751,1342.2936538287418
8.998306970807759,1341.933581321242
8.995106198295597,1341.551885605484
8.991907702056467,1341.012611285822
8.988711479663037,1340.8230958191089
8.985517528691407,1340.4645324267678
8.982325846721134,1340.699210569051
8.979136431335206,1340.3788417868927
8.975949280120052,1340.5647205712517
8.972764390665512,1340.4355127464983
8.969581760564859,1340.7688599519313
8.966401387414773,1340.6553330088195
8.963223268815343,1340.6675365077872
8.960047402370058,1340.573568983612
8.9568737856858,1340.6938401534387
8.95370241637285,1340.4222461298864
8.950533292044863,1340.272233201925
8.947366410318873,1340.1997477721306
8.944201768815288,1340.1661829410261
8.941039365157879,1339.9072519051733
8.937879196973778,1339.654870633634
8.93472126189347,1339.4658648740979
8.931565557550789,1338.9938026725092
8.928412081582906,1338.5833952136559
8.925260831630334,1338.3000149494776
8.922111805336913,1338.2478864855475
8.918965000349804,1337.4630787127535
8.915820414319493,1336.9587642644024
8.912678044899772,1335.8931423726417
8.909537889747746,1335.218028860394
8.90639994652381,1334.1454383535252
8.903264212891667,1332.6413444382204
8.9001306865183,1330.6173402683153
8.89699936507398,1329.5246628972986
8.89387024623225,1328.185076940061
8.890743327669929,1326.023727785282
8.887618607067106,1324.990186130748
8.88449608210712,1323.0273806939213
8.881375750476572,1320.803190378708
8.87825760986531,1319.9807126999126
8.875141657966426,1319.4270565815793
8.872027892476247,1318.4412889854739
8.868916311094333,1317.348612358618
8.865806911523471,1317.2870014632388
8.862699691469668,1316.4900653512875
8.859594648642148,1315.8181763950934
8.856491780753336,1315.7945264833797
8.853391085518869,1316.9379758588823
8.85029256065758,1318.1866072082194
8.847196203891496,1318.4520572916063
8.844102012945822,1318.5218162282767
8.841009985548956,1318.3150403872223
8.837920119432463,1318.1445157601188
8.834832412331084,1318.344417535798
8.831746861982719,1318.1108989016466
8.82866346612843,1317.4989521930818
8.825582222512436,1317.204277353058
8.822503128882097,1316.5136185371907
8.81942618298792,1316.2886203687822
8.816351382583546,1315.4970593936462
8.813278725425754,1315.5547095068591
8.81020820927444,1315.111672338025
8.807139831892627,1314.6786327138266
8.804073591046452,1314.3080666312158
8.801009484505164,1313.8119812211448
8.797947510041109,1313.713395798513
8.794887665429739,1314.4876424817394
8.791829948449598,1314.6169582297603
8.788774356882318,1315.2085469968115
8.785720888512612,1316.240251543795
8.782669541128275,1317.0035698647675
8.779620312520168,1314.7130007312887
8.776573200482225,1318.726821812605
8.77352820281144,1319.243438785119
8.770485317307855,1320.399172339043
8.767444541774578,1320.7185184163316
8.764405874017752,1321.167413177409
8.761369311846563,1321.5749732086638
8.758334853073231,1322.447534503799
8.755302495513007,1322.7839962326761
8.752272236984169,1323.3079023925084
8.74924407530801,1323.801746976506
8.746218008308839,1323.4915373376186
8.743194033813975,1322.7808414001606
8.74017214965374,1322.559780108472
8.737152353661454,1321.8700105463163
8.73413464367343,1320.9987099330579
8.731119017528972,1320.347209364375
8.728105473070364,1319.3817685525353
8.72509400814287,1318.3880021217049
8.722084620594723,1317.428988649282
8.719077308277129,1317.0246435531021
8.716072069044253,1315.2699363175861
8.71306890075322,1313.816193477367
8.7100678012641,1312.5198974507227
8.707068768439925,1311.2360654670497
8.704071800146654,1310.1461335406143
8.701076894253191,1308.132815596721
8.69808404863137,1306.230992729602
8.695093261155952,1305.0615558135191
8.692104529704622,1304.1990579407784
8.68911785215798,1302.6154515366966
8.686133226399537,1301.09635933356
8.683150650315712,1299.7855956241187
8.680170121795829,1299.055334600861
8.677191638732104,1297.8413460804
8.674215199019649,1296.6816966601123
8.67124080055646,1295.7204839706508
8.668268441243416,1294.8576527755258
8.665298118984278,1294.2286050513776
8.66232983168567,1293.4715776742664
8.65936357725709,1292.9704183307535
8.656399353610896,1292.151704856516
8.653437158662307,1291.3731611977605
8.65047699032939,1290.8654896159185
8.647518846533062,1290.047257951846
8.644562725197083,1288.8441501716247
8.64160862424805,1288.5844863685536
8.638656541615395,1288.6005251588645
8.635706475231375,1288.566364352194
8.632758423031078,1287.9118633374578
8.6298123829524,1287.7875636637675
8.626868352936057,1287.4871581459925
8.623926330925576,1287.5078569331704
8.620986314867286,1287.2886393897388
8.618048302710315,1287.3784580669844
8.615112292406584,1287.2587748638778
8.612178281910808,1287.2141086216627
8.609246269180485,1287.161544239223
8.606316252175896,1286.8309008643082
8.603388228860092,1286.8968848376228
8.600462197198901,1287.0397553166006
8.597538155160917,1286.883942178485
8.594616100717491,1286.6533234464523
8.591696031842735,1286.664927552014
8.588777946513513,1286.7600512823228
8.585861842709434,1286.6568906288728
8.582947718412855,1287.1728848788314
8.580035571608864,1287.4529932934856
8.57712540028529,1287.8631572298532
8.574217202432685,1288.330323806528
8.571310976044332,1288.8092554721643
8.568406719116226,1289.1931193415444
8.565504429647081,1289.666275072184
8.562604105638327,1289.9870692923332
8.55970574509409,1290.1880838928373
8.556809346021202,1290.1293646977997
8.553914906429195,1290.404355259013
8.551022424330288,1290.8200102502133
8.548131897739392,1291.2896606863571
8.545243324674095,1291.3046410339687
8.542356703154672,1288.7381679100768
8.539472031204069,1288.203579703877
8.536589306847896,1287.1973521851114
8.533708528114435,1286.5002321037316
8.530829693034626,1285.8146933547239
8.527952799642067,1285.0237524126965
8.525077845973005,1283.9943032575097
8.522204830066336,1283.3341783620615
8.519333749963597,1282.698609350886
8.516464603708966,1281.9071893170567
8.513597389349254,1281.5159510191004
8.510732104933897,1281.1799781261375
8.50786874851496,1280.7023291145197
8.505007318147134,1280.1441521180795
8.502147811887715,1279.6540035763283
8.499290227796617,1279.2735145446627
8.496434563936361,1279.020014690173
8.493580818372074,1278.6081439125246
8.490728989171473,1277.5124967625616
8.487879074404876,1276.6222034309048
8.48503107214519,1275.528209915977
8.482184980467908,1274.5159582061838
8.479340797451103,1273.6504613709285
8.476498521175424,1272.2693548374377
8.473658149724093,1270.3250578025559
8.470819681182904,1268.7789556341509
8.46798311364021,1268.1233693523127
8.465148445186927,1266.8289972247449
8.462315673916523,1265.5428601520935
8.459484797925022,1264.9309231943023
8.456655815310992,1264.1914374542284
8.45382872417554,1263.8812599550747
8.45100352262232,1263.1244817420081
8.448180208757515,1262.8159779985886
8.445358780689835,1262.5276444461301
8.442539236530521,1262.3655157419075
8.439721574393332,1262.6659903080408
8.43690579239455,1262.8124809762166
8.43409188865296,1262.6516057420795
8.431279861289864,1262.5652076451952
8.428469708429066,1262.376856038488
8.425661428196872,1262.1274399474773
8.422855018722084,1261.8508924160224
8.42005047813599,1261.4948479392392
8.417247804572376,1261.3439880836518
8.414446996167507,1260.9601653671994
8.41164805106013,1260.8263834334844
8.40885096739146,1260.541146592262
8.406055743305192,1260.1993485128241
8.403262376947488,1260.0504608146457
8.40047086646697,1259.7030071240779
8.397681210014717,1259.5473397866158
8.39489340574427,1259.3378398476038
8.392107451811619,1259.2547347665595
8.389323346375194,1259.247458501084
8.386541087595878,1259.159552263988
8.383760673636987,1259.1504500845022
8.380982102664273,1259.139134992351
8.37820537284592,1259.1799964439585
8.375430482352536,1259.0917117763624
8.372657429357158,1259.3503995814958
8.369886212035233,1259.4909187902908
8.367116828564631,1259.413122697029
8.364349277125626,1259.6140054769046
8.361583555900905,1259.4610065732318
8.358819663075552,1259.5537511592602
8.356057596837056,1259.825897609398
8.353297355375293,1259.9789614492583
8.350538936882538,1259.8672857156769
8.347782339553449,1260.1165362855872
8.345027561585066,1260.6094501967104
8.342274601176811,1260.6715655995672
8.33952345653048,1261.0244130081792
8.33677412585024,1259.2540404590588
8.334026607342626,1258.7925642767768
8.331280899216534,1258.241173584805
8.328536999683223,1257.9553017175317
8.325794906956308,1257.1316931802585
8.323054619251753,1256.4173928247951
8.320316134787868,1255.6263339676889
8.317579451785315,1254.7426625819808
8.31484456846709,1254.3968176932976
8.312111483058525,1253.6978448664004
8.309380193787288,1252.8173218096472
8.306650698883374,1252.4581018807116
8.303922996579104,1251.9180340509092
8.301197085109116,1251.6876943041375
8.298472962710372,1250.9921198495754
8.295750627622143,1250.7541374254597
8.29303007808601,1250.1287696761397
8.290311312345862,1249.7607632583176
8.287594328647886,1249.2025346976848
8.28487912524057,1248.2720518222518
8.282165700374701,1247.8146598968824
8.279454052303349,1247.105839073703
8.276744179281872,1246.176928742966
8.274036079567919,1245.7420562667846
8.27132975142141,1245.2106791578526
8.268625193104548,1244.678145297857
8.265922402881799,1244.2841084620231
8.263221379019907,1243.3949705410193
8.260522119787876,1243.03277474736
8.25782462345697,1242.7265215057255
8.255128888300716,1242.5336088191796
8.252434912594886,1242.335197468917
8.24974269461751,1242.4971430512005
8.24705223264886,1242.6179939219126
8.244363524971451,1242.557732874894
8.24167656987004,1242.7752159129468
8.238991365631612,1242.891582082865
8.236307910545396,1243.7174178877572
8.233626202902837,1243.8218990720547
8.23094624099761,1243.3679200060083
8.228268023125613,1243.276438631864
8.225591547584955,1243.086158381956
8.222916812675964,1242.6895669526718
8.220243816701174,1242.439352410492
8.217572557965331,1241.7713967973862
8.214903034775379,1241.4629526991089
8.21223524544046,1240.8825582206377
8.209569188271917,1240.3667298881744
8.206904861583284,1240.1523018961088
8.204242263690281,1239.8064672448772
8.20158139291081,1239.4616042441692
8.198922247564964,1239.5075706859784
8.196264825975007,1239.0099403105487
8.193609126465379,1239.1140366765585
8.19095514736269,1238.9372045711848
8.18830288699572,1238.8706162928493
8.185652343695411,1238.9572352662035
8.183003515794864,1239.2170704844298
8.18035640162934,1239.4970104561555
8.17771099953625,1239.4413849921182
8.17506730785516,1239.7489707135103
8.172425324927778,1239.8217246587037
8.169785049097955,1239.5540333425456
8.167146478711684,1239.88639033079
8.164509612117094,1239.7424887727775
8.161874447664443,1239.5484375866104
8.159240983706121,1239.3561566121678
8.156609218596646,1239.0186929343106
8.153979150692654,1238.5386275692795
8.151350778352905,1238.1866036276137
8.148724099938264,1237.5625766536136
8.14609911381172,1237.4357275049315
8.143475818338366,1237.004104764916
8.140854211885399,1236.6330650581067
8.138234292822121,1235.768447181741
8.135616059519927,1235.321483252555
8.132999510352315,1234.02285294958
8.130384643694867,1232.117983251003
8.127771457925258,1230.9781114507737
8.125159951423248,1230.1867436117993
8.122550122570678,1229.0530246818212
8.119941969751466,1228.4163621045623
8.117335491351605,1227.1115539874634
8.114730685759163,1226.0044434080087
8.112127551364274,1224.9866454338876
8.109526086559136,1223.51900214044
8.10692628973801,1222.8505505376468
8.104328159297214,1221.39241114605
8.101731693635129,1220.2184011825393
8.099136891152174,1219.350078032769
8.096543750250827,1218.1328027482627
8.09395226933561,1216.8440417425468
8.091362446813083,1215.8521995808978
8.088774281091847,1214.9232108947845
8.086187770582539,1213.995948243196
8.083602913697828,1213.058508693753
8.081019708852414,1211.3252163807106
8.078438154463017,1210.1278387372654
8.075858248948386,1209.1911613797665
8.073279990729283,1208.2528633926158
8.070703378228494,1207.3069600715235
8.068128409870809,1205.6643426185865
8.065555084083034,1205.0392299177533
8.06298339929398,1204.144229598889
8.06041335393446,1202.5553280702372
8.057844946437287,1201.4255170763904
8.055278175237273,1199.6412445550948
8.052713038771222,1198.9249810354108
8.050149535477926,1198.1913113336275
8.047587663798172,1197.362541695837
8.045027422174721,1196.8302036739942
8.042468809052325,1195.9799156236818
8.039911822877707,1195.3643797991906
8.037356462099567,1195.198454015171
8.034802725168577,1194.6076000107228
8.032250610537375,1194.362527434701
8.029700116660571,1194.8329190857248
8.027151241994728,1195.256770917858
8.024603984998373,1195.258878866824
8.022058344131992,1195.1986462415891
8.019514317858018,1195.927833219093
8.016971904640839,1196.0721577408904
8.014431102946782,1195.9998362161334
8.011891911244128,1196.2409397593142
8.009354328003091,1196.3839775099375
8.006818351695825,1196.3587040427465
8.004283980796417,1196.6663166938883
8.001751213780889,1196.7201098865878
7.999220049127189,1196.8050161662413
7.996690485315186,1197.1246005632945
7.99416252082668,1197.188320936283
7.991636154145382,1197.2841964819868
7.989111383756927,1197.3994686523206
7.986588208148854,1197.335662532042
7.984066625810618,1197.4514425463158
7.981546635233582,1197.48592072373
7.97902823491101,1197.3549844272763
7.976511423338067,1196.9856132993489
7.973996199011818,1196.1787315081006
7.971482560431222,1195.706586922085
7.968970506097133,1195.1936498315977
7.966460034512286,1194.258395347239
7.96395114418131,1193.9605709680625
7.961443833610716,1193.244136948667
7.9589381013088945,1192.4022995863552
7.9564339457861095,1191.902961717408
7.953931365554504,1191.2252061593417
7.951430359128091,1190.7645677384626
7.948930925022753,1190.423789579269
7.946433061756235,1189.5831829734452
7.943936767848146,1189.0573071263843
7.941442041819955,1188.3911307409967
7.93894888219499,1187.6985996461308
7.936457287498427,1187.4839005799658
7.933967256257296,1187.2692015138011
7.931478787000478,1186.7813945617145
7.928991878258697,1186.3008058509008
7.926506528564515,1181.3099504480472
7.924022736452337,1180.5833295337288
7.921540500458406,1179.4401001221531
7.919059819120798,1178.5846674150416
7.916580690979414,1177.702658756663
7.9141031145759895,1176.5566105544237
7.911627088454083,1175.7741383318432
7.909152611159077,1174.3205888057557
7.906679681238166,1173.2650482474123
7.904208297240368,1172.5573135059167
7.901738457716513,1171.7550654801992
7.899270161219242,1170.4918319779058
7.896803406303001,1170.1149398898406
7.894338191524044,1169.6847974085583
7.891874515440426,1169.2129896706292
7.889412376612005,1168.5452431650133
7.886951773600427,1168.1445447368228
7.884492704969141,1167.6077766438311
7.882035169283383,1167.0382752507044
7.8795791651101785,1166.5739292986577
7.877124691018334,1165.8824107228963
7.874671745578446,1164.9834712715199
7.872220327362887,1163.808432600214
7.869770434945806,1162.9897398156058
7.867322066903127,1162.26625165095
7.864875221812546,1161.501584700175
7.862429898253528,1160.6405429992083
7.859986094807306,1160.0797343682425
7.857543810056871,1159.5317553953955
7.855103042586979,1158.7463966897703
7.852663790984144,1158.3108921390003
7.850226053836634,1157.671178826419
7.8477898297344675,1157.5053034648085
7.845355117269417,1157.560869131757
7.842921915034998,1157.0225718133584
7.840490221626475,1157.2128456416713
7.838060035640847,1157.2764807241138
7.835631355676859,1157.0706100447146
7.833204180334989,1157.0720249469382
7.83077850821745,1157.0012054335025
7.828354337928181,1157.0816345708695
7.8259316680728555,1157.2338449154317
7.823510497258869,1158.6240630170612
7.821090824095345,1158.975778317932
7.818672647193115,1159.4258282144644
7.816255965164742,1159.9260096040398
7.813840776624495,1160.1151863859304
7.811427080188361,1160.8974367687588
7.8090148744740295,1161.1577008638665
7.806604158100902,1161.5965985667199
7.804194929690086,1162.2986231198847
7.801787187864386,1162.8157259719792
7.799380931248306,1163.0630969520678
7.79697615846805,1163.4358143030731
7.794572868151513,1163.4727411167332
7.792171058928282,1163.5259565793115
7.789770729429632,1163.4774332311524
7.787371878288525,1163.3069162369925
7.784974504139605,1163.017803357639
7.782578605619199,1162.87153224606
7.78018418136531,1162.627443161061
7.777791230017616,1162.6538699268021
7.775399750217471,1162.5492087129505
7.7730097406079,1162.4072597392699
7.770621199833592,1162.1058375529838
7.768234126540901,1161.8996630977986
7.76584851937785,1161.6758053605026
7.763464376994118,1161.7437342105695
7.761081698041039,1161.4510593900245
7.758700481171608,1161.4695258969236
7.756320725040468,1161.4861176768254
7.753942428303917,1161.2024106140243
7.7515655896198945,1160.8942143977163
7.749190207647988,1160.4764516526227
7.746816281049429,1160.1165059499463
7.744443808487089,1159.7089885069354
7.742072788625472,1158.8301207143727
7.739703220130722,1158.0683033731523
7.737335101670614,1157.6065413302274
7.734968431914556,1157.1665351794697
7.732603209533575,1156.546715172099
7.730239433200332,1156.15662336686
7.7278771015891055,1155.6963439906106
7.725516213375798,1154.954336957811
7.723156767237924,1154.702268928489
7.720798761854618,1153.1640674042446
7.718442195906625,1153.0492394792145
7.716087068076302,1153.1434208894939
7.713733377047609,1153.0266576255594
7.7113811215061165,1152.9454249112882
7.709030300138997,1152.7205635293312
7.706680911635021,1152.445812272856
7.704332954684558,1152.4205222508062
7.7019864279795724,1151.9849893724436
7.699641330213624,1151.9179335004546
7.697297660081863,1151.7835669406832
7.694955416281023,1151.703850494905
7.692614597509428,1151.5682561993065
7.690275202466987,1151.304950379875
7.687937229855186,1151.487261898683
7.68560067837709,1151.1736752615461
7.68326554673734,1151.4123123413428
7.680931833642155,1151.4413026358957
7.678599537799323,1151.518847449427
7.676268657918196,1151.7142706813015
7.6739391927097005,1151.8755408875174
7.671611140886323,1152.4091424427831
7.669284501162114,1152.99537017175
7.66695927225268,1153.087100731677
7.6646354528751885,1153.5959381363978
7.66231304174836,1154.0831460738777
7.659992037592469,1154.3122212563546
7.657672439129335,1154.616205211746
7.655354245082333,1155.1218026293272
7.653037454176379,1155.2065109090847
7.6507220651379315,1155.338240513902
7.648408076694991,1155.7350337800658
7.646095487577096,1155.7971540469143
7.643784296515323,1156.2176154391288
7.641474502242279,1156.4342657129569
7.639166103492105,1156.5656978772195
7.636859099000469,1156.5187709170823
7.634553487504569,1156.9372605609435
7.632249267743125,1156.9488137243188
7.629946438456379,1157.0667140053902
7.627644998386094,1157.153842703035
7.6253449462755505,1157.1853793018522
7.623046280869547,1157.3955628022886
7.620749000914387,1157.8100471478674
7.618453105157894,1158.4034739229905
7.616158592349394,1158.3523519182559
7.613865461239725,1158.2657641445253
7.611573710581221,1158.1244192553356
7.609283339127725,1158.024475560878
7.6069943456345746,1157.8953263581955
7.604706728858609,1157.5523745532505
7.602420487558158,1157.4710964994483
7.600135620493046,1157.290203020295
7.5978521264245895,1157.0826789712223
7.595570004115591,1156.9424792843429
7.593289252330338,1156.8973871082044
7.591009869834605,1156.4019823099584
7.588731855395646,1156.1559953726983
7.586455207782196,1155.8966580213828
7.584179925764463,1155.18752577939
7.581906008114135,1155.018618605241
7.5796334536043695,1154.7443933542145
7.577362261009797,1154.1961357785817
7.575092429106511,1153.8145834905554
7.572823956672077,1153.6661056176495
7.570556842485522,1152.965618102116
7.568291085327337,1152.3965439174565
7.566026683979465,1152.2063122385507
7.563763637225314,1151.8350982838858
7.561501943849746,1151.8139516052101
7.559241602639074,1151.3812988549414
7.556982612381061,1150.9886652247524
7.55472497186492,1151.0521151827643
7.552468679881312,1150.7284828553948
7.550213735222342,1150.6496976628655
7.547960136681551,1150.8618370551735
7.545707883053929,1150.8662667542017
7.543456973135897,1150.7281581049474
7.541207405725319,1150.9218595810808
7.538959179621482,1151.1134991822983
7.536712293625114,1151.1472606128814
7.534466746538367,1151.5105425681395
7.532222537164825,1151.8443433328648
7.529979664309489,1152.1059378573514
7.527738126778791,1152.5240275305946
7.52549792338058,1152.8491319279447
7.523259052924125,1153.1836272675473
7.5210215142201085,1153.5066751853108
7.5187853060806304,1153.7189538940743
7.516550427319204,1154.5267104557604
7.514316876750751,1155.700563893691
7.5120846531916,1156.1429159277232
7.5098537554594875,1156.4198835191632
7.507624182373554,1156.7574025130075
7.505395932754343,1157.14186661798
7.503169005423794,1157.4194841218316
7.500943399205246,1158.022168971056
7.498719112923437,1158.6145985895337
7.496496145404496,1158.868733872518
7.494274495475941,1159.3804614822766
7.492054161966683,1159.7941438119433
7.48983514370702,1160.1113116362285
7.487617439528636,1160.2250802194562
7.485401048264593,1160.3278176314818
7.483185968749341,1160.3464446005473
7.480972199818707,1160.5237871086542
7.478759740309895,1160.55711163834
7.476548589061482,1160.4487920084134
7.474338744913421,1160.493974679295
7.4721302067070345,1160.504153773285
7.469922973285018,1160.3084249954668
7.467717043491427,1160.1418297183827
7.465512416171687,1159.9354376675035
7.463309090172585,1159.3073231028384
7.461107064342271,1158.9288304407492
7.45890633753025,1158.6911654065148
7.456706908587388,1158.1016752613368
7.454508776365903,1157.535086177648
7.45231193971937,1157.150524898627
7.450116397502709,1156.4140090989044
7.447922148572194,1155.9394504313432
7.445729191785444,1154.9845555801012
7.443537526001425,1154.1564778438637
7.441347150080442,1153.0475506675027
7.439158062884144,1151.9418556767637
7.43697026327552,1151.0167130761547
7.434783750118895,1149.6564229553176
7.432598522279928,1148.585787588473
7.430414578625612,1147.1460103177617
7.428231918024273,1146.143655935411
7.426050539345566,1143.958918173843
7.423870441460467,1143.1025793418864
7.421691623241287,1142.7266983579862
7.419514083561655,1142.3508173740856
7.417337821296524,1141.4900294794793
7.415162835322163,1140.1284871695323
7.412989124516161,1137.8290897554775
7.410816687757424,1137.950458028735
7.408645523926172,1138.0471873192253
7.40647563190393,1138.1439166097155
7.404307010573543,1138.2653793681998
7.402139658819157,1137.8805806321463
7.399973575526229,1137.733447326636
7.397808759581514,1137.681635953602
7.3956452098730745,1137.3963112862525
7.3934829252902725,1137.1117705436948
7.391321904723768,1137.064069522577
7.389162147065517,1136.7495693462797
7.387003651208769,1136.553594186134
7.384846416048069,1136.2699373845062
7.382690440479255,1136.139944500102
7.380535723399447,1135.8660144488097
7.378382263707056,1135.7208763274093
7.376230060301781,1135.530513541929
7.374079112084602,1135.3557666421834
7.3719294179577775,1135.344970433317
7.36978097682485,1135.22460319331
7.367633787590639,1135.137065023871
7.365487849161239,1135.2026315558978
7.3633431604440185,1135.5749531087
7.361199720347618,1135.8172181307082
7.3590575277819505,1136.1791994444075
7.356916581658197,1136.7446591122857
7.354776880888801,1137.0303972537085
7.352638424387477,1137.6255584127061
7.350501211069198,1138.3271379460714
7.348365239850202,1138.5115733196797
7.346230509647981,1139.1201252497144
7.34409701938129,1139.7698844886731
7.341964767970137,1140.3899614187062
7.339833754335785,1140.6514162192116
7.337703977400747,1141.201000561221
7.335575436088789,1141.4957371063765
7.333448129324921,1141.723844320615
7.3313220560354075,1142.0848358132419
7.329197215147749,1142.2318460644137
7.327073605590694,1142.370876750548
7.324951226294233,1142.3525904174967
7.322830076189592,1142.4486170671496
7.3207101542092365,1142.5888510167545
7.3185914592868695,1142.5968920799965
7.316473990357426,1142.606275416225
7.314357746357074,1142.2773191491979
7.31224272622321,1141.2434563679553
7.310128928894463,1139.4741580887658
7.308016353310687,1138.8395481501368
7.305904998412961,1138.4487449287094
7.303794863143585,1138.1293279034953
7.301685946446086,1137.7566560973387
7.299578247265206,1137.4450700199955
7.297471764546909,1136.8800971550763
7.295366497238371,1136.4043662203994
7.293262444287985,1136.0778286605646
7.291159604645358,1135.8075221038932
7.289057977261308,1135.470452415827
7.286957561087858,1135.3019414706275
7.284858355078242,1134.8871351938337
7.282760358186902,1134.1908535995485
7.280663569369481,1133.8227082551548
7.278567987582822,1133.4030434162821
7.276473611784976,1132.9013266617649
7.274380440935185,1132.37565637207
7.272288473993895,1131.6438180103305
7.2701977099227415,1131.0208636142538
7.268108147684558,1130.2934313383566
7.266019786243367,1129.4755680600738
7.263932624564387,1129.0699579183988
7.261846661614016,1128.34042739583
7.259761896359847,1127.3207828207032
7.2576783277706545,1126.6267443279044
7.255595954816398,1125.7397303273501
7.253514776468216,1125.3242222239714
7.25143479169843,1125.0380730823517
7.2493559994805405,1124.3847658171571
7.247278398789223,1123.876705016149
7.245201988600326,1123.4442660133163
7.2431267678908755,1122.9150385387552
7.241052735639068,1122.5266712991975
7.23897989082427,1122.1499699463423
7.236908232427012,1121.724187361638
7.234837759428999,1121.3888364635677
7.232768470813096,1121.0352393003118
7.230700365563333,1120.3484198706965
7.228633442664899,1119.8099591390264
7.226567701104145,1119.7178922681303
7.224503139868582,1119.4101223131636
7.222439757946877,1119.1224426378717
7.220377554328848,1118.3659511043707
7.218316528005472,1118.084613079557
7.2162566779688735,1117.7660102035852
7.214198003212332,1117.382966568749
7.212140502730269,1117.031139557392
7.210084175518257,1116.4349090540811
7.208029020573014,1115.7411849547943
7.205975036892402,1116.0204641432388
7.20392222347542,1116.0770778227136
7.201870579322212,1116.017373958699
7.199820103434059,1116.0403807295347
7.197770794813383,1116.0519195744746
7.195722652463734,1115.993413434617
7.193675675389801,1115.876207409205
7.191629862597404,1115.902339143272
7.189585213093496,1115.6926741562934
7.1875417258861525,1115.6579401007757
7.185499399984584,1115.7109436364526
7.183458234399121,1115.671253165971
7.181418228141225,1115.5105160458638
7.1793793802234696,1115.6437819388511
7.17734168965956,1115.341870769123
7.175305155464314,1115.1504519214654
7.173269776653672,1115.108465418801
7.171235552244687,1114.9697976857
7.169202481255526,1114.5695767046714
7.167170562705475,1114.4863655707302
7.165139795614926,1114.3422607314478
7.163110179005381,1114.2059941111506
7.1610817118994525,1114.0616613273428
7.159054393320861,1114.0993371679378
7.1570282222944295,1113.8239641955672
7.155003197846084,1113.0375579037536
7.152979319002856,1112.838473645543
7.150956584792875,1112.4906428191985
7.148934994245373,1111.9182242651068
7.146914546390672,1111.281818950282
7.1448952402601975,1110.5876701332468
7.142877074886465,1110.028329208833
7.140860049303088,1109.16995187391
7.138844162544762,1108.1903999398064
7.136829413647281,1107.4189558798757
7.134815801647524,1106.3731697314872
7.132803325583457,1105.6365898948775
7.130791984494128,1104.80369071938
7.128781777419674,1103.849849707682
7.126772703401309,1103.2739835687298
7.124764761481333,1102.613672415881
7.122757950703119,1101.8773356579284
7.120752270111121,1101.1521711252126
7.11874771875087,1100.581456984521
7.116744295668969,1100.2653918037918
7.114741999913094,1099.9115077238
7.112740830531993,1099.1768390019056
7.1107407865754855,1098.968080857498
7.108741867094458,1098.547794885284
7.106744071140862,1098.0074609325761
7.104747397767719,1095.9092498033947
7.1027518460291095,1095.3490297449866
7.100757414980182,1095.0515282975718
7.09876410367714,1094.9006194083472
7.0967719111772505,1094.7497105191226
7.094780836538836,1094.418018198011
7.092790878821279,1093.433161995847
7.090802037085012,1093.2659447489814
7.088814310391526,1093.0730015321078
7.08682769780336,1092.8159857382811
7.084842198384108,1092.7016933210357
7.082857811198408,1092.2877573285677
7.080874535311948,1091.8986041747385
7.078892369791464,1091.6724438593362
7.076911313704735,1091.5407678100896
7.074931366120582,1091.346125132483
7.072952526108869,1091.0973646701468
7.070974792740502,1091.2229658302208
7.068998165087424,1091.4705547233166
7.067022642222614,1091.150388880736
7.06504822322009,1091.4934126100625
7.063074907154904,1091.7189471898291
7.06110269310314,1091.760900081228
7.059131580141913,1091.8698698654962
7.057161567349369,1092.0961991077875
7.055192653804683,1092.3162077264983
7.0532248385880605,1092.496329350301
7.051258120780725,1092.8958174971208
7.049292499464931,1092.837984616
7.047327973723955,1092.81721341717
7.045364542642095,1093.0026679287448
7.043402205304667,1093.2200067870167
7.041440960798006,1093.1989265829998
7.039480808209469,1092.8077604299901
7.037521746627425,1092.9160370742136
7.035563775141255,1093.029025237593
7.03360689284136,1092.669866576832
7.031651098819146,1092.4570623920245
7.029696392167035,1092.147140819976
7.0277427719784535,1091.5565486389323
7.025790237347838,1091.0677492819736
7.023838787370629,1090.6901928087552
7.0218884211432755,1090.2449038481552
7.019939137763225,1089.5991247313418
7.017990936328929,1089.0673829729906
7.016043815939841,1088.5970889179343
7.014097775696413,1088.107012786255
7.0121528147000936,1087.8366439738888
7.0102089320533265,1087.8364521340304
7.008266126859554,1087.6559846061932
7.006324398223211,1087.3779910397045
7.004383745249722,1086.9021278697758
7.002444167045505,1085.627113519408
7.000505662717966,1083.0696248330992
6.998568231375502,1082.400513190812
6.996631872127493,1081.8207646437559
6.994696584084305,1081.052508151516
6.99276236635729,1080.3429672778782
6.990829218058784,1079.7171888436665
6.988897138302098,1078.8799066166066
6.986966126201529,1078.1531309451718
6.985036180872349,1077.6409018441132
6.983107301430813,1077.0168539695862
6.981179486994143,1076.2787358839441
6.979252736680541,1075.6957049302832
6.977327049609183,1075.2148143629001
6.975402424900217,1074.7879510574098
6.973478861674756,1074.2880921567885
6.971556359054887,1073.8297397449971
6.969634916163664,1073.6571643477942
6.96771453212511,1073.4217620273512
6.965795206064207,1072.7168865786489
6.963876937106907,1072.317054884468
6.96195972438012,1071.9890431351218
6.960043567011722,1071.6788322158836
6.958128464130542,1071.3689795955752
6.956214414866374,1071.0537380395235
6.954301418349968,1070.716657794291
6.952389473713028,1070.2427884499643
6.9504785800882125,1070.343240462338
6.948568736609134,1070.1458999783904
6.94665994241036,1069.9992373123691
6.9447521966274035,1069.9881229932407
6.942845498396729,1069.9931172295692
6.940939846855751,1069.8959769019834
6.939035241142828,1069.9957356585273
6.937131680397267,1070.154199199048
6.935229163759315,1070.3379575652891
6.933327690370166,1070.5265653864396
6.931427259371952,1070.7651776049054
6.92952786990775,1071.1290397356443
6.92762952112157,1071.3774471474458
6.925732212158365,1071.6972445311076
6.923835942164022,1071.9532882649187
6.921940710285364,1072.030928749251
6.920046515670146,1072.4673505016372
6.918153357467057,1072.5591661521985
6.916261234825719,1072.79495311937
6.914370146896683,1073.069175213636
6.912480092831426,1072.9334293779343
6.910591071782355,1073.1954605388196
6.908703082902804,1073.4414895514747
6.906816125347032,1073.6203574132878
6.904930198270218,1073.7094631660464
6.9030453008284685,1073.6940659243314
6.901161432178808,1074.239256054127
6.899278591479183,1074.2214562693175
6.8973967778884555,1072.9138895945819
6.895515990566408,1072.7144922723155
6.8936362286737385,1072.4354972779179
6.891757491372061,1071.9349246092283
6.889879777823899,1071.6222882606205
6.8880030871926925,1071.3277742634543
6.8861274186427925,1070.7748473014658
6.884252771339459,1070.4073062675457
6.8823791444488585,1069.7579682008077
6.88050653713807,1069.1619973667607
6.8786349485750735,1068.4270443372611
6.87676437792876,1067.7459856786804
6.8748948243689165,1067.1124052487583
6.87302628706624,1066.6668672697174
6.871158765192325,1066.2068761168057
6.869292257919668,1065.3609742274973
6.86742676442166,1064.4792893508961
6.865562283872596,1063.470847435427
6.8636988154476635,1062.9690928584291
6.861836358322948,1062.4978668512308
6.859974911675423,1061.7597416884037
6.858114474682962,1061.0533489051577
6.856255046524327,1059.7204415295525
6.854396626379171,1059.2758464595252
6.8525392134280345,1058.829173800555
6.850682806852347,1058.0085370702132
6.848827405834426,1057.1302418054634
6.846973009557474,1056.054474275108
6.845119617205576,1055.2587876702196
6.843267227963703,1054.5089696507625
6.841415841017706,1053.7504326711069
6.839565455554318,1053.1366325427748
6.837716070761151,1052.3883963711514
6.8358676858266945,1051.5325843772625
6.834020299940318,1050.8668952511048
6.832173912292265,1050.3068595404193
6.8303285220736525,1049.7216907263314
6.828484128476474,1049.2500416583134
6.826640730693595,1048.934145825891
6.824798327918752,1048.7609565114494
6.82295691934655,1048.2300573333969
6.821116504172465,1047.7242994833164
6.81927708159284,1047.2673194383392
6.817438650804886,1046.962604469008
6.815601211006675,1046.6013485424137
6.813764761397151,1046.2412857400668
6.811929301176113,1046.0787357340075
6.810094829544229,1045.7790447998254
6.8082613457030225,1045.32650556642
6.806428848854878,1045.0829376023892
6.804597338203041,1044.9588600611855
6.802766812951613,1044.7259986800145
6.800937272305549,1044.432302253561
6.799108715470663,1044.3380578471954
6.79728114165362,1044.3885899024137
6.795454550061941,1044.300512719194
6.793628939903995,1044.2124355359742
6.7918043103890025,1044.1594508168532
6.789980660727035,1044.15615411459
6.788157990129012,1044.1408934487858
6.786336297806695,1044.052737925169
6.7845155829727,1043.9051629518303
6.782695844840481,1043.9290694783667
6.78087708262434,1043.4364205058764
6.779059295539416,1043.372316260296
6.777242482801695,1043.1907575060459
6.775426643628,1042.8926314356663
6.773611777235996,1042.5633552294216
6.771797882844182,1042.4262016542666
6.7699849596718975,1042.0721329431299
6.768173006939315,1041.7810836513454
6.766362023867446,1041.4401880355776
6.764552009678128,1041.1158214965021
6.762742963594038,1040.8887552319347
6.76093488483868,1040.326368914977
6.759127772636393,1039.984706090228
6.75732162621234,1039.6459481877946
6.755516444792513,1039.3303105636087
6.7537122276037325,1038.989020944779
6.751908973873646,1038.6808586362931
6.7501066828307215,1038.4525559012845
6.748305353704252,1037.9259405998027
6.746504985724355,1037.1874434053275
6.7447055781219705,1035.8481856906362
6.742907130128852,1035.2399291589302
6.741109640977579,1034.490837666919
6.739313109901546,1033.726946743623
6.737517536134966,1032.9161925094909
6.735722918912866,1031.9286990825585
6.733929257471088,1030.932250375515
6.732136551046291,1030.0217897418324
6.730344798875943,1029.3544636309332
6.728554000198324,1028.183206106235
6.7267641542525265,1027.5079784161362
6.72497526027845,1026.5846240847136
6.723187317516806,1026.0257183473004
6.721400325209108,1025.551083116811
6.7196142825976795,1025.0057095304978
6.7178291889256485,1024.5771409142012
6.716045043436948,1024.1670424736776
6.714261845376309,1023.6087368609844
6.71247959398927,1023.1302045834934
6.7106982885221695,1023.1546425960737
6.708917928222145,1022.9213980207217
6.70713851233713,1022.5669056812583
6.705360040115859,1022.19137735624
6.7035825108078635,1021.6826990765312
6.7018059236634695,1021.1954663069839
6.700030277933794,1020.8217039837406
6.698255572870755,1020.5814842865369
6.696481807727055,1020.328331145337
6.694708981756196,1019.2743169838388
6.692937094212461,1019.2449301803236
6.691166144350929,1019.3399408491161
6.689396131427467,1019.5521767853224
6.6876270546987255,1019.5497174046127
6.685858913422143,1019.5606642226159
6.684091706855944,1019.7315722089238
6.682325434259136,1019.8064314694648
6.680560094891511,1019.6794089740735
6.67879568801364,1019.6578704664829
6.677032212886877,1019.766751958658
6.675269668773356,1019.7808812963881
6.673508054935991,1019.7202200106171
6.671747370638469,1019.8324277005144
6.669987615145261,1019.9822339097445
6.668228787721607,1019.8952807856947
6.666470887633528,1019.9184433368691
6.664713914147813,1020.0428089117003
6.662957866532028,1020.3208277337175
6.661202744054507,1020.1088198869398
6.659448545984361,1019.9530186889992
6.657695271591463,1019.9586180287445
6.655942920146458,1019.7909075190341
6.654191490920761,1019.4559544651779
6.652440983186552,1019.3236215320113
6.650691396216773,1019.2357308648982
6.648942729285138,1019.1478401977852
6.647194981666118,1019.0208768137965
6.645448152634951,1018.6726341361683
6.643702241467633,1017.8921484572613
6.6419572474409225,1016.8225218286441
6.6402131698323394,1016.2817171251329
6.638470007920161,1015.601404236987
6.63672776098342,1014.8204360838546
6.634986428301907,1013.3714299856151
6.633246009156172,1012.9062765662296
6.631506502827514,1012.4425938783033
6.629767908597988,1012.0820221560541
6.628030225750403,1011.6102415940985
6.6262934535683184,1010.7704892820384
6.624557591336045,1009.9473801476227
6.622822638338643,1009.2804105708683
6.621088593861919,1008.7456176404866
6.619355457192432,1007.8769219226459
6.617623227617486,1007.2485296457276
6.615891904425128,1006.8165382525772
6.614161486904154,1006.2768906933131
6.6124319743441005,1004.9370735899756
6.61070336603525,1004.5896895225806
6.608975661268625,1004.3088668113119
6.607248859335988,1003.796563485455
6.605522959529845,1002.8606294583599
6.603797961143438,1002.3499420680464
6.602073863470746,1002.0583347995746
6.6003506658064905,1001.6548802633554
6.598628367446124,1001.3917174459585
6.596906967685837,1001.2414876852929
6.59518646582255,1001.0052552636423
6.5934668611539236,1000.7266591422223
6.591748152978345,999.3073727895156
6.590030340594936,999.5258937312713
6.588313423303546,999.5524155918037
6.586597400404757,999.5451627702396
6.584882271199876,999.4688441533617
6.583168034990943,999.6888394455084
6.581454691080718,999.6655779821388
6.57974223877269,999.4188821335397
6.578030677371074,999.4167403371648
6.576320006180807,999.4468136741567
6.574610224507548,999.3295879100251
6.57290133165768,999.1797372513857
6.571193326938305,999.2420967546443
6.569486209657248,999.3962895890445
6.56777997912305,999.2616742122405
6.56607463464497,999.1530851836485
6.564370175532987,999.26276945101
6.562666601097795,999.3619689954841
6.560963910650802,999.3466583573937
6.559262103504132,999.1118364463729
6.557561178970622,999.2848878652619
6.5558611363638235,999.4076637252473
6.554161974997995,999.4434829684525
6.552463694188109,999.2420348439284
6.55076629324985,999.2334545632119
6.549069771499607,999.2674348241894
6.547374128254478,999.2820560192567
6.54567936283227,999.1495808738186
6.543985474551494,999.002620108417
6.54229246273137,998.9141517061075
6.540600326691816,998.9611484469795
6.538909065753459,998.4220502355158
6.537218679237626,997.9877590204864
6.535529166466348,997.9334865624901
6.53384052676235,997.5323939574635
6.532152759449065,997.1114232045619
6.5304658638506226,996.8251805272047
6.528779839291847,996.5778144998969
6.527094685098262,996.1200150420825
6.525410400596088,995.1683929369157
6.523726985112239,994.8501089170513
6.522044437974325,994.5362569084389
6.520362758510649,994.2070617945217
6.518681946050207,993.8289657703426
6.517001999922685,992.8821804126851
6.515322919458462,992.6322002213346
6.5136447039886045,992.1746936886125
6.51196735284487,991.6169023392256
6.510290865359704,991.0843688436021
6.5086152408662405,990.71311124255
6.506940478698295,990.2625776397884
6.505266578190374,989.6974874025939
6.503593538677664,989.3374636069282
6.501921359496041,988.9148498327845
6.500250039982057,988.2058582099064
6.498579579472952,987.7155984691133
6.496909977306642,987.360352963199
6.49524123282173,987.1270075670043
6.49357334535749,986.8936621708096
6.491906314253879,986.7010713712127
6.490240138851532,986.2995064216625
6.488574818491762,985.3627128932371
6.486910352516552,983.3161456710009
6.4852467402685665,982.5584441666191
6.48358398109114,981.7477603842669
6.481922074328284,981.2786884892186
6.480261019324677,980.7640140463554
6.478600815425674,980.2881324709518
6.476941461977297,979.8615361960165
6.475282958326245,979.5349270706092
6.473625303819874,979.1209798503439
6.471968497806219,978.191317132766
6.470312539633977,977.5700771564038
6.468657428652514,977.1717262486061
6.467003164211857,976.8676002899608
6.465349745662702,976.1812346769459
6.463697172356408,975.1059678197262
6.462045443644999,974.7523728107702
6.460394558881155,974.2663246426242
6.458744517418222,973.7125730212568
6.457095318610207,973.1954155630366
6.455446961811776,972.7007969295466
6.45379944637825,972.2712278662748
6.452152771665613,971.7728766754303
6.450506937030504,971.0619873972178
6.448861941830219,970.7880998463808
6.4472177854227075,970.4192658116649
6.445574467166575,969.482373112874
6.443931986421082,969.2017993816486
6.442290342546139,969.0113850705056
6.440649534902312,968.7702202202779
6.439009562850815,967.8547773995697
6.437370425753515,967.6650502831421
6.435732122972928,967.6492026493231
6.434094653872215,967.632665332002
6.432458017815192,967.4238375363625
6.430822214166318,967.0827594977661
6.4291872422906975,966.8591461527494
6.427553101554083,966.8509244956857
6.42591979132287,966.7703343781766
6.424287310964098,966.3857927284173
6.42265565984545,966.2150232604898
6.421024837335251,966.1916803668328
6.419394842802467,966.0844123913944
6.417765675616708,965.8004508978402
6.416137335148217,965.2941437200061
6.414509820767883,965.3234826169088
6.412883131847227,965.2360840089784
6.411257267758412,964.9062591758027
6.409632227874238,964.6560532474239
6.408008011568135,964.6314143744288
6.406384618214172,964.2324603706645
6.404762047187054,963.9763515502864
6.403140297862116,963.7787739521059
6.401519369615327,963.6446108393209
6.399899261823285,963.3418670466328
6.398279973863224,962.9756849760334
6.396661505113006,962.4045809582274
6.395043854951117,962.3710178132013
6.393427022756681,962.2320794151062
6.391811007909442,962.0130776038089
6.390195809789775,961.8687957411821
6.388581427778682,961.7524710670584
6.3869678612577845,961.6361463929346
6.385355109609335,958.4615545247864
6.3837431722162075,957.5834763599182
6.382132048461897,957.0326423202591
6.380521737730524,956.7070732871726
6.378912239406827,956.4301081020136
6.377303552876169,955.7246404427701
6.375695677524533,954.9977330835043
6.374088612738514,954.8206879419188
6.372482357905333,954.3380377271859
6.370876912412826,953.553079834549
6.369272275649444,953.2097307215647
6.367668447004257,953.0484799100155
6.366065425866949,952.9200530123234
6.364463211627816,952.6267420356314
6.362861803677774,952.0766625179242
6.361261201408343,951.7601938240371
6.3596614042116615,951.5278155539263
6.358062411480479,951.214443285741
6.356464222608153,950.5917538224443
6.354866836988651,950.216855187102
6.353270254016552,949.9877727498905
6.351674473087041,949.4632901795094
6.350079493595913,949.0544402689351
6.348485314939565,948.6677239514274
6.3468919365150045,948.5125748418147
6.345299357719844,948.2010005542847
6.343707577952297,947.7237359689557
6.342116596611183,947.4806660017457
6.340526413095927,947.4241861133414
6.33893702680655,947.126167462283
6.337348437143682,946.6554866382339
6.335760643508545,946.5752653590057
6.334173645302968,946.5651421494265
6.332587441929378,946.5397442084288
6.331002032790796,946.4846539299183
6.329417417290846,946.4519492782306
6.327833594833746,946.4510944230105
6.326250564824312,946.4143210656298
6.324668326667954,946.5741135736413
6.323086879770676,946.7025349777932
6.321506223539077,946.9084874895175
6.319926357380353,946.9592561766544
6.318347280702283,946.9343583972807
6.3167689929132464,946.992087877866
6.315191493422211,947.2408613998975
6.313614781638734,947.4695094293025
6.312038856972963,947.4262606627392
6.310463718835633,947.4642272897088
6.308889366638068,947.5697325299484
6.307315799792182,947.6752377701879
6.305743017710469,947.8205942292966
6.304171019806016,947.7690074924817
6.3025998054924885,947.6982499533942
6.301029374184143,947.7452813671745
6.299459725295816,947.7914572550408
6.297890858242925,947.6595018805044
6.296322772441475,947.497307395847
6.294755467308049,947.3914844747578
6.293188942259809,947.4196071495313
6.2916231967145,947.3907799897297
6.290058230090448,947.2036693235491
6.288494041806554,947.1483769923157
6.286930631282298,947.057522732825
6.285367997937738,946.7027914445998
6.283806141193506,946.5723597886741
6.282245060470814,946.0507017248727
6.2806847551914435,945.973649615473
6.279125224777755,945.9146703080389
6.277566468652681,945.7026414418018
6.276008486239727,945.6917986476444
6.274451276962971,945.7287470267489
6.272894840247059,945.690917020057
6.2713391755172125,945.4355223713574
6.269784282199222,945.2536294277124
6.268230159719445,945.1033130679774
6.266676807504809,945.0356042820429
6.26512422498281,944.9926073541938
6.263572411581512,944.6379785797801
6.2620213667295435,944.4893873475362
6.260471089856098,944.3592978265763
6.258921580390937,944.2643601328623
6.257372837764385,943.9301050278657
6.255824861407331,943.5767965445918
6.254277650751224,943.4796682889438
6.25273120522808,943.5289771725048
6.251185524270473,943.3068969988612
6.24964060731154,943.2251328794529
6.248096453784977,943.4015804666128
6.246553063125039,943.5883834238581
6.245010434766544,943.603786907626
6.243468568144861,943.7921589239157
6.241927462695923,944.2132090584062
6.2403871178562165,944.5836259768216
6.238847533062785,944.7874132664381
6.237308707753228,944.7604476890748
6.235770641365698,944.8387325350495
6.234233333338903,944.9608274469791
6.232696783112105,945.7548173931209
6.231160990125114,945.7745877795162
6.229625953818299,945.9135094032197
6.228091673632577,946.5390671714144
6.226558149009414,946.650684532463
6.2250253793908294,946.7806831228443
6.223493364219388,947.1602257156765
6.221962102938207,947.6396982113234
6.220431594990949,947.923357261037
6.218901839821824,948.0243992424341
6.21737283687559,948.1484387781717
6.2158445855975515,948.3057991597022
6.214317085433555,948.7840521417246
6.212790335829995,948.8524869891198
6.211264336233806,949.0558200131316
6.209739086092471,949.2438443994788
6.208214584854012,949.4818832779935
6.206690831966993,950.4105349378092
6.20516782688052,950.5477754301703
6.20364556904424,950.5970326011081
6.202124057908339,950.6807723241567
6.200603292923544,951.0228911463284
6.199083273541118,951.1276920731362
6.197563999212862,951.2107988212376
6.1960454693911196,951.3223819832276
6.194527683528762,951.4599414910522
6.193010641079205,951.5868864276022
6.191494341496393,951.6392891803189
6.189978784234811,951.6511543376178
6.188463968749474,951.7974558571755
6.186949894495931,951.9500043379319
6.185436560930263,951.9355249734024
6.183923967509087,951.8309667298256
6.182412113689546,951.7264084862488
6.180900998929316,951.772998019942
6.179390622686606,950.5907391709537
6.17788098442015,949.9554100723687
6.1763720835892135,949.6003233550629
6.174863919653587,949.315466603658
6.1733564920735935,949.0209604165968
6.1718498003100795,948.7269802310424
6.170343843824417,948.3441560739005
6.168838622078506,947.9637140269548
6.167334134534769,947.6083976487046
6.165830380656157,947.2396259621005
6.164327359906141,946.8215784883675
6.1628250717487125,946.4536336337258
6.161323515648393,946.2087060736344
6.15982269107022,945.9022593752405
6.158322597479752,945.5666003210881
6.15682323434307,945.2170580264808
6.155324601126777,944.6068469410077
6.1538266972979905,944.4190004682482
6.15232952232435,944.1126806593072
6.15083307567401,943.6771725591746
6.149337356815645,943.4252411804355
6.1478423652184455,943.1377122812831
6.1463481003521165,942.7957169048505
6.14485456168688,942.4787201127672
6.143361748693473,942.1206913020796
6.141869660843146,941.9666391349749
6.140378297607665,941.828559826067
6.138887658459304,941.7119918241395
6.137397742870855,941.4938212876873
6.135908550315618,941.3131716480874
6.134420080267405,941.2963994922329
6.1329323322005385,941.2796273363786
6.131445305589852,941.181808111136
6.129958999910687,940.71362145906
6.128473414638895,940.564806815983
6.126988549250832,940.725705250077
6.125504403223366,940.6972722046964
6.124020976033869,940.5242287328309
6.122538267160217,940.4386533057743
6.121056276080797,940.4951943250915
6.119575002274496,940.6431278611412
6.11809444522071,940.6418808294213
6.116614604399335,940.5632045064065
6.11513547929077,940.5275206007833
6.113657069375919,940.540395483164
6.112179374136186,940.7400993565866
6.110702393053476,940.8497840697955
6.1092261256101965,940.8508952636196
6.1077505712892535,940.7618015176768
6.106275729574053,941.0685502069409
6.104801599948501,941.1903267579114
6.103328181896997,941.1129914886728
6.101855474904446,941.304430460875
6.100383478456243,941.5126706530625
6.098912192038283,941.5217072225822
6.097441615136956,941.3854515277794
6.095971747239147,941.4065285373133
6.094502587832236,941.4171961681204
6.093034136404098,941.1725271024113
6.091566392443099,941.113493093288
6.090099355438099,941.0667517622746
6.088633024878452,941.0200104312613
6.0871674002540015,941.1141157817452
6.085702481055083,941.1135158672703
6.084238266772522,940.9937451123054
6.082774756897635,940.7642746086358
6.081311950922227,940.508745574163
6.079849848338591,940.2569294943905
6.078388448639509,937.7561020801177
6.0769277513182525,937.3626185058181
6.075467755868575,936.9691349315185
6.074008461784721,936.7028510749196
6.072549868561418,936.4374906685152
6.071091975693881,936.0136107182957
6.06963478267781,935.5742516057865
6.068178289009386,935.1775472965021
6.0667224941852735,934.8944457680567
6.065267397702624,934.5815902379513
6.063812999059067,934.0345155308794
6.0623592977527165,933.2656210347866
6.060906293282167,932.9417061320719
6.059453985146492,932.4946627697549
6.058002372845248,931.9133563465598
6.056551455878467,931.239037605028
6.055101233746664,930.6847981774758
6.053651705950831,930.4468499886927
6.052202871992433,929.9496915390055
6.05075473137342,929.3745224413899
6.049307283596214,928.9966773396131
6.047860528163713,928.6964730119078
6.046414464579293,928.3412474543658
6.0449690923468005,927.9883855614758
6.04352441097056,927.6392580106896
6.042080419955371,927.353461119267
6.0406371188065,927.0912175262545
6.039194507029691,926.8079832726214
6.037752584131161,926.4686829639513
6.036311349617594,926.0268607876362
6.034870802996148,925.4722046787015
6.0334309437744515,925.1272045770904
6.031991771460601,924.860321179731
6.0305532855631645,924.544832729938
6.029115485591174,924.178988362745
6.0276783710541375,923.771364556583
6.026241941462022,923.4737427301209
6.024806196325268,923.1706146135652
6.023371135154781,922.8889926876661
6.021936757461927,922.6678299597345
6.020503062758546,922.5364254828821
6.019070050556936,922.4658702643558
6.017637720369862,922.2027007853276
6.0162060717105525,921.8735440707298
6.014775104092699,921.7076216501844
6.013344817030457,921.6047715289778
6.01191521003844,921.576725009093
6.010486282631727,921.3975481498086
6.0090580343258555,921.131955515342
6.007630464636826,921.0842642898158
6.006203573081095,921.040990233274
6.0047773591755815,920.8604161933439
6.003351822437662,920.6499287632214
6.001926962385171,920.4415753376591
6.0005027785364025,920.3659233991432
5.999079270410104,920.3762362273097
5.997656437525483,919.938902126752
5.996234279402201,919.6482385818265
5.994812795560376,919.4142044951454
5.99339198552058,919.3278764502212
5.99197184880384,919.0569860283774
5.990552384931638,918.8021729934032
5.989133593425908,918.6137786291289
5.987715473809036,918.1642832123939
5.986298025603861,918.019418929489
5.984881248333676,917.8338513730015
5.98346514152222,917.684173568877
5.982049704693688,917.5347259560135
5.980634937372723,917.3852783431498
5.979220839084416,917.2658007900118
5.977807409354311,917.197287207252
5.9763946477083945,916.6458587637792
5.974982553673107,915.4146711679273
5.973571126775335,915.3588612154203
5.972160366542409,915.1615343341718
5.970750272502107,914.8823734466632
5.969340844182655,914.731964568037
5.967932081112724,914.6132731282947
5.966523982821428,914.4945816885524
5.965116548838327,914.285664946392
5.963709778693422,914.0621986785989
5.962303671917162,913.7187448517474
5.960898228040434,913.3254085998954
5.9594934465945695,913.0098117934731
5.958089327111342,912.6871392453791
5.956685869122965,912.2540617031888
5.955283072162095,911.8916814447446
5.953880935761824,911.5481799098183
5.952479459455688,911.2184413524587
5.951078642777662,910.9636001947943
5.949678485262155,910.6075396596716
5.948278986444019,910.2640348028281
5.946880145858542,909.9629664624676
5.945481963041449,909.6619975887129
5.944084437528902,909.3369780157936
5.942687568857496,909.0878097183769
5.941291356564265,908.8492310916183
5.939895800186678,908.7178086045406
5.938500899262635,908.5770595312499
5.937106653330475,908.2965945319252
5.935713061928966,908.0204422634497
5.93432012459731,907.8301640806455
5.932927840875145,907.6913334161618
5.931536210302536,907.6199379365908
5.930145232419981,907.5485424570198
5.928754906768411,907.4771469774489
5.927365232889184,907.0546173230797
5.925976210324092,906.9695043741335
5.924587838615352,906.6698823427662
5.923200117305614,906.4360799310762
5.921813045937953,906.0316372685752
5.9204266240558745,905.8066258646753
5.9190408512033095,905.6510662885274
5.917655726924617,905.4526463904319
5.916271250764582,905.2149424112358
5.914887422268415,904.8984266095893
5.913504240981752,904.5982241035382
5.912121706450656,904.309687119923
5.9107398182216135,904.1720006987009
5.90935857584153,903.9499663554509
5.907977978857742,903.5957012085422
5.906598026818005,903.4811591571543
5.905218719270496,902.9965907832293
5.903840055763816,902.5647648559527
5.9024620358469875,902.3868088610499
5.901084659069452,902.1632138068427
5.899707924981075,901.9059438077534
5.898331833132137,901.7930249105195
5.896956383073341,901.5676101397751
5.895581574355812,901.1295358213831
5.894207406531085,900.7409414723691
5.892833879151121,900.4718817173546
5.891460991768295,900.2007125952651
5.890088743935402,899.8521099699155
5.888717135205649,899.4084721188256
5.88734616513266,899.0300021899504
5.8859758332704795,898.8251139732622
5.884606139173562,898.4456203706516
5.883237082396779,898.0063199752351
5.881868662495412,897.722615319572
5.880500879025163,897.3763928866533
5.879133731542143,897.0956205212402
5.877767219602877,896.8254268733742
5.876401342764299,896.4736568588316
5.87503610058376,896.120719786691
5.873671492619018,895.7063928934886
5.872307518428245,894.234338109789
5.87094417757002,893.6596071000936
5.869581469603334,893.2209825906755
5.868219394087587,892.9682226940779
5.86685795058259,892.6723286521311
5.865497138648556,892.3998106968633
5.864136957846113,892.1142591807253
5.862777407736294,891.939950500797
5.8614184878805355,891.7522592171124
5.860060197840687,891.5497635413574
5.858702537178997,891.4343744601977
5.857345505458127,891.3343245157348
5.855989102241138,891.1721074814538
5.854633327091498,890.9243850190561
5.853278179573078,890.4483722093587
5.851923659250153,890.2747809824887
5.8505697656874025,890.0591940257208
5.849216498449907,889.8145395233003
5.847863857103151,888.8512084109466
5.84651184121302,888.8006347586816
5.845160450345801,888.7500611064165
5.843809684068179,888.6986835835078
5.842459541947245,887.7417236222647
5.841110023550488,887.3055584771876
5.839761128445793,886.9028085375055
5.838412856201448,886.6416624074469
5.837065206386138,886.3286212989165
5.835718178568948,885.9041181382966
5.834371772319358,885.5780647455439
5.833025987207246,884.9582560000133
5.831680822802888,884.756271500421
5.830336278676955,884.541726733572
5.828992354400514,884.3755331607122
5.827649049545028,884.2977219897655
5.826306363682355,884.0572083907807
5.824964296384747,883.8166947917957
5.8236228472248515,883.6193238427932
5.822282015775706,883.2347352657441
5.8209418016107435,882.7460959835487
5.819602204303791,882.6179263482911
5.818263223429065,882.5199035452191
5.816924858561177,882.4276107967719
5.815587109275125,882.3102268032952
5.814249975146303,882.1372685200845
5.8129134557504925,881.9287168970408
5.811577550663865,881.7035542062514
5.810242259462983,881.4936609498845
5.808907581724797,881.3151460084798
5.807573517026646,881.1354080216994
5.806240064946257,880.8230513523108
5.804907225061745,880.6118775512205
5.803574996951615,880.4356797251995
5.802243380194755,880.2133090017512
5.80091237437044,879.9895555257176
5.799581979058332,879.8668119369075
5.798252193838479,879.7577966271442
5.796923018291313,879.6303492876038
5.79559445199765,879.4925732041565
5.794266494538693,878.9465558839319
5.792939145496025,878.5212258826837
5.791612404451617,878.3339766670201
5.790286270987816,878.2193308188512
5.788960744687359,878.1180348940557
5.7876358251333615,878.0096691411375
5.786311511909318,877.8929170509489
5.784987804599108,877.785766416775
5.783664702786991,877.6616101627283
5.782342206057606,877.3887651603202
5.781020313995973,877.0875641076732
5.779699026187488,877.0435997878994
5.77837834221793,877.0110696019544
5.777058261673454,876.9900336134904
5.775738784140594,876.9773823829911
5.774419909206262,876.8931410654762
5.773101636457747,876.6551338342113
5.771783965482714,876.3703787053298
5.770466895869207,876.022752633341
5.76915042720564,874.2363146155443
5.76783455908081,872.8859189399238
5.766519291083885,872.6789736717054
5.765204622804405,872.4720284034869
5.763890553832291,872.2845858045439
5.762577083757833,872.145368567825
5.761264212171694,871.3254109328503
5.759951938664915,871.1964322669268
5.758640262828902,871.0674536010031
5.757329184255441,870.8173430193178
5.756018702536683,870.4368590048462
5.754708817265153,870.0602732629579
5.753399528033747,869.5036823306075
5.752090834435734,869.0536464555892
5.750782736064746,868.7196183698925
5.7494752325147935,868.3136751350361
5.748168323380247,868.0371495294241
5.746862008255852,867.6876736540424
5.745556286736723,867.3076936180582
5.744251158418335,867.1262408971444
5.742946622896539,866.7552013014306
5.741642679767547,866.3085298198961
5.740339328627942,866.0667583558337
5.739036569074671,866.0061341349663
5.737734400705047,865.8546056449716
5.736432823116747,865.7143379380445
5.735131835907817,865.2772707372899
5.733831438676662,864.7512773420225
5.732531631022056,864.4539021411224
5.731232412543134,864.3423353084421
5.729933782839396,864.1214967280429
5.728635741510705,863.8244432884743
5.727338288157283,863.6022462677045
5.726041422379719,863.4004500065275
5.724745143778962,863.2290575726512
5.723449451956318,863.2096736880936
5.72215434651346,863.1245461055166
5.720859827052419,862.9088157095991
5.719565893175586,862.8218282111521
5.718272544485712,862.8557079224839
5.716979780585906,862.884362995494
5.715687601079637,862.7280995462586
5.714396005570733,862.5294151065708
5.713104993663378,862.3779219476493
5.711814564962114,862.4373315555035
5.710524719071843,862.5005696847829
5.709235455597821,862.2579260357263
5.707946774145662,862.0008629756543
5.706658674321334,861.7693341395457
5.705371155731162,861.5784151624425
5.704084217981827,861.4082619332812
5.702797860680362,861.229468824523
5.7015120834341575,861.0023890367033
5.700226885850957,860.7743597054841
5.698942267538857,860.6251470868731
5.697658228106307,860.4835258481771
5.696374767162109,859.9945302031355
5.695091884315421,859.6811441164164
5.693809579175748,859.3448987397084
5.692527851352949,859.0255340793497
5.691246700457235,858.7639242945105
5.689966126099166,858.4817939599081
5.688686127889653,858.0350502052419
5.687406705439959,857.6836978557037
5.686127858361694,857.3707909478807
5.684849586266818,856.7523419704426
5.6835718887676405,856.4769118252111
5.6822947654768186,856.2014755445256
5.681018216007358,855.8956609428346
5.679742239972612,855.0638124147908
5.678466836986281,854.8690047538728
5.677192006662414,854.6772424425567
5.675917748615404,854.4946365016201
5.674644062459991,854.0798361496267
5.673370947811261,853.686631727629
5.672098404284644,853.3020047206728
5.670826431495917,852.992201945207
5.669555029061202,852.7417407468316
5.668284196596963,852.3341286006644
5.667013933720009,850.9757832685517
5.66574424004749,850.2794014292866
5.664475115196905,849.8045589099931
5.663206558786089,849.5636991798178
5.661938570433223,849.3789477371923
5.660671149756829,849.3262877404056
5.65940429637577,849.273627743619
5.65813800990925,849.2209677468325
5.656872289976818,849.1246619961429
5.655607136198355,848.8811646812962
5.654342548194088,848.7141916818669
5.653078525584585,848.5270026846881
5.651815067990746,848.3173296591763
5.650552175033818,848.1603042265571
5.64928984633538,848.0160215113997
5.648028081517354,847.8102520457628
5.646766880201997,847.665707928754
5.645506242011903,847.5939085577295
5.644246166570004,847.4793114825327
5.642986653499569,847.3515677634348
5.641727702424202,847.2791641603787
5.640469312967843,847.1189120766783
5.639211484754768,846.9133528227064
5.63795421740959,846.8649153542037
5.636697510557252,846.8385256614733
5.635441363823034,846.6633458599729
5.634185776832552,846.4514907489481
5.632930749211751,846.3271705340743
5.631676280586913,846.1795837807007
5.630422370584651,846.0276822630831
5.629169018831912,845.9349140479419
5.627916224955972,845.7087108249195
5.626663988584444,845.3836925334729
5.625412309345266,844.9226892467207
5.624161186866711,844.6950880875835
5.622910620777383,844.4674869284464
5.621660610706214,844.2676536461238
5.620411156282467,843.8828076657534
5.619162257135734,843.6655453899892
5.617913912895937,843.4524269090299
5.616666123193329,843.2806008520637
5.615418887658484,842.4057268577113
5.614172205922311,842.2363484051484
5.612926077616047,842.0218067412
5.611680502371249,841.4387427149321
5.61043547981981,841.0568506901568
5.609191009593944,840.877793208681
5.607947091326192,840.6204028493868
5.6067037246494245,840.2025211048835
5.605460909196831,839.6653573508554
5.604218644601931,839.2552966779003
5.60297693049857,838.9166474628921
5.601735766520911,838.7122321693903
5.600495152303449,838.4752630349585
5.599255087480999,837.9798370165117
5.598015571688699,837.6752779025664
5.596776604562011,837.4259598157973
5.59553818573672,836.6395465720238
5.5943003148489305,836.1576897450793
5.593062991535074,835.9005735146881
5.591826215431898,835.5352625779706
5.590589986176476,835.170194805577
5.589354303406199,834.8472124472836
5.588119166758781,834.4934193868116
5.586884575872254,834.2090091339044
5.585650530384971,833.9840695441661
5.584417029935604,833.718540379778
5.583184074163146,833.4289804210648
5.581951662706905,832.7763863538023
5.580719795206509,832.5417147852925
5.579488471301906,832.3251031893813
5.578257690633361,832.1163266141634
5.577027452841454,831.9119707645743
5.575797757567084,831.7424363960367
5.574568604451467,831.5185604157977
5.573339993136134,831.1105811904004
5.5721119232629315,830.7680767616442
5.570884394474024,830.4540117237545
5.569657406411888,830.2601580809157
5.568430958719318,830.1623073937209
5.567205051039424,830.0308865280098
5.565979683015624,829.8328327010136
5.564754854291656,829.5152917318337
5.563530564511569,828.328779452952
5.562306813319726,828.132684073451
5.561083600360801,828.0608538579952
5.559860925279783,828.0630990175382
5.558638787721973,827.9734483901034
5.557417187332982,827.8254749905773
5.556196123758732,827.7023308893667
5.554975596645459,827.6003959933289
5.553755605639709,827.5525476079781
5.5525361503883355,827.4967046748459
5.551317230538505,827.2702166343167
5.550098845737693,827.0437285937876
5.548880995633685,826.8170528691969
5.547663679874575,826.6106162327932
5.546446898108766,826.4792523522103
5.545230649984967,826.3285760865692
5.5440149351522,826.1504037236472
5.54279975325979,825.9798872423172
5.541585103957372,825.8162511283504
5.540370986894887,825.6455520286224
5.5391574017225835,825.3748262277954
5.537944348091016,825.1090015881518
5.536731825651045,824.9329706494001
5.535519834053836,824.747433748937
5.5343083729508615,824.4294978267646
5.533097441993897,824.2031831031372
5.5318870408350245,824.0392029500335
5.53067716912663,823.7796271782188
5.529467826521402,823.4638518534388
5.528259012672336,823.1302287200402
5.5270507272327265,822.7937637460568
5.525842969856175,822.5105353098179
5.524635740196584,822.1506545269215
5.523429037908157,821.7892522666777
5.5222228626454015,821.4832102141157
5.521017214063127,821.2228112807221
5.519812091816443,821.0426031698316
5.518607495560762,820.8153710816432
5.517403424951793,820.5116474993372
5.5161998796455505,820.2253818812515
5.514996859298347,820.0778895612677
5.513794363566793,819.8552271551137
5.512592392107802,819.2586609807223
5.511390944578584,818.7151757076476
5.510190020636647,818.4903955999437
5.508989619939801,818.2872683513119
5.507789742146151,818.1518342547604
5.5065903869141,818.0211914661672
5.505391553902351,817.7719868359907
5.504193242769901,817.4830081178839
5.502995453176046,817.1658099148399
5.501798184780378,816.8436191436864
5.500601437242783,816.5771369052168
5.499405210223448,816.208592302009
5.49820950338285,815.7823589769504
5.4970143163817635,815.3884788946539
5.49581964888126,815.0529937150365
5.494625500542702,814.7912184118042
5.493431871027746,814.5146555064196
5.492238759998347,814.2374291825737
5.4910461671167505,813.9728028340212
5.489854092045495,813.7277337078458
5.488662534447412,813.4475719907364
5.487471493985628,813.167410273627
5.486280970323559,813.0630598246535
5.485090963124914,812.9257962916089
5.483901472053693,812.6542437839707
5.48271249677419,812.4111915984608
5.481524036950987,812.1758705537522
5.48033609224896,812.0962844118135
5.479148662333272,811.7333837270312
5.477961746869377,811.4547136196365
5.476775345523022,811.2805121055626
5.475589457960238,811.1859875791152
5.474404083847349,811.1000950927025
5.473219222850969,811.0313801268117
5.4720348746379965,810.8607863042578
5.470851038875622,810.705912310113
5.469667715231321,810.5132811159758
5.468484903372858,810.3205623787218
5.467302602968286,810.2094358596844
5.466120813685943,810.1211401805003
5.464939535194454,809.9853135210114
5.463758767162732,809.7716679848268
5.4625785092599735,809.5106366464354
5.461398761155664,809.0216565016736
5.460219522519571,808.966710648599
5.45904079302175,808.3339231631064
5.457862572332541,808.2526727663023
5.456684860122565,808.1693042310237
5.455507656062733,808.074630662575
5.454330959824234,807.9787393448071
5.453154771078546,807.8682229283482
5.451979089497427,807.7588491576996
5.450803914752918,807.6760418001785
5.449629246517345,807.5411148942923
5.448455084463315,807.2403676085637
5.4472814282637145,807.0421150261757
5.4461082775917165,806.9639336981454
5.444935632120774,806.7917220949855
5.443763491524618,806.5150967057773
5.442591855477265,806.2106323607836
5.441420723653009,805.9251668970446
5.440250095726427,805.7016372791255
5.439079971372372,805.5865387347801
5.437910350265979,805.4747581041952
5.436741232082665,804.8511288227896
5.43557261649812,804.5644922109973
5.434404503188317,804.4132610013899
5.433236891829509,804.2620297917824
5.432069782098221,804.102724201154
5.430903173671263,803.9436205233519
5.429737066225718,803.7474264669191
5.428571459438946,803.4578923854856
5.427406352988588,803.1800803810854
5.4262417465525585,802.9959177821524
5.425077639809048,802.7027721142941
5.423914032436526,802.237153601032
5.422750924113735,801.8019112573111
5.421588314519694,801.530879686728
5.4204262033336965,801.2949226386218
5.419264590235312,801.1347034290129
5.4181034749043855,800.9490475412115
5.416942857021033,800.6162685485265
5.415782736265649,800.1677893966597
5.414623112318898,799.7477365502091
5.4134639848617185,799.5500475059442
5.4123053535753245,799.3290628461357
5.411147218141201,798.8525523591477
5.409989578241104,798.4653989237597
5.408832433557065,798.1280800120783
5.407675783771388,797.7803066035897
5.406519628566643,797.5485580478454
5.405363967625678,797.4026031957571
5.404208800631608,797.2566483436689
5.403054127267821,796.707381297369
5.4018999472179745,796.2830036071861
5.400746260165996,796.119074975418
5.399593065796084,796.0128167127885
5.398440363792704,795.9367343371151
5.397288153840596,795.8606519614417
5.396136435624765,795.0711687504355
5.394985208830485,794.8523596238274
5.393834473143299,794.762261340776
5.392684228249021,794.6721630577247
5.391534473833728,794.4361885280609
5.390385209583767,794.0591070064688
5.389236435185755,793.6738578472015
5.388088150326572,793.3870480797443
5.386940354693368,793.2549680273187
5.385793047973555,793.1291924165621
5.384646229854817,792.9530011679616
5.383499900025101,792.7505481095887
5.382354058172618,792.4827618875067
5.381208703985848,792.0901183478109
5.380063837153534,791.6272872532746
5.378919457364683,791.4471290383622
5.37777556430857,791.191018702231
5.37663215767473,790.9001438515311
5.375489237152964,790.6031391463334
5.374346802433339,790.2705612696527
5.373204853206181,790.0423911492653
5.372063389162081,789.9437140833033
5.370922409991894,789.8210773408823
5.369781915386736,789.6083375955402
5.368641905037988,789.3945716620824
5.367502378637289,789.27778054654
5.366363335876542,789.1946032578443
5.365224776447913,789.1114259691485
5.364086700043825,788.9112773535873
5.3629491063569645,788.7031250022899
5.361811995080281,788.5258003395613
5.360675365906979,788.3678401405303
5.359539218530529,787.0934643206781
5.358403552644655,786.8735978628245
5.3572683679433455,786.6240909529384
5.356133664120847,786.3716011463846
5.354999440871664,786.094646434753
5.353865697890559,785.8041890633749
5.352732434872556,785.4895468402224
5.351599651512935,785.1765328224462
5.350467347507235,784.8895710276806
5.349335522551249,784.6028721727478
5.348204176341033,784.362762813123
5.347073308572897,784.132235030622
5.345942918943407,783.9073785070163
5.344813007149387,783.6891883295756
5.343683572887917,783.4418039601615
5.342554615856334,783.1342680341062
5.341426135752228,782.7635879100189
5.340298132273447,782.2772641080112
5.339170605118092,782.1106251329263
5.338043553984522,781.9769141498336
5.336916978571348,781.4546143972111
5.335790878577436,781.1584539561472
5.334665253701906,780.9464540141066
5.333540103644133,780.7344908922296
5.332415428103744,780.5657267277023
5.331291226780619,780.4556338879825
5.330167499374895,780.0410104278849
5.329044245586957,779.6574164203815
5.327921465117443,779.2831136142913
5.326799157667247,779.0582626925981
5.32567732293751,778.8546711342024
5.324555960629629,778.65089292199
5.323435070445252,778.436754983433
5.322314652086273,778.176290991379
5.321194705254844,777.9078778788237
5.320075229653363,777.7206324347819
5.31895622498448,777.5588563435629
5.3178376909510945,776.9751768673476
5.316719627256357,776.6124531517164
5.315602033603667,776.3592636587524
5.314484909696672,776.2575460460173
5.313368255239271,776.1558284332821
5.312252069935609,776.0556610618023
5.311136353490084,775.9291238598165
5.310021105607336,775.7055955807127
5.308906325992258,775.255810772721
5.307792014349991,775.1182406046261
5.306678170385918,775.0841797215644
5.305564793805676,775.0526578360134
5.304451884315144,774.9888650384968
5.303339441620452,774.8971628404538
5.302227465427971,774.8001466611748
5.301115955444324,774.7031304818959
5.300004911376376,774.6196406274778
5.298894332931239,774.5156703551686
5.297784219816271,774.4199654403906
5.296674571739075,774.3475569809743
5.295565388407497,774.2291457817629
5.29445666952963,774.1201466495179
5.293348414813813,774.0692150382231
5.292240623968622,774.0314755450017
5.291133296702886,773.9682306393336
5.2900264327256705,773.8855698797727
5.288920031746288,773.8029091202118
5.287814093474296,773.2822587175826
5.286708617619489,773.1915121416876
5.285603603891907,773.1009044810235
5.284499052001836,773.018675540543
5.283394961659798,772.5369328224592
5.282291332576561,772.305713129224
5.281188164463133,772.0523926023725
5.280085457030763,771.8599656954229
5.278983209990945,771.6693147319978
5.2778814230554065,771.47359786899
5.276780095936123,771.1966836564068
5.275679228345305,770.9165101026706
5.274578819995407,770.6807430253497
5.273478870599119,770.5252927082988
5.272379379869377,770.4103898115719
5.271280347519349,770.2904928038934
5.270181773262449,770.1177757557728
5.269083656812324,769.8898581354831
5.267985997882864,769.6163644104572
5.266888796188194,769.3645393903962
5.26579205144268,769.3013724875949
5.264695763360923,769.2382055847936
5.263599931657764,769.1750386819922
5.262504556048281,769.0800601799474
5.261409636247788,768.9248272679689
5.260315171971837,768.7555146692278
5.259221162936216,768.519183416245
5.25812760885695,768.2828521632625
5.257034509450298,767.9952315807793
5.255941864432757,766.7762955675926
5.254849673521061,766.4704332312851
5.2537579364321765,766.4972226351917
5.252666652883306,766.5063686505312
5.251575822591888,766.4998023601036
5.250485445275594,766.4113922537261
5.249395520652332,766.3193819358391
5.248306048440241,766.227371617952
5.247217028357697,766.1353613000649
5.246128460123309,766.0433509821779
5.245040343455918,766.0945795469324
5.243952678074602,766.1758403986184
5.242865463698666,766.1980948810904
5.241778700047653,766.2268257124522
5.240692386841337,766.6161126816305
5.23960652379972,766.6595861952839
5.2385211106430445,766.6700685013907
5.237436147091777,766.8304865781216
5.2363516328666195,766.9532298692741
5.2352675676885045,767.0654486946248
5.234183951278595,767.2027755469696
5.233100783358286,767.3154799474773
5.2320180636492015,767.3658184769631
5.230935791873197,767.4161570064489
5.229853967752357,767.4906669060395
5.228772591008997,767.5782728558424
5.227691661365662,767.6701938321005
5.226611178545126,767.8144137600646
5.225531142270392,767.880979783936
5.224451552264692,767.9558271079584
5.223372408251488,768.0414744543511
5.222293709954467,768.1316572530013
5.221215457097548,768.3123038302158
5.220137649404876,768.3886982626605
5.219060286600824,768.471715926891
5.217983368409994,768.6088401017348
5.216906894557211,768.7459642765789
5.215830864767533,768.832346580441
5.21475527876624,768.8707190922851
5.21368013627884,768.9644894871066
5.212605437031068,769.1026448840851
5.211531180748885,769.1952848305791
5.210457367158478,769.2651199549406
5.209383995986259,769.4022777943146
5.2083110669588635,769.5394356336888
5.207238579803157,769.559073231782
5.2061665342462256,769.4782659395605
5.205094930015382,769.4073017079554
5.204023766838162,769.4462392602044
5.202953044442329,769.3975189312747
5.201882762555866,769.3449775823349
5.200812920906983,769.1905855891787
5.1997435192241115,769.0375269884197
5.198674557235908,768.9458066862853
5.19760603467125,768.9139165199945
5.196537951259241,768.9232736184354
5.195470306729204,768.8278230861999
5.1944031008106855,768.6690282375239
5.193336333233455,768.6523165821341
5.192270003727503,768.6111247738568
5.191204112023041,768.4903320393082
5.190138657850506,768.4336556836286
5.18907364094055,768.3953949560301
5.188009061024051,768.3321674350925
5.186944917832104,768.0991103896345
5.18588121109603,767.9801165446913
5.184817940547363,767.9396468435928
5.183755105917866,767.8303486877066
5.182692706939513,767.7447444675297
5.181630743344503,767.6693736072034
5.180569214865254,767.6910823687651
5.1795081212344005,767.7055469956553
5.178447462184799,767.4294732504147
5.1773872374495244,767.4534512553896
5.176327446761868,767.3647085934766
5.175268089855343,767.1759881420165
5.174209166463676,767.0027574720983
5.173150676320815,766.8904796613597
5.172092619160925,766.8580018020521
5.171034994718388,766.8263312171862
5.169977802727804,766.7946606323203
5.168921042923988,766.6826135434969
5.167864715041974,766.5203840159568
5.166808818817012,766.4029207207511
5.1657533539845675,766.3356135800916
5.164698320280323,766.2956886674126
5.163643717440176,766.2456397877806
5.16258954520024,766.2127357310687
5.161535803296845,766.1827313631828
5.160482491466535,766.1609211472091
5.159429609446069,766.1391109312353
5.1583771569724215,766.0406006681296
5.1573251337827815,765.9055211816768
5.156273539614551,765.8230629331767
5.15522237420535,765.8141936852332
5.154171637293005,765.7932681893592
5.153121328615565,765.5592799472042
5.152071447911286,765.2016551905842
5.151021994918641,765.1645384288662
5.149972969376313,765.0769730262898
5.1489243710232016,764.9894076237135
5.147876199598415,764.9082109901816
5.146828454841277,764.8019253073876
5.145781136491321,764.4922530898048
5.144734244288293,764.3914903840803
5.143687777972154,764.2851496703466
5.142641737283072,764.080733331889
5.141596121961429,763.8763169934311
5.140550931747816,763.7079276673536
5.139506166383037,763.5542579139965
5.138461825608107,763.3574196166239
5.137417909164248,763.0958072851633
5.136374416792896,762.8346057479241
5.135331348235695,762.5060323602715
5.134288703234501,762.159902234567
5.133246481531376,762.0681599421982
5.132204682868594,761.9365992308188
5.131163306988638,761.800395810867
5.1301223536342,761.6079594177049
5.129081822548179,760.9193160203527
5.128041713473684,760.7207140961177
5.127002026154034,760.5458261174933
5.125962760332752,760.1699058965662
5.124923915753573,759.9821387548561
5.123885492160437,759.8006726525701
5.1228474892974925,759.6263234820112
5.121809906909096,759.4752685718455
5.12077274473981,759.2960095503408
5.1197360025344025,759.0350489404532
5.118699680037851,758.7568396406766
5.1176637769953395,758.4786303409
5.116628293152256,758.1694661605463
5.115593228254194,757.9248519847554
5.114558582046956,757.6901249089694
5.113524354276549,757.4791859933421
5.112490544689183,757.3045014026575
5.111457153031276,757.069822102145
5.11042417904945,756.6880988068735
5.109391622490531,756.3063755116023
5.108359483101553,756.0563552067414
5.107327760629747,755.8773038784084
5.106296454822557,755.6825653193314
5.105265565427627,755.4467821713746
5.104235092192801,755.2109990234178
5.103205034866132,754.6158019381955
5.102175393195875,754.4700192121802
5.101146166930488,754.3242364861649
5.100117355818631,754.1373053194777
5.0990889596091655,753.9650343253111
5.098060978051159,753.8084050077853
5.09703341089388,753.6418433895967
5.096006257886798,753.4904592370309
5.094979518779585,753.3721991006748
5.093953193322115,753.2539389643186
5.092927281264462,753.0831548724505
5.0919017823569055,752.8981697107583
5.09087669634992,752.5167369609303
5.089852022994186,752.3402845956207
5.088827762040583,752.0656369173362
5.087803913240188,751.7283852010746
5.086780476344285,751.4402443030788
5.085757451104351,751.2392728779714
5.084734837272068,750.9232623147761
5.083712634599315,750.5847070309587
5.082690842838169,750.301465328823
5.081669461740913,750.0386879348144
5.080648491060021,749.7766583844189
5.07962793054817,749.3046135164855
5.078607779958236,748.9292421434252
5.077588039043292,748.6622733974516
5.07656870755661,748.4449959423534
5.07554978525166,748.2277184872552
5.074531271882109,748.0303220932858
5.073513167201823,747.842837623779
5.072495470964867,747.665969057171
5.071478182925499,747.5191942796461
5.070461302838176,747.3357241814665
5.069444830457553,747.0381501908605
5.068428765538482,746.6648447963296
5.0674131078360105,746.3479823837467
5.06639785710538,746.0237796657868
5.065383013102032,745.908184836549
5.064368575581604,745.762541724845
5.063354544299924,745.6168986131411
5.06234091901302,745.4328188544098
5.061327699477116,745.227728768192
5.060314885448628,745.0226386819741
5.05930247668417,744.9251009355253
5.0582904729405485,744.7706022448755
5.057278873974764,744.4097708418815
5.056267679544013,744.3202150277966
5.055256889405687,744.2418376424703
5.054246503317368,744.1714663674874
5.053236521036836,744.0974158844084
5.052226942322061,744.0090360554125
5.05121776693121,743.7180984110784
5.05020899462264,742.7762651894069
5.0492006251549,742.5631673447315
5.0481926582867365,742.3323321034161
5.047185093777085,742.1265900782273
5.046177931385074,742.001111849982
5.045171170870025,741.9261441352467
5.044164811991451,741.8023392218497
5.043158854509058,741.6340001473484
5.0421532981827415,741.462317740087
5.04114814277259,741.2597042352779
5.040143388038883,741.0981451341235
5.0391390337420905,741.0334674446365
5.038135079642874,740.9687897551496
5.037131525502085,740.8479107416545
5.036128371080767,740.4360351794986
5.035125616140153,740.185797569656
5.034123260441665,740.0134281026241
5.033121303746916,739.8612130853323
5.03211974581771,739.6883334509648
5.031118586416038,739.4840435726279
5.030117825304081,739.3474430832889
5.02911746224421,739.2108425939499
5.028117496998987,739.0047906695706
5.027117929331158,738.7734922246111
5.026118759003662,738.531836507552
5.025119985779623,738.3407116255167
5.024121609422357,738.1482635751418
5.023123629695364,737.9546644092402
5.022126046362334,737.675313714715
5.0211288591871455,737.3710360316734
5.020132067933862,737.1409624467249
5.019135672366739,737.0581616722968
5.018139672250212,736.9753608978688
5.01714406734891,736.7966471827359
5.016148857427645,736.5554289720031
5.0151540422514165,736.2980577113557
5.014159621585412,736.0393894972738
5.013165595195002,735.8067053605691
5.012171962845746,735.6991905066313
5.011178724303389,735.5881282002922
5.010185879333858,735.4453002507703
5.009193427703271,735.1859695408558
5.008201369177928,734.9268742027184
5.007209703524313,734.7570155544747
5.006218430509098,734.627840468986
5.005227549899138,734.5970886379303
5.004237061461473,734.5497637440774
5.003246964963328,734.4509656115767
5.002257260172109,734.2943511707474
5.00126794685541,734.1377367299181
5.000279024781008,734.2207767796956
4.999290493716862,734.1330870497316
4.998302353431114,733.9571399263593
4.997314603692093,733.8844858667144
4.996327244268307,733.8219598773492
4.9953402749284495,733.759433887984
4.9943536954413945,733.5968775564737
4.9933675055762015,733.3728920534827
4.99238170510211,733.2362262022493
4.991396293788542,733.1551814004538
4.990411271405102,733.0618935424474
4.989426637721578,732.8260490436599
4.9884423925079355,732.5240213985448
4.9874585355343255,732.2958803951178
4.986475066571078,732.0808043303355
4.985491985388705,731.9747337055471
4.984509291757901,731.8926347212458
4.9835269854495365,731.6934220496877
4.982545066234667,731.2841284120404
4.981563533884526,731.0399798350538
4.9805823881705305,730.8675510900035
4.979601628864275,730.7528745319272
4.978621255737531,730.6781230832047
4.977641268562256,730.500975328923
4.976661667110584,730.2433982300564
4.975682451154825,729.9852461707642
4.974703620467475,729.7154716199221
4.973725174821203,729.4456970690801
4.97274711398886,729.2311472166454
4.971769437743476,729.0994415513061
4.9707921458582565,728.9677358859668
4.9698152381065865,728.8052717728169
4.9688387142620325,728.5469622073489
4.9678625740983335,728.2904135792021
4.96688681738941,728.0560574722904
4.965911443909359,727.7545159707288
4.964936453432454,727.418539587419
4.963961845733149,727.2536866699538
4.962987620586069,727.1199526125238
4.962013777766022,726.8951893813405
4.96104031704799,726.1954759026665
4.960067238207132,725.7962855743144
4.959094541018782,725.5864490917031
4.958122225258452,725.4168226585418
4.95715029070183,725.2530466687883
4.9561787371247785,725.0859252386991
4.955207564303337,724.9113363751733
4.9542367720137195,724.7252139008569
4.953266360032317,724.5390914265408
4.952296328135692,724.3529689522245
4.951326676100587,724.2756800927352
4.950357403703915,724.2057537449398
4.949388510722767,724.10776550272
4.948419996934406,723.9166913081446
4.947451862116269,722.7987060182159
4.94648410604597,722.6371322937855
4.945516728501296,722.5820885644271
4.944549729260205,722.5270448350684
4.943583108100832,722.310222349475
4.942616864801484,722.0172991742846
4.9416509991406405,721.9617257850123
4.940685510896958,721.9068839691417
4.939720399849259,721.8520421532712
4.9387556657765455,721.7972003374007
4.93779130845799,721.7423585215302
4.936827327672935,721.6467595101668
4.935863723200898,721.5137284961896
4.934900494821568,721.3806974822126
4.933937642314804,720.7432070268067
4.932975165460642,720.5782962656294
4.932013064039283,720.4088407232205
4.931051337831104,720.2362545918578
4.930089986616652,719.9902861816001
4.929129010176643,719.8725160750976
4.928168408291968,719.7547459685952
4.927208180743685,719.6369758620929
4.926248327313026,719.5139364765158
4.925288847781391,719.2283660622411
4.92432974193035,718.9330544678556
4.923371009541644,718.7866985448165
4.922412650397186,718.695668356764
4.9214546642790555,718.6403224854255
4.920497050969502,718.4877122367127
4.919539810250947,717.6281631785007
4.918582941905977,717.4090543212185
4.917626445717354,717.2382011727308
4.916670321468002,717.0728703061588
4.915714568941018,716.9395088470876
4.9147591879196675,716.7412534764273
4.913804178187382,716.4785234745848
4.912849539527763,716.1370022462804
4.911895271724581,715.8976295934448
4.910941374561773,715.7702126187312
4.909987847823444,715.6536007699092
4.909034691293867,715.4033174964056
4.908081904757482,715.0415004382638
4.9071294879988985,714.7336150126442
4.906177440802889,714.3422732032118
4.905225762954395,713.9222039478498
4.904274454238528,713.7925955121196
4.903323514440561,713.6926817861647
4.902372943345937,713.5558438271923
4.901422740740263,713.3252086759144
4.900472906409314,712.9348215240559
4.899523440139032,712.5483963075604
4.898574341715521,712.3441874015593
4.897625610925052,712.1949519428538
4.8966772475540665,711.9986878771216
4.895729251389164,711.471189627487
4.894781622217114,711.2068140527829
4.89383435982485,710.9263179606075
4.892887463999469,710.7594827588858
4.891940934528234,710.6129991274465
4.8909947711985735,710.3771964082026
4.890048973798078,710.1885927480713
4.889103542114504,709.9999890879401
4.8881584759357715,709.8612859411567
4.887213775049966,709.750992529269
4.886269439245334,709.6406991173812
4.8853254683102865,709.5255425020764
4.884381862033401,709.2911236718597
4.883438620203414,709.0354791000747
4.882495742609227,708.6744246007651
4.8815532290399055,708.478526008231
4.880611079284676,708.4159550008952
4.879669293132929,708.1689617522056
4.878727870374218,707.887504535018
4.877786810798256,707.7758690303435
4.876846114194921,707.6642335256689
4.875905780354253,707.5525980209943
4.874965809066452,707.050802799743
4.874026200121881,706.8562338467726
4.873086953311065,706.649384804462
4.87214806842469,706.4368628956156
4.871209545253603,706.2243409867694
4.870271383588812,706.104705011995
4.869333583221488,705.970810057981
4.868396143942959,705.8142373556792
4.867459065544716,705.6400184747998
4.86652234781841,705.4582414953904
4.8655859905558545,705.2413762953995
4.86464999354902,704.9894259266483
4.863714356590039,704.7561272296944
4.862779079471202,704.5954238191136
4.861844161984963,704.5005707356032
4.86090960392393,704.3455659471614
4.859975405080874,703.8095452818382
4.859041565248727,703.6187739667382
4.858108084220577,703.4889688331106
4.857174961789671,703.3591636994829
4.856242197749416,703.2360836852235
4.855309791893378,703.0937235024749
4.85437774401528,702.9228915432459
4.853446053909004,702.7551049982643
4.852514721368592,702.5873184532826
4.851583746188241,702.419531908301
4.850653128162308,702.2324293511567
4.849722867085308,701.7041292127974
4.848792962751911,701.5394918841725
4.847863414956947,701.3748545555477
4.846934223495404,701.2340945520109
4.846005388162422,701.1068395267
4.845076908753305,699.9987684995369
4.84414878506351,699.3623826432236
4.843221016888649,699.126135201735
4.842293604024497,698.9397764832925
4.841366546266976,698.7697767278369
4.840439843412173,698.610472993232
4.839513495256327,698.4882551034449
4.838587501595832,698.4676704106348
4.8376618622272405,698.447268560892
4.836736576947259,698.4268667111492
4.83581164555275,698.4064648614064
4.8348870678407305,698.3424454501488
4.833962843608375,698.1828416547487
4.833038972653011,697.9519393384116
4.83211545477212,697.7511034911211
4.831192289763342,697.5502676438301
4.830269477424467,697.2302088860788
4.829347017553443,696.9873910869101
4.828424909948372,696.9024438150708
4.827503154407509,696.7123692780879
4.826581750729261,696.5448088649034
4.825660698712193,696.45635801459
4.824739998155023,696.2798057189095
4.8238196488566185,696.1001790780755
4.822899650616006,695.9241602878737
4.821980003232361,695.7855498705658
4.8210607065050155,695.6639088500813
4.820141760233453,695.5300423788906
4.8192231642173065,695.35897951407
4.818304918256368,695.1701896524994
4.817387022150579,695.0494848965495
4.816469475700032,694.8790763077313
4.815552278704973,694.6566713770421
4.814635430965802,694.4411432763609
4.813718932283067,694.334970901237
4.8128027824574735,694.2049499620887
4.811886981289872,694.0401944894993
4.810971528581269,693.8343659590678
4.810056424132822,693.6408607287276
4.809141667745838,693.4376347546452
4.808227259221776,693.193496355588
4.807313198362247,693.0152205170896
4.8063994849690115,692.9131550482027
4.805486118843982,692.7845820284901
4.804573099789219,692.5212609313794
4.803660427606936,692.2627716885997
4.802748102099497,692.0042824458202
4.801836123069412,691.8026095587711
4.800924490319347,691.6007120981374
4.800013203652113,691.3967229678233
4.799102262870672,691.2757224709546
4.798191667778139,691.1547219740862
4.797281418177771,690.9747256988577
4.796371513872982,690.6858279777457
4.795461954667331,690.4241629763001
4.794552740364526,690.2175791730577
4.793643870768425,689.9920090302253
4.792735345683034,689.7650944365707
4.791827164912508,689.5455830202336
4.790919328261151,689.3377300489808
4.790011835533414,688.930149147181
4.7891046865338955,688.7603240602654
4.788197881067346,688.5904989733497
4.787291418938658,688.4512145044403
4.786385299952876,688.3592137785873
4.785479523915192,688.2327567776055
4.784574090630941,688.0539388664578
4.783668999905612,687.8756574633694
4.782764251544837,687.6927889550138
4.7818598453543935,687.4892380736076
4.780955781140211,687.2857300541202
4.7800520587083595,687.0903356102222
4.779148677865062,686.8898066824001
4.778245638416683,686.6892777545781
4.777342940169737,686.451238989813
4.776440582930881,686.2415213056966
4.775538566506921,686.0429713188321
4.774636890704808,685.4629319437327
4.773735555331639,685.3447775778718
4.772834560194654,685.2170648337868
4.771933905101243,685.0367322466675
4.771033589858938,684.8547720935223
4.770133614275418,684.6169387164297
4.769233978158506,684.3470793076209
4.768334681316171,684.0660815103003
4.767435723556525,683.8139552378692
4.766537104687827,683.5855628905708
4.765638824518479,683.415302727999
4.764740882857028,683.2890783404273
4.763843279512164,683.1628539528558
4.762946014292724,683.0347719565068
4.762049087007687,682.7932442571473
4.761152497466174,682.542356702033
4.760256245477453,682.3028181062735
4.759360330850935,682.0432465109957
4.758464753396174,681.8028011123167
4.757569512922865,681.6348928887405
4.756674609240851,681.5040947092734
4.755780042160113,681.3262389268998
4.75488581149078,681.0037276154446
4.75399191704312,680.6808016042439
4.753098358627542,680.4538548768869
4.752205136054605,680.3112528203264
4.751312249135002,680.170340299456
4.750419697679573,679.9983179103749
4.749527481499299,679.8252385713695
4.7486356004053025,679.6521592323643
4.74774405420885,679.3199117418303
4.746852842721346,679.0747971553321
4.745961965754339,678.9950062916087
4.74507142311952,678.9152154278852
4.744181214628718,678.6718785922562
4.743291340093905,677.7202549156732
4.7424017993271965,677.6083734515917
4.741512592140844,676.7193063251896
4.740623718347243,676.5119928515128
4.73973517775893,676.2937895246641
4.738846970188579,676.0755861978155
4.737959095449008,675.8901520034533
4.737071553353172,675.8042837221788
4.73618434371417,675.7281524326092
4.735297466345237,675.5867150972861
4.73441092105975,675.3228064030249
4.733524707671225,675.1273818444104
4.732638825993319,675.0443328335609
4.731753275839825,674.9612838227115
4.730868057024681,674.8668922860039
4.729983169361959,674.7183355054642
4.729098612665871,674.5017244195162
4.728214386750772,673.750895204272
4.72733049143115,673.6067058937532
4.7264469265216364,673.4674421380955
4.725563691836998,673.3281783824377
4.724680787192142,673.1889146267799
4.723798212402112,673.0543664651536
4.722915967282093,672.5262267925068
4.722034051647404,672.3271478408842
4.721152465313505,672.1280688892616
4.720271208095992,671.9278125292253
4.719390279810601,671.7343165809707
4.718509680273201,671.5490436862417
4.717629409299804,671.3816832663956
4.716749466706556,671.2694552279402
4.71586985230974,671.1482386718681
4.714990565925776,670.9793271482537
4.7141116073712235,670.7785398945389
4.713232976462775,670.5777526408241
4.712354673017264,670.3734612951448
4.711476696851656,670.1365592667926
4.710599047783054,669.9130666032406
4.709721725628701,669.7101022609979
4.708844730205972,669.5984880380821
4.707968061332378,669.4270091865246
4.707091718825569,669.1422171116742
4.706215702503328,668.857425036824
4.705340012183576,668.4193980153563
4.704464647684365,668.1143060328527
4.703589608823887,667.9304661611396
4.702714895420469,667.3785322762606
4.7018405072925695,667.0895818283435
4.7009664442587855,666.8006313804265
4.700092706137847,666.5581856333638
4.699219292748619,666.3913549573384
4.698346203910104,666.224524281313
4.697473439441434,666.1647175701964
4.696600999161878,666.1179744943904
4.6957288828908395,666.0712314185845
4.694857090447855,665.5319469028188
4.693985621652597,665.4472383737595
4.693114476324869,665.335988879764
4.692243654284611,665.0801085154417
4.691373155351895,664.8242281511194
4.690502979346927,664.5760189792934
4.689633126090046,664.3893131076005
4.688763595401724,664.2148720582159
4.687894387102568,663.9927946348741
4.687025501013315,663.7584226618981
4.686156936954838,663.524050688922
4.68528869474814,663.2192243294357
4.684420774214359,662.876628418596
4.683553175174763,662.6662957309175
4.682685897450756,662.5243519451021
4.68181894086387,662.3824224953918
4.680952305235771,662.1773010549209
4.6800859903882595,661.9112311091733
4.679219996143264,661.6451611634257
4.678354322322846,661.4164439681282
4.6774889687492,661.2391674887162
4.676623935244651,661.045586386628
4.675759221631655,660.7729989050581
4.6748948277328,660.5630794534934
4.674030753370804,660.4733226807393
4.673166998368518,660.3058673899586
4.672303562548923,660.1237865992464
4.67144044573513,659.9686761398877
4.670577647750383,659.8485714156134
4.669715168418053,659.7318461245543
4.668853007561644,659.594318679792
4.66799116500479,659.4311951766233
4.667129640571255,659.2668247627648
4.666268434084932,659.0402574975905
4.665407545369845,658.8397377513883
4.66454697425015,658.6658356813605
4.663686720550129,658.5538173187922
4.662826784094194,658.4495452939215
4.661967164706889,658.3452732690507
4.661107862212886,658.1585866790122
4.660248876436985,658.0230312557919
4.659390207204118,657.8984968580976
4.658531854339343,657.6802664645294
4.657673817667849,657.423597437612
4.656816097014953,657.1910657852383
4.655958692206099,656.9984391180197
4.655101603066863,656.8318303052083
4.6542448294229475,656.6638784335489
4.653388371100182,656.501814749306
4.652532227924527,656.3397510650634
4.651676399722069,656.1776873808208
4.650820886319023,656.0786378996758
4.649965687541733,655.7427128505919
4.649110803216667,655.6797149942735
4.648256233170425,655.4179281714574
4.647401977229733,655.1761682111585
4.646548035221443,655.0722850772718
4.645694406972535,654.9684019433852
4.644841092310117,654.8645188094986
4.6439880910614235,654.7454436932051
4.643135403053816,654.6018699434566
4.642283028114781,654.4582961937081
4.641430966071934,654.3147224439597
4.640579216753018,653.827102948617
4.639727779985897,653.0739183869624
4.638876655598567,652.9202670259892
4.638025843419149,651.9525214998745
4.637175343275888,651.7362153995839
4.636325154997156,651.6284214211223
4.635475278411451,651.499920615699
4.634625713347397,651.4050260811779
4.6337764596337445,651.3154294053138
4.6329275170993665,651.2258327294498
4.6320788855732635,651.1362360535858
4.631230564884561,651.0466393777217
4.630382554862511,650.9755930982905
4.6295348553364875,650.9109427323594
4.628687466135992,650.8462923664283
4.627840387090649,650.7213289008898
4.626993618030211,650.3869855656556
4.6261471587845495,650.052642230421
4.625301009183665,649.7489092177843
4.624455169057682,649.5444253294793
4.623609638236846,649.3399414411742
4.622764416551531,649.1679282232435
4.621919503832233,649.0111234670945
4.621074899909569,648.8543187109456
4.620230604614286,648.695984811741
4.619386617777249,648.4758029528618
4.6185429392294495,648.1594951797119
4.617699568802002,647.8967472355948
4.616856506326143,647.697311051136
4.616013751633235,647.4897196769357
4.615171304554761,647.2946491796715
4.614329164922328,647.1640963143839
4.613487332567666,647.0503029101653
4.612645807322627,646.9365095059468
4.6118045890191866,646.7815594825574
4.610963677489442,646.5265295803315
4.610123072565615,646.2714996781057
4.609282774080047,645.8400221449476
4.608442781865203,645.5568279945754
4.607603095753669,645.3699994028759
4.606763715578156,645.2471689168729
4.605924641171492,645.1243384308699
4.605085872366631,644.9730835998407
4.604247408996648,644.817228642609
4.603409250894737,644.6613736853774
4.602571397894217,644.1881088929058
4.601733849828525,644.0643117664938
4.600896606531221,643.9405146400818
4.600059667835986,643.7930757790187
4.599223033576623,643.5217016470276
4.598386703587052,643.225597702181
4.597550677701318,642.9014624604354
4.596714955753586,642.6121358307262
4.59587953757814,642.3983001164786
4.5950444230093845,642.2713654994657
4.594209611881845,642.110625687847
4.593375104030169,641.9410128325198
4.59254089928912,641.7682986513163
4.591706997493585,641.5377057633434
4.59087339847857,641.3040447818136
4.590040102079199,641.0703838002837
4.58920710813072,640.8129442836955
4.588374416468496,640.5274384590028
4.587542026928011,640.2383200691089
4.58670993934487,639.7927841395
4.585878153554794,639.5565266795525
4.585046669393626,639.3615444782301
4.584215486697327,639.1700701088486
4.583384605301978,638.9785957394669
4.582554025043777,638.8167917472983
4.5817237457590405,638.7507486336414
4.580893767284206,638.6831390119816
4.580064089455828,638.4491557586904
4.579234712110579,638.1896699778929
4.578405635085249,637.9304483950702
4.577576858216751,637.7978874791006
4.576748381342109,637.6740747767116
4.5759202042984715,637.5776739914795
4.575092326923099,637.5015455506966
4.574264749053374,637.4614364784636
4.573437470526796,637.4263756249084
4.5726104911809795,637.3913147713533
4.57178381085366,637.199304887047
4.570957429382687,636.9643178454237
4.57013134660603,636.8721644068582
4.569305562361774,636.7850004487827
4.56848007648812,636.7462171753427
4.567654888823389,636.7500247711469
4.566829999206017,636.6963250109127
4.566005407474556,636.6004527052701
4.565181113467675,636.4449070148611
4.56435711702416,636.2777755032639
4.563533417982915,636.1123485077671
4.562710016182956,635.9552659822078
4.561886911463419,635.8376453916596
4.561064103663554,635.7559417466576
4.560241592622728,635.6913304854942
4.559419378180424,635.5611976489754
4.558597460176238,635.371455945778
4.557775838449887,635.2367833845933
4.556954512841198,635.1384823258888
4.556133483190117,635.0563473131369
4.555312749336704,634.9850884588204
4.554492311121133,634.9284939563638
4.553672168383698,634.880569195278
4.5528523209648,634.8059970669253
4.552032768704962,634.6774328040397
4.55121351144482,634.4237325197219
4.550394549025121,634.1654809919407
4.549575881286733,634.146723830243
4.548757508070634,634.143516543307
4.547939429217915,634.1350579054631
4.5471216445697875,634.1265992676193
4.54630415396757,633.9210368553294
4.545486957252701,633.7895895036842
4.544670054266729,633.7161989776857
4.543853444851318,633.6428084516874
4.543037128848248,633.5694179256889
4.542221106099407,633.4930046350072
4.541405376446802,633.3987817090594
4.540589939732551,633.3216459960107
4.539774795798885,633.2723758094472
4.53895994448815,633.2231056228837
4.538145385642804,633.081286392042
4.537331119105419,632.4132011897998
4.536517144718678,632.0577036285854
4.535703462325379,631.9325206478059
4.53489007176843,631.8574709290551
4.5340769728908565,631.8196041789142
4.533264165535792,631.7256748702634
4.532451649546484,631.5588610332786
4.5316394247662934,631.449470326387
4.530827491038691,631.408886498465
4.530015848207263,631.4187249426728
4.529204496115704,631.4285633868807
4.528393434607823,631.4197083190539
4.527582663527541,631.3770351239285
4.526772182718889,631.334361928803
4.525961992026011,631.2920071431431
4.525152091293162,631.2231491511436
4.52434248036471,631.1186116310616
4.523533159085131,631.0200695064844
4.522724127299016,630.9640566306559
4.521915384851065,630.8831550380471
4.521106931586089,630.8508394322918
4.5202987673490105,630.8868604186209
4.519490891984863,630.92288140495
4.518683305338791,630.8879020998525
4.517876007256049,630.7730944914274
4.517068997582003,630.6582868830023
4.516262276162128,630.5757191570083
4.51545584284201,630.5399612495964
4.5146496974673465,630.5051734502197
4.513843839883942,630.5339534056315
4.5130382699377165,630.5815757476362
4.512232987474693,630.6391443923203
4.511427992341011,630.5930357118975
4.510623284382916,630.5160902385526
4.509818863446763,630.4391447652076
4.509014729379019,630.4422841101888
4.508210882026258,630.4548376425992
4.507407321235165,630.4673911750097
4.506604046852534,630.4618889405265
4.505801058725266,630.4437200032869
4.5049983567003755,630.4365461471904
4.504195940624983,630.4393412075801
4.503393810346318,630.3851687582087
4.502591965711719,630.2058406403005
4.501790406568635,630.0974645207108
4.500989132764619,630.0442400732838
4.500188144147339,630.0189285103447
4.499387440564566,629.972060200801
4.498587021864181,629.8702031390239
4.4977868878941765,629.7453120467962
4.496987038502646,629.6622109649195
4.496187473537798,629.6030412924911
4.495388192847946,629.5439048983142
4.49458919628151,629.484768504137
4.49379048368702,629.5105701598907
4.492992054913113,629.5619853230389
4.492193909808534,629.6134004861872
4.491396048222135,629.5558387688204
4.4905984700028725,629.4428721978383
4.489801174999816,629.3299056268561
4.48900416306214,629.2753488596776
4.488207434039122,629.2430770515818
4.487410987780152,629.210805243486
4.4866148241347235,629.2061841356159
4.485818942952439,629.2155260114604
4.4850233440830065,629.0846448546264
4.484228027376239,628.8538113739696
4.48343299268206,628.6793488530808
4.4826382398504965,628.612316041271
4.481843768731682,628.5906775033889
4.481049579175857,628.6092006818121
4.480255671033368,628.6277238602356
4.479462044154666,628.6341848792454
4.478668698390313,628.4014185340793
4.477875633590969,628.2129695297832
4.477082849607406,628.1335800681801
4.476290346290499,628.0348496975674
4.47549812349123,627.9267211245359
4.474706181060684,627.8806889769959
4.473914518850055,627.8579822880461
4.4731231367106385,627.8352755990962
4.4723320344938395,627.7493031424372
4.471541212051163,627.6264496509907
4.4707506692342225,627.5035961595444
4.469960405894736,627.4508264210037
4.469170421884525,627.330601661758
4.468380717055517,627.2077292224742
4.467591291259745,627.0525659182789
4.466802144349343,626.9630390412068
4.466013276176554,626.8870921436458
4.4652246865937215,626.8111452460846
4.464436375453295,626.6930687455233
4.463648342607829,626.5487957362807
4.46286058790998,626.3980395065195
4.4620731112125105,626.2414853784901
4.461285912368286,626.1312533967398
4.460498991230275,626.0373713916375
4.459712347651552,626.0131107676774
4.458925981485292,625.9519669087681
4.458139892584776,625.8796219511453
4.4573540808033885,625.7609571673308
4.456568545994616,625.6422923835164
4.455783288012047,625.5276437628429
4.454998306709378,625.3800432493301
4.4542136019404035,625.2374579644963
4.453429173559025,625.1897271236851
4.452645021419242,625.1661111606504
4.451861145375162,625.1424951976157
4.4510775452809925,625.0516937586463
4.450294220991044,624.9506996747771
4.4495111723597285,624.5442279101583
4.448728399241563,624.4564245851582
4.447945901491166,624.4006011501508
4.447163678963257,624.3447777151437
4.446381731512657,624.2748812032147
4.445600058994293,624.1647720311362
4.44481866126319,624.0549835609497
4.444037538174475,623.9797452515063
4.443256689583381,623.9425933436429
4.442476115345239,623.9054414357795
4.441695815315482,623.8271510344639
4.4409157893496465,623.694642334217
4.4401360373033665,623.5621336339698
4.439356559032382,623.431138554791
4.438577354392533,623.365317313969
4.437798423239757,623.2994960731469
4.437019765430098,623.2406057204507
4.436241380819698,623.1925926137965
4.4354632692648,623.1374847272
4.43468543062175,622.6110000078506
4.433907864746991,622.5880840297775
4.4331305714970695,622.5651680517046
4.432353550728632,622.5422520736317
4.431576802298426,621.8617225993482
4.430800326063297,621.7324944933066
4.4300241218801935,621.603266387265
4.429248189606163,621.4740382812236
4.4284725290983555,621.4304980554614
4.427697140214016,621.4054764958539
4.426922022810493,621.3804549362467
4.4261471767452365,621.3292235601164
4.425372601875791,621.2283961787139
4.424598298059807,621.1275687973113
4.4238242651550275,621.0387410793812
4.423050503019302,620.9242827193224
4.422277011510576,620.8118042825306
4.421503790486893,620.6993258457387
4.420730839806399,620.5868474089468
4.419958159327337,620.4784404212132
4.419185748908051,620.3997119913312
4.41841360840698,620.3491965989955
4.417641737682667,620.266209514557
4.416870136593751,620.12913303548
4.41609880499897,619.9674145906615
4.41532774275716,619.8206348166282
4.414556949727259,619.7259978859928
4.413786425768298,619.5531360206046
4.413016170739411,619.335427977506
4.412246184499828,619.2139010061429
4.411476466908879,619.151147539751
4.410707017825989,619.0883940733593
4.409937837110686,618.9489996442071
4.40916892462259,618.6333076493077
4.408400280221424,618.3976480191782
4.407631903767006,618.2832724552852
4.406863795119253,618.2162344405257
4.406095954138177,618.152294008168
4.405328380683892,618.0870730294936
4.404561074616607,617.9223371754758
4.403794035796628,617.742492564324
4.403027264084359,617.562647953172
4.402260759340299,617.3533447917773
4.401494521425049,617.0988456985667
4.400728550199303,616.8666594736634
4.399962845523852,616.7341343120463
4.399197407259587,616.6231316743879
4.398432235267492,616.5121290367294
4.397667329408651,616.3964992980876
4.396902689544241,616.2464699458233
4.39613831553554,616.1000427856757
4.395374207243918,615.9536156255281
4.394610364530845,615.8243689741207
4.393846787257885,615.6695096626943
4.393083475286698,615.5146503512678
4.392320428479042,615.4013134029333
4.3915576466967705,615.3636771861941
4.390795129801832,615.327585418341
4.390032877656271,615.2914936504877
4.389270890122228,615.1777768060224
4.38850916706194,614.9900785409186
4.387747708337739,614.811827537127
4.386986513812051,614.6450534527887
4.3862255833474,614.4782793684504
4.385464916806406,614.3581831636229
4.38470451405178,614.3350813760892
4.383944374946331,614.3119795885552
4.383184499352964,613.8744937743267
4.382424887134678,613.6684532491238
4.381665538154566,613.4962456414139
4.380906452275816,613.400801455522
4.380147629361714,613.3053572696301
4.3793890692756365,613.2099130837383
4.378630771881057,613.0318512129545
4.3778727370415425,612.8427238473264
4.3771149646207546,612.6450765490038
4.37635745448245,612.5057329458689
4.37560020649048,612.4009789812867
4.3748432205087875,612.2062537793599
4.3740864964014134,612.0765397994195
4.37333003403249,611.9468258194789
4.372573833266244,611.8171118395384
4.371817893966995,611.6742671014576
4.37106221599916,611.5476854224123
4.3703067992272455,611.462429583584
4.369551643515854,610.8586271867742
4.3687967487296815,610.8025970591116
4.368042114733517,610.6652461965944
4.367287741392244,610.5156074471429
4.366533628570836,610.2837245221223
4.365779776134362,610.03494659791
4.365026183947987,609.7934806126651
4.364272851876964,609.577681879729
4.363519779786642,609.3859756652337
4.362766967542462,609.1615152641348
4.362014415009957,608.9440219017212
4.361262122054757,608.7983990693162
4.360510088542578,608.6537550651749
4.359758314339234,608.5091110610338
4.35900679931063,608.3589436530829
4.358255543322761,608.2014887363368
4.357504546241718,608.017831321469
4.356753807933682,607.803156062834
4.3560033282649275,607.6503022305214
4.355253107101821,607.5078750189248
4.354503144310819,607.3654478073279
4.3537534397584725,607.1705723821348
4.353003993311424,606.9425722348586
4.352254804836406,606.7145720875825
4.351505874200245,606.5483072654437
4.3507572012698565,606.4818986777095
4.350008785912252,606.4154900899754
4.349260627994529,606.3018662328275
4.348512727383881,606.1313220453515
4.347765083947589,605.9052183402864
4.34701769755303,605.7727885662878
4.346270568067666,605.6403587922891
4.345523695359056,605.4088074874674
4.344777079294846,605.0600123841884
4.344030719742776,604.9279670142101
4.343284616570674,604.7959216442318
4.342538769646461,604.6908989260411
4.341793178838146,604.6065682409217
4.341047844013833,604.5060133052935
4.340302765041712,604.3978581244029
4.3395579417900665,604.2897029435122
4.338813374127269,604.1815477626214
4.338069061921782,604.0546476013943
4.337325005042161,603.840775902605
4.336581203357047,603.644447175714
4.335837656735176,603.5896966870714
4.335094365045371,603.5414003865785
4.334351328156544,603.4931040860856
4.333608545937699,603.2471266363291
4.332866018257931,602.756827052813
4.332123744986423,602.6865065533394
4.331381725992446,602.6161860538658
4.330639961145362,601.8473818934456
4.329898450314624,601.663218532418
4.329157193369772,601.4882049269797
4.3284161901804366,601.3131913215412
4.327675440616337,601.1381777161029
4.326934944547284,601.0217464634136
4.326194701843173,600.9619613014784
4.3254547123739915,600.8843105079891
4.324714976009816,600.7950496263718
4.323975492620811,600.7057887447544
4.323236262077229,600.615910198124
4.322497284249413,600.5162812774893
4.321758559007793,600.4166523568547
4.321020086222889,600.2073405912085
4.32028186576531,599.9943562464346
4.31954389750575,599.8837463797453
4.318806181314995,599.773136513056
4.318068717063917,599.6578454241521
4.317331504623478,599.4599856160071
4.316594543864727,599.3102611617786
4.3158578346588,599.1605367075499
4.315121376876923,599.0871131480335
4.314385170390408,599.0159466833229
4.313649215070658,598.9511395786991
4.312913510789159,598.3761987333542
4.31217805741749,598.2904941236211
4.3114428548273125,598.204789513888
4.310707902890377,598.119084904155
4.309973201478525,598.0333802944219
4.309238750463681,597.9476756846889
4.308504549717858,597.790960373193
4.307770599113158,597.6211390624366
4.307036898521767,597.4507217601715
4.306303447815961,597.297403923518
4.305570246868102,597.2421794269983
4.304837295550637,597.1128341235677
4.304104593736103,596.9706581575343
4.303372141297121,596.8284821915008
4.3026399381064016,596.6234559281829
4.301907984036739,596.4691863978342
4.301176278961016,596.3369246493912
4.300444822752201,596.2331928766708
4.299713615283349,596.1265212563454
4.298982656427602,596.01984963602
4.298251946058186,595.9131780156946
4.297521484048415,595.7436116915158
4.29679127027169,595.4183255478401
4.296061304601497,595.2959889434717
4.295331586911407,595.1343253018858
4.294602117075077,595.0017514431091
4.293872894966253,594.9310553976295
4.2931439204587605,594.86035935215
4.292415193426518,594.7436105875483
4.291686713743523,594.5094971456999
4.290958481283865,594.2887140187424
4.290230495921713,594.1610382086249
4.2895027575313245,594.0074485451713
4.2887752659870415,593.8486722240809
4.288048021163291,593.7068544820693
4.287321022934587,593.5650367400575
4.2865942711755265,593.4152157334759
4.285867765760791,593.248010091995
4.285141506565149,593.1139533523751
4.284415493463454,592.9798966127553
4.283689726330642,592.7994542759213
4.2829642050417345,592.6432727616905
4.2822389294718395,592.5080747948626
4.281513899496148,592.3728768280348
4.280789114989934,592.2059476887381
4.28006457582856,591.9627615018009
4.27934028188747,591.7693383576167
4.278616233042193,591.5785176041435
4.2778924291683404,591.3152219045708
4.277168870141611,591.1572306097789
4.276445555837786,591.0882733871515
4.2757224861327305,591.0193161645238
4.2749996609023935,590.9503589418962
4.274277080022808,590.8814017192686
4.273554743370092,590.7546020560584
4.272832650820445,590.5894163723119
4.272110802250152,590.2301206879663
4.271389197535581,590.1019669106328
4.270667836553183,590.0410702123468
4.269946719179493,589.9801735140607
4.269225845291129,589.9192768157745
4.268505214764793,589.8583801174884
4.26778482747727,589.7974834192024
4.267064683305428,589.6376539930577
4.266344782126217,589.399578896037
4.265625123816672,589.0418161303218
4.26490570825391,588.9309639386408
4.2641865353151305,588.807876185647
4.263467604877617,588.63497676172
4.262748916818733,588.4620773377931
4.26203047101593,588.2891779138661
4.261312267346736,588.1175829223571
4.260594305688765,587.9258507950244
4.259876585919713,587.734118667692
4.259159107917358,587.5526626376359
4.258441871559561,587.4040958619396
4.257724876724264,587.2426737176434
4.257008123289493,587.0584446804922
4.256291611133354,586.832434458933
4.255575340134036,586.587563496076
4.254859310169811,586.3925929160301
4.2541435211190315,586.2402464005661
4.253427972860133,586.1246822577427
4.2527126652716305,585.9976592554121
4.251997598232124,585.8706362530814
4.251282771620293,585.7436132507507
4.250568185314898,585.5906984123503
4.249853839194784,585.4302513016712
4.249139733138874,585.2695763822175
4.248425867026174,585.0753969278235
4.247712240735772,584.8473595416206
4.246998854146835,584.6193221554176
4.246285707138614,584.4923384697148
4.2455727995904375,584.446011191131
4.24486013138172,584.3996839125473
4.2441477023919525,584.2603601767937
4.2434355125007075,584.0292713342517
4.242723561587641,583.7693343399862
4.2420118495324886,583.5522616992089
4.241300376215063,583.3351890584315
4.2405891415152634,583.1919378121988
4.239878145313065,583.0627773998756
4.239167387488526,582.9336169875523
4.238456867921785,582.853800301873
4.237746586493058,582.8062841817
4.237036543082645,582.758768061527
4.236326737570925,582.7112519413541
4.235617169838355,582.5639158745269
4.234907839765476,582.3920442946123
4.234198747232904,582.2201727146976
4.233489892121341,582.0882114322444
4.232781274311564,582.0310491562004
4.232072893684431,581.9715910965076
4.231364750120881,581.73644997305
4.230656843501932,581.4635059639984
4.229949173708682,581.210316067578
4.229241740622307,580.9671697884417
4.228534544124063,580.1640908675668
4.227827584095287,580.0595347170688
4.227120860417395,579.4655950658573
4.22641437297188,579.006129281828
4.225708121640317,578.9577277055039
4.225002106304359,578.9095682306371
4.224296326845737,578.8614087557703
4.223590783146261,578.7991914303932
4.222885475087824,578.7118583485128
4.222180402552393,578.6245252666324
4.221475565422016,578.537192184752
4.220770963578818,578.4480394604641
4.220066596905006,578.3558048050514
4.219362465282864,578.2635701496388
4.218658568594753,578.1713354942261
4.217954906723114,578.1320380124105
4.217251479550465,578.0960089673733
4.216548286959406,578.0297703386581
4.2158453288326125,577.7163320728338
4.2151426050528364,577.3504997150247
4.214440115502911,577.1292264938609
4.213737860065747,577.0460844264223
4.213035838624332,576.9644670549383
4.212334051061733,576.8646945662658
4.211632497261094,576.6958063086515
4.210931177105637,576.5118751525282
4.210230090478662,576.3279439964049
4.2095292372635456,576.1388620886917
4.208828617343744,575.9471693318135
4.20812823060279,575.7557868327876
4.207428076924292,575.5644043337616
4.206728156191939,575.4280472493277
4.206028468289497,575.3010320677563
4.205329013100807,575.174016886185
4.20462979050979,575.0288438366232
4.203930800400441,574.8891528614498
4.203232042656834,574.7598389959978
4.202533517163123,574.6258381765018
4.201835223803532,574.4952663256631
4.201137162462368,574.3688187669239
4.200439333024013,574.2423712081847
4.199741735372925,574.1159236494454
4.19904436939364,573.9887507969792
4.198347234970769,573.8487380514134
4.197650331989002,573.7339731532414
4.1969536603331035,573.6233562603373
4.196257219887914,573.3942691120376
4.195561010538354,573.2180160954567
4.194865032169416,573.0417630788756
4.194169284666172,572.8655100622948
4.193473767913768,572.7334350287346
4.192778481797428,572.6324683142604
4.192083426202451,572.3367753908562
4.191388601014213,572.2772800497917
4.190694006118165,572.192836208754
4.189999641399833,572.1072941149819
4.189305506744821,572.0160333429442
4.188611602038808,571.9159331148796
4.1879179271675495,571.8158328868151
4.187224482016874,571.6970643324472
4.186531266472688,571.5127337831234
4.185838280420974,571.3609328897135
4.185145523747787,571.2411284434563
4.184452996339261,571.1535255425458
4.183760698081603,571.0636462139047
4.183068628861095,570.9737668852637
4.182376788564098,570.8838875566225
4.181685177077044,570.7649473578177
4.180993794286439,570.6291718686515
4.18030264007887,570.4610792219859
4.179611714340995,570.2929865753202
4.178921016959545,570.1976559118943
4.178230547821331,570.0807639511024
4.177540306813234,569.8571923544607
4.1768502938222145,569.6237026571565
4.176160508735302,569.4264063063622
4.175470951439605,569.3295789634919
4.174781621822306,569.1667312324106
4.174092519770659,569.0038835013294
4.173403645171997,568.841035770248
4.172714997913723,568.7490628744276
4.172026577883318,568.6980824610404
4.171338384968334,568.6156393453493
4.1706504190563995,568.5237620302223
4.169962680035216,568.3916540555558
4.169275167792559,568.248449432578
4.168587882216279,568.0857146790161
4.167900823194299,567.9075621460818
4.167213990614617,567.6073480906462
4.166527384365305,567.3071340352108
4.165841004334509,567.1244983824547
4.165154850410445,566.9989149832146
4.164468922481409,566.9095273465352
4.163783220435765,566.820139709856
4.163097744161953,566.6599928855364
4.162412493548485,566.4956770691934
4.16172746848395,566.3313612528505
4.161042668857006,566.17385757566
4.160358094556388,566.040252453764
4.1596737454709,565.5632113458048
4.158989621489423,565.4413201490936
4.158305722500908,565.3157711038691
4.157622048394383,565.1777316481323
4.156938599058943,565.0396921923957
4.156255374383763,564.9016527366591
4.155572374258085,564.7243604441054
4.154889598571228,564.5227402113803
4.15420704721258,564.321119978655
4.153524720071605,564.1272582433733
4.152842617037837,563.9840536081512
4.152160738000884,563.8070697300211
4.151479082850425,563.6121523388141
4.150797651476215,563.4784068839112
4.150116443768078,563.3897247364516
4.149435459615911,563.3010425889922
4.148754698909682,563.2123604415327
4.148074161539436,563.0947400353441
4.147393847395285,562.9493668883872
4.146713756367414,562.8039937414303
4.146033888346082,562.6586205944734
4.145354243221619,562.468728935575
4.144674820884427,562.2788730322313
4.143995621224979,562.0890171288876
4.143316644133821,561.923798135324
4.142637889501571,561.8094192207575
4.141959357218916,561.695040306191
4.141281047176616,561.5591201194804
4.140602959265505,561.3596906810676
4.139925093376485,561.0994584819006
4.139247449400532,560.8392262827335
4.138570027228692,560.691626112537
4.137892826752082,560.5663716513909
4.137215847861891,560.3944984143686
4.1365390904493795,560.2542040936606
4.135862554405878,560.1295189741347
4.135186239622789,560.0048338546087
4.134510145991586,559.8801487350827
4.133834273403813,559.7554636155569
4.133158621751085,559.6753912066747
4.132483190925088,559.6011383805705
4.131807980817579,559.5268855544664
4.131132991320386,559.4542308680828
4.130458222325406,559.3906844110468
4.129783673724608,559.3063506341616
4.129109345410033,559.205859267166
4.128435237273789,559.0404646455435
4.127761349208057,558.8381448757643
4.127087681105087,558.6481826677659
4.1264142328572015,558.5330370661984
4.12574100435679,558.4178914646309
4.125067995496316,557.7010895736114
4.124395206168309,556.7920348707619
4.123722636265372,556.6159731485656
4.1230502856801765,556.5519363528472
4.122378154305466,556.4878995571287
4.1217062420340485,556.4238627614102
4.121034548758809,556.3118927735106
4.1203630743726976,556.1972290715463
4.119691818768735,556.03767757376
4.119020781840012,555.8773419650289
4.11834996347969,555.7386150006661
4.117679363580999,555.5998880363034
4.117008982037239,555.4611610719405
4.116338818741778,555.3224341075777
4.115668873588055,555.200116652338
4.114999146469577,555.0781380884739
4.114329637279923,554.9508820967463
4.113660345912738,554.7795537011621
4.112991272261738,554.5105147559199
4.112322416220708,554.2414758106777
4.111653777683502,554.0388348527783
4.110985356544043,553.8654749947482
4.110317152696321,553.6921151367181
4.109649166034399,553.5187552786882
4.108981396452405,553.3674518510701
4.108313843844539,553.2098239925357
4.107646508105066,553.0445923902571
4.106979389128324,552.8624782960013
4.106312486808717,552.6038664314909
4.105645801040717,552.3452545669805
4.104979331718867,552.1670852606159
4.104313078737775,552.0559755006097
4.1036470419921205,551.9448657406036
4.102981221376651,551.8337559805975
4.102315616786181,551.7226462205914
4.101650228115593,551.5948416023417
4.100985055259841,551.4835810564841
4.100320098113942,551.372328130543
4.099655356572984,551.23729347186
4.0989908305321245,551.0487640931537
4.0983265198865855,550.8593742069252
4.097662424531659,550.6690414772502
4.096998544362705,550.525282516964
4.096334879275151,550.3934332672134
4.095671429164492,550.2859130236702
4.095008193926289,550.19003717504
4.094345173456175,550.0341605089204
4.093682367649846,549.8779612768574
4.093019776403068,549.6302402976919
4.092357399611674,549.3981535302694
4.091695237171565,549.1660667628471
4.091033288978708,548.9425107374816
4.090371554929138,548.7885770543026
4.089710034918958,548.6679687428132
4.089048728844336,548.5473604313238
4.08838763660151,548.4298839096134
4.0877267580867835,548.2547863485154
4.087066093196527,548.0773434293602
4.086405641827178,547.899900510205
4.085745403875243,547.7078302330444
4.085085379237291,547.5260590592774
4.084425567809962,547.3442878855103
4.08376596948996,547.1625167117431
4.083106584174058,546.980745537976
4.0824474117590945,546.7739349782653
4.081788452141974,546.633038208038
4.081129705219668,546.5496146127052
4.080471170889216,546.4695122124748
4.0798128490477215,546.3894098122444
4.079154739592355,546.3093074120138
4.078496842420355,546.2292050117833
4.077839157429025,546.149102611553
4.077181684515735,545.6885608980189
4.07652442357792,545.5636858882584
4.075867374513083,545.4117776256887
4.075210537218793,545.188983019595
4.074553911592683,544.9358954119251
4.073897497532453,544.2982277887498
4.073241294935871,544.0495871549338
4.072585303700767,543.8727166100977
4.071929523725039,543.6972408738616
4.071273954906652,543.5302878329911
4.070618597143635,543.3928851345354
4.069963450334081,543.3030898610996
4.069308514376153,543.2132945876638
4.068653789168075,543.1241570875816
4.067999274608139,543.0358572005184
4.0673449705947045,542.9475573134553
4.06669087702619,542.8592574263919
4.066036993801085,542.7709575393287
4.065383320817943,542.6381927125135
4.064729857975381,542.4235939726898
4.064076605172084,542.1713384336376
4.063423562306799,542.0650130762472
4.062770729278339,541.9674743447574
4.062118105985585,541.8733901416995
4.061465692327478,541.8228367677392
4.060813488203028,541.772283393779
4.060161493511307,541.6560503515506
4.059509708151455,541.5335405570384
4.0588581320226735,541.4110307625263
4.05820676502423,541.2133877353301
4.057555607055457,541.0488601249663
4.056904658015752,540.8843678180725
4.056253917804576,540.7245804270735
4.055603386321454,540.5801286964327
4.054953063465977,540.435676965792
4.054302949137799,540.3159392347254
4.0536530432366416,540.1969803454572
4.053003345662285,539.6796702918928
4.0523538563145785,539.5664859143995
4.051704575093433,539.4419064817394
4.051055501898825,539.2898703570772
4.050406636630794,539.1449939352221
4.049757979189444,539.0140448672037
4.0491095294749435,538.9207508450671
4.048461287387524,538.8795865607162
4.047813252827482,538.8384222763652
4.047165425695177,538.7972579920142
4.046517805891031,538.7039861669455
4.045870393315533,538.587765183663
4.045223187869232,538.4715442003805
4.044576189452744,538.337797056231
4.043929397966747,538.1202078095666
4.043282813311982,537.8949424179614
4.0426364353892525,537.685503464168
4.04199026409943,537.5670076289218
4.041344299343444,537.511287634997
4.04069854102229,537.4555676410721
4.040052989037027,537.3776815253409
4.039407643288776,537.2072982233256
4.038762503678722,536.9964174304864
4.038117570108114,536.7855366376473
4.037472842478261,536.5891178904872
4.036828320690538,536.1593316005712
4.0361840046463815,536.0973040648008
4.035539894247292,536.0352765290304
4.034895989394832,535.9625554280252
4.034252289990627,535.8507818905102
4.033608795936365,535.7316757713095
4.032965507133797,535.6125696521087
4.032322423484737,535.3939829361448
4.031679544891062,535.0901704987755
4.0310368712547096,535.0228874949571
4.030394402477681,534.9556044911387
4.029752138462041,534.8883214873204
4.029110079109916,534.8210384835019
4.028468224323494,534.7557418720742
4.027826574005027,534.7085821364749
4.027185128056826,534.6212783375122
4.026543886381268,534.502832526381
4.025902848880792,534.3843867152498
4.025262015457894,534.2659409041185
4.024621386015139,534.035905613325
4.023980960455149,533.2302828679783
4.023340738680611,532.4888444464186
4.0227007205942735,532.4251725612405
4.022060906098943,532.3615006760623
4.021421295097493,532.3002890197506
4.020781887492857,532.2408441840983
4.02014268318803,532.1813993484461
4.019503682086066,532.1219545127939
4.018864884090086,532.058702832989
4.018226289103269,531.9836052505809
4.017587897028856,531.9084971345785
4.0169497077701495,531.8326579429464
4.016311721230514,531.7568187513143
4.015673937313377,531.6809795596823
4.015036355922222,531.6051403680501
4.014398976960599,531.529301176418
4.013761800332118,531.4534619847859
4.013124825940448,531.3629742819801
4.012488053689323,531.2572065169892
4.011851483482534,531.1107701659066
4.011215115223935,530.921427816706
4.010578948817443,530.7320854675056
4.009942984167031,530.5450761770818
4.009307221176738,530.4338375328862
4.00867165975066,530.338431262687
4.008036299792956,530.2430249924876
4.007401141207846,530.157435453682
4.006766183899609,530.0669958763709
4.006131427772585,529.9578365066855
4.005496872731176,529.8486771370001
4.004862518679844,529.6908181149092
4.00422836552311,529.4535061168751
4.003594413165557,529.2107860650107
4.002960661511829,529.0226530444659
4.002327110466629,528.8914930080858
4.00169375993472,528.8526752611219
4.001060609820927,528.8205223645464
4.000427660030135,528.7883694679708
3.9997949104672856,528.7562165713955
3.999162361037386,528.5787284490282
3.9985300116454994,528.3809241992038
3.997897862196751,528.1831199493795
3.9972659125963257,527.9853156995553
3.9966341627494684,527.7435374589849
3.9960026125614827,527.6547217206266
3.995371261937734,527.5714497692172
3.994740110783646,527.5074285162648
3.9941091590047018,527.4434072633123
3.993478406506446,527.3793860103598
3.9928478531944815,527.3153647574073
3.992217498974471,527.2396650134508
3.991587343752138,527.0100040087202
3.990957387433263,526.7803430039895
3.9903276299236894,526.5527861166028
3.989698071129316,526.4245933815575
3.9890687109561034,526.3120215504945
3.9884395493100717,526.208949389727
3.9878105860972997,526.1051243339288
3.9871818212239254,525.9734814907656
3.9865532545961457,525.8964692680106
3.9859248861202174,525.8247167406871
3.9852967157024572,525.7529642133638
3.9846687432492374,525.6812116860403
3.984040968666992,525.5353151071308
3.9834133918622148,525.3230841764998
3.982786012741456,525.1261198254699
3.982158831211326,525.0430708305346
3.981531847178495,524.9600218355995
3.9809050605496896,524.9197962419887
3.9802784712316974,524.9014062177848
3.9796520791313625,524.8830161935809
3.9790258841555897,524.7275738099454
3.9783998862113408,524.5182809086623
3.9777740852056374,524.3211708845447
3.9771484810455586,524.2551537833419
3.976523073638243,524.1891366821392
3.9758978628908856,524.1200648109472
3.975272848710744,524.0401845594827
3.9746480310051275,523.9465274275328
3.9740234096814095,523.8528702955829
3.973398984647019,523.7592131636329
3.972774755809444,523.6609691337958
3.97215072307623,523.5208671660496
3.971526886354981,523.3873606097634
3.970903245553359,523.2140981978489
3.9702798005790845,523.0550392759566
3.969656551339934,522.9650246951576
3.9690334977437436,522.9143297911576
3.9684106396984076,522.8768800053875
3.9677879771118767,522.8629246361802
3.9671655098921605,522.8343501531931
3.966543237947326,522.8033964195606
3.9659211611854976,522.7724426859281
3.9652992795148583,522.7414889522958
3.9646775928436457,522.7105352186633
3.9640561010801587,522.6795814850308
3.963434804132752,522.4223076849028
3.9628137019098375,522.3425588794134
3.962192794319885,522.2439486760629
3.9615720812714215,522.1453384727122
3.9609515626730314,522.1508311602512
3.9603312384333567,522.140189632436
3.959711108461095,522.1295481046208
3.9590911726650035,522.1189065768056
3.958471430953894,522.1082650489903
3.9578518832366383,522.025339014255
3.9572325294221624,521.9077429078195
3.956613369419451,521.7970711152136
3.955994403137545,521.7625066767785
3.955375630485544,521.7027154864325
3.9547570513726007,521.6429242960864
3.954138665707928,521.5831331057404
3.953520473400794,521.5388155970121
3.9529024743605246,521.5574473424489
3.9522846684965014,521.5700827884723
3.951667055718163,521.4036443551729
3.9510496359350054,521.3519111488177
3.95043240905658,521.2991999455766
3.949815374992494,521.2464887423353
3.9491985336524134,521.193777539094
3.9485818849460586,521.1410663358527
3.9479654287832076,521.1042221555915
3.947349165073694,521.0919281157928
3.946733093727408,521.0796340759941
3.9461172146542967,521.0742969628639
3.9455015277643626,521.072584787098
3.944886032967663,521.0606455606959
3.9442707301743143,521.0487063342938
3.9436556192944865,521.0038806418929
3.9430407002384076,520.8766852218616
3.94242597291636,520.6915786738132
3.941811437238682,520.604245059378
3.9411970931157696,520.5624470101548
3.940582940458074,520.5852331527544
3.9399689791760992,520.6080192953539
3.9393552091804094,520.6067723600411
3.9387416303816214,520.5728962716514
3.93812824269041,520.5120179545875
3.9375150460175035,520.4511396375235
3.936902040273687,520.3729345276467
3.9362892253698014,520.2854343246262
3.935676601216743,520.2166484957077
3.9350641677254616,520.1478626667891
3.934451924806965,520.1090693677879
3.9338398723723147,520.0922463550203
3.933228010332629,520.1012735419438
3.9326163385990807,520.1203386622262
3.932004857082897,520.1072500632266
3.931393565695362,520.0476563464974
3.930782464347815,519.9676879946098
3.930171552951647,519.9001010493924
3.929560831418308,519.859576510577
3.9289502996593018,519.8190519717616
3.9283399575861866,519.7785274329462
3.927729805110576,519.7380028941309
3.9271198421441387,519.6974783553153
3.926510068598598,519.6790228997752
3.925900484385733,519.6684107199349
3.9252910894173745,519.6577985400945
3.9246818836054116,519.647186360254
3.924072866861786,519.6367851971723
3.9234640390984956,519.6415696155846
3.9228554002275913,519.6554718319487
3.922246950161179,519.6693740483131
3.9216386888114205,519.585318213183
3.9210306160905306,519.5238167609828
3.920422731910778,519.5340496744541
3.9198150361844877,519.5442825879254
3.9192075288240376,519.5545155013967
3.9186002097418604,519.3015286749782
3.917993078850443,519.2353560438432
3.917386136062327,519.1691834127084
3.9167793812901075,519.125957549903
3.916172814446435,519.1049659753157
3.915566435444011,519.0839744007285
3.9149602441955946,519.0629828261411
3.9143542406139966,519.0419912515539
3.9137484246120837,519.0209996769665
3.913142796102775,518.9862821487005
3.9125373549990434,518.9301543417002
3.9119321012139174,518.8724699237937
3.911327034660478,518.8059466448065
3.910722155251859,518.7394233658192
3.91011746290125,518.672900086832
3.9095129575218928,518.6063768078446
3.9089086390270835,518.5081452202719
3.9083045073301714,518.4232119715996
3.9077005623445604,518.3382787229273
3.907096803983707,518.3048407030298
3.906493232161121,518.2773337354007
3.905889846790366,518.2499483379688
3.9052866477850587,518.2333356084278
3.90468363505887,518.2167228788867
3.9040808085255225,518.2001101493455
3.9034781680987938,518.1834974198044
3.9028757136925143,518.0065488877003
3.9022734452205667,517.8037870420912
3.901671362596889,517.6244088679471
3.901069465735468,517.5459680094651
3.9004677545503483,517.498291198571
3.899866228955625,517.4766070900316
3.8992648888654466,517.4549229814921
3.8986637341940154,517.4182214312426
3.8980627648555846,517.3554197534903
3.897461980764463,517.270695855759
3.8968613818350106,517.1859719580277
3.8962609679816387,517.0702531411705
3.8956607391188145,516.937603259141
3.895060695161056,516.8014018412841
3.8944608360229336,516.6652004234275
3.893861161619072,516.5654981398211
3.8932616718641473,516.496176404937
3.8926623666728877,516.4598643935476
3.8920632459600757,516.4235523821583
3.891464309640543,516.3550684525801
3.890865557629177,516.2585710556868
3.890266989840916,516.0931622089252
3.889668606190751,515.9277533621637
3.8890704065937247,515.7692537553942
3.888472390964933,515.6239105547766
3.8878745592195236,515.5105788034134
3.887276911272697,515.3999948693362
3.886679447039703,515.2894109352591
3.886082166435847,515.2099793233928
3.8854850693764846,515.1546777430078
3.8848881557770243,515.1054067806394
3.884291425552926,515.0561358182708
3.8836948786197016,514.9251871562572
3.883098514892915,514.7453692157121
3.882502334288183,514.5655512751671
3.8819063367211717,514.3857333346219
3.8813105221076007,514.2715839209475
3.880714890363241,514.178699204694
3.880119441403916,514.1378347557996
3.8795241751455,514.1099025868878
3.8789290915039185,514.0746721499295
3.8783341903951496,513.9674633528301
3.877739471735223,513.8446458370624
3.877144935440218,513.708536369195
3.876550581426267,513.5569213015388
3.8759564096095542,513.4281114728072
3.8753624199063146,513.3121302082372
3.8747686122328333,513.235042171209
3.874174986505449,513.1918423211443
3.87358154264055,513.1486424710796
3.8729882805545772,513.105442621015
3.8723952001640205,513.1059150270291
3.8718023013854226,513.1200881397633
3.871209584135377,513.1342612524975
3.8706170483305287,513.1171619313764
3.8700246938875726,512.8618290387333
3.869432520723256,512.6556753158204
3.8688405287543755,512.542816110062
3.868248717897781,512.2604256127858
3.86765708807037,512.2230043904647
3.8670656391890934,512.2102071071375
3.8664743711709524,512.1974098238104
3.8658832839329977,512.1846125404833
3.8652923773923327,512.171815257156
3.8647016514661097,512.1590179738289
3.8641111060715327,512.1462206905018
3.863520741125857,512.1334234071746
3.8629305565463854,512.1109647428854
3.8623405522504743,512.0079283602004
3.8617507281555294,511.90489197751543
3.8611610841790074,511.7718127380699
3.860571620238414,511.5917571517565
3.8599823362513077,511.2960736366966
3.859393232135295,511.181442593773
3.8588043078080343,511.06681155084954
3.8582155631872324,511.0027997627884
3.8576269981906477,510.96106518142994
3.8570386127360887,510.91043704186006
3.856450406741414,510.8070513946921
3.8558623801245324,510.70366574752416
3.8552745328034024,510.60028010035614
3.854686864696032,510.49689445318813
3.8540993757204816,510.3324603250832
3.853512065794858,510.112347593979
3.8529249348373193,509.8922348628747
3.8523379827660755,509.7601168732899
3.8517512094993838,509.64738607472015
3.851164614955552,509.5637637615404
3.8505781990529386,509.48413057926376
3.849991961709951,509.40449739698715
3.8494059028450467,509.3248642147106
3.8488200223767306,509.18126329017866
3.8482343202235607,509.0308861549349
3.8476487963041426,508.8805090196911
3.847063450537132,508.7301318844473
3.8464782828412334,508.26597412069066
3.8458932931352017,508.1643868660831
3.84530848133784,508.0627996114755
3.8447238473680034,507.96121235686803
3.844139391144592,507.86807734637375
3.843555112586559,507.8439184351911
3.8429710116129057,507.81975952400853
3.8423870881426816,507.795600612826
3.841803342094987,507.7450082226927
3.841219773388971,507.5838192561579
3.8406363819438303,507.3909090424544
3.840053167678813,507.19799882875105
3.839470130513214,507.0050886150475
3.838887270366379,506.7291811131146
3.838304587157701,506.65830858074594
3.837722080806624,506.5874360483774
3.8371397512326393,506.5165635160088
3.8365575983552875,506.44328474705327
3.835975622094158,506.3627196048907
3.8353938223688897,506.26073250666775
3.8348121990991686,506.1411484381717
3.8342307522047303,506.0215643696756
3.83364948160536,505.9019803011796
3.83306838722089,505.432033867309
3.8324874689712023,505.3783931024267
3.8319067267762272,505.32475233754445
3.8313261605559426,505.2531083576373
3.8307457702303775,505.1263436961448
3.830165555719605,504.93618913416094
3.8295855169437503,504.7460345721771
3.829005653822986,504.5866694575461
3.8284259662775324,504.49060511014807
3.827846454227659,504.40972459899376
3.827267117593683,504.3385662085634
3.8266879562959697,504.2674078181331
3.8261089702549342,504.1962494277028
3.825530159391036,504.1250910372725
3.8249515236247866,504.0539326468422
3.824373062876744,503.98277425641186
3.8237947770675143,503.9284108360547
3.823216666117751,503.89675156635246
3.822638729948158,503.8650922966502
3.8220609684794833,503.8334330269479
3.821483381632527,503.80255318191996
3.8209059693281335,503.6443021202185
3.8203287314871965,503.46772768280016
3.819751668030658,503.3217482469413
3.819174778879507,503.28108994112534
3.8185980639547807,502.4277308249866
3.818021523177564,502.4049171803344
3.8174451564689886,502.3821035356822
3.8168689637502355,502.35928989103
3.816292944942531,501.5245256300128
3.8157170999671504,501.3180401468961
3.8151414287454166,501.21573718890875
3.8145659311987,501.1134342309215
3.813990607248417,501.0111312729342
3.8134154568160334,500.8887284619455
3.8128404798230613,500.7949503601385
3.812265676191061,500.74164201566094
3.8116910458416373,500.6883336711833
3.811116588696446,500.63502532670566
3.810542304677188,500.58171698222804
3.809968193705612,500.45263502114466
3.809394255703513,500.3066630830292
3.8088204905927348,500.1807192173111
3.808246898295167,500.0904559841714
3.807673478732747,500.0001927510317
3.8071002318274574,499.88999636196
3.8065271575013298,499.7318960426867
3.805954255676442,499.60407440517116
3.8053815262749193,499.5242963746499
3.8048089692189326,499.5067746056971
3.8042365844307007,499.4892528367443
3.803664371832489,499.4567449350084
3.80309233134661,499.34352144307456
3.802520462895421,499.23029795114076
3.8019487664013285,499.1170744592069
3.801377241786784,499.003850967273
3.8008058889742866,498.8809547061988
3.800234707886382,498.7680586429391
3.7996636984456615,498.6551625796794
3.7990928605747634,498.54226651641966
3.798522194196374,498.40952647924223
3.797951699233222,498.24726267587005
3.797381375608087,498.08499887249786
3.7968112232437923,497.69082862881305
3.796241242063209,497.63910470793553
3.7956714319892533,497.5873807870581
3.7951017929448887,497.5356568661807
3.7945323248531238,497.48393294530325
3.7939630276370155,497.4322090244258
3.793393901219664,497.3367719441534
3.7928249455242167,497.1682828421418
3.7922561604738685,496.99979374013026
3.7916875459918593,496.88656414774624
3.791119102001475,496.83303787000915
3.790550828426047,496.7867411102379
3.789982725188954,496.74044435046665
3.7894147922136203,496.6941475906954
3.788847029423514,496.6478508309242
3.788279436742151,496.54379956599394
3.7877120140930938,496.3942205231515
3.7871447613999494,496.24464148030904
3.78657767858637,496.08250567072304
3.7860107655760546,495.5724876326403
3.785444022292748,495.4292128055278
3.7848774486602412,495.35210571849854
3.7843110446023673,495.3290360310101
3.783744810043009,495.3059663435216
3.7831787449060936,495.28289665603313
3.7826128491155924,495.2598269685447
3.7820471225955234,495.23675728105627
3.7814815652699503,495.13815572347727
3.780916177062981,495.0358541962683
3.7803509578987713,494.9335526690594
3.7797859077015183,494.33058295432085
3.779221026395468,494.21467264742296
3.77865631390491,494.1333642104364
3.7780917701541794,494.05205577344975
3.777527395067657,493.96708974889987
3.776963188569768,493.87187409987075
3.776399150584984,493.763410921057
3.7758352810378204,493.650063906017
3.775271579852838,493.536716890977
3.774708046954642,493.42336987593694
3.7741446822678846,493.2865514572396
3.773581485717261,493.05358911414885
3.773018457227513,492.8189550939675
3.7724555967234257,492.60096928409774
3.77189290412983,492.4770375858511
3.771330379371602,492.3799997693968
3.770768022373661,492.31180600555524
3.7702058330609725,492.24361224171355
3.7696438113585464,492.1754184778719
3.769081957191437,492.086881442698
3.7685202704847445,491.881243510779
3.767958751163612,491.67560557885986
3.7673973991532277,491.4704584413752
3.7668362143788263,491.3027854687874
3.7662751967656836,491.10485621316275
3.765714346239122,490.89020639896205
3.765153662724509,490.6755565847614
3.7645931461472544,490.52580748502135
3.7640327964328146,490.49637165979846
3.763472613506689,490.46693583457557
3.7629125972944224,490.43750000935273
3.7623527477216037,490.3776441897868
3.7617930647138635,490.26123023130185
3.7612335481968806,490.11073714543625
3.760674198096375,489.90072956870233
3.7601150143381132,489.69072199196853
3.7595559968479044,489.5263196942997
3.7589971455516022,489.3777506547691
3.758438460375104,489.2999378811527
3.757879941244353,489.2285181984927
3.757321588085333,489.15630635327085
3.7567634008240747,489.0804141689064
3.756205379386652,489.0000263576338
3.755647523699182,488.90841661720856
3.7550898336878262,488.81680687678335
3.754532309278791,488.6963815755488
3.7539749503983244,488.5647108820215
3.753417756972721,488.43304018849426
3.752860728928316,488.28222034598724
3.7523038661914896,488.0828674295233
3.751747168688667,487.9213818061764
3.751190636346316,487.7712226996839
3.750634269090947,487.69386180474163
3.7500780668491163,487.6302211047313
3.7495220295474216,487.570785896551
3.7489661571125064,487.50997193546027
3.748410449471054,487.4491579743694
3.747854906549795,487.3883440132787
3.7472995282755015,487.3275300521879
3.7467443145749892,487.2667160910971
3.746189265375118,487.1805509723389
3.74563438060279,487.0570424836813
3.7450796601849516,486.9335339950237
3.744525104048592,486.7922604372213
3.7439707121207424,486.6493986541541
3.7434164843284794,486.5397183668507
3.7428624205989216,486.44415371360174
3.742308520859231,486.4176760634774
3.7417547850366124,486.3911984133532
3.7412012130583143,486.3573707255873
3.7406478048516276,486.1929847867548
3.7400945603438878,486.00915814333854
3.7395414794624693,485.8253314999222
3.7389885621347942,485.6415048565059
3.738435808288325,485.502747966211
3.737883217850568,485.40905372727644
3.737330790749071,485.33715772391315
3.736778526911427,485.2652617205499
3.736226426265269,485.19336571718657
3.7356744887382765,485.10902454191927
3.7351227142581664,485.02341229865146
3.7345711027527027,484.92616962635566
3.7340196541496904,484.72996788852487
3.7334683683769776,484.53807574293074
3.732917245362455,484.36725821076413
3.7323662850340553,484.1964406785976
3.731815487319754,484.0256231464309
3.73126485214757,483.8548056142645
3.7307143794455633,483.75761288275066
3.7301640691418365,483.6796046701436
3.7296139211645354,483.6015964575365
3.729063935441848,483.52358824492944
3.728514111902004,483.43156035181653
3.7279644504732774,483.279446897521
3.727414951083981,483.1273334432255
3.726865613662474,482.97521998893
3.7263164381371534,482.8231065346345
3.725767424436462,482.70035470137185
3.725218572488883,482.577478454517
3.7246698822229427,482.45460220766216
3.724121353567208,482.3317259608073
3.7235729864502902,482.2358516609473
3.7230247808008405,482.18800667140897
3.722476736547554,482.1401616818707
3.721928853619165,482.0830035789547
3.7213811319444514,481.950522228057
3.7208335714522347,481.81804087715926
3.7202861720713756,481.68555952626156
3.7197389337307776,481.55307817536385
3.719191856359387,481.4681741607054
3.7186449398861896,481.4203026488831
3.7180981842402168,481.37243113706086
3.7175515893505366,481.3245596252385
3.717005155146263,481.2766881134162
3.7164588815565494,481.2140026670496
3.7159127685105915,481.15112665070876
3.7153668159376276,481.08825063436797
3.7148210237669357,480.53539700049487
3.7142753919278366,479.9890983142574
3.713729920349693,479.8486223742683
3.713184608961907,479.7431576354892
3.712639457693925,479.65406302526526
3.7120944664752313,479.5649684150412
3.711549635235356,479.4758738048173
3.711004963903867,479.38677919459326
3.710460452410375,479.3031335147734
3.709916100684531,479.2221812734401
3.709371908656031,479.14170615809644
3.708827876254605,479.0715991957349
3.7082840034100317,479.0014922333734
3.7077402900521266,478.93138527101195
3.7071967361107476,478.86127830865047
3.706653341515794,478.79117134628893
3.7061101061972055,478.7164617677279
3.7055670300849637,478.58206080559177
3.7050241131090913,478.44765984345565
3.70448135519965,478.3132588813195
3.7039387562867447,477.87237377207816
3.703396316300521,477.8476868715372
3.702854035171164,477.82299997099625
3.702311912828901,477.79831307045527
3.701769949204,477.77362616991434
3.701228144226769,477.67270705137423
3.7006864978275593,477.556850932957
3.7001450099367585,477.44099481453964
3.6996036804847985,476.862314482804
3.6990625094021508,476.74734287460024
3.698521496619328,476.66980781813163
3.697980642066883,476.5922727616629
3.697439945675409,476.5147377051943
3.69689940737554,476.4372026487256
3.6963590270979516,476.3442337717301
3.6958188047733582,476.2162618254047
3.6952787403325154,476.0882898790792
3.6947388337062192,475.9603179327538
3.694199084825307,475.8323459864283
3.6936594936206553,475.6675715639056
3.693120060023182,475.4737120760126
3.692580783963844,475.27985258811964
3.6920416653736408,475.0859931002268
3.691502704183609,474.89507246027927
3.690963900324828,474.82246906787816
3.690425253728417,474.7641668553273
3.689886764325534,474.70586464277636
3.6893484320473795,474.6475624302255
3.688810256825192,474.5693841350943
3.6882722385902516,474.4648948143367
3.687734377273878,474.3347663454556
3.6871966728074304,474.17396778045077
3.6866591251223078,474.013169215446
3.6861217341499506,473.87945439473685
3.6855844998218386,473.75169081813794
3.6850474220694913,473.60991821411403
3.6845105008244676,473.4681456100901
3.6839737360183675,473.32637300606615
3.683437127582831,473.2667622643538
3.682900675449535,473.2149012762744
3.6823643795501995,473.163040288195
3.6818282398165834,473.1111793001155
3.6812922561804844,473.0593183120361
3.680756428573741,473.0099456862247
3.6802207569282306,472.84863574071517
3.679685241175871,472.525239154602
3.6791498812486196,472.4248594023253
3.6786146770784716,472.3048036637433
3.6780796285974637,472.1847479251613
3.6775447357376723,472.0646921865793
3.6770099984312115,471.9433007723015
3.676475416610237,471.8343221854076
3.675940990206942,471.7275197147902
3.675406719153561,471.62071724417285
3.6748726033823664,471.5139147735556
3.6743386428256706,471.3895615185504
3.6738048374158248,471.2606060115967
3.6732711870852204,471.13165050464283
3.6727376917662875,471.0026949976891
3.6722043513914957,470.83490987178504
3.671671165893353,470.7074578980041
3.6711381352044086,470.60046195120185
3.670605259257249,470.4934660043998
3.6700725379845,470.3985983913859
3.6695399713188266,470.35104716688375
3.6690075591929334,470.30349594238163
3.6684753015395644,470.2310634400484
3.667943198291501,470.10852936392143
3.667411249381566,469.97765837558006
3.666879454742619,469.84476798004715
3.6663478143075596,469.71187758451435
3.6658163280093254,469.59023391440155
3.665284995780894,469.47288457480875
3.664753817555281,469.2125356429699
3.6642227932655413,468.9495535306909
3.663691922844769,468.86618368779284
3.6631612062260963,468.8345854264964
3.662630643342694,468.8035052169645
3.6621002341277724,468.7724250074326
3.661569978514579,468.63640564807315
3.661039876436402,468.4236569330508
3.660509927826566,468.2109082180285
3.6599801326184362,468.04961708034654
3.659450490745416,467.94518526216405
3.658921002140946,467.8407534439815
3.6583916667385066,467.74728208174577
3.6578624844716168,467.6924589457532
3.657333455273832,467.62839058004727
3.656804579078749,467.5386058478275
3.656275855820001,467.4488211156077
3.6557472854312603,467.35238994552697
3.6552188678462376,467.23892127006184
3.654690602998681,467.13151797996574
3.654162490822379,467.0288882233864
3.6536345312511567,466.9262584668071
3.653106724218876,466.8236287102278
3.6525790696594407,466.7209989536484
3.6520515675067897,466.5964221453907
3.6515242176949014,466.46703769739486
3.6509970201577926,466.35196461834414
3.6504699748295173,466.2368915392934
3.6499430816441683,466.12181846024265
3.649416340535877,466.006745381192
3.6488897514388094,465.91384024521454
3.648363314287174,465.8334619159858
3.6478370290152147,465.75308358675716
3.647310895557214,465.6727052575285
3.646784913847493,465.59232692829977
3.6462590838204085,465.48711772591537
3.6457334054103576,465.3745108096488
3.645207878551775,465.2619038933824
3.6446825031791303,464.80761073888755
3.6441572792269343,464.7263372865195
3.643632206629734,464.64396319127655
3.6431072853221145,464.56158909603363
3.642582515238698,464.47921500079076
3.6420578963141454,464.39684090554783
3.641533428483154,464.2662013223087
3.641009111680461,464.1725736403479
3.6404849458408366,464.07894595838695
3.6399609308990937,463.96590511470595
3.63943706679008,463.79889647056984
3.638913353448681,463.65439181814475
3.63838979080982,463.54344369658804
3.6378663788084578,463.43249557503134
3.6373431173795923,463.32154745347464
3.6368200064582594,463.21059933191793
3.636297045979531,463.10367798317134
3.635774235878518,462.9977436926658
3.635251576090367,462.8918094021602
3.634729066550264,462.78770742784354
3.6342067071934303,462.6925647995913
3.6336844979551253,462.57233877734495
3.633162438770645,462.4496356207137
3.632640529575325,462.32693246408246
3.632118770304533,462.1834007743263
3.6315971608936786,462.02771169920857
3.6310757012782067,461.8462778556518
3.6305543913935994,461.661532364353
3.630033231175376,461.4768131181995
3.629512220559092,461.3613140734176
3.628991359480341,461.24581502863566
3.628470647874754,461.16726930654283
3.627950085677996,461.0917578124471
3.6274296728257722,461.01624631835136
3.6269094092538237,460.9407348242556
3.6263892948979275,460.83168241464455
3.6258693296938986,460.6743749701083
3.625349513577588,460.5156991887843
3.624829846484884,460.35702340746025
3.6243103283517124,459.86792167075953
3.623790959114033,459.8024069804609
3.6232717387078455,459.64672099463587
3.622752667069184,459.49103500881074
3.6222337441341206,459.3353490229856
3.621714969838764,459.2982024200711
3.621196344119258,459.2748292781195
3.6206778669117847,459.2514561361679
3.6201595381525626,459.2280829942163
3.6196413577778452,459.1986625983873
3.619123325723924,459.1149843592543
3.6186054419271256,459.0313061201214
3.618087706323815,458.94762788098853
3.6175701188503924,458.8639496418556
3.617052679443294,458.78027140272275
3.6165353880389928,458.7379873302826
3.6160182445739992,458.69639771479774
3.6155012489848577,458.6433116591669
3.6149844012081505,458.566785480361
3.614467701180496,458.4840928573781
3.613951148838549,458.3569146332602
3.613434744119,457.6986582426773
3.6129184869585753,457.63334504864844
3.612402377294039,457.56803185461956
3.61188641506219,457.50271866059074
3.6113706001998622,457.4374054665618
3.6108549326439285,457.3720922725329
3.610339412331295,457.30677907850406
3.6098240391989065,457.24146588447513
3.609308813183741,456.21301665234415
3.6087937342228154,456.1495155792249
3.6082788022531793,456.08043999708934
3.607764017211922,456.01051920929933
3.607249379036165,455.9405984215092
3.6067348876630674,455.5413841299228
3.6062205430298246,455.4777982284827
3.605706345073667,455.4142123270426
3.6051922937318617,455.3506264256025
3.6046783889417098,455.2870405241624
3.6041646306405504,455.22345462272233
3.603651018765757,455.15986872128224
3.6031375532547387,455.0962828198422
3.6026242340449404,455.0326969184021
3.6021110610738427,454.96911101696196
3.601598034278963,454.9279212846039
3.601085153597852,454.89944245535696
3.6005724189680977,454.87096362611
3.6000598303273232,454.842484796863
3.5995473876131876,454.8140059676161
3.599035090763384,454.74696518022796
3.5985229397156417,454.6714702277888
3.5980109344077267,454.476005413911
3.5974990747774385,454.2725364474009
3.596987360762613,454.0690674808907
3.5964757923011215,453.8989571286194
3.5959643693308707,453.60082752826673
3.5954530917898024,453.4828603914377
3.594941959615893,453.3648932546087
3.594430972747155,453.2469261177797
3.593920131121636,452.77834117585996
3.593409434677419,452.70464935397433
3.5928988833526216,452.63095753208876
3.592388477085397,452.5572657102032
3.591878215813934,452.48357388831755
3.591368099476456,452.40988206643203
3.5908581280112206,452.3361902445464
3.5903483013565216,452.2624984226608
3.589838619450688,452.1888066007752
3.5893290822320827,452.1151147788896
3.588819689639105,452.0065145650626
3.588310441610188,451.89183356062546
3.5878013380838,451.77589383651195
3.5872923789984457,451.65968122596576
3.586783564292661,451.5445409319842
3.586274893905021,451.455841215867
3.5857663677741334,451.3645729467416
3.58525798583864,451.2733046776162
3.5847497480372192,451.1820364084907
3.5842416543085838,451.07770530573487
3.58373370459148,450.9306641476431
3.5832258988246903,450.7836229895513
3.5827182369470303,450.59172349512255
3.5822107188973518,450.456614316648
3.5817033446145405,450.3562671375135
3.581196114037517,450.25591995837897
3.5806890271052363,450.1555727792445
3.580182083756688,450.11710793203486
3.579675283930896,450.0274905739794
3.5791686275669203,449.93787321592396
3.5786621146038518,449.8482558578684
3.5781557449808195,449.3154636227405
3.5776495186369854,449.2158007422181
3.577143435511546,449.13258325669165
3.5766374955437317,449.0608033436787
3.5761316986728082,448.9890234306657
3.5756260448380757,448.91724351765276
3.575120533978868,448.8454636046398
3.574615166034552,448.7763286052759
3.5741099409445316,448.7185547592272
3.573604858648243,448.6607809131784
3.573099919085158,448.602709268481
3.572595122194781,448.5398344640852
3.572090467916652,448.4769596596893
3.5715859561903436,448.36997510258766
3.5710815869554655,448.2477946487521
3.5705773601516575,448.1252854761012
3.5700732757185962,447.9316361215683
3.5695693335959913,447.75200494251806
3.5690655337235873,447.62101031767145
3.568561876041162,447.49001569282484
3.5680583604885276,447.380319846204
3.5675549870055305,447.2990337660122
3.5670517555320496,447.2078983799664
3.5665486660079986,447.10454474431725
3.566045718373326,447.010304598701
3.565542912568013,446.919178317303
3.565040248532075,446.82805203590505
3.5645377262055615,446.7317218788653
3.5640353455285565,446.6284512358875
3.5635331064411746,446.48923439734085
3.5630310088835677,446.340947953688
3.56252905279592,446.1926615100352
3.5620272381184495,446.0443750663824
3.561525564791408,445.90446684471925
3.56102403275508,445.83270703911813
3.560522641949786,445.7812297175026
3.5600213923158774,445.7029259521091
3.559520283793741,445.6246221867157
3.5590193163237958,445.5463184213222
3.558518489846495,445.363810143413
3.5580178043023265,445.1362076702336
3.5575172596318096,445.0478264070399
3.5570168557754984,444.98751932852883
3.5565165926739795,444.92721225001765
3.556016470267875,444.8669051715066
3.555516488497837,444.80659809299544
3.5550166473045537,444.76403474856335
3.5545169466287456,444.7247914443475
3.554017386411167,444.68115095234316
3.5535179665926053,444.63751046033883
3.5530186871138807,444.5938699683345
3.5525195479158476,444.5163832958616
3.5520205489393923,444.4203492952338
3.5515216901254365,444.31624952991876
3.551022971414932,444.14382358120713
3.550524392748866,443.97165887604996
3.5500259540682593,443.8559153824178
3.5495276553141633,443.76758503396195
3.5490294964276647,443.7388298932889
3.548531477349883,443.7100747526158
3.54803359802197,443.6813196119427
3.54753585838511,443.65256447126956
3.547038258380522,443.6238093305965
3.5465407979494565,443.59505418992336
3.5460434770331983,443.5534377711679
3.545546295573064,443.48880928078415
3.545049253510404,443.12986039782726
3.5445523507865997,442.99785746392047
3.544055587343068,442.86633795080957
3.543558963121258,442.76910065917207
3.543062478062649,442.71357826891665
3.5425661321087563,442.6580558786613
3.542069925201126,442.6025334884059
3.541573857281339,442.5470110981505
3.541077928291006,442.4914887078952
3.5405821381717733,442.4740206242012
3.540086486865319,442.4697094935541
3.5395909743133513,442.46539836290697
3.539095600457615,442.46108723225984
3.5386003652398843,442.4557663789905
3.538105268601969,442.36366319830955
3.5376103104857086,442.26340025210834
3.537115490832977,442.16313730590707
3.53662080958568,442.06287435970586
3.536126266685755,441.965736987333
3.5356318620751748,441.9029021883779
3.5351375956959403,441.8421797781591
3.5346434674900884,441.78469769764206
3.534149477399686,441.727215617125
3.533655625366835,441.66973353660796
3.5331619113336674,441.6114763638002
3.5326683352423482,441.56187120409936
3.532174897035076,441.52380726824674
3.5316815966540784,441.485743332394
3.531188434041619,441.4476793965414
3.530695409139991,441.3646436548473
3.5302025218915216,441.22955852251084
3.5297097722385695,441.04429203191535
3.529217160123525,440.8699015495508
3.5287246854888115,440.772829339361
3.528232348276884,440.7584774703904
3.52774014843023,440.74956860594943
3.5272480858913684,440.7406597415085
3.5267561606028504,440.7317508770676
3.5262643725072595,440.6895409053594
3.5257727215472117,440.6311872883956
3.525281207665354,440.55662498249234
3.524789830804366,440.48206267658907
3.5242985909069597,440.40750037068585
3.5238074879158767,440.30997664536415
3.5233165217738938,440.20997792740053
3.522825692423817,440.01393253804997
3.5223349998084865,439.78514584057757
3.521844443870772,439.72131561215883
3.5213540245535766,439.69352682781204
3.5208637417998347,439.6940309148696
3.520373595552513,439.6945350019271
3.519883585754609,439.6950390889846
3.519393712349152,439.6955431760421
3.5189039752792035,439.6960472630997
3.5184143744878575,439.69655135015716
3.517924909918238,439.69705543721466
3.517435581513501,439.68603806260046
3.516946389216836,439.6469978121672
3.516457332971462,439.6079575617341
3.515968412720629,439.56891731130094
3.515479628407621,439.52987706086776
3.514990979975752,439.49083681043453
3.5145024673683682,439.4517965600014
3.514014090528846,439.4127563095682
3.513525849400595,439.3694016282798
3.5130377439270553,439.268488967366
3.512549774051698,439.06609654168676
3.5120619397180275,438.96551489670844
3.5115742408695767,438.9321989282763
3.5110866774499114,438.8988829598442
3.51059924940263,438.86556699141204
3.51011195667136,438.2188715938562
3.509624799199761,438.1789662540539
3.509137776931525,438.13906091425156
3.508650889810374,438.09915557444924
3.5081641377800605,438.0592502346469
3.50767752078437,438.0193448948446
3.507191038767118,437.66572737619094
3.506704691672152,437.62375584154154
3.50621847944335,437.5792574275955
3.505732402024621,437.5316598236443
3.505246459359906,437.5126439356678
3.5047606513931764,437.4985203512395
3.5042749780684352,437.4843967668112
3.5037894393297147,437.4702731823829
3.50330403512108,437.45614959795466
3.502818765386627,437.4252207485466
3.5023336300704817,437.38608547874156
3.5018486291168025,437.3469502089365
3.501363762469777,437.3078149391314
3.5008790300736257,437.26867966932633
3.5003944318725977,437.24963965319955
3.499909967810974,437.2868180696724
3.4994256378330673,437.32399648614523
3.4989414418832196,437.34165279497245
3.4984573799058056,437.25960037219545
3.4979734518452283,437.17754794941845
3.497489657645924,437.0954955266414
3.4970059972523573,436.81702961473104
3.4965224706090265,436.7866420991652
3.496039077660457,436.75625458359934
3.495555818351207,436.7258670680335
3.495072692625866,436.69547955246765
3.4945897004290525,436.6650920369018
3.494106841705417,436.63470452133595
3.493624116399639,436.6070143407277
3.4931415244564303,436.58796097943184
3.4926590658205314,436.56890761813594
3.4921767404367148,436.54985425684004
3.491694548249783,436.5164007501181
3.4912124892045693,436.4805568184808
3.490730563245937,436.4081682015892
3.49024877031878,436.33387067581407
3.4897671103680223,436.23668157858066
3.489285583338619,436.1363899064077
3.488804189175556,436.0360982342348
3.4883229278238472,435.9358065620619
3.487841799228539,435.83985411978233
3.4873608033347074,435.7604480456312
3.486879940087459,435.6829716516391
3.4863992094319305,435.65212751840295
3.4859186113132887,435.62128338516686
3.4854381456767314,435.58669859350636
3.484957812467485,435.53003606661264
3.4844776116308074,435.473373539719
3.483997543111986,435.41671101282526
3.4835176068563394,435.3587688704298
3.483037802809215,435.28073611692895
3.4825581309159914,435.1984284236995
3.482078591122076,435.11335909847367
3.481599183372908,435.0282897732478
3.481119907613956,434.943220448022
3.4806407637907166,434.85815112279613
3.4801617518487196,434.79018742509925
3.479682871733522,434.8059901609612
3.4792041233907134,434.8217928968231
3.4787255067659117,434.83759563268507
3.4782470218047643,434.82242784269954
3.4777686684529505,434.77538653713646
3.477290446656177,434.6790629302348
3.4768123563601816,434.58273932333316
3.476334397510733,434.48641571643145
3.475856570053627,434.39009210952975
3.4753788739346922,434.29376850262804
3.474901309099785,434.19438415791274
3.474423875494792,434.10851636037114
3.4739465730656303,434.0801530458011
3.4734694017582464,434.05178973123117
3.4729923615186147,434.0234264166611
3.4725154522927415,433.9947407710784
3.472038674026662,433.9658574620104
3.471562026666441,433.9369741529424
3.471085510158174,433.9080908438744
3.470609124447983,433.87039166998625
3.470132869482024,433.82460386956654
3.469656745206479,433.77881606914684
3.46918075156756,433.7117836831471
3.46870488851151,433.5784424213515
3.4682291559846004,433.4451011595559
3.467753553933133,433.3209990710843
3.4672780823034377,433.31657014155047
3.4668027410418754,433.3121412120166
3.466327530094835,433.3077122824827
3.4658524494087355,433.3032833529489
3.4653774989300254,433.29885442341504
3.4649026786051813,433.2633327307427
3.464427988380711,433.1802945349018
3.463953428203151,433.0972563390609
3.4634789980190663,433.01158218234775
3.4630046977750517,432.90288158449124
3.4625305274177323,432.79418098663484
3.4620564868937596,432.6767093507751
3.4615825761498167,432.55782305137967
3.4611087951326156,432.4389367519843
3.4606351437888967,432.3864677139568
3.4601616220654305,432.35933144938826
3.459688229909016,432.31126444392703
3.459214967266482,432.23260170833294
3.4587418340846843,432.15393897273896
3.4582688303105114,432.075276237145
3.457795955890876,431.996613501551
3.457323210772725,431.8920529356846
3.456850594903031,431.7494835711411
3.456378108228796,431.6158824226047
3.455905750697052,431.48228127406827
3.4554335222548596,431.41673149272515
3.4549614228493084,431.3732287057419
3.454489452427515,431.3297259187586
3.4540176109366283,431.2862231317753
3.4535458983238234,431.24272034479196
3.4530743145363054,431.2026166351408
3.4526028595213076,431.16626966751437
3.452131533226093,431.1073985895705
3.4516603355979534,431.0485275116267
3.4511892665842074,430.98965643368285
3.450718326132206,430.91768873880756
3.4502475141893245,430.8156493853563
3.4497768307029704,430.69786913072585
3.449306275620578,430.5499377471639
3.4488358488896114,430.4447242782012
3.448365550457563,430.3936366202556
3.4478953802719534,430.34254896231005
3.4474253382803335,430.29146130436453
3.446955424430279,430.2935009685466
3.4464856386693983,430.29561220336825
3.4460159809453264,430.29772343819
3.445546451205727,430.26371243205335
3.445077049398292,430.2065780594611
3.4446077754707436,430.14944368686884
3.44413862937083,430.0923093142765
3.443669611046329,430.0079298345406
3.443200720445048,429.91187904109563
3.44273195751482,429.810835929078
3.4422633222035093,429.703818288173
3.4417948144590067,429.5949774501161
3.441326434229232,429.4861366120593
3.4408581814621337,429.37729577400245
3.4403900561056884,429.27974825388156
3.439922058107901,429.22504880697045
3.439454187416804,429.1964260419539
3.4389864439804585,429.1845045406666
3.4385188277469547,429.1725830393792
3.4380513386644105,429.16066153809186
3.4375839766809717,429.0858630566592
3.4371167417448127,429.00904049093936
3.436649633804136,428.93221792521956
3.4361826528071715,428.8226261832177
3.4357157987021796,428.70052191855734
3.4352490714374446,428.5945150858642
3.434782470961283,428.49988430442784
3.4343159972220376,428.40525352299153
3.433849650168079,428.3167251553272
3.4333834297478067,428.2401756158474
3.4329173359096474,428.1636260763677
3.4324513686020577,428.10215109278295
3.4319855277735183,428.04264162312495
3.4315198133725415,427.9831321534669
3.4310542253476664,427.9367249118779
3.4305887636474597,427.89730588124587
3.430123428220516,427.82594718709026
3.4296582190154585,427.7298239628527
3.4291931359809373,427.6337007386152
3.428728179065631,427.53757751437763
3.4282633482182465,427.3900989404707
3.427798643387517,427.2634343843451
3.427334064522204,427.1629969851592
3.4268696115710986,427.0625595859733
3.4264052844830166,426.9621221867875
3.4259410832068045,426.86395594727884
3.425477007691334,426.76398250372813
3.425013057885507,426.6369166342755
3.4245492337382504,426.5098507648227
3.4240855351985204,426.4170576338779
3.4236219622153006,426.33371231734634
3.4231585147376022,426.2673565996438
3.4226951927144644,426.20100088194135
3.4222319960949528,426.1346451642388
3.4217689248281618,426.06828944653626
3.4213059788632125,426.0019337288338
3.420843158149255,425.9075034679365
3.4203804626354644,425.79879333748966
3.419917892271045,425.6900832070429
3.4194554470052285,425.58137307659604
3.4189931267872735,425.4726629461493
3.418530931566467,425.2899197805277
3.4180688612921224,425.2141774872142
3.4176069159135816,425.13882398004506
3.417145095380212,425.0634704728759
3.4166833996414097,424.9881169657067
3.416221828646598,424.9127634585375
3.4157603823452285,424.8250196231836
3.4152990606867784,424.73986145489766
3.4148378636207526,424.6547032866118
3.4143767910966836,424.56954511832583
3.413915843064132,424.5265823841877
3.4134550194726843,424.49645137262445
3.412994320271954,424.4663203610612
3.4125337454115834,424.4361893494979
3.4120732948412407,424.4060583379346
3.411612968510621,424.3759273263714
3.411152766369448,424.3457963148081
3.4106926883674715,424.3096158559175
3.410232734454469,424.2700351184458
3.4097729045802434,424.230454380974
3.409313198694627,424.1669974225287
3.4088536167474777,424.0472711020449
3.408394158688681,423.927544781561
3.407934824468149,423.8078184610771
3.407475614035821,423.3383447523655
3.407016527341664,423.2965131201979
3.406557564335671,423.2546814880303
3.406098724967862,423.2128498558627
3.405640009188284,423.1710182236951
3.405181416947011,423.1291865915275
3.404722948194144,422.30296086017313
3.4042646028798114,422.25004160521155
3.4038063809541668,422.19712235024997
3.403348282367393,422.1442030952883
3.402890307069698,422.0912838403267
3.402432455011316,422.054561166384
3.401974726142509,422.0288365171242
3.4015171204135664,422.00311186786433
3.4010596377748032,421.9773872186045
3.4006022781765615,421.5802061784012
3.4001450415692105,421.56872918521253
3.399687927903145,421.5572521920239
3.3992309371287877,421.54577519883514
3.3987740691965884,421.5342982056465
3.3983173240570204,421.52282121245787
3.397860701660587,421.5113442192692
3.397404201957817,421.4998672260805
3.3969478248992653,421.4883902328918
3.3964915704355136,421.4769132397031
3.396035438517171,421.0262397009884
3.3955794290948726,420.9453721879361
3.3951235421192782,420.8645046748836
3.3946677775410774,420.78363716183117
3.3942121353109833,420.70276964877866
3.3937566153797376,420.62190213572626
3.3933012176981077,420.55317178919995
3.3928459422168866,420.51032938244737
3.392390788886895,420.4674869756948
3.3919357576589793,420.4246445689421
3.3914808484840124,420.37600305315175
3.3910260613128935,420.3226338910805
3.3905713960965476,420.24854002294
3.390116852785927,420.14553372327896
3.38966243133201,420.0425274236179
3.389208131685801,419.9412430394076
3.388753953798331,419.81981545672954
3.3882998976206564,419.68930498839836
3.3878459631038607,419.5587945200672
3.387392150199053,419.4282840517359
3.386938458857369,419.2977735834047
3.386484889029971,419.1636789307131
3.3860314406680456,419.0134485609064
3.3855781137228087,418.8804983478806
3.385124908145499,418.7502987427258
3.384671823887383,418.67817924890727
3.3842188608997548,418.6163031021298
3.3837660191339305,418.5462875253477
3.3833132985412555,418.47485794117574
3.3828606990731007,418.4034283570038
3.382408220680862,418.33199877283187
3.3819558633159623,418.21727946032985
3.38150362692985,418.0805238919628
3.381051511474001,417.9372790696623
3.3805995168999137,417.7940342473617
3.380147643159115,417.65078942506113
3.3796958902031573,417.5154809934153
3.3792442579836193,417.4408329071203
3.378792746452105,417.42691955418087
3.3783413555602437,417.41583361241896
3.3778900852596916,417.40474767065706
3.37743893550213,417.39366172889515
3.376987906239268,417.28763123099884
3.376536997422836,417.1554484901874
3.376086209004595,417.0232657493759
3.3756355409363286,416.89108300856446
3.375184993169848,416.758900267753
3.3747345656569894,416.64630052076285
3.3742842583496144,416.5525807993944
3.373834071199611,416.458861078026
3.373384004158892,416.4009875608002
3.3729340571793966,416.3478905613078
3.3724842302130895,416.29479356181537
3.3720345232119606,416.2533055169117
3.3715849361280257,416.2158510674238
3.371135468913326,416.1594243222386
3.3706861215199293,416.09391195302646
3.370236893899927,416.02839958381435
3.369787786005439,415.9513309026994
3.3693387977886067,415.83926076561306
3.3688899292016004,415.72719062852667
3.368441180196614,415.59431019199076
3.3679925507258677,415.4595907136129
3.367544040741607,415.32487123523504
3.367095650196103,415.20528756233773
3.3666473790416527,415.11747629881353
3.3661992272305765,415.03277683451273
3.3657511947152217,414.98826307585716
3.3653032814479613,414.94374931720165
3.364855487381193,414.8992355585461
3.3644078124673396,414.8390165832179
3.3639602566588502,414.7739563222933
3.3635128199081983,414.659662220418
3.3630655021678826,414.5453681185427
3.3626183033904287,414.43107401666754
3.362171223528384,414.3167799147923
3.3617242625343247,414.211842192624
3.361277420360851,413.99551490790043
3.360830696960587,413.72414188274723
3.3603840922861843,413.5807931310007
3.3599376062903175,413.51270090705424
3.359491238925689,413.44843192331217
3.359044990145022,413.434777562249
3.358598859901069,413.42112320118576
3.3581528481466063,413.4074688401226
3.3577069548344345,413.3938144790594
3.35726117991738,413.3801601179962
3.3568155233482937,413.366505756933
3.356369985080052,413.35285139586983
3.355924565065557,413.31378019628187
3.355479263257734,413.2340980855348
3.355034079609535,413.0981385001226
3.354589014073935,412.9621789147104
3.3541440666039364,412.82621932929817
3.353699237152565,412.6902597438859
3.3532545256728716,412.55430015847367
3.3528099321179323,412.4336452963964
3.3523654564408485,412.34355820356075
3.3519210985947447,412.261683660656
3.351476858532772,412.17980911775123
3.351032736208106,412.09793457484653
3.3505887315739464,411.9967972772859
3.3501448445835185,411.89531231068673
3.349701075190072,411.79900003100806
3.3492574233468817,411.69905448902557
3.3488138890072463,411.59249046197465
3.3483704721244907,411.4859264349237
3.347927172651963,411.37671902708075
3.347483990543036,411.23264533013634
3.347040925751109,411.0885716331919
3.346597978229604,410.98091243327974
3.346155147931969,410.88577857286606
3.345712434811676,410.79064471245243
3.3452698388222215,410.69551085203886
3.3448273599171268,410.6209731902401
3.344384998049938,410.5656848837948
3.343942753174225,410.4968684292123
3.3435006252435833,410.4215542055448
3.3430586142116328,410.3360818680229
3.3426167200320167,410.24521000170057
3.342174942658404,410.1543381353782
3.3417332820444883,410.0638863470332
3.341291738143987,409.9762523516193
3.3408503109106413,409.88861835620526
3.340409000298218,409.8009843607913
3.3399678062605083,409.69771624532564
3.3395267287513275,409.53920359867357
3.3390857677245145,409.3806909520215
3.3386449231339346,409.2221783053695
3.3382041949334758,409.1389484594454
3.33776358307705,409.1080307852658
3.337323087518595,409.0771131110862
3.3368827082120727,409.04619543690666
3.3364424451114676,408.98842775817593
3.3360022981707904,408.90109886354537
3.3355622673440757,408.73084530240556
3.335122352585381,408.56059174126574
3.33468255384879,408.39033818012587
3.33424287108841,408.2200846189861
3.3338033042583706,408.09645920784067
3.333363853312828,407.988051028316
3.3329245182059615,407.91025773207394
3.332485298891975,407.8324644358318
3.332046195325096,407.75467113958973
3.331607207459577,407.6826947643492
3.331168335249694,407.6162015097708
3.330729578649746,407.5484175346338
3.3302909376140586,407.4769186662887
3.3298524120969786,407.40541979794364
3.3294140020528795,407.33392092959855
3.3289757074361574,407.2590165374345
3.328537528201232,407.1835837658824
3.3280994643025483,407.1081509943304
3.327661515694574,407.0327182227784
3.3272236823318027,406.9395206887647
3.3267859641687485,406.8346935200544
3.326348361159953,406.729866351344
3.32591087325998,406.6250391826337
3.325473500423417,406.52021201392336
3.325036242604876,406.415384845213
3.324599099758993,406.3378011572165
3.3241620718404286,406.277555890102
3.323725158803864,405.8248767168022
3.3232883606040073,405.7384768063498
3.32285167719559,405.6520768958975
3.3224151085333666,405.5656769854451
3.3219786545721153,405.42099258435917
3.3215423152666395,405.2663894985793
3.321106090571764,405.1117864127995
3.3206699804423394,404.95766197460705
3.32023398483324,404.80590720165884
3.319798103699361,404.6541524287105
3.319362336995625,404.53816278512716
3.318926684676976,404.4762031018007
3.3184911466983817,404.46649029664525
3.318055723014835,404.4567774914898
3.3176204135813507,404.44706468633433
3.317185218352969,404.4373518811789
3.3167501372847505,404.4276390760234
3.316315170331783,404.417926270868
3.3158803174491753,404.40821346571255
3.315445578592062,404.35619544791575
3.315010953715599,404.28470300105005
3.314576442774967,404.21321055418446
3.31414204572537,404.14171810731887
3.3137077625220352,403.7431743832166
3.313273593120214,403.65415914961466
3.31283953747518,403.6089040815523
3.3124055955422302,403.5735436675313
3.3119717672766873,403.5381832535103
3.3115380526338947,403.5028228394892
3.311104451569221,403.4674624254682
3.310670964038057,403.4312955357876
3.3102375899958183,403.35716043501486
3.309804329397941,403.283025334242
3.309371182199888,403.2088902334692
3.308938148357144,403.13475513269634
3.308505227825216,403.03771209739455
3.3080724205596352,402.94049879890025
3.307639726515957,402.85185941404995
3.3072071456497585,402.76570381957106
3.306774677916641,402.6795482250921
3.306342323272229,402.617928157197
3.3059100816721685,402.5911872840178
3.3054779530721308,402.5644464108386
3.3050459374278103,402.5377055376594
3.304614034694923,401.78075662592505
3.3041822448292093,401.76846001536
3.303750567786433,401.75616340479496
3.30331900352238,401.7438667942299
3.3028875519928587,401.20741680509093
3.3024562131537025,401.0887278782269
3.302024986960767,400.9924362386088
3.3015938733699306,400.9408044938307
3.301162872337095,400.8891727490526
3.300731983818185,400.8375410042745
3.3003012077691483,400.7859092594965
3.299870544145955,400.7342775147184
3.2994399929046,400.68264576994034
3.299009554001098,400.63101402516224
3.2985792273914902,400.59704332111653
3.2981490130318383,400.5837347889314
3.297718910878228,400.5704262567463
3.2972889208867677,400.5571177245612
3.2968590430135887,400.53959441410836
3.296429277214845,400.46227143475664
3.295999623446713,400.3849484554049
3.295570081665393,400.30762547605315
3.295140651827107,400.23030249670137
3.2947113338881016,400.1529795173497
3.2942821278046437,400.08728173031415
3.2938530335330256,400.03615132169733
3.29342405102956,399.9362815410757
3.292995180250584,399.8181400323845
3.2925664211524577,399.69999852369347
3.2921377736915614,399.5868223948731
3.2917092378243007,399.4880231901707
3.291280813507103,399.3892239854683
3.290852500696418,399.16309818284617
3.2904242993487194,399.0705190304685
3.2899962094205013,398.977939878091
3.2895682308682836,398.88536072571355
3.289140363648605,398.7838925334599
3.2887126077180295,398.68519874570643
3.2882849630331434,398.5865049579529
3.287857429550555,398.4878111701994
3.2874300072268947,398.38911738244593
3.2870026960188166,398.2904235946924
3.286575495882997,398.19172980693895
3.286148406776134,398.09303601918543
3.2857214286549494,398.0194643314238
3.2852945614761864,397.96242360976635
3.2848678051966105,397.9051831608868
3.284441159773011,397.84794271200724
3.284014625162199,397.7907022631277
3.2835882013210074,397.73346181424813
3.2831618882062923,397.6762213653685
3.2827356857749326,397.6238289335272
3.2823095939838276,397.5844815552507
3.281883612789901,397.54513417697433
3.2814577421500988,397.5057867986979
3.2810319820213873,397.4629319918315
3.280606332360758,397.3438526906191
3.2801807931252225,397.22477338940666
3.279755364271815,397.10569408819424
3.2793300457575936,396.9684927894368
3.2789048375396375,396.7989821011656
3.278479739575047,396.6292609636465
3.2780547518209464,396.4595398261274
3.277629874234482,396.30250856809823
3.2772051067728216,396.204241775205
3.2767804493931556,396.143101757914
3.2763559020526967,396.10654993763626
3.27593146470868,396.0699981173585
3.2755071373183613,396.0334462970808
3.275082919839021,395.988558806964
3.2746588122279587,395.8964424427037
3.2742348144424986,395.8043260784434
3.273810926439986,395.6780089676474
3.2733871481777888,395.52982800338987
3.272963479613296,395.3816470391323
3.272539920703919,395.2362324850459
3.2721164714070925,395.1445457215899
3.2716931316802706,395.05285895813387
3.2712699014809314,394.78905338644165
3.2708467807665755,394.75260024325087
3.2704237694947236,394.71614710006014
3.2700008676229197,394.6769478418601
3.2695780751087296,394.6153769407405
3.269155391909741,394.55380603962084
3.2687328179835626,394.4922351385012
3.268310353287826,394.43066423738145
3.2678879977801847,394.3690933362618
3.2674657514183134,394.2894987823776
3.2670436141599097,394.17361803177175
3.266621585962693,394.0577372811659
3.266199666784402,393.86135636730353
3.265777856582802,393.67641728114495
3.2653561553156756,393.5374539524529
3.2649345629408293,393.39849062376084
3.264513079416091,393.1356689507969
3.2640917046993105,393.0865546655158
3.2636704387483597,393.03744038023467
3.2632492815211314,392.98832609495355
3.2628282329755405,392.9320302422418
3.262407293069525,392.87555074936665
3.2619864617610412,392.81907125649155
3.261565739008071,392.76259176361646
3.2611451247686145,392.7061122707413
3.2607246190006967,392.64963277786615
3.260304221662362,392.593153284991
3.2598839327116766,392.53667379211583
3.25946375210673,392.4317891874259
3.2590436798056315,392.32639766750924
3.2586237157665128,392.2210061475926
3.2582038599475265,392.1156146276759
3.257784112306848,391.64828427802854
3.257364472802673,391.57055106721396
3.256944941393219,391.53029570946757
3.256525518036726,391.507774195184
3.2561062026914547,391.48525268090043
3.2556869953156875,391.4627311666169
3.2552678958677275,391.44020965233335
3.2548489043059003,391.4176881380498
3.2544300205885524,391.3951666237663
3.2540112446740523,391.37264510948273
3.253592576520789,390.79729748419453
3.2531740160871743,390.71155707665537
3.25275556333164,390.62581666911615
3.2523372182126398,390.5400762615769
3.2519189806886497,390.4543358540378
3.251500850718165,390.36910129283535
3.2510828282597037,390.2901414553628
3.2506649132718053,390.2111816178903
3.25024710571303,390.1322217804178
3.24982940554196,390.0564124404975
3.2494118127171983,389.9895014622678
3.2489943271973694,389.8975687430211
3.248576948941118,389.8056360237743
3.2481596779071116,389.7137033045275
3.2477425140540377,389.6049734776069
3.2473254573406063,389.48884008142096
3.2469085077255477,389.372706685235
3.2464916651676137,389.2565732890491
3.2460749296255766,389.1240610015898
3.245658301058231,388.9845725586086
3.2452417794243926,388.88123421126204
3.2448253646828964,388.7849620727708
3.244409056792601,388.6886899342796
3.243992855712384,388.5960814548183
3.2435767614011453,388.546653113353
3.2431607738178063,388.49722477188766
3.2427448929213085,388.44779643042233
3.242329118670615,388.39920320113873
3.241913451024709,388.33168062318657
3.2414978899425955,388.21000055444824
3.2410824353833014,388.08832048571
3.2406670873058725,387.9666404169717
3.240251845669378,387.8644415033135
3.2398367104329058,387.80102167853624
3.2394216815555663,387.737601853759
3.23900675899649,387.6741820289817
3.2385919427148298,387.61076220420455
3.2381772326697567,387.4332491849924
3.2377626288204655,387.20460215952033
3.2373481311261703,387.11702856709906
3.236933739546106,387.08725653352815
3.2365194540395303,387.0628904826072
3.2361052745657193,387.0385244316862
3.2356912010839713,387.01415838076525
3.2352772335536044,386.9844191659787
3.234863371933959,386.903135543006
3.234449616184395,386.8137704598679
3.234035966264294,386.6867331229123
3.233622422133058,386.5596957859567
3.2332089837501092,386.4326584490011
3.2327956510748916,386.3083986397061
3.2323824240668695,386.2082906175217
3.231969302685528,386.11196389399925
3.2315562868903718,386.0625976882668
3.231143376640928,386.0132314825345
3.230730571896743,385.96386527680204
3.230317872617386,385.91449907106966
3.2299052787624434,385.8723419483633
3.2294927902915256,385.83156116872175
3.2290804071642625,385.7606242300754
3.2286681293403032,385.6825869256607
3.2282559567793188,385.604549621246
3.227843889441001,385.52651231683126
3.227431927285062,385.44567374019084
3.227020070271234,385.35133627180863
3.2266083183592706,385.23125702993667
3.226196671508945,385.11117778806465
3.225785129680052,384.9910985461927
3.225373692832407,384.87101930432084
3.2249623609258427,384.8003989208564
3.224551133920217,384.74217991750504
3.2241400117754053,384.68396091415366
3.2237289944513043,384.6257419108022
3.223318081907831,384.5675229074508
3.2229072741049234,384.5093039040994
3.2224965710025395,384.19645744389265
3.2220859725606568,384.14240698441085
3.2216754787392747,384.08835652492905
3.221265089498412,384.03430606544725
3.2208548047981083,383.98025560596545
3.2204446245984237,383.9262051464836
3.220034548859438,383.8721546870018
3.219624577541252,383.81810422751994
3.219214710603987,383.76405376803814
3.218804948007784,383.71000330855634
3.218395289712803,383.65595284907454
3.2179857356792274,383.60190238959274
3.2175762858672585,383.54552291782295
3.2171669402371186,383.04752286737994
3.21675769874905,382.99293229306556
3.2163485613633163,382.9383417187512
3.2159395280401997,382.8837511444369
3.215530598740003,382.82916057012255
3.21512177342305,382.7643114012999
3.214713052049684,382.628424724693
3.2143044345802685,382.46569168703263
3.213895920975188,382.2534795373914
3.2134875111948458,382.0412673877503
3.2130792051996657,381.82905523810905
3.212671002950093,381.67551698605973
3.2122629044065913,381.6387994915669
3.2118549095296443,381.602081997074
3.2114470182797574,381.56536450258113
3.2110392306174544,381.5286470080882
3.2106315465032806,381.4988214333935
3.2102239658978,381.47730390197586
3.209816488761597,381.4557863705582
3.2094091150552773,381.4342688391406
3.2090018447394644,381.37157476187474
3.208594677774803,381.293172529493
3.2081876141219583,381.21477029711116
3.207780653741614,381.1363680647294
3.207373796594475,381.0579658323476
3.2069670426412658,380.97956359996584
3.2065603918427303,380.9056958804647
3.2061538441596333,380.83955696341576
3.205747399552759,380.7734180463668
3.2053410579829107,380.70727912931795
3.2049348194109126,380.641140212269
3.204528683797608,380.5750012952201
3.2041226511038614,380.51060867699294
3.2037167212905557,380.4495559842569
3.203310894318594,380.38520881469856
3.2029051701489,380.3208616451402
3.2024995487424155,380.2348755348888
3.202094030060104,380.0019529395263
3.201688614062947,379.76903034416387
3.2012833007119474,379.48575946004024
3.200878089968127,379.43888789302093
3.2004729817925273,379.39201632600174
3.2000679761462094,379.3451447589825
3.199663072990255,379.2982731919632
3.1992582722857645,379.251401624944
3.1988535739938575,378.90075415510637
3.1984489780756755,378.73113905446604
3.198044484492377,378.6897492058258
3.1976400932051425,378.6784959976435
3.1972358041751705,378.66724278946117
3.1968316173636793,378.65598958127885
3.1964275327319083,378.19931411143796
3.1960235502411143,378.1978857952107
3.1956196698525745,378.1964574789835
3.195215891527587,378.1950291627563
3.1948122152274676,378.193600846529
3.1944086409135526,378.19217253030183
3.1940051685471977,378.1907442140746
3.193601798089778,378.18931589784734
3.193198529502688,378.1689298023555
3.192795362747343,378.12532236094364
3.1923922977851755,378.08171491953175
3.1919893345776384,378.03810747811985
3.1915864730862054,377.994500036708
3.1911837132723675,377.9508925952962
3.1907810550976365,377.9105309903028
3.1903784985235437,377.8823861282542
3.1899760435116398,377.8542412662057
3.1895736900234932,377.8050087558074
3.1891714380206935,377.73292741871666
3.1887692874648494,377.6662378338939
3.1883672383175887,377.6093389101343
3.1879652905405584,377.5524399863748
3.1875634440954252,377.49554106261525
3.1871616989438754,377.43837981736533
3.186760055047613,377.38092912284077
3.186358512368364,377.3234784283162
3.185957070867871,377.2306694486416
3.1855557305078968,377.13733880535597
3.1851544912502243,377.04400816207044
3.184753353056655,376.96657841883206
3.1843523158890097,376.91358967679946
3.183951379709128,376.8606009347669
3.1835505444788708,376.8319267466709
3.183149810160114,376.81630641977085
3.1827491767147564,376.8006860928708
3.182348644104715,376.7850657659708
3.1819482122919256,376.7694454390707
3.1815478812383433,376.75382511217066
3.1811476509059426,376.73820478527057
3.1807475212567167,376.72258445837053
3.180347492252678,376.7050616452229
3.1799475638558587,376.68383371875177
3.1795477360283084,376.272506438671
3.179148008732098,376.22775914295426
3.178748381929316,376.18301184723754
3.17834885558207,376.1382645515208
3.1779494296524873,376.0987437182563
3.177550104102714,376.07323713897887
3.177150878894916,376.0477305597015
3.1767517539912755,375.83503986216596
3.176352729353997,375.82995696869784
3.1759538049453018,375.82487407522973
3.175554980727431,375.8197911817616
3.175156256662645,375.81470828829356
3.1747576327132223,375.8096253948255
3.174359108841461,375.80090788613757
3.173960685009678,375.7732249340079
3.1735623611802097,375.71639509591535
3.173164137315409,375.5331523289302
3.1727660133776507,375.4082166672599
3.172367989329327,375.3579201817373
3.171970065132849,375.3076236962146
3.171572240750647,375.257327210692
3.1711745161451694,375.20703072516926
3.1707768912788854,375.15673423964665
3.1703793661142803,375.106437754124
3.1699819406138596,375.0561412686013
3.169584614740148,375.0058447830787
3.169187388455689,374.98456179767703
3.1687902617230432,374.97216889649417
3.168393234504792,374.9597759953113
3.1679963067635346,374.94738309412844
3.167599478461889,374.9349901929455
3.167202749562492,374.9225972917627
3.1668061200279993,374.8794898362553
3.1664095898210847,374.7965807468697
3.166013158904441,374.71367165748416
3.1656168272407803,374.63076256809853
3.1652205947928325,374.54785347871297
3.1648244615233465,374.46494438932734
3.1644284273950904,374.03881252433257
3.1640324923708496,374.0051382479461
3.1636366564134293,373.9714639715596
3.1632409194856526,373.93778969517314
3.162845281550362,373.90411541878666
3.1624497425704177,373.85261338256544
3.1620543025086993,373.7839085485007
3.1616589613281043,373.700335703791
3.161263718991549,373.64172984060474
3.1608685754619685,373.5831239774186
3.1604735307023155,373.52451811423236
3.160078584675562,373.4659122510461
3.1596837373446993,373.40730638785993
3.1592889886727353,373.33728583039675
3.158894338622698,373.2911987037438
3.158499787157633,373.2451115770908
3.158105334240605,373.19902445043795
3.157710979834696,373.15293732378495
3.157316723903007,373.10685019713196
3.1569225664086584,373.060763070479
3.156528507314788,373.04520611751184
3.1561345465845525,373.03977125929964
3.155740684181126,373.03433640108744
3.1553469200677027,373.02890154287525
3.1549532542074936,373.02346668466305
3.154559686563729,373.01803182645085
3.154166217099656,372.9979734820443
3.1537728457785423,372.93671161504346
3.153379572563672,372.87544974804257
3.1529863974183496,372.81418788104173
3.1525933203058956,372.7459821268185
3.1522003411896504,372.64382459420176
3.1518074600329724,372.5416670615852
3.1514146767992366,372.43950952896853
3.1510219914518385,372.3432801390956
3.1506294039541913,372.3268035852868
3.1502369142697253,372.3125438869497
3.1498445223618905,372.2982841886125
3.1494522281941544,372.2840244902753
3.149060031730002,372.2318729365745
3.148667932932938,372.1708699007504
3.148275931766485,372.1183088490742
3.1478840281941816,372.0679960441337
3.147492222179587,372.0115866990716
3.147100513686278,371.93154837804013
3.1467089026778488,371.8620479804738
3.146317389117913,371.8035410849145
3.1459259729701,371.74503418935535
3.145534654198061,371.6865272937961
3.1451434327654613,371.62802039823686
3.1447523086359865,371.5748787904362
3.1443612817733397,371.55607920195075
3.1439703521412423,371.53727961346544
3.143579519703434,371.51848002498
3.1431887844236717,371.5130324433453
3.1427981462657306,371.5088327834536
3.1424076051934047,371.50463312356203
3.142017161170505,371.4888010817886
3.1416268141608605,371.472434282328
3.141236564128319,371.4560674828673
3.1408464110367453,371.3913330604203
3.1404563548500226,371.30889383762417
3.1400663955320525,371.22645461482796
3.139676533046754,371.1440153920318
3.1392867673580644,371.0615761692357
3.1388970984299376,371.0316408546779
3.138507526226347,371.0084657930878
3.1381180507112836,370.9852907314977
3.1377286718487554,370.9621156699076
3.137339389602789,370.6404804885126
3.136950203937429,370.6398754245985
3.136561114816737,370.6392703606844
3.136172122204793,370.6386652967703
3.1357832260656955,370.637621251976
3.135394426363559,370.6358039528014
3.1350057230625175,370.6339866536268
3.1346171161267216,370.63216935445223
3.1342286055203403,370.6303520552776
3.133840191207561,370.6037497512574
3.1334518731525876,370.54826719460203
3.1330636513196426,370.4631428394697
3.132675525672965,370.3780184843373
3.1322874961768132,370.29289412920485
3.131899562795462,370.20776977407246
3.1315117254932052,370.12264541894
3.1311239842343523,370.04676190069995
3.130736338983233,370.01898183462936
3.1303487897041924,370.01039953732817
3.1299613363615943,370.001817240027
3.129573978919821,369.9932349427258
3.12918671734327,369.9846526454246
3.1287995515963583,369.9326839763909
3.1284124816435206,369.8782550336198
3.128025507449208,369.8238260908486
3.127638628977891,369.7693971480775
3.127251846194055,369.7149682053064
3.126865159062206,369.6605392625353
3.1264785675468647,369.6189464788916
3.1260920716125713,369.5760645138012
3.125705671223883,369.53318254871084
3.1253193663453747,369.49030058362047
3.1249331569416383,369.4474186185301
3.1245470429772833,369.4045366534397
3.124161024416937,369.36165468834935
3.123775101225244,369.318772723259
3.123389273366867,369.27589075816866
3.1230035408064847,369.23717293408333
3.122617903508794,369.2061294426479
3.1222323614385097,369.1750859512126
3.121846914560364,368.991386887971
3.121461562839106,368.9792666980443
3.121076306239502,368.94926632618046
3.120691144726337,368.9090931573769
3.120306078264411,368.8689199885732
3.119921106818544,368.82874681976955
3.1195362303535714,368.7885736509659
3.1191514488343475,368.7484004821622
3.1187667622257425,368.7082273133585
3.118382170492645,368.6680541445548
3.11799767359996,368.62788097575117
3.1176132715126115,368.5656016919444
3.117228964195539,368.4990888775576
3.1168447516136992,368.4638575586206
3.1164606337320673,368.43866911972395
3.1160766105156354,368.38419972912016
3.1156926819294126,368.32722272918113
3.115308847938425,368.2702457292421
3.114925108507717,368.2132687293031
3.1145414636023494,368.15657103396586
3.1141579131873995,368.1355406971546
3.113774457227963,368.11127168384826
3.113391095689152,368.0785425370815
3.113007828536097,368.02445796854244
3.1126246557339448,367.9310245419041
3.112241577247859,367.8375911152657
3.1118585930430207,367.7441576886273
3.111475703084628,367.65072426198896
3.1110929073378975,367.57001639882003
3.11071020576806,367.5117510611402
3.110327598340366,367.48235634018164
3.1099450850200823,367.45686442576084
3.1095626657724926,367.43137251134004
3.1091803405628977,367.40588059691925
3.1087981093566155,367.38038868249845
3.1084159721189817,367.35489676807765
3.108033928815347,367.32940485365685
3.1076519794110817,367.2615219719975
3.107270123871571,367.1751444533412
3.1068883621622185,367.0887669346849
3.1065066942484445,367.00238941602856
3.1061251200956854,366.9534371985476
3.105743639669396,366.92609091201547
3.1053622529350466,366.89874462548335
3.104980959858126,366.8713983389513
3.104599760404139,366.8440520524192
3.104218654538607,366.81670576588715
3.1038376422270684,366.789359479355
3.1034567234350803,366.7620131928229
3.103075898128214,366.73466690629084
3.1026951662720603,366.7116249081897
3.102314527832225,366.69329244547646
3.101933982774331,366.67495998276326
3.101553531064019,366.65662752005005
3.1011731726669454,366.6382950573368
3.100792907548785,366.60367168738287
3.1004127356752273,366.5684440575787
3.100032657011981,366.40745297589024
3.09965267152477,366.20995992171015
3.0992727791793353,365.71827214411576
3.0988929799414353,365.6868372045427
3.098513273776844,365.65540226496967
3.098133660651353,365.62396732539656
3.0977541405307707,365.5925323858235
3.0973747133809217,365.5610974462504
3.096995379167649,365.52966250667737
3.0966161378568096,365.4982275671043
3.09623698941428,365.4667926275313
3.095857933805951,364.9728861314944
3.0954789709977315,364.8248206501171
3.095100100955547,364.6767551687397
3.0947213236453393,364.64658099444443
3.094342639033067,364.63607281705794
3.093964047084706,364.62556463967144
3.0935855477662475,364.615056462285
3.0932071410437003,364.60454828489844
3.09282882688309,364.594040107512
3.0924506052504577,364.552248221637
3.0920724761118623,364.4646652919404
3.091694439433379,364.3770823622437
3.091316495181099,364.289499432547
3.090938643321131,364.20418474200244
3.0905608838195997,364.1605688480381
3.090183216642646,364.11695295407384
3.0898056417564286,364.0733370601095
3.0894281591271207,364.02972116614524
3.0890507687209143,363.9861052721809
3.088673470504016,363.9424893782166
3.088296264442651,363.9019747795659
3.0879191505030588,363.87388552225576
3.0875421286514966,363.8428509096058
3.0871651988542377,363.7972896695179
3.086788361077573,363.75172842943005
3.0864116152878074,363.7061671893422
3.0860349614512645,363.6606059492543
3.0856583995342834,363.60495401456933
3.0852819295032194,363.53606046810467
3.0849055513244457,363.46716692164
3.08452926496435,363.39827337517545
3.084153070389337,363.3293798287108
3.0837769675658286,363.26048628224623
3.0834009564602622,363.19159273578157
3.0830250370390915,363.09432141694833
3.082649209268787,362.98811293080723
3.082273473115836,362.8841513746299
3.081897828546741,362.78083413995745
3.081522275528022,362.6775169052851
3.081146814026214,362.5741996706127
3.08077144400787,362.48453706726934
3.0803961654395566,362.4530805955759
3.0800209782878603,362.42162412388245
3.0796458825193804,362.37405010062173
3.0792708781007354,362.31396101443397
3.078895964998558,362.25387192824627
3.0785211431794983,362.1937828420585
3.078146412610222,362.1336937558708
3.077771773257411,362.07360466968305
3.0773972250877635,361.9808253994318
3.0770227680679945,361.86304742951836
3.0766484021648344,361.74526945960497
3.0762741273450307,361.6274914896915
3.075899943575346,361.3816126281048
3.07552585082256,361.325451700073
3.0751518490534675,361.2975031691007
3.0747779382348814,361.26955463812845
3.0744041183336277,361.24160610715614
3.0740303893165515,361.2136575761839
3.073656751150512,361.18570904521164
3.0732832038023865,361.1247590084271
3.072909747239066,361.0451132599886
3.0725363814274593,360.9654675115501
3.072163106334491,360.8858217631116
3.071789921927101,360.80617601467316
3.071416828172246,360.7265302662347
3.0710438250368988,360.64688451779614
3.0706709124880476,360.16776561307836
3.070298090492697,360.1236637699251
3.0699253590178683,360.0795619267718
3.069552718030598,360.03546008361855
3.069180167497938,359.9913582404653
3.0688077073869584,359.947256397312
3.0684353376647424,359.90315455415873
3.068063058298391,359.85905271100546
3.067690869255021,359.83014236611007
3.0673187705017653,359.8026121229959
3.0669467620057715,359.77508187988184
3.066574843734205,359.7475516367677
3.0662030156542457,359.68010114578294
3.0658312777330896,359.6044686704181
3.065459629937949,359.52883619505326
3.065088072236052,359.39791339039175
3.0647166045946426,359.2257267116693
3.0643452269809806,359.0535400329469
3.063973939362342,358.8813533542244
3.063602741706018,358.81239099963636
3.0632316339793157,358.74414295256094
3.0628606161495595,358.6922166255157
3.0624896881840873,358.6443893872307
3.0621188500502545,358.59656214894574
3.0617481017154313,358.54873491066076
3.0613774431470047,358.4925067560422
3.061006874312377,358.4294316338159
3.060636395178966,358.365622973251
3.060266005714207,358.30181431268613
3.059895705885547,358.2380056521212
3.0595254956604525,358.17735731766305
3.059155375006405,358.1177690053071
3.0587853438909014,358.05818069295117
3.058415402281454,357.99859238059526
3.0580455501455908,357.93900406823934
3.057675787450856,357.8794157558834
3.0573061141648097,357.81982744352746
3.056936530255027,357.7602391311716
3.0565670356890986,357.7006508188157
3.056197630434631,357.4098783373205
3.055828314459247,357.3991082923957
3.055459087730585,357.3883382474709
3.0550899502162983,357.3775682025462
3.054720901884056,357.3366653728789
3.0543519427015435,357.2767922627563
3.0539830726364605,357.21691915263364
3.053614291656524,357.157046042511
3.0532455997294647,357.0971729323884
3.0528769968230307,357.06318775246575
3.052508482904985,357.04102990175545
3.052140057943105,357.01887205104515
3.051771721905186,356.99671420033485
3.051403474759036,356.97455634962455
3.051035316472482,356.93801280849067
3.050667247013363,356.880104147293
3.0502992663495356,356.8221954860954
3.0499313744488714,356.7642868248978
3.0495635712792573,356.70637816370015
3.0491958568085966,356.6484695025025
3.0488282310048063,356.59343907757557
3.0484606938358216,356.5505827121113
3.0480932452695897,356.507726346647
3.0477258852740756,356.2460058303079
3.0473586138172597,356.2205878788367
3.046991430867137,356.1533997312299
3.0466243363917185,356.0693359497754
3.0462573303590297,355.9852721683209
3.045890412737113,355.9012083868664
3.045523583494025,355.81714460541195
3.045156842597838,355.68181642267837
3.0447901900166396,355.54475495735545
3.0444236257185335,355.4402532113496
3.0440571496716373,355.3357514653437
3.0436907618440854,355.2381776355661
3.043324462204027,355.1848040534279
3.0429582507196264,355.1314304712897
3.0425921273590637,355.0780568891515
3.0422260920905333,355.02468330701333
3.041860144882246,354.9692754577861
3.041494285702427,354.913866011588
3.0411285145193188,354.862781316132
3.040762831301176,354.8191858474414
3.040397236016271,354.77559037875085
3.0400317286328904,354.7319949100602
3.0396663091193368,354.6883994413696
3.0393009774439266,354.6448039726791
3.0389357335749927,354.60120850398846
3.0385705774808827,354.5526526575602
3.0382055091299596,354.4206955153363
3.0378405284906016,354.2887383731123
3.037475635531202,354.15678123088844
3.0371108302201697,354.02482408866445
3.036746112525928,353.5488662633881
3.0363814824169157,353.521313766223
3.036016939861587,353.4937612690579
3.0356524848284105,353.46620877189287
3.0352881172858712,353.43865627472775
3.0349238372024683,353.41110377756263
3.0345596445467167,353.38355128039757
3.0341955392871456,353.3559987832325
3.0338315213922997,353.32844628606745
3.03346759083074,353.3008937889024
3.0331037475710394,353.27334129173727
3.0327399915817894,353.2228056200454
3.032376322831595,353.1514910932915
3.032012741289076,353.0801765665375
3.0316492469228673,352.9649310769573
3.03128583970162,352.7829661619137
3.0309225195939993,352.6133888080912
3.030559286568684,352.45496959850357
3.030196140594371,352.37346346784295
3.02983308163977,352.3192698105113
3.029470109673606,352.2650761531795
3.02910722466462,352.2108824958477
3.028744426581567,352.156688838516
3.0283817153932167,352.1024951811843
3.0280190910683547,352.0483015238525
3.0276565535757816,351.9826223441961
3.0272941028843117,351.92516886608394
3.0269317389627752,351.86771538797166
3.0265694617800167,351.8102619098595
3.0262072713048966,351.7528084317473
3.0258451675062896,351.66171063239244
3.025483150353085,351.5537805505253
3.025121219814188,351.43583424651933
3.024759375858517,351.30656208999034
3.024397618455007,351.17728993346145
3.0240359475726066,351.0480177769325
3.0236743631802803,350.92410202000826
3.0233128652470067,350.85145036539814
3.022951453741779,350.778798710788
3.0225901286336065,350.73537076036075
3.022228889891512,350.7100798927702
3.021867737484534,350.6847890251796
3.0215066713817254,350.65949815758904
3.0211456915521526,350.63420728999847
3.0207847979649,350.5817166826101
3.020423990589063,350.5152531421837
3.020063269393755,350.4487896017573
3.0197026343481017,350.3823260613309
3.019342085421246,350.31586252090455
3.018981622582343,350.2574031540944
3.018621245800564,350.18368056170505
3.0182609550450943,350.10995796931564
3.0179007502851345,350.03623537692624
3.0175406314899,349.9625127845369
3.01718059862862,349.8887901921475
3.0168206516705403,349.8172961537159
3.0164607905849183,349.7576649698889
3.0161010153410293,349.65096181824276
3.0157413259081607,349.5442586665966
3.015381722255616,349.4375555149504
3.0150222043527126,349.33085236330425
3.0146627721687835,349.27982934034344
3.0143034256731753,349.24404056358054
3.01394416483525,349.19585422744433
3.0135849896243836,349.14511066452525
3.013225900009967,349.09436710160617
3.012866895961405,349.04362353868703
3.0125079774481183,348.9928799757679
3.012149144439541,348.9259645422958
3.011790396905123,348.82239166465615
3.0114317348143267,348.7188187870165
3.0110731581366315,348.6152459093769
3.0107146668415297,348.51722739627127
3.0103562608985293,348.4231792646089
3.00999794027715,348.3291311329465
3.0096397049469306,348.2597636737328
3.00928155487742,348.2155362859525
3.0089234900381845,348.17130889817224
3.008565510398804,348.12708151039203
3.008207615928872,348.0828541226118
3.0078498065979984,348.0386267348316
3.007492082375805,347.9943993470514
3.00713444323193,347.95003931165525
3.0067768891360256,347.90550495880416
3.006419420057758,347.8616511676104
3.0060620359668087,347.82438788431944
3.0057047368328726,347.7871246010285
3.0053475226256596,347.32277838797904
3.0049903933148934,347.2991290461805
3.0046333488703136,347.2754797043819
3.004276389261672,347.2518303625833
3.0039195144587367,347.2281810207847
3.003562724431289,347.2045316789861
3.003206019149124,347.18088233718754
3.0028493985820535,347.1416026828256
3.002492862699902,347.10215219020483
3.0021364114725078,347.06270169758415
3.0017800448697245,347.0232512049634
3.0014237628614198,346.9838007123426
3.001067565417476,346.9443502197219
3.0007114525077885,346.90489972710117
3.0003554241022687,346.8654492344805
2.999999480170841,346.82599874185973
2.999643620683445,346.7809631479378
2.999287845610033,346.7049089994339
2.998932154920574,346.62885485093
2.9985765485850484,346.552800702426
2.9982210265734532,346.47674655392206
2.9978655888557983,346.4006924054181
2.9975102354021086,346.3246382569141
2.9971549661824226,346.25308411141987
2.9967997811667932,346.1996459370573
2.9964446803252884,346.14620776269487
2.996089663627988,346.0927695883323
2.995734731044988,346.0393314139698
2.995379882546399,345.33714467754305
2.995025118102344,345.29596773099524
2.9946704376829607,344.8480437472921
2.994315841258402,344.75281783668083
2.9939613287988336,344.6575919260696
2.9936069002744365,344.5623660154583
2.993252555655405,344.46714010484703
2.992898294911947,344.3923527422862
2.992544118014286,344.3651121738147
2.9921900249326585,344.33787160534314
2.991836015637315,344.31063103687154
2.991482090098522,344.281836410834
2.9911282482865564,344.22893610730966
2.9907744901717135,344.17603580378534
2.9904208157242986,344.123135500261
2.990067224914634,344.0594974597408
2.9897137177130544,343.9945023601763
2.9893602940899093,343.9295072606119
2.9890069540155615,343.8645121610474
2.9886536974603892,343.79951706148296
2.9883005243947833,343.7345219619185
2.987947434789149,343.6722795214471
2.9875944286139053,343.6221911603121
2.987241505839486,343.5721027991771
2.9868886664363377,343.52201443804205
2.986535910374922,343.47192607690704
2.9861832376257142,343.42183771577197
2.985830648159203,343.37174935463696
2.9854781419458916,343.32166099350195
2.985125718956297,343.05859434631157
2.98477337916095,342.97888287075955
2.984421122530395,342.89917139520753
2.984068949035191,342.8194599196555
2.983716858645911,342.7343808916455
2.9833648513331408,342.62509293990513
2.983012927067481,342.51580498816463
2.9826610858195455,342.40651703642413
2.982309327559963,342.31534802625924
2.9819576522593754,342.27868292651215
2.9816060598884375,342.24653666927344
2.98125455041782,342.2143904120348
2.9809031238182055,342.18224415479614
2.980551780060292,342.1500978975575
2.9802005191147902,342.11795164031884
2.9798493409524247,342.0858053830801
2.979498245543935,342.0536591258415
2.9791472328600728,342.0043829852128
2.9787963028716047,341.9221670284643
2.97844545554931,341.83995107171563
2.978094690863984,341.75773511496703
2.977744008786433,341.6848746866831
2.9773934092874783,341.6277846227444
2.9770428923379555,341.5706945588057
2.976692457908713,341.1766657468513
2.976342105970614,341.1263033148886
2.9759918364945332,341.0759408829259
2.975641649451362,341.0255784509633
2.9752915448120034,340.9752160190006
2.9749415225473745,340.9404134180905
2.9745915826284066,340.93210841764477
2.9742417250260442,340.92380341719905
2.973891949711246,340.91549841675334
2.9735422566549836,340.9071934163076
2.9731926458282425,340.8988884158619
2.972843117202022,340.8905834154162
2.9724936707473355,340.8822784149704
2.9721443064352093,340.8739734145247
2.9717950242366835,340.8091102596445
2.971445824122812,340.7294429809989
2.971096706064662,340.6497757023533
2.9707476700333153,340.5701084237077
2.970398715999865,340.49044114506205
2.97004984393542,340.29699232158293
2.9697010538111024,340.28286810599116
2.9693523455980464,340.2687438903993
2.969003719267402,339.90475543145635
2.968655174790331,339.8626175993522
2.96830671213801,339.820479767248
2.967958331281628,339.7783419351439
2.967610032192387,339.73620410303965
2.9672618148415046,339.69406627093554
2.9669136792002107,339.6519284388313
2.9665656252397485,339.6120074724847
2.9662176529313755,339.574752828441
2.9658697622463617,339.5374981843971
2.965521953155991,339.5002435403533
2.9651742256315616,339.3432809596057
2.9648265796443836,339.14658163364777
2.9644790151657814,338.9563087900981
2.964131532167093,338.88586839062737
2.9637841306196697,338.80347265946955
2.9634368104948763,338.7204117333862
2.9630895717640904,338.6364221081801
2.962742414398704,338.55243248297404
2.962395338370121,338.46844285776797
2.962048343649761,338.38445323256184
2.9617014302090547,338.3004636073557
2.961354598019448,338.2595216280517
2.961007847052398,338.21935414076574
2.960661177279378,338.1791866534798
2.960314588671872,338.13901916619386
2.9599680812013798,338.0988516789079
2.9596216548394123,338.05868419162204
2.9592753095574946,338.0227190495309
2.9589290453271655,337.9704104124039
2.958582862119977,337.9069336394648
2.958236759907494,337.8434568665257
2.957890738661295,337.7799800935866
2.9575447983529717,337.7165033206475
2.95719893895413,337.65302654770846
2.9568531604363866,337.5909051225826
2.9565074627713743,337.53252007842786
2.9561618459307373,337.4741350342731
2.955816309886134,337.41574999011834
2.955470854609236,337.3573649459636
2.9551254800717275,337.2989799018088
2.9547801862453063,337.14986711424945
2.954434973101684,336.9384118387044
2.954089840612585,336.8087465637966
2.953744788749746,336.7702670154649
2.9533998174849176,336.73178746713324
2.9530549267898643,336.69330791880157
2.952710116636363,336.6548283704699
2.9523653869962043,336.61634882213826
2.952020737841191,336.5778692738066
2.9516761691431403,336.53485828981525
2.951331680873882,336.4711838513125
2.950987273005258,336.40750941280976
2.950642945509125,336.3438349743071
2.9502986983573525,336.2801605358044
2.949954531521822,336.21648609730164
2.94961044497443,336.1528116587989
2.949266438687084,336.08913722029615
2.9489225126317065,336.0305400092842
2.9485786667802323,335.9774157197079
2.9482349011046085,335.92804433623337
2.947891215576796,335.8842033928998
2.947547610168769,335.8403624495662
2.9472040848525145,335.79652150623264
2.946860639600033,335.75268056289906
2.946517274383337,335.688386475873
2.946173989174454,335.59970990221007
2.9458307839454214,335.5110333285471
2.9454876586682923,335.42662093973485
2.945144613315132,335.34491988895445
2.9448016478580192,335.26317887837115
2.9444587622690443,335.18071762707143
2.9441159565203123,335.09825637577177
2.94377323058394,335.015795124472
2.9434305844320585,334.93333387317233
2.9430880180368106,334.74237294296177
2.9427455313703517,334.6793335176649
2.942403124404852,334.6034330085153
2.942060797112493,334.48106651845944
2.94171854946547,334.3587000284035
2.941376381435991,334.2363335383477
2.9410342929962763,334.1139670482918
2.9406922841185614,334.00942543574473
2.9403503547750915,333.9308819283515
2.9400085049381266,333.85233842095823
2.9396667345799394,333.78359712014594
2.9393250436728158,333.7178346812111
2.9389834321890533,333.66121849568276
2.9386419001009636,333.61332316525505
2.9383004473808705,333.56542783482735
2.9379590740011112,333.51753250439964
2.9376177799340364,333.46963717397205
2.9372765651520067,333.42174184354434
2.936935429627399,333.37384651311663
2.9365943733326016,333.325951182689
2.9362533962400152,333.2780558522612
2.9359124983220535,333.19498991561807
2.935571679551144,333.1111669354662
2.9352309398997263,333.0273439553144
2.934890279340252,332.9435209751625
2.934549697845187,332.8596979950107
2.9342091953870084,332.7758750148589
2.9338687719382075,332.7007320950284
2.933528427471288,332.6592047095294
2.9331881619587654,332.6449197609884
2.932847975373169,332.63063481244745
2.932507867687041,332.6163498639065
2.9321678388729358,332.6020649153656
2.9318278889034195,332.58777996682466
2.931488017751073,332.57349501828367
2.9311482253884886,332.4261219888043
2.9308085117882716,332.26010552991016
2.9304688769230403,332.094089071016
2.930129320765425,331.9280726121218
2.9297898432880696,331.59005096049395
2.9294504444636296,331.4947520929385
2.9291111242647743,331.39945322538296
2.928771882664184,331.30848113539776
2.9284327196345545,331.2495272595992
2.928093635148591,331.1905733838006
2.9277546291790135,331.13161950800196
2.9274157016985543,331.06605725633506
2.9270768526799573,330.9570325055978
2.9267380820959805,330.84800775486065
2.9263993899193927,330.73898300412344
2.9260607761229767,330.6301219862391
2.9257222406795282,330.5238305032433
2.9253837835618537,330.4441171873466
2.9250454047427747,330.4163079239886
2.924707104195123,330.3884986606307
2.9243688818917444,330.36068939727284
2.9240307378054964,330.3328801339149
2.92369267190925,330.30507087055696
2.9233546841758877,330.25664564601294
2.923016774578305,330.19119154678526
2.9226789430894105,330.1257374475576
2.922341189682124,330.0602833483299
2.9220035143293797,329.99482924910217
2.921665917004122,329.9293751498745
2.9213283976793103,329.8639210506468
2.9209909563279144,329.79390551364685
2.920653592922917,329.7380789975995
2.9203163074373144,329.68225248155204
2.9199790998441144,329.62642596550467
2.9196419701163374,329.5705994494573
2.919304918227017,329.5147729334099
2.9189679441491982,329.45894641736254
2.9186310478559383,329.3994348861137
2.9182942293203085,329.31487334418523
2.9179574885153907,329.2303118022567
2.917620825414281,329.14974026361466
2.917284239990086,329.07378836250507
2.9169477322159265,328.9978364613954
2.9166113020649345,328.941100405983
2.916274949510255,328.8881273415315
2.915938674525045,328.83515427708005
2.9156024770824738,328.7821812126286
2.9152663571557236,328.7292081481771
2.914930314717988,328.6762350837256
2.914594349742475,328.62326201927414
2.914258462202403,328.5702889548227
2.9139226520710024,328.51731589037115
2.9135869193215185,328.3364690823882
2.913251263927206,328.28147661917876
2.912915685861334,328.2264841559693
2.912580185097182,328.1714916927598
2.9122447616080445,328.1164992295503
2.9119094153672256,328.0615067663408
2.9115741463480433,328.024403725649
2.9112389545238275,327.95809001081466
2.91090383986792,327.8917762959803
2.910568802353676,327.825462581146
2.9102338419544607,327.7591488663116
2.909898958643654,327.6928351514772
2.909564152394647,327.62652143664286
2.9092294231808427,327.56020772180847
2.908894770975657,327.4938940069741
2.9085601957525182,327.42843805683435
2.908225697484866,327.3807203535338
2.9078912761461524,327.33322720838646
2.907556931709842,327.2857340632391
2.907222664149412,327.2382409180917
2.906888473438351,327.1907477729444
2.90655435955016,327.1612838453498
2.9062203224583527,327.1358867043935
2.905886362136454,327.0854392982443
2.905552478558002,327.0343977315565
2.9052186716965465,326.9833561648689
2.904884941525649,326.93231459818116
2.904551288018884,326.8812730314934
2.9042177111498377,326.82934654568834
2.9038842108921084,326.7712570561896
2.9035507872193063,326.7131675666908
2.9032174401050543,326.65229370102315
2.9028841695229874,326.5901188567782
2.9025509754467516,326.52794401253317
2.902217857850007,326.46576916828815
2.9018848167064233,326.4035943240432
2.901551851989684,326.39664419638405
2.901218963673485,326.3902261327404
2.9008861517315334,326.3838080690968
2.9005534161375475,326.3773900054532
2.90022075686526,326.37097194180956
2.8998881738884137,326.364553878166
2.8995556671807634,326.35813581452237
2.8992232367160775,326.32194235517136
2.898890882468135,326.26083866201856
2.898558604410728,326.19973496886576
2.89822640251766,326.1386312757129
2.8978942767627456,326.0775275825601
2.897562227119814,326.01642388940735
2.897230253562703,325.95532019625455
2.896898356065265,325.8942165031017
2.8965665346013636,325.84949149099884
2.8962347891448745,325.81093692458694
2.8959031196696845,325.77701832633466
2.895571526149694,325.74309972808226
2.895240008558813,325.7091811298299
2.894908566870966,325.65074195644536
2.8945772010600885,325.58976412917366
2.8942459111001266,325.067632059754
2.89391469696504,325.05004877687674
2.8935835586287997,325.03246549399955
2.8932524960653883,325.0148822111223
2.892921509248801,324.9972989282451
2.892590598153045,324.97971564536783
2.892259762752139,324.96213236249065
2.891929003020112,324.9445490796134
2.891598318931008,324.92696579673617
2.8912677104588806,324.5144556108165
2.890937177577796,324.54482436188914
2.8906067202618324,324.5741779819713
2.8902763384850796,324.53579388660626
2.8899460322216397,324.4974097912411
2.8896158014456255,324.4590256958761
2.889285646131163,324.4212132681152
2.888955566252389,324.3848938487472
2.8886255617834524,324.34857442937914
2.8882956326985143,324.3122550100111
2.8879657789717474,324.27593559064303
2.887636000577336,324.23961617127503
2.8873062974894763,324.20329675190703
2.886976669682377,324.166977332539
2.8866471171302566,324.130657913171
2.886317639807347,324.1037106123317
2.8859882376878923,324.0801307950469
2.8856589107461468,324.0565509777621
2.8853296589563775,324.0329711604772
2.885000482292863,324.0093913431923
2.8846713807298943,323.98552460264375
2.884342354241772,323.96155570317774
2.884013402802811,323.93758680371184
2.8836845263873365,323.9136179042459
2.883355724969685,323.8896490047799
2.883026998524206,323.86568010531397
2.8826983470252605,323.841711205848
2.88236977044722,323.8264710018649
2.8820412687644685,323.7935524295549
2.8817128419514026,323.7606338572448
2.881384489982428,323.7277152849348
2.881056212831965,323.69479671262474
2.8807280104744435,323.6618781403147
2.880399882884306,323.62895956800463
2.880071830036006,323.5960409956946
2.87974385190401,323.5379270834851
2.8794159484627944,323.48264694407055
2.879088119686848,323.42736680465595
2.878760365550672,323.37208666524145
2.8784326860287774,323.3168065258269
2.8781050810956885,323.2583288662691
2.87777755072594,323.195274377297
2.877450094894079,323.1426044466001
2.877122713574664,323.12081039643385
2.876795406742265,323.0990163462676
2.876468174371464,323.0772222961014
2.876141016436853,323.0554282459351
2.875813932913037,323.0336341957689
2.8754869237746323,323.01184014560266
2.875159988996267,322.9900460954364
2.8748331285525803,322.95972953047095
2.8745063424182233,322.9233752495712
2.8741796305678573,322.88702096867155
2.873852992976157,322.85066668777176
2.8735264296178085,322.8143124068721
2.8731999404675075,322.7779581259724
2.872873525499962,322.7416038450727
2.872547184689893,322.69858191087826
2.8722209180120317,322.62546309342844
2.8718947254411207,322.5746946785522
2.871568606951914,322.52392626367595
2.8712425625191784,322.4731578487998
2.8709165921176902,322.4223894339235
2.870590695722238,322.4081013342413
2.8702648733076224,322.40837604770377
2.869939124848655,322.4086507611663
2.8696134503201587,322.40892547462886
2.8692878496969683,322.3748536618515
2.8689623229539287,322.33227675513444
2.868636870065898,322.2896998484174
2.8683114910077454,322.2471229417003
2.8679861857543494,322.20454603498325
2.8676609542806024,322.16196912826615
2.8673357965614077,322.1193922215491
2.8670107125716786,322.08947999410896
2.8666857022863415,322.059949902393
2.8663607656803327,322.0304198106769
2.8660359027286018,322.00088971896093
2.865711113406107,321.9713596272449
2.8653863976878196,321.9418295355289
2.865061755548723,321.91229944381286
2.86473718696381,321.88429130858594
2.864412691908086,321.8637992491098
2.8640882703565675,321.8433071896336
2.8637639222842823,321.82281513015744
2.863439647666269,321.80232307068127
2.8631154464775785,321.78183101120516
2.862791318693272,321.50375752488986
2.8624672642884224,321.5040774679819
2.862143283238114,321.5043974110739
2.861819375517442,321.5047173541659
2.861495541101514,321.5014476634658
2.861171779965447,321.4731156042135
2.860848092084371,321.44478354496124
2.8605244774334264,321.40547830170556
2.8602009359877645,321.341692629995
2.8598774677225487,321.2779069582846
2.859554072612953,321.214121286574
2.8592307506341634,321.1503356148635
2.8589075017613763,321.03414116260177
2.858584325969799,320.99215860479416
2.8582612232346523,320.95017604698654
2.857938193531165,320.908193489179
2.857615236834579,320.86621093137137
2.857292353120147,320.8242283735638
2.8569695423631334,320.80890952077675
2.8566468045388125,320.7955568959036
2.856324139622471,320.7822042710304
2.8560015475894063,320.7688516461573
2.855679028414927,320.7554990212842
2.8553565820743527,320.73735791810356
2.8550342085430143,320.70796120893795
2.8547119077962537,320.6785644997724
2.854389679809424,320.6491677906067
2.8540675245578897,320.6197710814412
2.853745442017026,320.5854841627366
2.85342343216222,320.5354736669522
2.8531014949688682,320.4854631711678
2.852779630412381,320.4332500182759
2.852457838468176,320.3774964283247
2.8521361191116856,320.3217428383735
2.851814472318351,320.2659892484222
2.8514928980636265,320.210235658471
2.851171396322975,320.1544820685198
2.8508499670718717,320.12012335710995
2.850528610285804,320.0979950055289
2.850207325940268,320.07586665394774
2.8498861140107725,320.0537383023666
2.8495649744728366,320.03160995078554
2.8492439073019913,320.0094815992044
2.8489229124737774,319.9873532476232
2.8486019899637482,319.9652248960421
2.848281139747466,319.9170539218529
2.8479603618005065,319.8648004956965
2.847639656098455,319.83343121921155
2.847319022616907,319.8020619427266
2.846998461331471,319.77069266624164
2.846677972217765,319.7393233897567
2.8463575552514184,319.70795411327174
2.846037210408072,319.6765848367868
2.8457169376633766,319.64521556030184
2.845396736992995,319.6085938158611
2.8450766083726005,319.3989113764832
2.844756551777877,319.32991538497515
2.8444365671845198,319.26091939346713
2.844116654568235,319.1919234019591
2.8437968139047394,319.12432067211796
2.8434770451697617,319.06334360522226
2.84315734833904,319.00236653832667
2.8428377233883246,318.9413894714311
2.8425181702933764,318.87074329802874
2.842198689029966,318.79259616061825
2.8418792795738765,318.7506232205004
2.841559941900901,318.71620382578715
2.8412406759868443,318.68178443107377
2.8409214818075212,318.6473650363605
2.8406023593387575,318.6129456416471
2.8402833085563906,318.5785262469338
2.839964329436267,318.54410685222047
2.839645421954246,318.50968745750714
2.8393265860861976,318.4752680627938
2.839007821808001,318.4210007174554
2.8386891290955476,318.3594655625476
2.8383705079247394,318.2980783209042
2.8380519582714894,318.2380222995457
2.83773348011172,318.1779662781872
2.8374150734213677,318.1177592808597
2.837096738176375,318.0566751139028
2.836778474352699,317.995590946946
2.8364602819263065,317.9345067799892
2.836142160873175,317.87342261303235
2.8358241111692926,317.8123384460755
2.835506132790658,317.77857440190036
2.835188225713282,317.74567484277827
2.834870389913184,317.71277528365613
2.8345526253663955,317.6798757245341
2.834234932048959,317.64697616541196
2.833917309936927,317.59641311541475
2.8335997590063626,317.53863343151136
2.833282279233341,317.4742369308535
2.8329648705939467,317.37803334204864
2.832647533064275,317.2818297532437
2.8323302666204335,317.20275429433195
2.8320130712385376,317.15916533654536
2.8316959468947163,317.11557637875876
2.831378893565107,317.06798097421006
2.83106191122586,317.0203268411022
2.830744999853135,316.9726727079943
2.8304281594231018,316.9250185748864
2.8301113899119423,316.8773644417786
2.829794691295848,316.82971030867066
2.8294780635510213,316.7820561755628
2.8291615066536755,316.7432700654645
2.828845020580034,316.6906911124729
2.828528605306332,316.63811215948135
2.8282122608088143,316.5855332064897
2.827895987063736,316.53295425349813
2.8275797840473644,316.4803753005066
2.827263651735976,316.4277963475149
2.826947590105858,316.37521739452336
2.8266315991333086,316.2948888149782
2.8263156787946366,316.2404970926915
2.825999829066162,316.18990372606083
2.8256840499242135,316.13931035943017
2.8253683413451323,316.0887169927995
2.82505270330527,316.03812362616895
2.824737135780987,315.9875302595383
2.8244216387486563,315.9369368929077
2.8241062121846605,315.8894944360636
2.8237908560653926,315.85123323987216
2.8234755703672567,315.8129720436807
2.8231603550666673,315.77332087024075
2.822845210140049,315.72399647597
2.822530135563837,315.6746720816992
2.8222151313144783,315.6253476874284
2.821900197368428,315.5760232931577
2.821585333702154,315.5266988988869
2.8212705402921334,315.49252430867784
2.820955817114854,315.4688830669059
2.820641164146815,315.43732407865093
2.820326581364524,315.3923909370195
2.8200120687445023,315.34055707987307
2.8196976262632782,315.25367896194354
2.8193832538973926,315.16680084401406
2.819068951623396,315.07992272608453
2.818754719417851,314.99304460815506
2.8184405572573272,314.9061664902256
2.818126465118408,314.83095705782733
2.8178124429776865,314.77525263807956
2.8174984908117646,314.71954821833185
2.8171846085972567,314.6979107277561
2.816870796310786,314.6837931646555
2.816557053928987,314.669675601555
2.816243381428505,314.65421025323764
2.8159297787859936,314.62901789389304
2.81561624597812,314.6038255345485
2.815302782981559,314.5786331752039
2.8149893897729976,314.5534408158593
2.814676066329132,314.5282484565147
2.814362812626669,314.5030560971701
2.814049628642327,314.4692586398528
2.8137365143528323,314.4195640890197
2.8134234697349245,314.3605786309596
2.813110494765351,314.2969208841847
2.8127975894208714,314.23326313740984
2.812484753678254,314.16960539063496
2.81217198751428,314.1059476438601
2.811859290905737,314.0422898970852
2.811546663829426,313.97863215031026
2.811234106262158,313.9117363094192
2.8109216181807533,313.8661179286387
2.810609199562043,313.82049954785805
2.8102968503828683,313.7748811670775
2.809984570620082,313.729262786297
2.8096723602505445,313.68364440551636
2.8093602192511287,313.6380260247358
2.809048147598717,313.5924076439552
2.808736145270202,313.54902357369474
2.808424212242488,313.5064279790142
2.808112348492487,313.4638323843336
2.8078005539971223,313.4212367896531
2.807488828733329,313.3786411949725
2.8071771726780503,313.336045600292
2.8068655858082407,313.2934500056114
2.8065540681008647,313.2282936513117
2.8062426195328967,313.14291502613423
2.805931240081322,313.0575364009568
2.8056199297231363,312.97215777577935
2.805308688435344,312.89112329763407
2.8049975161949616,312.81310156141774
2.8046864129790143,312.7379784237479
2.804375378764538,312.6728598444637
2.804064413528579,312.60774126517947
2.803753517248194,312.5426226858952
2.8034426899004488,312.4793755084095
2.803131931462421,312.41676412345805
2.8028212419111966,312.3541527385067
2.802510621223873,312.2915413535553
2.802200069377558,312.2328567498329
2.801889586349368,312.1988380436985
2.80157917211643,312.16481933756415
2.8012688266558827,312.1308006314298
2.8009585499448733,312.1025616807179
2.8006483419605597,312.07998047124136
2.8003382026801096,312.0573992617648
2.800028132080702,312.0348180522882
2.799718130139524,311.987666100491
2.7994081968337743,311.93029956093244
2.799098332140661,311.8729330213738
2.798788536037403,311.8155664818152
2.798478808501228,311.7581999422566
2.7981691495093757,311.700833402698
2.7978595590390944,311.64346686313945
2.797550037067643,311.5861003235808
2.79724058357229,311.5287337840223
2.7969311985303142,311.5016179807873
2.7966218819190045,311.481959911206
2.7963126337156603,311.4623018416246
2.7960034538975904,311.44264377204325
2.795694342442114,311.4229857024619
2.79538529932656,311.4033276328805
2.7950763245282677,311.3836695632991
2.794767418024586,311.36401149371784
2.7944585797928734,311.32637739426576
2.7941498098105004,311.28861734756714
2.793841108054845,311.25085730086846
2.793532474503297,311.2131463790616
2.7932239091332556,311.1789285296578
2.792915411922129,311.1447106802539
2.7926069828473374,311.1104928308501
2.79229862188631,311.00728650697806
2.7919903290164845,310.86519159782017
2.791682104215311,310.7230966886623
2.7913739474602473,310.3149120459818
2.7910658587287633,310.2867832623315
2.790757837998338,310.258654478681
2.7904498852464594,310.23052569503056
2.7901420004506274,310.2023969113802
2.7898341835883493,310.1742681277298
2.789526434637144,310.1461393440794
2.7892187535745405,310.11801056042896
2.7889111403780773,310.08988177677855
2.788603595025302,310.06175299312815
2.7882961174937733,309.343582132738
2.787988707761059,309.1625390345741
2.7876813658047377,308.99309239763835
2.787374091602397,308.97232214424605
2.787066885131634,308.9515518908537
2.7867597463700573,308.9307816374614
2.7864526752952843,308.9100113840691
2.7861456718849418,308.88924113067674
2.785838736116667,308.8684708772844
2.7855318679681083,308.8521095064413
2.7852250674169214,308.8346777657756
2.784918334440773,308.80718175159814
2.7846116690173406,308.7796857374207
2.78430507112431,308.7521897232433
2.7839985407393777,308.72469370906583
2.7836920778402496,308.6971976948885
2.7833856824046417,308.669701680711
2.78307935441028,308.6422056665335
2.7827730938349,308.61470965235617
2.782466900656247,308.5872136381787
2.7821607748520756,308.5597176240012
2.7818547164001513,308.53213423648754
2.7815487252782485,308.50446159219143
2.7812428014641517,308.4767889478952
2.780936944935655,308.4491163035991
2.780631155670563,308.421443659303
2.7803254336466896,308.3937710150068
2.780019778841857,308.3660983707107
2.7797141912338996,308.3384257264146
2.77940867080066,308.31075308211837
2.7791032175199915,308.28308043782226
2.7787978313697557,308.25540779352616
2.7784925123278255,308.1953713873377
2.778187260372083,308.1309700546185
2.777882075480419,308.0665687218994
2.7775769576307363,308.002134186201
2.777271906800945,307.9376731201185
2.776966922968965,307.87321205403606
2.7766620061127285,307.80875098795354
2.7763571562101754,307.7442899218711
2.7760523732392546,307.6798288557886
2.7757476571779263,307.6464388898262
2.7754430080041605,307.61436318108326
2.7751384256959346,307.58228747234034
2.7748339102312376,307.5502117635973
2.7745294615880685,307.5181360548544
2.774225079744434,307.2027388238721
2.773920764678353,307.1517131656228
2.7736165163678517,307.1006875073736
2.773312334790967,307.04966184912433
2.773008219925746,306.9986361908751
2.7727041717502443,306.91814052566804
2.7724001902425273,306.82738147852854
2.7720962753806706,306.7366224313889
2.771792427142759,306.65682826864486
2.7714886455068877,306.5885629227325
2.77118493045116,306.5202975768201
2.77088128195369,306.4606278975981
2.770577699992601,306.4021310535735
2.770274184546026,306.3436342095489
2.7699707355921075,306.27090902466387
2.7696673531089973,306.1958414943471
2.769364037074857,306.1207739640304
2.7690607874678586,306.0600836556911
2.768757604266182,306.00703741806586
2.7684544874480177,305.9539911804406
2.7681514369915656,305.9009449428154
2.767848452875036,305.8478987051901
2.7675455350766462,305.79485246756485
2.7672426835746258,305.7418062299396
2.766939898347213,305.6887599923144
2.7666371793726543,305.62165944339085
2.7663345266292074,305.55930652907676
2.7660319400951394,305.4969536147627
2.765729419748726,305.43460070044875
2.7654269655682517,305.3722477861347
2.765124577532013,305.30989487182063
2.764822255618314,305.24754195750654
2.7645199998054686,305.1851890431925
2.7642178100718007,305.1401384248524
2.763915686395643,305.0980573553336
2.763613628755338,305.0555581052456
2.7633116371292377,305.0129736785716
2.763009711495704,304.9703892518977
2.762707851833107,304.9278048252237
2.7624060581198275,304.8852203985497
2.762104330334255,304.8426359718757
2.7618026684547887,304.80005154520177
2.7615010724598377,304.77180693204014
2.7611995423278195,304.73734907695973
2.7608980780371626,304.69685127180776
2.760596679566303,304.6563534666558
2.7602953468936864,304.6158556615038
2.75999407999777,304.5753578563518
2.7596928788570185,304.53486005119976
2.759391743449906,304.4943622460478
2.759090673754917,304.43067087255986
2.758789669750544,304.35742572546235
2.758488731415291,304.28418057836484
2.7581878587276694,304.2109354312674
2.7578870516662004,304.1512527418379
2.757586310209415,304.09683134112504
2.7572856343358536,304.0424099404122
2.7569850240240656,303.98798853969936
2.7566844792526104,303.93795517158105
2.7563840000000557,303.91583735750976
2.7560835862449795,303.8815154613077
2.755783237965968,303.8471935651055
2.7554829551416185,303.8128716689033
2.7551827377505353,303.77854977270124
2.754882585771335,303.74422787649905
2.7545824991826406,303.709905980297
2.754282477963086,303.6755840840948
2.7539825220913143,303.6402598350478
2.7536826315459773,303.5838857046115
2.753382806305737,303.5268634940013
2.7530830463492637,303.46984128339113
2.752783351655238,303.41281907278096
2.752483722202348,303.3557968621708
2.7521841579692934,303.2987746515606
2.7518846589347814,303.24175244095045
2.75158522507753,303.1847302303402
2.7512858563762657,303.1277080197301
2.750986552809723,303.07068580911994
2.7506873143566475,303.01366359850977
2.750388140995793,302.9534824069281
2.7500890327059233,302.9069390863879
2.7497899894658113,302.8603957658477
2.7494910112542383,302.81385244530753
2.7491920980499955,302.76730912476734
2.748893249831884,302.7207658042271
2.7485944665787123,302.674222483687
2.7482957482692996,302.6281121732626
2.7479970948824737,302.6105888251159
2.747698506397072,302.5572747837459
2.747399982791941,302.47609952783216
2.7471015240459353,302.39492427191846
2.7468031301379208,302.31374901600475
2.7465048010467714,302.2325737600911
2.7462065367513695,302.15139850417734
2.7459083372306075,302.0702232482637
2.7456102024633866,302.0031906673327
2.745312132428618,301.9230633609094
2.7450141271052217,301.8197027524341
2.7447161864721257,301.71634214395885
2.7444183105082685,301.61298153548364
2.7441204991925976,301.50962092700837
2.743822752504069,301.40657035671404
2.743525070421648,301.3536072868965
2.7432274529243097,301.30064421707885
2.742929899991037,301.2556305862713
2.7426324116008236,301.21205769558304
2.7423349877326713,301.1684848048948
2.7420376283655905,301.12491191420645
2.7417403334786026,301.08133902351824
2.7414431030507354,301.0377661328299
2.741145937061028,300.9919190314311
2.7408488354885274,300.9458757591549
2.740551798312291,300.8998324868786
2.7402548255113834,300.8537892146024
2.7399579170648805,300.80774594232616
2.7396610729518645,300.74833106448966
2.7393642931514295,300.6756524403685
2.7390675776426767,300.6029738162475
2.738770926404717,300.52890992998766
2.738474339416671,300.39421876532435
2.7381778166576667,300.25952760066104
2.7378813581068426,300.12483643599774
2.737584963743346,299.99014527133437
2.737288633546333,299.85545410667106
2.736992367494969,299.77302849380646
2.736696165568427,299.69683685054883
2.736400027745891,299.64446001396755
2.7361039540065533,299.6173255483461
2.7358079443296144,299.5901910827247
2.7355119986942853,299.56305661710326
2.735216117079785,299.5359221514818
2.7349202994653408,299.5087876858604
2.734624545830191,299.48165322023897
2.7343288561535815,299.45451875461754
2.7340332304147665,299.4273842889961
2.733737668593011,299.4002498233747
2.7334421706675873,299.3731153577532
2.7331467366177784,299.3459808921318
2.7328513664228744,299.31884642651033
2.7325560600621754,299.26910914997956
2.732260817514991,299.21886918339544
2.7319656387606375,299.16862921681127
2.731670523778443,299.1183892502272
2.7313754725477426,299.06814928364304
2.7310804850478805,298.5218308185684
2.730785561258211,298.4543893935015
2.730490701158096,298.4177673129707
2.7301959047269073,298.3871047587362
2.7299011719440247,298.3564422045018
2.7296065027888377,298.32577965026735
2.729311897240744,298.29511709603287
2.729017355279151,298.2644545417984
2.7287228768834737,298.233791987564
2.728428462033137,298.17593615707096
2.728134110707576,298.10178000104395
2.727839822886231,298.0276238450169
2.7275455985485553,297.9534676889899
2.7272514376740076,297.8793115329628
2.7269573402420577,297.8051553769358
2.726663306232183,297.73099922090876
2.726369335623871,297.6568430648817
2.7260754283966167,297.58655900813375
2.7257815845299245,297.5486131708978
2.725487804003308,297.5106673336618
2.72519408679629,297.47272149642583
2.7249004328884006,297.4347756591899
2.724606842259179,297.3968298219539
2.724313314888175,297.35888398471786
2.7240198507549453,297.3209381474819
2.7237264498390563,297.2541700325848
2.723433112120083,297.17095957539027
2.7231398375776092,297.0708833757562
2.722846626191228,296.97080717612215
2.7225534779405396,296.87073097648806
2.722260392805155,296.7706547768539
2.721967370764693,296.693609524201
2.7216744117987814,296.64539994870313
2.7213815158870567,296.5971903732052
2.721088683009164,296.54898079770726
2.720795913144757,296.5007712222093
2.7205032062734995,296.43682476682727
2.7202105623750623,296.3720195190252
2.7199179814291257,296.3072142712231
2.7196254634153787,296.2425978129688
2.719333008313519,296.17958745463693
2.7190406161032534,296.116577096305
2.718748286764297,296.05356673797314
2.7184560202763737,295.99689515249133
2.718163816619216,295.96768912696746
2.717871675772565,295.93848310144347
2.717579597716172,295.9092770759196
2.717287582429794,295.8800710503956
2.7169956298931996,295.8381444934113
2.716703740086165,295.7820236057238
2.7164119129884745,295.7259027180363
2.7161201485799222,295.6697818303488
2.7158284468403098,295.59976610468544
2.715536807749449,295.51955633186753
2.7152452312871587,295.4393465590497
2.7149537174332665,295.3591367862317
2.7146622661676107,295.2789270134138
2.714370877470036,295.21990988007985
2.714079551320397,295.18095253007897
2.713788287698556,295.1419951800782
2.7134970865843857,295.1030378300773
2.713205947957765,295.06943115526076
2.7129148717985827,295.0422807546323
2.712623858086737,295.0151303540038
2.7123329068021333,294.9879799533753
2.7120420179246865,294.9608295527469
2.7117511914343195,294.90611403479073
2.7114604273109646,294.82453932269857
2.7111697255345626,294.74296461060635
2.710879086085062,294.66138989851424
2.7105885089424206,294.59251464657996
2.7102979940866043,294.54330533140893
2.7100075414975886,294.5107814508767
2.7097171511553566,294.47825757034457
2.7094268230399003,294.4457336898124
2.7091365571312207,294.4038388197548
2.7088463534093266,294.34737486974007
2.7085562118542357,294.2909109197253
2.7082661324459743,294.23444696971046
2.707976115164577,294.1779830196957
2.7076861599900877,294.12430844327025
2.7073962669025584,294.08305805340854
2.7071064358820487,294.0418076635468
2.7068166669086287,294.0005572736851
2.706526959962375,293.9593068838234
2.706237315023375,293.91805649396167
2.705947732071722,293.87680610409996
2.7056582110875196,293.8533397545216
2.7053687520508793,293.8377545207162
2.705079354941921,293.7966981900423
2.7047900197407744,293.74595784478294
2.7045007464275757,293.69521749952355
2.704211534982471,293.6444771542643
2.703922385385614,293.58070855499443
2.7036332976171678,293.51024800511
2.703344271657303,293.43978745522554
2.703055307486199,293.36932690534104
2.7027664050840454,293.29989928504745
2.702477564431037,293.26244622603946
2.7021887855073796,293.22499316703147
2.7019000682932863,293.1875401080234
2.70161141276898,293.1500870490154
2.7013228189146896,293.11263399000734
2.7010342867106547,293.07518093099935
2.7007458161371223,293.03772787199136
2.7004574071743486,292.9740953294055
2.700169059802597,292.8991438994401
2.6998807740021404,292.8174942175461
2.6995925497532607,292.7126673267011
2.6993043870362454,292.6078404358561
2.6990162858313935,292.5382768473538
2.698728246119011,292.49379029891475
2.6984402678794126,292.4493037504757
2.6981523510929213,292.40995826388456
2.6978644957398683,292.37353186429266
2.6975767018005934,292.3371054647007
2.697288969255445,292.3006790651088
2.6970012980847806,292.2642526655169
2.6967136882689635,292.22782626592493
2.6964261397883678,292.19139986633303
2.6961386526233753,292.1549734667411
2.695851226754376,292.11854706714917
2.695563862161768,292.0821206675572
2.6952765588259586,292.0456942679653
2.694989316727363,292.0092678683734
2.6947021358464043,291.9917883553391
2.6944150161635148,291.97693055199505
2.6941279576591337,291.96207274865094
2.6938409603137106,291.9472149453069
2.693554024107702,291.9323571419628
2.6932671490215725,291.9167966320672
2.6929803350357964,291.8653365526847
2.692693582130855,291.8138764733022
2.692406890287239,291.7624163939197
2.6921202594854465,291.7109563145372
2.691833689705984,291.65949623515473
2.691547180929366,291.60354338888607
2.6912607331361174,291.5371284654049
2.6909743463067683,291.4707135419238
2.6906880204218595,291.4072064055034
2.6904017554619393,291.3646544388827
2.6901155514075636,291.32210247226203
2.689829408239297,291.2795505056413
2.689543325937713,291.23699853902053
2.6892573044833927,291.1944465723998
2.6889713438569256,291.15189460577903
2.688685444038909,291.10934263915834
2.68839960500995,291.0667906725376
2.688113826750662,290.31068230797297
2.6878281092416683,290.27209217022414
2.6875424524635987,290.23350203247526
2.6872568563970924,290.1949118947264
2.686971321022797,290.1563217569775
2.6866858463213683,290.11773161922866
2.686400432273469,290.0791414814798
2.686115078859771,290.04055134373095
2.685829786060956,290.00196120598207
2.6855445538577105,289.508641208515
2.685259382230732,289.3373838455532
2.684974271160724,289.1661264825914
2.6846892206284005,289.0861119441024
2.6844042306144824,289.0465329477522
2.6841193010996993,289.006953951402
2.6838344320647876,288.9667586452764
2.6835496234904936,288.92638268520955
2.6832648753575716,288.8860067251427
2.6829801876467827,288.84563076507584
2.682695560338897,288.805254805009
2.6824109934146936,288.76487884494213
2.682126486854958,288.7245028848752
2.6818420406404853,288.68412692480837
2.681557654752078,288.64545264453864
2.681273329170548,288.61061199454343
2.680989063876713,288.57577134454823
2.6807048588514,288.5409306945529
2.6804207140754457,288.5060900445577
2.6801366295296924,288.4712493945625
2.6798526051949922,288.43640874456725
2.679568641052204,288.39886474084506
2.6792847370821966,288.34722110423
2.6790008932658447,288.295577467615
2.6787171095840336,288.24393383099994
2.678433386017654,288.1922901943849
2.678149722547607,288.14064655776986
2.6778661191548,288.0890029211548
2.6775825758201504,288.0373592845398
2.677299092524582,287.98571564792474
2.6770156692490272,287.9413741356801
2.676732305974427,287.9142099070158
2.67644900268173,287.8870456783514
2.6761657593518917,287.859881449687
2.6758825759658786,287.8327172210227
2.6755994525046622,287.8083288739439
2.6753163889492244,287.7886314024748
2.6750333852805532,287.7689339310057
2.6747504414796466,287.74923645953663
2.6744675575275085,287.7295389880675
2.674184733405153,287.69324716968526
2.6739019690936,287.6492777358527
2.673619264573879,287.60530830202015
2.673336619827028,287.5613388681876
2.6730540348340908,287.5135670219347
2.6727715095761213,287.45300405958005
2.6724890440341804,287.3924410972253
2.672206638189338,287.33187813487064
2.6719242920226702,287.27107404559393
2.6716420055152623,287.1877218268162
2.671359778648208,287.1043696080385
2.6710776114026085,287.0210173892608
2.670795503759572,286.9376651704831
2.6705134557002164,286.8543129517054
2.670231467205667,286.81531756553954
2.6699495382570557,286.7933917416672
2.6696676688355248,286.77146591779496
2.6693858589222224,286.74954009392263
2.669104108498306,286.72761427005025
2.66882241754494,286.705688446178
2.6685407860432977,286.68045254629135
2.6682592139745593,286.6517981334479
2.667977701319914,286.62314372060456
2.667696248060559,286.59448930776125
2.667414854177698,286.5392534221863
2.6671335196525434,286.4760868588801
2.666852244466316,286.41631456322517
2.6665710286002446,286.3593322466696
2.666289872035565,286.302349930114
2.6660087747535215,286.24536761355847
2.665727736735366,286.1883852970029
2.6654467579623593,286.1314029804473
2.665165838415769,286.07442066389183
2.66488497807687,286.0174383473362
2.664604176926947,285.9604560307806
2.664323434947291,285.9184734160421
2.6640427521192023,285.87996760232454
2.6637621284239876,285.84146178860703
2.663481563842962,285.80295597488947
2.6632010583574495,285.76445016117196
2.6629206119487803,285.7259443474544
2.662640224598293,285.68515590143255
2.662359896287335,285.6435628368597
2.66207962699726,285.60196977228685
2.6617994167094317,285.560376707714
2.6615192654052193,285.5187836431412
2.661239173066001,285.4771905785683
2.6609591396731633,285.44696189777756
2.6606791652080997,285.42758060512665
2.6603992496522113,285.40819931247586
2.660119392986908,285.3746274680524
2.6598395951936067,285.3358726229567
2.6595598562537326,285.2971177778609
2.6592801761487186,285.2583629327652
2.6590005548600057,285.2196080876695
2.6587209923690422,285.1808532425738
2.6584414886572842,285.13360213129897
2.6581620437061955,285.12076046686747
2.6578826574972485,285.10791880243596
2.657603330011923,285.0950771380045
2.657324061231706,285.08223547357306
2.6570448511380924,285.0693938091416
2.656765699712586,285.0565521447101
2.6564866069366975,285.0437104802786
2.656207572791945,285.03086881584716
2.655928597259855,285.00037102186207
2.655649680321962,284.95397339855305
2.655370821959807,284.9075757752441
2.6550920221549394,284.86117815193506
2.6548132808889178,284.8147805286261
2.6545345981433064,284.7683829053171
2.6542559738996787,284.7219852820081
2.653977408139614,284.67558765869916
2.6536989008447014,284.62919003539014
2.653420451996537,284.60037342942815
2.6531420615767245,284.5830570148558
2.652863729566875,284.56574060028345
2.6525854559486075,284.54842418571104
2.6523072407035495,284.5311077711387
2.6520290838133356,284.51379135656634
2.6517509852596075,284.4842426635755
2.6514729450240155,284.4302534293482
2.6511949630882174,284.37626419512105
2.650917039433878,284.32227496089376
2.6506391740426714,284.26660148730514
2.650361366896277,284.21076073012364
2.6500836179763847,284.1549199729422
2.6498059272646897,284.0990792157608
2.6495282947428955,284.04323845857937
2.6492507203927143,283.98739770139787
2.6489732041958645,283.9315569442164
2.648695746134073,283.875716187035
2.648418346189075,283.80800192490517
2.648141004342612,283.73283173789457
2.6478637205764333,283.6873034852717
2.647586494872297,283.68170976831726
2.6473093272119677,283.6834022161644
2.647032217577218,283.6850946640115
2.646755165949828,283.6867871118586
2.6464781723115856,283.6627377673815
2.646201236644287,283.61532506024616
2.6459243589297343,283.5679123531109
2.645647539149739,283.52049964597563
2.6453707772861197,283.47308693884037
2.6450940733207013,283.42567423170505
2.6448174272353184,283.3782615245698
2.6445408390118113,283.33084881743446
2.6442643086320294,283.28343611029925
2.643987836077829,283.2360234031639
2.6437114213310733,283.2002979399599
2.6434350643736346,283.1593319003131
2.6431587651873922,283.09788882002954
2.642882523754232,283.036445739746
2.642606340056049,282.97500265946246
2.642330214074744,282.9135595791789
2.6420541457922275,282.8521164988954
2.6417781351904157,282.8113696279255
2.6415021822512332,282.80610064556424
2.6412262869566123,282.79337415907975
2.6409504492884928,282.77160484726335
2.640674669228821,282.7498355354469
2.6403989467595523,282.72806622363055
2.6401232818626488,282.7062969118141
2.63984767452008,282.68452759999764
2.639572124713823,282.6627582881813
2.639296632425863,282.6357706846119
2.6390211976381925,282.59334858778476
2.6387458203328107,282.5509264909575
2.6384705004917257,282.50850439413045
2.638195238096952,282.4660822973033
2.6379200331305115,282.4236602004761
2.6376448855744346,282.3812381036489
2.637369795410758,282.33881600682173
2.637094762621528,282.27320294002266
2.6368197871887955,282.20430124656843
2.636544869094621,282.1233325721154
2.6362700083210715,282.03778434520717
2.635995204850222,281.95223611829897
2.6357204586641543,281.8666878913908
2.6354457697449587,281.8111664527025
2.6351711380747322,281.76531638008134
2.6348965636355794,281.7407136946134
2.6346220464096124,281.72874736445226
2.6343475863789507,281.7002889675125
2.634073183525722,281.67183057057275
2.6337988378320594,281.643372173633
2.633524549280106,281.61491377669336
2.6332503178520104,281.5864553797536
2.6329761435299295,281.55799698281385
2.632702026296028,281.5295385858741
2.632427966132477,281.50108018893434
2.632153963021456,281.47262179199464
2.6318800169451513,281.44416339505494
2.6316061278857563,281.4157049981152
2.631332295825473,281.38724660117543
2.63105852074651,281.3641091304454
2.6307848026310823,281.26704504716935
2.630511141461415,281.1196815916413
2.630237537219738,280.9723181361133
2.6299639898882905,280.8568907589156
2.6296904994493175,280.8447994734739
2.6294170658850717,280.8408866008332
2.6291436891778144,280.83697372819245
2.628870369309813,280.8330608555517
2.6285971062633426,280.829147982911
2.628323900020686,280.8252351102703
2.628050750564133,280.82132223762954
2.6277776578759813,280.8174093649888
2.627504621938535,280.8134964923481
2.627231642734106,280.79919733525054
2.626958720245014,280.7760030665031
2.626685854453586,280.75280879775573
2.6264130453421553,280.72961452900836
2.626140292893064,280.706420260261
2.6258675970886602,280.6806028744064
2.6255949579113005,280.64138233791437
2.6253223753433486,280.6021618014224
2.6250498493671737,280.5629412649304
2.6247773799651553,280.5237207284383
2.6245049671196776,280.48450019194627
2.624232610813134,280.4452341694295
2.6239603110279246,280.40422026134615
2.623688067746456,280.3752201399167
2.6234158809511436,280.3541937484122
2.623143750624408,280.33316735690767
2.6228716767486797,280.31214096540316
2.622599659306394,280.2911145738987
2.6223276982799955,280.2700881823942
2.622055793651935,280.2490617908897
2.62178394540467,280.2280353993852
2.621512153520667,280.2251704661755
2.6212404179823983,280.2272334177609
2.620968738772345,280.20565280323865
2.620697115872993,280.18304145632055
2.6204255492668374,280.16043010940245
2.6201540389363807,280.13781876248436
2.619882584864131,280.11520741556626
2.6196111870326058,280.09259606864816
2.6193398454243275,280.06998472173007
2.6190685600218284,280.04267195189504
2.618797330807645,279.9839204643149
2.6185261577643235,279.9205728531078
2.6182550408744167,279.85687771390656
2.6179839801204836,279.7931825747053
2.617712975485092,279.7294874355041
2.6174420269508154,279.6657922963029
2.6171711345002353,279.61085855309625
2.616900298115941,279.567740025882
2.616629517780528,279.5246214986679
2.616358793476599,279.4825425855862
2.6160881251867645,279.4596852199247
2.615817512893642,279.43682785426324
2.615546956579856,279.41397048860176
2.6152764562280386,279.3911131229403
2.6150060118208285,279.3682557572788
2.6147356233408723,279.3453983916173
2.6144652907708226,279.32254102595584
2.6141950140933403,279.2996836602944
2.6139247932910936,279.27682629463294
2.6136546283467568,279.2558296579425
2.6133845192430116,279.22568420664953
2.6131144659625485,279.1955387553566
2.6128444684880625,279.1653933040636
2.6125745268022578,279.1352478527707
2.612304640887845,279.1051024014778
2.6120348107275415,279.0408132631055
2.6117650363040723,278.9753226855462
2.61149531760017,278.90983210798686
2.6112256545985733,278.8443415304275
2.6109560472820283,278.7878972824392
2.610686495633289,278.7366373033077
2.6104169996351163,278.68537732417644
2.6101475592702768,278.634117345045
2.609878174521546,278.5828573659136
2.6096088453717052,278.5426087564714
2.6093395718035444,278.52079648714914
2.6090703537998587,278.4989842178268
2.6088011913434523,278.4771719485044
2.608532084417135,278.45535967918204
2.6082630330037238,278.4335474098597
2.607994037086044,278.4117351405374
2.6077250966469268,278.39894713694764
2.6074562116692106,278.3863202075626
2.6071873821357414,278.3736932781776
2.6069186080293725,278.36051890161036
2.606649889332963,278.3472581601204
2.60638122602938,278.3339974186305
2.606112618101498,278.30477167084285
2.6058440655321973,278.26444427627825
2.605575568304366,278.2241168817136
2.6053071264009007,278.18378948714894
2.6050387398047024,278.1434620925844
2.60477040849868,278.10313469801974
2.604502132465751,278.0628073034551
2.604233911688838,278.0224799088905
2.6039657461508714,277.9821525143259
2.6036976358347896,277.9594863441028
2.6034295807235353,277.94897850987024
2.6031615808000614,277.9384706756377
2.6028936360473254,277.92796284140513
2.6026257464482936,277.91745500717263
2.602357911985938,277.90694717294
2.602090132643238,277.89120721604775
2.601822408403181,277.8605761306178
2.6015547392487597,277.82994504518774
2.601287125162975,277.7993139597578
2.6010195661288336,277.7590500746117
2.600752062129351,277.7146443007492
2.600484613147548,277.6702385268868
2.600217219166454,277.6258327530244
2.599949880169104,277.5814269791619
2.5996825961385395,277.5370212052995
2.5994153670578117,277.508136431891
2.5991481929099756,277.48170137527114
2.5988810736780947,277.4552663186513
2.5986140093452397,277.4288312620314
2.5983469998944875,277.4023962054116
2.5980800453089223,277.36927822971563
2.597813145571636,277.3273475779548
2.597546300665726,277.28541692619405
2.5972795105742974,277.2434862744333
2.5970127752804624,277.19259594080745
2.5967460947673398,277.1220929716287
2.5964794690180555,277.05159000245
2.596212898015742,276.98108703327125
2.59594638174354,276.9105840640925
2.595679920184595,276.8443656392676
2.595413513322061,276.8045258973697
2.595147161139099,276.7821921785336
2.5948808636188754,276.75985845969757
2.594614620744565,276.73752474086155
2.5943484324993493,276.71519102202546
2.594082298866416,276.69285730318944
2.59381621982896,276.6705235843534
2.593550195370183,276.64818986551734
2.5932842254732953,276.6258561466814
2.5930183101215105,276.6035224278453
2.5927524492980525,276.5978262168022
2.59248664298615,276.59551065017087
2.59222089116904,276.5931950835395
2.5919551938299654,276.5908795169081
2.591689550952176,276.5885639502767
2.591423962518929,276.5862483836453
2.591158428513488,276.58393281701393
2.590892948919124,276.5816172503826
2.590627523719114,276.57930168375117
2.5903621528967427,276.57698611711976
2.590096836435301,276.54374701564427
2.589831574318087,276.5091919444075
2.5895663665284063,276.47463687317077
2.5893012130495694,276.44008180193396
2.5890361138648963,276.4001127622332
2.588771068957711,276.3474718388502
2.5885060783113465,276.2948309154672
2.5882411419091413,276.24218999208415
2.587976259734442,276.18954906870107
2.5877114317706007,276.13690814531805
2.5874466580009767,276.1112480202235
2.5871819384089374,276.0875983229024
2.5869172729778547,276.0639486255813
2.5866526616911094,276.0402989282602
2.5863881045320873,276.0166492309391
2.5861236014841826,275.992999533618
2.5858591525307952,275.96934983629683
2.585594757655332,275.9457001389758
2.585330416841208,275.9220504416546
2.585066130071843,275.89840074433357
2.5848018973306646,275.84656553269343
2.5845377186011067,275.78672732008897
2.58427359386661,275.72688910748457
2.5840095231106233,275.3801664254893
2.5837455063166006,274.56667509455065
2.583481543468003,274.5162473508568
2.5832176345482987,274.4658196071631
2.5829537795409623,274.4153918634693
2.582689978429476,274.36496411977555
2.5824262311973274,274.31453637608183
2.5821625378280113,274.2692263927638
2.58189889830503,274.22672354406717
2.5816353126118923,274.18422069537064
2.5813717807321126,274.14171784667406
2.581108302649213,274.0992149979774
2.5808448783467233,274.0567121492808
2.580581507808178,274.01420930058424
2.580318191017119,273.9717064518877
2.5800549279570957,273.92920360319107
2.5797917186116632,273.8867007544945
2.5795285629643843,273.84419790579784
2.5792654609988275,273.80169505710126
2.579002412698569,273.7674904889361
2.5787394180471908,273.73587324519156
2.578476477028282,273.7042560014471
2.578213589625439,273.6726387577026
2.5779507558222634,273.6410215139581
2.5776879756023643,273.60940427021364
2.5774252489493583,273.5778143229295
2.5771625758468675,273.54667433148256
2.5768999562785213,273.5155343400356
2.576637390227955,273.4843943485886
2.5763748776788122,273.45325435714165
2.5761124186147413,273.4221143656947
2.575850013019398,273.3909743742478
2.5755876608764448,273.3598343828008
2.5753253621695515,273.3286943913538
2.5750631168823936,273.29755439990686
2.574800924998654,273.1823977619573
2.574538786502021,273.15151697731505
2.5742767013761902,273.1206361926728
2.5740146696048654,273.08975540803056
2.5737526911717548,273.0588746233883
2.5734907660605737,273.02799383874606
2.5732288942550445,272.9971130541038
2.5729670757388967,272.9682740139429
2.572705310495865,272.94073724625696
2.5724435985096927,272.913200478571
2.572181939764128,272.88566371088507
2.5719203342429258,272.8581269431992
2.5716587819298486,272.8305901755132
2.5713972828086646,272.8030534078273
2.57113583686315,272.77551664014135
2.570874444077085,272.7479798724554
2.5706131044342593,272.72044310476946
2.5703518179184677,272.6929063370835
2.5700905845135114,272.6653695693976
2.569829404203199,272.44919165731017
2.569568276971344,272.38509359862775
2.569307202801769,272.32099553994533
2.569046181678302,272.2568974812629
2.568785213584776,272.1927994225805
2.5685242985050336,272.1287013638981
2.5682634364229218,272.06460330521566
2.5680026273222953,272.0005052465333
2.5677418711870135,271.9364071878509
2.5674811680009446,271.870967325848
2.567220517747962,271.8269317346238
2.5669599204119464,271.79742957353005
2.5666993759767847,271.7679274124363
2.56643888442637,271.73842525134256
2.5661784457446024,271.7089230902488
2.565918059915389,271.67942092915507
2.5656577269226424,271.6499187680613
2.565397446750282,271.6204166069675
2.565137219382234,271.59091444587375
2.564877044802431,271.5505884764559
2.5646169229948126,271.4960272470171
2.564356853943324,271.4414660175783
2.5640968376319173,271.38690478813953
2.563836874044552,271.34456925546215
2.563576963165192,271.31659911128173
2.5633171049778096,271.2886289671013
2.5630572994663834,271.26065882292085
2.562797546614897,271.2326886787404
2.562537846407343,271.2047185345599
2.562278198827718,271.1764022297017
2.5620186038600266,271.1479555058467
2.561759061488279,271.1195087819917
2.561499571696493,271.09106205813674
2.5612401344686915,271.0626153342817
2.5609807497889046,271.0220970213615
2.5607214176411692,270.96488524515325
2.560462138009528,270.90767346894506
2.5602029108780306,270.85046169273687
2.5599437362307333,270.79324991652857
2.559684614051698,270.7404240333876
2.559425544324993,270.6890030199056
2.5591665270346944,270.63758200642354
2.5589075621648836,270.5861609929415
2.5586486496996486,270.5347399794594
2.558389789623084,270.4656132813559
2.558130981919291,270.3783991769527
2.5578722265723774,270.2881023387097
2.5576135235664563,270.1978055004666
2.557354872885649,270.10750866222355
2.5570962745140813,270.0309297591133
2.556837728435887,269.9864129479135
2.5565792346352048,269.94189613671364
2.5563207930961815,269.89737932551384
2.5560624038029696,269.852862514314
2.5558040667397273,269.80834570311424
2.5555457818906206,269.77999086078626
2.55528754923982,269.75804340207094
2.555029368771504,269.7360959433556
2.5547712404698575,269.7141484846403
2.554513164319071,269.6921238463636
2.554255140303341,269.65912448009
2.553997168406872,269.62612511381644
2.5537392486138732,269.59312574754284
2.5534813809085617,269.56012638126924
2.55322356527516,269.5271270149957
2.5529658016978964,269.4952226190925
2.552708090161007,269.4662256576398
2.5524504306487334,269.43722869618716
2.552192823145324,269.4082317347345
2.551935267635033,269.37923477328184
2.5516777641021213,269.3502378118292
2.551420312530857,269.3212408503765
2.5511629129055122,269.29224388892385
2.5509055652103676,269.2632469274712
2.5506482694297095,269.233171827654
2.5503910255478304,269.17666739009405
2.5501338335490287,269.1201629525342
2.5498766934176107,269.06365851497424
2.5496196051378877,269.0071540774143
2.549362568694177,268.9506496398544
2.5491055840708037,268.8941452022945
2.5488486512520976,268.8376407647346
2.5485917702223957,268.683242779822
2.548334940966042,268.62907551656286
2.548078163467385,268.5950794307957
2.547821437710781,268.5781903561283
2.547564763680592,268.56130128146094
2.547308141361187,268.5444122067935
2.5470515707369397,268.52752313212613
2.5467950517922318,268.51063405745873
2.5465385845114503,268.4937449827913
2.546282168878989,268.4658721127793
2.546025804879248,268.419653861282
2.5457694924966328,268.3590392812474
2.545513231715556,268.29842470121287
2.545257022520437,268.2378101211783
2.5450008648957003,268.1771955411438
2.5447447588257766,268.1165809611092
2.5444887042951043,268.05596638107465
2.544232701288127,267.9953518010401
2.5439767497892944,267.93473722100555
2.5437208497830635,267.88111127739205
2.5434650012538955,267.8352595097786
2.5432092041862613,267.81824902000346
2.542953458564634,267.80123853022826
2.5426977643734956,267.78422804045306
2.542442121597334,267.76721755067786
2.542186530220642,267.75020706090265
2.541930990227921,267.73319657112745
2.5416755016036756,267.7161860813523
2.54142006433242,267.6991755915771
2.5411646783986717,267.68216510180196
2.5409093437869563,267.66515461202675
2.540654060481805,267.64814412225155
2.540398828467754,267.63113363247635
2.540143647729348,267.58841126540204
2.539888518251136,267.5264286659028
2.539633440017675,267.4644460664035
2.539378413013526,267.4024634669043
2.539123437223259,267.34048086740506
2.538868512631447,267.2792090815486
2.538613639222671,267.22784967783616
2.538358816981519,267.2040135613622
2.5381040458925828,267.1801774448882
2.537849325940463,267.1563413284142
2.5375946571097643,267.13250521194016
2.5373400393850987,267.1086690954662
2.537085472751084,267.08483297899215
2.5368309571923446,267.0609968625182
2.5365764926935097,267.03716074604415
2.536322079239217,267.01062062838014
2.536067716814108,266.93851218229594
2.5358134054028323,266.86640373621185
2.535559144990044,266.7942952901277
2.5353049355604047,266.72218684404356
2.5350507770985815,266.65007839795953
2.534796669589247,266.5828631194511
2.5345426130170816,266.5428482175799
2.5342886073667703,266.50329081494135
2.5340346526230046,266.4668823010421
2.5337807487704835,266.430473787143
2.53352689579391,266.3940652732439
2.5332730936779946,266.35765675934465
2.533019342407454,266.32124824544553
2.5327656419670097,266.2858070380277
2.532511992341391,266.2549214956217
2.5322583935153316,266.22403595321566
2.532004845473573,266.1931504108096
2.531751348200862,266.07090659719296
2.531497901681951,265.92427638681943
2.5312445059016,265.7776461764459
2.530991160844574,265.65173939869294
2.530737866495643,265.6170969794681
2.530484622839586,265.5824545602432
2.5302314298611854,265.54781214101837
2.529978287545231,265.49713820500176
2.5297251958765186,265.44314311903645
2.5294721548398496,265.38914803307114
2.529219164420032,265.33591556765583
2.5289662246018803,265.2845459818657
2.5287133353702136,265.23317639607563
2.5284604967098576,265.1818068102855
2.5282077086056454,265.1304372244954
2.5279549710424147,265.0790676387053
2.5277022840050094,265.0276980529151
2.52744964747828,264.97632846712503
2.527197061447083,264.9249588813349
2.526944525896281,264.8865071952857
2.5266920408107416,264.86878337855524
2.52643960617534,264.85105956182474
2.5261872219749564,264.83333574509436
2.5259348881944774,264.81561192836386
2.5256826048187957,264.7978881116335
2.52543037183281,264.78016429490305
2.5251781892214242,264.7624404781726
2.52492605696955,264.7313944550531
2.5246739750621043,264.6794188003343
2.524421943484009,264.6274431456155
2.524169962220193,264.53102345030464
2.523918031255591,264.41888325645493
2.5236661505751443,264.30674306260516
2.5234143201637997,264.19460286875545
2.5231625400065094,264.08246267490574
2.522910810088233,263.9703224810561
2.5226591303939343,263.8829097997727
2.522407500908585,263.8533540318555
2.5221559216171614,263.82379826393833
2.5219043925046467,263.7942424960212
2.5216529135560295,263.76468672810404
2.521401484756305,263.7351309601869
2.521150106090473,263.70557519226975
2.520898777543541,263.6760194243526
2.520647499100522,263.64646365643546
2.520396270746434,263.6169078885183
2.5201450924663016,263.58874749407016
2.519893964245156,263.546830983477
2.5196428860680338,263.49498277916416
2.519391857919977,263.44313457485134
2.5191408797860344,263.3912863705385
2.5188899516512615,263.3394381662257
2.518639073500717,263.2875899619129
2.518388245319468,263.23574175760007
2.5181374670925876,263.18389355328725
2.517886738805153,263.1320453489744
2.517636060442249,263.07860755910247
2.5173854319889655,262.997723440962
2.5171348534303988,262.9168393228216
2.516884324751651,262.8359552046811
2.5166338459378306,262.75507108654085
2.51638341697405,262.67418696840036
2.5161330378454303,262.59330285026
2.5158827085370965,262.5124187321195
2.5156324290341807,262.4576840955115
2.5153821993218206,262.405176469386
2.5151320193851596,262.3613019543427
2.514881889209347,262.3420955614499
2.5146318087795376,262.32288916855725
2.5143817780808937,262.30368277566447
2.5141317970985813,262.2844763827718
2.513881865817774,262.265269989879
2.5136319842236508,262.24606359698635
2.5133821523013964,262.22685720409356
2.5131323700362014,262.1997829672622
2.5128826374132625,262.1366938976935
2.512632954417782,262.0700921764966
2.512383321034968,261.9895780223528
2.5121337372500356,261.90906386820905
2.511884203048204,261.82854971406533
2.5116347184146997,261.74803555992156
2.5113852833347536,261.67996324248276
2.5111358977936047,261.63699629054474
2.510886561776496,261.58966213934866
2.510637275268677,261.53430003616717
2.5103880382554027,261.47893793298556
2.5101388507219347,261.423575829804
2.509889712653539,261.36821372662246
2.50964062403549,261.3128516234409
2.509391584853065,261.25748952025936
2.509142595091549,261.2021274170778
2.508893654736233,261.14676531389625
2.5086447637724123,261.09578542697994
2.508395922185389,261.05172151594877
2.5081471299604714,261.0433855076391
2.5078983870829727,261.03504949932943
2.507649693538213,261.0267134910198
2.5074010493115173,261.0183774827101
2.507152454388217,261.0100414744004
2.506903908753649,261.0017054660907
2.506655412393156,260.993369457781
2.506406965292086,260.98503344947136
2.5061585674357945,260.9580906511949
2.505910218809641,260.91851289179795
2.505661919398992,260.86608231743844
2.5054136691892186,260.81365174307905
2.5051654681656994,260.7612211687196
2.504917316313817,260.70879059436015
2.5046692136189614,260.65636002000076
2.5044211600665265,260.60392944564126
2.504173155641914,260.55149887128186
2.5039252003305297,260.49906829692236
2.5036772941177867,260.4754051584316
2.5034294369891024,260.45807758412485
2.503181628929901,260.4407500098181
2.502933869925613,260.4234224355114
2.5026861599616725,260.4060948612046
2.502438499023521,260.38876728689786
2.502190887096606,260.37143971259115
2.5019433241663793,260.35411213828445
2.5016958102183007,260.33678456397763
2.501448345237833,260.3194569896709
2.501200929210447,260.2739209647584
2.500953562121618,260.22197688238987
2.5007062439568286,260.1700328000213
2.5004589747015644,260.11666078205417
2.5002117543413194,260.06301845571386
2.4999645828615917,260.00937612937355
2.499717460247886,259.95573380303324
2.4994703864857124,259.90209147669293
2.4992233615605866,259.8484491503526
2.498976385458031,259.79480682401237
2.498729458163572,259.7489078971952
2.498482579662743,259.7173307295669
2.4982357499410823,259.68575356193867
2.497988968984135,259.6530524041403
2.497742236777451,259.6193109848482
2.4974955533065866,259.58556956555617
2.4972489185571027,259.55182814626403
2.497002332514567,259.518086726972
2.496755795164553,259.48434530768
2.4965093064926385,259.4506038883879
2.4962628664844084,259.3958386865262
2.4960164751254523,259.3409361541828
2.4957701324013666,259.28603362183935
2.4955238382977525,259.231131089496
2.495277592800217,259.1762285571525
2.4950313958943733,259.12132602480915
2.4947852475658396,259.06642349246573
2.49453914780024,259.0115209601223
2.4942930965832044,258.95661842777884
2.4940470939003685,258.9017158954354
2.4938011397373736,258.7155203841226
2.493555234079866,258.69494832627356
2.4933093769134986,258.6743762684245
2.4930635682239295,258.65380421057546
2.492817807996823,258.63323215272646
2.492572096217848,258.6126600948774
2.4923264328726793,258.59208803702836
2.492080817946998,258.5715159791793
2.4918352514264908,258.5509439213303
2.4915897332968493,258.53037186348126
2.491344263543772,258.5097998056322
2.4910988421529616,258.4735673107794
2.4908534691101267,258.43677976162405
2.4906081444009827,258.3999922124687
2.4903628680112493,258.36320466331335
2.4901176399266522,258.326417114158
2.489872460132924,258.28962956500266
2.4896273286158,258.2528420158473
2.4893822453610244,258.21605446669196
2.4891372103543445,258.17926691753667
2.4888922235815154,258.14042433704105
2.4886472850282955,258.09057786866805
2.4884023946804503,258.04073140029504
2.4881575525237505,257.9908849319221
2.4879127585439726,257.94103846354903
2.4876680127268984,257.89119199517603
2.4874233150583156,257.841345526803
2.487178665524018,257.7914990584301
2.4869340641098026,257.7467119939107
2.4866895108014746,257.7325656235906
2.4864450055848444,257.71841925327044
2.4862005484457264,257.7042728829503
2.4859561393699425,257.69012651263023
2.485711778343319,257.6759801423101
2.485467465351688,257.626748413512
2.485223200380888,257.5628057955468
2.4849789834167613,257.49886317758165
2.484734814445157,257.4349205596164
2.4844906934519297,257.3718632447526
2.4842466204229394,257.3100809294841
2.4840025953440517,257.248287715158
2.4837586182011377,257.18069452240127
2.4835146889800743,257.11310132964456
2.483270807666744,257.04550813688786
2.483026974247033,256.97791494413116
2.4827831887068363,256.737094340387
2.4825394510320518,256.7107757286775
2.482295761208584,256.68445711696796
2.482052119222343,256.6581385052585
2.4818085250592445,256.631819893549
2.481564978705209,256.6055012818395
2.481321480146163,256.57918267013
2.4810780293680392,256.5528640584206
2.4808346263567747,256.5265454467111
2.480591271098312,256.5002268350016
2.4803479635786,256.47390822329214
2.4801047037835935,256.44758961158266
2.479861491699251,256.4212709998732
2.4796183273115386,256.3949523881637
2.4793752106064266,255.77251379765255
2.479132141569891,255.68675220411518
2.4788891201879126,255.6009906105778
2.4786461464464797,255.51522901704044
2.4784032203315847,255.42946742350307
2.478160341829225,255.38953316665732
2.477917510925405,255.35715826306466
2.477674727606133,255.324783359472
2.4774319918574244,255.29240845587935
2.4771893036652988,255.26003355228676
2.4769466630157813,255.20838012025212
2.4767040698949034,255.14247383682226
2.476461524288701,255.0765675533924
2.476219026183217,255.0151633925276
2.4759765755644976,254.99083180936583
2.4757341724185964,254.96650022620406
2.475491816731572,254.94216864304224
2.475249508489487,254.91783705988047
2.4750072476784117,254.8935054767187
2.4747650342844207,254.86917389355688
2.4745228682935934,254.8448423103951
2.474280749692016,254.68566992141092
2.474038678465779,254.66049246885126
2.4737966546009793,254.6353150162916
2.4735546780837185,254.61013756373194
2.473312748900105,254.58496011117228
2.47307086703625,254.55978265861262
2.4728290324782725,254.53460520605296
2.472587245212296,254.5094277534933
2.4723455052244496,254.48425030093364
2.4721038125008676,254.45907284837398
2.4718621670276906,254.43389539581432
2.4716205687910633,254.4087179432547
2.4713790177771364,254.383540490695
2.4711375139720664,254.35836303813534
2.4708960573620145,254.3331855855757
2.470654647933148,254.30800813301605
2.470413285671639,254.28283068045636
2.4701719705636656,254.2576532278967
2.4699307025954105,254.23247577533704
2.469689481753063,254.2072983227774
2.4694483080228165,254.18212087021772
2.4692071813908707,254.1569434176581
2.46896610184343,254.12785515585412
2.4687250693667044,254.0964451424192
2.4684840839469104,254.04449317388506
2.468243145570268,253.9796582859569
2.468002254223004,253.91482339802877
2.4677614098913496,253.84998851010067
2.4675206125615423,253.78515362217252
2.467279862219824,253.72031873424442
2.4670391588524425,253.65548384631626
2.4667985024456516,253.5906489583881
2.4665578929857097,253.5297589509074
2.46631733045888,253.47801061085028
2.4660768148514323,253.4627870127691
2.465836346149641,253.4521715596992
2.465595924339786,253.44155610662932
2.465355549408153,253.43094065355945
2.4651152213410317,253.42032520048957
2.464874940124719,253.4097097474197
2.4646347057455156,253.39909429434982
2.4643945181897284,253.38847884127995
2.46415437744367,253.37213959246736
2.463914283493657,253.3391535184386
2.463674236326012,253.28449698896537
2.463434235927063,253.22014633013424
2.463194282283144,253.15579567130305
2.462954375380593,253.09144501247187
2.4627145152057546,253.0270943536407
2.462474701744977,252.96274369480952
2.462234934984616,252.89839303597836
2.4619952149110307,252.83404237714717
2.461755541510587,252.76969171831604
2.461515914769655,252.72095953117835
2.4612763346746105,252.6871550015829
2.4610368012118347,252.6555532990128
2.460797314367714,252.62622388992207
2.4605578741286407,252.59689448083134
2.460318480481011,252.5675650717406
2.460079133411228,252.53823566264987
2.4598398329056987,252.50603683249219
2.4596005789508366,252.46116282233297
2.4593613715330593,252.40586658763738
2.4591222106387907,252.3386496576914
2.458883096254459,252.27143272774543
2.4586440283664994,252.2122130494459
2.4584050069613506,252.16479851323874
2.4581660320254564,252.11738397703158
2.457927103545268,252.06996944082448
2.4576882215072398,252.02255490461732
2.4574493858978324,251.97514036841017
2.457210596703511,251.927725832203
2.4569718539107472,251.88031129599585
2.4567331575060165,251.8328967597887
2.456494507475801,251.7839651909303
2.4562559038065874,251.73200228968057
2.4560173464848667,251.6800393884308
2.455778835497137,251.62807648718103
2.4555403708299,251.57611358593124
2.4553019524696644,251.53522411562773
2.455063580402942,251.49696502476002
2.4548252546162517,251.4587059338923
2.4545869750961167,251.4204468430246
2.4543487418290653,251.38218775215688
2.4541105548016318,251.35044397877877
2.453872414000355,251.33041555441673
2.453634319411779,251.31038713005472
2.4533962710224535,251.2856075911297
2.453158268818933,251.26015788814232
2.452920312787778,251.2347081851549
2.4526824029155536,251.20925848216746
2.4524445391888303,251.18380877918008
2.4522067215941825,251.15835907619265
2.451968950118192,251.13290937320525
2.451731224747445,251.10745967021785
2.4514935454685323,251.06639912262605
2.4512559122680497,251.01652001567612
2.4510183251326,250.96664090872625
2.450780784048789,250.91676180177632
2.4505432890032295,250.86688269482642
2.450305839982538,250.8160393837294
2.450068436973337,250.75262702481598
2.4498310799622542,250.68921466590257
2.449593768935922,250.62580230698916
2.449356503880979,250.56238994807575
2.4491192847840675,250.4989775891623
2.4488821116318364,250.44442443571967
2.448644984410939,250.40111056009607
2.448407903108033,250.3577966844724
2.448170867709783,250.3144828088487
2.4479338782028575,250.27116893322506
2.4476969345739312,250.2278550576014
2.447460036809683,250.1929797450245
2.4472231848967967,250.18173871765507
2.446986378821963,250.17049769028563
2.4467496185718756,250.1592566629162
2.446512904133235,250.14801563554676
2.4462762354927463,250.13677460817732
2.4460396126371187,250.12553358080788
2.445803035553068,250.11429255343845
2.4455665042273154,250.103051526069
2.445330018646585,250.09181049869957
2.4450935787976085,250.08056947133014
2.444857184667122,250.06391040527492
2.4446208362418655,250.04145221841884
2.444384533508585,250.01899403156273
2.4441482764540328,249.99653584470664
2.4439120650649646,249.97407765785056
2.4436758993281416,249.95161947099444
2.4434397792303306,249.92916128413836
2.4432037047583033,249.90670309728227
2.442967675898837,249.88424491042616
2.442731692638713,249.86178672357008
2.442495754964718,249.839328536714
2.4422598628636445,249.79376521664665
2.4420240163222897,249.7304300714365
2.441788215327456,249.66709492622638
2.441552459865951,249.6065959789513
2.441316749924586,249.56747605726085
2.4410810854901808,249.52835613557048
2.440845466549556,249.48923621388002
2.4406098930895403,249.4501162921896
2.4403743650969663,249.41099637049916
2.440138882558672,249.37187644880873
2.4399034454615003,249.34792551516603
2.4396680537922997,249.34075327983703
2.4394327075379234,249.33358104450804
2.4391974066852287,249.32640880917904
2.4389621512210806,249.31923657385005
2.4387269411323453,249.30533802082425
2.438491776405898,249.2712186486806
2.4382566570286164,249.23709927653692
2.438021582987384,249.2029799043932
2.43778655426909,249.16886053224954
2.437551570860628,249.13474116010585
2.4373166327488964,249.10169085195395
2.437081739920799,249.0692589383548
2.4368468923632443,249.03682702475567
2.436612090063147,249.00439511115653
2.4363773330074254,248.9739331502005
2.4361426211830035,248.9485007741402
2.4359079545768108,248.92306839807986
2.4356733331757807,248.8976360220195
2.4354387569668523,248.87220364595916
2.4352042259369706,248.84677126989885
2.434969740073084,248.82133889383852
2.4347352993621465,248.78332451251447
2.4345009037911174,248.71687600250738
2.4342665533469607,248.65042749250028
2.4340322480166465,248.58397898249322
2.4337979877871483,248.53105619849086
2.4335637726454453,248.4783354171164
2.4333296025785223,248.4256146357419
2.4330954775733677,248.39742042617425
2.4328613976169766,248.3962651349899
2.4326273626963477,248.39510984380559
2.432393372798486,248.39395455262124
2.4321594279104,248.3927992614369
2.4319255280191046,248.39164397025257
2.4316916731116183,248.39048867906823
2.4314578631749666,248.10456314818867
2.4312240981961777,248.08864398769688
2.430990378162286,248.0565162330905
2.4307567030603305,248.02438847848407
2.430523072877356,247.99226072387768
2.430289487600412,247.96013296927129
2.4300559472165517,247.9280052146649
2.4298224517128353,247.8958774600585
2.4295890010763257,247.8637497054521
2.429355595294093,247.83162195084572
2.42912223435321,247.7994941962393
2.4288889182407574,247.7673664416329
2.428655646943818,247.73523868702648
2.4284224204494818,247.70539970632882
2.4281892387448414,247.6852212513752
2.427956101816996,247.66504279642157
2.4277230096530507,247.64486434146792
2.427489962240113,247.6246858865143
2.4272569595652964,247.60450743156065
2.4270240016157203,247.58432897660703
2.426791088378508,247.563560953071
2.4265582198407887,247.53987444978583
2.4263253959896947,247.51618794650068
2.4260926168123658,247.49250144321547
2.425859882295944,247.46881493993033
2.4256271924275783,247.4468508395173
2.425394547194422,247.43660176671844
2.425161946583633,247.4263526939196
2.4249293905823746,247.41610362112073
2.424696879177815,247.40585454832188
2.4244644123571266,247.390676269955
2.4242319901074874,247.3711149899636
2.4239996124160808,247.35155370997217
2.4237672792700935,247.33199242998074
2.4235349906567185,247.31243114998938
2.4233027465631536,247.29286986999796
2.4230705469766005,247.23361495586352
2.4228383918842673,247.1698494674244
2.4226062812733655,247.10608397898525
2.4223742151311134,247.04231849054617
2.422142193444732,246.97855300210705
2.4219102162014474,246.91814983087767
2.421678283388493,246.88272646731969
2.4214463949931053,246.8473031037617
2.421214551002525,246.83718657813205
2.420982751403999,246.83533074109727
2.4207509961847786,246.83347490406254
2.4205192853321202,246.83161906702776
2.4202876188332856,246.829763229993
2.420055996675539,246.82790739295825
2.4198244188461526,246.82605155592347
2.4195928853324014,246.82419571888872
2.419361396121567,246.82233988185396
2.4191299512009334,246.79625202257895
2.4188985505577922,246.7655220820468
2.418667194179439,246.73420805167746
2.418435882053172,246.70162521381027
2.418204614166297,246.6690423759431
2.4179733905061243,246.63645953807594
2.4177422110599682,246.60387670020876
2.4175110758151477,246.57129386234158
2.417279984758988,246.53871102447442
2.417048937878817,246.50612818660724
2.41681793516197,246.47729501821368
2.4165869765957857,246.4603235866106
2.4163560621676066,246.44335215500752
2.4161251918647824,246.4263807234044
2.415894365674666,246.39053869036553
2.4156635835846156,246.33574535544952
2.4154328455819947,246.2809520205335
2.4152021516541704,246.22615868561752
2.414971501788516,246.17136535070156
2.414740895972409,246.11657201578555
2.414510334193231,246.06177868086957
2.4142798164383694,246.02880857186918
2.4140493426952165,246.01291114952465
2.413818912951169,245.99701372718013
2.4135885271936286,245.9811163048356
2.4133581854100012,245.96200453053117
2.4131278875876983,245.9376721351671
2.4128976337141363,245.913339739803
2.4126674237767354,245.88900734443894
2.4124372577629214,245.86467494907487
2.4122071356601245,245.8403425537108
2.4119770574557804,245.8160101583467
2.4117470231373286,245.7904990816064
2.4115170326922137,245.7641497209159
2.411287086107887,245.73780036022538
2.4110571833718,245.70646875046742
2.410827324471414,245.6683058088003
2.4105975093941923,245.63014286713317
2.4103677381276034,245.5919799254661
2.410138010659121,245.55381698379895
2.4099083269762236,245.51565404213184
2.4096786870663935,245.47749110046473
2.409449090917119,245.4393281587976
2.4092195385158934,245.4011652171305
2.4089900298502127,245.36300227546343
2.4087605649075794,245.3248393337963
2.4085311436755004,245.28585678219207
2.408301766141488,245.24371749378707
2.408072432293057,245.20157820538208
2.40784314211773,245.15943891697708
2.407613895603033,245.11729962857208
2.4073846927364957,245.0751603401671
2.407155533505654,245.0330210517621
2.406926417898047,244.9908817633571
2.4066973459012213,244.94932199024117
2.406468317502725,244.9189674092711
2.4062393326901135,244.888612828301
2.406010391450945,244.85906149784194
2.405781493772784,244.85151646443327
2.4055526396431994,244.8439714310246
2.405323829049763,244.83642639761598
2.405095061980054,244.82888136420735
2.4048663384216553,244.82133633079872
2.4046376583621534,244.81379129739005
2.4044090217891414,244.8062462639814
2.4041804286902155,244.79870123057276
2.4039518790529777,244.79115619716413
2.4037233728650342,244.78361116375547
2.403494910113996,244.7746840032528
2.4032664907874786,244.72667516368676
2.403038114873103,244.66992238712191
2.4028097823584944,244.61316961055707
2.402581493231282,244.55641683399222
2.402353247479101,244.49966405742737
2.40212504508959,244.4429112808625
2.401896886050394,244.38615850429767
2.401668770349161,244.32940572773282
2.401440697973544,244.27265295116797
2.4012126689112017,244.21590017460312
2.400984683149796,244.1599803087428
2.400756740676995,244.1320581715975
2.400528841480471,244.10413603445218
2.4003009855479003,244.07621389730687
2.4000731728669646,244.04829176016153
2.3998454034253496,244.03522286779452
2.3996176772107463,244.02608271514825
2.3993899942108503,244.01585810111317
2.3991623544133613,243.99790657318434
2.3989347578059848,243.97995504525554
2.39870720437643,243.9620035173267
2.398479694112411,243.93713224854764
2.3982522270016466,243.90165861473116
2.3980248030318605,243.86618498091474
2.3977974221907803,243.83071134709826
2.3975700844661385,243.79523771328178
2.397342789845674,243.7597640794653
2.397115538317127,243.72429044564888
2.3968883298682453,243.6888168118324
2.3966611644867806,243.65334317801594
2.396434042160488,243.61786954419946
2.3962069628771285,243.582395910383
2.3959799266244675,243.54692227656653
2.3957529333902747,243.50327912477792
2.3955259831623246,243.46466417885512
2.3952990759283965,243.42604923293231
2.3950722116762746,243.38743428700954
2.3948453903937468,243.34881934108677
2.394618612068607,243.310204395164
2.3943918766886516,243.27158944924122
2.394165184241684,243.23297450331842
2.39393853471551,243.19435955739564
2.393711928097942,243.15574461147287
2.3934853643767964,243.11712966555007
2.3932588435398934,243.07851471962726
2.3930323655750585,243.03989977370452
2.392805930470122,243.00535152565186
2.392579538212918,242.99870876208
2.392353188791286,242.99206599850822
2.3921268821930695,242.98542323493638
2.3919006184061176,242.9787804713646
2.391674397418283,242.97213770779274
2.3914482192174225,242.96549494422092
2.391222083791399,242.9588521806491
2.39099599112808,242.9522094170773
2.3907699412153356,242.94556665350547
2.390543934041042,242.93532387869226
2.39031796959308,242.9242823523536
2.390092047859335,242.913240826015
2.389866168827696,242.9021992996764
2.389640332486058,242.89115777333777
2.3894145388223196,242.88011624699914
2.389188787824384,242.8184223400441
2.388963079480159,242.73842168710462
2.388737413777558,242.65842103416514
2.388511790704497,242.5784203812257
2.3882862102488986,242.51391187464912
2.388060672398689,242.4719408146155
2.3878351771417985,242.42996975458186
2.387609724466163,242.3879986945483
2.387384314359722,242.34602763451468
2.38715894681042,242.30405657448108
2.386933621806207,242.26208551444745
2.3867083393350352,242.2329191648621
2.386483099384863,242.22083776138965
2.386257901943654,242.20875635791725
2.386032746999375,242.19667495444483
2.3858076345399972,242.1845935509724
2.3855825645534976,242.1725121475
2.385357537027857,242.16043074402756
2.3851325519510596,242.14834934055511
2.384907609311097,242.13626793708272
2.3846827090959626,242.1241865336103
2.3844578512936554,242.11210513013788
2.3842330358921795,242.10002372666546
2.3840082628795423,242.08794232319303
2.383783532243757,242.0758609197206
2.38355884397284,242.0637795162482
2.3833341980548126,242.05169811277577
2.383109594477702,242.0290745931352
2.382885033229538,241.9862856786013
2.382660514298356,241.92723168833885
2.3824360376721954,241.82091824681726
2.3822116033391008,241.71460480529572
2.3819872112871203,241.6374835671972
2.381762861504307,241.56626923755135
2.381538553978719,241.07946047633175
2.3813142886984178,241.0733414174261
2.381090065651471,241.0672223585205
2.380865884825949,241.06110329961487
2.3806417462099274,241.05498424070925
2.3804176497914864,241.04886518180362
2.380193595558711,241.042746122898
2.37996958349969,241.03662706399237
2.3797456136025166,241.03050800508674
2.3795216858552894,241.02438894618112
2.3792978002461105,241.0182698872755
2.3790739567630874,241.01215082836987
2.378850155394331,241.00603176946424
2.3786263961279577,240.99991271055862
2.378402678952088,240.993793651653
2.378179003854846,240.9876745927474
2.377955370824362,240.98155553384174
2.377731779848769,240.97543647493612
2.377508230916206,240.9693174160305
2.377284724014815,240.9631983571249
2.3770612591327445,240.95707929821924
2.3768378362581446,240.95096023931362
2.3766144553791726,240.9416944066495
2.3763911164839886,240.46660329535933
2.376167819560757,240.36088812720607
2.3759445645976482,240.25517295905277
2.375721351582836,240.14945779089948
2.3754981805044983,240.04432177773708
2.375275051350818,240.01804249827688
2.375051964109983,239.9917632188167
2.3748289187701843,239.9654839393565
2.3746059153196177,239.9392046598963
2.3743829537464847,239.9129253804361
2.3741600340389892,239.8866461009759
2.3739371561853413,239.8603668215157
2.3737143201737547,239.8340875420555
2.373491525992448,239.8078082625953
2.373268773629643,239.7815289831351
2.3730460630735677,239.7552497036749
2.372823394312453,239.7289704242147
2.372600767334535,239.7026911447545
2.3723781821280543,239.6764118652943
2.3721556386812552,239.6492416872103
2.371933136982387,239.61973434171364
2.3717106770197036,239.59022699621693
2.371488258781463,239.56071965072027
2.371265882255927,239.53121230522362
2.371043547431363,239.50170495972694
2.370821254296042,239.47219761423025
2.3705990028382393,239.4426902687336
2.370376793046235,239.41318292323692
2.370154624908314,239.36741278565194
2.3699324984127643,239.32057936175494
2.36971041354788,239.27374593785788
2.3694883703019576,239.22691251396085
2.3692663686632995,239.18007909006383
2.3690444086202125,239.1196427689986
2.368822490161006,239.05905641243254
2.3686006132739963,238.99847005586645
2.3683787779475027,238.93788369930036
2.3681569841698487,238.87729734273427
2.3679352319293625,238.81671098616823
2.3677135212143767,238.7764603303529
2.367491852013228,238.73854435222043
2.3672702243142587,238.70062837408796
2.3670486381058136,238.66271239595548
2.3668270933762425,238.624796417823
2.3666055901139007,238.58774211877616
2.3663841283071463,238.57071145273818
2.366162707944343,238.55368078670023
2.3659413290138573,238.5366501206623
2.365719991504062,238.51961945462432
2.365498695403333,238.50258878858637
2.36527744070005,238.48887358366125
2.3650562273825995,238.47791050504816
2.3648350554393693,238.46694742643507
2.3646139248587534,238.45598434782198
2.3643928356291504,238.4450212692089
2.364171787738961,238.4340581905958
2.363950781176593,238.42309511198272
2.363729815930457,238.41213203336963
2.363508891988969,238.40116895475657
2.363288009340547,238.39020587614348
2.363067167973616,238.37924279753037
2.3628463678766036,238.36208126163086
2.3626256090379427,238.31501253314843
2.362404891446071,238.267943804666
2.362184215089428,238.22087507618355
2.3619635799564604,238.12048975526778
2.3617429860356176,237.95940938087185
2.361522433315354,237.7983290064759
2.361301921784128,237.6464948939252
2.361081451430402,237.64227689153623
2.360861022242644,237.63996959315557
2.3606406342093242,237.63766229477494
2.360420287318919,237.6353549963943
2.360199981559908,237.63304769801366
2.359979716920776,237.630740399633
2.359759493390011,237.62843310125237
2.3595393109561065,237.6261258028717
2.3593191696075593,237.62381850449108
2.359099069332871,237.62151120611043
2.3588790101205475,237.6192039077298
2.3586589919590986,237.6039738036307
2.3584390148370384,237.55802259243677
2.358219078742886,237.511105083985
2.3579991836651644,237.46418757553323
2.3577793295924,237.41727006708143
2.357559516513125,237.37035255862963
2.3573397444158752,237.32343505017786
2.3571200132891903,237.2765175417261
2.3569003231216143,237.22960003327432
2.356680673901696,237.18268252482255
2.3564610656179887,237.13576501637078
2.356241498259049,237.08850869322868
2.3560219718134383,237.03907163120004
2.3558024862697224,237.00302558298745
2.355583041616471,236.96830131109752
2.355363637842258,236.9335770392076
2.355144274935663,236.8988527673177
2.3549249528852667,236.86412849542774
2.3547056716796573,236.82940422353778
2.354486431307426,236.79467995164788
2.3542672317571673,236.75995567975792
2.354048073017482,236.725231407868
2.3538289550769735,236.69050713597807
2.35360987792425,236.6553878021539
2.353390841547923,236.61446563674758
2.35317184593661,236.57354347134122
2.352952891078932,236.5326213059349
2.352733976963514,236.49850613661312
2.352515103578985,236.47110076842344
2.3522962709139783,236.44369540023376
2.352077478957132,236.41629003204412
2.351858727697089,236.3888846638544
2.351640017122494,236.36147929566476
2.351421347221998,236.33407392747506
2.351202717984256,236.30622706838483
2.3509841293979266,236.23198542134253
2.350765581451673,236.1534566465084
2.3505470741341625,236.07492787167428
2.3503286074340672,235.99639909684015
2.350110181340062,235.91787032200602
2.349891795840827,235.8393415471719
2.3496734509250468,235.76081277233774
2.349455146581409,235.69044950212862
2.349236882798607,235.6516092585896
2.3490186595653375,235.61276901505056
2.348800476870301,235.57392877151153
2.348582334702203,235.53508852797248
2.348364233049753,235.49624828443348
2.348146171901664,235.45740804089445
2.347928151246654,235.41856779735542
2.3477101710734454,235.38262149512326
2.347492231370764,235.34819168341718
2.3472743321273395,235.31376187171108
2.3470564733319073,235.279332060005
2.3468386549732063,235.24762605036824
2.346620877039978,235.21853288212412
2.346403139520971,235.18943971387995
2.3461854424049355,235.16034654563578
2.345967785680627,235.1312533773916
2.3457501693368057,235.10216020914743
2.3455325933622344,235.07306704090325
2.345315057745682,235.04771532190662
2.3450975624759196,235.03437281958054
2.3448801075417243,235.02103031725449
2.344662692931876,235.0076878149284
2.344445318635159,234.99434531260232
2.3442279846403626,234.98100281027624
2.3440106909362797,234.96766030795015
2.3437934375117067,234.9543178056241
2.343576224355445,234.940975303298
2.343359051456301,234.92763280097194
2.3431419188030826,234.91429029864585
2.342924826384604,234.90094779631977
2.3427077741896833,234.88760529399372
2.342490762207142,234.8742627916676
2.342273790425806,234.86092028934155
2.3420568588345065,234.84757778701547
2.341839967422077,234.83423528468938
2.341623116177356,234.8208927823633
2.3414063050891865,234.80755028003725
2.341189534146415,234.782333320043
2.340972803337892,234.72148236226724
2.340756112652473,234.66063140449145
2.340539462079017,234.2844879726158
2.340322851606387,234.22570325815138
2.340106281223451,234.16691854368696
2.33988975091908,234.10813382922265
2.3396732606821495,234.04934911475823
2.3394568105015394,234.00897631783312
2.339240400366134,234.00126958050157
2.33902403026482,233.98652885222123
2.3388077001864906,233.96267109715416
2.338591410120042,233.93881334208714
2.3383751600543734,233.9149555870201
2.3381589499783906,233.89109783195306
2.337942779881001,233.86724007688605
2.3377266497511178,233.843382321819
2.337510559577657,233.81952456675197
2.33729450934954,233.79566681168495
2.3370784990556914,233.77180905661788
2.3368625286850406,233.7323405617291
2.3366465982265203,233.68097086102313
2.336430707669068,233.62960116031718
2.336214857001624,233.57823145961117
2.3359990462131344,233.5268617589052
2.335783275292549,233.4763689766459
2.33556754422882,233.42808675486089
2.3353518530109065,233.37980453307586
2.335136201627769,233.33152231129083
2.3349205900683736,233.2832400895058
2.3347050183216904,233.23495786772077
2.334489486376693,233.1866756459358
2.3342739942223596,233.13300674215935
2.334058541847672,233.07884658751908
2.333843129241616,233.02935723480425
2.333627756393182,232.9842316911975
2.3334124232913647,232.93910614759073
2.333197129925162,232.893980603984
2.332981876283576,232.84885506037728
2.3327666623556134,232.80372951677055
2.3325514881302847,232.7586039731638
2.3323363535966037,232.73692472863516
2.33212125874359,232.72635953652048
2.3319062035602656,232.71579434440582
2.3316911880356574,232.70522915229117
2.331476212158796,232.6871438855028
2.3312612759187163,232.66469593509504
2.331046379304457,232.64224798468723
2.330831522305061,232.61980003427945
2.3306167049095743,232.59735208387167
2.330401927107049,232.5749041334639
2.33018718888654,232.5524561830561
2.3299724902371057,232.5300082326483
2.329757831147809,232.4693756683444
2.329543211607718,232.39745160695165
2.329328631605903,232.32552754555883
2.3291140911314385,232.25360348416598
2.3288995901734046,232.18167942277313
2.3286851287208843,232.1097553613803
2.3284707067629644,232.0378312999875
2.3282563242887364,231.97103627223203
2.3280419812872952,231.94517695510052
2.3278276777477407,231.9295761742157
2.3276134136591753,231.9139753933309
2.327399189010707,231.89837461244605
2.327185003791446,231.88277383156122
2.3269708579905086,231.8671730506764
2.3267567515970136,231.85157226979157
2.326542684600084,231.83597148890675
2.326328656988848,231.8203707080219
2.326114668752436,231.8047699271371
2.325900719879984,231.78916914625228
2.3256868103606303,231.77664330397465
2.325472940183519,231.76864233084052
2.325259109337797,231.76064135770633
2.3250453178126156,231.75264038457215
2.32483156559713,231.74463941143802
2.3246178526804995,231.73663843830383
2.3244041790518875,231.72863746516967
2.324190544700461,231.7206364920355
2.3239769496153913,231.70719878728406
2.323763393785853,231.674965758454
2.323549877201026,231.64273272962393
2.323336399850093,231.61049970079387
2.323122961722241,231.57382797737205
2.3229095628066614,231.5341797018936
2.3226962030925495,231.49453142641525
2.3224828825691035,231.45488315093684
2.3222696012255266,231.41523487545845
2.322056359051026,231.37558659998
2.321843156034813,231.33593832450163
2.3216299921661014,231.2962900490232
2.3214168674341105,231.2511135024253
2.3212037818280638,231.20438020436734
2.320990735337187,231.15764690630942
2.3207777279507114,231.11091360825148
2.3205647596578713,231.06418031019354
2.320351830447905,231.0174470121356
2.320138940310056,230.97071371407765
2.3199260892335705,230.9239804160197
2.3197132772076983,230.87724711796176
2.3195005042216943,230.83051381990379
2.319287770264817,230.78378052184587
2.319075075326328,230.73704722378793
2.3188624193954945,230.6919715167596
2.3186498024615854,230.65018098040855
2.318437224513876,230.6083904440575
2.3182246855416433,230.56659990770643
2.3180121855341698,230.52746168030998
2.317799724480741,230.49991990476747
2.3175873023706473,230.47237812922495
2.3173749191931825,230.44483635368243
2.3171625749376434,230.41729457813994
2.316950269593332,230.38975280259743
2.3167380031495535,230.3622110270549
2.316525775595618,230.3346692515124
2.316313586920838,230.30712747596988
2.3161014371145314,230.29976168083482
2.3158893261660194,230.2935788864388
2.3156772540646267,230.2873960920428
2.315465220799682,230.2607927672545
2.315253226360519,230.2228240800875
2.315041270736474,230.1848553929205
2.3148293539168874,230.1468867057535
2.3146174758911044,230.10891801858648
2.314405636648473,230.07094933141946
2.314193836178346,230.03298064425246
2.3139820744700796,229.99501195708552
2.313770351513034,229.9570432699185
2.313558667296573,229.91907458275148
2.313347021810065,229.88110589558448
2.3131354150428813,229.83959050734535
2.3129238469843987,229.79780348595824
2.3127123176239954,229.75601646457113
2.312500826951056,229.71422944318408
2.312289374954968,229.67244242179697
2.3120779616251217,229.63065540040986
2.311866586950913,229.58886837902276
2.3116552509217407,229.54708135763562
2.3114439535270077,229.37654615815848
2.3112326947561215,229.35943495076162
2.3110214745984914,229.34258799962413
2.3108102930435335,229.32574104848658
2.310599150080665,229.3088940973491
2.310388045699309,229.2920471462116
2.3101769798888907,229.2752001950741
2.309965952638841,229.2583532439366
2.3097549639385933,229.24150629279907
2.3095440137775856,229.22465934166158
2.3093331021452594,229.20781239052405
2.3091222290310602,229.19096543938656
2.308911394424437,229.16706666442553
2.308700598314843,229.12239439439216
2.308489840691735,229.0777221243588
2.308279121544575,229.03304985432538
2.3080684408628263,228.988377584292
2.307857798635958,228.94370531425864
2.307647194853443,228.89903304422526
2.307436629504757,228.8543607741919
2.30722610257938,228.80968850415854
2.307015614066796,228.76501623412517
2.3068051639564926,228.7203439640918
2.3065947522379617,228.67567169405842
2.306384378900699,228.53786602362197
2.3061740439342024,228.52100556756972
2.3059637473279766,228.50414511151752
2.305753489071528,228.48728465546526
2.305543269154367,228.47042419941303
2.305333087566008,228.4535637433608
2.3051229442959698,228.31243531178438
2.3049128393337743,228.2913789475304
2.304702772668948,228.27032258327648
2.3044927442910206,228.24926621902256
2.304282754189525,228.22820985476864
2.304072802354,228.20715349051468
2.303862888773986,228.18609712626073
2.3036530134390283,228.1650407620068
2.303443176338676,228.1439843977529
2.303233377462481,228.12292803349897
2.3030236168000005,228.101871669245
2.3028138943407948,228.08081530499106
2.302604210074428,228.04802016348577
2.3023945639904686,228.0131204024846
2.302184956078487,227.9782206414834
2.30197538632806,227.94332088048225
2.3017658547287656,227.90842111948103
2.301556361270188,227.87352135847988
2.301346905941914,227.81751020291784
2.301137488733534,227.74019940868175
2.300928109634642,227.66288861444565
2.3007187686348374,227.58557782020955
2.3005094657237217,227.50826702597357
2.3003002008909004,227.43095623173747
2.3000909741259834,227.35960390019443
2.2998817854185845,227.35219802639995
2.2996726347583203,227.3599991176416
2.2994635221348116,227.36780020888324
2.2992544475376837,227.37560130012486
2.2990454109565657,227.38340239136647
2.298836412381088,227.39120348260812
2.298627451800888,227.38025417955384
2.2984185292056054,227.35006874484148
2.298209644584883,227.31988331012911
2.2980007979283696,227.28969787541672
2.297791989225715,227.25951244070436
2.297583218466574,227.229327005992
2.2973744856406064,227.1991415712796
2.297165790737474,227.1455922758084
2.2969571337468424,227.0908457588048
2.296748514658382,227.0360992418012
2.2965399334617667,226.98135272479757
2.2963313901466735,226.92660620779395
2.2961228847027835,226.8852587489198
2.2959144171197816,226.85203047965766
2.2957059873873567,226.81880221039557
2.295497595495201,226.7855739411334
2.2952892414330104,226.75234567187127
2.2950809251904856,226.71911740260913
2.294872646757329,226.685889133347
2.294664406123249,226.6528586406317
2.294456203277956,226.6224669870516
2.294248038211165,226.5920753334715
2.294039910912595,226.56168367989142
2.2938318213719677,226.53129202631135
2.293623769579009,226.50090037273125
2.293415755523449,226.4668834840553
2.293207779195021,226.430821918513
2.292999840583463,226.3947603529707
2.2927919396785144,226.35869878742844
2.2925840764699204,226.32263722188614
2.29237625094743,226.28657565634387
2.292168463100795,226.25779629859073
2.29196071291977,226.23744282839198
2.291753000394116,226.21708935819325
2.2915453255135954,226.1967358879945
2.2913376882679755,226.17638241779574
2.2911300886470265,226.15596232793814
2.290922526640523,226.13498523376853
2.290715002238243,226.11400813959892
2.2905075154299683,226.0930310454293
2.2903000662054844,226.0720539512597
2.29009265455458,226.0510768570901
2.289885280467048,226.0300997629205
2.289677943932686,225.99882674013503
2.2894706449412925,225.95834034605815
2.2892633834826728,225.9178539519813
2.289056159546634,225.87736755790448
2.2888489731229873,225.83688116382763
2.2886418242015476,225.79639476975075
2.288434712772134,225.75590837567387
2.288227638824568,225.71542198159705
2.2880206023486767,225.67493558752017
2.2878136033342895,225.6344491934433
2.2876066417712395,225.59396279936644
2.2873997176493637,225.55347640528956
2.287192830958504,225.51299001121276
2.2869859816885034,225.47250361713589
2.2867791698292104,225.4363808926217
2.2865723953704773,225.40907559011052
2.286365658302159,225.3849781081082
2.2861589586141147,225.36094204622424
2.2859522962962076,225.33690598434023
2.285745671338304,225.31286992245626
2.2855390837302734,225.28883386057225
2.2853325334619905,225.26479779868828
2.285126020523332,225.24076173680427
2.284919544904179,225.21672567492027
2.2847131065944173,225.19268961303626
2.284506705583934,225.16865355115226
2.2843003418626218,225.14461748926828
2.284094015420376,225.12058142738428
2.283887726247097,225.10053408327946
2.283681474332687,225.08517213050112
2.2834752596670524,225.0698101777228
2.283269082240104,225.05444822494442
2.2830629420417554,225.03908627216606
2.2828568390619246,225.02372431938772
2.282650773290533,225.0083623666094
2.2824447447175045,224.99300041383106
2.2822387533327686,224.9776384610527
2.282032799126257,224.96227650827436
2.281826882087905,224.946914555496
2.281621002207653,224.93155260271766
2.2814151594754435,224.91619064993932
2.281209353881223,224.88991106880604
2.281003585414942,224.86052148118316
2.280797854066555,224.83113189356027
2.2805921598260186,224.80174230593735
2.2803865026832946,224.7723527183145
2.2801808826283474,224.74296313069158
2.2799752996511455,224.7109922704469
2.279769753741661,224.67833049496852
2.2795642448898694,224.64566871949017
2.2793587730857503,224.61300694401186
2.279153338319287,224.58034516853354
2.2789479405804642,224.5476833930552
2.2787425798592733,224.51502161757685
2.2785372561457082,224.49166897676798
2.2783319694297655,224.47780516640105
2.2781267197014468,224.46394135603413
2.2779215069507557,224.45007754566723
2.277716331167701,224.43621373530033
2.2775111923422946,223.835194312652
2.2773060904645512,223.82465105987004
2.27710102552449,223.81410780708808
2.2768959975121335,223.80356455430615
2.2766910064175074,223.7930213015242
2.276486052230642,223.78247804874223
2.2762811349415704,223.7719347959603
2.276076254540329,223.76139154317835
2.275871411016959,223.7508482903964
2.2756666043615037,223.74030503761446
2.275461834564011,223.72976178483248
2.2752571016145327,223.71921853205055
2.2750524055031227,223.7086752792686
2.2748477462198395,223.20037303501113
2.2746431237547458,223.1902416813664
2.2744385380979057,223.18011032772165
2.2742339892393897,223.1699789740769
2.27402947716927,223.1598476204322
2.2738250018776225,223.14971626678746
2.2736205633545272,223.13958491314276
2.273416161590067,223.12945355949802
2.27321179657433,223.11932220585328
2.2730074682974055,223.10919085220854
2.2728031767493886,223.0990594985638
2.272598921920376,223.08892814491907
2.2723947038004693,223.07879679127436
2.272190522379773,223.06866543762962
2.2719863776483957,223.05745863923653
2.2717822695964487,223.0376185072261
2.271578198214048,223.01075798053222
2.2713741634913127,222.98389745383838
2.2711701654183645,222.9570369271445
2.27096620398533,222.93017640045062
2.270762279182339,222.90331587375675
2.270558390999524,222.8764553470629
2.270354539427022,222.84959482036902
2.270150724454973,222.82273429367513
2.2699469460735213,222.79587376698126
2.269743204272814,222.7690132402874
2.2695394990430016,222.74215271359353
2.2693358303742386,222.70976053567193
2.2691321982566834,222.66812397349895
2.2689286026804965,222.626487411326
2.2687250436358437,222.584850849153
2.268521521112893,222.54321428698003
2.268318035101817,222.50157772480708
2.2681145855927904,222.4599411626341
2.2679111725759933,222.4183046004611
2.2677077960416074,222.37666803828813
2.26750445597982,222.3350314761152
2.267301152380819,222.29339491394222
2.267097885234799,222.25175835176924
2.266894654531956,222.21654672820262
2.26669146026249,222.19449280137087
2.2664883024166054,222.17243887453913
2.266285180984509,222.15038494770738
2.266082095956412,222.12798410590526
2.265879047322528,222.10152254422064
2.2656760350730747,222.07506098253606
2.265473059198274,222.04859942085147
2.26527011968835,222.02213785916686
2.2650672165335313,221.99059910871483
2.26486434972405,221.9572121450727
2.2646615192501405,221.9238251814306
2.264458725102042,221.89174372242792
2.2642559672699973,221.86720200570642
2.2640532457442513,221.84266028898486
2.263850560515053,221.8181185722633
2.263647911572656,221.79357685554174
2.263445298907316,221.76903513882021
2.2632427225092933,221.74449342209866
2.2630401823688504,221.71995170537713
2.2628376784762545,221.6954099886556
2.2626352108217755,221.67086827193404
2.2624327793956867,221.6463265552125
2.262230384188266,221.62178483849095
2.262028025189793,221.5972431217694
2.2618257023905524,221.57270140504787
2.261623415780832,221.5481596883263
2.2614211653509226,221.50578684006493
2.2612189510911183,221.45861850091006
2.261016772991718,221.41145016175523
2.2608146310430217,221.3642818226004
2.2606125252353357,221.31711348344555
2.2604104555589677,221.26994514429072
2.2602084220042293,220.86794617451923
2.2600064245614364,220.83078140790826
2.2598044632209078,220.80574346996352
2.2596025379729654,220.80518838844216
2.259400648807935,220.80463330692083
2.2591987957161455,220.8040782253995
2.2589969786879296,220.80352314387818
2.2587951977136234,220.80296806235683
2.2585934527835665,220.8024129808355
2.258391743888102,220.80185789931414
2.2581900710175757,220.80130281779282
2.257988434162338,220.8007477362715
2.2577868333127427,220.80019265475016
2.2575852684591453,220.79963757322884
2.2573837395919067,220.7990824917075
2.2571822467013902,220.7856265595879
2.2569807897779635,220.75976674839484
2.2567793688119964,220.71417726855998
2.2565779837938633,220.6582876710823
2.2563766347139413,220.60239807360466
2.2561753215626115,220.54650847612703
2.255974044330258,220.49061887864934
2.255772803007268,220.43472928117168
2.2555715975840336,220.37883968369403
2.2553704280509486,220.32295008621637
2.2551692943984114,220.26706048873868
2.2549681966168227,220.21117089126102
2.254767134696588,220.15528129378336
2.2545661086281155,220.1138150650802
2.2543651184018167,220.07734109152995
2.254164164008106,220.05730155330338
2.253963245437403,220.0372620150768
2.253762362680129,220.01722247685024
2.2535615157267097,219.99718293862367
2.2533607045675734,219.9771434003971
2.2531599291931528,219.95710386217053
2.2529591895938825,219.93706432394396
2.2527584857602023,219.9170247857174
2.252557817682554,219.89698524749082
2.252357185351384,219.87694570926425
2.252156588757141,219.85690617103768
2.2519560278902775,219.83827702730414
2.25175550274125,219.82836159065806
2.2515550133005178,219.818446154012
2.2513545595585436,219.80853071736595
2.251154141505793,219.7930507420752
2.2509537591327358,219.77585529918758
2.2507534124298454,219.75865985630003
2.250553101387598,219.74146441341242
2.2503528259964733,219.72426897052483
2.2501525862469545,219.70707352763725
2.249952382129528,219.68987808474967
2.2497522136346833,219.67268264186208
2.2495520807529146,219.64984255789278
2.2493519834747175,219.62643023117604
2.249151921790593,219.6030179044593
2.248951895691044,219.57960557774254
2.248751905166577,219.5561932510258
2.2485519502077036,219.53278092430907
2.2483520308049356,219.5093685975923
2.2481521469487915,219.4859562708756
2.2479522986297904,219.4397525795764
2.2477524858384563,219.39223308137565
2.2475527085653164,219.34471358317492
2.247352966800901,219.2971940849742
2.247153260535744,219.24967458677344
2.2469535897603823,219.2021550885727
2.246753954465357,219.15463559037204
2.2465543546412112,219.10711609217128
2.2463547902784926,219.06654572040935
2.246155261367752,219.03342999935342
2.245955767899542,219.00031427829754
2.2457563098644218,218.96719855724163
2.2455568872529508,218.94298013851147
2.245357500055693,218.93494042657676
2.245158148263217,218.9269007146421
2.244958831866092,218.9188610027074
2.244759550854893,218.91082129077273
2.2445603052201966,218.90278157883802
2.2443610949525845,218.89474186690336
2.24416192004264,218.88670215496865
2.2439627804809508,218.87536048715907
2.2437636762581077,218.85546000525312
2.243564607364705,218.81797416413286
2.2433655737913396,218.77979803101124
2.2431665755286128,218.74162189788967
2.2429676125671287,218.70344576476808
2.2427686848974946,218.66526963164648
2.242569792510321,218.62709349852489
2.2423709353962225,218.5889173654033
2.2421721135458164,218.55074123228172
2.241973326949723,218.51256509916013
2.2417745755985674,218.47438896603856
2.241575859482976,218.43621283291696
2.2413771785935803,218.39803669979537
2.2411785329210137,218.3391790692021
2.240979922455914,218.27077968520877
2.240781347188922,218.2023803012155
2.2405828071106817,217.83593316958977
2.24038430221184,217.77769688104672
2.240185832483048,217.71946059250362
2.2399873979149594,217.66122430396055
2.2397889984982315,217.60298801541748
2.239590634223525,217.5849100527642
2.2393923050815037,217.57967683022835
2.2391940110628346,217.57444360769253
2.2389957521581887,217.56921038515668
2.2387975283582393,217.56397716262086
2.2385993396536645,217.55874394008504
2.2384011860351434,217.55351071754922
2.23820306749336,217.54827749501337
2.2380049840190024,217.53126500903923
2.2378069356027597,217.50462504516088
2.2376089222353257,217.47798508128255
2.2374109439073977,217.45134511740423
2.2372130006096755,217.4247051535259
2.237015092332863,217.39806518964758
2.2368172190676665,217.37142522576923
2.2366193808047963,217.34478526189088
2.2364215775349656,217.3180777836247
2.2362238092488913,217.26175244689261
2.236026075937293,217.20542711016049
2.2358283775908943,217.14910177342838
2.2356307142004215,217.09277643669628
2.235433085756604,217.0364510999642
2.235235492250175,216.98012576323208
2.235037933671871,216.92380042649998
2.2348404100124317,216.86747508976788
2.234642921262599,216.82120652054908
2.2344454674131207,216.78191696193892
2.2342480484547447,216.74262740332873
2.2340506643782243,216.70333784471856
2.2338533151743154,216.66404828610837
2.233656000833777,216.63349233796947
2.2334587213473713,216.61569900267142
2.233261476705865,216.5979056673733
2.2330642669000262,216.58011233207526
2.2328670919206277,216.56231899677715
2.2326699517584445,216.54452566147904
2.2324728464042556,216.526732326181
2.2322757758488434,216.50893899088288
2.2320787400829927,216.4899885523571
2.2318817390974917,216.46830907034666
2.231684772883133,216.44662958833624
2.2314878414307113,216.42495010632587
2.2312909447310245,216.40290374593602
2.2310940827748746,216.37886795588733
2.2308972555530664,216.35483216583867
2.2307004630564076,216.33079637579
2.2305037052757095,216.3067605857413
2.2303069822017867,216.28272479569262
2.2301102938254567,216.25868900564393
2.229913640137541,216.23465321559524
2.2297170211288635,216.20755369147173
2.2295204367902515,216.1693155877068
2.229323887112536,216.13107748394185
2.229127372086551,216.092839380177
2.228930891703133,216.05417711098494
2.228734445953123,216.00917286337034
2.2285380348273645,215.96416861575577
2.228341658316704,215.9191643681412
2.228145316411992,215.8741601205266
2.227949009104082,215.82915587291203
2.22775273638383,215.78415162529748
2.2275564982420955,215.7391473776829
2.227360294669742,215.69707835745885
2.2271641256576356,215.67113703649852
2.2269679911966453,215.6451957155382
2.226771891277644,215.61925439457787
2.2265758258915076,215.59331307361754
2.226379795029115,215.5673717526572
2.226183798681349,215.54143043169688
2.225987836839094,215.51548911073655
2.2257919094932395,215.48954778977622
2.2255960166346767,215.4636064688159
2.2254001582543013,215.43766514785557
2.2252043343430112,215.41172382689524
2.225008544891708,215.38813499456307
2.224812789891297,215.3786692144796
2.224617069332685,215.36920343439618
2.2244213832067836,215.3597376543127
2.2242257315045073,215.35027187422924
2.2240301142167733,215.34080609414582
2.2238345313345023,215.33134031406234
2.2236389828486183,215.32187453397887
2.223443468750048,215.31240875389545
2.2232479890297223,215.30294297381198
2.223052543678574,215.2943906036332
2.2228571326875404,215.28746521620735
2.2226617560475606,215.2805398287815
2.222466413749578,215.27361444135568
2.2222711057845386,215.18749721561454
2.222075832143392,215.09416978988463
2.2218805928170906,215.00385496563004
2.2216853877965903,214.9770899206349
2.22149021707285,214.9503248756398
2.2212950806368315,214.92355983064465
2.2210999784795,214.89679478564952
2.220904910591824,214.8700297406544
2.2207098769647757,214.8432646956593
2.2205148775893293,214.81649965066413
2.2203199124564628,214.789734605669
2.2201249815571575,214.76296956067387
2.2199300848823973,214.73620451567874
2.2197352224231706,214.7094394706836
2.219540394170467,214.67150296994927
2.2193456001152803,214.63987801360074
2.219150840248608,214.6214484155882
2.2189561145614496,214.60301881757567
2.218761423044809,214.58458921956318
2.218566765689692,214.56615962155067
2.2183721424871092,214.54773002353818
2.218177553428072,214.52930042552566
2.217982998503597,214.51087082751314
2.217788477704703,214.49244122950063
2.2175939910224125,214.4740116314881
2.2173995384477503,214.4555820334756
2.2172051199717453,214.44542676969868
2.2170107355854287,214.4457485310145
2.216816385279836,214.4460702923303
2.2166220690460046,214.42718889538543
2.2164277868749758,214.3989752370618
2.216233538757793,214.37076157873815
2.2160393246855046,214.34254792041455
2.2158451446491605,214.3143342620909
2.215650998639814,214.2861206037673
2.2154568866485227,214.25790694544366
2.215262808666346,213.8903440452873
2.2150687646843465,213.85530936952102
2.214874754693591,213.82027469375478
2.214680778685149,213.78524001798854
2.214486836650092,213.75020534222227
2.2142929285794954,213.71517066645603
2.214099054464439,213.68723547823947
2.2139052142960036,213.67262307117068
2.213711408065275,213.6580106641019
2.2135176357633406,213.64339825703314
2.213323897381291,213.62878584996434
2.2131301929102216,213.61417344289555
2.212936522341229,213.59956103582675
2.212742885665414,213.58494862875796
2.2125492828738795,213.5703362216892
2.2123557139577334,213.5557238146204
2.2121621789080854,213.54111140755163
2.2119686777160474,213.52649900048283
2.211775210372736,213.51188659341403
2.2115817768692705,213.4972741863453
2.2113883771967733,213.4826617792765
2.211195011346369,213.4680493722077
2.2110016793091867,213.4534369651389
2.210808381076358,213.43599009690928
2.2106151166390178,213.41311513461466
2.2104218859883034,213.39413503674885
2.2102286891153553,213.37983804592284
2.2100355260113185,213.3655410550968
2.209842396667339,213.35124406427076
2.2096493010745677,213.33694707344478
2.2094562392241577,213.32265008261874
2.209263211107265,213.3083530917927
2.2090702167150496,213.29405610096669
2.2088772560386736,213.27975911014067
2.208684329069303,213.26546211931463
2.2084914357981056,213.23621458966176
2.2082985762162544,213.1989669701624
2.2081057503149233,213.14896656537235
2.2079129580852905,213.09896616058228
2.2077201995185374,213.04896575579224
2.207527474605848,212.9989653510022
2.2073347833384096,212.9489649462122
2.2071421257074118,212.89896454142212
2.206949501704048,212.84896413663208
2.2067569113195153,212.79896373184204
2.2065643545450127,212.74896332705197
2.206371831371743,212.69896292226193
2.2061793417909117,212.6489625174719
2.2059868857937275,212.59896211268187
2.205794463371402,212.56204207931955
2.2056020745151503,212.53225802655183
2.2054097192161906,212.5024739737841
2.2052173974657427,212.4892374046887
2.2050251092550317,212.47978479104347
2.2048328545752844,212.47033217739823
2.2046406334177306,212.460879563753
2.204448445773604,212.45142695010776
2.204256291634141,212.44197433646252
2.2040641709905797,212.43252172281728
2.2038720838341637,212.42297349724453
2.203680030156138,212.3934323727912
2.2034880099477507,212.36389124833792
2.203296023200254,212.33261149277047
2.2031040699049025,212.29393984313336
2.202912150052953,212.2552681934963
2.202720263635667,212.21659654385923
2.202528410644307,212.17792489422212
2.202336591070141,212.139253244585
2.2021448049044388,212.10058159494793
2.2019530521384723,212.06190994531082
2.2017613327635175,212.0232382956737
2.2015696467708543,211.98456664603663
2.2013779941517635,211.94589499639955
2.201186374897531,211.90846203611875
2.200994788999444,211.8711621721402
2.2008032364487944,211.83386230816168
2.2006117172368755,211.79505621874625
2.2004202313549848,211.7560659784313
2.200228778794422,211.7170757381164
2.200037359546491,211.67808549780148
2.1998459736024976,211.6390952574866
2.199654620953751,211.60010501717167
2.199463301591563,211.56111477685675
2.1992720155072494,211.5221245365418
2.199080762692129,211.48313429622692
2.198889543137522,211.44414405591198
2.198698356834753,211.41156686492417
2.19850720377515,211.38889917987137
2.1983160839500426,211.3699323349984
2.1981249973507646,211.3609373993773
2.1979339439686525,211.35194246375622
2.197742923795045,211.34294752813514
2.1975519368212852,211.33395259251407
2.197360983038718,211.324957656893
2.1971700624386923,211.3159627212719
2.196979175012559,211.30696778565084
2.1967883207516734,211.29797285002974
2.196597499647392,211.2889779144087
2.1964067116910755,211.2799829787876
2.1962159568740875,211.2709880431665
2.1960252351877942,211.24826495145965
2.195834546623565,211.21851318210975
2.1956438911727734,211.18876141275987
2.1954532688267934,211.15900964341
2.195262679577004,211.1292578740601
2.195072123414787,211.09950610471026
2.194881600331526,211.05778126920004
2.1946911103186086,211.00610064544102
2.1945006533674256,210.95442002168198
2.1943102294693704,210.90273939792297
2.194119838615839,210.85105877416396
2.1939294807982312,210.79937815040495
2.193739156007949,210.747697526646
2.193548864236398,210.69601690288698
2.1933586054749856,210.64433627912794
2.1931683797151242,210.6037698057172
2.1929781869482277,210.5701948097019
2.192788027165713,210.53661981368663
2.1925979003590004,210.5030448176713
2.1924078065195136,210.3263298141436
2.192217745638678,210.30532173163644
2.192027717707924,210.28431364912925
2.1918377227186827,210.26330556662208
2.191647760662389,210.24229748411489
2.1914578315304816,210.2212894016077
2.191267935314401,210.2002813191005
2.1910780720055913,210.1792732365933
2.1908882415954998,210.1582651540861
2.1906984440755766,210.13725707157892
2.1905086794372735,210.1194495892144
2.190318947672047,210.10196573688313
2.190129248771356,210.08448188455185
2.1899395827266623,210.06699803222057
2.1897499495294306,210.0495141798893
2.189560349171128,210.032030327558
2.189370781643226,210.01454647522672
2.1891812469371974,209.99544668709564
2.1889917450445195,209.97606887702898
2.188802275956671,209.95669106696232
2.1886128396651348,209.93731325689566
2.188423436161396,209.91793544682906
2.188234065436943,209.8985576367624
2.1880447274832675,209.87917982669575
2.187855422291863,209.8598020166291
2.1876661498542274,209.84042420656246
2.1874769101618603,209.82104639649583
2.1872877032062648,209.80166858642917
2.187098528978947,209.78229077636252
2.1869093874714154,209.76291296629586
2.1867202786751827,209.74353515622923
2.186531202581763,209.37277662537025
2.1863421591826744,209.35944021232567
2.186153148469437,209.34610379928108
2.1859641704335755,209.33276738623647
2.1857752250666156,209.31943097319188
2.1855863123600865,209.30609456014727
2.185397432305521,209.2927581471027
2.1852085848944545,209.27942173405808
2.185019770118425,209.26608532101346
2.184830987968974,209.2527489079689
2.1846422384376454,209.1632847339959
2.184453521515986,209.15661987942167
2.1842648371955455,209.14995502484743
2.1840761854678776,209.14329017027316
2.183887566324537,209.13662531569892
2.1836989797570836,209.12996046112468
2.183510425757078,209.1232956065504
2.183321904316085,209.11663075197617
2.1831334154256723,209.10996589740193
2.18294495907741,209.1033010428277
2.1827565352628713,209.09663618825346
2.1825681439736324,209.0899713336792
2.182379785201272,209.08330647910495
2.182191458937373,209.0766416245307
2.182003165173519,209.06997676995644
2.181814903901299,209.0633119153822
2.1816266751123035,209.03883174900292
2.181438478798125,208.99653685878573
2.181250314950361,208.95424196856854
2.1810621835606105,208.91194707835132
2.1808740846204757,208.86965218813413
2.180686018121562,208.82735729791693
2.180497984055478,208.78506240769974
2.1803099824138332,208.74276751748255
2.180122013188243,208.70047262726536
2.179934076370323,208.6774276835527
2.179746171951694,208.65922522756784
2.1795582999239773,208.64102277158298
2.179370460278799,208.62282031559815
2.1791826530077874,208.6046178596133
2.178994878102573,208.58641540362845
2.178807135554791,208.56821294764364
2.1786194253560778,208.5500104916588
2.178431747498073,208.53180803567398
2.1782441019724197,208.5136055796891
2.178056488770763,208.49540312370428
2.177868907884752,208.47720066771944
2.1776813593060376,208.45899821173458
2.1774938430262742,208.44079575574978
2.1773063590371193,208.4225932997649
2.177118907330232,208.40439084378008
2.176931487897276,208.38618838779524
2.1767441007299166,208.36798593181038
2.176556745819822,208.35325969522862
2.1763694231586643,208.34515238890327
2.1761821327381177,208.33704508257796
2.1759948745498594,208.32893777625264
2.175807648585569,208.32083046992733
2.1756204548369302,208.312723163602
2.175433293295628,208.30461585727664
2.175246163953352,208.29650855095133
2.175059066801792,208.28840124462602
2.174872001832644,208.2531891393052
2.174684969037605,208.20009516423758
2.174497968408374,208.14700118916997
2.174310999936655,208.09390721410236
2.1741240636141534,208.04081323903475
2.173937159432578,207.9877192639672
2.1737502873836396,207.93462528889958
2.1735634474590535,207.88153131383197
2.1733766396505363,207.82843733876436
2.173189863949808,207.520236330752
2.173003120348592,207.50498813712682
2.1728164088386133,207.48973994350163
2.172629729411601,206.7832694306319
2.1724430820592864,206.76829510788258
2.1722564667734034,206.75332078513333
2.172069883545689,206.73834646238407
2.171883332367884,206.72337213963482
2.1716968132317302,206.70839781688554
2.171510326128974,206.69342349413625
2.171323871051363,206.678449171387
2.1711374479906493,206.66347484863775
2.170951056938587,206.64850052588847
2.170764697886932,206.63352620313918
2.1705783708274446,206.61855188038993
2.1703920757518875,206.60357755764068
2.1702058126520263,206.58860323489142
2.170019581519629,206.57362891214214
2.169833382346466,206.55865458939286
2.169647215124313,206.5436802666436
2.169461079844945,206.52870594389435
2.1692749765001422,206.4963286568582
2.169088905081687,206.45589410415886
2.1689028655813645,206.4154595514595
2.168716857990962,206.37502499876018
2.1685308823022718,206.3349631340182
2.1683449385070865,206.29557161040123
2.1681590265972024,206.2561800867843
2.1679731465644196,206.22278677007424
2.167787298400539,206.19641965832494
2.167601482097367,206.17005254657565
2.1674156976467094,206.14368543482635
2.1672299450403782,206.11731832307706
2.167044224270186,206.09095121132776
2.1668585353279495,206.06458409957844
2.1666728782054876,206.03821698782917
2.166487252894621,206.01184987607985
2.166301659387175,205.98548276433058
2.1661160976749763,205.98013258505335
2.165930567749856,205.9760255076078
2.1657450696036467,205.9719184301623
2.1655596032281834,205.96781135271678
2.1653741686153056,205.96370427527125
2.1651887657568536,205.95959719782573
2.165003394644673,205.9554901203802
2.164818055270609,205.95138304293468
2.1646327476265124,205.94727596548915
2.164447471704235,205.94316888804363
2.1642622274956325,205.9390618105981
2.1640770149925626,205.93495473315258
2.1638918341868867,205.93084765570705
2.1637066850704683,205.92468733348585
2.1635215676351733,205.90953261632222
2.163336481872871,205.89437789915857
2.163151427775434,205.87922318199492
2.1629664053347364,205.8640684648313
2.162781414542656,205.84891374766767
2.162596455391073,205.83375903050404
2.1624115278718707,205.81860431334036
2.1622266319769348,205.80344959617673
2.1620417676981543,205.7882948790131
2.1618569350274197,205.75245447131505
2.161672133956626,205.70690215982427
2.16148736447767,205.66134984833346
2.1613026265824518,205.61579753684265
2.161117920262873,205.57024522535187
2.160933245510839,205.52035236288864
2.160748602318259,205.46436059090513
2.160563990677043,205.40836881892156
2.1603794105791043,205.352377046938
2.1601948620163594,205.30004779417635
2.1600103449807273,205.25984881981435
2.15982585946413,205.21964984545235
2.1596414054584923,205.17945087109038
2.1594569829557417,205.13925189672838
2.1592725919478077,205.09905292236638
2.159088232426624,205.0588539480044
2.158903904384125,205.0186549736424
2.15871960781225,204.9784559992804
2.1585353427029403,204.9382570249184
2.158351109048139,204.92196049094525
2.1581669068397935,204.90608261043496
2.157982736069853,204.89020472992468
2.1577985967302697,204.8782401546506
2.1576144888129978,204.87415753951214
2.157430412309996,204.87007492437374
2.1572463672132236,204.86599230923528
2.1570623535146445,204.86190969409685
2.1568783712062247,204.85782707895842
2.156694420279932,204.85374446381996
2.1565105007277383,204.84966184868154
2.1563266125416174,204.8455792335431
2.1561427557135464,204.8240994638972
2.155958930235505,204.7762615338855
2.155775136099475,204.7284236038738
2.155591373297441,204.68058567386208
2.1554076418213923,204.63274774385036
2.1552239416633183,204.58490981383866
2.1550402728152123,204.53707188382697
2.1548566352690703,204.48923395381527
2.154673029016891,204.44139602380358
2.154489454050676,204.39355809379185
2.154305910362429,204.34572016378013
2.1541223979441573,204.29788223376843
2.15393891678787,204.25004430375674
2.15375546688558,204.202206373745
2.1535720482293015,204.1543684437333
2.153388660811053,204.12403583272436
2.153205304622855,204.09415644807692
2.1530219796567303,204.06427706342947
2.1528386859047046,204.03439767878203
2.152655423358807,204.0075943128865
2.1524721920110683,203.9951142481326
2.152288991853523,203.98263418337868
2.1521058228782075,203.97015411862475
2.1519226850771616,203.95767405387085
2.151739578442427,203.9428025994451
2.151556502966049,203.9250145802892
2.1513734586400752,203.9072265611333
2.1511904454565554,203.88943854197743
2.151007463407543,203.8716505228215
2.1508245124850935,203.85386250366562
2.1506415926812656,203.8360744845097
2.1504587039881202,203.81828646535382
2.150275846397721,203.80049844619793
2.1500930199021346,203.78271042704202
2.1499102244934303,203.76492240788613
2.1497274601636795,203.74713438873022
2.1495447269049577,203.72934636957433
2.1493620247093412,203.71361048334103
2.1491793535689108,203.69995552155947
2.1489967134757486,203.68630055977792
2.14881410442194,203.6726455979964
2.148631526399573,203.4238152233946
2.1484489794007393,203.39648644476233
2.148266463417531,203.3691576661301
2.148083978442045,203.3418288874978
2.1479015244663797,203.31450010886553
2.147719101482637,203.28717133023326
2.1475367094829205,203.25984255160103
2.147354348459338,203.2325137729688
2.1471720184039977,203.2051849943365
2.146989719309013,203.17785621570425
2.146807451166498,203.15052743707196
2.14662521396857,203.12319865843972
2.1464430077073504,203.09586987980745
2.1462608323749617,203.06854110117519
2.146078687963529,203.04121232254295
2.1458965744651812,203.01888328697413
2.1457144918720483,202.9992409484838
2.145532440176265,202.97959860999345
2.145350419369967,202.95995627150307
2.145168429445293,202.94031393301276
2.144986470394385,202.9206715945224
2.1448045422093873,202.90102925603202
2.1446226448824466,202.8813869175417
2.1444407784057127,202.86174457905133
2.144258942771338,202.84210224056102
2.144077137971477,202.8352389116016
2.1438953639982876,202.8205240699986
2.1437136208439296,202.80580922839562
2.1435319085005666,202.79081830378118
2.1433502269603637,202.76728349266654
2.1431685762154897,202.7437486815519
2.142986956258115,202.72021387043725
2.1428053670804124,202.6966790593226
2.1426238086745593,202.67314424820796
2.142442281032734,202.64960943709332
2.142260784147118,202.62607462597867
2.1420793180098956,202.60253981486403
2.1418978826132533,202.5790050037494
2.1417164779493807,202.55547019263474
2.14153510401047,202.53193538152013
2.1413537607887156,202.50840057040548
2.1411724482763153,202.48486575929084
2.140991166465468,202.4613309481762
2.140809915348378,202.43779613706155
2.1406286949172495,202.4142613259469
2.1404475051642904,202.3907265148323
2.140266346081712,202.36719170371765
2.140085217661727,202.34975562480378
2.139904119896551,202.33270983702255
2.1397230527784026,202.31566404924126
2.139542016299503,202.29861826146
2.139361010452076,202.28157247367875
2.1391800352283483,202.2645266858975
2.1389990906205485,202.24748089811624
2.138818176620908,202.23043511033498
2.1386372932216613,202.21338932255372
2.1384564404150455,202.1963435347725
2.1382756181932994,202.1792977469912
2.1380948265486657,202.16225195920995
2.1379140654733892,202.01577763952773
2.137733334959717,202.01014732532423
2.1375526349998997,202.00651529454308
2.137371965586189,202.002883263762
2.137191326710841,201.99925123298084
2.137010718366113,201.99561920219975
2.136830140544265,201.9919871714186
2.136649593237561,201.9883551406375
2.136469076438267,201.98472310985636
2.13628859013865,201.9810910790752
2.1361081343309816,201.97745904829412
2.1359277090075355,201.97382701751297
2.135747314160588,201.97019498673188
2.1355669497824175,201.96656295595074
2.135386615865305,201.96293092516962
2.1352063124015355,201.9592988943885
2.1350260393833946,201.95566686360735
2.1348457968031718,201.95203483282626
2.134665584653159,201.9484028020451
2.134485402925651,201.93307386061446
2.1343052516129437,201.8733843573167
2.134125130707338,201.81369485401888
2.1339450402011346,201.41528295203432
2.1337649800866396,201.34983065217952
2.1335849503561595,201.2843783523247
2.1334049510020052,201.25364239348647
2.1332249820164884,201.24749086813932
2.133045043391925,201.24133934279212
2.132865135120632,201.23518781744497
2.13268525719493,201.22903629209776
2.132505409607142,201.2228847667506
2.132325592349594,201.2167332414034
2.1321458054146136,201.21058171605625
2.1319660487945318,201.20443019070905
2.1317863224816813,201.19827866536187
2.131606626468399,201.1921271400147
2.131426960747022,201.1859756146675
2.131247325309893,201.17592641740652
2.131067720149354,201.15557225507132
2.130888145257752,201.12922031875382
2.130708600627436,201.10286838243633
2.1305290862507573,201.07651644611883
2.1303496021200696,201.05016450980133
2.1301701482277293,201.02381257348384
2.129990724566096,200.99746063716634
2.1298113311275304,200.97110870084884
2.129631967904398,200.94475676453135
2.1294526348890646,200.91840482821385
2.1292733320739,200.89205289189636
2.129094059451276,200.86570095557886
2.128914817013568,200.8397826261189
2.128735604753152,200.8175698751495
2.128556422662408,200.79535712418004
2.128377270733718,200.77314437321064
2.1281981489594672,200.75093162224118
2.1280190573320428,200.72871887127175
2.1278399958438343,200.70650612030232
2.127660964487235,200.6842933693329
2.1274819632546396,200.66208061836346
2.1273029921384454,200.639867867394
2.1271240511310534,200.6176551164246
2.1269451402248647,200.59544236545514
2.1267662594122863,200.56719243125934
2.1265874086857246,200.53492835710998
2.126408588037591,200.5026642829606
2.126229797460298,200.47040020881127
2.126051036946261,200.43813613466187
2.125872306487899,200.40587206051254
2.125693606077631,200.37360798636317
2.125514935707881,200.3413439122138
2.125336295371074,200.30907983806443
2.1251576850596394,200.27681576391507
2.124979104766007,200.25223754588575
2.1248005544826105,200.23775023533273
2.124622034201886,200.22326292477965
2.124443543916271,200.20877561422662
2.1242650836182078,200.1942883036736
2.1240866533001386,200.17980099312055
2.12390825295451,200.1653136825675
2.12372988257377,200.1523277195655
2.123551542150371,200.13976016426955
2.123373231676765,200.12719260897353
2.123194951145409,200.11462505367757
2.123016700548762,200.1020574983816
2.1228384798792845,200.0894899430856
2.122660289129441,200.07692238778964
2.122482128291697,200.04470773632912
2.1223039973585216,200.01026906130778
2.122125896322386,199.97583038628648
2.121947825175765,199.94139171126514
2.121769783911134,199.9069530362438
2.1215917725209716,199.87251436122247
2.1214137909977606,199.83040107039608
2.121235839333984,199.7782721482451
2.1210579175221285,199.72614322609408
2.120880025554683,199.67401430394307
2.120702163424139,199.62188538179208
2.120524331122991,199.5697564596411
2.120346528643735,199.51762753749009
2.1201687559788707,199.46549861533913
2.1199910131208988,199.42622170327326
2.119813300062324,199.39251625262608
2.119635616795653,199.3648940934329
2.1194579633133945,199.3372719342397
2.1192803396080606,199.3096497750465
2.119102745672165,199.2820276158533
2.118925181498225,199.25440545666012
2.118747647078759,199.2267832974669
2.1185701424062895,199.19916113827372
2.11839266747334,199.17153897908054
2.118215222272438,199.14391681988735
2.1180378067961114,199.11629466069417
2.117860421036893,199.10017769384734
2.117683064987317,199.09223213952725
2.117505738639919,199.08428658520717
2.11732844198724,199.07634103088708
2.1171511750218195,199.068395476567
2.116973937736203,199.0604499222469
2.1167967301229376,199.05451908413903
2.1166195521745714,199.05073150791276
2.116442403883657,199.0469439316865
2.116265285242748,199.04315635546027
2.116088196244401,199.039368779234
2.115911136881176,199.03558120300772
2.1157341071456335,199.0317936267815
2.1155571070303383,199.02800605055523
2.1153801365278566,199.02421847432896
2.1152031956307584,199.02043089810272
2.115026284331614,199.00791299914232
2.114849402622999,198.9644438932093
2.1146725504974886,198.9209747872763
2.114495727947663,198.87557415394832
2.1143189349661022,198.80752237362537
2.114142171545392,198.73947059330246
2.1139654376781176,198.6714188129795
2.1137887333568686,198.60336703265656
2.113612058574236,198.53531525233365
2.113435413322814,198.4817301055493
2.1132587975951993,198.45888062991042
2.11308221138399,198.43603115427157
2.1129056546817884,198.41318167863267
2.112729127481198,198.3903322029938
2.1125526297748243,198.3674827273549
2.112376161555277,198.34463325171603
2.1121997228151668,198.32178377607715
2.1120233135471076,198.3182237732517
2.111846933743716,198.3189871828624
2.11167058339761,198.3197505924731
2.111494262501411,198.3205140020838
2.1113179710477423,198.3212774116945
2.1111417090292304,198.32204082130517
2.110965476438503,198.3228042309159
2.110789273268192,198.32356764052656
2.1106130995109305,198.32433105013726
2.110436955159354,198.31729261202474
2.110260840206101,198.3009344843319
2.1100847546438124,198.2845763566391
2.1099086984651314,198.26821822894627
2.109732671662704,198.25186010125344
2.109556674229178,198.22700456393483
2.1093807061572036,198.19359142444603
2.1092047674394343,198.16017828495728
2.109028858068526,198.1267651454685
2.1088529780371363,198.0933520059798
2.1086771273379257,198.059938866491
2.1085013059635567,198.02652572700225
2.1083255139066948,197.99311258751348
2.1081497511600076,197.9596994480247
2.1079740177161654,197.92628630853596
2.1077983135678413,197.8928731690472
2.10762263870771,197.85946002955842
2.1074469931284487,197.82604689006968
2.1072713768227382,197.79263375058093
2.10709578978326,197.75042166181268
2.106920232002699,197.69720053306088
2.106744703473743,197.64397940430905
2.1065692041890816,197.59075827555722
2.106393734141407,197.53753714680542
2.1062182933234133,197.48431601805362
2.1060428817277983,197.43109488930182
2.105867499347261,197.37787376055002
2.1056921461745026,197.3246526317982
2.1055168222022282,197.27972156678322
2.105341527423145,197.2438057551749
2.1051662618299614,197.2299691488364
2.104991025415389,197.2161325424979
2.104815818172142,197.20229593615937
2.104640640092937,197.1884593298209
2.104465491170493,197.1746227234824
2.1042903713975307,197.1607861171439
2.1041152807667745,197.14694951080543
2.10394021927095,197.1331129044669
2.103765186902786,197.1132420880292
2.1035901836550135,197.09243719269082
2.1034152095203655,197.07163229735244
2.103240264491579,197.05082740201408
2.103065348561391,197.03002250667566
2.1028904617225423,197.0092176113373
2.1027156039677766,196.9884127159989
2.102540775289839,196.96760782066053
2.1023659756814768,196.94680292532212
2.1021912051354414,196.92308382020477
2.102016463644485,196.87631591474036
2.1018417512013627,196.8295480092759
2.1016670677988323,196.7827801038115
2.1014924134296535,196.73601219834708
2.1013177880865883,196.68924429288268
2.101143191762402,196.64247638741824
2.1009686244498615,196.5957084819538
2.1007940861417365,196.54894057648937
2.1006195768307987,196.50217267102494
2.100445096509823,196.46532463474097
2.1002706451715856,196.43957979887045
2.1000962228088658,196.4138349629999
2.0999218294144453,196.38809012712937
2.0997474649811076,196.36234529125886
2.09957312950164,196.33660045538835
2.0993988229688307,196.3108556195178
2.0992245453754705,196.28511078364727
2.099050296714353,196.25936594777676
2.0988760769782755,196.23362111190625
2.0987018861600344,196.20787627603573
2.0985277242524316,196.1821314401652
2.0983535912482694,196.15638660429468
2.0981794871403543,196.13064176842414
2.098005411921493,196.10603584472943
2.0978313655844967,196.10227293100138
2.097657348122178,196.09851001727333
2.0974833595273514,196.09474710354527
2.0973093997928345,196.09098418981722
2.097135468911447,196.08722127608917
2.0969615668760118,196.08345836236109
2.0967876936793526,196.07969544863306
2.0966138493142967,196.07593253490498
2.0964400337736735,196.07216962117693
2.0962662470503144,196.06840670744887
2.0960924891370545,196.06464379372082
2.0959187600267284,196.06088087999274
2.0957450597121765,196.05711796626468
2.0955713881862392,196.05002228440588
2.0953977454417605,196.02234326788766
2.095224131471586,195.97892963693772
2.0950505462685642,195.93551600598778
2.094876989825546,195.89210237503787
2.094703462135384,195.84868874408792
2.094529963190934,195.80527511313798
2.094356492985054,195.76186148218804
2.0941830515106035,195.7184478512381
2.094009638760445,195.67503422028818
2.093836254727444,195.63162058933824
2.0936628994044675,195.5882069583883
2.0934895727843847,195.54479332743836
2.0933162748600687,195.5013796964884
2.0931430056243925,195.45796606553847
2.0929697650702335,195.41455243458853
2.09279655319047,195.3711388036386
2.092623369977985,195.33316452704344
2.092450215425661,195.30985851545253
2.092277089526384,195.28655250386163
2.092103992273043,195.2804458899751
2.091930923658529,195.27712953539145
2.0917578836757342,195.2738131808078
2.091584872317555,195.27049682622416
2.0914118895768894,195.2671804716405
2.091238935446637,195.26386411705687
2.091066009919701,195.2605477624732
2.0908931129889856,195.25723140788955
2.0907202446473985,195.25391505330592
2.09054740488785,195.25059869872226
2.0903745937032503,195.2444417661977
2.0902018110865153,195.22131578207734
2.0900290570305606,195.198189797957
2.089856331528306,195.17506381383666
2.089683634572672,195.1519378297163
2.0895109661565834,195.12881184559598
2.0893383262729652,195.10568586147565
2.0891657149147465,195.08209904163414
2.088993132074857,195.04230767664558
2.0888205777462305,195.00251631165708
2.088648051921802,194.96272494666852
2.0884755545945093,194.92293358167996
2.0883030857572926,194.8831422166914
2.088130645403094,194.84335085170284
2.0879582335248585,194.80355948671428
2.087785850115533,194.7729157476975
2.0876134951680663,194.74278588934027
2.0874411686754106,194.71598477813677
2.0872688706305196,194.6893348018574
2.08709660102635,194.66268482557803
2.08692435985586,194.63603484929865
2.0867521471120107,194.60938487301928
2.086579962787766,194.58273489673996
2.0864078068760907,194.55608492046056
2.086235679369953,194.5294349441812
2.0860635802623233,194.50278496790185
2.085891509546174,194.47613499162247
2.08571946721448,194.44948501534307
2.0855474532602187,194.42283503906373
2.0853754676763696,194.39728602407968
2.0852035104559143,194.3726050371085
2.085031581591837,194.3479240501374
2.0848596810771247,194.32324306316625
2.084687808904765,194.2985620761951
2.0845159650677503,194.27388108922395
2.0843441495590733,194.24920010225281
2.08417236237173,194.22451911528168
2.084000603498718,194.20004201885547
2.0838288729330388,194.18100433941927
2.0836571706676934,194.16196665998308
2.0834854966956877,194.14292898054688
2.0833138510100286,194.1238913011107
2.083142233603726,194.10485362167447
2.0829706444697917,194.0840334255367
2.0827990836012398,194.05987431946096
2.0826275509910865,194.03571521338526
2.082456046632351,194.01155610730956
2.082284570518054,193.98739700123386
2.082113122641219,193.96323789515816
2.0819417029948717,193.93907878908243
2.08177031157204,193.9149196830067
2.081598948365754,193.890760576931
2.081427613369047,193.87104159064796
2.0812563065749528,193.8515027088537
2.081085027976509,193.83196382705944
2.080913777566755,193.81242494526518
2.0807425553387326,193.7928860634709
2.080571361285486,193.77334718167663
2.0804001954000606,193.75380829988234
2.080229057675506,193.73426941808808
2.0800579481048724,193.7147305362938
2.0798868666812136,193.69519165449952
2.0797158133975846,193.67565277270526
2.0795447882470435,193.656113890911
2.0793737912226495,193.6365750091167
2.0792028223174657,193.61703612732248
2.079031881524556,193.5974972455282
2.078860968836988,193.5779583637339
2.0786900842478304,193.55841948193967
2.0785192277501547,193.53888060014538
2.0783483993370346,193.52036234795497
2.078177599001546,193.50587468457675
2.078006826736767,193.49138702119853
2.0778360825357782,193.47689935782034
2.0776653663916624,193.46241169444215
2.077494678297505,193.4479240310639
2.0773240182463932,193.43343636768572
2.077153386231416,193.4189487043075
2.0769827822456666,193.40446104092928
2.076812206282238,193.3899733775511
2.0766416583342266,193.37367501130637
2.0764711383947314,193.35734912718902
2.0763006464568536,193.34102324307173
2.076130182513696,193.32469735895444
2.0759597465583646,193.30837147483714
2.0757893385839665,193.29204559071982
2.075618958583612,193.27571970660253
2.0754486065504136,193.2593938224852
2.0752782824774854,193.24306793836791
2.0751079863579442,193.2267420542506
2.0749377181849096,193.21041617013327
2.0747674779515024,193.19409028601598
2.0745972656508465,193.17776440189868
2.0744270812760672,193.16143851778136
2.0742569248202933,193.14511263366404
2.0740867962766547,193.11774451218102
2.073916695638284,193.08540466996573
2.073746622898316,193.05306482775046
2.0735765780498876,193.02072498553517
2.0734065610861383,192.98838514331987
2.0732365720002104,192.9560453011046
2.0730666107852467,192.9237054588893
2.072896677434394,192.89136561667405
2.0727267719408,192.85902577445876
2.0725568942976156,192.8266859322435
2.0723870444979937,192.79434609002817
2.0722172225350897,192.7620062478129
2.07204742840206,192.72966640559764
2.071877662092065,192.69732656338235
2.0717079235982663,192.66532217091617
2.0715382129138273,192.65893932958238
2.0713685300319153,192.65255648824854
2.0711988749456984,192.64617364691475
2.071029247648347,192.63979080558093
2.0708596481330344,192.6334079642471
2.0706900763929355,192.6270251229133
2.0705205324212286,192.62064228157948
2.0703510162110925,192.6142594402457
2.0701815277557096,192.60787659891184
2.070012067048264,192.17142625250708
2.0698426340819416,191.6797397639068
2.0696732288499318,191.67421634427296
2.069503851345425,191.66869292463906
2.0693345015616145,191.66316950500516
2.0691651794916956,191.6576460853713
2.0689958851288655,191.6521226657374
2.0688266184663244,191.36907604077874
2.068657379497274,191.35739724395728
2.0684881682149188,191.34571844713582
2.068318984612465,191.33403965031437
2.0681498286831212,191.3223608534929
2.0679807004200983,191.31068205667145
2.0678115998166096,191.29900325985
2.0676425268658702,191.28732446302854
2.0674734815610982,191.27564566620708
2.0673044638955127,191.26396686938563
2.0671354738623355,191.25228807256417
2.0669665114547913,191.2406092757427
2.0667975766661066,191.22893047892128
2.0666286694895097,191.2172516820998
2.0664597899182318,191.20557288527834
2.0662909379455052,191.1938940884569
2.066122113564566,191.18221529163546
2.0659533167686512,191.17053649481397
2.065784547551001,191.15885769799252
2.0656158059048564,191.14717890117106
2.065447091823462,191.13550010434963
2.065278405300064,191.12382130752815
2.065109746327911,191.10917670663815
2.064941114900254,191.0895835661645
2.0647725110103456,191.06999042569086
2.0646039346514407,191.0503972852172
2.064435385816797,191.03080414474354
2.064266864499674,191.0112110042699
2.064098370693333,190.99161786379625
2.0639299043910384,190.98278776343997
2.063761465586056,190.97491500309786
2.0635930542716543,190.96704224275578
2.063424670441104,190.95916948241364
2.063256314087678,190.95129672207156
2.06308798520465,190.94342396172945
2.0629196837852986,190.93555120138734
2.0627514098229023,190.92767844104523
2.0625831633107423,190.91980568070312
2.062414944242103,190.911932920361
2.06224675261027,190.9040601600189
2.0620785884085318,190.89618739967682
2.0619104516301774,190.8883146393347
2.061742342268501,190.8804418789926
2.0615742603167955,190.8725691186505
2.0614062057683586,190.85446690693146
2.061238178616489,190.833186860757
2.0610701788544885,190.81190681458253
2.06090220647566,190.79062676840812
2.0607342614733093,190.76934672223365
2.0605663438407436,190.7480666760592
2.0603984535712736,190.72678662988477
2.0602305906582106,190.7055065837103
2.060062755094869,190.68422653753586
2.0598949468745658,190.66294649136142
2.059727165990619,190.64166644518698
2.0595594124363505,190.62038639901255
2.0593916862050823,190.59910635283808
2.0592239872901392,190.57782630666364
2.0590563156848494,190.5565462604892
2.058888671382542,190.53526621431473
2.058721054376549,190.5139861681403
2.058553464660204,190.49270612196585
2.058385902226843,190.47426699297424
2.058218367069804,190.45908348602805
2.058050859182428,190.4438999790819
2.0578833785580573,190.4296390017335
2.0577159251900357,190.4162106937219
2.0575484990717112,190.40278238571028
2.0573811001964324,190.38935407769867
2.0572137285575502,190.37592576968706
2.0570463841484186,190.36249746167545
2.056879066962393,190.34906915366383
2.0567117769928305,190.33564084565222
2.0565445142330914,190.32207394172633
2.0563772786765373,190.29979748799593
2.0562100703165327,190.27752103426548
2.0560428891464437,190.25524458053508
2.0558757351596393,190.23296812680462
2.0557086083494895,190.2106916730742
2.0555415087093674,190.18841521934377
2.055374436232648,190.16613876561334
2.055207390912708,190.14386231188294
2.0550403727429267,190.14366649218283
2.054873381716686,190.12019275264436
2.054706417827369,190.09671901310583
2.0545394810683617,190.0732452735673
2.054372571433052,190.04977153402876
2.0542056889148292,190.02629779449026
2.0540388335070863,189.99428953417447
2.0538720052032167,189.95988926300492
2.0537052039966177,189.92548899183532
2.053538429880687,189.89108872066575
2.0533716828488267,189.85668844949618
2.053204962894438,189.82228817832657
2.0530382700109273,189.787887907157
2.052871604191701,189.75348763598743
2.0527049654301686,189.71908736481782
2.0525383537197412,189.68468709364828
2.052371769053833,189.6502868224787
2.0522052114258593,189.61588655130913
2.052038680829238,189.58148628013956
2.051872177257389,189.54708600896998
2.0517057007037347,189.51872353735058
2.051539251161699,189.50470425834817
2.051372828624709,189.4906849793457
2.0512064330861923,189.4766657003433
2.05104006453958,189.46264642134088
2.0508737229783045,189.4486271423384
2.0507074083958012,189.434607863336
2.050541120785507,189.4205885843336
2.050374860140861,189.41185998003488
2.0502086264553046,189.40861439906945
2.050042419722281,189.40536881810397
2.0498762399352364,189.40212323713854
2.0497100870876177,189.39887765617308
2.049543961172875,189.39563207520763
2.04937786218446,189.3923864942422
2.049211790115827,189.38914091327672
2.0490457449604325,189.3858953323113
2.048879726711734,189.38264975134584
2.048713735363193,189.37940417038038
2.0485477709082707,189.37615858941493
2.0483818333404322,189.37291300844947
2.048215922653145,189.36966742748405
2.048050038839877,189.3664218465186
2.0478841818941,189.36317626555314
2.0477183518092867,189.35993068458768
2.047552548578912,189.35668510362223
2.0473867721964543,189.34072872691138
2.047221022655392,189.28092621170117
2.047055299949207,189.21502741543603
2.046889604071383,189.1429570176135
2.0467239350154056,189.070886619791
2.046558292774763,188.99881622196847
2.0463926773429453,188.9537487517705
2.046227088713444,188.9308158605793
2.046061526879754,188.90788296938808
2.0458959918353714,188.88495007819685
2.045730483573794,188.86201718700565
2.045565002088523,188.83908429581442
2.045399547373061,188.8161514046232
2.0452341194209125,188.793218513432
2.0450687182255844,188.7702856222408
2.0449033437805855,188.74735273104957
2.0447379960794274,188.72441983985834
2.0445726751156226,188.70148694866717
2.0444073808826864,188.32037413681388
2.0442421133741364,188.3092158914758
2.044076872583492,188.297038895014
2.0439116585042743,188.28329115796868
2.0437464711300075,188.2695434209234
2.0435813104542166,188.2557956838781
2.0434161764704304,188.24204794683283
2.043251069172178,188.2283002097875
2.043085988552991,188.21455247274224
2.0429209346064043,188.20080473569692
2.042755907325954,188.1836154748283
2.042590906705178,188.1585211305407
2.042425932737617,188.1334267862531
2.042260985416813,188.1003422439622
2.0420960647363104,188.06202514539126
2.041931170689657,188.02370804682033
2.0417663032704,187.98539094824935
2.0416014624720904,187.94707384967842
2.0414366482882818,187.90875675110743
2.0412718607125284,187.8704396525365
2.0411070997383876,187.83212255396552
2.040942365359418,187.7938054553946
2.040777657569182,187.75548835682366
2.0406129763612415,187.71717125825268
2.040448321729162,187.67885415968175
2.0402836936665114,187.6405370611108
2.040119092166859,187.60221996253983
2.0399545172237765,187.56390286396888
2.0397899688308367,187.53674739580043
2.0396254469816166,187.52023923342773
2.039460951669693,187.50373107105503
2.039296482888646,187.48722290868238
2.0391320406320577,187.47071474630968
2.0389676248935116,187.45420658393698
2.0388032356665944,187.43769842156428
2.038638872944894,187.41820211054875
2.0384745367219996,187.39709075255647
2.038310226991505,187.37597939456415
2.0381459437470038,187.35486803657187
2.0379816869820924,187.33375667857956
2.037817456690369,187.31264532058725
2.0376532528654345,187.29153396259494
2.037489075500891,187.27042260460263
2.037324924590344,187.24931124661032
2.0371608001273995,187.22819988861804
2.0369967021056663,187.21196502621476
2.036832630518755,187.2110092578107
2.0366685853602795,187.21005348940668
2.0365045666238535,187.20909772100265
2.0363405743030945,187.1889124732302
2.0361766083916217,187.16720975151847
2.036012668883056,187.14550702980677
2.0358487557710205,187.12380430809503
2.0356848690491405,187.1021015863833
2.0355210087110436,187.0803988646716
2.0353571747503585,187.05869614295986
2.0351933671607165,187.0369934212481
2.0350295859357517,187.0152906995364
2.034865831069099,186.99596930207468
2.034702102554396,186.98155790607424
2.034538400385282,186.9671465100738
2.0343747245554,186.9421482644785
2.0342110750583915,186.90473341986646
2.034047451887904,186.86731857525444
2.033883855037584,186.8299037306424
2.033720284501082,186.79248888603036
2.03355674027205,186.7550740414183
2.0333932223441407,186.71765919680627
2.033229730711011,186.68024435219422
2.033066265366319,186.64282950758218
2.032902826303724,186.60541466297013
2.0327394135168886,186.5679998183581
2.032576026999476,186.53058497374607
2.0324126667451536,186.49317012913403
2.0322493327475883,186.45575528452198
2.032086025000451,186.41834043990994
2.0319227434974136,186.3809255952979
2.0317594882321504,186.3479175846271
2.031596259198338,186.3330797579675
2.031433056389654,186.32133374660611
2.0312698797997792,186.31498522736211
2.031106729422396,186.30863670811812
2.030943605251189,186.30228818887412
2.0307805072798435,186.29593966963012
2.0306174355020494,186.28959115038612
2.030454389911496,186.28324263114212
2.0302913705018772,186.27689411189812
2.030128377266886,186.27054559265412
2.02996541020022,186.26419707341012
2.0298024692955767,186.25784855416612
2.029639554546658,186.24048347200414
2.0294766659471657,186.22167581875397
2.0293138034908043,186.1950335804944
2.0291509671712813,186.1585201542092
2.028988156982305,186.12200672792403
2.0288253729175856,186.08549330163885
2.0286626149708367,186.04897987535367
2.028499883135772,186.01246644906848
2.028337177406109,185.9759530227833
2.0281744977755665,185.9394395964981
2.028011844237865,185.9029261702129
2.0278492167867275,185.8664127439277
2.0276866154158784,185.82989931764254
2.027524040119045,185.79338589135736
2.0273614908899558,185.75687246507215
2.0271989677223416,185.72581718725164
2.0270364706099357,185.70361227350625
2.026873999546473,185.6822829524836
2.02671155452569,185.66114356726203
2.0265491355413254,185.64000418204046
2.0263867425871203,185.6188647968189
2.026224375656818,185.59772541159737
2.026062034744163,185.57658602637576
2.025899719842902,185.55544664115422
2.025737430946785,185.53430725593265
2.0255751680495613,185.51316787071107
2.0254129311449844,185.49202848548953
2.02525072022681,185.47088910026798
2.0250885352887944,185.4497497150464
2.0249263763246965,185.42861032982483
2.0247642433282773,185.4074709446033
2.0246021362932995,185.3863315593817
2.024440055213528,185.36519217416014
2.0242780000827305,185.3440527889386
2.024115970894675,185.32291340371702
2.023953967643133,185.30177401849545
2.0237919903218766,185.2806346332739
2.023630038924682,185.26139320021775
2.0234681134453245,185.24705640432956
2.023306213877584,185.23108978853318
2.023144340215241,185.2151231727368
2.0229824924520785,185.19915655694047
2.0228206705818814,185.18318994114406
2.022658874598436,185.16722332534772
2.022497104495532,185.15125670955138
2.02233536026696,185.135290093755
2.0221736419065115,185.11932347795863
2.022011949407983,185.10335686216226
2.0218502827651705,185.08739024636589
2.0216886419718727,185.07142363056954
2.0215270270218904,185.05545701477317
2.0213654379090262,185.0394903989768
2.021203874627085,185.02352378318045
2.021042337169874,185.0011614427628
2.0208808255312003,184.96123572234762
2.0207193397048755,184.92131000193245
2.020557879684713,184.88138428151726
2.0203964454645256,184.8414585611021
2.0202350370381312,184.8015328406869
2.020073654399348,184.76160712027172
2.0199122975419965,184.72168139985658
2.019750966459899,184.68175567944138
2.01958966114688,184.6418299590262
2.019428381596766,184.6039475382762
2.019267127803386,184.58868284857593
2.0191058997605693,184.5401862951145
2.0189446974621488,184.49168974165306
2.018783520901959,184.44319318819163
2.0186223700738353,184.39469663473017
2.0184612449716175,184.34620008126876
2.0183001455891443,184.2977035278073
2.0181390719202588,184.2492069743459
2.0179780239588045,184.20071042088443
2.017817001698628,184.15221386742303
2.0176560051335772,184.10371731396157
2.0174950342575024,184.0578780743503
2.017334089064255,184.0121812638488
2.0171731695476898,183.96648445334728
2.017012275701662,183.92078764284577
2.0168514075200297,183.87509083234426
2.016690564996653,183.85340226509356
2.0165297481253934,183.83154707082286
2.0163689569001146,183.8096918765521
2.016208191314683,183.78783668228138
2.016047451362965,183.76598148801065
2.015886737038832,183.7441262937399
2.015726048336154,183.7222710994692
2.015565385248805,183.70041590519844
2.0154047477706607,183.6785607109277
2.0152441358955984,183.65670551665698
2.015083549617498,183.63485032238623
2.01492298893024,183.61299512811547
2.0147624538277085,183.59113993384477
2.014601944303788,183.56928473957404
2.0144414603523657,183.54742954530332
2.0142810019673316,183.52328838925553
2.014120569142576,183.49912305728557
2.0139601618719922,183.47495772531562
2.0137997801494754,183.4507923933457
2.013639423968922,183.42662706137574
2.0134790933242317,183.4024617294058
2.013318788209305,183.36546179303713
2.0131585086180435,183.30737310765608
2.012998254544353,183.24928442227505
2.012838025982141,183.19119573689403
2.0126778229253137,183.13310705151298
2.0125176453677835,183.07501836613193
2.0123574933034627,183.01692968075093
2.012197366726265,182.9588409953699
2.012037265630107,182.9007523099889
2.0118771900089074,182.84421979567816
2.0117171398565854,182.8189972069788
2.011557115167064,182.81521945059035
2.011397115934267,182.8114416942019
2.0112371421521202,182.80766393781346
2.011077193814552,182.80388618142504
2.010917270915492,182.80010842503663
2.010757373448872,182.79633066864818
2.010597501408626,182.79255291225974
2.010437654788689,182.78877515587135
2.010277833582999,182.7849973994829
2.0101180377854955,182.78121964309446
2.0099582673901195,182.77744188670604
2.009798522390815,182.77366413031763
2.0096388027815277,182.76988637392918
2.0094791085562034,182.76610861754074
2.009319439708792,182.76233086115232
2.009159796233245,182.7585531047639
2.009000178123515,182.74668143911944
2.0088405853735565,182.72747816921085
2.0086810179773265,182.70827489930227
2.0085214759287844,182.6890716293937
2.0083619592218898,182.66986835948512
2.0082024678506065,182.65066508957653
2.008043001808898,182.63146181966792
2.0078835610907313,182.61225854975936
2.0077241456900743,182.59305527985077
2.0075647556008973,182.1863689917106
2.0074053908171727,182.1649659623379
2.0072460513328747,182.1435629329652
2.0070867371419787,182.1221599035925
2.0069274482384634,182.10075687421977
2.006768184616308,182.07935384484705
2.0066089462694943,182.05795081547436
2.006449733192006,182.03596482188271
2.006290545377829,182.01345714956435
2.00613138282095,181.99094947724598
2.005972245515359,181.96844180492758
2.0058131334550473,181.9459341326092
2.005654046634008,181.92342646029084
2.0054949850462354,181.90091878797244
2.0053359486857274,181.87841111565407
2.0051769375464823,181.8559034433357
2.0050179516225017,181.8333957710173
2.0048589909077874,181.81088809869897
2.0047000553963445,181.78838042638057
2.0045411450821793,181.7658727540622
2.0043822599593004,181.74336508174383
2.0042234000217176,181.72085740942543
2.0040645652634437,181.69834973710707
2.0039057556784923,181.69048533932863
2.0037469712608798,181.6834634829592
2.003588212004624,181.67644162658982
2.0034294779037443,181.66941977022043
2.003270768952263,181.662397913851
2.003112085144203,181.65537605748165
2.0029534264735904,181.64835420111223
2.002794792934452,181.6413323447428
2.0026361845208176,181.63431048837344
2.0024776012267176,181.62728863200402
2.0023190430461857,181.62026677563463
2.002160509973257,181.61324491926524
