B(T),MR(%)
33.13,160.76707794163082
33.08665270736535,153.57313353482738
33.043418697708276,155.28198946998475
33.000297527530975,156.4714208518986
32.95728875564765,160.50843068913056
32.91439194316949,157.90619837820924
32.87160665348971,152.93373619018496
32.82893245226875,152.16471835939217
32.786368907419586,152.4984292094544
32.74391558909314,159.2772477235788
32.70157206966381,159.77686566849303
32.6593379237151,154.2262684449455
32.61721272802539,152.54978925415833
32.57519606155382,158.82230740155165
32.53328750542617,160.2615514184073
32.49148664292109,156.76646550234906
32.449793059456134,152.84319441730614
32.40820634257416,154.66410586647464
32.366726081929684,155.61353208950754
32.32535186927539,158.1942486079091
32.28408329844873,160.81366153772026
32.242919965358666,154.55866326562574
32.20186146797243,154.31927837249367
32.16090740630248,156.24427276331858
32.12005738239348,159.23697595068572
32.07931100030944,160.11824650820733
32.03866786612088,155.257849671559
31.99812758789219,153.83694395404893
31.957689775668978,153.7719899049506
31.917354041465625,157.65532847592712
31.877119999252802,158.9760703920649
31.83698726494524,155.58634241966473
31.796955456389416,152.31914604440394
31.757024193351526,154.37720656864843
31.717193097505337,155.2780104894032
31.677461792420345,158.0758054584348
31.637829903549818,156.70402089031165
31.59829705821912,154.0779157551594
31.558862885613934,154.067241039051
31.51952701676877,152.91421417895168
31.48028908455535,155.0683680306439
31.441148723671294,158.81265527976728
31.40210557062868,155.56334297994675
31.363159263742894,154.2337246755074
31.324309443121354,158.86929022670427
31.285555750652534,158.36154460072342
31.24689782999486,158.54860896474946
31.208335326565884,156.26351258591416
31.169867887531336,153.53558150319554
31.131495161794472,154.53197328120734
31.093216799985303,157.5646575554864
31.055032454450064,156.8153758982897
31.01694177924061,155.73540446564238
30.978944430104068,154.3112414250758
30.941040064472354,153.96580946276237
30.903228341451992,155.93511031909253
30.86550892181378,159.3002308215553
30.82788146798276,157.74954028571793
30.790345644028033,155.27426502367848
30.752901115652875,155.0672604807331
30.715547550184706,155.44276538234502
30.678284616565335,157.34640337537996
30.641111985341087,156.8040942495577
30.60402932865319,153.25979499436448
30.567036320228034,153.5716881922494
30.530132635367703,154.43111809210066
30.49331795094038,157.97686200942476
30.45659194537101,156.2996188683897
30.41995429863183,153.994798868994
30.383404692233196,154.49096004267673
30.346942809214227,154.99380099714577
30.310568334133766,153.89019390062404
30.27428095306116,155.04571527938054
30.238080353567362,152.8420049639348
30.201966224715818,153.17277133915053
30.16593825705371,150.70480022545212
30.12999614260299,153.01557675690003
30.094139574851717,153.3047787804902
30.058368248745225,153.0687562855631
30.022681860677604,150.90264733813842
29.987080108482985,150.33478752647744
29.95156269142711,152.05084057162873
29.916129310198784,152.03544443653274
29.880779666901557,150.95424418682566
29.84551346504527,150.4420923494027
29.810330409537865,152.88238354207257
29.775230206677072,152.25925913043426
29.740212564142322,153.11569548133104
29.70527719098652,154.66916871414242
29.67042379762812,149.74691443040507
29.635652095842993,150.381281888514
29.6009617987566,150.24205436138428
29.566352620835993,151.23673802892654
29.531824277882087,151.69218348773978
29.49737648702178,152.1158590383596
29.463008966700315,152.81975426112888
29.428721436673538,154.06032930250188
29.394513618000353,154.62459767057265
29.36038523303507,154.51741662486882
29.32633600541999,152.65942516780018
29.29236566007785,153.94812136030265
29.258473923204505,154.65418506777334
29.224660522261487,156.03186557332165
29.190925185968794,153.9601085429105
29.15726764429752,151.68486309946303
29.12368762846277,150.88583776933186
29.0901848709164,154.9102857345658
29.056759105340006,152.57758390998816
29.023410066637773,151.8767908008372
28.99013749092956,153.02265695266254
28.956941115543845,152.80062668327554
28.92382067901092,153.04051845192032
28.89077592105591,152.84603507764848
28.85780658259206,153.50926177966863
28.82491240571388,152.25442031777365
28.792093133690496,152.78054254893937
28.759348510958887,153.5412966525341
28.72667828311734,151.66972404533388
28.694082196918778,152.09468786765186
28.661560000264295,152.763783200521
28.62911144219658,151.36503654535028
28.59673627289354,151.00892586297573
28.564434243661807,154.1977421926665
28.53220510693045,151.7016776873861
28.500048616244577,152.3540867304531
28.467964526259127,150.99022353533547
28.435952592732544,150.49819547977995
28.404012572520678,149.42793243003743
28.37214422357053,148.56292285278786
28.34034730491422,150.96925886453408
28.308621576662855,150.71719288378884
28.27696680000054,151.75286597169116
28.245382737178335,148.76761320117882
28.21386915150838,146.75546327387494
28.18242580735788,149.87697820276202
28.15105247014334,151.70234383055043
28.119748906324634,151.4930614241353
28.088514883399295,147.1154829075632
28.05735016989668,145.06889812987023
28.026254535372328,148.50388488736553
27.995227750402204,153.4157634367669
27.964269586577142,152.48639369846765
27.933379816497144,150.70069308745693
27.902558213765907,149.90623764498838
27.871804552985207,149.32293822621315
27.841118609749476,150.92103641630516
27.810500160640284,154.48617717952678
27.779948983220976,153.11927661025504
27.74946485603122,150.88193524341182
27.719047558581725,149.38062811502468
27.68869687134885,150.97429243124094
27.658412575769407,150.06905171455264
27.62819445423533,151.22949715148934
27.598042290088543,151.7667552260478
27.567955867615698,149.42535040979774
27.53793497204312,150.19102990852036
27.50797938953161,151.07223616098352
27.478088907171447,151.6964227058226
27.44826331297727,149.5430387664971
27.41850239588315,147.88526874486237
27.3888059457375,150.29314462630163
27.359173753298254,150.4048890100959
27.329605610227848,151.425349362539
27.30010130908841,149.56200303214425
27.270660643336853,149.07042271308603
27.241283407320108,150.16077476237666
27.21196939627028,152.603117908533
27.18271840629995,152.97371383170156
27.153530234397387,149.19234967383684
27.12440467842191,148.2316144693694
27.09534153709917,147.72714186041352
27.06634061001656,150.41449242815807
27.037401697618556,150.84252862194873
27.008524601202204,149.40357643378144
26.9797091229125,146.5925100681577
26.950955065737947,147.25629672111148
26.922262233505986,150.05661085235647
26.893630430878616,149.36837794802477
26.865059463347887,147.3005327786487
26.836549137231554,146.59703721097256
26.808099259668648,147.15510419376682
26.779709638615188,148.76633272185896
26.751380082839795,150.14018471097376
26.723110401919456,147.23066367089137
26.694900406235202,146.2559712502048
26.666749906967937,145.34481397637026
26.638658716094135,146.56401878294713
26.610626646381753,146.25815207603006
26.582653511385985,145.14907652972636
26.554739125445202,145.01949208382123
26.52688330367677,145.11869120993126
26.49908586197304,144.41561229841375
26.471346616997227,145.77501570652856
26.44366538617945,148.4294849428302
26.416041987712646,147.55075931965618
26.38847624054867,147.41085348406585
26.36096796439426,149.2767498702606
26.333516979707195,150.79005090497233
26.30612310769229,150.9135787032702
26.27878617029761,148.10962555130638
26.251505990210536,145.96087962126063
26.22428239085399,148.13031328311175
26.197115196382562,149.48194567226312
26.170004231678803,151.74715293214928
26.142949322349377,149.7966209702385
26.115950294721408,147.51170606076263
26.08900697583867,147.19852597001938
26.062119193458,147.00880940993852
26.035286776045513,148.05302054499901
26.008509552773067,147.0411161887213
25.98178735351453,147.80907790564794
25.955120008842286,147.47889794016632
25.92850735002354,146.35529303424678
25.901949209016877,146.1616650801825
25.875445418468612,144.59613614878367
25.848995811709372,142.6283208230418
25.822600222750523,142.26368062803706
25.79625848628077,145.80378644052803
25.769970437662625,146.86177596230192
25.743735912929072,145.91160244313568
25.717554748780064,144.2009843541721
25.691426782579207,144.2403492671172
25.665351852350337,144.17883886163247
25.639329796774238,147.00540695243714
25.61336045518523,146.46894158072314
25.587443667567953,143.74563153730713
25.561579274553996,142.84492752055473
25.53576711741871,144.98223624832565
25.510007038077884,146.26890549534727
25.484298879084587,147.13960428302386
25.458642483625905,147.26242821228664
25.4330376955198,143.91692048135806
25.407484359211885,142.89411014312319
25.381982319772344,145.85620891681097
25.35653142289273,145.1833953651076
25.33113151488291,143.98482630564354
25.305782442667923,141.45107347609002
25.28048405378496,143.91471065413037
25.255236196380242,147.80460841042793
25.230038719206046,148.08649158263663
25.20489147161763,144.51182230049704
25.179794303570276,144.06052708192345
25.154747065616267,144.6363959169646
25.129749608901957,146.4100818436727
25.104801785164785,146.92750574921035
25.079903446730388,145.65910020189517
25.05505444650963,144.76190043974762
25.03025463799577,144.28915945787102
25.00550387526152,144.94746209893884
24.980802012956246,146.1536853072511
24.956148906303056,143.90594286342892
24.931544411096034,144.2856169847793
24.906988383697374,143.39438237719776
24.88248068103464,144.4119285735864
24.85802116059792,145.84486819620122
24.833609680437146,143.59171763098016
24.809246099159264,143.89752218053016
24.78493027592557,143.5871059182784
24.760662070448955,144.54359227295876
24.73644134299123,144.59510875496295
24.712267954360428,144.82323681162177
24.68814176590816,144.31690708009205
24.664062639526925,141.88638427861235
24.640030437647535,141.11405941763337
24.616045023236417,141.83215680190662
24.59210625979309,140.46867472186483
24.568214011347507,138.3314903299119
24.544368142457536,139.140117756172
24.520568518206343,140.22768648506553
24.49681500419992,141.26388993639648
24.47310746656447,142.26975889193898
24.44944577194398,142.83573680785702
24.42582978749764,142.44028355778073
24.402259380897423,141.94154955241137
24.37873442032556,142.30898229840744
24.35525477447213,142.53668578512782
24.33182031253257,142.9968095268366
24.308430904205302,141.93682832075757
24.28508641968925,143.26584597809426
24.261786729681504,144.02614222154847
24.238531705374882,142.38444789887308
24.2153212184556,141.56686261592677
24.192155141100866,139.64423510281165
24.16903334597658,140.68663395414438
24.145955706234954,141.41521623848
24.122922095512244,141.64996903660006
24.099932387926394,141.94669206139122
24.07698645807479,141.84444925479875
24.054084181031914,141.2686422966059
24.031225432347167,141.33212216890328
24.008410088042524,141.5385153527194
23.98563802461037,142.80853380262027
23.9629091190112,143.13987891761496
23.940223248671476,143.2722668639588
23.917580291481347,143.13972831060877
23.894980125792536,142.37335308784563
23.872422630416086,143.18950233000024
23.84990768462027,141.3326531836928
23.827435168128357,141.64684545018963
23.805004961116545,141.49012370899794
23.782616944211775,141.7429545009149
23.760270998489652,142.6960159819446
23.7379670054723,142.43854443633703
23.715704847126325,140.6582526522359
23.693484405860662,140.89048201752325
23.671305564524573,140.90001316187852
23.64916820640553,140.4942286887134
23.627072215227223,139.87984429530854
23.60501747514746,139.18027251756845
23.58300387075621,139.66483644267151
23.561031287073543,140.09692827474055
23.539099609547648,139.46116672952144
23.51720872405283,138.73690802599788
23.49535851688755,138.62104494474187
23.473548874772423,140.24363627599178
23.451779684848315,140.17852433563496
23.43005083467433,139.68730399227792
23.40836221222593,140.93158958602098
23.386713705892966,141.90686515031376
23.365105204477814,142.69161991160507
23.343536597193406,143.36332323572026
23.322007773661404,142.90079816436634
23.300518623910257,142.56125629399827
23.279069038373386,142.07279404131242
23.257658907887265,139.56183976432004
23.23628812368962,141.75438289346528
23.21495657741754,143.51820164226478
23.193664161105694,142.92557433816708
23.172410767184463,139.77715928333274
23.15119628847817,140.20733177203198
23.130020618203247,141.807645521268
23.108883649966458,139.90314835411291
23.08778527776311,140.77854953469932
23.066725395975297,138.07218029554247
23.04570389937011,135.26222787549676
23.02472068309792,135.71536086923788
23.00377564269059,137.42245166017602
22.982868674059795,137.80378265741695
22.961999673495235,137.60351867837238
22.941168537662993,137.37063176825825
22.920375163603747,136.3980923888772
22.899619448731166,137.04542621512587
22.878901290830125,136.74108060001228
22.858220588055122,137.58564670340775
22.837577238928517,138.6577757444972
22.816971142338968,139.01814764516885
22.79640219753968,139.38299942592636
22.775870304146864,138.44544483868265
22.755375362138004,139.08990607440535
22.734917271850332,138.6595599764139
22.71449593397912,137.7763561932656
22.69411124957615,137.15327164798182
22.67376312004805,138.98048940399477
22.653451447154772,140.62416971349967
22.633176133007947,139.68590467499718
22.612937080069358,139.95994737670696
22.592734191149344,139.0890065090536
22.57256736940528,139.35145683182185
22.552436518339984,139.01255566766002
22.532341541800232,140.91728634061855
22.512282343975166,138.3620926423647
22.492258829394835,137.22522110100113
22.472270902928617,137.23751092537532
22.452318469783773,137.91564017355998
22.432401435503895,138.95945362683727
22.412519705967465,139.25429607937104
22.392673187386322,138.9924468949864
22.372861786304234,138.40372113373294
22.353085409595387,138.16010928743495
22.33334396446298,138.38121157392015
22.313637358437706,138.54634246067698
22.293965499376377,139.29988834419953
22.274328295460425,139.37617863809731
22.25472565519453,138.81789213212812
22.235157487405157,138.9819830610175
22.215623701239167,139.1993335780458
22.196124206162388,139.6872277164402
22.176658911958253,139.61248367084045
22.157227728726358,139.69500278559062
22.137830566881135,137.94900747844162
22.118467337150417,137.58591554667902
22.09913795057413,137.14705003549415
22.079842318502862,136.10355045473892
22.06058035259658,135.87485862059856
22.041351964823217,135.61908956998454
22.022157067457382,135.94941728435498
22.00299557307898,137.98126653213126
21.983867394571938,137.53356079096002
21.964772445122822,136.4202814116973
21.94571063821959,133.8280884557666
21.926681887650226,135.73644066092635
21.907686107501487,136.44281346291496
21.88872321215757,135.3682846204963
21.86979311629887,134.6654926832573
21.850895734900643,134.64296356998165
21.832030983231807,134.11951663062234
21.813198776853593,133.71621946758336
21.79439903161836,133.0200538513651
21.775631663668285,132.64248870819824
21.75689658943416,133.21973111173776
21.73819372563411,134.87765083953707
21.7195229892724,134.9629346412899
21.700884297638165,134.6144173002964
21.68227756830424,133.92903384916616
21.663702719125887,134.756257159117
21.64515966823964,135.62985606378675
21.626648334062054,136.13145870065227
21.60816863528856,134.92200074772654
21.589720490892212,133.7137455297106
21.571303820122573,134.1979058774944
21.552918542504468,134.9301718026423
21.53456457783688,135.0266874241489
21.51624184619171,135.77379849569763
21.497950267912696,134.99709611239967
21.479689763614186,134.19698997724174
21.46146025418004,133.75081029978085
21.44326166076246,134.80963974149807
21.42509390478087,135.2524288499128
21.40695690792077,134.41809652628086
21.388850592132624,133.4493737936727
21.37077487963073,133.23707653747095
21.35272969289212,133.3902724604282
21.33471495465542,132.87782548784713
21.316730587919807,131.8033097207702
21.298776515943835,131.4754622422085
21.28085266224441,131.497613227656
21.262958950595664,132.21055401826192
21.245095305027895,133.0986342045106
21.22726164982647,133.5478225442793
21.2094579095308,133.90992405336738
21.19168400893321,133.81098994494076
21.173939873077934,132.94858948133484
21.15622542726004,132.83452068443148
21.13854059702439,133.0066050010359
21.120885308164578,132.72982443022536
21.10325948672192,132.47138350906584
21.085663058984384,133.01004304400328
21.068095951485617,133.54578882641204
21.050558091003857,134.24424691777992
21.033049404560984,134.76490195498076
21.015569819421433,135.00496290476914
20.99811926309126,134.7128268163521
20.980697663317095,134.44408580465137
20.963304948085153,133.6585788380476
20.94594104562024,133.41332750202815
20.928605884384794,132.2148250450592
20.911299393077847,132.60579561371918
20.89402150063411,133.01712634900946
20.876772136222947,133.33941553749636
20.859551229247444,133.26618890231617
20.842358709343422,133.44730166654895
20.825194506378505,133.50358981901564
20.808058550451126,132.93764494944367
20.790950771889623,133.88847923735176
20.77387110125126,134.30719772705305
20.75681946932131,133.9900998843484
20.73979580711211,133.0730051490421
20.72280004586213,133.85677988249296
20.705832117035044,133.85220468733084
20.68889195231883,133.34224554931149
20.67197948362481,132.48246707822932
20.655094643086798,132.24933486849244
20.638237363060128,132.3150749698188
20.62140757612081,132.24100235735673
20.60460521506457,132.23482495937012
20.587830212906027,132.05456132682323
20.57108250287773,132.15848126445923
20.554362018429327,132.67874693448476
20.53766869322665,132.3719513270355
20.521002461150868,132.59350194868102
20.504363256297573,132.0087150548224
20.487751012975956,131.53246684718084
20.471165665707904,131.63066719390417
20.45460714922718,131.3442503197154
20.438075398478514,130.71333636722179
20.421570348616807,131.18667062313193
20.40509193500624,132.0649561308241
20.38864009321947,132.33441530816458
20.37221475903673,130.698046841662
20.35581586844507,130.1344422949619
20.339443357637464,130.2483978706385
20.32309716301202,129.75392318481795
20.306777221171117,130.24290046991362
20.29048346892064,129.6283656606712
20.27421584326911,130.2223668206938
20.25797428142692,130.9959926966823
20.24175872080548,131.44869994145375
20.225569099016447,132.00037683952326
20.209405353870913,131.35237075197279
20.193267423378618,130.91996009011802
20.177155245747137,130.4632304508896
20.16106875938112,130.01557257870928
20.145007902881467,129.80809024931352
20.1289726150446,130.0124443075306
20.11296283486163,130.0780271856761
20.096978501517633,129.09896067331624
20.081019554390835,129.66666462919557
20.065085933051886,130.36999513986822
20.049177577263066,131.41164556118582
20.033294426977548,131.73723734415063
20.017436422338623,130.07487045776077
20.00160350367897,129.1040426138328
19.985795611519887,129.23165707439648
19.970012686570556,129.99337860280278
19.9542546697273,130.8131716356503
19.938521502072856,130.90510595453526
19.922813124875614,130.83825797325647
19.907129479588917,130.74331935309343
19.89147050785031,131.24754216776847
19.87583615148084,130.83898572441905
19.860226352484297,131.24179035397174
19.844641053046544,130.6483209388034
19.829080195534765,130.25444321469197
19.81354372249678,129.60805676460575
19.79803157666032,129.88961454138658
19.782543700932344,129.49005245851663
19.767080038398298,129.18477000209705
19.75164053232148,129.31417141827626
19.736225126142283,129.83112970760672
19.72083376347755,130.395332116129
19.70546638811986,130.2802967984451
19.690122944036865,129.7078357426646
19.674803375370576,129.04632467793462
19.65950762643673,129.30525729324143
19.644235641724073,129.22112386103947
19.628987365893725,129.04657928855966
19.61376274377847,129.22429778235403
19.598561720382136,129.84358812994827
19.583384240878903,130.30874841460903
19.56823025061265,130.8983525600726
19.553099695096304,130.306815487342
19.537992520011183,129.52044203816
19.522908671206345,127.72680220574067
19.507848094697945,127.14252940909772
19.492810736668588,128.8049225077521
19.47779654346669,128.9483475427855
19.462805461605836,128.93587032569252
19.447837437764157,128.3447230782003
19.432892418783666,127.42011173452704
19.41797035166968,126.81610747773527
19.403071183590143,126.11083108846131
19.388194861875036,125.93079093194505
19.373341334015734,126.28699491687121
19.358510547664412,125.62520108183699
19.343702450633405,125.12834994578517
19.32891699089462,124.7240044823752
19.31415411657889,124.48901200325673
19.29941377597543,124.33565543088764
19.284695917531156,125.30095086119351
19.270000489850155,125.34007246783632
19.255327441693023,125.81439786545843
19.240676721976335,126.38160675178462
19.22604827977199,127.30045743301145
19.211442064306674,126.53715846989988
19.19685802496122,126.02752198598486
19.182296111270077,125.89190529577937
19.16775627292068,126.19632677865866
19.153238459752917,127.29482841723022
19.1387426217585,127.3095677020488
19.124268709080447,126.90118723137908
19.109816672012453,127.45592240203209
19.09538646099838,128.2315722210846
19.08097802663163,128.56709033939836
19.06659131965464,127.97102351391717
19.052226290958266,127.16300935838888
19.037882891581276,127.19325015733662
19.023561072709743,127.17207920505099
19.009260785676542,126.96595381715089
18.99498198196075,126.8653820560784
18.98072461318714,126.31634456972415
18.966488631125596,125.53739573621984
18.95227398769061,124.78427738131805
18.938080634940693,124.57906171848484
18.923908525077895,124.46242481232224
18.909757610447198,125.20251044538176
18.895627843536055,125.53034851622184
18.88151917697379,125.32345769501518
18.867431563531127,125.56394238075532
18.853364956119623,126.15585502080725
18.839319307791165,126.06251368422957
18.825294571737427,126.16290853207593
18.811290701289384,125.45792928591788
18.797307649916753,125.02173940206907
18.783345371227515,125.00881278890921
18.76940381896737,124.92535443022666
18.755482947019257,125.40689397318923
18.741582709402813,125.87593102589221
18.7277030602739,126.10681908853923
18.713843953924066,126.58185198874804
18.700005344780084,126.98355343476072
18.686187187403412,126.84972152584726
18.672389436489727,126.58609342511998
18.658612046868406,126.76781383771504
18.64485497350205,126.92274441114363
18.631118171485983,127.10512964321084
18.617401596047777,127.39708921982094
18.60370520254674,126.65249214684138
18.590028946473474,125.76317510170267
18.57637278344933,124.13451717023948
18.562736669226005,124.07451257998562
18.549120559684987,124.30108520282053
18.535524410837144,124.97292492920374
18.521948178822207,125.628858629668
18.508391819908322,126.03369568396737
18.49485529049156,125.99161178450146
18.481338547095483,126.46971171096217
18.46784154637063,126.32373735931964
18.4543642450941,125.85494982204213
18.44090660016907,125.44298821053911
18.42746856862433,125.68940467720645
18.414050107613836,126.17637607366694
18.40065117441625,126.16095998063167
18.387271726434484,126.29353186992864
18.37391172119527,126.47301314412418
18.36057111634867,126.73901373733102
18.347249869667664,127.1330021244417
18.333947939047686,126.78055294108863
18.320665282506198,125.96008148177172
18.30740185818222,125.79076611976274
18.294157624335927,125.42190483571241
18.280932539348164,125.31843178448284
18.267726561720067,124.03761416481251
18.254539650072577,123.82936864332889
18.24137176314604,124.4221311822316
18.228222859799764,125.4495812160217
18.215092899011598,125.50495888557128
18.201981839877487,124.64207118008628
18.188889641611077,124.05574868180855
18.175816263543265,123.51940904880183
18.162761665121796,124.63529443762462
18.149725805910823,124.38049797723619
18.136708645590527,124.1351478289268
18.12371014395665,124.71483268477746
18.11073026092013,124.98628436834568
18.09776895650665,125.51631257638903
18.084826190856262,126.23803282850095
18.071901924222942,126.65904033636315
18.058996116974225,126.68482522360429
18.046108729590753,125.59469542993236
18.033239722665915,124.72087089417592
18.02038905690541,124.58673104328417
18.007556693126887,125.02196605408619
17.99474259225949,125.61293254229167
17.981946715343533,125.91262601449978
17.969169023530025,125.96131384103822
17.956409478080356,125.81983242092747
17.943668040365843,125.89219553328333
17.930944671867376,125.29569091450138
17.918239334175016,124.56442128621603
17.905551988987618,124.46665642429916
17.892882598112426,123.98918027660818
17.880231123464718,123.43588149585216
17.867597527067396,123.7838907441874
17.854981771050635,122.677219282708
17.842383817651474,122.60496260440729
17.82980362921347,123.3347960866295
17.81724116818629,123.31353402674435
17.804696397125372,123.40613809510609
17.79216927869152,123.6791703920515
17.77965977565057,123.60223380656754
17.767167850872973,123.76943905690915
17.75469346733348,123.8113416698038
17.74223658811074,123.34806126317905
17.729797176386942,122.82945640428203
17.717375195447467,122.56833968512288
17.704970608680515,122.11081605786995
17.69258337957674,122.11991869048072
17.68021347172891,121.99794773513753
17.667860848831527,121.86472957764818
17.655525474680502,123.16354245612123
17.643207313172766,124.15847206538291
17.630906328305944,123.77486142119469
17.61862248417799,122.89244993284576
17.60635574498686,122.27907606261883
17.59410607503012,122.62553870691892
17.581873438704648,123.36484949647797
17.569657800506263,123.39486534286874
17.55745912502939,122.28620546949699
17.5452773769667,121.7750610031398
17.5331125211088,120.60317379404665
17.520964522343874,120.82363861348585
17.50883334565735,122.02593412773496
17.496718956131552,123.29764214522442
17.484621318945393,124.17878946476006
17.472540399374004,124.36979654930377
17.460476162788442,124.44373193820283
17.44842857465532,123.43681928968846
17.436397600536512,122.84606246492442
17.424383206088795,122.44483967316222
17.412385357063556,122.7890344604528
17.400404019306418,122.84830675236023
17.388439158756977,123.1173344502627
17.37649074144842,122.94992734228225
17.364558733507252,122.05245603217344
17.352643101152932,121.15037964749585
17.340743810697607,120.82415043517368
17.32886082854573,121.83757720751885
17.316994121193805,121.43305509854365
17.30514365523003,121.27380455451085
17.293309397334006,120.95648455470135
17.281491314276415,120.57288932965784
17.269689372918716,120.46366053161968
17.25790354021282,121.49746991874811
17.2461337832008,122.02335846276834
17.234380069014577,121.95639221134505
17.222642364875608,121.85750432583035
17.210920638094585,121.54721646211117
17.199214856071144,121.83655306527234
17.18752498629354,121.36224670434936
17.17585099633836,121.00077392307193
17.164192853870226,121.12435975546674
17.152550526641487,121.42008252327918
17.140923982491923,122.36925797237005
17.12931318934846,122.85701901967096
17.117718115224857,123.09518248808497
17.106138728221435,122.27673921856356
17.094574996524752,121.73340292992249
17.08302688840736,121.9376533396105
17.071494372227452,121.62464295522688
17.05997741642864,121.16359272740098
17.048475989539607,120.30545725599231
17.036990060173867,119.87491557190731
17.025519597029444,119.63257654159901
17.014064568888625,119.14175959969222
17.00262494461763,119.13254628342078
16.991200693166377,119.3504976544338
16.979791783568164,119.95512919461248
16.968398184939417,120.62065226298029
16.957019866479392,120.91333623217925
16.94565679746991,120.97050525075235
16.93430894727506,120.40168935670621
16.922976285340965,120.56568467933377
16.911658781195452,120.82242558740755
16.900356404447837,122.28824998637783
16.889069124788602,122.1818105268712
16.877796911989158,121.65544738457152
16.866539735901558,121.16169489051606
16.85529756645824,121.14503849484055
16.844070373671748,121.73323962962093
16.832858127634474,121.37236144421738
16.821660798518383,120.88065962775235
16.810478356574762,120.97733819207427
16.799310772133946,121.09929009058615
16.78815801560506,122.39452491693689
16.777020057475745,122.5760909246925
16.76589686831193,122.45759453738995
16.754788418757535,122.32459802607241
16.743694679534233,122.5490212500226
16.732615621441195,122.1423511027347
16.72155121535482,121.57787812279074
16.71050143222849,121.31277566178784
16.69946624309232,120.99808804627472
16.68844561905289,121.04178907277253
16.677439531293004,120.533271763757
16.66644795107144,120.35649286963684
16.65547084972269,120.36596368438356
16.644508198656716,120.63529217687594
16.633559969358714,121.03435379064574
16.622626133388838,121.67799137529357
16.611706662381987,121.85838698740602
16.60080152804753,121.55830499416669
16.589910702169092,119.90758827899
16.57903415660427,118.77416987397753
16.56817186328444,118.93740968499563
16.557323794214472,119.69082580330743
16.54648992147252,120.9803242508059
16.53567021720976,120.24984177243584
16.52486465365017,119.5304614470063
16.514073203090273,119.79759430221465
16.503295837898925,119.80481153949785
16.49253253051705,119.23355929578543
16.481783253457436,118.89573344381915
16.471047979304473,118.75273674037163
16.46032668071394,118.80702348250526
16.44961933041276,118.68508972709458
16.438925901198775,118.48504700335482
16.428246365940513,118.18008678368437
16.41758069757697,118.21828961434106
16.40692886911735,118.60895225404882
16.396290853640885,118.55889982242846
16.38566662429656,118.44669811694989
16.37505615430293,118.7093730988257
16.36445941694785,119.19367669574572
16.35387638558829,119.14629187984438
16.343307033650092,119.39521109752306
16.332751334627762,119.60076515985683
16.322209262084222,120.18336830120663
16.311680789650616,120.22571576132202
16.301165891026077,119.71263582725135
16.290664539977517,119.76586383549865
16.28017671033939,119.46920405791894
16.269702376013502,118.60281375982856
16.259241510968767,118.33828389988085
16.24879408924102,118.62912372313897
16.238360084932765,119.01424112053597
16.227939472213006,119.31902774266106
16.21753222531699,119.88901424147355
16.20713831854603,120.03314148221841
16.19675772626727,120.41934070914087
16.18639042291349,120.22289038327278
16.176036382982875,121.15803179894333
16.165695581038843,121.14935284652185
16.155367991709788,120.81669169944682
16.145053589688917,120.6233428343787
16.134752349734015,119.83392870074681
16.124464246667248,118.3130973246819
16.114189255374963,117.48628555437227
16.10392735080748,117.45778421879344
16.09367850797888,118.18285089025645
16.083442701966817,118.37901075283364
16.0732199079123,118.79097444603738
16.06301010101951,118.88802792782863
16.052813256555584,118.92967427679945
16.042629349850426,118.43851575509575
16.032458356296495,118.04956880330789
16.02230025134862,118.0725750221892
16.012155010523802,118.80454374634627
16.002022609401006,119.10772684184253
15.991903023620967,119.00352592099499
15.981796228886019,118.95355126671035
15.971702200959857,118.66141483604157
15.961620915667389,118.14694250380298
15.951552348894504,118.58923798880008
15.941496476587911,118.37316521976139
15.931453274754924,117.7176594503425
15.921422719463287,117.02352187058023
15.91140478684097,116.70758675055258
15.901399453076001,116.70597404129356
15.891406694416247,116.91628374921828
15.881426487169259,116.80725663103905
15.871458807702052,116.4974459104503
15.86150363244095,116.89362491777894
15.851560937871376,117.62782228292797
15.841630700537682,118.36327114383235
15.831712897042946,117.79496010028457
15.821807504048822,117.67965729095607
15.811914498275314,117.82049335890811
15.802033856500634,118.84268688483559
15.792165555560983,119.04278151045305
15.782309572350405,119.1239468378725
15.77246588382058,118.76085048753163
15.762634466980662,118.1732040330368
15.752815298897083,118.29598076924773
15.743008356693398,118.36787509462876
15.733213617550078,118.13880157684733
15.723431058704364,118.53013845924929
15.713660657450058,119.02522260714665
15.703902391137385,119.16256430808625
15.694156237172779,119.14818825809863
15.68442217301874,119.11970709416701
15.67470017619364,118.9751857558442
15.664990224271564,118.07808063653154
15.655292294882122,117.15667786023994
15.645606365710298,116.79359064859213
15.635932414496255,116.94731252327134
15.626270419035187,116.8237770230171
15.616620357177126,116.5042728008452
15.606982206826805,117.09004758199193
15.597355945943447,117.2420478418874
15.587741552540638,117.05080485635608
15.578139004686127,117.41170052498745
15.568548280501691,117.88916972169001
15.55896935816293,117.13784011843396
15.549402215899143,117.34195130673638
15.539846831993128,117.8425049342207
15.530303184781042,117.7396924952121
15.52077125265222,117.9372245135437
15.511251014049032,118.24765783443223
15.501742447466691,118.48931346777377
15.492245531453127,118.38630095308362
15.48276024460879,118.17065584083805
15.473286565586523,118.22248937391532
15.463824473091368,117.91286184535332
15.454373945880437,117.75966066494968
15.444934962762732,117.72646818406805
15.435507502598998,117.55313363257827
15.426091544301558,116.55598671468573
15.416687066834166,116.02426055208556
15.407294049211835,115.59006963877721
15.397912470500696,115.42828776334551
15.38854230981783,115.07350160181468
15.379183546331127,114.39638192836799
15.369836159259114,114.28117790983754
15.36050012787082,114.5881311608945
15.351175431485604,114.59350818573436
15.341862049473024,115.07242449233682
15.332559961252658,115.84555790866825
15.323269146293981,116.20612079668572
15.31398958411619,116.27463574496593
15.30472125428807,116.78735148392859
15.295464136427833,116.90096568623716
15.286218210202978,117.11738400266705
15.276983455330129,117.09846095614446
15.267759851574906,117.16729209852198
15.258547378751757,116.93218634381701
15.249346016723829,117.1273180173742
15.240155745402799,117.47816432291911
15.230976544748755,117.18909494668833
15.221808394770026,116.71706323758156
15.212651275523056,116.52129219426591
15.203505167112244,116.45851081269981
15.194370049689809,116.35839765630303
15.185245903455643,116.13946964746926
15.176132708657173,115.94522235562899
15.167030445589205,115.77490422770467
15.157939094593806,115.50932995239557
15.14885863606013,115.2955746452678
15.139789050424312,116.05532543491637
15.130730318169297,116.35792955110735
15.121682419824724,116.83271189982968
15.112645335966764,116.72823255527712
15.10361904721801,115.92890541034973
15.094603534247298,115.28902857636608
15.085598777769617,113.96966618739287
15.076604758545924,113.68309769602206
15.067621457383053,113.61040701306501
15.058648855133534,114.31985688421906
15.049686932695494,114.93820380501978
15.040735671012493,115.64204556725842
15.031795051073415,115.88214322753939
15.022865053912303,116.05591814082257
15.013945660608265,115.89692008222127
15.005036852285292,115.4631596294069
14.99613861011217,115.06881187738071
14.987250915302315,115.16811043286401
14.978373749113663,114.98021306287367
14.969507092848518,114.73543168297772
14.960650927853443,114.254698628634
14.951805235519107,113.56790076895362
14.942969997280171,113.40122060868877
14.934145194615146,113.27986943567348
14.925330809046283,113.29721551238768
14.916526822139414,113.61431700719146
14.907733215503855,113.75224201897277
14.89894997079225,113.35413754475893
14.890177069700469,113.74475227228368
14.881414493967458,114.47594649520362
14.872662225375132,114.86162287722401
14.863920245748231,115.13551672195214
14.855188536954213,115.24412288507332
14.846467080903103,114.97812427591802
14.837755859547404,114.63957293663955
14.829054854881928,114.53297703171529
14.82036404894372,114.50155655410754
14.811683423811889,114.36366510210753
14.803012961607525,114.37199186481595
14.79435264449354,114.80276105910056
14.785702454674576,115.16346196861622
14.777062374396863,115.07991747340361
14.76843238594811,114.52586738453059
14.759812471657371,114.57800949812003
14.751202613894943,114.50121229688833
14.742602795072223,114.29069984326128
14.73401299764161,114.28894633901132
14.725433204096365,113.61571086229226
14.716863396970517,113.15352317087513
14.708303558838717,112.67974826133192
14.699753672316142,112.77956431949644
14.69121372005836,112.55066544714526
14.682683684761235,112.48934175234126
14.674163549160777,112.59497565827546
14.665653296033065,113.03913272810999
14.657152908194096,113.73270616104764
14.648662368499691,113.89914524263654
14.64018165984537,113.7948926006359
14.631710765166241,114.00043308102194
14.623249667436887,114.2210427510831
14.614798349671247,113.90228239056819
14.606356794922501,113.51383828885054
14.59792498628297,113.5974969081534
14.589502906883986,113.71721413183795
14.58109053989579,113.59559573735226
14.572687868527414,113.57073653924569
14.564294876026578,113.50476469292657
14.555911545679567,114.04570207464495
14.547537860811133,114.24022837516341
14.539173804784369,113.9049783188928
14.530819361000617,113.22027087031836
14.522474512899336,113.08288322721049
14.51413924395802,112.55234786732937
14.50581353769206,112.51099998228798
14.497497377654662,112.6319501366143
14.489190747436714,112.8858990782048
14.480893630666703,112.87928754575589
14.47260601101058,112.53018945783187
14.464327872171681,112.10837924923533
14.456059197890596,111.68024882678833
14.447799971945084,111.38410051295924
14.439550178149943,111.70949614743319
14.431309800356932,112.7569633114322
14.423078822454634,113.37923001041399
14.414857228368387,113.5379911156575
14.406645002060142,113.90598397288578
14.398442127528392,113.85689956725435
14.390248588808042,113.6883572044749
14.382064369970328,113.17946782327485
14.373889455122686,112.37322746165765
14.365723828408683,112.15293700530225
14.357567474007883,112.35599330016407
14.349420376135772,112.80386491832638
14.341282519043627,112.9794098063976
14.333153887018447,112.38891492940144
14.32503446438282,112.27526456710339
14.316924235494854,112.15758646523203
14.308823184748041,112.34113848056145
14.300731296571195,112.60255200381876
14.292648555428316,112.28847283237202
14.284574945818525,112.5250942046263
14.276510452275929,112.86609716423328
14.26845505936956,113.17485442641757
14.260408751703238,112.65275842486133
14.252371513915513,112.2938663877234
14.244343330679529,112.00416653597817
14.236324186702957,112.33618386197858
14.228314066727874,112.01150126779858
14.220312955530687,111.87225866974447
14.212320837922022,111.9716954260567
14.204337698746635,112.32603374267346
14.196363522883308,112.55021484132811
14.188398295244772,112.75229853039778
14.180442000777585,112.36048422222548
14.172494624462065,112.3649320887042
14.16455615131217,112.11847045457935
14.156626566375422,111.66493303147521
14.148705854732807,111.86555606133797
14.140794001498683,112.3508790817418
14.132890991820679,112.58249564895043
14.124996810879617,112.18729780708237
14.1171114438894,111.88617028158929
14.10923487609694,112.00562867329253
14.101367092782048,112.11961351832258
14.093508079257361,111.95930638540065
14.08565782086823,111.7523003721252
14.077816302992645,111.45319801934204
14.069983511041132,111.67005851339042
14.062159430456681,111.65973065358304
14.054344046714627,111.69108968955571
14.046537345322594,111.88990927459338
14.038739311820374,111.98762194154298
14.030949931779862,112.1016972241081
14.023169190804948,112.25014544332404
14.015397074531448,112.7467743083701
14.007633568626993,112.85254992300287
13.999878658790962,112.5709850012372
13.99213233075438,112.2791346685708
13.98439457027984,111.41767332895512
13.9766653631614,111.10634259288813
13.968944695224527,111.42814393866996
13.961232552325969,111.67500151601662
13.953528920353707,112.44933236752316
13.94583378522684,112.84115725230264
13.938147132895523,113.13175340803667
13.930468949340856,112.8778083879609
13.922799220574827,112.26216354669113
13.915137932640203,111.62692634988304
13.90748507161046,111.31934009302354
13.899840623589688,111.23317204276469
13.89220457471252,111.0402834758361
13.884576911144034,111.41831305635729
13.876957619079684,111.80494469575359
13.869346684745198,112.0254450718671
13.861744094396517,111.59167302918534
13.854149834319692,111.59523383133629
13.846563890830819,112.27748469329998
13.838986250275937,112.00426188264152
13.831416899030975,111.67699914917017
13.823855823501635,111.56485224650608
13.816303010123342,111.39731373028933
13.808758445361137,111.69256556829274
13.801222115709622,111.99674594359482
13.793694007692855,112.29855569206116
13.786174107864287,112.3554535701619
13.778662402806672,112.47511281814171
13.771158879131997,112.28197527519788
13.763663523481386,111.81337914727189
13.756176322525041,111.41045756213771
13.748697262962144,110.75960951087508
13.7412263315208,110.48987497958586
13.733763514957927,109.84553421688352
13.726308800059217,109.72936369500587
13.718862173639021,109.19625124678376
13.7114236225403,108.99969506901769
13.703993133634523,109.1315531567292
13.696570693821615,109.13087242730813
13.689156290029853,109.47535189784017
13.68174990921582,109.60316970222564
13.674351538364295,109.84217151820104
13.666961164488207,110.09947941436083
13.659578774628535,110.20247321768726
13.652204355854252,110.3730752131214
13.644837895262231,111.39657678645217
13.63747937997719,111.5977856132279
13.630128797151594,111.58874196209166
13.622786133965604,111.96464487963489
13.615451377626979,111.81350986686763
13.608124515371026,111.61844369719692
13.6008055344605,111.20974156336005
13.59349442218556,111.13234249050501
13.586191165863658,110.90846620961796
13.578895752839507,111.1500976824361
13.571608170484975,111.51068637282557
13.564328406199033,111.65387261521744
13.557056447407662,111.6778943392741
13.54979228156381,111.55180424987029
13.542535896147285,111.07142426736257
13.535287278664713,110.63023935922735
13.528046416649447,110.47142407841753
13.520813297661508,109.99562574099244
13.513587909287502,109.22811662685757
13.506370239140562,108.32182064515905
13.499160274860262,108.32070936046091
13.491958004112567,108.68292725510395
13.484763414589734,108.86863348877422
13.477576494010277,108.96163616643545
13.470397230118861,109.05180839277119
13.463225610686266,109.23249515573512
13.456061623509285,109.48661675630626
13.448905256410686,109.61934054586891
13.441756497239119,109.70239233700582
13.434615333869061,110.00072723730682
13.42748175420074,110.08992718594524
13.420355746160071,110.18574525927745
13.413237297698586,110.6939773913161
13.40612639679337,111.01592231027217
13.39902303144698,110.34108450173233
13.3919271896874,110.36680122403877
13.384838859567953,110.49041370070228
13.377758029167245,110.96050366046936
13.37068468658909,110.51794046720318
13.36361881996246,110.07078255058576
13.356560417441393,110.08040378022767
13.349509467204955,109.60937488530928
13.342465957457145,109.25651851823503
13.335429876426863,109.12561960336485
13.328401212367805,108.79644927332762
13.321379953558434,108.48181784158123
13.31436608830189,108.11094769916582
13.307359604925944,107.80389253277744
13.300360491782907,107.78216891831448
13.293368737249603,107.62605415670004
13.286384329727262,107.17291154842718
13.279407257641497,106.95310087084792
13.272437509442202,106.92770232574333
13.265475073603527,107.623770836983
13.258519938623772,108.35890214552606
13.251572093025368,108.81003385620485
13.244631525354771,109.20417434380026
13.237698224182438,109.1742298626329
13.230772178102729,109.07499029997763
13.22385337573388,109.2888885625624
13.216941805717903,109.6620790273258
13.21003745672056,109.87156415987059
13.20314031743127,110.00022354847874
13.196250376563073,110.00409534931806
13.189367622852549,110.01571644806413
13.182492045059767,109.84354833601333
13.17562363196822,109.61677366937909
13.16876237238477,109.06316772162393
13.16190825513957,108.59087012681135
13.155061269086035,107.92841904425396
13.148221403100743,107.47148879877314
13.141388646083408,107.06852244506106
13.134562986956796,106.54068309874921
13.127744414666685,106.17519266687346
13.120932918181785,105.9250480233147
13.114128486493698,105.84855898395739
13.107331108616844,105.92216476926728
13.100540773588413,106.32153505003694
13.093757470468294,106.28806656396793
13.086981188339028,106.61520873552742
13.080211916305739,107.72200353960903
13.073449643496089,108.40138264801425
13.066694359060204,107.97883125515986
13.05994605217063,107.6278161359599
13.053204712022263,107.47649077392776
13.046470327832303,107.29313609442511
13.039742888840182,107.56417468184935
13.033022384307529,108.23416596059849
13.026308803518083,108.10764880636259
13.019602135777667,107.86608854773253
13.012902370414105,107.85776211469017
13.006209496777188,107.90136469021624
12.999523504238594,107.66735275367931
12.992844382191857,107.38016390033611
12.986172120052284,107.39754954564286
12.979506707256931,107.04679455094316
12.97284813326451,107.36758690859796
12.966196387555367,108.0815709674762
12.959551459631406,108.46625412441506
12.952913339016046,108.2826972796094
12.94628201525415,108.3280952458368
12.939657477911993,108.86547348944362
12.933039716577184,108.29055201686053
12.926428720858627,107.6003526809113
12.919824480386461,107.05591761962779
12.913226984812011,106.88167260828898
12.906636223807716,107.00367906258415
12.900052187067105,107.22801666172371
12.893474864304713,107.23950209169551
12.886904245256053,107.00115340169384
12.88034031967754,106.95154115393007
12.873783077346456,107.52405210789439
12.867232508060887,108.64830890225873
12.860688601639675,109.18377590693572
12.854151347922354,109.34246699750663
12.84762073676912,108.65359703457185
12.841096758060754,108.32734591234913
12.834579401698585,108.08955662473946
12.828068657604433,107.65545047146092
12.821564515720558,106.65543432480135
12.815066966009605,105.89853088975622
12.808575998454561,105.0345648698495
12.802091603058688,104.9538614536242
12.795613769845493,104.8019996165998
12.789142488858655,104.63743615236154
12.78267775016199,104.11474111297795
12.776219543839394,103.5939630841956
12.76976785999479,103.46392598263287
12.763322688752078,103.34576068947572
12.756884020255097,103.24285653693987
12.75045184466755,102.81827647736648
12.74402615217298,101.93232405660632
12.737606932974701,101.87936789288881
12.731194177295764,102.23243316897918
12.724787875378889,104.07790052139386
12.71838801748643,105.15313766459704
12.711994593900322,105.68148716269378
12.70560759492203,106.29155042536244
12.6992270108725,106.66674032497589
12.692852832092115,106.62762089322453
12.686485048940634,106.5092365279501
12.680123651797162,106.53366509104904
12.673768631060081,106.49708716202247
12.667419977147024,106.47002742458241
12.6610776804948,106.58004026363636
12.654741731559374,106.61755346710737
12.648412120815795,106.86833812404572
12.64208883875817,106.8544201836371
12.635771875899595,107.23443061473904
12.629461222772127,106.99978979041836
12.623156869926719,107.09533777740407
12.616858807933191,107.2177510788301
12.610567027380164,106.84475782459714
12.604281518875032,106.3368657487506
12.5980022730439,106.2928092697837
12.591729280531545,106.11852001209424
12.585462532001365,105.85282431907366
12.579202018135344,105.77585446645708
12.572947729633988,105.72573780718807
12.566699657216294,105.5847220200954
12.560457791619694,105.4485903316022
12.55422212360002,105.15836136576567
12.547992643931446,105.41645787127935
12.541769343406454,105.3979402265854
12.535552212835773,105.7157501256708
12.52934124304836,106.03514730663295
12.523136424891325,105.9898837015777
12.516937749229905,105.70919103413897
12.510745206947416,105.10992803877969
12.504558788945204,104.8582059585043
12.498378486142599,104.88552989555534
12.492204289476884,105.19478059753382
12.486036189903233,105.19976757398285
12.479874178394681,105.80063815328309
12.473718245942063,106.13713406702627
12.467568383553997,105.9827760434849
12.461424582256809,106.06852074184695
12.455286833094517,106.04632425566234
12.449155127128764,105.89804268163411
12.443029455438793,105.39547760112406
12.436909809121396,105.28892096894572
12.430796179290867,105.40414713598756
12.424688557078966,105.46088086945409
12.418586933634876,104.9808580185958
12.412491300125149,104.97348470162811
12.406401647733684,104.45804764121777
12.400317967661662,104.54418445033562
12.394240251127524,105.21535067827473
12.388168489366905,105.67639935982537
12.38210267363262,105.69971601849278
12.376042795194598,105.78230913510012
12.369988845339858,106.22693521527675
12.36394081537245,106.30386004029725
12.35789869661343,105.91369981998642
12.351862480400806,105.63829152852944
12.345832158089504,105.58570364995592
12.339807721051324,105.64088363405222
12.3337891606749,105.6207521384937
12.327776468365654,105.69274406419888
12.321769635545767,105.48935006507264
12.315768653654118,105.23179982615196
12.309773514146272,104.82120614744986
12.303784208494406,104.31595604774913
12.297800728187301,103.99229992381315
12.291823064730274,103.87139039871121
12.28585120964516,103.62157211532119
12.279885154470255,102.85555035428366
12.273924890760288,103.08865985476773
12.267970410086372,104.09500658893157
12.262021704035973,104.8400260898456
12.25607876421286,105.5634856105893
12.250141582237083,106.58335343705377
12.244210149744905,106.60728752036943
12.238284458388796,106.53619836981287
12.232364499837367,106.22724146417049
12.226450265775346,105.4729245448705
12.220541747903535,104.93590807524271
12.214638937938771,104.583883979125
12.208741827613883,104.42544436745848
12.202850408677664,104.42155117983283
12.196964672894817,104.16311725995253
12.191084612045938,103.87217372206783
12.185210217927452,103.59897489608096
12.1793414823516,103.25491068910655
12.173478397146381,103.5077092716332
12.167620954155527,103.74940436959648
12.161769145238459,103.59490972002891
12.15592296227025,103.75189148725963
12.150082397141588,103.90350817576171
12.144247441758743,103.93545929030189
12.138418088043517,104.16232430384365
12.132594327933223,104.17682297253165
12.126776153380634,104.21360038614297
12.120963556353958,104.31803817528635
12.115156528836787,104.34569749977811
12.109355062828076,103.93153900882196
12.10355915034209,104.08077109386082
12.097768783408384,104.41474564757917
12.09198395407175,104.2718032787705
12.086204654392198,104.45077703308965
12.080430876444897,104.34968046154947
12.074662612320166,104.06234464835222
12.068899854123414,103.45435575461352
12.06314259397512,102.89061103531522
12.057390824010787,102.64469878616785
12.051644536380913,102.95987023436578
12.04590372325095,102.52872291272541
12.040168376801274,102.00121960633993
12.03443848922714,101.65922687758331
12.028714052738664,101.7761494424619
12.022995059560763,102.7666218900797
12.017281501933148,103.42423653403603
12.01157337211026,103.011482161365
12.00587066236126,103.37055931622237
12.00017336496998,103.14967424214133
11.99448147223489,103.51147992523141
11.988794976469066,103.89830869819545
11.983113870000157,103.89801964995726
11.977438145170341,103.81554867021751
11.971767794336307,103.52102106449254
11.966102809869202,102.65456875780993
11.960443184154615,102.46326029021054
11.954788909592521,102.49787355849432
11.949139978597277,103.05056787581479
11.943496383597553,104.21230105190062
11.937858117036331,104.43944027911937
11.932225171370844,104.39189012400666
11.926597539072565,104.13898706430268
11.920975212627157,103.51249800246956
11.915358184534448,102.70228760398389
11.90974644730839,102.21811574407336
11.904139993477042,101.9085481545631
11.898538815582516,101.54517736021567
11.892942906180958,101.33836951373395
11.887352257842508,101.57623664189956
11.881766863151277,101.92762305969848
11.8761867147053,102.0479717446533
11.870611805116512,102.98692028784389
11.865042127010716,102.95923701058167
11.859477673027547,103.18594471880584
11.853918435820438,103.69711585002162
11.848364408056598,103.92751194319406
11.842815582416966,104.10869397225451
11.83727195159619,104.18208731140558
11.831733508302584,103.55986173803464
11.826200245258107,102.38926024502497
11.820672155198324,102.09805041389413
11.81514923087238,102.06020377038305
11.80963146504296,102.65556662286203
11.804118850486267,102.67342891167684
11.798611379991979,102.43321562554245
11.793109046363234,102.16166898889492
11.787611842416577,102.12816236349927
11.782119760981955,101.84486847974867
11.776632794902657,101.51278256058572
11.771150937035307,101.41033578457802
11.765674180249817,101.3483504086843
11.76020251742937,101.30395508165219
11.754735941470376,101.2350947304677
11.749274445282447,101.26062761008373
11.743818021788368,101.42636940141753
11.738366663924065,101.33508676677118
11.732920364638572,100.99337055855185
11.727479116894008,100.17265006644448
11.722042913665533,100.02300135662064
11.716611747941334,99.70476979077543
11.71118561272258,99.24618288368234
11.705764501023411,98.9792984809699
11.70034840587088,98.61160599978862
11.694937320304952,98.64494846266516
11.689531237378453,98.95392901994288
11.684130150157056,100.04609301927164
11.678734051719237,100.6048389463543
11.67334293515626,100.77062947135015
11.667956793572131,101.05977729972864
11.662575620083587,100.67117814954622
11.657199407820045,100.234997179553
11.651828149923599,100.17703636662466
11.646461839548964,100.46582723804433
11.641100469863474,100.52513209248107
11.635744034047022,100.61225916550347
11.630392525292061,100.79130240794433
11.625045936803554,100.89140268554907
11.619704261798962,101.24635765174773
11.614367493508194,101.51266836860779
11.609035625173602,101.6890488476395
11.603708650049935,101.59234640832837
11.598386561404322,101.6011324849509
11.593069352516231,101.36644664188053
11.58775701667746,101.56156472825333
11.582449547192082,101.51088760393615
11.577146937376448,101.73846139316774
11.571849180559127,101.92745493663676
11.566556270080907,101.96748555154035
11.561268199294746,101.70833639729356
11.555984961565759,101.31061364203573
11.550706550271176,100.95756742414889
11.545432958800326,100.50433138282898
11.540164180554605,100.46998958957636
11.534900208947448,100.65275418108334
11.5296410374043,100.85232551542072
11.524386659362596,100.25705823352064
11.519137068271723,100.19016095534539
11.513892257593005,100.03470401770056
11.508652220799659,100.31463999890188
11.50341695137679,100.4317135314092
11.498186442821341,100.52857286291507
11.492960688642087,100.8219116204837
11.48773968235959,101.77557047063965
11.48252341750619,102.10741034575904
11.477311887625955,102.0256006844725
11.472105086274683,102.12508570668606
11.466903007019846,101.69754488260972
11.461705643440597,101.13581535193603
11.456512989127702,100.6368097510462
11.451325037683558,99.76155609930002
11.44614178272213,99.63648308651793
11.440963217868946,99.53646756766581
11.435789336761061,99.31814958382698
11.430620133047045,98.91072992292641
11.42545560038693,98.86831675689206
11.42029573245222,99.3163851550313
11.415140522925824,99.91932427707079
11.409989965502076,100.40460783324279
11.404844053886666,100.41837965268448
11.399702781796645,100.32751407312296
11.394566142960382,100.12163731814742
11.38943413111755,100.12977368082323
11.384306740019092,99.84738354963672
11.379183963427199,99.52718703734901
11.374065795115284,99.40764841671448
11.368952228867963,99.3154990266965
11.363843258481015,98.88992997607843
11.358738877761375,98.17179316591711
11.353639080527094,98.15521007051828
11.348543860607325,98.17176127491734
11.343453211842288,98.51526420008724
11.338367128083256,98.76269194507307
11.333285603192518,98.74951343963065
11.32820863104337,98.52943018314903
11.323136205520074,98.4985846741061
11.318068320517844,98.69499625168943
11.313004969942815,99.07838903844082
11.307946147712029,99.33153265826994
11.302891847753395,99.75274676324852
11.297842064005682,99.99331249992865
11.292796790418477,100.20574022858588
11.287756020952179,100.0756132417271
11.282719749577955,100.20697950631484
11.277687970277741,100.79420209679422
11.272660677044188,101.07081785839753
11.267637863880669,100.81384192963492
11.262619524801226,100.79804268468945
11.257605653830572,100.13205814143103
11.252596245004046,99.57487379829647
11.247591292367607,98.94842903259088
11.242590789977797,97.82010895160383
11.237594731901726,97.1770298557845
11.232603112217042,97.27001213513842
11.227615925011916,97.22584225672301
11.222633164385003,97.10933804288115
11.217654824445445,97.16830699632771
11.212680899312817,97.19810018260233
11.20771138311713,97.53087940687992
11.20274626999879,97.50842283649675
11.197785554108586,97.52029638356939
11.192829229607659,97.11637085205862
11.187877290667485,97.07157560283653
11.182929731469851,97.2533953068435
11.177986546206832,97.11131998913483
11.17304772908076,97.7658865685151
11.168113274304222,98.06991067179138
11.163183176100011,98.63406036831253
11.158257428701129,98.65848366803267
11.153336026350738,99.24359575192295
11.148418963302168,99.73115742399517
11.143506233818865,99.66835072660928
11.13859783217439,99.28699410674028
11.133693752652384,98.80303142400088
11.128793989546557,98.68086347956307
11.12389853716065,98.90591509119261
11.119007389808436,98.3408304278471
11.114120541813667,98.01057616738633
11.10923798751009,97.8877351368092
11.104359721241384,97.64408476807105
11.099485737361176,97.68743005630608
11.094616030232988,97.64267453870187
11.089750594230242,97.57146402734622
11.084889423736216,97.06798977929165
11.080032513144038,96.91567715524383
11.075179856856654,96.54317763866003
11.070331449286815,96.39272632464187
11.065487284857046,97.0071360106564
11.060647357999636,97.55985397369767
11.055811663156605,97.91700733038826
11.050980194779699,98.18886257709363
11.046152947330343,97.97726519232587
11.04132991527965,97.53613904722604
11.036511093108372,97.2291975757608
11.031696475306903,97.36146243140462
11.02688605637524,97.53670478747344
11.022079830822971,97.32569978399913
11.017277793169251,96.97075707120422
11.01247993794279,96.67746538554931
11.007686259681808,97.17646964378312
11.00289675293405,97.47925304264871
10.99811141225673,97.97505610328247
10.993330232216538,97.97936401129745
10.9885532073896,97.57497242098466
10.983780332361475,97.24656167284394
10.97901160172711,96.65313292076183
10.974247010090851,96.31184481446832
10.969486552066394,96.67499535781391
10.964730222276785,96.92728905865806
10.959978015354384,97.3081644424827
10.955229925940861,97.96570711570432
10.95048594868716,97.96451052060647
10.94574607825349,98.00462395777899
10.9410103093093,97.74392096132726
10.936278636533263,97.54735975063781
10.931551054613248,97.74350900826833
10.926827558246313,97.82913533387541
10.922108142138667,97.61187039837839
10.91739280100567,97.21874383037581
10.912681529571802,96.97113044742088
10.907974322570643,96.34761493464251
10.903271174744857,95.94240595945408
10.898572080846174,96.19260203701096
10.893877035635361,96.38379870427167
10.889186033882218,96.45823254835628
10.88449907036554,96.49198279543334
10.879816139873117,96.57219235895468
10.8751372372017,96.51103001796331
10.870462357156986,96.0579843114492
10.865791494553603,95.91933290045628
10.861124644215085,95.99933786791598
10.856461800973854,95.7737986363006
10.85180295967121,95.56183222940574
10.84714811515729,95.40754399802378
10.842497262291081,95.27957378673736
10.837850395940368,95.63519229592033
10.83320751098174,96.53391772999244
10.828568602300555,96.87712941088733
10.823933664790934,96.66753528711823
10.81930269335573,96.8159714989214
10.814675682906524,96.84009469230362
10.810052628363588,96.61660100599775
10.805433524655882,96.62139419050928
10.800818366721026,96.54139582073832
10.796207149505292,96.17840842320501
10.791599867963571,95.95607671193846
10.786996517059364,95.6914564232851
10.78239709176477,96.03615146858483
10.777801587060448,96.49932922308719
10.773209997935615,97.4129507573207
10.768622319388024,98.04012815318191
10.764038546423949,98.14541120575254
10.759458674058155,97.73804327550081
10.754882697313892,97.22313241813399
10.75031061122287,96.94196001500242
10.745742410825253,96.70220521336705
10.741178091169619,95.66113254907526
10.736617647312963,95.27301049833406
10.732061074320667,94.85937251346581
10.727508367266495,94.82272946857492
10.722959521232553,94.52861655179777
10.718414531309294,94.81652562430278
10.713873392595492,94.69426012454528
10.70933610019822,94.58472937170487
10.704802649232835,94.56877745629387
10.700273034822963,94.86098224481759
10.695747252100483,95.0843336479112
10.691225296205507,95.51690733226837
10.686707162286353,95.74256474897824
10.682192845499547,95.79144059721949
10.67768234100979,96.14073572658958
10.67317564398995,96.41179856282947
10.668672749621038,96.52581367074505
10.664173653092192,96.63932031567731
10.65967834960067,96.49486080269102
10.655186834351817,96.36045957676332
10.650699102559058,96.52738813308193
10.646215149443876,96.53162581645783
10.641734970235804,96.57692047495587
10.637258560172398,96.71548269230897
10.632785914499221,96.65068528344615
10.628317028469834,96.22515861603055
10.62385189734577,95.89391910824196
10.619390516396527,95.49195295208717
10.61493288089954,95.0757732685817
10.610478986140171,94.9827963170168
10.606028827411695,94.6760580855433
10.60158240001528,94.40797079896055
10.597139699259964,94.66608732647244
10.59270072046265,94.82610432986178
10.588265458948086,94.71067651065516
10.583833910048842,95.08643936596553
10.579406069105303,95.37779523720924
10.574981931465645,95.55918561870827
10.570561492485824,95.40734196883486
10.56614474752956,95.0491733720846
10.56173169196831,94.87201555477833
10.557322321181271,94.94168181882281
10.552916630555346,94.98932901594584
10.54851461548514,95.12524037808781
10.544116271372936,95.44161770614696
10.53972159362868,95.61114607449865
10.535330577669974,95.73924050911839
10.530943218922047,95.32475291884464
10.526559512817752,95.07427292792417
10.52217945479753,95.29457585389372
10.517803040309426,95.3405749488873
10.513430264809042,95.32536572649974
10.509061123759537,95.54263370791773
10.50469561263161,95.6010582951491
10.500333726903483,95.51452314642631
10.495975462060885,95.33117332993743
10.491620813597036,95.00568915739296
10.48726977701263,94.45156522120456
10.482922347815824,93.86186444596822
10.478578521522225,93.40095846790223
10.47423829365486,92.88545330237022
10.469901659744176,92.71461835849446
10.465568615328017,92.96606290849773
10.461239155951617,93.22199510586303
10.456913277167569,93.72026923819226
10.452590974535825,93.81517585676936
10.448272243623672,93.95515511697302
10.443957080005724,93.998560062734
10.4396454792639,93.78500887448199
10.435337436987409,94.07817362524449
10.431032948772744,94.68948098690987
10.426732010223658,95.56261834701998
10.422434616951147,95.75716040020055
10.418140764573446,95.89042752334595
10.413850448716005,95.68852227566788
10.409563665011481,94.80802831449395
10.405280409099712,93.68580915373504
10.401000676627712,93.06758619168681
10.396724463249658,93.04451200375111
10.392451764626868,93.06837937198621
10.388182576427786,93.32788592552777
10.383916894327976,93.62296426494152
10.3796547140101,93.68606941170339
10.375396031163904,94.13139931071744
10.371140841486206,94.4503091608651
10.36688914068088,94.80548483171623
10.362640924458844,94.95192492327476
10.358396188538045,94.89019331510235
10.354154928643435,94.78491869414553
10.349917140506971,94.73698931153774
10.345682819867594,94.65928332405412
10.341451962471218,94.78839647551077
10.337224564070707,94.8179272022252
10.333000620425869,94.61988586078279
10.32878012730344,94.18659554259148
10.324563080477075,93.63741161483924
10.320349475727316,93.33518172166032
10.3161393088416,93.53117371387054
10.311932575614232,93.96835717275584
10.307729271846377,94.24009081080172
10.303529393346038,94.60605675814813
10.299332935928051,94.95447044605814
10.295139895414067,95.37890094820196
10.290950267632539,95.63800112720304
10.286764048418707,95.76512497035122
10.282581233614582,95.96972011613886
10.27840181906894,95.39781867719142
10.274225800637304,95.17102753301072
10.270053174181925,95.01008800165201
10.265883935571772,94.90544535585049
10.261718080682526,94.7979582533356
10.257555605396558,94.80038215497973
10.253396505602913,94.86391490410028
10.249240777197304,94.33444874024127
10.245088416082092,93.77320118092467
10.240939418166285,93.85372239430876
10.236793779365504,93.83619367664267
10.232651495601987,93.81966793170741
10.228512562804564,94.11836766959303
10.22437697690866,94.11214391845772
10.220244733856262,93.71716586610748
10.216115829595914,93.75372692222236
10.21199026008271,93.8472767432111
10.207868021278273,93.5467782486515
10.20374910915074,93.69944940847674
10.19963351967476,93.8661457205005
10.195521248831467,93.77383134089054
10.191412292608481,93.97622930545232
10.187306646999879,93.9556855155895
10.183204308006196,93.7166385940209
10.179105271634405,93.67174558047314
10.17500953389791,93.62640953672309
10.170917090816523,93.16660767179255
10.166827938416455,92.87062524746253
10.162742072730312,92.60439740735237
10.158659489797072,92.33736289441158
10.154580185662075,91.80053297964113
10.150504156377009,91.11088520208398
10.146431397999903,90.55008578751588
10.142361906595106,90.49264907607159
10.138295678233282,90.42647949779473
10.134232708991389,90.36724454719493
10.130172994952677,89.93654133039546
10.126116532206666,89.71329919997163
10.122063316849138,89.63526504876856
10.11801334498212,89.76452770672097
10.113966612713883,90.06096880209965
10.109923116158916,90.23786233099526
10.105882851437917,90.37471598629867
10.101845814677787,90.86068410353946
10.097812002011615,91.19350277284153
10.093781409578659,91.3062219431749
10.08975403352434,91.19479594751692
10.085729870000229,91.43217710769419
10.081708915164034,91.38667339380746
10.077691165179592,91.42239935587511
10.073676616216845,91.6155151328706
10.06966526445184,92.01935314216504
10.06565710606671,92.38016159164009
10.061652137249673,92.15997888016918
10.057650354194998,92.17441613324218
10.053651753103011,92.14630412140086
10.049656330180083,91.99174683964091
10.045664081638611,91.83306589031207
10.041675003697005,91.55775498949828
10.03768909257968,90.86180954291473
10.033706344517043,90.25575924705385
10.029726755745486,90.08921481231909
10.025750322507365,89.81463294995064
10.021777041050994,89.79453074662338
10.01780690763063,89.36875594588695
10.01383991850647,89.41621567622244
10.009876069944623,89.51530111637022
10.005915358217113,89.56432040353582
10.001957779601861,89.53106904684645
9.998003330382677,89.4520977635919
9.994052006849241,89.59672467161568
9.990103805297098,89.9653727257662
9.986158722027644,90.54369368032522
9.982216753348121,91.13316550284543
9.978277895571592,91.16068548042549
9.974342145016935,91.31877341839889
9.970409498008843,91.34131282838881
9.966479950877797,91.08433569511661
9.96255349996006,90.96636201566285
9.95863014159767,90.8614269191042
9.954709872138421,90.82844664381136
9.95079268793586,91.15767630072094
9.946878585349264,91.30114268664448
9.942967560743643,91.73755904727683
9.939059610489721,91.91327447826748
9.935154730963923,92.00607200066362
9.931252918548369,91.95428491332817
9.927354169630853,91.87492086644913
9.923458480604847,91.78027065514229
9.919565847869482,91.64003731015492
9.915676267829532,91.51550895633562
9.911789736895408,91.31681168375364
9.90790625148315,91.10667390231866
9.904025808014412,90.55347233469134
9.90014840291645,90.26906726898781
9.896274032622111,89.81025689447117
9.892402693569828,89.51830383392928
9.888534382203606,89.61323855319287
9.884669094973003,89.97910789085827
9.88080682833313,90.01941983834394
9.876947578744637,89.88018319782842
9.873091342673703,89.7515319898134
9.869238116592019,89.49612251594779
9.865387896976785,89.32565141256049
9.861540680310695,89.38253315124146
9.857696463081927,89.47393958043793
9.853855241784137,89.4890585477417
9.850017012916437,89.39016885980465
9.846181772983398,89.33905201683405
9.842349518495029,89.76183983286782
9.838520245966773,89.91814197707485
9.834693951919489,89.9736986163037
9.83087063287945,90.13691966339562
9.827050285378329,90.35666609207954
9.823232905953189,90.37972356259651
9.819418491146465,90.3314528140854
9.815607037505968,90.34531005158685
9.811798541584865,90.33244870630148
9.80799299994167,90.02953560146247
9.804190409140228,89.81556152142772
9.80039076574972,89.86204217038426
9.796594066344642,89.89526101023154
9.792800307504793,90.02543511558389
9.789009485815264,90.19375899473081
9.78522159786644,90.19334186457465
9.781436640253979,90.08875627546942
9.777654609578802,90.24213875256368
9.773875502447085,90.19385306070475
9.77009931547025,89.73124865324087
9.766326045264954,89.48960118970962
9.76255568845308,89.34232797027846
9.75878824166172,89.20540933986523
9.755023701523179,89.10571134631155
9.75126206467495,89.21893461027072
9.747503327759711,89.12091414406015
9.743747487425317,88.92440836724862
9.739994540324785,88.66096945941986
9.736244483116293,88.56999049293947
9.732497312463153,88.90181983861152
9.728753025033818,89.06456337926635
9.725011617501865,89.30772851683278
9.72127308654599,89.53509154672835
9.717537428849989,89.74858558366593
9.713804641102751,90.13826279260732
9.710074719998259,89.86548543760892
9.706347662235565,90.13811334737682
9.702623464518792,90.09545546611365
9.698902123557112,90.12968196721832
9.695183636064753,90.21587519440695
9.691467998760974,90.07741247459245
9.687755208370064,89.97304413866725
9.684045261621325,90.04553838393004
9.680338155249073,90.24731612901033
9.676633885992624,90.55209359200887
9.672932450596276,90.43836838374153
9.669233845809309,90.13481978197728
9.665538068385976,90.0917860462562
9.66184511508549,89.75832270688976
9.65815498267201,89.43557657057316
9.65446766791464,89.06423499008565
9.650783167587417,88.50714222977362
9.647101478469303,88.1038616124502
9.643422597344165,87.82252493618222
9.63974652100078,87.76893070579841
9.63607324623282,87.46851319687616
9.632402769838844,87.16056598000156
9.628735088622278,87.03765649837791
9.625070199391423,87.12280258491231
9.621408098959437,87.05842053032413
9.617748784144322,87.20914672192072
9.614092251768923,87.66375607931369
9.61043849866091,88.41297259385412
9.60678752165278,89.34932847559601
9.603139317581837,89.82669984556469
9.59949388329019,89.90003697636158
9.595851215624737,89.73817334528576
9.592211311437165,89.44851648199875
9.588574167583934,89.0772067170874
9.58493978092627,89.02860723847428
9.581308148330153,89.35520092074816
9.577679266666319,89.58487970240478
9.574053132810235,89.89646545576326
9.570429743642102,90.30929254353242
9.56680909604684,90.31488379510952
9.563191186914082,90.19230160006612
9.55957601313817,89.76520687147229
9.555963571618127,89.1606260083156
9.552353859257673,89.26261555840486
9.5487468729652,88.77126390923357
9.545142609653773,88.29172612053802
9.541541066241107,87.77958498976754
9.537942239649574,87.30936924040803
9.534346126806184,87.47437201720584
9.530752724642584,87.76992220437069
9.527162030095042,87.8983440927986
9.523574040104437,87.98222940292979
9.519988751616266,87.99836203250715
9.516406161580612,87.84546500645789
9.512826266952155,87.70135833644278
9.509249064690152,87.77994666084297
9.505674551758432,87.88770652717338
9.502102725125392,87.86035253463112
9.498533581763978,87.67871373165315
9.494967118651683,87.6136724801315
9.491403332770542,87.42800787454871
9.487842221107115,87.060912868597
9.48428378065249,86.73164782701366
9.480728008402254,86.61520629233375
9.47717490135651,86.45341507820487
9.473624456519852,86.56604981903466
9.470076670901362,86.56352020656036
9.466531541514597,86.43878131902713
9.462989065377588,86.07320712809712
9.45944923951283,86.02460173497462
9.455912060947266,86.23947177783404
9.452377526712286,86.94262426997446
9.44884563384372,87.23710780419114
9.44531637938182,87.54913783206655
9.441789760371268,87.81060064762505
9.438265773861147,88.04884980077543
9.434744416904953,88.13684065009494
9.431225686560575,88.01484332578639
9.427709579890285,87.82487373741017
9.42419609396074,87.82237743685032
9.420685225842966,87.96317311160132
9.417176972612353,87.73479588089035
9.413671331348642,87.70690348679105
9.410168299135925,87.74109390757584
9.40666787306263,87.94209470595928
9.403170050221522,87.85529010799331
9.39967482770968,87.55369127155954
9.396182202628498,87.38825042557912
9.392692172083683,87.34825029941777
9.389204733185238,87.13003392855533
9.385719883047452,86.95712071486957
9.382237618788903,86.86208974443977
9.37875793753244,86.69398649232988
9.37528083640518,86.48072942760183
9.3718063125385,86.3542617275151
9.36833436306802,86.23880195073613
9.364864985133615,86.08316968602979
9.361398175879389,85.99312753032194
9.357933932453674,85.93482493031021
9.35447225200902,86.12381868893965
9.351013131702189,86.2206052282969
9.347556568694152,86.548231680474
9.34410256015007,86.9556483521674
9.340651103239296,87.37187958231956
9.337202195135358,87.54832565808712
9.33375583301597,87.94855654347703
9.330312014062997,87.85124727877145
9.326870735462467,87.4839750826817
9.32343199440456,87.38682183300864
9.319995788083599,87.34563901268535
9.316562113698035,87.12996592066968
9.313130968450453,87.08405558349723
9.309702349547555,87.02218238199963
9.306276254200155,86.94200635574921
9.30285267962317,86.99887140194463
9.299431623035614,86.90355424749363
9.296013081660593,86.86603825813512
9.292597052725293,86.79923203498805
9.289183533460974,86.7845678185837
9.285772521102961,86.9310166158906
9.282364012890643,87.31163500461659
9.278958006067455,87.7429894176073
9.275554497880881,87.86399391792148
9.272153485582441,87.91615752580906
9.268754966427682,87.76154166688127
9.265358937676178,87.60097670373912
9.261965396591513,87.68250678070781
9.258574340441282,87.8806997654709
9.255185766497075,87.85739163111774
9.251799672034485,87.66465431981263
9.24841605433308,87.49152789552741
9.245034910676408,87.39037912917432
9.241656238351995,87.42391807062776
9.238280034651325,87.73684726930145
9.23490629686984,87.87661288338943
9.231535022306929,87.85141621676867
9.228166208265925,87.85818673173335
9.224799852054097,87.83124259532362
9.221435950982643,87.81279197894833
9.218074502366674,87.48069408866277
9.214715503525223,86.97079503707775
9.211358951781227,86.79558220687443
9.208004844461517,87.0005766307079
9.204653178896821,87.28360398339387
9.201303952421753,86.8476808978534
9.197957162374804,86.1867578888077
9.194612806098332,85.76925600950703
9.19127088093856,85.42626508288504
9.187931384245575,84.98262211460376
9.184594313373305,84.55875740112467
9.181259665679525,84.52892002168285
9.177927438525844,84.55046766515126
9.1745976292777,84.37925647775586
9.171270235304357,84.22369702045557
9.16794525397889,84.0532229238865
9.164622682678182,83.87526562142656
9.161302518782918,83.83787304713175
9.157984759677579,83.81690989388085
9.15466940275043,83.77528217800871
9.151356445393521,83.84113527098363
9.148045885002672,83.89402967688733
9.144737718977472,84.04080446025995
9.141431944721269,84.24727559527796
9.138128559641164,84.47516574436857
9.134827561148006,85.20262958771805
9.131528946656385,85.63409646566778
9.128232713584621,85.80475306447939
9.12493885935476,85.8222964586542
9.12164738139257,85.70901744632835
9.118358277127534,85.50403566940625
9.115071543992835,85.38513257553299
9.111787179425358,85.38497557827957
9.108505180865684,85.52406159974186
9.10522554575808,85.48664569154143
9.101948271550485,85.54211298179547
9.098673355694519,85.62033861155683
9.095400795645466,85.59852852350181
9.09213058886227,85.77362145429885
9.088862732807527,85.74835085871342
9.08559722494748,85.85724855772753
9.082334062752011,86.0855160060791
9.07907324369464,86.18504789808199
9.075814765252511,86.0047949514774
9.072558624906385,85.8756244529138
9.069304820140642,85.71910126447219
9.06605334844327,85.68534977874236
9.062804207305856,86.06445134039284
9.059557394223578,86.35114904455142
9.056312906695208,86.39755543209496
9.0530707422231,86.41545990492497
9.049830898313179,86.25595595413368
9.046593372474938,85.9861668567489
9.04335816222144,85.30132810174902
9.040125265069298,84.97439010359629
9.036894678538678,85.06966500317387
9.033666400153285,85.08768760849622
9.030440427440368,84.765659204601
9.027216757930702,84.51257159404275
9.023995389158587,84.23145724308182
9.020776318661841,84.38943616649138
9.017559543981799,84.62093422747421
9.014345062663294,84.90679710766507
9.011132872254665,85.10869128275507
9.007922970307739,85.17793315361637
9.004715354377835,85.2444279029987
9.001510022023751,85.13515933675217
8.998306970807759,84.95390042487912
8.995106198295597,84.79791398757997
8.991907702056467,84.60145852560794
8.988711479663037,84.29077973129998
8.985517528691407,84.14679432618948
8.982325846721134,84.06586165819974
8.979136431335206,84.19798894357046
8.975949280120052,84.19459984651033
8.972764390665512,84.3876246469806
8.969581760564859,84.50676511132282
8.966401387414773,84.5648206057183
8.963223268815343,84.58522493382395
8.960047402370058,84.22614191720427
8.9568737856858,84.04627554670338
8.95370241637285,83.71992415899696
8.950533292044863,83.6356698077035
8.947366410318873,83.83969516929415
8.944201768815288,84.00671465075379
8.941039365157879,83.9065338542708
8.937879196973778,84.0392081787005
8.93472126189347,84.37813586734592
8.931565557550789,84.40712173650854
8.928412081582906,84.25038020401405
8.925260831630334,83.93030742777782
8.922111805336913,83.5174230369607
8.918965000349804,83.18434012081009
8.915820414319493,83.07532477220997
8.912678044899772,82.99767174307112
8.909537889747746,83.02470957470094
8.90639994652381,83.45364931422385
8.903264212891667,83.86030880656627
8.9001306865183,84.0608334272717
8.89699936507398,84.2001854004641
8.89387024623225,84.48462793412526
8.890743327669929,84.92146670397926
8.887618607067106,85.23712715374919
8.88449608210712,85.34113898986112
8.881375750476572,85.45151449341276
8.87825760986531,85.57655158944769
8.875141657966426,85.79878539947433
8.872027892476247,85.8837471380964
8.868916311094333,86.0763749230329
8.865806911523471,86.4068834642191
8.862699691469668,86.57903656552094
8.859594648642148,86.40540696300681
8.856491780753336,86.19710525219855
8.853391085518869,85.83953735671821
8.85029256065758,85.32248349494799
8.847196203891496,84.70997759987875
8.844102012945822,84.28734857192599
8.841009985548956,83.87385368297245
8.837920119432463,83.66032116159337
8.834832412331084,83.41225603482727
8.831746861982719,83.51050296795853
8.82866346612843,83.35621370063899
8.825582222512436,83.12236282864421
8.822503128882097,83.00730740582742
8.81942618298792,82.85485145857848
8.816351382583546,82.9552761785479
8.813278725425754,82.74278224008579
8.81020820927444,82.69201875362674
8.807139831892627,82.50793984818212
8.804073591046452,82.42275971113037
8.801009484505164,82.35852807533787
8.797947510041109,82.21163204756235
8.794887665429739,82.19007930795789
8.791829948449598,82.29644646853126
8.788774356882318,82.38639050242243
8.785720888512612,82.63662544136415
8.782669541128275,82.59168322555863
8.779620312520168,82.50329338388744
8.776573200482225,82.45870274671871
8.77352820281144,82.44430870764437
8.770485317307855,82.41899897348507
8.767444541774578,82.56717883216027
8.764405874017752,82.74809654718187
8.761369311846563,82.95615096902121
8.758334853073231,83.11337381500002
8.755302495513007,82.89248555421305
8.752272236984169,83.02994333145224
8.74924407530801,83.33670927612295
8.746218008308839,83.66911373122664
8.743194033813975,84.01569749002175
8.74017214965374,84.45785641610509
8.737152353661454,84.54053996698512
8.73413464367343,84.46416478782332
8.731119017528972,84.31830210399582
8.728105473070364,84.04974164007848
8.72509400814287,83.65596257153234
8.722084620594723,83.51552361000398
8.719077308277129,83.37355387011846
8.716072069044253,83.16869006804282
8.71306890075322,82.90905227806809
8.7100678012641,82.65194958015687
8.707068768439925,82.32618463621773
8.704071800146654,81.83843847542744
8.701076894253191,81.7192152319088
8.69808404863137,81.63664190985821
8.695093261155952,81.73277779156511
8.692104529704622,81.60129671629642
8.68911785215798,81.42508709941302
8.686133226399537,81.43971134049532
8.683150650315712,81.500896173671
8.680170121795829,81.5607217401147
8.677191638732104,81.55062458232902
8.674215199019649,81.56274305416282
8.67124080055646,81.65095221168178
8.668268441243416,81.67228988825647
8.665298118984278,82.02277410517769
8.66232983168567,82.61739027186684
8.65936357725709,83.01541227052743
8.656399353610896,83.0770729606979
8.653437158662307,83.19000329995166
8.65047699032939,83.24554304640031
8.647518846533062,83.10246370304307
8.644562725197083,82.83652222441452
8.64160862424805,82.54863212184081
8.638656541615395,82.52805384883189
8.635706475231375,82.42222630040968
8.632758423031078,82.34578553364463
8.6298123829524,82.11674071383644
8.626868352936057,82.02131387081602
8.623926330925576,82.0652780683645
8.620986314867286,81.94579405528351
8.618048302710315,81.87640911733399
8.615112292406584,82.2294034680786
8.612178281910808,82.50727869966555
8.609246269180485,82.58986235480108
8.606316252175896,82.48502357381938
8.603388228860092,82.3354391310211
8.600462197198901,82.31398009789149
8.597538155160917,82.25719775872297
8.594616100717491,82.1484750708165
8.591696031842735,82.07673177180575
8.588777946513513,82.09371847110435
8.585861842709434,82.11383185355888
8.582947718412855,82.26506086805816
8.580035571608864,82.34121960375899
8.57712540028529,82.47318496374464
8.574217202432685,82.71659847630893
8.571310976044332,82.94602547766998
8.568406719116226,83.35352981240129
8.565504429647081,83.71910641892978
8.562604105638327,83.64228174528404
8.55970574509409,83.50600065769535
8.556809346021202,83.212989272067
8.553914906429195,83.15620230539758
8.551022424330288,83.09632936620406
8.548131897739392,83.13637503595311
8.545243324674095,83.24054144199759
8.542356703154672,83.48035821408818
8.539472031204069,83.25458385809603
8.536589306847896,83.21528128047964
8.533708528114435,83.1877911252623
8.530829693034626,83.2466645885228
8.527952799642067,83.28729624148349
8.525077845973005,83.0659083869527
8.522204830066336,82.86182925860444
8.519333749963597,82.57645130820765
8.516464603708966,82.40712353128588
8.513597389349254,82.2883336986813
8.510732104933897,82.17346016423397
8.50786874851496,82.18264120475027
8.505007318147134,82.31849747096994
8.502147811887715,82.48322480607285
8.499290227796617,82.47562688389532
8.496434563936361,82.46131279076133
8.493580818372074,82.54859981115818
8.490728989171473,82.71204152643641
8.487879074404876,82.68124265717708
8.48503107214519,82.2628009791826
8.482184980467908,81.93835074380513
8.479340797451103,81.58293771580018
8.476498521175424,81.34425939968206
8.473658149724093,81.11672869312687
8.470819681182904,80.96670752970024
8.46798311364021,81.31597576373689
8.465148445186927,81.56730851284993
8.462315673916523,81.77233468881515
8.459484797925022,81.92709647743825
8.456655815310992,81.8413494852951
8.45382872417554,81.90076271967524
8.45100352262232,81.94116532367138
8.448180208757515,81.95802794252972
8.445358780689835,81.92461537350198
8.442539236530521,81.73065738445482
8.439721574393332,81.6826751056082
8.43690579239455,81.67028708186845
8.43409188865296,81.61644787769362
8.431279861289864,81.562180483437
8.428469708429066,81.66756648159489
8.425661428196872,81.73767109668646
8.422855018722084,81.78806547741665
8.42005047813599,81.75210072941928
8.417247804572376,81.78928049260367
8.414446996167507,81.69593924448137
8.41164805106013,81.65776421314649
8.40885096739146,81.49313226777433
8.406055743305192,81.35488007105909
8.403262376947488,81.06204206393976
8.40047086646697,80.76824697330647
8.397681210014717,80.50442624966274
8.39489340574427,80.37241619459857
8.392107451811619,80.2368487539926
8.389323346375194,80.08436938830292
8.386541087595878,79.96380838699099
8.383760673636987,79.83380853270026
8.380982102664273,79.51832747673225
8.37820537284592,79.1657731501067
8.375430482352536,78.7881051631519
8.372657429357158,78.84076381362782
8.369886212035233,79.00672213103627
8.367116828564631,79.18204673638598
8.364349277125626,79.52341934157492
8.361583555900905,79.93551571115265
8.358819663075552,80.64843306323667
8.356057596837056,81.14382777883466
8.353297355375293,81.42355167512162
8.350538936882538,81.53287656713178
8.347782339553449,81.62907272360587
8.345027561585066,81.77313826389968
8.342274601176811,82.0952246586944
8.33952345653048,82.5771358841616
8.33677412585024,82.8506311979805
8.334026607342626,82.95412383388052
8.331280899216534,83.02955098436351
8.328536999683223,83.03620917108375
8.325794906956308,83.13070834859298
8.323054619251753,83.184047961698
8.320316134787868,82.96178203379264
8.317579451785315,82.56903125405573
8.31484456846709,82.28234155820492
8.312111483058525,82.04718146643282
8.309380193787288,81.78707621494338
8.306650698883374,81.5974170259184
8.303922996579104,81.32341151558212
8.301197085109116,80.78549348046025
8.298472962710372,80.49097138667564
8.295750627622143,80.2429841382864
8.29303007808601,80.00967711654187
8.290311312345862,79.87964398447237
8.287594328647886,79.94426375851683
8.28487912524057,80.10245722355856
8.282165700374701,80.22982538439763
8.279454052303349,80.38116615028267
8.276744179281872,80.54534403891002
8.274036079567919,80.86440953640795
8.27132975142141,80.95897374167552
8.268625193104548,80.97599336114075
8.265922402881799,81.00254416107182
8.263221379019907,81.05422001403062
8.260522119787876,80.97692441439649
8.25782462345697,80.67582536994942
8.255128888300716,80.4547424022791
8.252434912594886,80.34527701431014
8.24974269461751,80.19945977431175
8.24705223264886,80.01923781872031
8.244363524971451,79.78113764860372
8.24167656987004,79.44835199193156
8.238991365631612,79.15377537090419
8.236307910545396,79.0572709250128
8.233626202902837,78.95008092343627
8.23094624099761,78.7713212865894
8.228268023125613,78.80305760734367
8.225591547584955,78.9063948657123
8.222916812675964,78.96896757850897
8.220243816701174,79.05626423244095
8.217572557965331,79.16207580572797
8.214903034775379,79.3123728762369
8.21223524544046,79.39104950214673
8.209569188271917,79.61820083479505
8.206904861583284,79.8197405554591
8.204242263690281,79.86758971462422
8.20158139291081,79.69516387055091
8.198922247564964,79.3672591471949
8.196264825975007,79.14692996015411
8.193609126465379,78.82541304222141
8.19095514736269,78.75861902036164
8.18830288699572,78.73883646489648
8.185652343695411,78.79914420431464
8.183003515794864,78.93858931061627
8.18035640162934,79.04300586415789
8.17771099953625,79.0421647228136
8.17506730785516,78.93387274517497
8.172425324927778,79.1248663574437
8.169785049097955,79.14522801635306
8.167146478711684,79.28781201375605
8.164509612117094,79.40574435942871
8.161874447664443,79.45450832486243
8.159240983706121,79.47506064616923
8.156609218596646,79.3038217974302
8.153979150692654,78.98326812463026
8.151350778352905,78.71137875385334
8.148724099938264,78.55490579108141
8.14609911381172,78.41707047266907
8.143475818338366,78.3677800943644
8.140854211885399,78.43780822718495
8.138234292822121,78.63803013257332
8.135616059519927,78.97057404021076
8.132999510352315,79.11357502143451
8.130384643694867,79.06303883974795
8.127771457925258,78.76123459949169
8.125159951423248,78.5454452490406
8.122550122570678,78.34628489545267
8.119941969751466,78.29192024287741
8.117335491351605,78.35044997893453
8.114730685759163,78.3888396129849
8.112127551364274,78.36578771912478
8.109526086559136,78.25553287439644
8.10692628973801,78.11092184659952
8.104328159297214,78.03222705410766
8.101731693635129,78.0469022137762
8.099136891152174,78.09910717531284
8.096543750250827,78.16486535659746
8.09395226933561,78.18509266621098
8.091362446813083,78.00737401796059
8.088774281091847,77.81315831120543
8.086187770582539,77.58675215968128
8.083602913697828,77.37875344785218
8.081019708852414,77.30119372020745
8.078438154463017,77.38349858517878
8.075858248948386,77.45460108189283
8.073279990729283,77.40212940450567
8.070703378228494,77.35125687953129
8.068128409870809,77.44052220143477
8.065555084083034,77.73937205579963
8.06298339929398,77.92991593951368
8.06041335393446,77.982629420593
8.057844946437287,77.91257752144442
8.055278175237273,78.05716081839677
8.052713038771222,78.25271422716142
8.050149535477926,78.38391988274265
8.047587663798172,78.43147786028375
8.045027422174721,78.56155094347764
8.042468809052325,78.7929372526425
8.039911822877707,78.90745460257457
8.037356462099567,79.05008731179566
8.034802725168577,79.1541640339582
8.032250610537375,79.37385114492668
8.029700116660571,79.53466834891938
8.027151241994728,79.68552316258666
8.024603984998373,79.96773661774219
8.022058344131992,80.15741385602942
8.019514317858018,80.40621263453049
8.016971904640839,80.49573165993874
8.014431102946782,80.5315057033074
8.011891911244128,80.49757256718291
8.009354328003091,80.29776753925903
8.006818351695825,80.07282387153637
8.004283980796417,79.71171874224062
8.001751213780889,79.34522300114654
7.999220049127189,78.77847059266347
7.996690485315186,78.56171539073809
7.99416252082668,78.27798126537006
7.991636154145382,78.17818841307911
7.989111383756927,78.05797264658256
7.986588208148854,77.97425058394954
7.984066625810618,77.89612758463917
7.981546635233582,77.77893531324847
7.97902823491101,77.6837648607135
7.976511423338067,77.63030524935135
7.973996199011818,77.59834674701354
7.971482560431222,77.69124102650639
7.968970506097133,77.89867454248338
7.966460034512286,78.0112581177582
7.96395114418131,78.01764071422107
7.961443833610716,77.86645355625905
7.9589381013088945,77.735722740411
7.9564339457861095,77.76070577202182
7.953931365554504,77.7363528931414
7.951430359128091,77.55185638195267
7.948930925022753,77.11642479159686
7.946433061756235,76.88196202682884
7.943936767848146,76.78820740511881
7.941442041819955,76.60418934817655
7.93894888219499,76.55257504743426
7.936457287498427,76.35540727548127
7.933967256257296,76.18448985098117
7.931478787000478,76.21063508650442
7.928991878258697,76.32863325931339
7.926506528564515,76.31302263203862
7.924022736452337,76.2625352193127
7.921540500458406,76.32601058625306
7.919059819120798,76.5534853596802
7.916580690979414,76.92874102850422
7.9141031145759895,77.2453602962832
7.911627088454083,77.71162363089275
7.909152611159077,78.12916722320057
7.906679681238166,78.2575266132541
7.904208297240368,78.26302232224705
7.901738457716513,78.21576958292314
7.899270161219242,78.18250189781
7.896803406303001,78.02724880352736
7.894338191524044,77.93738651733645
7.891874515440426,77.83098152929315
7.889412376612005,77.6671848139147
7.886951773600427,77.41149624349369
7.884492704969141,77.21263348007687
7.882035169283383,77.06089520299028
7.8795791651101785,77.04364481451947
7.877124691018334,77.05540481048848
7.874671745578446,76.99639912110295
7.872220327362887,76.9006816215195
7.869770434945806,76.84966896196165
7.867322066903127,76.79514112106213
7.864875221812546,76.7569108658059
7.862429898253528,76.8621145337867
7.859986094807306,76.91222241589416
7.857543810056871,76.85836635391797
7.855103042586979,76.84706521294342
7.852663790984144,76.8574840408896
7.850226053836634,76.8766225313059
7.8477898297344675,76.82780515087018
7.845355117269417,76.76481052398131
7.842921915034998,76.54130648578553
7.840490221626475,76.33563031022422
7.838060035640847,76.20218364815565
7.835631355676859,75.98704615446928
7.833204180334989,75.95180590982781
7.83077850821745,75.90750008779492
7.828354337928181,75.9473351466638
7.8259316680728555,75.94899789333869
7.823510497258869,75.87381314055457
7.821090824095345,75.86576957164343
7.818672647193115,75.88594423640671
7.816255965164742,75.94540447921739
7.813840776624495,76.10566419874601
7.811427080188361,76.37799033057786
7.8090148744740295,76.34533624762993
7.806604158100902,76.3539736591909
7.804194929690086,76.34482740124648
7.801787187864386,76.18910163890651
7.799380931248306,76.15251485499591
7.79697615846805,76.15847907568157
7.794572868151513,76.19029678760016
7.792171058928282,76.3306450623027
7.789770729429632,76.2030473248445
7.787371878288525,76.25577758684159
7.784974504139605,76.26929728669413
7.782578605619199,76.30343667660449
7.78018418136531,76.39423373547996
7.777791230017616,76.45548780734711
7.775399750217471,76.47992161752813
7.7730097406079,76.31359829227267
7.770621199833592,76.21791270583745
7.768234126540901,76.12364495869807
7.76584851937785,76.03931516781776
7.763464376994118,76.42339012305698
7.761081698041039,76.21277081520407
7.758700481171608,76.13949047565232
7.756320725040468,76.34308697110072
7.753942428303917,76.48267570728586
7.7515655896198945,76.51992822045669
7.749190207647988,76.5173713943867
7.746816281049429,76.53508967322787
7.744443808487089,76.5391727108173
7.742072788625472,76.58430609554227
7.739703220130722,76.60558840153656
7.737335101670614,76.32805971657234
7.734968431914556,75.98345161916802
7.732603209533575,75.83336287489473
7.730239433200332,75.70522344137575
7.7278771015891055,75.64601594010657
7.725516213375798,75.56755054054918
7.723156767237924,75.5071439420532
7.720798761854618,75.60644710170936
7.718442195906625,75.60640676137527
7.716087068076302,75.61438515992816
7.713733377047609,75.61271061941383
7.7113811215061165,75.51707026736347
7.709030300138997,75.35146394940008
7.706680911635021,75.28363910334086
7.704332954684558,75.22266825596805
7.7019864279795724,75.07454575065924
7.699641330213624,74.9083641194151
7.697297660081863,74.82606812257671
7.694955416281023,74.72550568626491
7.692614597509428,74.50923258503651
7.690275202466987,74.37160725429182
7.687937229855186,74.3319020143764
7.68560067837709,74.35734526758654
7.68326554673734,74.3161726973047
7.680931833642155,74.33834707332622
7.678599537799323,74.36391685537721
7.676268657918196,74.39194017509706
7.6739391927097005,74.46069213333263
7.671611140886323,74.46093148850792
7.669284501162114,74.45880123100532
7.66695927225268,74.38569529733897
7.6646354528751885,74.399358952008
7.66231304174836,74.39681223911563
7.659992037592469,74.52243512820846
7.657672439129335,74.7145242719667
7.655354245082333,74.60087350551593
7.653037454176379,74.63379069279583
7.6507220651379315,74.53413151036989
7.648408076694991,74.55091807402692
7.646095487577096,74.60677304268985
7.643784296515323,74.58673424326787
7.641474502242279,74.52804582996382
7.639166103492105,74.3399272676908
7.636859099000469,74.27970288087
7.634553487504569,74.21309183556704
7.632249267743125,74.08038913437758
7.629946438456379,73.90844297082396
7.627644998386094,73.7170291482197
7.6253449462755505,73.41717855075397
7.623046280869547,73.2949879264701
7.620749000914387,73.27002751725792
7.618453105157894,73.24470217383929
7.616158592349394,73.2242431333078
7.613865461239725,73.14607900420992
7.611573710581221,73.22436440308206
7.609283339127725,73.12432703944347
7.6069943456345746,73.00383319164585
7.604706728858609,72.87117768553233
7.602420487558158,72.80171904671155
7.600135620493046,72.77699214732186
7.5978521264245895,72.83413776211377
7.595570004115591,72.93599328082442
7.593289252330338,73.08900808208254
7.591009869834605,73.32349722884577
7.588731855395646,73.43113126193776
7.586455207782196,73.53424528588971
7.584179925764463,73.73966882149611
7.581906008114135,73.90099259420273
7.5796334536043695,74.10204342492719
7.577362261009797,74.36853168447993
7.575092429106511,74.54110213989279
7.572823956672077,74.6047691453843
7.570556842485522,74.7443486234801
7.568291085327337,74.91901338935735
7.566026683979465,74.98629479691363
7.563763637225314,75.01694685291638
7.561501943849746,75.03879883110244
7.559241602639074,74.89565058527046
7.556982612381061,74.76101660913855
7.55472497186492,74.78539397819883
7.552468679881312,74.7824984300272
7.550213735222342,74.68709032304008
7.547960136681551,74.526674198625
7.545707883053929,74.33855317428629
7.543456973135897,74.20568331050328
7.541207405725319,74.09771279839137
7.538959179621482,73.98602430825858
7.536712293625114,74.04476486604088
7.534466746538367,74.06968578262467
7.532222537164825,74.04625916709622
7.529979664309489,74.02646049212282
7.527738126778791,73.9385342774361
7.52549792338058,73.88130515868718
7.523259052924125,73.87661890500635
7.5210215142201085,73.87416450661371
7.5187853060806304,73.82281392075126
7.516550427319204,73.69650309541578
7.514316876750751,73.56886098604421
7.5120846531916,73.54462206261931
7.5098537554594875,73.70344969208362
7.507624182373554,73.76604752198891
7.505395932754343,73.92001492300633
7.503169005423794,74.03634223194346
7.500943399205246,74.0090252685275
7.498719112923437,73.98838984348782
7.496496145404496,73.97555150222563
7.494274495475941,73.92586640601587
7.492054161966683,73.79217029162217
7.48983514370702,73.6010406437571
7.487617439528636,73.11817129200873
7.485401048264593,72.95202438000887
7.483185968749341,72.80457604039474
7.480972199818707,72.79937721452427
7.478759740309895,72.85440276049752
7.476548589061482,72.75338935352832
7.474338744913421,72.65841730461167
7.4721302067070345,72.55014214558133
7.469922973285018,72.55226982066267
7.467717043491427,72.50775741488738
7.465512416171687,72.4315455428937
7.463309090172585,72.35851930444366
7.461107064342271,72.28767294690242
7.45890633753025,72.25497312187599
7.456706908587388,72.2188688488281
7.454508776365903,72.14110177731403
7.45231193971937,72.07701401775877
7.450116397502709,72.00050577146308
7.447922148572194,71.81293861256628
7.445729191785444,71.6987519985414
7.443537526001425,71.57592189798143
7.441347150080442,71.51841505740914
7.439158062884144,71.47494276253065
7.43697026327552,71.51103843823522
7.434783750118895,71.66218431741945
7.432598522279928,71.8154964756668
7.430414578625612,71.98452589656083
7.428231918024273,72.17819777492647
7.426050539345566,72.50866123517457
7.423870441460467,72.599241743788
7.421691623241287,72.80346417550498
7.419514083561655,72.82421711254696
7.417337821296524,73.00046404681888
7.415162835322163,73.02032019614053
7.412989124516161,73.20009822958434
7.410816687757424,73.18021564241839
7.408645523926172,73.17575263967322
7.40647563190393,73.15426681723767
7.404307010573543,73.05578208998196
7.402139658819157,72.94481834421369
7.399973575526229,72.9084364786029
7.397808759581514,72.85470727291298
7.3956452098730745,72.93550038736254
7.3934829252902725,73.00028618508514
7.391321904723768,72.87882549755443
7.389162147065517,72.87363988944631
7.387003651208769,72.85196511597935
7.384846416048069,72.86084430830661
7.382690440479255,72.9617194316746
7.380535723399447,72.96937765604373
7.378382263707056,72.94317512861413
7.376230060301781,72.81053436821614
7.374079112084602,72.67675913110992
7.3719294179577775,72.54961852186517
7.36978097682485,72.45315731060023
7.367633787590639,72.34225639354105
7.365487849161239,72.22175943070614
7.3633431604440185,72.14257924668628
7.361199720347618,72.07973953750005
7.3590575277819505,72.06148595611052
7.356916581658197,72.09235172710528
7.354776880888801,72.20237397559262
7.352638424387477,72.26174887308358
7.350501211069198,72.37336378681388
7.348365239850202,72.43090581837464
7.346230509647981,72.49048857798238
7.34409701938129,72.57882067115493
7.341964767970137,72.57964455094026
7.339833754335785,72.38666663518671
7.337703977400747,72.17659931522907
7.335575436088789,72.01803047008517
7.333448129324921,71.84626549599339
7.3313220560354075,71.82053911423046
7.329197215147749,71.82386795998966
7.327073605590694,71.90266445635926
7.324951226294233,72.12535534141855
7.322830076189592,72.15911293754004
7.3207101542092365,72.1836158163209
7.3185914592868695,72.17475201396594
7.316473990357426,72.197723655418
7.314357746357074,72.29695813091394
7.31224272622321,72.42539295085349
7.310128928894463,72.49533515257713
7.308016353310687,72.53617714784997
7.305904998412961,72.52644674632599
7.303794863143585,72.45315660085188
7.301685946446086,72.27340697209627
7.299578247265206,72.15012600324515
7.297471764546909,72.00514987352602
7.295366497238371,71.88800497417188
7.293262444287985,71.76760702253759
7.291159604645358,71.45423851906298
7.289057977261308,71.25401708298052
7.286957561087858,71.10600296594444
7.284858355078242,70.99066876535068
7.282760358186902,70.90318158332653
7.280663569369481,70.85868685029692
7.278567987582822,70.96285841463494
7.276473611784976,71.26562741012052
7.274380440935185,71.46128647471974
7.272288473993895,71.54011857086564
7.2701977099227415,71.50331403170401
7.268108147684558,71.49281093533054
7.266019786243367,71.46482351892779
7.263932624564387,71.37786959907677
7.261846661614016,71.41511371207632
7.259761896359847,71.35982918712423
7.2576783277706545,71.31243440899118
7.255595954816398,71.35770447368242
7.253514776468216,71.41663162478403
7.25143479169843,71.47555877588564
7.2493559994805405,71.34776168494565
7.247278398789223,71.55902232098595
7.245201988600326,71.37773816322982
7.2431267678908755,71.27024900304023
7.241052735639068,71.19947830590223
7.23897989082427,71.13912292395537
7.236908232427012,70.98349238147901
7.234837759428999,70.93659776980549
7.232768470813096,70.89141159776386
7.230700365563333,70.78992726651981
7.228633442664899,70.7070056758026
7.226567701104145,70.6288647129104
7.224503139868582,70.52564611319728
7.222439757946877,70.40558655903243
7.220377554328848,70.19317487181755
7.218316528005472,70.07703234339863
7.2162566779688735,69.95581301605979
7.214198003212332,69.88159429744115
7.212140502730269,69.86700097865373
7.210084175518257,69.9958713925422
7.208029020573014,70.17936586531624
7.205975036892402,70.43956942841587
7.20392222347542,70.84628080851834
7.201870579322212,71.10128896345489
7.199820103434059,71.20397958857878
7.197770794813383,71.23510092320683
7.195722652463734,71.25507504781733
7.193675675389801,71.18558734239093
7.191629862597404,71.08323168422088
7.189585213093496,71.04101918034308
7.1875417258861525,70.93129483128769
7.185499399984584,70.7907134716888
7.183458234399121,70.60721722060262
7.181418228141225,70.43716873488171
7.1793793802234696,70.29799921393129
7.17734168965956,70.14846989447054
7.175305155464314,70.1177536685976
7.173269776653672,70.1746359855003
7.171235552244687,70.3508017814838
7.169202481255526,70.42584203577584
7.167170562705475,70.4509284511866
7.165139795614926,70.53661492835576
7.163110179005381,70.55330722620565
7.1610817118994525,70.56518768315019
7.159054393320861,70.52351459771324
7.1570282222944295,70.4264832151455
7.155003197846084,70.35608041893622
7.152979319002856,70.31299514322313
7.150956584792875,70.10341236921467
7.148934994245373,69.78223641129722
7.146914546390672,69.4254471191833
7.1448952402601975,69.33612497434073
7.142877074886465,69.0651831916554
7.140860049303088,69.06189092178607
7.138844162544762,69.03632593505054
7.136829413647281,68.97389366125081
7.134815801647524,68.90743597845866
7.132803325583457,68.85526371941603
7.130791984494128,68.71684327916839
7.128781777419674,68.55036909492208
7.126772703401309,68.47895416819698
7.124764761481333,68.5009275179149
7.122757950703119,68.54646359957039
7.120752270111121,68.65470088155283
7.11874771875087,68.65780486773639
7.116744295668969,68.33952516633283
7.114741999913094,67.88421004270532
7.112740830531993,67.77400923260552
7.1107407865754855,67.69191558841676
7.108741867094458,67.6735071970682
7.106744071140862,67.5588851257956
7.104747397767719,67.4135664893158
7.1027518460291095,67.3187660449462
7.100757414980182,67.35863074395816
7.09876410367714,67.49095273619906
7.0967719111772505,67.62429048767453
7.094780836538836,67.70358985981159
7.092790878821279,67.86374235265166
7.090802037085012,67.86635410662743
7.088814310391526,67.90893602337064
7.08682769780336,67.95699039670856
7.084842198384108,67.98622018838509
7.082857811198408,67.86745334644698
7.080874535311948,67.98427987137408
7.078892369791464,68.03328857380832
7.076911313704735,68.14755881514398
7.074931366120582,68.13663136232279
7.072952526108869,68.08469826837079
7.070974792740502,68.05927179798647
7.068998165087424,68.14965755369627
7.067022642222614,68.47253327193113
7.06504822322009,68.68052896675445
7.063074907154904,68.89769835586989
7.06110269310314,69.08278735919359
7.059131580141913,69.17120390678647
7.057161567349369,69.2675919828502
7.055192653804683,69.32312596804522
7.0532248385880605,69.40717453581321
7.051258120780725,69.44175244617225
7.049292499464931,69.41951262943311
7.047327973723955,69.3914383907291
7.045364542642095,69.25444264333917
7.043402205304667,69.15034882773763
7.041440960798006,69.07436044854668
7.039480808209469,69.01858039010148
7.037521746627425,68.87530734722682
7.035563775141255,68.80409484204293
7.03360689284136,68.76110861296195
7.031651098819146,68.70218582702842
7.029696392167035,68.60824842119632
7.0277427719784535,68.5517325084549
7.025790237347838,68.51365764842002
7.023838787370629,68.45895201610686
7.0218884211432755,68.31179168473506
7.019939137763225,68.1068334718014
7.017990936328929,67.97852351874613
7.016043815939841,67.92787064983796
7.014097775696413,67.82308795012537
7.0121528147000936,67.70113241838325
7.0102089320533265,67.57980333176747
7.008266126859554,67.42618549178385
7.006324398223211,67.27303891591694
7.004383745249722,67.1560488040686
7.002444167045505,67.28467978228875
7.000505662717966,67.29723111830816
6.998568231375502,67.2700335970222
6.996631872127493,67.22201665569185
6.994696584084305,67.28629334290738
6.99276236635729,67.36627941510278
6.990829218058784,67.38935267739689
6.988897138302098,67.27219684220611
6.986966126201529,67.27628186233892
6.985036180872349,67.31785079068005
6.983107301430813,67.4375521301779
6.981179486994143,67.38817223617252
6.979252736680541,67.32603321615073
6.977327049609183,67.20666367596561
6.975402424900217,67.23749943627814
6.973478861674756,67.54538094810684
6.971556359054887,67.9648459243206
6.969634916163664,68.14107828355408
6.96771453212511,68.22034043159667
6.965795206064207,68.31585572739607
6.963876937106907,68.36109726698987
6.96195972438012,68.45748334898282
6.960043567011722,68.57020257201569
6.958128464130542,68.68622569626027
6.956214414866374,68.81215782662231
6.954301418349968,68.95133126106312
6.952389473713028,68.95641290956326
6.9504785800882125,68.94681577099429
6.948568736609134,68.73142552934529
6.94665994241036,68.64035500652463
6.9447521966274035,68.55590989387186
6.942845498396729,68.40967471180292
6.940939846855751,68.33069408182968
6.939035241142828,68.22425035517654
6.937131680397267,67.97828934793617
6.935229163759315,67.84078649110498
6.933327690370166,67.6506095864028
6.931427259371952,67.4291643379523
6.92952786990775,67.2715017867551
6.92762952112157,67.16845442606447
6.925732212158365,67.11759389245356
6.923835942164022,66.97691224758066
6.921940710285364,66.76569699458739
6.920046515670146,66.50073694473252
6.918153357467057,66.1469831350712
6.916261234825719,65.80595508050726
6.914370146896683,65.62350397901523
6.912480092831426,65.42101947505793
6.910591071782355,65.23812235056702
6.908703082902804,65.09839138184816
6.906816125347032,65.0471833620699
6.904930198270218,65.03305159909654
6.9030453008284685,65.03467382379212
6.901161432178808,64.92702594210748
6.899278591479183,64.99502421348815
6.8973967778884555,65.04451912624198
6.895515990566408,65.02340254730045
6.8936362286737385,64.98828449394635
6.891757491372061,64.9511489815229
6.889879777823899,64.90402614439957
6.8880030871926925,65.11102472873256
6.8861274186427925,65.25860468678016
6.884252771339459,65.27047783068481
6.8823791444488585,65.2998122961647
6.88050653713807,65.37620006732136
6.8786349485750735,65.5014893583877
6.87676437792876,65.62843785873926
6.8748948243689165,65.98058135519128
6.87302628706624,66.31685948397887
6.871158765192325,66.69469095298146
6.869292257919668,67.06598090180384
6.86742676442166,67.34126707532013
6.865562283872596,67.41744770469293
6.8636988154476635,68.30774216233638
6.861836358322948,68.5583751363534
6.859974911675423,68.80368662973285
6.858114474682962,68.99261927493014
6.856255046524327,69.08523967426495
6.854396626379171,69.21376831654246
6.8525392134280345,69.39005082400848
6.850682806852347,69.46918858690483
6.848827405834426,69.5607559192754
6.846973009557474,69.65081862876343
6.845119617205576,69.7686954368864
6.843267227963703,69.79066685420617
6.841415841017706,69.80926861426953
6.839565455554318,69.80340371861732
6.837716070761151,69.769613071087
6.8358676858266945,69.74469215572518
6.834020299940318,69.55244665017008
6.832173912292265,69.40450997522993
6.8303285220736525,69.21269088565586
6.828484128476474,68.985778870168
6.826640730693595,68.89698276955602
6.824798327918752,68.8136531127094
6.82295691934655,68.70236515318737
6.821116504172465,68.56158862472458
6.81927708159284,68.34422613619515
6.817438650804886,68.14220699072689
6.815601211006675,67.88850031539195
6.813764761397151,67.65559536978043
6.811929301176113,67.48711139979862
6.810094829544229,67.37888231564784
6.8082613457030225,67.3787212193547
6.806428848854878,67.48558196041299
6.804597338203041,67.60203409161656
6.802766812951613,67.6880772363568
6.800937272305549,67.80164565516932
6.799108715470663,67.88092748954664
6.79728114165362,67.84408010221887
6.795454550061941,67.82805476180724
6.793628939903995,67.83672504758042
6.7918043103890025,67.84334492225601
6.789980660727035,67.78739011867404
6.788157990129012,67.70528191730196
6.786336297806695,67.57996392867027
6.7845155829727,67.34672610625044
6.782695844840481,67.0281175686969
6.78087708262434,66.80680197827684
6.779059295539416,66.70882280514579
6.777242482801695,66.42150060799676
6.775426643628,66.24729331518742
6.773611777235996,66.10114782961207
6.771797882844182,66.02425082053466
6.7699849596718975,66.05073789805645
6.768173006939315,66.08134679755162
6.766362023867446,66.03386647940566
6.764552009678128,65.96283171785984
6.762742963594038,65.82466946985186
6.76093488483868,65.65070216146151
6.759127772636393,65.58202085322404
6.75732162621234,65.57040416979218
6.755516444792513,65.5290261333087
6.7537122276037325,65.4544053747926
6.751908973873646,65.37107958263309
6.7501066828307215,65.41920284394092
6.748305353704252,65.30981049302864
6.746504985724355,65.1629810850395
6.7447055781219705,65.07368849678342
6.742907130128852,65.02807943121117
6.741109640977579,65.0216054764308
6.739313109901546,64.94088370534925
6.737517536134966,64.85564405084162
6.735722918912866,64.77933042806275
6.733929257471088,64.96828837780228
6.732136551046291,65.02996388405698
6.730344798875943,64.8696061820784
6.728554000198324,64.79626029718372
6.7267641542525265,64.71798938476351
6.72497526027845,64.72988377250982
6.723187317516806,64.89743761985498
6.721400325209108,64.97694886001011
6.7196142825976795,64.8966464638788
6.7178291889256485,64.68117952774884
6.716045043436948,64.74150128926178
6.714261845376309,64.51681127318753
6.71247959398927,64.30011492022153
6.7106982885221695,64.1925751462135
6.708917928222145,64.03084867406592
6.70713851233713,63.776671258040935
6.705360040115859,63.79387441395799
6.7035825108078635,63.8541898217309
6.7018059236634695,63.921561654704455
6.700030277933794,63.979266629999856
6.698255572870755,64.17029876519402
6.696481807727055,64.24493541686809
6.694708981756196,64.40089204882331
6.692937094212461,64.55684868077853
6.691166144350929,64.60342182308942
6.689396131427467,64.69384690353559
6.6876270546987255,64.75401811298258
6.685858913422143,64.78603684754484
6.684091706855944,65.0071563915317
6.682325434259136,65.13247544448912
6.680560094891511,65.2053975869027
6.67879568801364,65.24158351010848
6.677032212886877,65.23623855449839
6.675269668773356,65.208512368863
6.673508054935991,65.21435301277597
6.671747370638469,65.2379633632928
6.669987615145261,65.23294353827447
6.668228787721607,65.22175773629614
6.666470887633528,65.20746745014593
6.664713914147813,65.24311899419718
6.662957866532028,65.28674961761058
6.661202744054507,65.36179857395894
6.659448545984361,65.46690079560378
6.657695271591463,65.45002420206305
6.655942920146458,65.4298836820649
6.654191490920761,65.38336419134123
6.652440983186552,65.34267485459637
6.650691396216773,65.34281667474764
6.648942729285138,65.3273947500114
6.647194981666118,65.31197282527515
6.645448152634951,65.30856966621467
6.643702241467633,65.32571004589113
6.6419572474409225,65.334746523056
6.6402131698323394,65.28138571075866
6.638470007920161,65.23800082761795
6.63672776098342,65.191464357647
6.634986428301907,65.13223241699268
6.633246009156172,65.12960382632971
6.631506502827514,65.3270361394076
6.629767908597988,65.154364851909
6.628030225750403,65.18376567824384
6.6262934535683184,65.21620197999738
6.624557591336045,65.22694270844416
6.622822638338643,65.26629780964218
6.621088593861919,65.27192045129499
6.619355457192432,65.26870190690619
6.617623227617486,65.31264993703803
6.615891904425128,65.39353415789901
6.614161486904154,65.48822535296627
6.6124319743441005,65.63154594858969
6.61070336603525,65.70985726482593
6.608975661268625,65.74686268006883
6.607248859335988,65.72179843580781
6.605522959529845,65.57411457329226
6.603797961143438,65.39688838088045
6.602073863470746,65.4194439883764
6.6003506658064905,65.4372412002318
6.598628367446124,65.44542032323807
6.596906967685837,65.44496660516651
6.59518646582255,65.45430666626247
6.5934668611539236,65.46965352401615
6.591748152978345,65.47640207150195
6.590030340594936,65.48411710909413
6.588313423303546,65.42824608874807
6.586597400404757,65.23755669147889
6.584882271199876,65.00533991394428
6.583168034990943,64.89655016430339
6.581454691080718,65.041342054458
6.57974223877269,65.00333070813531
6.578030677371074,65.13154036526169
6.576320006180807,65.28298307524997
6.574610224507548,65.35163967889177
6.57290133165768,65.47192778917697
6.571193326938305,65.61689686399114
6.569486209657248,65.71583414040947
6.56777997912305,65.83416319785275
6.56607463464497,66.00435117916642
6.564370175532987,66.168557360494
6.562666601097795,66.27543829220727
6.560963910650802,66.37914534162616
6.559262103504132,66.54370933462533
6.557561178970622,66.63548490010916
6.5558611363638235,66.69394037856455
6.554161974997995,66.74803828502041
6.552463694188109,66.74942415875232
6.55076629324985,66.7502269155953
6.549069771499607,66.73450742188503
6.547374128254478,66.66767652949487
6.54567936283227,66.5705530164977
6.543985474551494,66.46946830684045
6.54229246273137,66.18017028075886
6.540600326691816,66.09236141423341
6.538909065753459,66.0239718744445
6.537218679237626,65.88646132341839
6.535529166466348,65.78964002903909
6.53384052676235,65.74670399926822
6.532152759449065,65.7428709596906
6.5304658638506226,65.79391784792588
6.528779839291847,65.7428955096214
6.527094685098262,65.61820513041351
6.525410400596088,65.47612331151731
6.523726985112239,65.36675064842385
6.522044437974325,65.27224390269254
6.520362758510649,65.19783641168246
6.518681946050207,65.14337320418036
6.517001999922685,65.14386498435306
6.515322919458462,65.07657414962806
6.5136447039886045,64.97141065450027
6.51196735284487,64.90674876332163
6.510290865359704,64.8513642933443
6.5086152408662405,64.80125745341066
6.506940478698295,64.78392806552176
6.505266578190374,64.77654225650437
6.503593538677664,64.79218308647181
6.501921359496041,64.7187246137774
6.500250039982057,64.44174506929342
6.498579579472952,64.42860313486888
6.496909977306642,64.54442870100056
6.49524123282173,64.70636822661623
6.49357334535749,64.5144611058448
6.491906314253879,64.60358780693835
6.490240138851532,64.76961267824545
6.488574818491762,64.84259230791157
6.486910352516552,64.96569494429411
6.4852467402685665,64.99299461211328
6.48358398109114,64.95995055491416
6.481922074328284,64.90758865108634
6.480261019324677,64.9270021493337
6.478600815425674,64.82457555362228
6.476941461977297,64.6368414560387
6.475282958326245,64.54767119588473
6.473625303819874,64.43894090591166
6.471968497806219,64.31606793841172
6.470312539633977,64.19035995764696
6.468657428652514,64.17626829573426
6.467003164211857,64.10829141570886
6.465349745662702,64.09454051444433
6.463697172356408,64.06303702201531
6.462045443644999,64.01351050498965
6.460394558881155,64.04122419155576
6.458744517418222,64.04497018953937
6.457095318610207,64.04449221445903
6.455446961811776,64.12193721830863
6.45379944637825,64.24779415334496
6.452152771665613,64.36494008880159
6.450506937030504,64.51207578543846
6.448861941830219,64.53035474000035
6.4472177854227075,64.46125413005004
6.445574467166575,64.36802360938101
6.443931986421082,64.21701355538686
6.442290342546139,64.06142790351961
6.440649534902312,63.80715336563617
6.439009562850815,63.56844414055318
6.437370425753515,63.372122332024944
6.435732122972928,63.29967660128732
6.434094653872215,63.2731305236948
6.432458017815192,63.264404539580475
6.430822214166318,63.28917787112616
6.4291872422906975,63.31227128755166
6.427553101554083,63.30207268468911
6.42591979132287,63.34650907363532
6.424287310964098,63.39089541463821
6.42265565984545,63.42084467796105
6.421024837335251,63.44135776831038
6.419394842802467,63.46821413135888
6.417765675616708,63.53534035865524
6.416137335148217,63.5482837134362
6.414509820767883,63.544222318928036
6.412883131847227,63.53346047059185
6.411257267758412,63.579330145998384
6.409632227874238,63.63927577292928
6.408008011568135,63.7226371083466
6.406384618214172,63.754398059096346
6.404762047187054,63.8154418591076
6.403140297862116,63.82213846613672
6.401519369615327,63.78924569208205
6.399899261823285,63.73314680893188
6.398279973863224,63.75632377666014
6.396661505113006,63.776331966082196
6.395043854951117,63.80501753237918
6.393427022756681,63.804365816336066
6.391811007909442,63.821872383994645
6.390195809789775,63.81360662193475
6.388581427778682,63.654515537411086
6.3869678612577845,63.749003150062215
6.385355109609335,63.76793407273806
6.3837431722162075,63.78516644805643
6.382132048461897,63.819826337235305
6.380521737730524,63.85185758412837
6.378912239406827,63.87017567893159
6.377303552876169,63.93153848288408
6.375695677524533,64.04774736217992
6.374088612738514,64.25735889510588
6.372482357905333,64.3801225304624
6.370876912412826,64.42821208568338
6.369272275649444,64.48235588430335
6.367668447004257,64.51363495542878
6.366065425866949,64.53367112278688
6.364463211627816,64.50844158869856
6.362861803677774,64.49491718192611
6.361261201408343,64.51092659126728
6.3596614042116615,64.60830228193026
6.358062411480479,64.70455606321303
6.356464222608153,64.78281396606835
6.354866836988651,64.85598457815084
6.353270254016552,65.03030600238021
6.351674473087041,65.13806545629986
6.350079493595913,65.04529754196815
6.348485314939565,65.00193571069438
6.3468919365150045,64.8901121131382
6.345299357719844,64.778288515582
6.343707577952297,64.67234135352868
6.342116596611183,64.65328261875061
6.340526413095927,64.61520711568893
6.33893702680655,64.57486850614177
6.337348437143682,64.51284610702811
6.335760643508545,64.48339488194037
6.334173645302968,64.52341525111714
6.332587441929378,64.58514576051739
6.331002032790796,64.51692208157314
6.329417417290846,64.34254184328354
6.327833594833746,64.20512582854899
6.326250564824312,64.06929010080191
6.324668326667954,63.913948365457074
6.323086879770676,63.9321797471595
6.321506223539077,63.879369142153735
6.319926357380353,63.86702513380744
6.318347280702283,63.73771068260048
6.3167689929132464,63.74943905599032
6.315191493422211,63.756836261693905
6.313614781638734,63.695061249004766
6.312038856972963,63.63192158693012
6.310463718835633,63.57923304167801
6.308889366638068,63.44521895170972
6.307315799792182,63.47768366943602
6.305743017710469,63.34747449415126
6.304171019806016,63.224343027298175
6.3025998054924885,63.08457789506862
6.301029374184143,62.99157464353516
6.299459725295816,62.90745643164522
6.297890858242925,62.91928015505793
6.296322772441475,62.86253610196346
6.294755467308049,62.784020587178176
6.293188942259809,62.756891232832736
6.2916231967145,62.74575884729181
6.290058230090448,62.63856531619993
6.288494041806554,62.480638847628285
6.286930631282298,62.266031065582524
6.285367997937738,62.183895207293425
6.283806141193506,62.105512836313444
6.282245060470814,62.03877606782269
6.2806847551914435,62.01333716514563
6.279125224777755,61.90741306444271
6.277566468652681,61.88530287525528
6.276008486239727,61.81828602671294
6.274451276962971,61.75305099432047
6.272894840247059,61.67679231554921
6.2713391755172125,61.682854875315144
6.269784282199222,61.73462549505882
6.268230159719445,61.82310342985022
6.266676807504809,61.93126574998702
6.26512422498281,61.984634572058475
6.263572411581512,62.01886446751488
6.2620213667295435,62.02517365087259
6.260471089856098,62.03581009762062
6.258921580390937,62.04780657649044
6.257372837764385,62.03696561825278
6.255824861407331,62.056477798664275
6.254277650751224,62.06094280028211
6.25273120522808,62.02925048331069
6.251185524270473,61.97774275620807
6.24964060731154,61.96186799014798
6.248096453784977,61.94599322408788
6.246553063125039,61.982279375092396
6.245010434766544,62.01628519578999
6.243468568144861,62.04035293551037
6.241927462695923,62.10268025245302
6.2403871178562165,62.190447642731115
6.238847533062785,62.3180046975975
6.237308707753228,62.382868099271235
6.235770641365698,62.44773150094501
6.234233333338903,62.52262980555747
6.232696783112105,62.62656218260531
6.231160990125114,62.69120818418713
6.229625953818299,62.70045653649575
6.228091673632577,62.70970488880437
6.226558149009414,62.632596040180566
6.2250253793908294,62.47662143751228
6.223493364219388,62.32263159178899
6.221962102938207,62.210933484138025
6.220431594990949,62.13648518356763
6.218901839821824,61.986743180755035
6.21737283687559,61.982695278914214
6.2158445855975515,61.946252330843606
6.214317085433555,61.92557265786008
6.212790335829995,61.90489298487661
6.211264336233806,61.994676317356735
6.209739086092471,62.033908801270826
6.208214584854012,62.11377986685592
6.206690831966993,62.2925163228317
6.20516782688052,62.40142999905491
6.20364556904424,62.57017753186065
6.202124057908339,62.630693135998854
6.200603292923544,62.58211031083556
6.199083273541118,62.54520884981768
6.197563999212862,62.68634298488834
6.1960454693911196,62.79656957012229
6.194527683528762,62.849033637765565
6.193010641079205,62.89996650572735
6.191494341496393,62.978653099106
6.189978784234811,63.08602656620545
6.188463968749474,63.24006159785951
6.186949894495931,63.46383933247809
6.185436560930263,63.60963211904642
6.183923967509087,63.665257497788474
6.182412113689546,63.71913774506271
6.180900998929316,63.675191182966
6.179390622686606,63.72330291600452
6.17788098442015,63.80539345767213
6.1763720835892135,63.95782934164288
6.174863919653587,64.04561871316811
6.1733564920735935,64.03967689620785
6.1718498003100795,63.88302526015381
6.170343843824417,63.69911820169037
6.168838622078506,63.54677270272258
6.167334134534769,63.365168643372556
6.165830380656157,63.16834641787777
6.164327359906141,63.21029500933366
6.1628250717487125,63.282507467292916
6.161323515648393,63.375545096316785
6.15982269107022,63.59156358886207
6.158322597479752,63.693234076547014
6.15682323434307,63.73247118803667
6.155324601126777,63.73562776914368
6.1538266972979905,63.73875557682992
6.15232952232435,63.73832670053635
6.15083307567401,63.737627375067845
6.149337356815645,63.749066665343406
6.1478423652184455,63.78029523595829
6.1463481003521165,63.81315632260453
6.14485456168688,63.83055427778292
6.143361748693473,63.8476462292181
6.141869660843146,63.85333887850602
6.140378297607665,63.85456927979408
6.138887658459304,63.85316745861829
6.137397742870855,63.834818521074496
6.135908550315618,63.784304794526975
6.134420080267405,63.72542920902096
6.1329323322005385,63.66371797606925
6.131445305589852,63.59961896327432
6.129958999910687,63.5112353787012
6.128473414638895,63.531018888900206
6.126988549250832,63.56089925183292
6.125504403223366,63.595339849797284
6.124020976033869,63.662653114689114
6.122538267160217,63.72949458108961
6.121056276080797,63.79431389709441
6.119575002274496,63.827773173630426
6.11809444522071,63.84638840635047
6.116614604399335,63.90468435362001
6.11513547929077,63.941694052867916
6.113657069375919,63.93757734956019
6.112179374136186,63.92911871106699
6.110702393053476,63.94009899394676
6.1092261256101965,63.86904946665517
6.1077505712892535,63.87915919454231
6.106275729574053,63.85153263444243
6.104801599948501,63.81317786202749
6.103328181896997,63.73878328552264
6.101855474904446,63.627857884161
6.100383478456243,63.639493562659524
6.098912192038283,63.6247623969535
6.097441615136956,63.615433439180954
6.095971747239147,63.58229916103194
6.094502587832236,63.604080283275906
6.093034136404098,63.594513582817115
6.091566392443099,63.653667326774
6.090099355438099,63.67758325151111
6.088633024878452,63.692640306428956
6.0871674002540015,63.67819364784434
6.085702481055083,63.6245337410463
6.084238266772522,63.58591361857997
6.082774756897635,63.611338514333255
6.081311950922227,63.501272201268605
6.079849848338591,63.444915316027526
6.078388448639509,63.37061700642058
6.0769277513182525,63.30374661370725
6.075467755868575,63.17340590263614
6.074008461784721,63.002098918977936
6.072549868561418,62.85350377940911
6.071091975693881,62.72885021586448
6.06963478267781,62.58808565216242
6.068178289009386,62.24144510701953
6.0667224941852735,61.99510329985238
6.065267397702624,61.73138162286645
6.063812999059067,61.457374364950404
6.0623592977527165,61.34487384737531
6.060906293282167,60.98245913277063
6.059453985146492,60.884799993262035
6.058002372845248,60.784751631275086
6.056551455878467,60.68466461278837
6.055101233746664,60.58126886785611
6.053651705950831,60.459189910951935
6.052202871992433,60.34232777999286
6.05075473137342,60.2392221126043
6.049307283596214,60.1503036208467
6.047860528163713,60.0142570432297
6.046414464579293,59.64231710590769
6.0449690923468005,59.46560024420925
6.04352441097056,59.294836846138246
6.042080419955371,59.13867692857882
6.0406371188065,59.05097361994709
6.039194507029691,58.94413583785263
6.037752584131161,58.958245737560596
6.036311349617594,59.02008430361899
6.034870802996148,59.0702047216218
6.0334309437744515,59.094532573996936
6.031991771460601,59.00791983120489
6.0305532855631645,58.95721914090678
6.029115485591174,58.96412798059726
6.0276783710541375,58.98544131301985
6.026241941462022,59.11665960167063
6.024806196325268,59.176723761063364
6.023371135154781,59.229045565299785
6.021936757461927,59.33455626978948
6.020503062758546,59.488173082154084
6.019070050556936,59.68218069802414
6.017637720369862,59.85248263379476
6.0162060717105525,60.00972260171639
6.014775104092699,60.23545107423948
6.013344817030457,60.6027124623834
6.01191521003844,60.64176618147326
6.010486282631727,60.62049706233283
6.0090580343258555,60.60660230881682
6.007630464636826,60.64185415109959
6.006203573081095,60.69740026232003
6.0047773591755815,60.74627104055793
6.003351822437662,60.80402839193646
6.001926962385171,60.9122910116878
6.0005027785364025,60.9105908502825
5.999079270410104,61.01087517997011
5.997656437525483,61.07957346378068
5.996234279402201,61.187334079986286
5.994812795560376,61.29571564941769
5.99339198552058,61.402144243888884
5.99197184880384,61.494842890112636
5.990552384931638,61.59044999685699
5.989133593425908,61.56992388513505
5.987715473809036,61.5682705317841
5.986298025603861,61.52728116823342
5.984881248333676,61.48198267189807
5.98346514152222,61.436684175562725
5.982049704693688,61.401497482255124
5.980634937372723,61.37932616896292
5.979220839084416,61.37021057212944
5.977807409354311,61.35137339962618
5.9763946477083945,61.32166212730107
5.974982553673107,61.25461840005282
5.973571126775335,61.16610475191413
5.972160366542409,61.131621322012506
5.970750272502107,61.0913484238713
5.969340844182655,61.12992645800648
5.967932081112724,61.10189257517362
5.966523982821428,61.07283134481064
5.965116548838327,61.06554740819715
5.963709778693422,61.0765050048561
5.962303671917162,61.2123024332868
5.960898228040434,61.220796125556845
5.9594934465945695,61.25405979405678
5.958089327111342,61.29196726832146
5.956685869122965,61.33073166195982
5.955283072162095,61.420673728594295
5.953880935761824,61.431860214345924
5.952479459455688,61.48851843528183
5.951078642777662,61.552361210453775
5.949678485262155,61.61210621269288
5.948278986444019,61.703267286511576
5.946880145858542,61.70972980278731
5.945481963041449,61.799924828263045
5.944084437528902,61.902138448004465
5.942687568857496,61.973017384285356
5.941291356564265,62.07099473449591
5.939895800186678,62.138588855301876
5.938500899262635,61.98586718964539
5.937106653330475,62.1501954487678
5.935713061928966,62.197388382508734
5.93432012459731,62.244581316249665
5.932927840875145,62.28372037775445
5.931536210302536,62.36054289245711
5.930145232419981,62.43031450202318
5.928754906768411,62.408591655674854
5.927365232889184,62.40692159039138
5.925976210324092,62.398886048664245
5.924587838615352,62.36895978165697
5.923200117305614,62.247223773256195
5.921813045937953,62.1451647671836
5.9204266240558745,62.07935128110498
5.9190408512033095,62.182659989146174
5.917655726924617,62.52831850296478
5.916271250764582,62.76951939943661
5.914887422268415,62.9936151075963
5.913504240981752,63.247925881893465
5.912121706450656,63.44886458357546
5.9107398182216135,63.59795982839433
5.90935857584153,63.72312365076759
5.907977978857742,63.80932060159438
5.906598026818005,64.02757918483695
5.905218719270496,64.26819404900174
5.903840055763816,64.46867928205833
5.9024620358469875,64.66602135716386
5.901084659069452,64.91277960694828
5.899707924981075,64.85971237828505
5.898331833132137,64.80664514962181
5.896956383073341,64.83905703242947
5.895581574355812,64.74146936581917
5.894207406531085,64.66870776250921
5.892833879151121,64.57320574164234
5.891460991768295,64.50331953398634
5.890088743935402,64.44878310777283
5.888717135205649,64.39524995287465
5.88734616513266,64.29915598061766
5.8859758332704795,64.04191085116655
5.884606139173562,63.825972863971955
5.883237082396779,63.88224147488569
5.881868662495412,63.67396719018043
5.880500879025163,63.4578757974035
5.879133731542143,63.26535063612167
5.877767219602877,63.080919400572995
5.876401342764299,62.68211246596847
5.87503610058376,62.47565115196858
5.873671492619018,62.28303035284749
5.872307518428245,62.095058714024596
5.87094417757002,61.92190084543324
5.869581469603334,61.750989956927214
5.868219394087587,61.57935906038608
5.86685795058259,61.399450853931214
5.865497138648556,61.20898243035105
5.864136957846113,61.02342137612182
5.862777407736294,60.83838312708504
5.8614184878805355,60.45636061840975
5.860060197840687,59.923981312629635
5.858702537178997,59.49004788089222
5.857345505458127,59.32761494565283
5.855989102241138,59.20637699411618
5.854633327091498,59.114685988970194
5.853278179573078,59.04277307942381
5.851923659250153,58.97023770044638
5.8505697656874025,58.887365433515654
5.849216498449907,58.85601615226688
5.847863857103151,58.81918437080797
5.84651184121302,58.79966545950457
5.845160450345801,58.785001289718714
5.843809684068179,58.80176738515431
5.842459541947245,58.78639662899887
5.841110023550488,58.62563228812291
5.839761128445793,58.683257450149924
5.838412856201448,58.65147200629164
5.837065206386138,58.59635756411193
5.835718178568948,58.634326978906955
5.834371772319358,58.85566236202569
5.833025987207246,58.690739191336505
5.831680822802888,58.7577726728928
5.830336278676955,58.80344804152984
5.828992354400514,58.84193644950718
5.827649049545028,58.805716483617616
5.826306363682355,58.71550918571687
5.824964296384747,58.64634527883889
5.8236228472248515,58.61571079215709
5.822282015775706,58.585076305475255
5.8209418016107435,58.53471305036482
5.819602204303791,58.46020138813853
5.818263223429065,58.35779998006413
5.816924858561177,58.268596947140544
5.815587109275125,58.20273529838514
5.814249975146303,57.92320996830175
5.8129134557504925,57.609329249505635
5.811577550663865,57.29230444442
5.810242259462983,57.099733234554364
5.808907581724797,56.77679117819224
5.807573517026646,56.60463732455331
5.806240064946257,56.470088024139685
5.804907225061745,56.40608136472326
5.803574996951615,56.38579351631091
5.802243380194755,56.382668961636625
5.80091237437044,56.374528586732936
5.799581979058332,56.34294564069563
5.798252193838479,56.33723955158437
5.796923018291313,56.413563396143786
5.79559445199765,56.64502470143215
5.794266494538693,56.690051209265405
5.792939145496025,57.04398448163591
5.791612404451617,57.43889772265696
5.790286270987816,57.765569643663326
5.788960744687359,58.00029533916805
5.7876358251333615,58.225755315554665
5.786311511909318,58.57821098105659
5.784987804599108,59.16151078447254
5.783664702786991,59.2865735950073
5.782342206057606,59.308532614893025
5.781020313995973,59.3560859743867
5.779699026187488,59.48696963605927
5.77837834221793,59.76746882030342
5.777058261673454,59.85969003529854
5.775738784140594,59.946166878967375
5.774419909206262,60.063663536655035
5.773101636457747,60.18038372588019
5.771783965482714,60.17673970251036
5.770466895869207,60.17309567914052
5.76915042720564,60.25757137962174
5.76783455908081,60.23286544548856
5.766519291083885,60.20526714816643
5.765204622804405,60.180919379367154
5.763890553832291,60.148872074214474
5.762577083757833,60.09439861213214
5.761264212171694,60.12468919979047
5.759951938664915,60.11907296547269
5.758640262828902,60.098623550899006
5.757329184255441,59.97087052025934
5.756018702536683,59.856381797672924
5.754708817265153,59.79366964556768
5.753399528033747,59.89944789371219
5.752090834435734,60.04933113955629
5.750782736064746,60.10367103277118
5.7494752325147935,60.14010452948828
5.748168323380247,60.11921895912104
5.746862008255852,60.110566938387954
5.745556286736723,60.0529952383411
5.744251158418335,59.96040765654387
5.742946622896539,59.88410624397027
5.741642679767547,59.793681934129026
5.740339328627942,59.61511244555352
5.739036569074671,59.420310751221685
5.737734400705047,59.25910214617413
5.736432823116747,59.09789354112657
5.735131835907817,58.859127724363134
5.733831438676662,58.50861195049063
5.732531631022056,58.805090883589266
5.731232412543134,58.49280543040196
5.729933782839396,58.49755002509388
5.728635741510705,58.5604729687603
5.727338288157283,58.623395912426666
5.726041422379719,58.74043577843989
5.724745143778962,58.9006227697272
5.723449451956318,59.121282544652665
5.72215434651346,59.30698924695604
5.720859827052419,59.469419278358856
5.719565893175586,59.56580846028379
5.718272544485712,59.41363611128776
5.716979780585906,59.617755228712326
5.715687601079637,59.82166316503127
5.714396005570733,59.97234502781546
5.713104993663378,60.040645859723234
5.711814564962114,60.10894669163101
5.710524719071843,60.22832124710147
5.709235455597821,60.351549784299266
5.707946774145662,60.47548955970177
5.706658674321334,60.35021256409334
5.705371155731162,60.675066120422684
5.704084217981827,60.72581275795095
5.702797860680362,60.77661592460078
5.7015120834341575,60.80719769822573
5.700226885850957,60.8363313374062
5.698942267538857,60.868413871040374
5.697658228106307,60.829821567672084
5.696374767162109,60.75349561114137
5.695091884315421,60.65328199677056
5.693809579175748,60.53328245645671
5.692527851352949,60.32368025244617
5.691246700457235,60.199257505186225
5.689966126099166,60.076057349929485
5.688686127889653,59.87580180665445
5.687406705439959,59.67119619516208
5.686127858361694,59.62636885974146
5.684849586266818,59.52545791748625
5.6835718887676405,59.491413034387136
5.6822947654768186,59.46175695404226
5.681018216007358,59.4003579721663
5.679742239972612,59.33502454656496
5.678466836986281,59.25511075403878
5.677192006662414,59.20385990893884
5.675917748615404,59.13963310671687
5.674644062459991,59.06427956425493
5.673370947811261,58.92152880615684
5.672098404284644,58.77233261986012
5.670826431495917,58.55842440100277
5.669555029061202,58.421396866871106
5.668284196596963,58.25841657460636
5.667013933720009,58.09142476873307
5.66574424004749,57.869238889687935
5.664475115196905,57.64103273936128
5.663206558786089,57.365201208629536
5.661938570433223,57.08911712819844
5.660671149756829,56.80904467124694
5.65940429637577,56.532296974137665
5.65813800990925,56.835693472012814
5.656872289976818,56.75803253697421
5.655607136198355,56.70767132140871
5.654342548194088,56.673530673512815
5.653078525584585,56.70463488000328
5.651815067990746,56.66942973300959
5.650552175033818,56.60882930890352
5.64928984633538,56.687826210617644
5.648028081517354,56.767349298602795
5.646766880201997,56.945242925389906
5.645506242011903,57.07081495045925
5.644246166570004,57.20268895953359
5.642986653499569,57.2465231586763
5.641727702424202,57.123581653469984
5.640469312967843,57.04626503594375
5.639211484754768,57.08702997882091
5.63795421740959,57.133346243573094
5.636697510557252,57.36593001658285
5.635441363823034,57.632654807822085
5.634185776832552,57.790821442938004
5.632930749211751,57.93335426274322
5.631676280586913,58.09519476319157
5.630422370584651,58.24132088987655
5.629169018831912,58.445021777808066
5.627916224955972,58.40956888597208
5.626663988584444,58.43470178219066
5.625412309345266,58.44862674077757
5.624161186866711,58.450213229772494
5.622910620777383,58.44892394384378
5.621660610706214,58.47599023542806
5.620411156282467,58.50305652701235
5.619162257135734,58.530122818596624
5.617913912895937,58.53068754690841
5.616666123193329,58.547318522264284
5.615418887658484,58.56635249460537
5.614172205922311,58.58113835785868
5.612926077616047,58.599555181113246
5.611680502371249,58.62001318732365
5.61043547981981,58.64047119353405
5.609191009593944,58.498536716780535
5.607947091326192,58.44094161420961
5.6067037246494245,58.42349518334443
5.605460909196831,58.398132007161884
5.604218644601931,58.36275031638999
5.60297693049857,58.31018979476879
5.601735766520911,58.29059653260805
5.600495152303449,58.20689425536526
5.599255087480999,58.09853120140981
5.598015571688699,58.007948041782406
5.596776604562011,57.73596668918269
5.59553818573672,57.489302763194715
5.5943003148489305,57.31791579255732
5.593062991535074,57.149747544444764
5.591826215431898,56.95103956154773
5.590589986176476,56.71993832807638
5.589354303406199,56.49026020851348
5.588119166758781,56.16233583717448
5.586884575872254,56.09643398082264
5.585650530384971,56.0927015826555
5.584417029935604,56.09841762561476
5.583184074163146,56.11489077888049
5.581951662706905,56.121625840521205
5.580719795206509,56.098018164480564
5.579488471301906,56.04894425956881
5.578257690633361,55.98462119716348
5.577027452841454,55.94977964027554
5.575797757567084,55.91339392806758
5.574568604451467,55.891807157377585
5.573339993136134,55.87229204634234
5.5721119232629315,55.89879376836049
5.570884394474024,55.92529549037863
5.569657406411888,55.97460670691004
5.568430958719318,56.147884670238014
5.567205051039424,56.292966123873825
5.565979683015624,56.38802696933795
5.564754854291656,56.40125179938434
5.563530564511569,56.357502767230976
5.562306813319726,56.27710480397073
5.561083600360801,56.21452954410584
5.559860925279783,56.15734668221659
5.558638787721973,56.11238284635398
5.557417187332982,56.06741901049136
5.556196123758732,56.036715392070306
5.554975596645459,56.00768560144992
5.553755605639709,56.013248624861234
5.5525361503883355,56.03272001579585
5.551317230538505,56.03166098203735
5.550098845737693,56.051601109503174
5.548880995633685,56.166127991680966
5.547663679874575,56.29511019198548
5.546446898108766,56.391430415039
5.545230649984967,56.48742434150941
5.5440149351522,56.572960754266376
5.54279975325979,56.64962672632122
5.541585103957372,56.7227557127253
5.540370986894887,56.799270457744456
5.5391574017225835,56.838513611296236
5.537944348091016,56.86031518276661
5.536731825651045,56.874426226124186
5.535519834053836,56.901027121572255
5.5343083729508615,56.90755006606782
5.533097441993897,56.95816899702824
5.5318870408350245,57.09640449277253
5.53067716912663,57.26810622410221
5.529467826521402,57.46002982655938
5.528259012672336,57.83471907370418
5.5270507272327265,58.33904482656538
5.525842969856175,58.23717260423794
5.524635740196584,58.33054004231164
5.523429037908157,58.44147494961612
5.5222228626454015,58.53057825512434
5.521017214063127,58.586250415912204
5.519812091816443,58.62876386890993
5.518607495560762,58.67127732190765
5.517403424951793,58.67937273692263
5.5161998796455505,58.67727016616169
5.514996859298347,58.67752020294241
5.513794363566793,58.79645730996306
5.512592392107802,58.91723801362786
5.511390944578584,58.919632209878365
5.510190020636647,58.91206219276427
5.508989619939801,58.9044921756502
5.507789742146151,58.8969221585361
5.5065903869141,58.867484314138025
5.505391553902351,58.862818839244795
5.504193242769901,58.77955609291958
5.502995453176046,58.69629334659436
5.501798184780378,58.5926964127141
5.500601437242783,58.478865440082885
5.499405210223448,58.482004696128456
5.49820950338285,58.35432784015159
5.4970143163817635,58.213048273511795
5.49581964888126,58.01534285241098
5.494625500542702,57.87338270809549
5.493431871027746,57.75722929435159
5.492238759998347,57.65278580049548
5.4910461671167505,57.54391737835734
5.489854092045495,57.432973490404265
5.488662534447412,57.35444432685033
5.487471493985628,57.26375745298946
5.486280970323559,57.20057249585803
5.485090963124914,57.13130147762065
5.483901472053693,57.0179176367467
5.48271249677419,56.90453379587275
5.481524036950987,56.76037873739875
5.48033609224896,56.6185584379888
5.479148662333272,56.490245332677205
5.477961746869377,56.358023164826456
5.476775345523022,56.20376549423774
5.475589457960238,56.06494362594245
5.474404083847349,55.919928555187944
5.473219222850969,55.74389882087455
5.4720348746379965,55.6610884287362
5.470851038875622,55.57827803659789
5.469667715231321,55.49973443060612
5.468484903372858,55.42352617907973
5.467302602968286,55.34731792755336
5.466120813685943,55.22785646136843
5.464939535194454,54.99892710831669
5.463758767162732,54.74614642274106
5.4625785092599735,54.52510779401722
5.461398761155664,54.322390803276065
5.460219522519571,54.114715126128004
5.45904079302175,53.91548704340369
5.457862572332541,53.79644116195275
5.456684860122565,53.726061493653376
5.455507656062733,53.653670357698346
5.454330959824234,53.591770070186584
5.453154771078546,53.56124603813983
5.451979089497427,53.72106100869201
5.450803914752918,53.82462587159003
5.449629246517345,53.89485609325979
5.448455084463315,53.8993170343349
5.4472814282637145,53.90229719052551
5.4461082775917165,53.80993869972254
5.444935632120774,53.76498347616817
5.443763491524618,53.734676806666
5.442591855477265,53.70133862854439
5.441420723653009,53.6665668381947
5.440250095726427,53.67503162838064
5.439079971372372,53.75445910063661
5.437910350265979,53.82665738852343
5.436741232082665,53.8931363337455
5.43557261649812,53.968647896337224
5.434404503188317,54.10616477938743
5.433236891829509,54.28943494601571
5.432069782098221,54.359256317891095
5.430903173671263,54.41877482735913
5.429737066225718,54.44749711897509
5.428571459438946,54.46258832342663
5.427406352988588,54.4837670466059
5.4262417465525585,54.516920032136234
5.425077639809048,54.53514466791114
5.423914032436526,54.41014448715036
5.422750924113735,54.37436337636285
5.421588314519694,54.350359377460094
5.4204262033336965,54.345122642324476
5.419264590235312,54.339885907188844
5.4181034749043855,54.323735830687866
5.416942857021033,54.3093285427539
5.415782736265649,54.294921254819926
5.414623112318898,54.30744132282854
5.4134639848617185,54.3348682800512
5.4123053535753245,54.322743220863586
5.411147218141201,54.26230895972664
5.409989578241104,54.26667551964137
5.408832433557065,54.27104207955608
5.407675783771388,54.27316479938945
5.406519628566643,54.22111901267319
5.405363967625678,54.17601196174155
5.404208800631608,54.14372017506654
5.403054127267821,54.17445430113274
5.4018999472179745,54.205188427198934
5.400746260165996,54.245114551271854
5.399593065796084,54.32282743564944
5.398440363792704,54.368525105927084
5.397288153840596,54.35253773971101
5.396136435624765,54.2071619890975
5.394985208830485,54.05498539118631
5.393834473143299,53.94269932610018
5.392684228249021,53.86095685477355
5.391534473833728,53.737325837998995
5.390385209583767,53.786377862375325
5.389236435185755,53.845200378406645
5.388088150326572,53.85579858917496
5.386940354693368,53.759302358862726
5.385793047973555,53.70387061616749
5.384646229854817,53.64843887347225
5.383499900025101,53.51379117066188
5.382354058172618,53.38952837188295
5.381208703985848,53.349048146456184
5.380063837153534,53.29171728207892
5.378919457364683,53.233924965734445
5.37777556430857,53.14828745197003
5.37663215767473,53.05595009472197
5.375489237152964,52.92541546900833
5.374346802433339,52.77655484586513
5.373204853206181,52.35871958605468
5.372063389162081,52.09775237917273
5.370922409991894,51.91193574407918
5.369781915386736,51.77904696305923
5.368641905037988,51.612643851272246
5.367502378637289,51.457139075389804
5.366363335876542,51.388030918181556
5.365224776447913,51.30611532578628
5.364086700043825,51.19644042258845
5.3629491063569645,51.085290304062134
5.361811995080281,50.84238340366289
5.360675365906979,50.768711052699956
5.359539218530529,50.678292370328506
5.358403552644655,50.57378909612795
5.3572683679433455,50.54382017158653
5.356133664120847,50.581421189956714
5.354999440871664,50.60393815132689
5.353865697890559,50.589350640611556
5.352732434872556,50.57699120107516
5.351599651512935,50.56850109007086
5.350467347507235,50.54424205423818
5.349335522551249,50.5084498877433
5.348204176341033,50.36620057247204
5.347073308572897,50.27493341169453
5.345942918943407,50.233417231372194
5.344813007149387,50.22850336832573
5.343683572887917,50.211064519980674
5.342554615856334,50.15423696461335
5.341426135752228,50.0909931847801
5.340298132273447,50.02774940494682
5.339170605118092,50.00664103257844
5.338043553984522,50.01163149091279
5.336916978571348,50.04484856675897
5.335790878577436,50.05900805970958
5.334665253701906,50.047484461092694
5.333540103644133,50.01252596246934
5.332415428103744,50.06204141933372
5.331291226780619,50.151361236292146
5.330167499374895,50.26355530104827
5.329044245586957,50.35685548518913
5.327921465117443,50.434027867026984
5.326799157667247,50.50834357218332
5.32567732293751,50.61226832055556
5.324555960629629,50.72026913776847
5.323435070445252,50.828269954981394
5.322314652086273,50.98455087276153
5.321194705254844,51.26109161289979
5.320075229653363,51.71969805843243
5.31895622498448,51.51249017395921
5.3178376909510945,51.62998880686585
5.316719627256357,51.73859900974631
5.315602033603667,51.84720921262676
5.314484909696672,51.97808659973968
5.313368255239271,52.10241138243086
5.312252069935609,52.289595498890776
5.311136353490084,52.614865157579686
5.310021105607336,52.770741933843354
5.308906325992258,52.92661871010702
5.307792014349991,53.024710281055604
5.306678170385918,53.059811337652384
5.305564793805676,53.089218521699095
5.304451884315144,53.1168065294668
5.303339441620452,53.16428363934403
5.302227465427971,53.154543314823535
5.301115955444324,53.14083731401587
5.300004911376376,53.120527993755154
5.298894332931239,53.03621357383241
5.297784219816271,52.91859931050461
5.296674571739075,52.81783457803712
5.295565388407497,53.011123893909954
5.29445666952963,52.97008763342835
5.293348414813813,52.90676407458759
5.292240623968622,52.79971627701131
5.291133296702886,52.692579592787844
5.2900264327256705,52.58648174271062
5.288920031746288,52.506575073054925
5.287814093474296,52.42666840339925
5.286708617619489,52.375115936722906
5.285603603891907,52.35278018230995
5.284499052001836,52.367106930403764
5.283394961659798,52.38143367849758
5.282291332576561,52.40437440666099
5.281188164463133,52.49102996109326
5.280085457030763,52.56621624938462
5.278983209990945,52.63470285222119
5.2778814230554065,52.65601875921979
5.276780095936123,52.6371396157931
5.275679228345305,52.60790559261909
5.274578819995407,52.52930414362582
5.273478870599119,52.4291149131584
5.272379379869377,52.32003970794677
5.271280347519349,52.20126691844342
5.270181773262449,52.26178386768675
5.269083656812324,52.17447279106855
5.267985997882864,52.088042213822504
5.266888796188194,52.00180339527566
5.26579205144268,51.99793752885955
5.264695763360923,52.00652126465355
5.263599931657764,52.013612165612294
5.262504556048281,52.011261310525256
5.261409636247788,52.00689716432302
5.260315171971837,51.99168899922686
5.259221162936216,52.00462861040286
5.25812760885695,52.040195609017374
5.257034509450298,52.0641084799083
5.255941864432757,52.082493687293876
5.254849673521061,52.107316441737474
5.2537579364321765,52.13377561770472
5.252666652883306,52.05783784460591
5.251575822591888,52.144944220796646
5.250485445275594,52.223738025065884
5.249395520652332,52.24925261272419
5.248306048440241,52.303118252260596
5.247217028357697,52.37459752806977
5.246128460123309,52.43614604293448
5.245040343455918,52.48466230829987
5.243952678074602,52.53705921839652
5.242865463698666,52.5687523443045
5.241778700047653,52.604166679750165
5.240692386841337,52.639550735932616
5.23960652379972,52.66548828033895
5.2385211106430445,52.60125442435468
5.237436147091777,52.72048688632822
5.2363516328666195,52.796439727446035
5.2352675676885045,52.82557687906107
5.234183951278595,52.854714030676085
5.233100783358286,52.88364104708673
5.2320180636492015,52.89817203118491
5.230935791873197,53.014765173425246
5.229853967752357,53.001646523284336
5.228772591008997,52.90483360469541
5.227691661365662,52.79676209973212
5.226611178545126,52.68149321288364
5.225531142270392,52.59753615411663
5.224451552264692,52.5238845905632
5.223372408251488,52.38972155483409
5.222293709954467,52.273985182451284
5.221215457097548,52.17084855005178
5.220137649404876,51.97893052624671
5.219060286600824,51.714698819656334
5.217983368409994,51.31596771585939
5.216906894557211,51.31171091465188
5.215830864767533,51.12886142949218
5.21475527876624,50.946020467747886
5.21368013627884,50.79389091900289
5.212605437031068,50.67877010101917
5.211531180748885,50.64312502403993
5.210457367158478,50.61363091112413
5.209383995986259,50.584136798208334
5.2083110669588635,50.554642685292535
5.207238579803157,50.57141122783813
5.2061665342462256,50.64289655209423
5.205094930015382,50.719756602208435
5.204023766838162,50.7914314651359
5.202953044442329,50.80538110644551
5.201882762555866,50.77951994174482
5.200812920906983,50.76768345367752
5.1997435192241115,50.79437009217909
5.198674557235908,50.826827940785805
5.19760603467125,50.85928578939247
5.196537951259241,50.84685082883274
5.195470306729204,50.818484489712326
5.1944031008106855,50.79011815059191
5.193336333233455,50.396020058207846
5.192270003727503,50.42609617907906
5.191204112023041,50.467892847462004
5.190138657850506,50.45823005969467
5.18907364094055,50.38042517818903
5.188009061024051,50.2906452649942
5.186944917832104,50.20214581935768
5.18588121109603,50.1330255058177
5.184817940547363,50.04120779871755
5.183755105917866,49.925713064518334
5.182692706939513,49.84907669817078
5.181630743344503,49.80236426933775
5.180569214865254,49.71746417010394
5.1795081212344005,49.63552228200185
5.178447462184799,49.564900893123124
5.1773872374495244,49.5021550455393
5.176327446761868,49.450742801996725
5.175268089855343,49.39770525326828
5.174209166463676,49.339821191216984
5.173150676320815,49.26513907313547
5.172092619160925,49.20128129836888
5.171034994718388,49.202555022335964
5.169977802727804,49.197175898979495
5.168921042923988,49.20035679129286
5.167864715041974,49.229218714485704
5.166808818817012,49.260233238993294
5.1657533539845675,49.342832899885735
5.164698320280323,49.40490123511327
5.163643717440176,49.438735045885466
5.16258954520024,49.45288352421156
5.161535803296845,49.467032002537636
5.160482491466535,49.48118048086373
5.159429609446069,49.447791621716206
5.1583771569724215,49.487199515734176
5.1573251337827815,49.52721384063014
5.156273539614551,49.56855454759549
5.15522237420535,49.60521404797014
5.154171637293005,49.639302037511705
5.153121328615565,49.67634641532004
5.152071447911286,49.6925247112804
5.151021994918641,49.62908995935851
5.149972969376313,49.59679409367607
5.1489243710232016,49.619520645176905
5.147876199598415,49.64224719667773
5.146828454841277,49.67876463492129
5.145781136491321,49.652413167697546
5.144734244288293,49.62606170047381
5.143687777972154,49.599710233250065
5.142641737283072,49.648899481049654
5.141596121961429,49.6317733916189
5.140550931747816,49.57505087826228
5.139506166383037,49.483362309957414
5.138461825608107,49.36914693821031
5.137417909164248,49.28623926498953
5.136374416792896,49.240228882705665
5.135331348235695,49.19763643823524
5.134288703234501,49.220929778206326
5.133246481531376,49.20636075201945
5.132204682868594,49.20084175364447
5.131163306988638,49.28882236894886
5.1301223536342,49.4051793974234
5.129081822548179,49.51459654251896
5.128041713473684,49.62203892807399
5.127002026154034,49.683555777818164
5.125962760332752,49.68079642414045
5.124923915753573,49.707185862576665
5.123885492160437,49.73357530101286
5.1228474892974925,49.76012600193781
5.121809906909096,49.75879445558135
5.12077274473981,49.67621810700847
5.1197360025344025,49.6168009778676
5.118699680037851,49.57568474940102
5.1176637769953395,49.578643248700004
5.116628293152256,49.75925156248357
5.115593228254194,49.99962495390814
5.114558582046956,50.278139470575326
5.113524354276549,50.258906669709056
5.112490544689183,50.18627253367242
5.111457153031276,50.113638397635796
5.11042417904945,50.212735306439484
5.109391622490531,50.150021615909836
5.108359483101553,50.18479825598304
5.107327760629747,50.21957489605633
5.106296454822557,50.173736269894775
5.105265565427627,50.126534048528384
5.104235092192801,50.07933182716202
5.103205034866132,50.57197847601064
5.102175393195875,50.462220174024665
5.101146166930488,50.35754817054131
5.100117355818631,50.27112129059009
5.0990889596091655,50.1846944106389
5.098060978051159,50.09826753068771
5.09703341089388,50.01184065073648
5.096006257886798,49.94200457397733
5.094979518779585,49.92204346517629
5.093953193322115,50.05390591890388
5.092927281264462,50.18576837263147
5.0919017823569055,50.310711731716054
5.09087669634992,50.4330842001631
5.089852022994186,50.51681120105917
5.088827762040583,50.75040716034266
5.087803913240188,50.72097719285047
5.086780476344285,50.69363878363046
5.085757451104351,50.66630037441046
5.084734837272068,50.63705459324005
5.083712634599315,50.63016015879094
5.082690842838169,50.66218885309025
5.081669461740913,50.6862858334812
5.080648491060021,50.69109534326043
5.07962793054817,50.69026543768587
5.078607779958236,50.68943553211132
5.077588039043292,50.681376416331695
5.07656870755661,50.607364729635066
5.07554978525166,50.549221057579594
5.074531271882109,50.50344975685789
5.073513167201823,50.45048527305725
5.072495470964867,50.44867941069855
5.071478182925499,50.43091355127342
5.070461302838176,50.4207861551911
5.069444830457553,50.423057386528036
5.068428765538482,50.428117040903885
5.0674131078360105,50.44269744472456
5.06639785710538,50.4639245374328
5.065383013102032,50.48515163014105
5.064368575581604,50.3599355534797
5.063354544299924,50.3459649256637
5.06234091901302,50.45531955820646
5.061327699477116,50.50441348470427
5.060314885448628,50.52977619589901
5.05930247668417,50.518338862997254
5.0582904729405485,50.5229708492658
5.057278873974764,50.52760283553435
5.056267679544013,50.525925344983676
5.055256889405687,50.51779317468422
5.054246503317368,50.496507222024704
5.053236521036836,50.46489824480615
5.052226942322061,50.42869835358783
5.05121776693121,50.39249846236953
5.05020899462264,50.35629857115121
5.0492006251549,50.303906187288106
5.0481926582867365,50.247122101533215
5.047185093777085,50.229573679543265
5.046177931385074,50.21384995374514
5.045171170870025,50.2081713366659
5.044164811991451,50.22585821852991
5.043158854509058,50.23495141176916
5.0421532981827415,50.283221015677704
5.04114814277259,50.31274397192516
5.040143388038883,50.32351976819218
5.0391390337420905,50.32996764784084
5.038135079642874,50.33641552748949
5.037131525502085,50.2689570119489
5.036128371080767,50.1675176312852
5.035125616140153,50.10294389806205
5.034123260441665,50.05475085078331
5.033121303746916,49.99712940402334
5.03211974581771,49.90611755194033
5.031118586416038,49.8151056998573
5.030117825304081,49.68018248136508
5.02911746224421,49.6746572864123
5.028117496998987,49.66913209145952
5.027117929331158,49.66360689650675
5.026118759003662,49.647059199259886
5.025119985779623,49.59530462552307
5.024121609422357,49.56365916280133
5.023123629695364,49.57457552052385
5.022126046362334,49.58549187824636
5.0211288591871455,49.60013787793973
5.020132067933862,49.584737181158175
5.019135672366739,49.71788642190408
5.018139672250212,49.718664361080776
5.01714406734891,49.71944230025747
5.016148857427645,49.71563107268227
5.0151540422514165,49.62720833223014
5.014159621585412,49.510332996852384
5.013165595195002,49.238706220765806
5.012171962845746,49.24391839479105
5.011178724303389,49.20116486225494
5.010185879333858,49.13762228868801
5.009193427703271,49.07142930835968
5.008201369177928,49.00523632803137
5.007209703524313,48.970464793133296
5.006218430509098,48.94927567224826
5.005227549899138,48.95561360623621
5.004237061461473,48.96195154022417
5.003246964963328,48.94720937813376
5.002257260172109,48.930431936839625
5.00126794685541,48.926223464200405
5.000279024781008,48.93845721443769
4.999290493716862,48.92251169817841
4.998302353431114,48.86412213098197
4.997314603692093,48.77268239382093
4.996327244268307,48.45837795717028
4.9953402749284495,48.180140014355004
4.9943536954413945,48.02647549971475
4.9933675055762015,47.872810985074494
4.99238170510211,47.80224439904636
4.991396293788542,47.72455116186593
4.990411271405102,47.644925730539775
4.989426637721578,47.579466860780634
4.9884423925079355,47.514007991021494
4.9874585355343255,47.4485491212624
4.986475066571078,47.28001610983371
4.985491985388705,47.162138659657856
4.984509291757901,47.08765234060744
4.9835269854495365,47.02731713507394
4.982545066234667,46.93975634268435
4.981563533884526,46.85219555029476
4.9805823881705305,46.76463475790517
4.979601628864275,46.55612882685078
4.978621255737531,46.40275051220718
4.977641268562256,46.30587660524833
4.976661667110584,46.21954908271344
4.975682451154825,46.134356094446034
4.974703620467475,46.122753509228374
4.973725174821203,46.15626404423378
4.97274711398886,46.187137348529276
4.971769437743476,46.21373559376647
4.9707921458582565,46.355672443636266
4.9698152381065865,46.46789944503733
4.9688387142620325,46.54460594369997
4.9678625740983335,46.61253570277773
4.96688681738941,46.68046546185549
4.965911443909359,46.7374633733882
4.964936453432454,46.768338708876044
4.963961845733149,46.797523392191266
4.962987620586069,46.856385613295615
4.962013777766022,46.918637571598445
4.96104031704799,47.02465082906331
4.960067238207132,47.072053522617615
4.959094541018782,47.124149253432215
4.958122225258452,47.21706397760774
4.95715029070183,47.300135891726484
4.9561787371247785,47.396229827948375
4.955207564303337,47.50194472016008
4.9542367720137195,47.62781475207231
4.953266360032317,47.73936813433596
4.952296328135692,47.83307505373176
4.951326676100587,47.91707135837305
4.950357403703915,48.00106766301434
4.949388510722767,48.09551317373405
4.948419996934406,48.13023594435434
4.947451862116269,48.27624494846075
4.94648410604597,48.41285938600548
4.945516728501296,48.58032376443948
4.944549729260205,48.82319072739082
4.943583108100832,49.03638768302728
4.942616864801484,49.21179086274507
4.9416509991406405,49.287575535063326
4.940685510896958,49.35613055832218
4.939720399849259,49.424685581581045
4.9387556657765455,49.46111244898083
4.93779130845799,49.49341062063919
4.936827327672935,49.52570879229757
4.935863723200898,49.55578993401494
4.934900494821568,49.62252089404566
4.933937642314804,49.68702825292115
4.932975165460642,49.7211820847982
4.932013064039283,49.76142164179511
4.931051337831104,49.83790936607597
4.930089986616652,49.91175083609655
4.929129010176643,49.97675617381954
4.928168408291968,50.03443637635777
4.927208180743685,50.09629696490058
4.926248327313026,50.1763994305947
4.925288847781391,50.27660125920302
4.92432974193035,50.35765314890751
4.923371009541644,50.36983323351768
4.922412650397186,50.336108031273255
4.9214546642790555,50.27234115820117
4.920497050969502,50.20844934883895
4.919539810250947,50.138664718341694
4.918582941905977,50.18652126051016
4.917626445717354,50.10171117923784
4.916670321468002,50.066751838356225
4.915714568941018,50.10659158024296
4.9147591879196675,50.14643132212968
4.913804178187382,50.18627106401642
4.912849539527763,50.21618810523056
4.911895271724581,50.247245831077095
4.910941374561773,50.27841747199214
4.909987847823444,50.39881714325004
4.909034691293867,50.36928036067276
4.908081904757482,50.49973139223762
4.9071294879988985,50.63917775990847
4.906177440802889,50.75151770376389
4.905225762954395,50.85712742357526
4.904274454238528,50.93014709737474
4.903323514440561,51.003166771174236
4.902372943345937,51.05502752781828
4.901422740740263,51.085588275538946
4.900472906409314,51.11952330344319
4.899523440139032,51.15345833134742
4.898574341715521,51.187374325458244
4.897625610925052,51.18570517756723
4.8966772475540665,51.18961398826802
4.895729251389164,51.219390607445206
4.894781622217114,51.24916722662239
4.89383435982485,51.27894384579956
4.892887463999469,51.30157945369629
4.891940934528234,51.30703587498604
4.8909947711985735,51.30113794987554
4.890048973798078,51.241972211050225
4.889103542114504,51.11355005000594
4.8881584759357715,50.96048176068665
4.887213775049966,50.81501980979078
4.886269439245334,50.695016948858324
4.8853254683102865,50.55666137964037
4.884381862033401,50.334559908637225
4.883438620203414,50.23916818677316
4.882495742609227,50.15067353582705
4.8815532290399055,49.99029043871524
4.880611079284676,49.811103906043556
4.879669293132929,49.742981762189274
4.878727870374218,49.67399831939582
4.877786810798256,49.60501487660236
4.876846114194921,49.59915842547874
4.875905780354253,49.632791586078504
4.874965809066452,49.654975660683675
4.874026200121881,49.621936977838175
4.873086953311065,49.588320717996766
4.87214806842469,49.54865616190627
4.871209545253603,49.489799083501566
4.870271383588812,49.425689868562
4.869333583221488,49.38751556275034
4.868396143942959,49.351943569784176
4.867459065544716,49.164674100632055
4.86652234781841,48.929521877017876
4.8655859905558545,49.0300091088806
4.86464999354902,48.907517810486155
4.863714356590039,48.76571577998816
4.862779079471202,48.725025160762655
4.861844161984963,48.72400583574528
4.86090960392393,48.72298651072788
4.859975405080874,48.736880111154655
4.859041565248727,48.72680781393048
4.858108084220577,48.61628961634398
4.857174961789671,48.50577141875749
4.856242197749416,48.42506779160185
4.855309791893378,48.32619124053302
4.85437774401528,48.3002040139322
4.853446053909004,48.28672175498703
4.852514721368592,48.36446027674593
4.851583746188241,48.462863616667086
4.850653128162308,48.56552167466219
4.849722867085308,48.696616038778856
4.848792962751911,48.855039367503096
4.847863414956947,49.034547591822886
4.846934223495404,49.21465733320911
4.846005388162422,49.42890691104739
4.845076908753305,49.65353674618846
4.84414878506351,49.80938378938994
4.843221016888649,50.03525866714844
4.842293604024497,50.27838043057176
4.841366546266976,50.51516563744837
4.840439843412173,50.82399068717886
4.839513495256327,51.06521499604216
4.838587501595832,51.274877770277165
4.8376618622272405,51.53170143394066
4.836736576947259,51.8032225827985
4.83581164555275,52.12366964358115
4.8348870678407305,52.42203176527589
4.833962843608375,52.25600982932251
4.833038972653011,52.511630500563825
4.83211545477212,52.73502636015587
4.831192289763342,52.771337412315226
4.830269477424467,52.72356223160864
4.829347017553443,52.59440869209924
4.828424909948372,52.41309422089283
4.827503154407509,52.42032619372972
4.826581750729261,52.433150149375265
4.825660698712193,52.440666638713694
4.824739998155023,52.43785048379637
4.8238196488566185,52.43503432887906
4.822899650616006,52.40945307189868
4.821980003232361,52.342300206283355
4.8210607065050155,52.262072368369346
4.820141760233453,52.17787736652352
4.8192231642173065,52.241611520826595
4.818304918256368,52.22402580815431
4.817387022150579,52.206440095482016
4.816469475700032,52.18558475461145
4.815552278704973,52.14745249636337
4.814635430965802,52.108508776788014
4.813718932283067,52.059212229660616
4.8128027824574735,52.01483492254387
4.811886981289872,51.97536987526145
4.810971528581269,51.929343795880925
4.810056424132822,51.86422814308368
4.809141667745838,51.77072870609915
4.808227259221776,51.62120028978383
4.807313198362247,51.33314153243283
4.8063994849690115,51.00721564324996
4.805486118843982,51.2564054131994
4.804573099789219,51.1457077990713
4.803660427606936,51.02332919014556
4.802748102099497,50.89190004924408
4.801836123069412,50.76047090834257
4.800924490319347,50.664883431548375
4.800013203652113,50.60088994667228
4.799102262870672,50.569290732587675
4.798191667778139,50.53723891029589
4.797281418177771,50.50451685986529
4.796371513872982,50.467029466104236
4.795461954667331,50.42954207234318
4.794552740364526,50.39188871807615
4.793643870768425,50.34479828378877
4.792735345683034,50.29770784950139
4.791827164912508,50.25061741521401
4.790919328261151,50.194148342146235
4.790011835533414,50.118054420996394
4.7891046865338955,50.04646976798786
4.788197881067346,49.998493815978776
4.787291418938658,49.993974213091896
4.786385299952876,49.90940960399182
4.785479523915192,49.850627914053305
4.784574090630941,49.79184622411478
4.783668999905612,49.73562917377237
4.782764251544837,49.78790377823687
4.7818598453543935,49.64584724955199
4.780955781140211,49.63497814954643
4.7800520587083595,49.627949569401764
4.779148677865062,49.62160602568163
4.778245638416683,49.626933621306364
4.777342940169737,49.631067825063255
4.776440582930881,49.645351512831255
4.775538566506921,49.668319195469465
4.774636890704808,49.72156059965898
4.773735555331639,49.76222941283851
4.772834560194654,49.83110321440263
4.771933905101243,49.88627836151736
4.771033589858938,49.92862374409063
4.770133614275418,49.93099503155511
4.769233978158506,49.933366319019584
4.768334681316171,49.87771972640846
4.767435723556525,49.7797761516788
4.766537104687827,49.71772582278705
4.765638824518479,49.657826169739565
4.764740882857028,49.596047518188826
4.763843279512164,49.50389307502009
4.762946014292724,49.38779884300658
4.762049087007687,49.2572984612317
4.761152497466174,49.11783674172938
4.760256245477453,48.978421251235886
4.759360330850935,48.85081085711833
4.758464753396174,48.722600752394506
4.757569512922865,48.59439064767068
4.756674609240851,48.367462329028335
4.755780042160113,48.16318623987277
4.75488581149078,48.01195331376442
4.75399191704312,47.86072038765602
4.753098358627542,47.75306102888196
4.752205136054605,47.64714148500744
4.751312249135002,47.76933161208147
4.750419697679573,47.66884287931222
4.749527481499299,47.565287317925225
4.7486356004053025,47.455849644926175
4.74774405420885,47.39533925330198
4.746852842721346,47.37795134976952
4.745961965754339,47.3694081208634
4.74507142311952,47.36337971026117
4.744181214628718,47.359180913096324
4.743291340093905,47.3850279916475
4.7424017993271965,47.434090074590756
4.741512592140844,47.479750760842116
4.740623718347243,47.52429437857512
4.73973517775893,47.56816265147978
4.738846970188579,47.6116394526115
4.737959095449008,47.69946004644217
4.737071553353172,47.79371867541906
4.73618434371417,47.83606331177509
4.735297466345237,47.87840794813112
4.73441092105975,47.94382187131087
4.733524707671225,48.06828121813684
4.732638825993319,48.192740564962854
4.731753275839825,48.35424319579205
4.730868057024681,48.40654676313379
4.729983169361959,48.40985745543945
4.729098612665871,48.41316814774511
4.728214386750772,48.423394824932345
4.72733049143115,48.40560609864509
4.7264469265216364,48.382806225363765
4.725563691836998,48.36874131329012
4.724680787192142,48.37129948605957
4.723798212402112,48.38112976947191
4.722915967282093,48.37769794563607
4.722034051647404,48.34002384650171
4.721152465313505,48.302349747367344
4.720271208095992,48.262953145911986
4.719390279810601,48.21270906827158
4.718509680273201,48.16855553707522
4.717629409299804,48.14412963022039
4.716749466706556,48.14930624561664
4.71586985230974,48.15976198940845
4.714990565925776,48.17195918401543
4.7141116073712235,48.15428371887013
4.713232976462775,48.13630686920848
4.712354673017264,48.116505494073735
4.711476696851656,48.1110698337318
4.710599047783054,48.06444913874268
4.709721725628701,48.001305130653854
4.708844730205972,47.881458797992494
4.707968061332378,47.804290095049964
4.707091718825569,47.774972521863056
4.706215702503328,47.843865423942994
4.705340012183576,47.92538028456863
4.704464647684365,47.58838585934818
4.703589608823887,47.620080594675386
4.702714895420469,47.59956837245328
4.7018405072925695,47.579056150231125
4.7009664442587855,47.55854392800899
4.700092706137847,47.547608355826384
4.699219292748619,47.53840935469945
4.698346203910104,47.52921035357254
4.697473439441434,47.51835383558266
4.696600999161878,47.49635794920083
4.6957288828908395,47.47436206281903
4.694857090447855,47.4523661764372
4.693985621652597,47.427710878372835
4.693114476324869,47.38892507803112
4.692243654284611,47.35873879577687
4.691373155351895,47.35454466968447
4.690502979346927,47.35035054359206
4.689633126090046,47.34615641749966
4.688763595401724,47.360285068571514
4.687894387102568,47.375668493922575
4.687025501013315,47.42334760655163
4.686156936954838,47.47204043397104
4.68528869474814,47.520709761682056
4.684420774214359,47.56410517683483
4.683553175174763,47.60438688317427
4.682685897450756,47.65097788744099
4.68181894086387,47.74193033036401
4.680952305235771,47.80924658466709
4.6800859903882595,47.8150927490119
4.679219996143264,47.86748620980532
4.678354322322846,47.86878490879655
4.6774889687492,47.87128905056021
4.676623935244651,47.87075363340273
4.675759221631655,47.87288666213108
4.6748948277328,47.857829584823826
4.674030753370804,47.84277250751653
4.673166998368518,47.834444018021316
4.672303562548923,47.90740810421567
4.67144044573513,47.92270602866596
4.670577647750383,47.91903681773539
4.669715168418053,47.91031575188606
4.668853007561644,47.904150929840924
4.66799116500479,47.911317688776506
4.667129640571255,47.89895509498476
4.666268434084932,47.876536261016355
4.665407545369845,47.90295678150507
4.66454697425015,47.927545877995875
4.663686720550129,47.9521349744867
4.662826784094194,48.003656612765745
4.661967164706889,48.0559299121239
4.661107862212886,48.10877536339315
4.660248876436985,47.936082200735356
4.659390207204118,47.99554098378311
4.658531854339343,48.05499976683087
4.657673817667849,48.11445854987862
4.656816097014953,48.173917332926365
4.655958692206099,48.22990906604396
4.655101603066863,48.216694570799035
4.6542448294229475,48.1053137346111
4.653388371100182,48.0281740920805
4.652532227924527,47.9616411996097
4.651676399722069,47.904508368645864
4.650820886319023,47.873344195551525
4.649965687541733,47.842180022457235
4.649110803216667,47.78546145835924
4.648256233170425,47.72088773219805
4.647401977229733,47.65018197946321
4.646548035221443,47.61033387798612
4.645694406972535,47.63772616909079
4.644841092310117,47.68994373151368
4.6439880910614235,47.75116613691971
4.643135403053816,47.803445926969715
4.642283028114781,47.846386006560394
4.641430966071934,47.898457992225715
4.640579216753018,47.96977155671022
4.639727779985897,48.025606817163634
4.638876655598567,48.074267135359804
4.638025843419149,48.12014353622682
4.637175343275888,48.17141350948869
4.636325154997156,48.28135613571173
4.635475278411451,48.30384651218815
4.634625713347397,48.27412845713222
4.6337764596337445,48.223020866340306
4.6329275170993665,48.171913275548384
4.6320788855732635,48.12080568475646
4.631230564884561,48.06018367025859
4.630382554862511,48.128629736533306
4.6295348553364875,47.91555645998801
4.628687466135992,47.73787547257527
4.627840387090649,47.66250515010735
4.626993618030211,47.587134827639446
4.6261471587845495,47.51176450517154
4.625301009183665,47.46900862596475
4.624455169057682,47.45927480591283
4.623609638236846,47.44954098586091
4.622764416551531,47.43980716580898
4.621919503832233,47.43489696432941
4.621074899909569,47.43033294004129
4.620230604614286,47.414598506604406
4.619386617777249,47.358645494120815
4.6185429392294495,47.302692481637216
4.617699568802002,47.29963550497214
4.616856506326143,47.3102929871495
4.616013751633235,47.32095046932685
4.615171304554761,47.33338069614781
4.614329164922328,47.398683942721455
4.613487332567666,47.48207735747361
4.612645807322627,47.46679157515911
4.6118045890191866,47.430656188252016
4.610963677489442,47.39452080134493
4.610123072565615,47.345945570723615
4.609282774080047,47.27426549455923
4.608442781865203,47.19203874418632
4.607603095753669,47.11978084155643
4.606763715578156,47.05502577327434
4.605924641171492,46.99197011272739
4.605085872366631,46.929409298697905
4.604247408996648,46.86348042172212
4.603409250894737,46.79200954070532
4.602571397894217,46.67804689311298
4.601733849828525,46.56247225148708
4.600896606531221,46.38882172311049
4.600059667835986,46.38294153222207
4.599223033576623,46.33551093946283
4.598386703587052,46.30572634862538
4.597550677701318,46.27594175778792
4.596714955753586,46.26991247963094
4.59587953757814,46.27955116195596
4.5950444230093845,46.34156365772283
4.594209611881845,46.3970707549572
4.593375104030169,46.438592845961765
4.59254089928912,46.48011493696635
4.591706997493585,46.52163702797094
4.59087339847857,46.56315911897553
4.590040102079199,46.63502423688699
4.58920710813072,46.754324713468755
4.588374416468496,46.82648938081057
4.587542026928011,46.979571551429714
4.58670993934487,47.133594514157906
4.585878153554794,47.13492144429111
4.585046669393626,47.111731687821994
4.584215486697327,47.09589909248659
4.583384605301978,47.08065701806862
4.582554025043777,47.06541494365062
4.5817237457590405,47.053461736515594
4.580893767284206,47.187027972975926
4.580064089455828,47.340092743341614
4.579234712110579,47.46757269886128
4.578405635085249,47.590849326537
4.577576858216751,47.71412595421272
4.576748381342109,47.837402581888426
4.5759202042984715,47.74444368771148
4.575092326923099,47.78269410713982
4.574264749053374,47.77102183229873
4.573437470526796,47.765770292251304
4.5726104911809795,47.768340585866454
4.57178381085366,47.84515601387103
4.570957429382687,47.972504503850786
4.57013134660603,48.11436004366601
4.569305562361774,48.25500870747392
4.56848007648812,48.39565737128184
4.567654888823389,48.58858396660199
4.566829999206017,48.83279868268059
4.566005407474556,49.07084292475402
4.565181113467675,49.27730614751194
4.56435711702416,49.41184439358434
4.563533417982915,49.45741488991884
4.562710016182956,49.50298538625334
4.561886911463419,49.548055130753255
4.561064103663554,49.59235560684139
4.560241592622728,49.5776690580019
4.559419378180424,49.54929099276135
4.558597460176238,49.50752002801826
4.557775838449887,49.466526470679995
4.556954512841198,49.42553291334172
4.556133483190117,49.38322956813869
4.555312749336704,49.337289411613284
4.554492311121133,49.29287409512209
4.553672168383698,49.25861961500485
4.5528523209648,49.23119034360931
4.552032768704962,49.186046226999444
4.55121351144482,49.140902110389575
4.550394549025121,49.02686501700383
4.549575881286733,48.941085025337244
4.548757508070634,48.87785129456712
4.547939429217915,48.83857285142494
4.5471216445697875,48.79114985195875
4.54630415396757,48.74754017304778
4.545486957252701,48.70393049413681
4.544670054266729,48.660320815225845
4.543853444851318,48.5651654316101
4.543037128848248,48.406371769992745
4.542221106099407,48.259303855019354
4.541405376446802,48.132559778606165
4.540589939732551,48.01731250079754
4.539774795798885,47.96317586553647
4.53895994448815,47.90903923027541
4.538145385642804,47.85507416687966
4.537331119105419,47.80126828305272
4.536517144718678,47.74746239922581
4.535703462325379,47.69231497678228
4.53489007176843,47.650108245080254
4.5340769728908565,47.618491844123966
4.533264165535792,47.61060132470868
4.532451649546484,47.6027108052934
4.5316394247662934,47.566349593608045
4.530827491038691,47.574085021455545
4.530015848207263,47.565479825138915
4.529204496115704,47.55049601284895
4.528393434607823,47.53551220055898
4.527582663527541,47.520528388269014
4.526772182718889,47.552699438600364
4.525961992026011,47.61630191212332
4.525152091293162,47.67943864677078
4.52434248036471,47.67300010795654
4.523533159085131,47.66656156914232
4.522724127299016,47.64740418465466
4.521915384851065,47.605744201544276
4.521106931586089,47.564084218433905
4.5202987673490105,47.50693885352237
4.519490891984863,47.44694813845362
4.518683305338791,47.399689286027055
4.517876007256049,47.37578232018437
4.517068997582003,47.35187535434173
4.516262276162128,47.31958420838687
4.51545584284201,47.30377386766662
4.5146496974673465,47.32400548008374
4.513843839883942,47.34423709250082
4.5130382699377165,47.29962126089852
4.512232987474693,47.2521722448178
4.511427992341011,47.224102014388734
4.510623284382916,47.20695369137253
4.509818863446763,47.189202575619035
4.509014729379019,47.17145145986554
4.508210882026258,47.16902819507607
4.507407321235165,47.157841884266844
4.506604046852534,47.157638931884506
4.505801058725266,47.16270310719534
4.5049983567003755,47.16776728250619
4.504195940624983,47.17283145781704
4.503393810346318,47.176481680472705
4.502591965711719,47.22938797948109
4.501790406568635,47.28229427848943
4.500989132764619,47.34586198916682
4.500188144147339,47.4128205925471
4.499387440564566,47.50824766542565
4.498587021864181,47.66104496465583
4.4977868878941765,47.67296171745495
4.496987038502646,47.76646340358675
4.496187473537798,47.80851045930362
4.495388192847946,47.81666370491536
4.49458919628151,47.819389573689904
4.49379048368702,47.81304762204461
4.492992054913113,47.80670567039931
4.492193909808534,47.784424555835606
4.491396048222135,47.75725651370126
4.4905984700028725,47.773733636287716
4.489801174999816,47.790210758874174
4.48900416306214,47.80668788146062
4.488207434039122,47.837405244069245
4.487410987780152,47.82242699011984
4.4866148241347235,47.808602623462136
4.485818942952439,47.795208943341116
4.4850233440830065,47.7818152632201
4.484228027376239,47.768421583099084
4.48343299268206,47.75871675816566
4.4826382398504965,47.755180239110985
4.481843768731682,47.75164372005631
4.481049579175857,47.74810720100163
4.480255671033368,47.74431680067461
4.479462044154666,47.74024199014486
4.478668698390313,47.736167179615116
4.477875633590969,47.73164724938688
4.477082849607406,47.726711543996686
4.476290346290499,47.70957819076064
4.47549812349123,47.46432614990166
4.474706181060684,47.80110552854862
4.473914518850055,47.78104917599752
4.4731231367106385,47.76405980954597
4.4723320344938395,47.7470704430944
4.471541212051163,47.73128329093689
4.4707506692342225,47.73137524490126
4.469960405894736,47.72415281171167
4.469170421884525,47.71081543626252
4.468380717055517,47.69845101959182
4.467591291259745,47.686086602921115
4.466802144349343,47.672578678857704
4.466013276176554,47.60286897177649
4.4652246865937215,47.536477600695946
4.464436375453295,47.481648326274225
4.463648342607829,47.433164818069656
4.46286058790998,47.38397316888157
4.4620731112125105,47.41099908515747
4.461285912368286,47.47146079752601
4.460498991230275,47.53192250989454
4.459712347651552,47.60630815705592
4.458925981485292,47.70085184102042
4.458139892584776,47.79488647505815
4.4573540808033885,47.85749357820197
4.456568545994616,47.92010068134577
4.455783288012047,47.997416105615535
4.454998306709378,48.088975252803195
4.4542136019404035,48.171240375051696
4.453429173559025,48.267616214648704
4.452645021419242,48.26352951559211
4.451861145375162,48.25782002510739
4.4510775452809925,48.262359047449735
4.450294220991044,48.26809755963225
4.4495111723597285,48.22806128549199
4.448728399241563,48.13631729178253
4.447945901491166,48.043137779642976
4.447163678963257,48.00295670452998
4.446381731512657,47.97882268521987
4.445600058994293,47.97379330463455
4.44481866126319,47.97436286863325
4.444037538174475,47.961339783495184
4.443256689583381,47.918452783278774
4.442476115345239,47.86740852950628
4.441695815315482,47.816364275733775
4.4409157893496465,47.76625790715093
4.4401360373033665,47.722247588171406
4.439356559032382,47.6672221075891
4.438577354392533,47.580336919699064
4.437798423239757,47.496111111416326
4.437019765430098,47.40843591623701
4.436241380819698,47.32091323865089
4.4354632692648,47.25445855865927
4.43468543062175,47.18548390939079
4.433907864746991,47.13848511421833
4.4331305714970695,47.121149119928354
4.432353550728632,47.10711851417752
4.431576802298426,47.095770776778565
4.430800326063297,47.08320806934135
4.4300241218801935,47.066961646022264
4.429248189606163,47.05071522270317
4.4284725290983555,47.0306538654618
4.427697140214016,47.04807043460559
4.426922022810493,47.022842067572235
4.4261471767452365,46.997613700538885
4.425372601875791,46.981296615453346
4.424598298059807,46.96366256978538
4.4238242651550275,46.946028524117416
4.423050503019302,46.94796149259108
4.422277011510576,46.97430590491395
4.421503790486893,47.01759198103323
4.420730839806399,47.065471609223664
4.419958159327337,47.12164099722704
4.419185748908051,47.19531470973567
4.41841360840698,47.29777107994428
4.417641737682667,47.40022745015289
4.416870136593751,47.5026838203615
4.41609880499897,47.60528925034616
4.41532774275716,47.71001402434064
4.414556949727259,47.62583245099775
4.413786425768298,47.7556118542581
4.413016170739411,47.86665745550978
4.412246184499828,47.97770305676147
4.411476466908879,48.046615879866735
4.410707017825989,48.10143511239518
4.409937837110686,48.12578929848848
4.40916892462259,48.13850109683532
4.408400280221424,48.169626567490084
4.407631903767006,48.20075203814482
4.406863795119253,48.23823070662658
4.406095954138177,48.27580532742026
4.405328380683892,48.31337994821393
4.404561074616607,48.350954569007605
4.403794035796628,48.40841593019519
4.403027264084359,48.328356428716475
4.402260759340299,48.44562245821068
4.401494521425049,48.4892981735686
4.400728550199303,48.50977856682416
4.399962845523852,48.53025896007972
4.399197407259587,48.55073935333529
4.398432235267492,48.571219746590856
4.397667329408651,48.355112694282475
4.396902689544241,48.07177699943865
4.39613831553554,48.50015382650554
4.395374207243918,48.47410034748701
4.394610364530845,48.44804686846854
4.393846787257885,48.421993389450066
4.393083475286698,48.28182234361624
4.392320428479042,48.216520338852845
4.3915576466967705,48.14020273803622
4.390795129801832,48.12062058555257
4.390032877656271,48.12779559813354
4.389270890122228,48.13566542604106
4.38850916706194,48.14968518356962
4.387747708337739,48.16370494109819
4.386986513812051,48.17772469862676
4.3862255833474,48.16852732872352
4.385464916806406,48.158825873889725
4.38470451405178,48.14912441905594
4.383944374946331,48.13211561872838
4.383184499352964,48.11373069280606
4.382424887134678,48.08608068542807
4.381665538154566,48.04500398220123
4.380906452275816,47.9966210842575
4.380147629361714,47.94823818631377
4.3793890692756365,47.89789869157556
4.378630771881057,47.84459964335324
4.3778727370415425,47.79130059513092
4.3771149646207546,47.740793799707816
4.37635745448245,47.7235323584062
4.37560020649048,47.70767304274068
4.3748432205087875,47.69181372707516
4.3740864964014134,47.675954411409634
4.37333003403249,47.66009509574411
4.372573833266244,47.64734944134449
4.371817893966995,47.638358978387416
4.37106221599916,47.627281506474006
4.3703067992272455,47.62677305549708
4.369551643515854,47.623597050306984
4.3687967487296815,47.64325361129619
4.368042114733517,47.66498631395946
4.367287741392244,47.678886485514106
4.366533628570836,47.66205063033241
4.365779776134362,47.71110956885475
4.365026183947987,47.78572888269733
4.364272851876964,47.8603481965399
4.363519779786642,47.93496751038248
4.362766967542462,47.96581416658685
4.362014415009957,47.991974849130244
4.361262122054757,48.02372284213433
4.360510088542578,48.03455951868783
4.359758314339234,48.01602369394541
4.35900679931063,47.97667767660995
4.358255543322761,47.93733165927449
4.357504546241718,47.89653114607793
4.356753807933682,47.81086444570689
4.3560033282649275,47.71928652805363
4.355253107101821,47.6277086104004
4.354503144310819,47.55644860399616
4.3537534397584725,47.50676285472168
4.353003993311424,47.42614376350411
4.352254804836406,47.3027277355115
4.351505874200245,47.166668847227754
4.3507572012698565,47.077195202477
4.350008785912252,46.987721557726246
4.349260627994529,46.89365542684031
4.348512727383881,46.82482039872022
4.347765083947589,46.75654237926618
4.34701769755303,46.688264359812166
4.346270568067666,46.586512891753934
4.345523695359056,46.45726811047241
4.344777079294846,46.32657716490749
4.344030719742776,46.18627963928789
4.343284616570674,46.047783449929284
4.342538769646461,45.91230123998156
4.341793178838146,45.779301033344396
4.341047844013833,45.67237979613103
4.340302765041712,45.577386335284146
4.3395579417900665,45.488009829611194
4.338813374127269,45.45142153006205
4.338069061921782,45.430993517569334
4.337325005042161,45.47484300145558
4.336581203357047,45.51869248534187
4.335837656735176,45.55263963959018
4.335094365045371,45.58372771611681
4.334351328156544,45.618403017846965
4.333608545937699,45.64840967487076
4.332866018257931,45.67572105413163
4.332123744986423,45.703032433392494
4.331381725992446,45.730343812653345
4.330639961145362,45.65262399404341
4.329898450314624,45.66285108481162
4.329157193369772,45.55561980237934
4.3284161901804366,45.448388519947066
4.327675440616337,45.3411572375148
4.326934944547284,45.591119771692235
4.326194701843173,45.59644581310347
4.3254547123739915,45.59597485789883
4.324714976009816,45.60999967966657
4.323975492620811,45.70531825232675
4.323236262077229,45.80063682498692
4.322497284249413,45.896862988663905
4.321758559007793,45.994438201850535
4.321020086222889,46.05689447745519
4.32028186576531,46.096809228491935
4.31954389750575,46.05606509123231
4.318806181314995,45.96225213769354
4.318068717063917,45.88058889323805
4.317331504623478,45.79892564878257
4.316594543864727,45.71126297356617
4.3158578346588,45.59954453541002
4.315121376876923,45.50838466823957
4.314385170390408,45.48052045828233
4.313649215070658,45.452656248325084
4.312913510789159,45.42479203836784
4.31217805741749,45.40577430428658
4.3114428548273125,45.392535745285535
4.310707902890377,45.325302401294564
4.309973201478525,45.207735929979314
4.309238750463681,45.20653958019105
4.308504549717858,45.131822081558255
4.307770599113158,45.05710458292546
4.307036898521767,44.98238708429267
4.306303447815961,44.898638579544055
4.305570246868102,44.80295696300111
4.304837295550637,44.72969992878515
4.304104593736103,44.68021831451083
4.303372141297121,44.628651471893136
4.3026399381064016,44.57708462927545
4.301907984036739,44.52551778665773
4.301176278961016,44.57478957621227
4.300444822752201,44.63166352958535
4.299713615283349,44.68853748295841
4.298982656427602,44.782045529739875
4.298251946058186,44.901148864523165
4.297521484048415,44.98667679698888
4.29679127027169,45.02107571186593
4.296061304601497,45.05547462674298
4.295331586911407,45.04561456951819
4.294602117075077,45.04572368418819
4.293872894966253,45.14585132212028
4.2931439204587605,45.28660387221684
4.292415193426518,45.2142494824347
4.291686713743523,45.23213392276992
4.290958481283865,45.24577000249055
4.290230495921713,45.25877524652698
4.2895027575313245,45.2717804905634
4.2887752659870415,45.2815362195404
4.288048021163291,45.2882563969446
4.287321022934587,45.28742657531591
4.2865942711755265,45.28118586736322
4.285867765760791,45.23373874361495
4.285141506565149,45.14071026474478
4.284415493463454,45.104771314684385
4.283689726330642,45.093648895303716
4.2829642050417345,45.082526475923046
4.2822389294718395,45.08372094998985
4.281513899496148,45.08701557155468
4.280789114989934,45.0903101931195
4.28006457582856,45.09360481468432
4.27934028188747,45.09131764331801
4.278616233042193,45.07440611589139
4.2778924291683404,45.05749458846475
4.277168870141611,45.040583061038106
4.276445555837786,45.02433041200216
4.2757224861327305,45.049148302273466
4.2749996609023935,45.07396619254477
4.274277080022808,45.09878408281608
4.273554743370092,45.14361698755695
4.272832650820445,45.205706514762454
4.272110802250152,45.260696106648595
4.271389197535581,45.27758053707083
4.270667836553183,45.29446496749309
4.269946719179493,45.31134939791532
4.269225845291129,45.67044243068446
4.268505214764793,45.61608968038318
4.26778482747727,45.5657120787223
4.267064683305428,45.514992020937356
4.266344782126217,45.5673478438023
4.265625123816672,45.60974207324578
4.26490570825391,45.64800694158005
4.2641865353151305,45.66055324788074
4.263467604877617,45.652499792996835
4.262748916818733,45.64444633811293
4.26203047101593,45.65495646380632
4.261312267346736,45.713730587786465
4.260594305688765,45.74800777714357
4.259876585919713,45.696733572091944
4.259159107917358,45.658155344662205
4.258441871559561,45.639820702349354
4.257724876724264,45.62148606003651
4.257008123289493,45.60159191494504
4.256291611133354,45.574006620022914
4.255575340134036,45.53837460088427
4.254859310169811,45.49894072900775
4.2541435211190315,45.4614451033257
4.253427972860133,45.42938703566034
4.2527126652716305,45.397328967994966
4.251997598232124,45.3652709003296
4.251282771620293,45.32476345829407
4.250568185314898,45.28347185513552
4.249853839194784,45.202334331589796
4.249139733138874,45.122502495997196
4.248425867026174,45.07137338616018
4.247712240735772,45.03061680236388
4.246998854146835,44.98986021856758
4.246285707138614,44.95074196518438
4.2455727995904375,44.91559546363633
4.24486013138172,44.865733526608565
4.2441477023919525,44.810422110038424
4.2434355125007075,44.73850746728023
4.242723561587641,44.66299209243896
4.2420118495324886,44.61002931537307
4.241300376215063,44.55706653830717
4.2405891415152634,44.50410376124127
4.239878145313065,44.42670709740544
4.239167387488526,44.300926204119364
4.238456867921785,44.17386278610975
4.237746586493058,44.07331674313916
4.237036543082645,43.98672003069204
4.236326737570925,44.0845443476209
4.235617169838355,44.05213425360827
4.234907839765476,44.005915092557046
4.234198747232904,43.95969593150581
4.233489892121341,43.95287087414549
4.232781274311564,43.94823389217018
4.232072893684431,43.943596910194884
4.231364750120881,43.938959928219575
4.230656843501932,43.942726412831256
4.229949173708682,44.020430893991495
4.229241740622307,44.10236385042481
4.228534544124063,44.15020048090377
4.227827584095287,44.18247193625042
4.227120860417395,44.21474339159704
4.22641437297188,44.24697825752955
4.225708121640317,44.27824361025738
4.225002106304359,44.30834156917974
4.224296326845737,44.32174656309009
4.223590783146261,44.36066571155098
4.222885475087824,44.40262927178801
4.222180402552393,44.42511151479892
4.221475565422016,44.399521940906325
4.220770963578818,44.37393236701374
4.220066596905006,44.348342793121155
4.219362465282864,44.309646026603545
4.218658568594753,44.26604401382803
4.217954906723114,44.22244200105251
4.217251479550465,44.17193866741334
4.216548286959406,43.96444243091363
4.2158453288326125,43.75694619441403
4.2151426050528364,43.81734020297782
4.214440115502911,43.94113040647854
4.213737860065747,43.905686955079815
4.213035838624332,43.87024350368107
4.212334051061733,43.83480005228232
4.211632497261094,43.79935660088358
4.210931177105637,43.78874482819634
4.210230090478662,43.79235791555622
4.2095292372635456,43.7999945645394
4.208828617343744,43.832648942592414
4.20812823060279,43.86530332064541
4.207428076924292,43.85368477147286
4.206728156191939,43.83719623129433
4.206028468289497,43.820707691115814
4.205329013100807,43.79355669879311
4.20462979050979,43.74890966664587
4.203930800400441,43.71167366439667
4.203232042656834,43.67443766214747
4.202533517163123,43.620300085880885
4.201835223803532,43.57006605945202
4.201137162462368,43.51983203302316
4.200439333024013,43.43393774205683
4.199741735372925,43.32196349403633
4.19904436939364,43.23313858042674
4.198347234970769,43.16266787800711
4.197650331989002,43.08859381901219
4.1969536603331035,43.007548726614125
4.196257219887914,42.92650363421604
4.195561010538354,42.92971807842508
4.194865032169416,42.95406428428315
4.194169284666172,42.982224556534895
4.193473767913768,43.033481002029575
4.192778481797428,43.07578529339162
4.192083426202451,43.118089584753655
4.191388601014213,43.270590824957566
4.190694006118165,43.44197439457233
4.189999641399833,43.25607477965898
4.189305506744821,43.356944565615606
4.188611602038808,43.39067782232257
4.1879179271675495,43.42441107902956
4.187224482016874,43.46686326065787
4.186531266472688,43.52420681972447
4.185838280420974,43.58155037879109
4.185145523747787,43.62832333766951
4.184452996339261,43.65023979995191
4.183760698081603,43.672560063408994
4.183068628861095,43.69511502978387
4.182376788564098,43.71766999615875
4.181685177077044,43.740224962533624
4.180993794286439,43.7627799289085
4.18030264007887,43.785334895283384
4.179611714340995,43.79956675131428
4.178921016959545,43.809725637954955
4.178230547821331,43.87774582635813
4.177540306813234,44.0201136681883
4.1768502938222145,44.152092168795676
4.176160508735302,44.22489760333508
4.175470951439605,44.297703037874484
4.174781621822306,44.3705084724139
4.174092519770659,44.40863091251815
4.173403645171997,44.4198872629047
4.172714997913723,44.431143613291255
4.172026577883318,44.442399963677815
4.171338384968334,44.488151124449246
4.1706504190563995,44.59204171985196
4.169962680035216,44.69593231525468
4.169275167792559,44.798128749174644
4.168587882216279,44.86587985068373
4.167900823194299,44.93363095219283
4.167213990614617,45.00138205370192
4.166527384365305,45.059805210817174
4.165841004334509,45.005097470315036
4.165154850410445,45.07229787410671
4.164468922481409,45.08564896102391
4.163783220435765,45.112359229689645
4.163097744161953,45.14293975271555
4.162412493548485,45.171024265082224
4.16172746848395,45.2252506988008
4.161042668857006,45.281926602322514
4.160358094556388,45.3341124687465
4.1596737454709,45.35607741318455
4.158989621489423,45.37926245667821
4.158305722500908,45.40454812840905
4.157622048394383,45.4298338001399
4.156938599058943,45.43330736413083
4.156255374383763,45.42747136507157
4.155572374258085,45.42163536601231
4.154889598571228,45.37925349828787
4.15420704721258,45.32863019730905
4.153524720071605,45.28005249329493
4.152842617037837,45.235026633670834
4.152160738000884,45.17503087985405
4.151479082850425,45.104830035801456
4.150797651476215,45.03462919174886
4.150116443768078,44.97626047032769
4.149435459615911,44.88088219411465
4.148754698909682,44.785503917901565
4.148074161539436,44.75109562381877
4.147393847395285,44.7208795995361
4.146713756367414,44.68258877480585
4.146033888346082,44.6442979500756
4.145354243221619,44.63107340261482
4.144674820884427,44.641691133982896
4.143995621224979,44.652433052459045
4.143316644133821,44.670320801927964
4.142637889501571,44.68683143292425
4.141959357218916,44.69395311475611
4.141281047176616,44.701074796587974
4.140602959265505,44.70819647841985
4.139925093376485,44.707659543625496
4.139247449400532,44.707096729154266
4.138570027228692,44.71575561967511
4.137892826752082,44.74114678783012
4.137215847861891,44.74213949064361
4.1365390904493795,44.73428182131171
4.135862554405878,44.72642415197981
4.135186239622789,44.718566482647915
4.134510145991586,44.71070881331602
4.133834273403813,44.75312931095763
4.133158621751085,44.77931860854447
4.132483190925088,44.77864939733131
4.131807980817579,44.7660525896511
4.131132991320386,44.753455781970885
4.130458222325406,44.74085897429069
4.129783673724608,44.687115070595695
4.129109345410033,44.6300179056705
4.128435237273789,44.575969738167004
4.127761349208057,44.52744462235225
4.127087681105087,44.46618116632159
4.1264142328572015,44.424957391258694
4.12574100435679,44.35891030847794
4.125067995496316,44.2984973343365
4.124395206168309,44.25401925874611
4.123722636265372,44.20954118315572
4.1230502856801765,44.16506310756533
4.122378154305466,44.12223852305713
4.1217062420340485,44.089755723066475
4.121034548758809,44.060742798913154
4.1203630743726976,44.03172987475982
4.119691818768735,44.04213570685618
4.119020781840012,44.062174059779295
4.11834996347969,44.08221241270242
4.117679363580999,44.10819308330481
4.117008982037239,44.149951705092924
4.116338818741778,44.19171032688108
4.115668873588055,44.23346894866923
4.114999146469577,44.27805630536172
4.114329637279923,44.19667017169262
4.113660345912738,44.296314500347655
4.112991272261738,44.397072352116886
4.112322416220708,44.47892328609227
4.111653777683502,44.51118164767032
4.110985356544043,44.5434400092484
4.110317152696321,44.57569837082647
4.109649166034399,44.60861965807608
4.108981396452405,44.64230384485727
4.108313843844539,44.67593214754612
4.107646508105066,44.70929384495987
4.106979389128324,44.73451996243115
4.106312486808717,44.75526430957912
4.105645801040717,44.776008656727114
4.104979331718867,44.80081062253111
4.104313078737775,44.85010454450397
4.1036470419921205,44.998578375064554
4.102981221376651,45.13006799651858
4.102315616786181,45.14509597930039
4.101650228115593,45.16012396208221
4.100985055259841,45.17515194486401
4.100320098113942,45.19017992764582
4.099655356572984,45.18372303091317
4.0989908305321245,45.140533872608
4.0983265198865855,45.097344714302835
4.097662424531659,45.20474155889439
4.096998544362705,45.27024978772985
4.096334879275151,45.24659161035958
4.095671429164492,45.222933432989294
4.095008193926289,45.19780533774418
4.094345173456175,45.13048796946751
4.093682367649846,45.04859744906467
4.093019776403068,44.97756495287653
4.092357399611674,44.94710135416929
4.091695237171565,44.916637755462055
4.091033288978708,44.88617415675482
4.090371554929138,44.85571055804759
4.089710034918958,44.80043806033968
4.089048728844336,44.66751091054887
4.08838763660151,44.53458376075808
4.0877267580867835,44.57975390187555
4.087066093196527,44.54110333257461
4.086405641827178,44.5080493644606
4.085745403875243,44.474995396346586
4.085085379237291,44.44194142823259
4.084425567809962,44.40888746011858
4.08376596948996,44.37190576839665
4.083106584174058,44.24946302784676
4.0824474117590945,44.20915103316452
4.081788452141974,44.19939028414868
4.081129705219668,44.18962953513284
4.080471170889216,44.17986878611701
4.0798128490477215,44.1701080371012
4.079154739592355,44.16034728808536
4.078496842420355,44.15058653906953
4.077839157429025,44.12188906026597
4.077181684515735,44.08899057556364
4.07652442357792,44.05609209086133
4.075867374513083,44.06929952443508
4.075210537218793,44.09201036505283
4.074553911592683,44.09390355152148
4.073897497532453,44.06356325583422
4.073241294935871,44.040563145704105
4.072585303700767,44.043382965757615
4.071929523725039,44.04620278581112
4.071273954906652,44.048480452984165
4.070618597143635,44.04806316017984
4.069963450334081,44.04764586737549
4.069308514376153,44.0234263041683
4.068653789168075,43.99401677233081
4.067999274608139,43.964607240493315
4.0673449705947045,43.935197708655835
4.06669087702619,43.89214789132615
4.066036993801085,43.84476095865574
4.065383320817943,43.79737402598534
4.064729857975381,43.74998709331494
4.064076605172084,43.722542564184785
4.063423562306799,43.70002318143709
4.062770729278339,43.68550918192403
4.062118105985585,43.74517374021969
4.061465692327478,43.804838298515364
4.060813488203028,43.85645637938481
4.060161493511307,43.876367900417456
4.059509708151455,43.886517838210715
4.0588581320226735,43.83512692788419
4.05820676502423,43.77765219089889
4.057555607055457,43.70338324951089
4.056904658015752,43.58084146425371
4.056253917804576,43.4582996789965
4.055603386321454,43.33859435556063
4.054953063465977,43.23070973750352
4.054302949137799,43.136887500411746
4.0536530432366416,43.054834406903666
4.053003345662285,42.97596984638997
4.0523538563145785,42.95831827237792
4.051704575093433,42.96830952845574
4.051055501898825,42.9623128147861
4.050406636630794,42.95631610111646
4.049757979189444,42.95031938744682
4.0491095294749435,42.96765985514875
4.048461287387524,42.97605766278292
4.047813252827482,42.983955927036895
4.047165425695177,42.9466128500891
4.046517805891031,42.90236094320383
4.045870393315533,42.858109036318524
4.045223187869232,42.81385712943322
4.044576189452744,42.77021181187516
4.043929397966747,42.72167124788615
4.043282813311982,42.64963340770636
4.0426364353892525,42.578658499453184
4.04199026409943,42.564502279237765
4.041344299343444,42.55377275024745
4.04069854102229,42.543043221257136
4.040052989037027,42.532313692266825
4.039407643288776,42.52158416327651
4.038762503678722,42.412663599316986
4.038117570108114,42.290414103206494
4.037472842478261,42.16095675701253
4.036828320690538,41.92057894806992
4.0361840046463815,41.680201139127306
4.035539894247292,41.51129337623864
4.034895989394832,41.424208078286554
4.034252289990627,41.337122780334454
4.033608795936365,41.25003748238237
4.032965507133797,41.16385892941579
4.032322423484737,41.08284170322207
4.031679544891062,41.00182447702835
4.0310368712547096,40.920807250834635
4.030394402477681,40.84391495363535
4.029752138462041,40.79220922996741
4.029110079109916,40.730911812934394
4.028468224323494,40.668573048603655
4.027826574005027,40.60662765660767
4.027185128056826,40.54777613606049
4.026543886381268,40.48520155132279
4.025902848880792,40.422566757731865
4.025262015457894,40.506567596754074
4.024621386015139,40.497527760958064
4.023980960455149,40.48848792516206
4.023340738680611,40.45998097472872
4.0227007205942735,40.422310969572386
4.022060906098943,40.396843573891516
4.021421295097493,40.394493495084056
4.020781887492857,40.39214341627659
4.02014268318803,40.38331985751222
4.019503682086066,40.3642712244572
4.018864884090086,40.34602083746776
4.018226289103269,40.322092670567216
4.017587897028856,40.294251570441105
4.0169497077701495,40.27030523957034
4.016311721230514,40.26133100104518
4.015673937313377,40.25235676252004
4.015036355922222,40.24047221387841
4.014398976960599,40.2266832209255
4.013761800332118,40.21289422797259
4.013124825940448,40.19910523501969
4.012488053689323,40.136596330520106
4.011851483482534,40.094256590365134
4.011215115223935,40.160232785615236
4.010578948817443,40.22620898086534
4.009942984167031,40.326431670611015
4.009307221176738,40.433730971297976
4.00867165975066,40.437967742552345
4.008036299792956,40.49104050619178
4.007401141207846,40.54546825274677
4.006766183899609,40.593155929063016
4.006131427772585,40.633791155342884
4.005496872731176,40.67442638162274
4.004862518679844,40.69819124029303
4.00422836552311,40.72142624147676
4.003594413165557,40.744661242660484
4.002960661511829,40.76789624384421
4.002327110466629,40.79113124502793
4.00169375993472,40.74198923324027
4.001060609820927,40.79630586895576
4.000427660030135,40.850622504671236
3.9997949104672856,40.880317589226266
3.999162361037386,40.90742644344951
3.9985300116454994,40.93453529767275
3.997897862196751,40.96164415189599
3.9972659125963257,40.988753006119225
3.9966341627494684,41.043060209505384
3.9960026125614827,41.11625732577687
3.995371261937734,41.189454442048316
3.994740110783646,41.2626515583198
3.9941091590047018,41.33310377234153
3.993478406506446,41.39447926199746
3.9928478531944815,41.45585475165339
3.992217498974471,41.56012398079772
3.991587343752138,41.68108687705532
3.990957387433263,41.81319165747763
3.9903276299236894,41.91200672282526
3.989698071129316,42.009014114260594
3.9890687109561034,42.10045824714619
3.9884395493100717,42.1910295332686
3.9878105860972997,42.27969065770071
3.9871818212239254,42.36769822898302
3.9865532545961457,42.455705800265335
3.9859248861202174,42.54371337154764
3.9852967157024572,42.631720942829915
3.9846687432492374,43.19862023923554
3.984040968666992,43.103667468240154
3.9834133918622148,43.187194612357786
3.982786012741456,43.27072175647541
3.982158831211326,43.35424890059305
3.981531847178495,43.437776044710674
3.9809050605496896,43.550768602347354
3.9802784712316974,43.66745817229424
3.9796520791313625,43.76319222469778
3.9790258841555897,43.80393073133555
3.9783998862113408,43.82625238700467
3.9777740852056374,43.84857404267379
3.9771484810455586,43.870895698342906
3.976523073638243,43.89321735401202
3.9758978628908856,43.913258172264335
3.975272848710744,43.93323971691619
3.9746480310051275,43.953221261568075
3.9740234096814095,43.97320280621996
3.973398984647019,43.99318435087184
3.972774755809444,43.97666433204577
3.97215072307623,43.93638566068167
3.971526886354981,43.89610698931758
3.970903245553359,43.90110953272515
3.9702798005790845,43.78736385533669
3.969656551339934,43.688562621010334
3.9690334977437436,43.60149050363849
3.9684106396984076,43.514418386266655
3.9677879771118767,43.42734626889481
3.9671655098921605,43.33231187640881
3.966543237947326,43.199701963671544
3.9659211611854976,43.06709205093428
3.9652992795148583,42.920698982357024
3.9646775928436457,42.92681834454436
3.9640561010801587,42.76755754717632
3.963434804132752,42.608296749808275
3.9628137019098375,42.44903595244023
3.962192794319885,42.28977515507218
3.9615720812714215,42.13051435770413
3.9609515626730314,42.00667743584189
3.9603312384333567,41.88998801966133
3.959711108461095,41.773298603480654
3.9590911726650035,41.96630857896528
3.958471430953894,41.724034688729695
3.9578518832366383,41.51137689022191
3.9572325294221624,41.37803024539514
3.956613369419451,41.24468360056836
3.955994403137545,41.08943140257158
3.955375630485544,40.92940322755272
3.9547570513726007,40.769375052533725
3.954138665707928,40.81022334312658
3.953520473400794,40.74378949959449
3.9529024743605246,40.6773556560624
3.9522846684965014,40.61092181253031
3.951667055718163,40.54448796899822
3.9510496359350054,40.83554618672137
3.95043240905658,40.74095236561499
3.949815374992494,40.6463585445086
3.9491985336524134,40.5877628740204
3.9485818849460586,40.54392898751133
3.9479654287832076,40.50009510100226
3.947349165073694,40.45626121449318
3.946733093727408,40.457011400467586
3.9461172146542967,40.47028342947773
3.9455015277643626,40.4170745145945
3.944886032967663,40.33657355637597
3.9442707301743143,40.25129643880108
3.9436556192944865,40.15744733881266
3.9430407002384076,40.06359823882424
3.94242597291636,39.972485364972044
3.941811437238682,39.884041555378644
3.9411970931157696,39.795597745785244
3.940582940458074,39.825031807862615
3.9399689791760992,39.81176131292253
3.9393552091804094,39.79723987722792
3.9387416303816214,39.74718248188567
3.93812824269041,39.69291812993956
3.9375150460175035,39.656993872274455
3.936902040273687,39.651698869567696
3.9362892253698014,39.646403866860936
3.935676601216743,39.64143237253265
3.9350641677254616,39.63771130617041
3.934451924806965,39.63399023980816
3.9338398723723147,39.650199911798786
3.933228010332629,39.65417511628135
3.9326163385990807,39.65004156498574
3.932004857082897,39.645883444378214
3.931393565695362,39.639132514577156
3.930782464347815,39.681548793753834
3.930171552951647,39.67742580766335
3.929560831418308,39.67330282157286
3.9289502996593018,39.669179835482375
3.9283399575861866,39.66505684939189
3.927729805110576,39.6609338633014
3.9271198421441387,39.62359400034011
3.926510068598598,39.58068444904178
3.925900484385733,39.53777489774347
3.9252910894173745,39.501971936051355
3.9246818836054116,39.468002247658305
3.924072866861786,39.43950549998233
3.9234640390984956,39.42111643253523
3.9228554002275913,39.402727365088126
3.922246950161179,39.388409801951425
3.9216386888114205,39.460535139548156
3.9210306160905306,39.532660477144844
3.920422731910778,39.604785814741575
3.9198150361844877,39.67095002200783
3.9192075288240376,39.7161339806769
3.9186002097418604,39.76131793934596
3.917993078850443,39.806501898015014
3.917386136062327,39.85451023880283
3.9167793812901075,39.90582321253233
3.916172814446435,39.957136186261806
3.915566435444011,40.00135198523608
3.9149602441955946,40.032946225934126
3.9143542406139966,40.06454046663218
3.9137484246120837,40.211264185438495
3.913142796102775,40.4028667892636
3.9125373549990434,40.175232254225655
3.9119321012139174,40.2830602370243
3.911327034660478,40.38987355529146
3.910722155251859,40.49393366818009
3.91011746290125,40.59799378106871
3.9095129575218928,40.690833468714864
3.9089086390270835,40.730096673875266
3.9083045073301714,40.73205242605311
3.9077005623445604,40.74379107702805
3.907096803983707,40.75760361493121
3.906493232161121,40.771416152834405
3.905889846790366,40.78522869073758
3.9052866477850587,40.83755251951929
3.90468363505887,40.869852574764465
3.9040808085255225,40.89738856634336
3.9034781680987938,40.928696856873174
3.9028757136925143,40.993007589828345
3.9022734452205667,41.057318322783516
3.901671362596889,41.12162905573868
3.901069465735468,41.185939788693844
3.9004677545503483,41.28585065926886
3.899866228955625,41.38052319109363
3.8992648888654466,41.47262317793331
3.8986637341940154,41.5145487227269
3.8980627648555846,41.535792177882094
3.897461980764463,41.55703563303729
3.8968613818350106,41.57827908819251
3.8962609679816387,41.5995225433477
3.8956607391188145,41.61764760556212
3.895060695161056,41.72636457360643
3.8944608360229336,41.69740674693875
3.893861161619072,41.668448920271075
3.8932616718641473,41.639491093603404
3.8926623666728877,41.610533266935725
3.8920632459600757,41.581575440268125
3.891464309640543,41.53140065513823
3.890865557629177,41.478565840891505
3.890266989840916,41.399398179712335
3.889668606190751,41.34850447097594
3.8890704065937247,41.29761076223956
3.888472390964933,41.25248908652112
3.8878745592195236,41.21912830482033
3.887276911272697,41.18576752311959
3.886679447039703,41.15240674141879
3.886082166435847,41.119045959717994
3.8854850693764846,41.08568517801721
3.8848881557770243,41.02310867592536
3.884291425552926,40.952083050790286
3.8836948786197016,40.84277900027989
3.883098514892915,40.59391555448362
3.882502334288183,40.57968844057541
3.8819063367211717,40.48564115453065
3.8813105221076007,40.424084587959186
3.880714890363241,40.36252802138773
3.880119441403916,40.30097145481627
3.8795241751455,40.23941488824481
3.8789290915039185,40.177858321673355
3.8783341903951496,40.10697555307719
3.877739471735223,40.026027519643065
3.877144935440218,39.94622715808665
3.876550581426267,39.87666181428764
3.8759564096095542,39.812751619228166
3.8753624199063146,39.7488414241687
3.8747686122328333,39.68493122910924
3.874174986505449,39.621021034049775
3.87358154264055,39.54840002380672
3.8729882805545772,39.43570630578182
3.8723952001640205,39.32301258775678
3.8718023013854226,39.230744957370945
3.871209584135377,39.19042722966125
3.8706170483305287,39.1107546228605
3.8700246938875726,39.01793787866936
3.869432520723256,38.9251211344782
3.8688405287543755,38.861131708319135
3.868248717897781,38.79109102243574
3.86765708807037,38.71602780217806
3.8670656391890934,38.640964581920386
3.8664743711709524,38.56590136166271
3.8658832839329977,38.490838141405035
3.8652923773923327,38.41577492114736
3.8647016514661097,38.503629523681894
3.8641111060715327,38.39252735173636
3.863520741125857,38.31290937306783
3.8629305565463854,38.278684148700734
3.8623405522504743,38.24435288781522
3.8617507281555294,38.20996286762902
3.8611610841790074,38.17557284744282
3.860571620238414,38.14118282725663
3.8599823362513077,38.1055426630484
3.859393232135295,38.06092460315503
3.8588043078080343,38.01630654326164
3.8582155631872324,37.97168848336827
3.8576269981906477,37.92707042347489
3.8570386127360887,37.902875175665855
3.856450406741414,37.77601945206432
3.8558623801245324,37.707922295400394
3.8552745328034024,37.65120999186672
3.854686864696032,37.595071219624145
3.8540993757204816,37.54322324554924
3.853512065794858,37.4913752714743
3.8529249348373193,37.439527297399366
3.8523379827660755,37.387679323324434
3.8517512094993838,37.3358313492495
3.851164614955552,37.270945538743796
3.8505781990529386,37.20069101979518
3.849991961709951,37.13043650084656
3.8494059028450467,37.09138123312224
3.8488200223767306,37.06213617004859
3.8482343202235607,37.03943276587242
3.8476487963041426,37.01672936169625
3.847063450537132,36.99402595752008
3.8464782828412334,36.97341586807323
3.8458932931352017,36.983543904516466
3.84530848133784,36.98242149807118
3.8447238473680034,36.992297494314215
3.844139391144592,37.00145462525914
3.843555112586559,37.01061175620407
3.8429710116129057,37.019768887149
3.8423870881426816,37.02892601809393
3.841803342094987,37.03808314903885
3.841219773388971,37.05439216453091
3.8406363819438303,37.08104059987434
3.840053167678813,37.10768903521777
3.839470130513214,37.142584687698246
3.838887270366379,37.18790423766746
3.838304587157701,37.233223787636675
3.837722080806624,37.26195064938112
3.8371397512326393,37.28196166137441
3.8365575983552875,37.3019726733677
3.835975622094158,37.35184824292361
3.8353938223688897,37.418472140701994
3.8348121990991686,37.48275910409875
3.8342307522047303,37.4927405054746
3.83364948160536,37.50274415257991
3.83306838722089,37.51279198069119
3.8324874689712023,37.52283980880248
3.8319067267762272,37.53288763691376
3.8313261605559426,37.530032471036776
3.8307457702303775,37.49228371992116
3.830165555719605,37.48808864166721
3.8295855169437503,37.486991002344624
3.829005653822986,37.4553389555672
3.8284259662775324,37.42037692245222
3.827846454227659,37.403272096009516
3.827267117593683,37.407561587720565
3.8266879562959697,37.41185107943161
3.8261089702549342,37.41614057114261
3.825530159391036,37.48593847893485
3.8249515236247866,37.58497914136612
3.824373062876744,37.67712168782602
3.8237947770675143,37.72771650523134
3.823216666117751,37.77831132263667
3.822638729948158,37.82890614004199
3.8220609684794833,37.884949538931636
3.821483381632527,37.94683114354028
3.8209059693281335,38.008712748148994
3.8203287314871965,38.07059435275771
3.819751668030658,38.14947436499856
3.819174778879507,38.210340447565756
3.8185980639547807,38.217857867960696
3.818021523177564,38.225375288355636
3.8174451564689886,38.264275719087635
3.8168689637502355,38.30615892380416
3.816292944942531,38.34804212852069
3.8157170999671504,38.38992533323723
3.8151414287454166,38.431808537953756
3.8145659311987,38.46686735653198
3.813990607248417,38.48525732708546
3.8134154568160334,38.503591839170795
3.8128404798230613,38.52192635125611
3.812265676191061,38.54026086334143
3.8116910458416373,38.558595375426755
3.811116588696446,38.57241579517763
3.810542304677188,38.60945440782098
3.809968193705612,38.659406000888055
3.809394255703513,38.70935759395513
3.8088204905927348,38.759309187022204
3.808246898295167,38.64029473382189
3.807673478732747,38.756052377639136
3.8071002318274574,38.86641304528317
3.8065271575013298,38.976773712927184
3.805954255676442,39.08713438057121
3.8053815262749193,39.14040526097935
3.8048089692189326,39.18196104340859
3.8042365844307007,39.218868656431624
3.803664371832489,39.25577626945467
3.80309233134661,39.302932084560624
3.802520462895421,39.35385837363562
3.8019487664013285,39.37494279111637
3.801377241786784,39.39602720859712
3.8008058889742866,39.41711162607787
3.800234707886382,39.43819604355862
3.7996636984456615,39.461136302101295
3.7990928605747634,39.48455228899236
3.798522194196374,39.5079682758834
3.797951699233222,39.51859216549752
3.797381375608087,39.512482525078326
3.7968112232437923,39.506372884659115
3.796241242063209,39.58041884307122
3.7956714319892533,39.65932104377703
3.7951017929448887,39.73040151941633
3.7945323248531238,39.80148199505564
3.7939630276370155,39.82689092700218
3.793393901219664,39.83753050669623
3.7928249455242167,39.84817008639028
3.7922561604738685,39.85712150952047
3.7916875459918593,39.863738462372496
3.791119102001475,39.87035541522453
3.790550828426047,39.876972368076565
3.789982725188954,39.87247140015808
3.7894147922136203,39.79842299835745
3.788847029423514,39.7147578405876
3.788279436742151,39.60400652713757
3.7877120140930938,39.49325521368755
3.7871447613999494,39.42780015844275
3.78657767858637,39.38960139194191
3.7860107655760546,39.35140262544106
3.785444022292748,39.31320385894021
3.7848774486602412,39.297041873257015
3.7843110446023673,39.34764211588676
3.783744810043009,39.398242358516505
3.7831787449060936,39.448842601146254
3.7826128491155924,39.499442843775995
3.7820471225955234,39.54767739057894
3.7814815652699503,39.59515772044365
3.780916177062981,39.64263805030837
3.7803509578987713,39.868212632918905
3.7797859077015183,40.11210575550477
3.779221026395468,39.66525873123716
3.77865631390491,39.77006044204474
3.7780917701541794,39.874862152852316
3.777527395067657,39.979663863659894
3.776963188569768,40.083588736362415
3.776399150584984,40.15827396762685
3.7758352810378204,40.23295919889132
3.775271579852838,40.30403109349123
3.774708046954642,40.371428775730635
3.7741446822678846,40.43882645797004
3.773581485717261,40.50622414020944
3.773018457227513,40.57362182244884
3.7724555967234257,40.545906028684435
3.77189290412983,40.507772562545036
3.771330379371602,40.46098836768989
3.770768022373661,40.41420417283466
3.7702058330609725,40.3692499518279
3.7696438113585464,40.338295877319
3.769081957191437,40.30734180281009
3.7685202704847445,40.27638772830119
3.767958751163612,40.24543365379228
3.7673973991532277,40.21447957928338
3.7668362143788263,40.16440354901234
3.7662751967656836,40.116195232654874
3.765714346239122,40.0679869162974
3.765153662724509,40.016803773593935
3.7645931461472544,39.96360545327246
3.7640327964328146,39.91040713295098
3.763472613506689,39.8572088126295
3.7629125972944224,39.804010492308024
3.7623527477216037,39.75081217198655
3.7617930647138635,39.66175500020712
3.7612335481968806,39.521646619407925
3.760674198096375,39.42392770846086
3.7601150143381132,39.38805658111768
3.7595559968479044,39.379491620670976
3.7589971455516022,39.37092666022427
3.758438460375104,39.36236169977757
3.757879941244353,39.353796739330775
3.757321588085333,39.35342946566951
3.7567634008240747,39.35520668637638
3.756205379386652,39.35698390708324
3.755647523699182,39.24521481244166
3.7550898336878262,39.37068108007678
3.754532309278791,39.35549354764318
3.7539749503983244,39.34030601520958
3.753417756972721,39.33416918379842
3.752860728928316,39.338495126738195
3.7523038661914896,39.342821069677974
3.751747168688667,39.33749580186439
3.751190636346316,39.320396750458826
3.750634269090947,39.30329769905326
3.7500780668491163,39.25230322218644
3.7495220295474216,39.132666258089074
3.7489661571125064,39.01302929399178
3.748410449471054,38.93287252353237
3.747854906549795,38.89537201022742
3.7472995282755015,38.857871496922485
3.7467443145749892,38.820370983617536
3.746189265375118,38.78050764419322
3.74563438060279,38.73169169858444
3.7450796601849516,38.68289668930723
3.744525104048592,38.64180763948487
3.7439707121207424,38.60071858966252
3.7434164843284794,38.57660146888206
3.7428624205989216,38.57646333505772
3.742308520859231,38.576325201233374
3.7417547850366124,38.57618706740902
3.7412012130583143,38.598832394816256
3.7406478048516276,38.62399822166645
3.7400945603438878,38.64916404851658
3.7395414794624693,38.66769348896606
3.7389885621347942,38.67414854952824
3.738435808288325,38.63580170741568
3.737883217850568,38.668673892131665
3.737330790749071,38.701546076847634
3.736778526911427,38.72526227146592
3.736226426265269,38.72196443639602
3.7356744887382765,38.71539564833202
3.7351227142581664,38.70882686026802
3.7345711027527027,38.702258072204025
3.7340196541496904,38.69568928414003
3.7334683683769776,38.68457446237275
3.732917245362455,38.68309227264636
3.7323662850340553,38.681593462436624
3.731815487319754,38.677002298666324
3.73126485214757,38.68755982780122
3.7307143794455633,38.69811735693612
3.7301640691418365,38.70867488607102
3.7296139211645354,38.71923241520591
3.729063935441848,38.72978994434081
3.728514111902004,38.79436405194204
3.7279644504732774,38.79198371031097
3.727414951083981,38.789603368679906
3.726865613662474,38.7479009311367
3.7263164381371534,38.692023537752135
3.725767424436462,38.63614614436758
3.725218572488883,38.58026875098302
3.7246698822229427,38.85936485953588
3.724121353567208,38.79732210497248
3.7235729864502902,38.73527935040909
3.7230247808008405,38.67323659584569
3.722476736547554,38.61119384128227
3.721928853619165,38.54163306071364
3.7213811319444514,38.485099999346076
3.7208335714522347,38.48075898701441
3.7202861720713756,38.47641797468275
3.7197389337307776,38.47792275158429
3.719191856359387,38.520427791880664
3.7186449398861896,38.56293283217703
3.7180981842402168,38.60208827478607
3.7175515893505366,38.606683927267305
3.717005155146263,38.61127957974854
3.7164588815565494,38.61587523222977
3.7159127685105915,38.620470884711004
3.7153668159376276,38.62506653719224
3.7148210237669357,38.629662189673475
3.7142753919278366,38.62615388934924
3.713729920349693,38.621547776862904
3.713184608961907,38.616941664376554
3.712639457693925,38.64119921976042
3.7120944664752313,38.6680203386106
3.711549635235356,38.699763533730305
3.711004963903867,38.78591284887423
3.710460452410375,38.87532133200803
3.709916100684531,38.96472981514181
3.709371908656031,38.90262287321966
3.708827876254605,38.93495676282289
3.7082840034100317,38.96729148306255
3.7077402900521266,38.99962620330222
3.7071967361107476,39.03196092354189
3.706653341515794,39.06429564378155
3.7061101061972055,39.096630364021216
3.7055670300849637,39.14410845839734
3.7050241131090913,39.21547874016188
3.70448135519965,39.28822404450594
3.7039387562867447,39.365328983267446
3.703396316300521,39.44243392202894
3.702854035171164,39.53408467499051
3.702311912828901,39.63228235048834
3.701769949204,39.73048002598616
3.701228144226769,39.809242700561505
3.7006864978275593,39.83919134240881
3.7001450099367585,39.86913998425613
3.6996036804847985,39.897530810022474
3.6990625094021508,39.9211997870121
3.698521496619328,39.944868764001725
3.697980642066883,39.98456753474331
3.697439945675409,40.10255908246672
3.69689940737554,40.22055063019012
3.6963590270979516,40.33854217791351
3.6958188047733582,40.181159732069744
3.6952787403325154,40.24689674787631
3.6947388337062192,40.312633763682875
3.694199084825307,40.37424680971828
3.6936594936206553,40.4143526630554
3.693120060023182,40.45445851639253
3.692580783963844,40.49456436972965
3.6920416653736408,40.53467022306677
3.691502704183609,40.54770275346362
3.690963900324828,40.55579635226401
3.690425253728417,40.586322615693575
3.689886764325534,40.59724092841424
3.6893484320473795,40.57899998322658
3.688810256825192,40.56019533503177
3.6882722385902516,40.54139068683696
3.687734377273878,40.52258603864219
3.6871966728074304,40.50378139044737
3.6866591251223078,40.4831767972851
3.6861217341499506,40.45950217788589
3.6855844998218386,40.45135956158687
3.6850474220694913,40.44465456724304
3.6845105008244676,40.437949572899214
3.6839737360183675,40.44275649769313
3.683437127582831,40.49227101144163
3.682900675449535,40.64931786278698
3.6823643795501995,40.711795722791116
3.6818282398165834,40.70570094385847
3.6812922561804844,40.69960616492581
3.680756428573741,40.69351138599317
3.6802207569282306,40.68741660706052
3.679685241175871,40.68132182812787
3.6791498812486196,40.660681246235
3.6786146770784716,40.63070218055246
3.6780796285974637,40.627455044155596
3.6775447357376723,40.64191023700943
3.6770099984312115,40.65636542986326
3.676475416610237,40.417219393918614
3.675940990206942,40.39420335946038
3.675406719153561,40.40170234526568
3.6748726033823664,40.409201331071
3.6743386428256706,40.416700316876316
3.6738048374158248,40.45235391436185
3.6732711870852204,40.507039792143345
3.6727376917662875,40.56172566992484
3.6722043513914957,40.61641154770635
3.671671165893353,40.671097425487844
3.6711381352044086,40.71266130832167
3.670605259257249,40.75829083493666
3.6700725379845,40.81327827081779
3.6695399713188266,40.86826570669892
3.6690075591929334,40.90772839423886
3.6684753015395644,40.93098391595258
3.667943198291501,40.9542394376663
3.667411249381566,40.97749495938002
3.666879454742619,41.000750481093746
3.6663478143075596,41.02400600280745
3.6658163280093254,41.029662801420685
3.665284995780894,41.00746967673925
3.664753817555281,41.00052170501321
3.6642227932655413,41.00919462991581
3.663691922844769,41.039212821418104
3.6631612062260963,41.06998118174618
3.662630643342694,41.100749542074254
3.6621002341277724,41.0687060606048
3.661569978514579,41.01652888575504
3.661039876436402,40.96435171090529
3.660509927826566,40.91217453605554
3.6599801326184362,40.859997361205785
3.659450490745416,40.80782018635604
3.658921002140946,40.749295221014165
3.6583916667385066,40.675173753363836
3.6578624844716168,40.60019267873386
3.657333455273832,40.51794095594104
3.656804579078749,40.43333313327447
3.656275855820001,40.348725310607904
3.6557472854312603,40.264117487941334
3.6552188678462376,40.179509665274765
3.654690602998681,40.102285161064884
3.654162490822379,40.04352399649433
3.6536345312511567,39.984762831923796
3.653106724218876,39.92600166735323
3.6525790696594407,39.86724050278267
3.6520515675067897,39.80847933821211
3.6515242176949014,39.826953298571794
3.6509970201577926,39.72595906056465
3.6504699748295173,39.6249648225575
3.6499430816441683,39.57544991144352
3.649416340535877,39.528651535758186
3.6488897514388094,39.48013416997449
3.648363314287174,39.41324269625728
3.6478370290152147,39.34372588723592
3.647310895557214,39.27420907821457
3.646784913847493,39.20469226919321
3.6462590838204085,39.11777742390186
3.6457334054103576,39.029085445410686
3.645207878551775,38.94803866524576
3.6446825031791303,38.866991885080836
3.6441572792269343,38.78594510491592
3.643632206629734,38.663635288976906
3.6431072853221145,38.49184513657808
3.642582515238698,38.32005498417925
3.6420578963141454,38.217533874965376
3.641533428483154,38.15019211507305
3.641009111680461,38.082850355180724
3.6404849458408366,38.015508595288395
3.6399609308990937,37.948166835396066
3.63943706679008,37.880825075503736
3.638913353448681,37.81061753169549
3.63838979080982,37.70408606250952
3.6378663788084578,37.634359357401365
3.6373431173795923,37.54765698307503
3.6368200064582594,37.46095460874866
3.636297045979531,37.41838531904866
3.635774235878518,37.32974037442037
3.635251576090367,37.230242763243524
3.634729066550264,37.05501592401541
3.6342067071934303,36.936432394326786
3.6336844979551253,36.85799504464871
3.633162438770645,36.779557694970634
3.632640529575325,36.70112034529257
3.632118770304533,36.62268299561449
3.6315971608936786,36.82269231300788
3.6310757012782067,36.759392788553754
3.6305543913935994,36.69609326409964
3.630033231175376,36.650917904832525
3.629512220559092,36.63226386163173
3.628991359480341,36.61360981843093
3.628470647874754,36.585754725215565
3.627950085677996,36.55323711504212
3.6274296728257722,36.55226363584532
3.6269094092538237,36.57492179880521
3.6263892948979275,36.597579961765106
3.6258693296938986,36.62023812472499
3.625349513577588,36.65200050232268
3.624829846484884,36.70492796577518
3.6243103283517124,36.75118490697607
3.623790959114033,36.78832602763377
3.6232717387078455,36.84475866036534
3.622752667069184,36.91165998028354
3.6222337441341206,36.97856130020173
3.621714969838764,37.042604419142336
3.621196344119258,37.09028418169581
3.6206778669117847,37.13796394424928
3.6201595381525626,37.18564370680272
3.6196413577778452,37.23332346935619
3.619123325723924,37.281003231909665
3.6186054419271256,37.328682994463136
3.618087706323815,37.36780090286114
3.6175701188503924,37.40578813160839
3.617052679443294,37.443775360355644
3.6165353880389928,37.33605279867898
3.6160182445739992,37.41046041657632
3.6155012489848577,37.484868034473664
3.6149844012081505,37.559275652371014
3.614467701180496,37.63368327026835
3.613951148838549,37.70809088816569
3.613434744119,37.788359012246445
3.6129184869585753,37.90663925839102
3.612402377294039,38.02491950453559
3.61188641506219,38.13620119610641
3.6113706001998622,38.212448986004006
3.6108549326439285,38.2886967759016
3.610339412331295,38.36494456579919
3.6098240391989065,38.441192355696785
3.609308813183741,38.51744014559438
3.6087937342228154,38.6050366549272
3.6082788022531793,38.69597948124211
3.607764017211922,38.78692230755702
3.607249379036165,38.877865133871936
3.6067348876630674,38.96880796018685
3.6062205430298246,39.007875037619954
3.605706345073667,39.02414791589423
3.6051922937318617,39.04042079416851
3.6046783889417098,39.0566936724428
3.6041646306405504,39.072966550717084
3.603651018765757,39.089239428991384
3.6031375532547387,39.10551230726566
3.6026242340449404,39.12194503605417
3.6021110610738427,39.13840368214765
3.601598034278963,39.15486232824112
3.601085153597852,39.2450117396713
3.6005724189680977,39.340594285067
3.6000598303273232,39.42862785412316
3.5995473876131876,39.48274574800792
3.599035090763384,39.510759231329
3.5985229397156417,39.53877271465008
3.5980109344077267,39.566786197971155
3.5974990747774385,39.59479968129223
3.596987360762613,39.59348387150352
3.5964757923011215,39.57444463419566
3.5959643693308707,39.55540539688779
3.5954530917898024,39.53636615957998
3.594941959615893,39.51732692227212
3.594430972747155,39.49028643351624
3.593920131121636,39.461060555944314
3.593409434677419,39.431834678372375
3.5928988833526216,39.43509687381406
3.592388477085397,39.46248333739551
3.591878215813934,39.48986980097696
3.591368099476456,39.51725626455843
3.5908581280112206,39.54464272813989
3.5903483013565216,39.572029191721334
3.589838619450688,39.59941565530279
3.5893290822320827,39.665249659930815
3.588819689639105,39.74372422553089
3.588310441610188,39.82219879113097
3.5878013380838,39.86149096995629
3.5872923789984457,39.85696319700885
3.586783564292661,39.85243542406137
3.586274893905021,39.84790765111387
3.5857663677741334,39.84337987816639
3.58525798583864,39.83386626376336
3.5847497480372192,39.8176869965928
3.5842416543085838,39.80150772942223
3.58373370459148,39.78532846225166
3.5832258988246903,39.76914919508117
3.5827182369470303,39.79962219326022
3.5822107188973518,39.848563900958325
3.5817033446145405,39.89750560865643
3.581196114037517,39.92344570699288
3.5806890271052363,39.91348698537797
3.580182083756688,39.90352826376308
3.579675283930896,39.895972116317466
3.5791686275669203,39.895617583940876
3.5786621146038518,39.89526305156426
3.5781557449808195,39.89490851918764
3.5776495186369854,39.88665626672298
3.577143435511546,39.88812257277635
3.5766374955437317,39.889588878829734
3.5761316986728082,39.891055184883115
3.5756260448380757,39.89252149093649
3.575120533978868,39.87664900617496
3.574615166034552,39.793871551512765
3.5741099409445316,39.70378499442445
3.573604858648243,39.613698437336154
3.573099919085158,39.68230642182564
3.572595122194781,39.6282525262572
3.572090467916652,39.55873234476875
3.5715859561903436,39.4892121632803
3.5710815869554655,39.419691981791935
3.5705773601516575,39.37012148643626
3.5700732757185962,39.33307665787271
3.5695693335959913,39.29603182930916
3.5690655337235873,39.258987000745606
3.568561876041162,39.221439355257075
3.5680583604885276,39.18181627066618
3.5675549870055305,39.14219318607534
3.5670517555320496,39.05124959215759
3.5665486660079986,38.957925792674956
3.566045718373326,38.864601993192316
3.565542912568013,38.824502390916216
3.565040248532075,38.80693374363757
3.5645377262055615,38.789365096358935
3.5640353455285565,38.77179644908031
3.5635331064411746,38.754227801801676
3.5630310088835677,38.73665915452303
3.56252905279592,38.719090507244395
3.5620272381184495,38.70152185996575
3.561525564791408,38.698429166665065
3.56102403275508,38.70238783672073
3.560522641949786,38.70634650677641
3.5600213923158774,38.71030517683208
3.559520283793741,38.71264744753219
3.5590193163237958,38.70300306181706
3.558518489846495,38.69335867610192
3.5580178043023265,38.68371429038679
3.5575172596318096,38.67165718355494
3.5570168557754984,38.6582039247446
3.5565165926739795,38.644750665934254
3.556016470267875,38.6312974071239
3.555516488497837,38.61784414831355
3.5550166473045537,38.60439088950321
3.5545169466287456,38.57109132870161
3.554017386411167,38.53516716656311
3.5535179665926053,38.503020496486215
3.5530186871138807,38.47087382640931
3.5525195479158476,38.44156896251931
3.5520205489393923,38.42991966971253
3.5515216901254365,38.418270376905774
3.551022971414932,38.40662108409899
3.550524392748866,38.39497179129219
3.5500259540682593,38.38332249848541
3.5495276553141633,38.48233958858745
3.5490294964276647,38.30373968059196
3.548531477349883,38.330838979581564
3.54803359802197,38.35793827857113
3.54753585838511,38.38503757756074
3.547038258380522,38.41425550615119
3.5465407979494565,38.457389895570635
3.5460434770331983,38.51462094489237
3.545546295573064,38.556135748141
3.545049253510404,38.58324417643317
3.5445523507865997,38.61035260472535
3.544055587343068,38.63874028290369
3.543558963121258,38.67191757748839
3.543062478062649,38.70509487207316
3.5425661321087563,38.73112538153206
3.542069925201126,38.71644887105609
3.541573857281339,38.70177236058012
3.541077928291006,38.68709585010416
3.5405821381717733,38.75719393697388
3.540086486865319,38.90891539126003
3.5395909743133513,39.06063684554644
3.539095600457615,39.20316604191129
3.5386003652398843,39.23375653022491
3.538105268601969,39.26434701853853
3.5376103104857086,39.294937506852136
3.537115490832977,39.319892121406866
3.53662080958568,39.32573932471203
3.536126266685755,39.303670216400974
3.5356318620751748,39.29619138696028
3.5351375956959403,39.33587460464129
3.5346434674900884,39.37555782232231
3.534149477399686,39.41524104000331
3.533655625366835,39.454924257684326
3.5331619113336674,39.51302338586797
3.5326683352423482,39.59075675335083
3.532174897035076,39.62409454665399
3.5316815966540784,39.621822782592496
3.531188434041619,39.61955101853099
3.530695409139991,39.61727925446949
3.5302025218915216,39.60843279389507
3.5297097722385695,39.59943029581808
3.529217160123525,39.5904277977411
3.5287246854888115,39.58511464668217
3.528232348276884,39.581990031352966
3.52774014843023,39.578865416023746
3.5272480858913684,39.57583267278591
3.5267561606028504,39.58273456089093
3.5262643725072595,39.58963644899593
3.5257727215472117,39.586911458422826
3.525281207665354,39.5359056431821
3.524789830804366,39.48489982794137
3.5242985909069597,39.425711571166374
3.5238074879158767,39.36639352332996
3.5233165217738938,39.33139054116428
3.522825692423817,39.30621058432986
3.5223349998084865,39.348589270144245
3.521844443870772,39.39257059577665
3.5213540245535766,39.440690331982594
3.5208637417998347,39.488810068188535
3.520373595552513,39.536929804394475
3.519883585754609,39.52925043052107
3.519393712349152,39.51714308568703
3.5189039752792035,39.505035740853
3.5184143744878575,39.49292839601897
3.517924909918238,39.4806030595274
3.517435581513501,39.450249941668716
3.516946389216836,39.41859728807749
3.516457332971462,39.38232211967573
3.515968412720629,39.29918781040294
3.515479628407621,39.1532402192765
3.514990979975752,39.007292628150054
3.5145024673683682,38.86703293234493
3.514014090528846,38.81752715205791
3.513525849400595,38.76052790078638
3.5130377439270553,38.69357055086104
3.512549774051698,38.626613200935694
3.5120619397180275,38.55965585101038
3.5115742408695767,38.58049478213681
3.5110866774499114,38.618383642362275
3.51059924940263,38.65627250258775
3.51011195667136,38.69416136281321
3.509624799199761,38.732050223038684
3.509137776931525,38.76993908326415
3.508650889810374,38.807827943489634
3.5081641377800605,38.84641516728925
3.50767752078437,38.88039603822826
3.507191038767118,38.914376909167274
3.506704691672152,38.94169363861562
3.50621847944335,38.963879386139254
3.505732402024621,38.9860651336629
3.505246459359906,39.00825088118654
3.5047606513931764,39.03043662871018
3.5042749780684352,39.05262237623381
3.5037894393297147,39.07480812375745
3.50330403512108,39.1047572805126
3.502818765386627,39.13717746004285
3.5023336300704817,39.198861602782614
3.5018486291168025,39.28081204057479
3.501363762469777,39.362762478366975
3.5008790300736257,39.4450988831249
3.5003944318725977,39.527829124373966
3.499909967810974,39.61055936562303
3.4994256378330673,39.6932896068721
3.4989414418832196,39.81243322981606
3.4984573799058056,39.874160665532166
3.4979734518452283,39.92369515516063
3.497489657645924,39.99440931411195
3.4970059972523573,40.10423367336159
3.4965224706090265,40.14272690969905
3.496039077660457,40.167341260423115
3.495555818351207,40.19195561114718
3.495072692625866,40.216569961871244
3.4945897004290525,40.24118431259531
3.494106841705417,40.26579866331937
3.493624116399639,40.28956419043887
3.4931415244564303,40.43252643216948
3.4926590658205314,40.40933820268951
3.4921767404367148,40.38614997320954
3.491694548249783,40.36296174372957
3.4912124892045693,40.32202146196979
3.490730563245937,40.28099325233977
3.49024877031878,40.23996504270974
3.4897671103680223,40.203682420658076
3.489285583338619,40.17231108797121
3.488804189175556,40.140939755284315
3.4883229278238472,40.10956842259745
3.487841799228539,40.08398060365896
3.4873608033347074,40.07857102775394
3.486879940087459,40.07316145184891
3.4863992094319305,40.03162685215784
3.4859186113132887,39.986536507850694
3.4854381456767314,39.94144616354355
3.484957812467485,40.05288767190842
3.4844776116308074,39.956263287205076
3.483997543111986,39.85963890250173
3.4835176068563394,39.76301451779838
3.483037802809215,39.698851254728616
3.4825581309159914,39.65249158348864
3.482078591122076,39.60622912801162
3.481599183372908,39.55996667253461
3.481119907613956,39.49688687126761
3.4806407637907166,39.43050043525919
3.4801617518487196,39.36571718359635
3.479682871733522,39.31295001297521
3.4792041233907134,39.260182842354055
3.4787255067659117,39.2074156717329
3.4782470218047643,39.15464850111176
3.4777686684529505,39.11216637370211
3.477290446656177,39.07074817931988
3.4768123563601816,39.029329984937654
3.476334397510733,38.984890499456306
3.475856570053627,38.93839156414417
3.4753788739346922,38.88625493276105
3.474901309099785,38.81330114917388
3.474423875494792,38.74034736558671
3.4739465730656303,38.684722956285604
3.4734694017582464,38.639954661321454
3.4729923615186147,38.59486202147559
3.4725154522927415,38.46751783597285
3.472038674026662,38.32488335129848
3.471562026666441,38.18016844567431
3.471085510158174,38.0512972096227
3.470609124447983,38.105642658178326
3.470132869482024,38.014444316456796
3.469656745206479,37.92548824709385
3.46918075156756,37.88977754423237
3.46870488851151,37.854066841370894
3.4682291559846004,37.818356138509415
3.467753553933133,37.78264543564794
3.4672780823034377,37.746934732786464
3.4668027410418754,37.711224029924985
3.466327530094835,37.676994728543264
3.4658524494087355,37.65188998314923
3.4653774989300254,37.626785237755186
3.4649026786051813,37.60168049236113
3.464427988380711,37.57657574696708
3.463953428203151,37.551471001573034
3.4634789980190663,37.52636625617899
3.4630046977750517,37.50129212102546
3.4625305274177323,37.4766047325477
3.4620564868937596,37.45191734406993
3.4615825761498167,37.42722995559217
3.4611087951326156,37.39772539025563
3.4606351437888967,37.36419233806981
3.4601616220654305,37.330659285883996
3.459688229909016,37.29712623369818
3.459214967266482,37.278306173007024
3.4587418340846843,37.25958527924835
3.4582688303105114,37.248655744609565
3.457795955890876,37.239425259806794
3.457323210772725,37.23019477500402
3.456850594903031,37.23311888908103
3.456378108228796,37.24855303579192
3.455905750697052,37.26398718250282
3.4554335222548596,37.27942132921372
3.4549614228493084,37.29485547592462
3.454489452427515,37.310289622635516
3.4540176109366283,37.32572376934641
3.4535458983238234,37.34115791605731
3.4530743145363054,37.361603986872524
3.4526028595213076,37.39347301723623
3.452131533226093,37.42460717048652
3.4516603355979534,37.4557413237368
3.4511892665842074,37.48687547698708
3.450718326132206,37.51800963023737
3.4502475141893245,37.583569748109824
3.4497768307029704,37.696702060257266
3.449306275620578,37.80983437240471
3.4488358488896114,37.92296668455214
3.448365550457563,37.9950540485339
3.4478953802719534,38.051987899514515
3.4474253382803335,38.13925561278933
3.446955424430279,38.22652332606417
3.4464856386693983,38.313791039339
3.4460159809453264,38.49974251265773
3.445546451205727,38.7098791197363
3.445077049398292,38.77645362645224
3.4446077754707436,38.80728070014647
3.44413862937083,38.83872646429624
3.443669611046329,38.87048558831695
3.443200720445048,38.90224471233765
3.44273195751482,38.93400383635836
3.4422633222035093,38.96576296037906
3.4417948144590067,38.99752208439976
3.441326434229232,39.02928120842047
3.4408581814621337,39.09075405586637
3.4403900561056884,39.17991899466661
3.439922058107901,39.26908393346676
3.439454187416804,39.358248872267
3.4389864439804585,39.40570325392612
3.4385188277469547,39.4429175976762
3.4380513386644105,39.598866472363724
3.4375839766809717,39.727796499459565
3.4371167417448127,39.76802687993932
3.436649633804136,39.808257260419076
3.4361826528071715,39.84848764089884
3.4357157987021796,39.88871802137858
3.4352490714374446,39.928948401858335
3.434782470961283,39.96917878233809
3.4343159972220376,40.009409162817846
3.433849650168079,40.106250830388234
3.4333834297478067,40.19542496807509
3.4329173359096474,40.28459910576194
3.4324513686020577,40.365384308901284
3.4319855277735183,40.41157219320816
3.4315198133725415,40.45776007751503
3.4310542253476664,40.50394796182191
3.4305887636474597,40.53831102547927
3.430123428220516,40.57141907201664
3.4296582190154585,40.586715107113534
3.4291931359809373,40.597702462013714
3.428728179065631,40.5454622422004
3.4282633482182465,40.487038181355686
3.427798643387517,40.42861412051092
3.427334064522204,40.37157057722452
3.4268696115710986,40.31577044424154
3.4264052844830166,40.25997031125854
3.4259410832068045,40.19893939367857
3.425477007691334,40.111268749709154
3.425013057885507,40.02359810573977
3.4245492337382504,39.93592746177035
3.4240855351985204,39.874299911985105
3.4236219622153006,39.834819474369205
3.4231585147376022,39.7953390367533
3.4226951927144644,39.75585859913739
3.4222319960949528,39.72561514066654
3.4217689248281618,39.71701506604254
3.4213059788632125,39.70841499141854
3.420843158149255,39.69981491679451
3.4203804626354644,39.55826282769138
3.419917892271045,39.42262484711216
3.4194554470052285,39.42083488729861
3.4189931267872735,39.40262377516062
3.418530931566467,39.27250713171228
3.4180688612921224,39.14239048826395
3.4176069159135816,39.01227384481576
3.417145095380212,38.904895046486075
3.4166833996414097,38.80055147516031
3.416221828646598,38.69620790383455
3.4157603823452285,38.59186433250878
3.4152990606867784,38.48752076118301
3.4148378636207526,38.39945394467692
3.4143767910966836,38.319445608469266
3.413915843064132,38.239428347904834
3.4134550194726843,38.15940186162272
3.412994320271954,38.07937537534052
3.4125337454115834,37.99934888905832
3.4120732948412407,37.95846673721092
3.411612968510621,37.93106700332589
3.411152766369448,37.90366726944086
3.4106926883674715,37.8743569917044
3.410232734454469,37.81682719573351
3.4097729045802434,37.759297399762616
3.409313198694627,37.70176760379174
3.4088536167474777,37.684546536691826
3.408394158688681,37.67849199555805
3.407934824468149,37.672437454424255
3.407475614035821,37.66638291329046
3.407016527341664,37.58915126906457
3.406557564335671,37.50306713867753
3.406098724967862,37.4169830082906
3.405640009188284,37.33089887790356
3.405181416947011,37.224280956122584
3.404722948194144,37.09979893722581
3.4042646028798114,36.97531691832903
3.4038063809541668,36.87479133331534
3.403348282367393,36.8001139331693
3.402890307069698,36.72543653302327
3.402432455011316,36.650759132877226
3.401974726142509,36.59399343239753
3.4015171204135664,36.53885572496927
3.4010596377748032,36.469685258840784
3.4006022781765615,36.39803247091966
3.4001450415692105,36.32637968299852
3.399687927903145,36.259778389332325
3.3992309371287877,36.200735138692394
3.3987740691965884,36.141691888052506
3.3983173240570204,36.082648637412575
3.397860701660587,36.033585287822035
3.397404201957817,35.99407991089342
3.3969478248992653,35.97456489187198
3.3964915704355136,35.96453558459987
3.396035438517171,35.95450627732777
3.3955794290948726,35.94447697005569
3.3951235421192782,35.93132577791971
3.3946677775410774,35.918926049276436
3.3942121353109833,35.90652632063316
3.3937566153797376,35.89412659198989
3.3933012176981077,35.8838369731255
3.3928459422168866,35.87415705589298
3.392390788886895,35.86447713866046
3.3919357576589793,35.92606544262115
3.3914808484840124,35.99898827819989
3.3910260613128935,36.071911113778626
3.3905713960965476,36.14483394935738
3.390116852785927,36.217756784936114
3.38966243133201,36.004325217101226
3.389208131685801,36.04535371971636
3.388753953798331,36.086382222331494
3.3882998976206564,36.09781913292068
3.3878459631038607,36.15149034936338
3.387392150199053,36.20516156580607
3.386938458857369,36.25883278224877
3.386484889029971,36.31250399869146
3.3860314406680456,36.36617521513416
3.3855781137228087,36.41984643157686
3.385124908145499,36.47351764801955
3.384671823887383,36.527188864462246
3.3842188608997548,36.562276891126345
3.3837660191339305,36.58231401653109
3.3833132985412555,36.61671717027068
3.3828606990731007,36.65745836536523
3.382408220680862,36.69819956045978
3.3819558633159623,36.738940755554324
3.38150362692985,36.799216835320976
3.381051511474001,36.88778899869031
3.3805995168999137,36.98419341266184
3.380147643159115,37.029974677956915
3.3796958902031573,37.05114361410418
3.3792442579836193,37.07231255025145
3.378792746452105,37.093481486398716
3.3783413555602437,37.114650422545985
3.3778900852596916,37.135819358693254
3.37743893550213,37.15698829484052
3.376987906239268,37.17372928936203
3.376536997422836,37.134973915267516
3.376086209004595,37.09314383705777
3.3756355409363286,37.051313758848025
3.375184993169848,37.001541084507274
3.3747345656569894,36.9670662054436
3.3742842583496144,36.93679364481153
3.373834071199611,36.906521084179495
3.373384004158892,36.896053486951324
3.3729340571793966,36.89434800418046
3.3724842302130895,36.8926425214096
3.3720345232119606,36.89093703863874
3.3715849361280257,36.88923155586787
3.371135468913326,36.88752607309701
3.3706861215199293,36.88582059032615
3.370236893899927,36.87932742935109
3.369787786005439,36.83283389882772
3.3693387977886067,36.7863403683043
3.3688899292016004,36.73984683778088
3.368441180196614,36.676595959827836
3.3679925507258677,36.4923945228463
3.367544040741607,36.308193085864744
3.367095650196103,36.1239916488832
3.3666473790416527,36.293624889629605
3.3661992272305765,36.18470764213305
3.3657511947152217,36.0757903946365
3.3653032814479613,35.96687314713995
3.364855487381193,35.8579558996434
3.3644078124673396,35.74903865214684
3.3639602566588502,35.64012140465029
3.3635128199081983,35.90875568754944
3.3630655021678826,35.68014021353856
3.3626183033904287,35.45152473952793
3.362171223528384,35.22290926551705
3.3617242625343247,35.11841329496269
3.361277420360851,35.07547380393344
3.360830696960587,35.03253431290419
3.3603840922861843,34.989594821874945
3.3599376062903175,34.94665533084569
3.359491238925689,34.903715839816485
3.359044990145022,34.86077634878723
3.358598859901069,34.81783685775798
3.3581528481466063,34.783798522521394
3.3577069548344345,34.75322959314818
3.35726117991738,34.72266066377495
3.3568155233482937,34.69209173440173
3.356369985080052,34.66152280502851
3.355924565065557,34.63095387565529
3.355479263257734,34.60038494628209
3.355034079609535,34.56981601690887
3.354589014073935,34.47611669505227
3.3541440666039364,34.373033709719216
3.353699237152565,34.27527735941248
3.3532545256728716,34.177521009105746
3.3528099321179323,34.10467725177659
3.3523654564408485,34.061155005055994
3.3519210985947447,34.01763275833539
3.351476858532772,33.97411051161478
3.351032736208106,33.93058826489417
3.3505887315739464,33.89854624027117
3.3501448445835185,33.89778291455611
3.349701075190072,33.89701958884104
3.3492574233468817,33.89625626312598
3.3488138890072463,33.898531177384456
3.3483704721244907,33.90283978980568
3.347927172651963,33.91716676404829
3.347483990543036,33.934939399987314
3.347040925751109,33.95271203592634
3.346597978229604,33.970484671865364
3.346155147931969,33.98278073064587
3.345712434811676,33.99227864926998
3.3452698388222215,34.00177656789408
3.3448273599171268,34.011274486518175
3.344384998049938,34.02077240514228
3.343942753174225,34.03194775479701
3.3435006252435833,34.043316747239516
3.3430586142116328,34.05547977332188
3.3426167200320167,34.08074764718934
3.342174942658404,34.128971750982615
3.3417332820444883,34.18484107331007
3.341291738143987,34.24071039563748
3.3408503109106413,34.29657971796493
3.340409000298218,34.35244904029239
3.3399678062605083,34.40831836261985
3.3395267287513275,34.52143388542527
3.3390857677245145,34.66121318636362
3.3386449231339346,34.80099248730197
3.3382041949334758,34.93682964481992
3.33776358307705,34.991657292959275
3.337323087518595,35.03687130189154
3.3368827082120727,35.082085310823814
3.3364424451114676,35.127299319756084
3.3360022981707904,35.16931613082285
3.3355622673440757,35.210437196622166
3.335122352585381,35.25155826242148
3.33468255384879,35.29385166437307
3.33424287108841,35.33869658102721
3.3338033042583706,35.38354149768135
3.333363853312828,35.428386414335506
3.3329245182059615,35.45982082448499
3.332485298891975,35.47286266794123
3.332046195325096,35.48590451139747
3.331607207459577,35.498946354853715
3.331168335249694,35.51198819830995
3.330729578649746,35.5250300417662
3.3302909376140586,35.538071885222436
3.3298524120969786,35.551113728678686
3.3294140020528795,35.61819757848372
3.3289757074361574,35.72476936067837
3.328537528201232,35.83134114287302
3.3280994643025483,35.93791292506768
3.327661515694574,35.99030936908839
3.3272236823318027,36.015574569623396
3.3267859641687485,36.04083977015842
3.326348361159953,36.06607506768691
3.32591087325998,36.09064282100957
3.325473500423417,36.11521057433223
3.325036242604876,36.13977832765489
3.324599099758993,36.164346080977545
3.3241620718404286,36.18891383430018
3.323725158803864,36.21348158762284
3.3232883606040073,36.238049340945494
3.32285167719559,36.27399645460814
3.3224151085333666,36.29973173063321
3.3219786545721153,36.325467006658286
3.3215423152666395,36.35120228268336
3.321106090571764,36.37426864875803
3.3206699804423394,36.3907215416947
3.32023398483324,36.40717443463136
3.319798103699361,36.42362732756804
3.319362336995625,36.44008022050471
3.318926684676976,36.466114511004946
3.3184911466983817,36.492622420595254
3.318055723014835,36.51913033018557
3.3176204135813507,36.54924618625427
3.317185218352969,36.57993660346244
3.3167501372847505,36.55170040689314
3.316315170331783,36.50582194312159
3.3158803174491753,36.45919019194031
3.315445578592062,36.41255844075904
3.315010953715599,36.36592668957777
3.314576442774967,36.49486512739793
3.31414204572537,36.49218271669109
3.3137077625220352,36.48162457722015
3.313273593120214,36.4710664377492
3.31283953747518,36.46050829827826
3.3124055955422302,36.4489683319007
3.3119717672766873,36.43660808234715
3.3115380526338947,36.42424783279358
3.311104451569221,36.41188758324003
3.310670964038057,36.399527333686464
3.3102375899958183,36.387167084132905
3.309804329397941,36.374806834579346
3.309371182199888,36.36244658502578
3.308938148357144,36.316526985239946
3.308505227825216,36.26557419031222
3.3080724205596352,36.2146213953845
3.307639726515957,36.170782217017006
3.3072071456497585,36.146518812075826
3.306774677916641,36.12225540713464
3.306342323272229,36.09799200219348
3.3059100816721685,36.08254294330317
3.3054779530721308,36.07713143375931
3.3050459374278103,36.07171992421546
3.304614034694923,36.0663084146716
3.3041822448292093,36.06437348671583
3.303750567786433,36.07321163511058
3.30331900352238,36.01911198995045
3.3028875519928587,36.014670964296876
3.3024562131537025,36.01022993864329
3.302024986960767,36.00578891298972
3.3015938733699306,36.001347887336145
3.301162872337095,35.99690686168257
3.300731983818185,35.99246583602899
3.3003012077691483,35.988024810375414
3.299870544145955,35.975346552873575
3.2994399929046,35.929716556573
3.299009554001098,35.88408656027235
3.2985792273914902,35.838456563971704
3.2981490130318383,35.79282656767106
3.297718910878228,35.74719657137042
3.2972889208867677,35.720670280163944
3.2968590430135887,35.65506052530483
3.296429277214845,35.58945077044579
3.295999623446713,35.52384101558667
3.295570081665393,35.46444448653094
3.295140651827107,35.418974390887
3.2947113338881016,35.373504295243066
3.2942821278046437,35.32803419959913
3.2938530335330256,35.2825641039552
3.29342405102956,35.237094008311274
3.292995180250584,35.19162391266734
3.2925664211524577,35.36048162835546
3.2921377736915614,35.102636748413616
3.2917092378243007,34.95950430355788
3.291280813507103,34.9367257878493
3.290852500696418,34.91394727214071
3.2904242993487194,34.89116875643212
3.2899962094205013,34.86318949859121
3.2895682308682836,34.81294365441086
3.289140363648605,34.76269781023045
3.2887126077180295,34.712451966050054
3.2882849630331434,34.66220612186965
3.287857429550555,34.64922731316132
3.2874300072268947,34.64102188767617
3.2870026960188166,34.637004116792525
3.286575495882997,34.63298634590889
3.286148406776134,34.62896857502525
3.2857214286549494,34.6249508041416
3.2852945614761864,34.620933033257955
3.2848678051966105,34.62753212946521
3.284441159773011,34.754372233374355
3.284014625162199,34.83239481638013
3.2835882013210074,34.86404074572212
3.2831618882062923,34.89568667506413
3.2827356857749326,34.92733260440606
3.2823095939838276,34.95552646921976
3.281883612789901,34.926843886702926
3.2814577421500988,34.89114913212572
3.2810319820213873,34.8554543775485
3.280606332360758,34.82264952648063
3.2801807931252225,34.795754539314515
3.279755364271815,34.7688595521484
3.2793300457575936,34.74196456498228
3.2789048375396375,34.71506957781618
3.278479739575047,34.688174590650064
3.2780547518209464,34.65137456011519
3.277629874234482,34.596004451871224
3.2772051067728216,34.54063434362726
3.2767804493931556,34.48526423538329
3.2763559020526967,34.42989412713932
3.27593146470868,34.37452401889537
3.2755071373183613,34.485438786357534
3.275082919839021,34.38411491404878
3.2746588122279587,34.282791041740026
3.2742348144424986,34.181467169431286
3.273810926439986,34.104993672376736
3.2733871481777888,34.05761336446868
3.272963479613296,34.01023305656062
3.272539920703919,33.96285274865257
3.2721164714070925,33.93105706015946
3.2716931316802706,33.93192230822092
3.2712699014809314,33.93278755628238
3.2708467807665755,33.933652804343836
3.2704237694947236,33.93451805240529
3.2700008676229197,33.93721245858109
3.2695780751087296,33.94044672865867
3.269155391909741,33.94368099873625
3.2687328179835626,33.94691526881384
3.268310353287826,33.950149538891424
3.2678879977801847,33.953383808969015
3.2674657514183134,33.956618079046606
3.2670436141599097,33.95985234912419
3.266621585962693,33.94189919296893
3.266199666784402,33.91448727298449
3.265777856582802,33.88707535300004
3.2653561553156756,33.85966343301558
3.2649345629408293,33.63656509429077
3.264513079416091,33.36303247828982
3.2640917046993105,33.684998308956224
3.2636704387483597,33.65584011526674
3.2632492815211314,33.62096912651908
3.2628282329755405,33.586098137771415
3.262407293069525,33.551227149023745
3.2619864617610412,33.516356160276075
3.261565739008071,33.481485171528405
3.2611451247686145,33.44661418278075
3.2607246190006967,33.41174319403308
3.260304221662362,33.37467746826921
3.2598839327116766,33.32631406353071
3.25946375210673,33.29033708977097
3.2590436798056315,33.290011518925
3.2586237157665128,33.296818094273405
3.2582038599475265,33.31354395870203
3.257784112306848,33.33026982313066
3.257364472802673,33.346995687559286
3.256944941393219,33.366613619233604
3.256525518036726,33.416074257572305
3.2561062026914547,33.46553489591099
3.2556869953156875,33.514995534249636
3.2552678958677275,33.56445617258832
3.2548489043059003,33.61391681092701
3.2544300205885524,33.66334185012232
3.2540112446740523,33.70618585714742
3.253592576520789,33.74902986417251
3.2531740160871743,33.79187387119761
3.25275556333164,33.806068520181654
3.2523372182126398,33.75882610368766
3.2519189806886497,33.67685500159173
3.251500850718165,33.58839104758748
3.2510828282597037,33.49992709358324
3.2506649132718053,33.41146313957899
3.25024710571303,33.635264304943874
3.24982940554196,33.55401853877645
3.2494118127171983,33.47277277260902
3.2489943271973694,33.3915270064416
3.248576948941118,33.31028124027417
3.2481596779071116,33.33029980617146
3.2477425140540377,33.353139680285494
3.2473254573406063,33.375979554399535
3.2469085077255477,33.39881942851356
3.2464916651676137,33.4216593026276
3.2460749296255766,33.44449917674164
3.245658301058231,33.46733905085567
3.2452417794243926,33.490178924969726
3.2448253646828964,33.51301879908375
3.244409056792601,33.535858673197794
3.243992855712384,33.55869854731183
3.2435767614011453,33.58153842142586
3.2431607738178063,33.6043782955399
3.2427448929213085,33.627218169653936
3.242329118670615,33.650058043767984
3.241913451024709,33.374723095233506
3.2414978899425955,33.4359188773808
3.2410824353833014,33.497114659528094
3.2406670873058725,33.558310441675374
3.240251845669378,33.96256575264829
3.2398367104329058,33.992847233646614
3.2394216815555663,34.02312871464495
3.23900675899649,34.05341019564327
3.2385919427148298,34.08369167664166
3.2381772326697567,34.11397315763999
3.2377626288204655,34.144254638638316
3.2373481311261703,34.17453611963664
3.236933739546106,34.204817600634975
3.2365194540395303,33.89738169390192
3.2361052745657193,33.91991466305393
3.2356912010839713,33.942447632206004
3.2352772335536044,33.964980601358015
3.234863371933959,34.04478398282331
3.234449616184395,34.09518962358286
3.234035966264294,34.14559526434242
3.233622422133058,34.19600090510197
3.2332089837501092,34.24640654586152
3.2327956510748916,34.29681218662107
3.2323824240668695,34.34721782738062
3.231969302685528,34.39762346814019
3.2315562868903718,34.50254850702483
3.231143376640928,34.66607203501943
3.230730571896743,34.829595563014045
3.230317872617386,34.99311909100865
3.2299052787624434,35.03949981099015
3.2294927902915256,35.06351587088834
3.2290804071642625,35.08753193078654
3.2286681293403032,35.11154799068473
3.2282559567793188,35.137398613966084
3.227843889441001,35.17060341758773
3.227431927285062,35.20251103177803
3.227020070271234,35.21453597982129
3.2266083183592706,35.226560927864554
3.226196671508945,35.238585875907816
3.225785129680052,35.25061082395108
3.225373692832407,35.26263577199435
3.2249623609258427,35.26247760915656
3.224551133920217,35.25403119298892
3.2241400117754053,35.24673775402563
3.2237289944513043,35.23944431506233
3.223318081907831,35.23086701504906
3.2229072741049234,35.21106975550949
3.2224965710025395,35.191272495969926
3.2220859725606568,35.17147523643037
3.2216754787392747,35.1516779768908
3.221265089498412,35.11725313487357
3.2208548047981083,35.076895199767904
3.2204446245984237,35.03653726466224
3.220034548859438,34.99617932955658
3.219624577541252,34.93030221477505
3.219214710603987,34.86752878442641
3.218804948007784,34.804755354077784
3.218395289712803,34.74248737265874
3.2179857356792274,34.70291746763694
3.2175762858672585,34.66334756261512
3.2171669402371186,34.62377765759331
3.21675769874905,34.584207752571494
3.2163485613633163,34.54724822714808
3.2159395280401997,34.515033642210355
3.215530598740003,34.47661119182786
3.21512177342305,34.42049096145002
3.214713052049684,34.36304771115256
3.2143044345802685,34.30377089860378
3.213895920975188,34.24449408605499
3.2134875111948458,34.18070741620582
3.2130792051996657,34.11637761842891
3.212671002950093,34.0549664660489
3.2122629044065913,33.9935553136689
3.2118549095296443,33.95640724111742
3.2114470182797574,33.94028293594275
3.2110392306174544,33.92415863076808
3.2106315465032806,33.90803432559342
3.2102239658978,33.891910020418756
3.209816488761597,33.87578571524409
3.2094091150552773,33.84188574849627
3.2090018447394644,33.8018979848343
3.208594677774803,33.761910221172336
3.2081876141219583,33.72192245751037
3.207780653741614,33.70662774422212
3.207373796594475,33.696537911314486
3.2069670426412658,33.686448078406855
3.2065603918427303,33.67635824549922
3.2061538441596333,33.66626841259159
3.205747399552759,33.65617857968401
3.2053410579829107,33.64451010710396
3.2049348194109126,33.627236541886745
3.204528683797608,33.60770911713128
3.2041226511038614,33.58818169237582
3.2037167212905557,33.56865426762035
3.203310894318594,33.54912684286489
3.2029051701489,33.52766839670464
3.2024995487424155,33.502659225315
3.202094030060104,33.477531424133836
3.201688614062947,33.45240362295267
3.2012833007119474,33.42281427067069
3.200878089968127,33.38721375721876
3.2004729817925273,33.36169478513578
3.2000679761462094,33.35859708925747
3.199663072990255,33.35549939337916
3.1992582722857645,33.352401697500866
3.1988535739938575,33.349304001622556
3.1984489780756755,33.346206305744246
3.198044484492377,33.33928675111119
3.1976400932051425,33.31389186833691
3.1972358041751705,33.288188410178066
3.1968316173636793,33.26248495201922
3.1964275327319083,33.23678149386041
3.1960235502411143,33.21107803570156
3.1956196698525745,33.18506147377476
3.195215891527587,33.150993931719796
3.1948122152274676,33.11692638966483
3.1944086409135526,33.03923395642613
3.1940051685471977,32.951443912420594
3.193601798089778,32.863653868415064
3.193198529502688,32.77586382440953
3.192795362747343,32.68807378040404
3.1923922977851755,32.62425707320426
3.1919893345776384,32.553609675263004
3.1915864730862054,32.47446382093
3.1911837132723675,32.395317966597005
3.1907810550976365,32.316172112264
3.1903784985235437,32.23702625793101
3.1899760435116398,32.15788040359807
3.1895736900234932,32.07873454926508
3.1891714380206935,31.858648919621928
3.1887692874648494,31.624102306640964
3.1883672383175887,31.38955569366
3.1879652905405584,31.62640257348208
3.1875634440954252,31.515061271903022
3.1871616989438754,31.40371997032397
3.186760055047613,31.322563130073128
3.186358512368364,31.24273795940316
3.185957070867871,31.162912788733156
3.1855557305078968,31.083087618063153
3.1851544912502243,31.003329723974197
3.184753353056655,30.948432394597134
3.1843523158890097,30.89353506522007
3.183951379709128,30.838637735843005
3.1835505444788708,30.783740406465952
3.183149810160114,30.72884307708889
3.1827491767147564,30.673945747711823
3.182348644104715,30.619048418334764
3.1819482122919256,30.5641510889577
3.1815478812383433,30.506162347554465
3.1811476509059426,30.447756339688297
3.1807475212567167,30.368941221334385
3.180347492252678,30.275502186392885
3.1799475638558587,30.18658495821199
3.1795477360283084,30.106473999416075
3.179148008732098,30.001307905857885
3.178748381929316,29.833557121344917
3.17834885558207,29.665806336831956
3.1779494296524873,29.49805555231899
3.177550104102714,29.63481360426742
3.177150878894916,29.58983337233058
3.1767517539912755,29.544853140393744
3.176352729353997,29.499310601085256
3.1759538049453018,29.453519258668997
3.175554980727431,29.40772791625274
3.175156256662645,29.36193657383648
3.1747576327132223,29.316145231420215
3.174359108841461,29.270353889003957
3.173960685009678,29.228027698077565
3.1735623611802097,29.19636092612378
3.173164137315409,29.16469415416998
3.1727660133776507,29.133027382216177
3.172367989329327,29.101360610262375
3.171970065132849,29.068696694761663
3.171572240750647,29.02877523870582
3.1711745161451694,28.98885378264997
3.1707768912788854,28.953177485680314
3.1703793661142803,28.925496488992543
3.1699819406138596,28.897815492304776
3.169584614740148,28.87013449561701
3.169187388455689,28.84353592127307
3.1687902617230432,28.839604765466966
3.168393234504792,28.848766491364845
3.1679963067635346,28.867021122771547
3.167599478461889,28.885275754178252
3.167202749562492,28.903530385584958
3.1668061200279993,28.92178501699166
3.1664095898210847,29.026664034138854
3.166013158904441,29.14956227051988
3.1656168272407803,29.2724605069009
3.1652205947928325,29.3929316232467
3.1648244615233465,29.456949441883516
3.1644284273950904,29.520967260520273
3.1640324923708496,29.607595102297708
3.1636366564134293,29.73764321051236
3.1632409194856526,29.86769131872701
3.162845281550362,29.997739426941664
3.1624497425704177,29.816521206505683
3.1620543025086993,29.884571555195098
3.1616589613281043,29.951566059321447
3.161263718991549,30.011549610089904
3.1608685754619685,30.07153316085831
3.1604735307023155,30.131516711626766
3.160078584675562,30.191500262395223
3.1596837373446993,30.223039048776137
3.1592889886727353,30.22944152981691
3.158894338622698,30.23584401085768
3.158499787157633,30.24224649189845
3.158105334240605,30.248648972939243
3.157710979834696,30.255051453980013
3.157316723903007,30.261453935020782
3.1569225664086584,30.267856416061555
3.156528507314788,30.268904189562477
3.1561345465845525,30.256182560484397
3.155740684181126,30.243651477261615
3.1553469200677027,30.232646596779873
3.1549532542074936,30.22164171629813
3.154559686563729,30.210636835816405
3.154166217099656,30.199631955334663
3.1537728457785423,30.19234100637505
3.153379572563672,30.194884053940683
3.1529863974183496,30.19742710150632
3.1525933203058956,30.19997014907196
3.1522003411896504,30.19110332147073
3.1518074600329724,30.168657969056124
3.1514146767992366,30.146212616641485
3.1510219914518385,30.123767264226842
3.1506294039541913,30.101321911812203
3.1502369142697253,30.078876559397564
3.1498445223618905,30.05643120698292
3.1494522281941544,30.03398585456828
3.149060031730002,30.011540502153643
3.148667932932938,30.00374699970258
3.148275931766485,30.00083471585159
3.1478840281941816,29.997922432000593
3.147492222179587,29.9950101481496
3.147100513686278,30.016623591307315
3.1467089026778488,30.04670328071007
3.146317389117913,30.076782970112824
3.1459259729701,30.106862659515578
3.145534654198061,30.124795287016312
3.1451434327654613,30.12903287383947
3.1447523086359865,30.1306125957289
3.1443612817733397,30.12958814465447
3.1439703521412423,30.12856369358004
3.143579519703434,30.127539242505605
3.1431887844236717,30.13241673539587
3.1427981462657306,30.187800742974524
3.1424076051934047,30.243184750553173
3.142017161170505,30.29856875813175
3.1416268141608605,30.353952765710396
3.141236564128319,30.40933677328905
3.1408464110367453,30.464720780867694
3.1404563548500226,30.520104788446346
3.1400663955320525,30.575488796024995
3.139676533046754,30.630872803603644
3.1392867673580644,30.686256811182226
3.1388970984299376,30.742846048654204
3.138507526226347,30.810397647011087
3.1381180507112836,30.48746152711156
3.1377286718487554,30.57130690384485
3.137339389602789,30.655152280578136
3.136950203937429,30.705600641900915
3.136561114816737,30.733090064412238
3.136172122204793,30.760579486923564
3.1357832260656955,30.78806890943487
3.135394426363559,30.83737905833674
3.1350057230625175,30.89367315131693
3.1346171161267216,30.949967244297117
3.1342286055203403,31.0062613372773
3.133840191207561,31.062555430257497
3.1334518731525876,31.089984299058592
3.1330636513196426,31.12760552457661
3.132675525672965,31.16522675009468
3.1322874961768132,31.202847975612748
3.131899562795462,31.23739838770356
3.1315117254932052,31.260553353150044
3.1311239842343523,31.283708318596524
3.130736338983233,31.306863284043004
3.1303487897041924,31.330018249489484
3.1299613363615943,31.353173214935964
3.129573978919821,31.376328180382416
3.12918671734327,31.399483145828896
3.1287995515963583,31.421930020768507
3.1284124816435206,31.482010707150863
3.128025507449208,31.556113984804696
3.127638628977891,31.63021726245853
3.127251846194055,31.704320540112363
3.126865159062206,31.778423817766175
3.1264785675468647,31.852527095420008
3.1260920716125713,31.931068816133724
3.125705671223883,32.022922808139725
3.1253193663453747,32.11805264669107
3.1249331569416383,32.21318248524243
3.1245470429772833,32.30831232379378
3.124161024416937,32.39761260559462
3.123775101225244,32.47613768876759
3.123389273366867,32.55475044529956
3.1230035408064847,32.63452007564084
3.122617903508794,32.714289705982125
3.1222323614385097,32.794059336323414
3.121846914560364,32.83802974586132
3.121461562839106,32.842783039195076
3.121076306239502,32.847536332528826
3.120691144726337,32.85228962586258
3.120306078264411,32.85704291919633
3.119921106818544,32.86179621253009
3.1195362303535714,32.86853226938635
3.1191514488343475,32.88322715672617
3.1187667622257425,32.89792204406599
3.118382170492645,32.91405760627667
3.11799767359996,32.93123747714286
3.1176132715126115,32.95123201199132
3.117228964195539,32.9830615389898
3.1168447516136992,33.01489106598831
3.1164606337320673,33.046720592986816
3.1160766105156354,33.07855011998532
3.1156926819294126,33.12713563320371
3.115308847938425,33.18188343231386
3.114925108507717,33.22888634139856
3.1145414636023494,33.26122452267465
3.1141579131873995,33.276273054575746
3.113774457227963,33.29132158647684
3.113391095689152,33.30637011837794
3.113007828536097,33.321418650279035
3.1126246557339448,33.33646718218013
3.112241577247859,33.42937069244001
3.1118585930430207,33.52977818161537
3.111475703084628,33.63018567079072
3.1110929073378975,33.72958491323581
3.11071020576806,33.7937913555829
3.110327598340366,33.82635466358798
3.1099450850200823,33.858917971593065
3.1095626657724926,33.89148127959815
3.1091803405628977,33.92757654469025
3.1087981093566155,33.966975293625254
3.1084159721189817,34.00637404256026
3.108033928815347,34.026440421468244
3.1076519794110817,34.04022649677524
3.107270123871571,34.054012572082236
3.1068883621622185,34.06760788189296
3.1065066942484445,34.080901060413424
3.1061251200956854,34.094194238933895
3.105743639669396,34.107487417454365
3.1053622529350466,34.12078059597483
3.104980959858126,34.1340737744953
3.104599760404139,34.14736695301577
3.104218654538607,34.155453944349354
3.1038376422270684,34.158660490999075
3.1034567234350803,34.16186703764879
3.103075898128214,34.178158400847764
3.1026951662720603,34.19858822814299
3.102314527832225,34.2190180554382
3.101933982774331,34.239447882733415
3.101553531064019,34.26308778632419
3.1011731726669454,34.323580071962766
3.100792907548785,34.38110287523499
3.1004127356752273,34.39249909246606
3.100032657011981,34.40389530969713
3.09965267152477,34.4152915269282
3.0992727791793353,34.42668774415928
3.0988929799414353,34.412755390598136
3.098513273776844,34.40380029265969
3.098133660651353,34.39484519472124
3.0977541405307707,34.3858900967828
3.0973747133809217,34.37693499884436
3.096995379167649,34.367979900905915
3.0966161378568096,34.35902480296747
3.09623698941428,34.350069705029
3.095857933805951,34.34111460709056
3.0954789709977315,34.3287484652053
3.095100100955547,34.2998290497882
3.0947213236453393,34.27090963437111
3.094342639033067,34.241990218954015
3.093964047084706,34.21530226647378
3.0935855477662475,34.18238519242152
3.0932071410437003,34.14946811836926
3.09282882688309,34.116551044317006
3.0924506052504577,34.08363397026475
3.0920724761118623,34.05071689621249
3.091694439433379,34.017799822160235
3.091316495181099,33.98257594630093
3.090938643321131,33.934538663929615
3.0905608838195997,33.8865013815583
3.090183216642646,33.838464099186986
3.0898056417564286,33.79353705513276
3.0894281591271207,33.77322160705677
3.0890507687209143,33.75290615898078
3.088673470504016,33.72407936469427
3.088296264442651,33.69480205385896
3.0879191505030588,33.66552474302365
3.0875421286514966,33.63624743218834
3.0871651988542377,33.614702068674944
3.086788361077573,33.60956304356948
3.0864116152878074,33.59584366882897
3.0860349614512645,33.551260214154276
3.0856583995342834,33.506676759479575
3.0852819295032194,33.498837465652144
3.0849055513244457,33.50112379312913
3.08452926496435,33.50341012060612
3.084153070389337,33.5013578363715
3.0837769675658286,33.480672994963975
3.0834009564602622,33.45998815355645
3.0830250370390915,33.43930331214894
3.082649209268787,33.41861847074142
3.082273473115836,33.3979336293339
3.081897828546741,33.377248787926376
3.081522275528022,33.35656394651886
3.081146814026214,33.33513145268515
3.08077144400787,33.308617079594605
3.0803961654395566,33.28210270650405
3.0800209782878603,33.2555883334135
3.0796458825193804,33.229073960322935
3.0792708781007354,33.202559587232386
3.078895964998558,33.17604521414182
3.0785211431794983,33.14329134579202
3.078146412610222,33.10954128510502
3.077771773257411,33.070667191323736
3.0773972250877635,33.02809246495595
3.0770227680679945,32.98551773858814
3.0766484021648344,32.94294301222035
3.0762741273450307,32.905871133121664
3.075899943575346,32.88284083166284
3.07552585082256,32.83588578519306
3.0751518490534675,32.769867495216005
3.0747779382348814,32.703849205239024
3.0744041183336277,32.67590907992195
3.0740303893165515,32.66052852458338
3.073656751150512,32.645147969244796
3.0732832038023865,32.62976741390622
3.072909747239066,32.61671323466986
3.0725363814274593,32.61830363235253
3.072163106334491,32.61989403003521
3.071789921927101,32.62148442771789
3.071416828172246,32.62307482540056
3.0710438250368988,32.620285194200115
3.0706709124880476,32.61711922805699
3.070298090492697,32.61395326191386
3.0699253590178683,32.61078729577074
3.069552718030598,32.61193271541755
3.069180167497938,32.620892818251754
3.0688077073869584,32.62985292108595
3.0684353376647424,32.63881302392015
3.068063058298391,32.647773126754345
3.067690869255021,32.65877325818607
3.0673187705017653,32.67046564739546
3.0669467620057715,32.64535653008084
3.066574843734205,32.60460372794144
3.0662030156542457,32.57109531813844
3.0658312777330896,32.56280703631059
3.065459629937949,32.554518754482736
3.065088072236052,32.546230472654884
3.0647166045946426,32.537942190827025
3.0643452269809806,32.52965390899917
3.063973939362342,32.52136562717132
3.063602741706018,32.49761989353322
3.0632316339793157,32.46801533641377
3.0628606161495595,32.438410779294344
3.0624896881840873,32.41202597954704
3.0621188500502545,32.38621469229922
3.0617481017154313,32.36040340505139
3.0613774431470047,32.33459211780357
3.061006874312377,32.261075251516594
3.060636395178966,32.069551291869296
3.060266005714207,31.878027332222025
3.059895705885547,32.15383314302253
3.0595254956604525,32.09658523431626
3.059155375006405,32.04530724957753
3.0587853438909014,31.995556567853157
3.058415402281454,31.945805886128788
3.0580455501455908,31.896055204404412
3.057675787450856,31.847321587547547
3.0573061141648097,31.810418511317945
3.056936530255027,31.77351543508834
3.0565670356890986,31.736612358858736
3.056197630434631,31.699709282629136
3.055828314459247,31.662806206399537
3.055459087730585,31.62590313016993
3.0550899502162983,31.610681033147934
3.054720901884056,31.617919749204813
3.0543519427015435,31.636033627782048
3.0539830726364605,31.758427849767344
3.053614291656524,31.88082207175264
3.0532455997294647,32.003216293737935
3.0528769968230307,32.125610515723224
3.052508482904985,31.965313647349
3.052140057943105,32.02140939458736
3.051771721905186,32.077505141825725
3.051403474759036,32.133600889064084
3.051035316472482,32.18969663630237
3.050667247013363,32.24579238354073
3.0502992663495356,32.30188813077909
3.0499313744488714,32.35798387801745
3.0495635712792573,32.41407962525581
3.0491958568085966,32.46354572049455
3.0488282310048063,32.473531716938375
3.0484606938358216,32.483517713382184
3.0480932452695897,32.493503709826
3.0477258852740756,32.50348970626983
3.0473586138172597,32.51347570271365
3.046991430867137,32.523461699157465
3.0466243363917185,32.53344769560128
3.0462573303590297,32.54343369204511
3.045890412737113,32.55024645614994
3.045523583494025,32.5476940931997
3.045156842597838,32.545141730249455
3.0447901900166396,32.542589367299215
3.0444236257185335,32.540037004348974
3.0440571496716373,32.537484641398734
3.0436907618440854,32.534932278448494
3.043324462204027,32.532379915498254
3.0429582507196264,32.529827552548014
3.0425921273590637,32.527275189597766
3.0422260920905333,32.516574766091594
3.041860144882246,32.50416128463618
3.041494285702427,32.491747803180765
3.0411285145193188,32.47933432172535
3.040762831301176,32.466920840269935
3.040397236016271,32.45929270389658
3.0400317286328904,32.4868675170768
3.0396663091193368,32.5311877681448
3.0393009774439266,32.57550801921271
3.0389357335749927,32.6070839373202
3.0385705774808827,32.63381856459517
3.0382055091299596,32.660553191870136
3.0378405284906016,32.6872878191451
3.037475635531202,32.71402244642006
3.0371108302201697,32.740757073695036
3.036746112525928,32.76749170096993
3.0363814824169157,32.79422632824489
3.036016939861587,32.82096095551986
3.0356524848284105,32.85114814673179
3.0352881172858712,32.883171661531605
3.0349238372024683,32.481319178019504
3.0345596445467167,32.80529697674966
3.0341955392871456,33.129274775479814
3.0338315213922997,33.152782157734876
3.03346759083074,33.16976764107544
3.0331037475710394,33.186753124416065
3.0327399915817894,33.20373860775669
3.032376322831595,33.216316721997174
3.032012741289076,33.21919413461498
3.0316492469228673,33.22207154723279
3.03128583970162,33.22494895985059
3.0309225195939993,33.22782637246834
3.030559286568684,33.23960209206494
3.030196140594371,33.26416869551673
3.02983308163977,33.288735298968504
3.029470109673606,33.31330190242029
3.02910722466462,33.06901788671375
3.028744426581567,33.07782902865009
3.0283817153932167,33.086640170586435
3.0280190910683547,33.09545131252278
3.0276565535757816,33.10426245445909
3.0272941028843117,33.108411493491204
3.0269317389627752,33.09946035817954
3.0265694617800167,33.090509222867865
3.0262072713048966,33.081558087556196
3.0258451675062896,33.07260695224453
3.025483150353085,33.15617496591014
3.025121219814188,33.17168918770764
3.024759375858517,33.18720340950518
3.024397618455007,33.20271763130272
3.0240359475726066,33.19955671558429
3.0236743631802803,33.17308674522909
3.0233128652470067,33.14661677487389
3.022951453741779,33.12014680451869
3.0225901286336065,33.09402617859883
3.022228889891512,33.07133026009368
3.021867737484534,33.04863434158855
3.0215066713817254,33.0259384230834
3.0211456915521526,33.00324250457825
3.0207847979649,32.9805465860731
3.020423990589063,32.95785066756795
3.020063269393755,32.9351547490628
3.0197026343481017,32.91245883055765
3.019342085421246,32.8903221263848
3.018981622582343,32.868232055185196
3.018621245800564,32.855152415023454
3.0182609550450943,32.84964526851225
3.0179007502851345,32.84413812200105
3.0175406314899,32.83863097548985
3.01718059862862,32.836778551630886
3.0168206516705403,32.84238995836226
3.0164607905849183,32.84800136509364
3.0161010153410293,32.853612771825
3.0157413259081607,32.859224178556374
3.015381722255616,32.86483558528775
3.0150222043527126,32.870446992019126
3.0146627721687835,32.8760583987505
3.0143034256731753,32.8829484779741
3.01394416483525,32.897113815526474
3.0135849896243836,32.84876564481842
3.013225900009967,32.85594183460011
3.012866895961405,32.863118024381805
3.0125079774481183,32.87029421416349
3.012149144439541,32.87747040394518
3.011790396905123,32.88599038480449
3.0114317348143267,32.922569057547285
3.0110731581366315,32.95914773029009
3.0107146668415297,32.99572640303289
3.0103562608985293,33.03096007227975
3.00999794027715,33.04523706180235
3.0096397049469306,33.059514051324946
3.00928155487742,33.07379104084755
3.0089234900381845,33.08806803037015
3.008565510398804,33.08939530543952
3.008207615928872,33.05478749822912
3.0078498065979984,33.020179691018754
3.007492082375805,32.98557188380836
3.00713444323193,32.95096407659796
3.0067768891360256,32.91635626938756
3.006419420057758,32.88174846217717
3.0060620359668087,32.847677362547856
3.0057047368328726,32.830503648321915
3.0053475226256596,32.81164856524694
3.0049903933148934,32.77009266444759
3.0046333488703136,32.72853676364831
3.004276389261672,32.68698086284895
3.0039195144587367,32.645424962049596
3.003562724431289,32.63338271548318
3.003206019149124,32.634743879705425
3.0028493985820535,32.636137034055494
3.002492862699902,32.63753018840556
3.0021364114725078,32.63892334275565
3.0017800448697245,32.64031649710572
3.0014237628614198,32.6417096514558
3.001067565417476,32.64310280580587
3.0007114525077885,32.64449596015594
3.0003554241022687,32.56572327868646
2.999999480170841,32.57208150887011
2.999643620683445,32.57874545907664
2.999287845610033,32.58540940928318
2.998932154920574,32.59207335948972
2.9985765485850484,32.59704523657792
2.9982210265734532,32.59180766407813
2.9978655888557983,32.58657009157834
2.9975102354021086,32.58133251907856
2.9971549661824226,32.57609494657876
2.9967997811667932,32.57012096202294
2.9964446803252884,32.54384908103959
2.996089663627988,32.517577200056216
2.995734731044988,32.49130531907284
2.995379882546399,32.46503343808948
2.995025118102344,32.43386791186966
2.9946704376829607,32.40810563412431
2.994315841258402,32.38234335637897
2.9939613287988336,32.35658107863362
2.9936069002744365,32.34547804487302
2.993252555655405,32.35123167189505
2.992898294911947,32.35698529891708
2.992544118014286,32.362738925939105
2.9921900249326585,32.368492552961136
2.991836015637315,32.37177478176232
2.991482090098522,32.367054127982755
2.9911282482865564,32.36233347420318
2.9907744901717135,32.35761282042361
2.9904208157242986,32.35289216664404
2.990067224914634,32.34817151286447
2.9897137177130544,32.3434508590849
2.9893602940899093,32.33873020530533
2.9890069540155615,32.30584020292869
2.9886536974603892,32.25536745995436
2.9883005243947833,32.20489471698002
2.987947434789149,32.14615359750542
2.9875944286139053,32.09947576236729
2.987241505839486,32.05279792722917
2.9868886664363377,32.01189321415822
2.986535910374922,32.03386813090875
2.9861832376257142,32.05584304765928
2.985830648159203,32.07781796440981
2.9854781419458916,32.09979288116034
2.985125718956297,31.876395957437758
2.98477337916095,31.91226647066958
2.984421122530395,31.9481369839014
2.984068949035191,31.98400749713322
2.983716858645911,32.01987801036504
2.9833648513331408,32.05728120643201
2.983012927067481,32.101677324915606
2.9826610858195455,32.1460734433992
2.982309327559963,32.1904695618828
2.9819576522593754,32.23486568036637
2.9816060598884375,32.27926179884997
2.98125455041782,32.32365791733356
2.9809031238182055,32.36805403581716
2.980551780060292,32.46232398470889
2.9802005191147902,32.576757642424546
2.9798493409524247,32.62102476072408
2.979498245543935,32.6652918790236
2.9791472328600728,32.70955899732314
2.9787963028716047,32.741501787648204
2.97844545554931,32.76411236579474
2.978094690863984,32.78672294394127
2.977744008786433,32.809333522087805
2.9773934092874783,32.83194410023434
2.9770428923379555,32.85455467838087
2.976692457908713,32.86686521536632
2.976342105970614,32.835925089858776
2.9759918364945332,32.805869206416176
2.975641649451362,32.77581332297358
2.9752915448120034,32.74575743953098
2.9749415225473745,32.72395281981698
2.9745915826284066,32.70930906144075
2.9742417250260442,32.69210793438295
2.973891949711246,32.67490680732514
2.9735422566549836,32.65770568026734
2.9731926458282425,32.64050455320954
2.972843117202022,32.62330342615175
2.9724936707473355,32.60610229909395
2.9721443064352093,32.58890117203615
2.9717950242366835,32.57170004497836
2.971445824122812,32.514156956437006
2.971096706064662,32.428787191105194
2.9707476700333153,32.34341742577337
2.970398715999865,32.25804766044155
2.97004984393542,32.172677895109736
2.9697010538111024,32.18185180398852
2.9693523455980464,32.22244649443098
2.969003719267402,32.26304118487345
2.968655174790331,32.2459926003615
2.96830671213801,32.212226592019626
2.967958331281628,32.178460583677776
2.967610032192387,32.14469457533593
2.9672618148415046,32.11720924997453
2.9669136792002107,32.096521119637
2.9665656252397485,32.075832989299485
2.9662176529313755,32.04848162243552
2.9658697622463617,32.01585033740897
2.965521953155991,31.983219052382424
2.9651742256315616,31.950587767355877
2.9648265796443836,31.912353708012592
2.9644790151657814,31.888737473587778
2.964131532167093,31.86807512279572
2.9637841306196697,31.847412772003665
2.9634368104948763,31.826750421211607
2.9630895717640904,31.806088070419555
2.962742414398704,31.78542571962752
2.962395338370121,31.777022285503637
2.962048343649761,31.781660246150366
2.9617014302090547,31.786298206797092
2.961354598019448,31.79202150087452
2.961007847052398,31.80919029181857
2.960661177279378,31.82635908276262
2.960314588671872,31.843527873706673
2.9599680812013798,31.860696664650725
2.9596216548394123,31.87786545559478
2.9592753095574946,31.91404205853467
2.9589290453271655,31.951665770306864
2.958582862119977,31.98928948207906
2.958236759907494,32.02691319385126
2.957890738661295,32.0559031925841
2.9575447983529717,32.08266669234021
2.95719893895413,32.10943019209635
2.9568531604363866,32.236263452365854
2.9565074627713743,32.48273865281876
2.9561618459307373,32.72921385327166
2.955816309886134,32.975689053724565
2.955470854609236,33.23583728666805
2.9551254800717275,32.53308902166422
2.9547801862453063,32.627426949977995
2.954434973101684,32.72176487829177
2.954089840612585,32.81610280660554
2.953744788749746,32.91044073491932
2.9533998174849176,33.0047786632331
2.9530549267898643,33.03533736550341
2.952710116636363,33.17343380668323
2.9523653869962043,33.31153024786305
2.952020737841191,33.44962668904287
2.9516761691431403,33.58772313022263
2.951331680873882,33.725819571402454
2.950987273005258,33.842541276887616
2.950642945509125,33.94799714374507
2.9502986983573525,34.0071488430024
2.949954531521822,34.039666019490156
2.94961044497443,34.07218319597792
2.949266438687084,34.104700372465686
2.9489225126317065,34.13721754895345
2.9485786667802323,34.1697347254412
2.9482349011046085,34.20225190192897
2.947891215576796,34.23476907841673
2.947547610168769,34.26728625490449
2.9472040848525145,34.29980343139226
2.946860639600033,34.33232060788002
2.946517274383337,34.36483778436779
2.946173989174454,34.397354960855544
2.9458307839454214,34.42987213734331
2.9454876586682923,34.46133210872475
2.945144613315132,34.48130437664739
2.9448016478580192,34.50127664457003
2.9444587622690443,34.5215774513223
2.9441159565203123,34.55527708978346
2.94377323058394,34.5889767282446
2.9434305844320585,34.622676366705754
2.9430880180368106,34.656376005166905
2.9427455313703517,34.69007564362806
2.942403124404852,34.72377528208921
2.942060797112493,34.74663449796246
2.94171854946547,34.751150283152086
2.941376381435991,34.75566606834171
2.9410342929962763,34.76018185353134
2.9406922841185614,34.764697638720975
2.9403503547750915,34.7692134239106
2.9400085049381266,34.773729209100225
2.9396667345799394,34.77824499428985
2.9393250436728158,34.787654790748874
2.9389834321890533,34.79733985852893
2.9386419001009636,34.76138562233872
2.9383004473808705,34.72543138614851
2.9379590740011112,34.6894771499583
2.9376177799340364,34.65352291376816
2.9372765651520067,34.608587927256615
2.936935429627399,34.559636846683816
2.9365943733326016,34.510685766111024
2.9362533962400152,34.461734685538225
2.9359124983220535,34.412783604965426
2.935571679551144,34.363832524392635
2.9352309398997263,34.31488144381991
2.934890279340252,34.26593036324711
2.934549697845187,34.216979282674316
2.9342091953870084,34.168731584532665
2.9338687719382075,34.12057719193246
2.933528427471288,34.61651236162449
2.9331881619587654,34.47418052326151
2.932847975373169,34.33184868489853
2.932507867687041,34.18951684653555
2.9321678388729358,34.047185008172775
2.9318278889034195,34.04488107342793
2.931488017751073,34.04562414247191
2.9311482253884886,34.04636721151589
2.9308085117882716,34.04711028055988
2.9304688769230403,34.04775624010223
2.930129320765425,34.04835808124194
2.9297898432880696,34.048959922381655
2.9294504444636296,34.049561763521375
2.9291111242647743,34.060302613134084
2.928771882664184,34.08294815091469
2.9284327196345545,34.10559368869529
2.928093635148591,34.1282392264759
2.9277546291790135,34.144782631618874
2.9274157016985543,34.143249223350324
2.9270768526799573,34.141715815081774
2.9267380820959805,34.14018240681321
2.9263993899193927,34.13864899854466
2.9260607761229767,34.13711559027611
2.9257222406795282,34.13442549230365
2.9253837835618537,34.12526434183936
2.9250454047427747,34.116103191375075
2.924707104195123,34.10694204091078
2.9243688818917444,34.09778089044648
2.9240307378054964,34.09554569656713
2.92369267190925,34.11126598707206
2.9233546841758877,34.12698627757699
2.923016774578305,34.14270656808193
2.9226789430894105,34.158426858586864
2.922341189682124,34.174147149091795
2.9220035143293797,34.189867439596725
2.921665917004122,34.205587730101655
2.9213283976793103,34.221308020606564
2.9209909563279144,34.23700826142033
2.920653592922917,34.255807100005526
2.9203163074373144,34.27511504870536
2.9199790998441144,34.294422997405206
2.9196419701163374,34.31373094610504
2.919304918227017,34.333038894804886
2.9189679441491982,34.34514312506583
2.9186310478559383,34.35141843232523
2.9182942293203085,34.35769373958463
2.9179574885153907,34.36396904684403
2.917620825414281,34.370244354103434
2.917284239990086,34.376519661362835
2.9169477322159265,34.39022230124072
2.9166113020649345,34.41656185786617
2.916274949510255,34.455512753797436
2.915938674525045,34.49446364972867
2.9156024770824738,34.533414545659944
2.9152663571557236,34.57236544159122
2.914930314717988,34.611316337522496
2.914594349742475,34.65026723345377
2.914258462202403,34.68921812938504
2.9139226520710024,34.729956737405274
2.9135869193215185,34.77321707515175
2.913251263927206,34.81647741289826
2.912915685861334,34.859737750644776
2.912580185097182,34.90299808839129
2.9122447616080445,34.62323589381467
2.9119094153672256,34.68798139190652
2.9115741463480433,34.751746123875094
2.9112389545238275,34.81551085584367
2.91090383986792,34.879275587812245
2.910568802353676,34.943040319780735
2.9102338419544607,35.00680505174932
2.909898958643654,35.07056978371789
2.909564152394647,35.13433451568647
2.9092294231808427,35.196588283004004
2.908894770975657,35.219067161167935
2.9085601957525182,35.24085785205595
2.908225697484866,35.26264854294395
2.9078912761461524,35.284439233831975
2.907556931709842,35.29879365907764
2.907222664149412,35.2939304753656
2.906888473438351,35.28906729165355
2.90655435955016,35.284204107941505
2.9062203224583527,35.276871958737964
2.905886362136454,35.267682912459264
2.905552478558002,35.25849386618056
2.9052186716965465,35.249304819901866
2.904884941525649,35.24096828162848
2.904551288018884,35.24987502340192
2.9042177111498377,35.258356272071595
2.9038842108921084,35.24241666252781
2.9035507872193063,35.22647705298403
2.9032174401050543,35.210537443440245
2.9028841695229874,35.17978120589452
2.9025509754467516,35.145624532348435
2.902217857850007,35.11146785880235
2.9018848167064233,35.077311185256264
2.901551851989684,35.04315451171018
2.901218963673485,35.00899783816409
2.9008861517315334,34.97484116461801
2.9005534161375475,34.93883483079138
2.90022075686526,34.90183030619981
2.8998881738884137,34.8648257816083
2.8995556671807634,34.827821257016744
2.8992232367160775,34.790816732425185
2.898890882468135,34.75174467205842
2.898558604410728,34.70814834007568
2.89822640251766,34.66455200809294
2.8978942767627456,34.6209556761102
2.897562227119814,34.584900297022
2.897230253562703,34.55777059441786
2.896898356065265,34.53657099578854
2.8965665346013636,34.5153713971592
2.8962347891448745,34.49417179852988
2.8959031196696845,34.472972199900546
2.895571526149694,34.451772601271216
2.895240008558813,34.48667121997363
2.894908566870966,34.530643162498876
2.8945772010600885,34.574615105024066
2.8942459111001266,34.61858704754931
2.89391469696504,34.66250943106906
2.8935835586287997,34.71201488670746
2.8932524960653883,34.7621699788868
2.892921509248801,34.81232507106614
2.892590598153045,34.86248016324549
2.892259762752139,34.91263525542479
2.891929003020112,34.96279034760414
2.891598318931008,35.01294543978348
2.8912677104588806,35.06310053196283
2.890937177577796,35.10029698646753
2.8906067202618324,35.1232803018125
2.8902763384850796,35.14626361715748
2.8899460322216397,35.16924693250246
2.8896158014456255,35.192230247847434
2.889285646131163,35.21521356319241
2.888955566252389,35.23819687853738
2.8886255617834524,35.2402931260646
2.8882956326985143,35.236900065777675
2.8879657789717474,35.23350700549076
2.887636000577336,35.23011394520384
2.8873062974894763,35.226720884916915
2.886976669682377,35.223327824630005
2.8866471171302566,35.21993476434308
2.886317639807347,35.21654170405616
2.8859882376878923,35.22191709820212
2.8856589107461468,35.235514347038134
2.8853296589563775,35.24886083942333
2.885000482292863,35.253731445878
2.8846713807298943,35.25860205233267
2.884342354241772,35.263472658787336
2.884013402802811,35.268343265241995
2.8836845263873365,35.27321387169667
2.883355724969685,35.26489867975884
2.883026998524206,35.253954293185934
2.8826983470252605,35.243009906613025
2.88236977044722,35.23206552004012
2.8820412687644685,35.221121133467214
2.8817128419514026,35.21017674689429
2.881384489982428,35.20647303625455
2.881056212831965,35.27415605759946
2.8807280104744435,35.34385802055989
2.880399882884306,35.413559983520315
2.880071830036006,35.43401238875418
2.87974385190401,35.399540487377095
2.8794159484627944,35.36506858600002
2.879088119686848,35.33059668462294
2.878760365550672,35.29612478324589
2.8784326860287774,35.261331960774
2.8781050810956885,35.22251067304094
2.87777755072594,35.159231407625356
2.877450094894079,35.09502239582218
2.877122713574664,35.030813384019
2.876795406742265,34.96660437221581
2.876468174371464,34.9023953604127
2.876141016436853,34.83818634860952
2.875813932913037,34.778080232127365
2.8754869237746323,34.725078272656155
2.875159988996267,34.672076313184945
2.8748331285525803,34.61907435371373
2.8745063424182233,34.543297104242086
2.8741796305678573,34.43017794528161
2.873852992976157,34.31885123482745
2.8735264296178085,34.2163979272206
2.8731999404675075,34.18133639463909
2.872873525499962,34.15693144511832
2.872547184689893,34.13252649559755
2.8722209180120317,34.10812154607679
2.8718947254411207,34.08462313355169
2.871568606951914,34.06154705002679
2.8712425625191784,33.99190825755892
2.8709165921176902,33.92226946509095
2.870590695722238,33.85263067262297
2.8702648733076224,33.782991880154995
2.869939124848655,33.713353087687025
2.8696134503201587,33.66056481680381
2.8692878496969683,33.61871235110471
2.8689623229539287,33.57685988540561
2.868636870065898,33.53500741970652
2.8683114910077454,33.486033956358824
2.8679861857543494,33.4279842810789
2.8676609542806024,33.369934605798974
2.8673357965614077,33.31188493051904
2.8670107125716786,33.25383525523911
2.8666857022863415,33.21309275355215
2.8663607656803327,33.17676278146775
2.8660359027286018,33.140787796596
2.865711113406107,33.104812811724216
2.8653863976878196,33.06883782685243
2.865061755548723,33.03286284198064
2.86473718696381,32.996887857108845
2.864412691908086,32.96091287223706
2.8640882703565675,32.924937887365274
2.8637639222842823,32.88896290249349
2.863439647666269,32.831173139553215
2.8631154464775785,32.76347388957757
2.862791318693272,32.69577463960184
2.8624672642884224,32.62246461377396
2.862143283238114,32.545745245204735
2.861819375517442,32.47625030340477
2.861495541101514,32.43885113123439
2.861171779965447,32.428333644101095
2.860848092084371,32.41781615696783
2.8605244774334264,32.407298669834546
2.8602009359877645,32.396781182701254
2.8598774677225487,32.38626369556797
2.859554072612953,32.37574620843468
2.8592307506341634,32.36522872130139
2.8589075017613763,32.3547112341681
2.858584325969799,32.34419374703481
2.8582612232346523,32.333090441321836
2.857938193531165,32.321369313510075
2.857615236834579,32.30876524722217
2.857292353120147,32.29374202446136
2.8569695423631334,32.27871880170055
2.8566468045388125,32.26874511525432
2.856324139622471,32.26953856759516
2.8560015475894063,32.28840375888884
2.855679028414927,32.30726895018252
2.8553565820743527,32.326134141476196
2.8550342085430143,32.34499933276987
2.8547119077962537,32.363864524063544
2.854389679809424,32.38272971535722
2.8540675245578897,32.4015949066509
2.853745442017026,32.42046009794458
2.85342343216222,32.34357394185615
2.8531014949688682,32.34602314124033
2.852779630412381,32.348472340624525
2.852457838468176,32.338740094824935
2.8521361191116856,32.31742468855413
2.851814472318351,32.296109282283325
2.8514928980636265,32.27479387601251
2.851171396322975,32.25347846974171
2.8508499670718717,32.2321630634709
2.850528610285804,32.21642945868099
2.850207325940268,32.20522842191106
2.8498861140107725,32.19402738514112
2.8495649744728366,32.18282634837118
2.8492439073019913,32.17162531160125
2.8489229124737774,32.1604242748313
2.8486019899637482,32.14922323806137
2.848281139747466,32.15036601449884
2.8479603618005065,32.1543069654792
2.847639656098455,32.16557577436325
2.847319022616907,32.176844583247295
2.846998461331471,32.18811339213134
2.846677972217765,32.19938220101538
2.8463575552514184,32.21065100989942
2.846037210408072,32.22191981878347
2.8457169376633766,32.232600247012094
2.845396736992995,32.24235683459701
2.8450766083726005,32.25211342218192
2.844756551777877,32.261870009766824
2.8444365671845198,32.27162659735173
2.844116654568235,32.28138318493664
2.8437968139047394,32.29113977252154
2.8434770451697617,32.30089636010645
2.84315734833904,32.31065294769135
2.8428377233883246,32.32040953527626
2.8425181702933764,32.33016612286117
2.842198689029966,32.33992271044608
2.8418792795738765,32.356607082392216
2.841559941900901,32.377274487095974
2.8412406759868443,32.39796369090029
2.8409214818075212,32.41865289470461
2.8406023593387575,32.43934209850893
2.8402833085563906,32.460031302313254
2.839964329436267,32.48072050611757
2.839645421954246,32.50002107912337
2.8393265860861976,32.516069123994214
2.839007821808001,32.53211716886506
2.8386891290955476,32.545302101023175
2.8383705079247394,32.53784216592849
2.8380519582714894,32.530382230833794
2.83773348011172,32.522922295739114
2.8374150734213677,32.51546236064443
2.837096738176375,32.50800242554974
2.836778474352699,32.50054249045505
2.8364602819263065,32.49308255536036
2.836142160873175,32.48562262026567
2.8358241111692926,32.477532983809525
2.835506132790658,32.469487837459546
2.835188225713282,32.46186149844196
2.834870389913184,32.45423515942437
2.8345526253663955,32.44660882040679
2.834234932048959,32.438982481389196
2.833917309936927,32.43226699044527
2.8335997590063626,32.43003200467902
2.833282279233341,32.42779701891276
2.8329648705939467,32.42556203314651
2.832647533064275,32.42332704738026
2.8323302666204335,32.42109206161402
2.8320130712385376,32.41885707584777
2.8316959468947163,32.41662209008152
2.831378893565107,32.41438710431526
2.83106191122586,32.41215211854902
2.830744999853135,32.40991713278276
2.8304281594231018,32.44033447770554
2.8301113899119423,32.3800431240934
2.829794691295848,32.31975177048116
2.8294780635510213,32.38385185092696
2.8291615066536755,32.39202953536935
2.828845020580034,32.40020721981175
2.828528605306332,32.40838490425415
2.8282122608088143,32.416562588696536
2.827895987063736,32.42474027313894
2.8275797840473644,32.43291795758133
2.827263651735976,32.441095642023726
2.826947590105858,32.44927332646613
2.8266315991333086,32.45745101090852
2.8263156787946366,32.459835625993
2.825999829066162,32.45977465380166
2.8256840499242135,32.459713681610324
2.8253683413451323,32.45965270941898
2.82505270330527,32.45959173722764
2.824737135780987,32.459530765036305
2.8244216387486563,32.45946979284496
2.8241062121846605,32.45940882065362
2.8237908560653926,32.45934784846228
2.8234755703672567,32.45928687627094
2.8231603550666673,32.4592259040796
2.822845210140049,32.45916493188825
2.822530135563837,32.45910395969692
2.8222151313144783,32.45904298750558
2.821900197368428,32.45898201531424
2.821585333702154,32.45799323832342
2.8212705402921334,32.45228437856631
2.820955817114854,32.44409708057036
2.820641164146815,32.43182705309255
2.820326581364524,32.419557025614736
2.8200120687445023,32.40728699813694
2.8196976262632782,32.393463440847206
2.8193832538973926,32.370942146636
2.819068951623396,32.34842085242479
2.818754719417851,32.32589955821358
2.8184405572573272,32.30337826400236
2.818126465118408,32.28085696979115
2.8178124429776865,32.259353071668244
2.8174984908117646,32.23856159314024
2.8171846085972567,32.21777011461225
2.816870796310786,32.19697863608425
2.816557053928987,32.17618715755626
2.816243381428505,32.15539567902826
2.8159297787859936,32.1354358818553
2.81561624597812,32.11815314927477
2.815302782981559,32.100870416694235
2.8149893897729976,32.08358768411372
2.814676066329132,32.06630495153319
2.814362812626669,32.04902221895266
2.814049628642327,32.020496135691026
2.8137365143528323,31.986132402469547
2.8134234697349245,31.951768669248075
2.813110494765351,31.9174049360266
2.8127975894208714,31.86832881089368
2.812484753678254,31.79522577162638
2.81217198751428,31.722122732359168
2.811859290905737,31.649019693091873
2.811546663829426,31.575916653824574
2.811234106262158,31.50281361455728
2.8109216181807533,31.662223867185816
2.810609199562043,31.623023461663436
2.8102968503828683,31.583823056141057
2.809984570620082,31.544622650618713
2.8096723602505445,31.502899367367817
2.8093602192511287,31.45381282376158
2.809048147598717,31.40472628015535
2.808736145270202,31.355639736549122
2.808424212242488,31.30655319294289
2.808112348492487,31.257466649336653
2.8078005539971223,31.20838010573042
2.807488828733329,31.158778954936917
2.8071771726780503,31.106855750276637
2.8068655858082407,31.054932545616317
2.8065540681008647,31.003009340955998
2.8062426195328967,30.94723613085925
2.805931240081322,30.88557190030709
2.8056199297231363,30.823907669754938
2.805308688435344,30.762243439202784
2.8049975161949616,30.70057920865068
2.8046864129790143,30.63871112017597
2.804375378764538,30.527938722958286
2.804064413528579,30.428250286830423
2.803753517248194,30.35749419751778
2.8034426899004488,30.312202197831596
2.803131931462421,30.266910198145407
2.8028212419111966,30.221618198459222
2.802510621223873,30.176326198773033
2.802200069377558,30.131034199086876
2.801889586349368,30.08574219940069
2.80157917211643,30.040450199714506
2.8012688266558827,29.99515820002832
2.8009585499448733,29.949866200342132
2.8006483419605597,29.906136065714854
2.8003382026801096,29.86458155206519
2.800028132080702,29.80258177838764
2.799718130139524,29.684981621544107
2.7994081968337743,29.567381464700574
2.799098332140661,29.53105566839225
2.798788536037403,29.51549541522028
2.798478808501228,29.499935162048303
2.7981691495093757,29.484374908876326
2.7978595590390944,29.468814655704353
2.797550037067643,29.45325440253238
2.79724058357229,29.437694149360418
2.7969311985303142,29.42213389618844
2.7966218819190045,29.40657364301647
2.7963126337156603,29.391013389844495
2.7960034538975904,29.35623056080805
2.795694342442114,29.300802697505546
2.79538529932656,29.245374834203034
2.7950763245282677,29.18994697090057
2.794767418024586,29.134519107598067
2.7944585797928734,29.079091244295554
2.7941498098105004,29.02450692162241
2.793841108054845,28.973824861873737
2.793532474503297,28.92314280212507
2.7932239091332556,28.872460742376404
2.792915411922129,28.821778682627734
2.7926069828473374,28.771096622879064
2.79229862188631,28.72182277428206
2.7919903290164845,28.688234191237136
2.791682104215311,28.645668086093128
2.7913739474602473,28.602234233418432
2.7910658587287633,28.558800380743733
2.790757837998338,28.515366528069038
2.7904498852464594,28.471932675394342
2.7901420004506274,28.45921256355552
2.7898341835883493,28.45397525028543
2.789526434637144,28.46220841443689
2.7892187535745405,28.480589948225546
2.7889111403780773,28.4989714820142
2.788603595025302,28.517353015802854
2.7882961174937733,28.53573454959151
2.787988707761059,28.554116083380165
2.7876813658047377,28.571810129886376
2.787374091602397,28.59162297405622
2.787066885131634,28.612663035447326
2.7867597463700573,28.63370309683843
2.7864526752952843,28.654743158229536
2.7861456718849418,28.67578321962064
2.785838736116667,28.683666671523014
2.7855318679681083,28.688876789442222
2.7852250674169214,28.69408690736141
2.784918334440773,28.699297025280615
2.7846116690173406,28.704507143199827
2.78430507112431,28.70971726111904
2.7839985407393777,28.714927379038244
2.7836920778402496,28.71336112307432
2.7833856824046417,28.711086560954726
2.78307935441028,28.708811998835134
2.7827730938349,28.70653743671554
2.782466900656247,28.704262874595933
2.7821607748520756,28.701988312476338
2.7818547164001513,28.699713750356743
2.7815487252782485,28.697439188237148
2.7812428014641517,28.695164626117553
2.780936944935655,28.692355027176788
2.780631155670563,28.778059292592136
2.7803254336466896,28.74608259446429
2.780019778841857,28.714105896336456
2.7797141912338996,28.68212919820862
2.77940867080066,28.650152500080786
2.7791032175199915,28.63863803115712
2.7787978313697557,28.649890332586878
2.7784925123278255,28.661142634016635
2.778187260372083,28.672394935446395
2.777882075480419,28.65356222401521
2.7775769576307363,28.633345404680068
2.777271906800945,28.61312858534489
2.776966922968965,28.612348965096878
2.7766620061127285,28.612315617539334
2.7763571562101754,28.61228226998179
2.7760523732392546,28.612248922424243
2.7757476571779263,28.6122155748667
2.7754430080041605,28.612182227309155
2.7751384256959346,28.60909363252874
2.7748339102312376,28.601377928556076
2.7745294615880685,28.59366222458342
2.774225079744434,28.588963196985027
2.773920764678353,28.585715320300082
2.7736165163678517,28.581346403461634
2.773312334790967,28.575124001019027
2.773008219925746,28.568901598576424
2.7727041717502443,28.56702302548485
2.7724001902425273,28.58538699912102
2.7720962753806706,28.603750972757183
2.771792427142759,28.622114946393353
2.7714886455068877,28.640478920029516
2.77118493045116,28.658842893665685
2.77088128195369,28.677681204212536
2.770577699992601,28.687285972163252
2.770274184546026,28.695858239378254
2.7699707355921075,28.704430506593255
2.7696673531089973,28.713002773808256
2.769364037074857,28.721575041023257
2.7690607874678586,28.73014730823826
2.768757604266182,28.73871957545326
2.7684544874480177,28.74729184266826
2.7681514369915656,28.755864109883266
2.767848452875036,28.764436377098264
2.7675455350766462,28.773008644313265
2.7672426835746258,28.781580911528266
2.766939898347213,28.796945095634662
2.7666371793726543,28.82489481117844
2.7663345266292074,28.85428411555169
2.7660319400951394,28.88367341992494
2.765729419748726,28.912820592192276
2.7654269655682517,28.94034460729808
2.765124577532013,28.966463960801118
2.764822255618314,28.981206873590843
2.7645199998054686,28.995949786380567
2.7642178100718007,29.010692699170292
2.763915686395643,29.025435611960017
2.763613628755338,29.04017852474974
2.7633116371292377,29.054921437539463
2.763009711495704,29.069664350329177
2.762707851833107,29.084407263118898
2.7624060581198275,29.099150175908623
2.762104330334255,29.112673692540554
2.7618026684547887,29.12698221787508
2.7615010724598377,29.14129074320961
2.7611995423278195,29.155599268544137
2.7608980780371626,29.169907793878647
2.760596679566303,29.184216319213174
2.7602953468936864,29.198524844547702
2.75999407999777,29.21283336988223
2.7596928788570185,29.227141895216754
2.759391743449906,29.249738972984147
2.759090673754917,29.286875457575956
2.758789669750544,29.324011942167765
2.758488731415291,29.36114842675957
2.7581878587276694,29.39828491135134
2.7578870516662004,29.435421395943152
2.757586310209415,29.472557880534957
2.7572856343358536,29.50969436512677
2.7569850240240656,29.546830849718575
2.7566844792526104,29.583967334310383
2.7563840000000557,29.62921893412061
2.7560835862449795,29.67641895789221
2.755783237965968,29.723618981663854
2.7554829551416185,29.770819005435502
2.7551827377505353,29.818019029207143
2.754882585771335,29.83469899245077
2.7545824991826406,29.849415813614858
2.754282477963086,29.86413263477894
2.7539825220913143,29.878849455943026
2.7536826315459773,29.893566277107112
2.753382806305737,30.16475329467184
2.7530830463492637,30.145359181260325
2.752783351655238,30.125965067848817
2.752483722202348,30.10657095443731
2.7521841579692934,30.07333092333468
2.7518846589347814,30.039851922134538
2.75158522507753,30.0063729209344
2.7512858563762657,29.972893919734247
2.750986552809723,29.933517890021953
2.7506873143566475,29.89022601882398
2.750388140995793,29.846934147626005
2.7500890327059233,29.80364227642803
2.7497899894658113,29.760350405230053
2.7494910112542383,29.716609665073616
2.7491920980499955,29.67128413191695
2.748893249831884,29.628594467017912
2.7485944665787123,29.618746457457213
2.7482957482692996,29.608898447896514
2.7479970948824737,29.599050438335816
2.747698506397072,29.589202428775117
2.747399982791941,29.579354419214415
2.7471015240459353,29.569506409653716
2.7468031301379208,29.559658400093017
2.7465048010467714,29.549810390532315
2.7462065367513695,29.539962380971616
2.7459083372306075,29.523122106300477
2.7456102024633866,29.50618687594904
2.745312132428618,29.490656935143832
2.7450141271052217,29.477158614360892
2.7447161864721257,29.46366029357796
2.7444183105082685,29.450161972795023
2.7441204991925976,29.436663652012086
2.743822752504069,29.423165331229157
2.743525070421648,29.40966701044622
2.7432274529243097,29.396168689663284
2.742929899991037,29.382670368880348
2.7426324116008236,29.36917204809741
2.7423349877326713,29.355673727314475
2.7420376283655905,29.349204601346855
2.7417403334786026,29.362473177010447
2.7414431030507354,29.375741752674067
2.741145937061028,29.38901032833769
2.7408488354885274,29.402278904001314
2.740551798312291,29.41554747966493
2.7402548255113834,29.428816055328554
2.7399579170648805,29.442084630992177
2.7396610729518645,29.455353206655797
2.7393642931514295,29.459961689748646
2.7390675776426767,29.46048641035292
2.738770926404717,29.461011130957207
2.738474339416671,29.461535851561493
2.7381778166576667,29.45242415214019
2.7378813581068426,29.41495748652421
2.737584963743346,29.37749082090823
2.737288633546333,29.34002415529225
2.736992367494969,29.30255748967626
2.736696165568427,29.267228511641857
2.736400027745891,29.262325786391223
2.7361039540065533,29.257423061140592
2.7358079443296144,29.252520335889958
2.7355119986942853,29.247617610639324
2.735216117079785,29.242714885388693
2.7349202994653408,29.237812160138063
2.734624545830191,29.232909434887425
2.7343288561535815,29.22800670963678
2.7340332304147665,29.22310398438615
2.733737668593011,29.218276556583618
2.7334421706675873,29.21383930132108
2.7331467366177784,29.209402046058543
2.7328513664228744,29.204964790796005
2.7325560600621754,29.200527535533467
2.732260817514991,29.16580670891703
2.7319656387606375,29.12941198539656
2.731670523778443,29.09301726187609
2.7313754725477426,29.05662253835562
2.7310804850478805,29.020227814835145
2.730785561258211,28.983833091314676
2.730490701158096,28.947438367794206
2.7301959047269073,28.910725354326043
2.7299011719440247,28.87328458203053
2.7296065027888377,28.835843809735046
2.729311897240744,28.79840303743953
2.729017355279151,28.784743344692206
2.7287228768834737,28.7792589152376
2.728428462033137,28.773774485783
2.728134110707576,28.768290056328397
2.727839822886231,28.762805626873796
2.7275455985485553,28.757321197419223
2.7272514376740076,28.949518663661877
2.7269573402420577,28.835887663190046
2.726663306232183,28.722256662718216
2.726369335623871,28.60862566224638
2.7260754283966167,28.583924195632026
2.7257815845299245,28.63558534923245
2.725487804003308,28.69980794300755
2.72519408679629,28.7040756511634
2.7249004328884006,28.665793514281994
2.724606842259179,28.62751137740055
2.724313314888175,28.589229240519103
2.7240198507549453,28.550947103637654
2.7237264498390563,28.512664966756212
2.723433112120083,28.474382829874763
2.7231398375776092,28.428699733745283
2.722846626191228,28.381756344228464
2.7225534779405396,28.334812954711595
2.722260392805155,28.287869565194725
2.721967370764693,28.240926175677856
2.7216744117987814,28.19498032450411
2.7213815158870567,28.149604555081567
2.721088683009164,28.10038337205596
2.720795913144757,28.05116218903035
2.7205032062734995,28.001941006004742
2.7202105623750623,27.952719822979187
2.7199179814291257,27.90349863995358
2.7196254634153787,27.854277456927974
2.719333008313519,27.805056273902366
2.7190406161032534,27.792493222892556
2.718748286764297,27.8201416716963
2.7184560202763737,27.84779012050005
2.718163816619216,27.876492330383343
2.717871675772565,27.907858904180163
2.717579597716172,27.90442573044608
2.717287582429794,27.90099255671199
2.7169956298931996,27.897559382977906
2.716703740086165,27.894126209243822
2.7164119129884745,27.890693035509734
2.7161201485799222,27.88504115746945
2.7158284468403098,27.878964906268614
2.715536807749449,27.872888655067825
2.7152452312871587,27.866812403866994
2.7149537174332665,27.860736152666156
2.7146622661676107,27.854659901465325
2.714370877470036,27.848583650264494
2.714079551320397,27.84250739906366
2.713788287698556,27.83643114786283
2.7134970865843857,27.830354896662037
2.713205947957765,27.820909822217615
2.7129148717985827,27.794730542887574
2.712623858086737,27.761973235790762
2.7123329068021333,27.72569201917623
2.7120420179246865,27.689410802561696
2.7117511914343195,27.65312958594716
2.7114604273109646,27.635211046627322
2.7111697255345626,27.626460372681336
2.710879086085062,27.617709698735382
2.7105885089424206,27.608959024789392
2.7102979940866043,27.580320185201284
2.7100075414975886,27.529363570461292
2.7097171511553566,27.481736278794145
2.7094268230399003,27.44233431363743
2.7091365571312207,27.402932348480718
2.7088463534093266,27.36353038332402
2.7085562118542357,27.324128418167305
2.7082661324459743,27.28472645301059
2.707976115164577,27.261363780809333
2.7076861599900877,27.252433324710694
2.7073962669025584,27.243502868612055
2.7071064358820487,27.234572412513415
2.7068166669086287,27.225389847440027
2.706526959962375,27.215566126027177
2.706237315023375,27.20574240461434
2.705947732071722,27.202687309516378
2.7056582110875196,27.200293986758844
2.7053687520508793,27.19790066400131
2.705079354941921,27.195507341243776
2.7047900197407744,27.19928126056938
2.7045007464275757,27.208368204170846
2.704211534982471,27.21745514777232
2.703922385385614,27.226542091373787
2.7036332976171678,27.235629034975254
2.703344271657303,27.225809891316587
2.703055307486199,27.21255778934571
2.7027664050840454,27.19930568737484
2.702477564431037,27.18605358540396
2.7021887855073796,27.172801483433087
2.7019000682932863,27.159549381462213
2.70161141276898,27.14629727949134
2.7013228189146896,27.133045177520465
2.7010342867106547,27.06902532633717
2.7007458161371223,26.972607967129775
2.7004574071743486,26.87619060792238
2.700169059802597,26.77977324871498
2.6998807740021404,26.683355889507588
2.6995925497532607,26.589148808146263
2.6993043870362454,26.55489612273312
2.6990162858313935,26.524623902678833
2.698728246119011,26.494351682624554
2.6984402678794126,26.464079462570268
2.6981523510929213,26.433807242515986
2.6978644957398683,26.40838188079617
2.6975767018005934,26.38340377900991
2.697288969255445,26.358425677223643
2.6970012980847806,26.33344757543737
2.6967136882689635,26.31254941653164
2.6964261397883678,26.30921713967271
2.6961386526233753,26.312655120811918
2.695851226754376,26.316093101951118
2.695563862161768,26.319531083090325
2.6952765588259586,26.322969064229532
2.694989316727363,26.326407045368708
2.6947021358464043,26.324190446442664
2.6944150161635148,26.31253798623012
2.6941279576591337,26.300885526017574
2.6938409603137106,26.28923306580503
2.693554024107702,26.277773630612245
2.6932671490215725,26.267449793936883
2.6929803350357964,26.257125957261522
2.692693582130855,26.24680212058616
2.692406890287239,26.23647828391079
2.6921202594854465,26.226154447235427
2.691833689705984,26.21583061056006
2.691547180929366,26.2055067738847
2.6912607331361174,26.188167536012973
2.6909743463067683,26.157248158074715
2.6906880204218595,26.126328780136458
2.6904017554619393,26.09540940219819
2.6901155514075636,26.064490024259932
2.689829408239297,26.03357064632167
2.689543325937713,26.002651268383417
2.6892573044833927,25.992544698828194
2.6889713438569256,25.989373742957966
2.688685444038909,25.98620278708773
2.68839960500995,25.983031831217502
2.688113826750662,25.979860875347267
2.6878281092416683,25.976802887171367
2.6875424524635987,25.995665214485758
2.6872568563970924,26.01452754180015
2.686971321022797,26.033389869114536
2.6866858463213683,26.052252196428924
2.686400432273469,26.071516210417922
2.686115078859771,26.091220346476348
2.685829786060956,26.121914203199793
2.6855445538577105,26.156232998905327
2.685259382230732,26.19055179461086
2.684974271160724,26.224870590316392
2.6846892206284005,26.252626685415535
2.6844042306144824,26.265649630295066
2.6841193010996993,26.27520830265283
2.6838344320647876,26.28476697501059
2.6835496234904936,26.294325647368353
2.6832648753575716,26.303884319726105
2.6829801876467827,26.31344299208387
2.682695560338897,26.323001664441634
2.6824109934146936,26.332560336799396
2.682126486854958,26.34211900915716
2.6818420406404853,26.35052726957538
2.681557654752078,26.356343823808253
2.681273329170548,26.362160378041114
2.680989063876713,26.367976932273987
2.6807048588514,26.37379348650686
2.6804207140754457,26.379610040739728
2.6801366295296924,26.3854265949726
2.6798526051949922,26.391243149205476
2.679568641052204,26.397059703438348
2.6792847370821966,26.40287625767122
2.6790008932658447,26.408692811904093
2.6787171095840336,26.41450936613695
2.678433386017654,26.420325920369823
2.678149722547607,26.426142474602695
2.6778661191548,26.431959028835568
2.6775825758201504,26.294376148173466
2.677299092524582,26.321858346818487
2.6770156692490272,26.349340545463512
2.676732305974427,26.376822744108487
2.67644900268173,26.404304942753512
2.6761657593518917,26.431787141398534
2.6758825759658786,26.459269340043555
2.6755994525046622,26.48675153868858
2.6753163889492244,26.52208996088721
2.6750333852805532,26.55529857938336
2.6747504414796466,26.58776486040582
2.6744675575275085,26.62023114142828
2.674184733405153,26.648328737451973
2.6739019690936,26.65701102109258
2.673619264573879,26.665855619243054
2.673336619827028,26.67470021739353
2.6730540348340908,26.683544815544003
2.6727715095761213,26.692389413694478
2.6724890440341804,26.701234011844953
2.672206638189338,26.705057431811532
2.6719242920226702,26.705697262893676
2.6716420055152623,26.70633709397582
2.671359778648208,26.70697692505796
2.6710776114026085,26.707616756140105
2.670795503759572,26.708256587222245
2.6705134557002164,26.708896418304388
2.670231467205667,26.70953624938653
2.6699495382570557,26.712172492940155
2.6696676688355248,26.719234576283732
2.6693858589222224,26.749417468069833
2.669104108498306,26.794691238864853
2.66882241754494,26.839965009659874
2.6685407860432977,26.88523878045489
2.6682592139745593,26.936773273032742
2.667977701319914,26.988417437178796
2.667696248060559,27.0400616013248
2.667414854177698,26.93363356215273
2.6671335196525434,26.960513154774247
2.666852244466316,26.98739274739576
2.6665710286002446,27.014272340017275
2.666289872035565,27.04115193263879
2.6660087747535215,27.068031525260306
2.665727736735366,27.09491111788182
2.6654467579623593,27.121790710503333
2.665165838415769,27.14867030312483
2.66488497807687,27.175549895746343
2.664604176926947,27.202429488367862
2.664323434947291,27.229309080989374
2.6640427521192023,27.14651491520143
2.6637621284239876,27.17358827215342
2.663481563842962,27.20066162910541
2.6632010583574495,27.227734986057378
2.6629206119487803,27.25480834300937
2.662640224598293,27.27951743859407
2.662359896287335,27.295995020460907
2.66207962699726,27.312472602327748
2.6617994167094317,27.32895018419459
2.6615192654052193,27.345427766061427
2.661239173066001,27.361905347928264
2.6609591396731633,27.378382929795105
2.6606791652080997,27.39486051166194
2.6603992496522113,27.411338093528776
2.660119392986908,27.427815675395617
2.6598395951936067,27.44429325726246
2.6595598562537326,27.460770839129296
2.6592801761487186,27.477248420996133
2.6590005548600057,27.512164093515025
2.6587209923690422,27.60585952905337
2.6584414886572842,27.699554964591712
2.6581620437061955,27.793250400130063
2.6578826574972485,27.886945835668413
2.657603330011923,27.98064127120676
2.657324061231706,28.093585421086473
2.6570448511380924,28.18230154627929
2.656765699712586,28.27101767147211
2.6564866069366975,28.359733796664926
2.656207572791945,28.448449921857694
2.655928597259855,28.534257327246593
2.655649680321962,28.610541639015906
2.655370821959807,28.682097661377384
2.6550920221549394,28.736761756359968
2.6548132808889178,28.79142585134255
2.6545345981433064,28.84608994632513
2.6542559738996787,28.900754041307675
2.653977408139614,28.955418136290255
2.6536989008447014,29.010082231272836
2.653420451996537,29.064746326255417
2.6531420615767245,29.119410421238
2.652863729566875,29.17407451622058
2.6525854559486075,29.23036555193206
2.6523072407035495,29.29005314208854
2.6520290838133356,29.345893591398443
2.6517509852596075,29.400896576295413
2.6514729450240155,29.455899561192425
2.6511949630882174,29.510902546089433
2.650917039433878,29.565905530986445
2.6506391740426714,29.626622693602517
2.650361366896277,29.691649453261796
2.6500836179763847,29.75667621292107
2.6498059272646897,29.82170297258028
2.6495282947428955,29.865198629129573
2.6492507203927143,29.90650797164427
2.6489732041958645,29.91559203212207
2.648695746134073,29.924676092599867
2.648418346189075,29.933760153077664
2.648141004342612,29.94284421355546
2.6478637205764333,29.951928274033257
2.647586494872297,29.961012334511057
2.6473093272119677,29.97009639498883
2.647032217577218,29.97918045546663
2.646755165949828,29.98826451594443
2.6464781723115856,29.997348576422226
2.646201236644287,30.006432636900023
2.6459243589297343,30.01551669737782
2.645647539149739,30.024600757855616
2.6453707772861197,30.03368481833339
2.6450940733207013,30.04276887881119
2.6448174272353184,30.051852939288988
2.6445408390118113,30.0434848002104
2.6442643086320294,29.977835646840617
2.643987836077829,29.912186493470834
2.6437114213310733,29.89314677352587
2.6434350643736346,29.929312151939264
2.6431587651873922,29.965477530352658
2.642882523754232,29.985232280969576
2.642606340056049,29.997638550414074
2.642330214074744,30.01004481985857
2.6420541457922275,30.02245108930307
2.6417781351904157,30.03485735874757
2.6415021822512332,30.047263628192066
2.6412262869566123,30.059669897636564
2.6409504492884928,30.072076167081036
2.640674669228821,30.084482436525533
2.6403989467595523,30.09688870597003
2.6401232818626488,30.10929497541453
2.63984767452008,30.12170124485903
2.639572124713823,30.153824906034195
2.639296632425863,30.19209931186723
2.6390211976381925,30.230373717700264
2.6387458203328107,30.2686481235333
2.6384705004917257,30.306922529366275
2.638195238096952,30.34519693519931
2.6379200331305115,30.383471341032344
2.6376448855744346,30.393917143363417
2.637369795410758,30.397455969181514
2.637094762621528,30.400994794999608
2.6368197871887955,30.404533620817702
2.636544869094621,30.408072446635785
2.6362700083210715,30.411611272453882
2.635995204850222,30.415150098271976
2.6357204586641543,30.41868892409007
2.6354457697449587,30.422227749908167
2.6351711380747322,30.425766575726264
2.6348965636355794,30.429305401544354
2.6346220464096124,30.431813185917672
2.6343475863789507,30.43091782555791
2.634073183525722,30.430022465198128
2.6337988378320594,30.429127104838365
2.633524549280106,30.4282317444786
2.6332503178520104,30.42733638411883
2.6329761435299295,30.426441023759068
2.632702026296028,30.4255456633993
2.632427966132477,30.424650303039535
2.632153963021456,30.423696596032954
2.6318800169451513,30.420975958738122
2.6316061278857563,30.418255321443286
2.631332295825473,30.415534684148454
2.63105852074651,30.41281404685362
2.6307848026310823,30.41009340955879
2.630511141461415,30.407372772263955
2.630237537219738,30.41597600354149
2.6299639898882905,30.42717042397132
2.6296904994493175,30.438185150001402
2.6294170658850717,30.40652092330009
2.6291436891778144,30.374856696598776
2.628870369309813,30.386616168148336
2.6285971062633426,30.36515872209954
2.628323900020686,30.343701276050744
2.628050750564133,30.32224383000195
2.6277776578759813,30.300786383953177
2.627504621938535,30.279328937904385
2.627231642734106,30.25787149185559
2.626958720245014,30.23641404580679
2.626685854453586,30.214956599757997
2.6264130453421553,30.193499153709197
2.626140292893064,30.172041707660405
2.6258675970886602,30.150584261611606
2.6255949579113005,30.129126815562813
2.6253223753433486,30.107669369514046
2.6250498493671737,30.08621192346525
2.6247773799651553,30.06475447741645
2.6245049671196776,30.132163408133728
2.624232610813134,30.047933358764112
2.6239603110279246,29.96370330939449
2.623688067746456,30.045105288471976
2.6234158809511436,30.013484242701857
2.623143750624408,29.997899762178104
2.6228716767486797,29.987004976580565
2.622599659306394,29.97611019098302
2.6223276982799955,29.965215405385486
2.622055793651935,29.954320619787943
2.62178394540467,29.9397471069897
2.621512153520667,29.898507436704506
2.6212404179823983,29.857267766419305
2.620968738772345,29.81602809613415
2.620697115872993,29.774788425848953
2.6204255492668374,29.733548755563756
2.6201540389363807,29.69230908527856
2.619882584864131,29.6410170447381
2.6196111870326058,29.585992817675876
2.6193398454243275,29.541738172495794
2.6190685600218284,29.50023710864282
2.618797330807645,29.45873604478983
2.6185261577643235,29.417234980936833
2.6182550408744167,29.375733917083842
2.6179839801204836,29.334232853230848
2.617712975485092,29.292731789377854
2.6174420269508154,29.276566590666697
2.6171711345002353,29.26143145757894
2.616900298115941,29.246296324491187
2.616629517780528,29.224303621789808
2.616358793476599,29.172507376326376
2.6160881251867645,29.120711130862944
2.615817512893642,29.068914885399515
2.615546956579856,29.01711863993608
2.6152764562280386,28.96532239447265
2.6150060118208285,28.94017207404888
2.6147356233408723,28.917756111964394
2.6144652907708226,28.895340149879917
2.6141950140933403,28.83371877275351
2.6139247932910936,28.76426053616959
2.6136546283467568,28.69480229958567
2.6133845192430116,28.625344063001755
2.6131144659625485,28.555885826417835
2.6128444684880625,28.471039564211203
2.6125745268022578,28.373359231145606
2.612304640887845,28.275678898080095
2.6120348107275415,28.177998565014498
2.6117650363040723,28.081145556863603
2.61149531760017,27.993352662248455
2.6112256545985733,27.905559767633306
2.6109560472820283,27.83336946896072
2.610686495633289,27.783901971492497
2.6104169996351163,27.73443447402432
2.6101475592702768,27.684966976556098
2.609878174521546,27.64072843726929
2.6096088453717052,27.60662412961115
2.6093395718035444,27.57251982195301
2.6090703537998587,27.53841551429487
2.6088011913434523,27.50431120663673
2.608532084417135,27.47020689897859
2.6082630330037238,27.43610259132045
2.607994037086044,27.401998283662348
2.6077250966469268,27.370107852459995
2.6074562116692106,27.362570336871855
2.6071873821357414,27.355032821283714
2.6069186080293725,27.347495305695574
2.606649889332963,27.339957790107437
2.60638122602938,27.318202944275512
2.606112618101498,27.288220175375557
2.6058440655321973,27.258237406475597
2.605575568304366,27.22825463757564
2.6053071264009007,27.198271868675683
2.6050387398047024,27.177056003829065
2.60477040849868,27.166687591760482
2.604502132465751,27.157720659610675
2.604233911688838,27.157919008996494
2.6039657461508714,27.158117358382317
2.6036976358347896,27.158315707768125
2.6034295807235353,27.158514057153944
2.6031615808000614,27.15871240653977
2.6028936360473254,27.15891075592559
2.6026257464482936,27.159109105311412
2.602357911985938,27.159307454697235
2.602090132643238,27.159505804083054
2.601822408403181,27.159704153468866
2.6015547392487597,27.167455580804127
2.601287125162975,27.17608623008855
2.6010195661288336,27.180872355396197
2.600752062129351,27.178243356147476
2.600484613147548,27.175614356898755
2.600217219166454,27.17298535765003
2.599949880169104,27.170356358401307
2.5996825961385395,27.167727359152586
2.5994153670578117,27.165098359903865
2.5991481929099756,27.16246936065514
2.5988810736780947,27.160210481354127
2.5986140093452397,27.15790280450905
2.5983469998944875,27.15559512766397
2.5980800453089223,27.153287450818894
2.597813145571636,27.15097977397382
2.597546300665726,27.148672097128745
2.5972795105742974,27.121672415590567
2.5970127752804624,27.08932721679433
2.5967460947673398,27.056982017998088
2.5964794690180555,27.023481803882454
2.596212898015742,26.989160301195856
2.59594638174354,26.95483879850926
2.595679920184595,26.920517295822663
2.595413513322061,26.886768460774235
2.595147161139099,26.853603534644744
2.5948808636188754,26.820438608515246
2.594614620744565,26.787273682385752
2.5943484324993493,26.754108756256258
2.594082298866416,26.720943830126764
2.59381621982896,26.690215148845056
2.593550195370183,26.65983053813532
2.5932842254732953,26.629445927425586
2.5930183101215105,26.599061316715854
2.5927524492980525,26.568676706006123
2.59248664298615,26.53829209529639
2.59222089116904,26.507907484586656
2.5919551938299654,26.47752287387692
2.591689550952176,26.44713826316719
2.591423962518929,26.41675365245746
2.591158428513488,26.367057288679824
2.590892948919124,26.21376071917772
2.590627523719114,26.060464149675617
2.5903621528967427,25.92824502824678
2.590096836435301,25.89512929491378
2.589831574318087,25.86201356158078
2.5895663665284063,25.82889782824778
2.5893012130495694,25.795782094914777
2.5890361138648963,25.768305282393307
2.588771068957711,25.750993536397424
2.5885060783113465,25.733681790401544
2.5882411419091413,25.71637004440566
2.587976259734442,25.69905829840978
2.5877114317706007,25.681746552413898
2.5874466580009767,25.664434806418015
2.5871819384089374,25.64525434994476
2.5869172729778547,25.62146136381758
2.5866526616911094,25.596215892416787
2.5863881045320873,25.570970421016014
2.5861236014841826,25.54572494961524
2.5858591525307952,25.520479478214465
2.585594757655332,25.49520609213078
2.585330416841208,25.45847185669115
2.585066130071843,25.421737621251523
2.5848018973306646,25.38500338581189
2.5845377186011067,25.32206731653863
2.58427359386661,25.178892752694296
2.5840095231106233,25.035718188849962
2.5837455063166006,24.892543625005626
2.583481543468003,24.874609372816465
2.5832176345482987,24.861322555579672
2.5829537795409623,24.845997246923634
2.582689978429476,24.830671938267592
2.5824262311973274,24.81534662961155
2.5821625378280113,24.80002132095551
2.58189889830503,24.78469601229947
2.5816353126118923,24.769370703643432
2.5813717807321126,24.75404539498739
2.581108302649213,24.738720086331348
2.5808448783467233,24.72339477767531
2.580581507808178,24.708069469019268
2.580318191017119,24.692744160363226
2.5800549279570957,24.677418851707188
2.5797917186116632,24.662093543051146
2.5795285629643843,24.63796906843437
2.5792654609988275,24.572290662507356
2.579002412698569,24.506242090528293
2.5787394180471908,24.439063382302184
2.578476477028282,24.371884674076075
2.578213589625439,24.30470596584997
2.5779507558222634,24.2486355307951
2.5776879756023643,24.21525003675311
2.5774252489493583,24.181864542711118
2.5771625758468675,24.148479048669127
2.5768999562785213,24.115093554627137
2.576637390227955,24.081708060585147
2.5763748776788122,24.048322566543156
2.5761124186147413,24.014937072501166
2.575850013019398,23.981551578459175
2.5755876608764448,23.94731379166039
2.5753253621695515,23.909697953970124
2.5750631168823936,23.872082116279856
2.574800924998654,23.834466278589588
2.574538786502021,23.79685044089932
2.5742767013761902,23.76165158757385
2.5740146696048654,23.726466474772913
2.5737526911717548,23.691281361971967
2.5734907660605737,23.65609624917102
2.5732288942550445,23.620911136370076
2.5729670757388967,23.60664706770607
2.572705310495865,23.609767375274508
2.5724435985096927,23.622405700652017
2.572181939764128,23.621792696745317
2.5719203342429258,23.62049361815265
2.5716587819298486,23.619194539559977
2.5713972828086646,23.617895460967304
2.57113583686315,23.616596382374638
2.570874444077085,23.615297303781965
2.5706131044342593,23.61399822518929
2.5703518179184677,23.612699146596626
2.5700905845135114,23.611400068003952
2.569829404203199,23.610100989411272
2.569568276971344,23.6088019108186
2.569307202801769,23.607502832225933
2.569046181678302,23.60620375363326
2.568785213584776,23.604904675040586
2.5685242985050336,23.61910294885942
2.5682634364229218,23.634973704414307
2.5680026273222953,23.65084445996916
2.5677418711870135,23.660765313600123
2.5674811680009446,23.663848239800544
2.567220517747962,23.666931166000964
2.5669599204119464,23.662672922672066
2.5666993759767847,23.655711371160578
2.56643888442637,23.648749819649083
2.5661784457446024,23.641788268137596
2.565918059915389,23.664508152297266
2.5656577269226424,23.687011773278986
2.565397446750282,23.709515394260723
2.565137219382234,23.732019015242464
2.564877044802431,23.754522636224202
2.5646169229948126,23.77702625720594
2.564356853943324,23.799529878187677
2.5640968376319173,23.822033499169414
2.563836874044552,23.844537120151138
2.563576963165192,23.861553904641603
2.5633171049778096,23.877544347834796
2.5630572994663834,23.893534791027985
2.562797546614897,23.90953205995067
2.562537846407343,23.92691420783318
2.562278198827718,23.944296355715686
2.5620186038600266,23.961678503598193
2.561759061488279,23.9790606514807
2.561499571696493,23.9964427993632
2.5612401344686915,24.01382494724571
2.5609807497889046,24.031207095128217
2.5607214176411692,24.048589243010724
2.560462138009528,24.070214216990674
2.5602029108780306,24.096468927769404
2.5599437362307333,24.12272363854813
2.559684614051698,24.148978349326843
2.559425544324993,24.164348973401584
2.5591665270346944,24.171540082260588
2.5589075621648836,24.17873119111959
2.5586486496996486,24.185922299978593
2.558389789623084,24.20722270093834
2.558130981919291,24.238836984090597
2.5578722265723774,24.270451267242855
2.5576135235664563,24.302065550395113
2.557354872885649,24.333679833547375
2.5570962745140813,24.365294116699637
2.556837728435887,24.396908399851892
2.5565792346352048,24.42852268300415
2.5563207930961815,24.46013696615641
2.5560624038029696,24.492028232943895
2.5558040667397273,24.55247731995257
2.5555457818906206,24.613014926375364
2.55528754923982,24.673552532798162
2.555029368771504,24.734090139220953
2.5547712404698575,24.79462774564375
2.554513164319071,24.855165352066546
2.554255140303341,24.893105834947647
2.553997168406872,24.922544025545417
2.5537392486138732,24.951982216143186
2.5534813809085617,24.98142040674096
2.55322356527516,25.010858597338725
2.5529658016978964,25.040296787936498
2.552708090161007,25.068776248920056
2.5524504306487334,25.077217052089615
2.552192823145324,25.085657855259175
2.551935267635033,25.094098658428738
2.5516777641021213,25.102539461598298
2.551420312530857,25.11098026476789
2.5511629129055122,25.119421067937445
2.5509055652103676,25.13791222180292
2.5506482694297095,25.18558124981198
2.5503910255478304,25.233250277821043
2.5501338335490287,25.2809193058301
2.5498766934176107,25.328588333839157
2.5496196051378877,25.376257361848218
2.549362568694177,25.419056397339915
2.5491055840708037,25.456647969382775
2.5488486512520976,25.494239541425628
2.5485917702223957,25.531831113468478
2.548334940966042,25.56897556499341
2.548078163467385,25.600110260244477
2.547821437710781,25.631244955495553
2.547564763680592,25.662379650746622
2.547308141361187,25.693514345997713
2.5470515707369397,25.72464904124879
2.5467950517922318,25.841246930123564
2.5465385845114503,25.995795988437457
2.546282168878989,26.15034504675135
2.546025804879248,26.304894105065245
2.5457694924966328,26.44279400680194
2.545513231715556,26.5733891743515
2.545257022520437,26.70398434190107
2.5450008648957003,26.002766651744324
2.5447447588257766,26.01626244464662
2.5444887042951043,26.02975823754892
2.544232701288127,26.043254030451216
2.5439767497892944,26.060699722829952
2.5437208497830635,26.078858643737
2.5434650012538955,26.097017564644048
2.5432092041862613,26.115176485551146
2.542953458564634,26.133335406458194
2.5426977643734956,26.151494327365242
2.542442121597334,26.169653248272294
2.542186530220642,26.18781216917934
2.541930990227921,26.205971090086393
2.5416755016036756,26.22413001099344
2.54142006433242,26.242288931900493
2.5411646783986717,26.26044785280754
2.5409093437869563,26.27535431908146
2.540654060481805,26.286003334283464
2.540398828467754,26.296652349485477
2.540143647729348,26.305344678036512
2.539888518251136,26.267213025354096
2.539633440017675,26.229081372671672
2.539378413013526,26.19094971998925
2.539123437223259,26.154214730429235
2.538868512631447,26.120584583652953
2.538613639222671,26.086954436876667
2.538358816981519,26.053324290100388
2.5381040458925828,26.019694143324106
2.537849325940463,25.986063996547824
2.5375946571097643,25.95243384977154
2.5373400393850987,25.91880370299526
2.537085472751084,25.885173556218977
2.5368309571923446,25.85574852290005
2.5365764926935097,25.838344199071862
2.536322079239217,25.820939875243674
2.536067716814108,25.80353555141549
2.5358134054028323,25.7861312275873
2.535559144990044,25.768726903759116
2.5353049355604047,25.751322579930928
2.5350507770985815,25.73391825610277
2.534796669589247,25.71651393227458
2.5345426130170816,25.699109608446395
2.5342886073667703,25.681705284618207
2.5340346526230046,25.676472612633145
2.5337807487704835,25.66693471133391
2.53352689579391,25.655620692210483
2.5332730936779946,25.644306673087065
2.533019342407454,25.63299265396364
2.5327656419670097,25.62167863484023
2.532511992341391,25.610364615716804
2.5322583935153316,25.59905059659338
2.532004845473573,25.587736577469958
2.531751348200862,25.576422558346536
2.531497901681951,25.565059927853675
2.5312445059016,25.55331343755735
2.530991160844574,25.541566947261032
2.530737866495643,25.529820456964703
2.530484622839586,25.518073966668375
2.5302314298611854,25.50632747637205
2.529978287545231,25.494580986075725
2.5297251958765186,25.482834495779397
2.5294721548398496,25.471088005483068
2.529219164420032,25.459341515186743
2.5289662246018803,25.453719330129324
2.5287133353702136,25.456134864334494
2.5284604967098576,25.45855039853966
2.5282077086056454,25.460965932744823
2.5279549710424147,25.463381466949986
2.5277022840050094,25.46579700115515
2.52744964747828,25.468212535360312
2.527197061447083,25.47062806956548
2.526944525896281,25.47304360377065
2.5266920408107416,25.4706379547075
2.52643960617534,25.457945434368924
2.5261872219749564,25.47084380539726
2.5259348881944774,25.483742176425594
2.5256826048187957,25.496640547453932
2.52543037183281,25.50953891848227
2.5251781892214242,25.522437289510606
2.52492605696955,25.535335660538944
2.5246739750621043,25.53729981827575
2.524421943484009,25.530807725026904
2.524169962220193,25.52431563177806
2.523918031255591,25.517823538529214
2.5236661505751443,25.51133144528037
2.5234143201637997,25.504839352031524
2.5231625400065094,25.498347258782676
2.522910810088233,25.491855165533863
2.5226591303939343,25.48536307228502
2.522407500908585,25.478870979036174
2.5221559216171614,25.47237888578733
2.5219043925046467,25.46588679253848
2.5216529135560295,25.759251088171887
2.521401484756305,25.605095193447497
2.521150106090473,25.444630966506217
2.520898777543541,25.28416673956494
2.520647499100522,25.2061008685809
2.520396270746434,25.187274677910047
2.5201450924663016,25.168448487239196
2.519893964245156,25.149622296568346
2.5196428860680338,25.130796105897495
2.519391857919977,25.111969915226645
2.5191408797860344,25.093143724555794
2.5188899516512615,25.07250442337302
2.518639073500717,25.031773049256373
2.518388245319468,24.99238887921069
2.5181374670925876,24.96395920201332
2.517886738805153,24.935529524815955
2.517636060442249,24.90709984761859
2.5173854319889655,24.878670170421223
2.5171348534303988,24.850240493223858
2.516884324751651,24.83343765185242
2.5166338459378306,24.82189549137192
2.51638341697405,24.810353330891395
2.5161330378454303,24.79881117041088
2.5158827085370965,24.787269009930355
2.5156324290341807,24.777869113277816
2.5153821993218206,24.77061513198852
2.5151320193851596,24.763361150699218
2.514881889209347,24.756107169409933
2.5146318087795376,24.748853188120634
2.5143817780808937,24.74159920683134
2.5141317970985813,24.734345225542036
2.513881865817774,24.72709124425274
2.5136319842236508,24.715437226475103
2.5133821523013964,24.69240720579696
2.5131323700362014,24.669377185118815
2.5128826374132625,24.647018619318175
2.512632954417782,24.62542044126082
2.512383321034968,24.60382226320346
2.5121337372500356,24.585603258130348
2.511884203048204,24.572201465848984
2.5116347184146997,24.55879967356762
2.5113852833347536,24.54539788128626
2.5111358977936047,24.5319960890049
2.510886561776496,24.518594296723542
2.510637275268677,24.505192504442178
2.5103880382554027,24.490906770008714
2.5101388507219347,24.475864401976544
2.509889712653539,24.460822033944375
2.50964062403549,24.44577966591221
2.509391584853065,24.430737297880036
2.509142595091549,24.41569492984787
2.508893654736233,24.4006525618157
2.5086447637724123,24.383780257018856
2.508395922185389,24.362092800426737
2.5081471299604714,24.35978775307769
2.5078983870829727,24.357482705728643
2.507649693538213,24.355177658379596
2.5074010493115173,24.35287261103055
2.507152454388217,24.3505675636815
2.506903908753649,24.34826251633249
2.506655412393156,24.34341106061213
2.506406965292086,24.337251794423977
2.5061585674357945,24.343122952553642
2.505910218809641,24.3547074440561
2.505661919398992,24.366291935558564
2.5054136691892186,24.377876427061025
2.5051654681656994,24.389460918563486
2.504917316313817,24.401045410065947
2.5046692136189614,24.412629901568422
2.5044211600665265,24.424214393070883
2.504173155641914,24.435798884573344
2.5039252003305297,24.447383376075805
2.5036772941177867,24.464294285657687
2.5034294369891024,24.481484482347888
2.503181628929901,24.495749663969164
2.502933869925613,24.51000112428278
2.5026861599616725,24.524252584596393
2.502438499023521,24.538504044910006
2.502190887096606,24.552755505223615
2.5019433241663793,24.567006965537228
2.5016958102183007,24.56615536704758
2.501448345237833,24.556882682946465
2.501200929210447,24.54760999884535
2.500953562121618,24.538337314744236
2.5007062439568286,24.529064630643127
2.5004589747015644,24.519791946542014
2.5002117543413194,24.510519262440898
2.4999645828615917,24.50124657833978
2.499717460247886,24.49197389423867
2.4994703864857124,24.482701210137556
2.4992233615605866,24.477549036075917
2.498976385458031,24.47372734290893
2.498729458163572,24.469905649741943
2.498482579662743,24.46417409350145
2.4982357499410823,24.451486822455255
2.497988968984135,24.438799551409062
2.497742236777451,24.440665747800498
2.4974955533065866,24.44565832824562
2.4972489185571027,24.450650908690747
2.497002332514567,24.44846035614583
2.496755795164553,24.440645418376807
2.4965093064926385,24.44438148199731
2.4962628664844084,24.450207881551975
2.4960164751254523,24.456034281106643
2.4957701324013666,24.46186068066131
2.4955238382977525,24.467687080215974
2.495277592800217,24.473513479770638
2.4950313958943733,24.479339879325295
2.4947852475658396,24.485166278879962
2.49453914780024,24.49099267843463
2.4942930965832044,24.496819077989294
2.4940470939003685,24.502645477543957
2.4938011397373736,24.508471877098625
2.493555234079866,24.514298276653292
2.4933093769134986,24.515321110004678
2.4930635682239295,24.513859382821572
2.492817807996823,24.512397655638452
2.492572096217848,24.510935928455343
2.4923264328726793,24.509474201272234
2.492080817946998,24.508012474089128
2.4918352514264908,24.569139164568433
2.4915897332968493,24.682775865867157
2.491344263543772,24.79641256716588
2.4910988421529616,24.842145427062178
2.4908534691101267,24.863823497390108
2.4906081444009827,24.887356307998765
2.4903628680112493,24.910889118607425
2.4901176399266522,24.934421929216086
2.489872460132924,24.957954739824743
2.4896273286158,24.9814875504334
2.4893822453610244,25.005020361042057
2.4891372103543445,25.028553171650714
2.4888922235815154,25.052085982259335
2.4886472850282955,25.075618792867992
2.4884023946804503,25.099151603476653
2.4881575525237505,25.122684414085313
2.4879127585439726,25.14621722469397
2.4876680127268984,25.178298764981506
2.4874233150583156,25.216607866598125
2.487178665524018,25.25491696821469
2.4869340641098026,25.293226069831313
2.4866895108014746,25.331535171447932
2.4864450055848444,25.36319119874098
2.4862005484457264,25.39482821567291
2.4859561393699425,25.42646523260484
2.485711778343319,25.458102249536772
2.485467465351688,25.4897392664687
2.485223200380888,25.505078739655282
2.4849789834167613,25.536452264445895
2.484734814445157,25.543424855141694
2.4844906934519297,25.550397445837497
2.4842466204229394,25.557370036533293
2.4840025953440517,25.564342627229095
2.4837586182011377,25.57131521792489
2.4835146889800743,25.578287808620694
2.483270807666744,25.58642212025335
2.483026974247033,25.604002712248526
2.4827831887068363,25.617980325745883
2.4825394510320518,25.63132172339236
2.482295761208584,25.64466312103884
2.482052119222343,25.658004518685317
2.4818085250592445,25.671345916331795
2.481564978705209,25.684687313978273
2.481321480146163,25.69802871162475
2.4810780293680392,25.711370109271215
2.4808346263567747,25.724711506917693
2.480591271098312,25.73805290456417
2.4803479635786,25.75139430221065
2.4801047037835935,25.763124255171387
2.479861491699251,25.77316957602704
2.4796183273115386,25.78321489688269
2.4793752106064266,25.793260217738336
2.479132141569891,25.80330553859399
2.4788891201879126,25.81335085944964
2.4786461464464797,25.823396180305288
2.4784032203315847,25.83344150116094
2.478160341829225,25.843486822016594
2.477917510925405,25.853532142872247
2.477674727606133,25.863577463727896
2.4774319918574244,25.873622784583546
2.4771893036652988,25.889106594788203
2.4769466630157813,25.906602252582843
2.4767040698949034,25.92409791037748
2.476461524288701,25.950479876370807
2.476219026183217,25.961280142724625
2.4759765755644976,25.972080409078444
2.4757341724185964,25.98288067543226
2.475491816731572,25.993680941786053
2.475249508489487,26.00448120813987
2.4750072476784117,26.01528147449369
2.4747650342844207,26.02608174084751
2.4745228682935934,26.046558606996978
2.474280749692016,26.07000290592901
2.474038678465779,26.093447204861036
2.4737966546009793,26.116891503793067
2.4735546780837185,26.140335802725097
2.473312748900105,26.16378010165709
2.47307086703625,26.187224400589116
2.4728290324782725,26.210668699521147
2.472587245212296,26.234112998453178
2.4723455052244496,26.257557297385205
2.4721038125008676,26.281001596317232
2.4718621670276906,26.304445895249266
2.4716205687910633,26.336790794493723
2.4713790177771364,26.379719314982236
2.4711375139720664,26.422647835470745
2.4708960573620145,26.465576355959257
2.470654647933148,26.227241705838164
2.470413285671639,26.249983225787
2.4701719705636656,26.272724745735836
2.4699307025954105,26.19076401141944
2.469689481753063,26.212695027854252
2.4694483080228165,26.234626044289065
2.4692071813908707,26.25655706072388
2.46896610184343,26.2784880771587
2.4687250693667044,26.30041909359351
2.4684840839469104,26.32235011002833
2.468243145570268,26.344281126463144
2.468002254223004,26.36621214289796
2.4677614098913496,26.38814315933277
2.4675206125615423,26.410074175767587
2.467279862219824,26.38434754206543
2.4670391588524425,26.334036275271316
2.4667985024456516,26.283725008477205
2.4665578929857097,26.218876420114345
2.46631733045888,26.152462726072784
2.4660768148514323,26.08604903203122
2.465836346149641,26.019635337989655
2.465595924339786,25.993400972128775
2.465355549408153,25.983795520701374
2.4651152213410317,25.97419006927398
2.464874940124719,25.964584617846583
2.4646347057455156,25.954979166419186
2.4643945181897284,25.94537371499179
2.46415437744367,25.93576826356439
2.463914283493657,25.91181352316625
2.463674236326012,25.887746406776365
2.463434235927063,25.863679290386486
2.463194282283144,25.839612173996606
2.462954375380593,25.82212831741234
2.4627145152057546,25.80639545073268
2.462474701744977,25.790662584053027
2.462234934984616,25.77492971737337
2.4619952149110307,25.759196850693716
2.461755541510587,25.743463984014063
2.461515914769655,25.727731117334404
2.4612763346746105,25.713698143993287
2.4610368012118347,25.702946696391034
2.460797314367714,25.692195248788778
2.4605578741286407,25.681443801186525
2.460318480481011,25.667888977715204
2.460079133411228,25.652013622778377
2.4598398329056987,25.64521247439933
2.4596005789508366,25.656362542908237
2.4593613715330593,25.66751261141715
2.4591222106387907,25.678662679926056
2.458883096254459,25.689812748434967
2.4586440283664994,25.70096281694388
2.4584050069613506,25.71211288545279
2.4581660320254564,25.7232629539617
2.457927103545268,25.73320863289778
2.4576882215072398,25.742483166236987
2.4574493858978324,25.751757699576196
2.457210596703511,25.7610322329154
2.4569718539107472,25.770306766254606
2.4567331575060165,25.779581299593815
2.456494507475801,25.792095409267823
2.4562559038065874,25.811082835564164
2.4560173464848667,25.8300702618605
2.455778835497137,25.84905768815683
2.4555403708299,25.86804511445316
2.4553019524696644,25.887032540749495
2.455063580402942,25.90601996704583
2.4548252546162517,25.92500391921058
2.4545869750961167,25.940859931946683
2.4543487418290653,25.95671594468278
2.4541105548016318,25.972571957418893
2.453872414000355,25.988427970154994
2.453634319411779,25.995455081180605
2.4533962710224535,25.9825201644974
2.453158268818933,25.968875610350697
2.452920312787778,25.954143948723242
2.4526824029155536,25.939412287095784
2.4524445391888303,25.924680625468344
2.4522067215941825,25.90994896384089
2.451968950118192,25.89521730221343
2.451731224747445,25.880485640585974
2.4514935454685323,25.865753978958516
2.4512559122680497,25.85102231733106
2.4510183251326,25.831224734869224
2.450780784048789,25.79551141908474
2.4505432890032295,25.76638134415256
2.450305839982538,25.740487503431517
2.450068436973337,25.714593662710463
2.4498310799622542,25.688699821989417
2.449593768935922,25.66280598126837
2.449356503880979,25.636912140547317
2.4491192847840675,25.61101829982627
2.4488821116318364,25.58512445910522
2.448644984410939,25.567501274289455
2.448407903108033,25.57358930452491
2.448170867709783,25.579677334760362
2.4479338782028575,25.579711567873765
2.4476969345739312,25.57657835786273
2.447460036809683,25.573445147851693
2.4472231848967967,25.570311937840657
2.446986378821963,25.56717872782962
2.4467496185718756,25.564045517818585
2.446512904133235,25.561054766537893
2.4462762354927463,25.568139793739057
2.4460396126371187,25.57522482094022
2.445803035553068,25.582309848141385
2.4455665042273154,25.58939487534255
2.445330018646585,25.596479902543713
2.4450935787976085,25.603564929744877
2.444857184667122,25.61064995694604
2.4446208362418655,25.617734984147205
2.444384533508585,25.642609498821283
2.4441482764540328,25.895634763129614
2.4439120650649646,26.148660027437952
2.4436758993281416,26.401685291746286
2.4434397792303306,26.65471055605462
2.4432037047583033,26.907735820362955
2.442967675898837,27.1663346939973
2.442731692638713,27.427691484957332
2.442495754964718,26.02871238751201
2.4422598628636445,26.12472694378151
2.4420240163222897,26.220741500051012
2.441788215327456,26.316756056320514
2.441552459865951,26.412770612590016
2.441316749924586,26.508785168859514
2.4410810854901808,26.604799725129006
2.440845466549556,26.700814281398507
2.4406098930895403,26.79682883766801
2.4403743650969663,26.89284339393751
2.440138882558672,26.988857950207013
2.4399034454615003,27.084872506476515
2.4396680537922997,27.180887062746017
2.4394327075379234,27.300858286708674
2.4391974066852287,27.42139767877168
2.4389621512210806,27.541937070834642
2.4387269411323453,27.662476462897644
2.438491776405898,27.783015854960645
2.4382566570286164,27.903555247023647
2.438021582987384,28.02409463908665
2.43778655426909,28.129940271916645
2.437551570860628,28.16138749142435
2.4373166327488964,28.173373632953947
2.437081739920799,28.18535977448356
2.4368468923632443,28.19734591601317
2.436612090063147,28.209332057542785
2.4363773330074254,28.2213181990724
2.4361426211830035,28.23330434060201
2.4359079545768108,28.245290482131622
2.4356733331757807,28.257276623661237
2.4354387569668523,28.269262765190852
2.4352042259369706,28.281248906720442
2.434969740073084,28.293235048250057
2.4347352993621465,28.305221189779672
2.4345009037911174,28.323653022704644
2.4342665533469607,28.344490713489044
2.4340322480166465,28.36532840427345
2.4337979877871483,28.386166095057852
2.4335637726454453,28.40700378584222
2.4333296025785223,28.427841476626625
2.4330954775733677,28.44867916741103
2.4328613976169766,28.461432187052374
2.4326273626963477,28.47284382986579
2.432393372798486,28.48425547267921
2.4321594279104,28.49566711549263
2.4319255280191046,28.50707875830605
2.4316916731116183,28.51849040111947
2.4314578631749666,28.52990204393287
2.4312240981961777,28.541313686746292
2.430990378162286,28.550903092279665
2.4307567030603305,28.55048626603849
2.430523072877356,28.550069439797316
2.430289487600412,28.547625909222376
2.4300559472165517,28.541786223966334
2.4298224517128353,28.535946538710274
2.4295890010763257,28.530106853454228
2.429355595294093,28.524267168198183
2.42912223435321,28.518427482942137
2.4288889182407574,28.51258779768609
2.428655646943818,28.506748112430046
2.4284224204494818,28.500908427174
2.4281892387448414,28.495068741917954
2.427956101816996,28.48922905666191
2.4277230096530507,28.48338937140585
2.427489962240113,28.477549686149803
2.4272569595652964,28.471710000893758
2.4270240016157203,28.465870315637712
2.426791088378508,28.460030630381667
2.4265582198407887,28.45419094512562
2.4263253959896947,28.448351259869575
2.4260926168123658,28.44251157461352
2.425859882295944,28.436671889357473
2.4256271924275783,28.415542027444175
2.425394547194422,28.386599796680933
2.425161946583633,28.357657565917695
2.4249293905823746,28.328715335154456
2.424696879177815,28.299773104391214
2.4244644123571266,28.270830873627972
2.4242319901074874,28.241888642864733
2.4239996124160808,28.21294659798786
2.4237672792700935,28.185904229625166
2.4235349906567185,28.158861861262473
2.4233027465631536,28.13181949289978
2.4230705469766005,28.104777124537087
2.4228383918842673,28.07773475617439
2.4226062812733655,28.050692387811694
2.4223742151311134,28.023650019448993
2.422142193444732,28.18274871731268
2.4219102162014474,28.18322364618598
2.421678283388493,28.183698575059278
2.4214463949931053,28.184173503932577
2.421214551002525,28.184648432805876
2.420982751403999,28.185123361679175
2.4207509961847786,28.185598290552473
2.4205192853321202,28.186073219425772
2.4202876188332856,28.18654814829906
2.420055996675539,28.18702307717236
2.4198244188461526,28.187498006045658
2.4195928853324014,28.187972934918957
2.419361396121567,28.188447863792256
2.4191299512009334,28.188922792665554
2.4188985505577922,28.189397721538853
2.418667194179439,28.18987265041214
2.418435882053172,28.190347579285444
2.418204614166297,28.008421583978468
2.4179733905061243,28.054459126604733
2.4177422110599682,28.100496669231003
2.4175110758151477,28.09879092377819
2.417279984758988,28.08359381507892
2.417048937878817,28.068396706379644
2.41681793516197,28.05319959768037
2.4165869765957857,28.038002488981107
2.4163560621676066,28.02280538028183
2.4161251918647824,28.007608271582555
2.415894365674666,27.99241116288328
2.4156635835846156,27.977214054184007
2.4154328455819947,27.96886335082317
2.4152021516541704,27.962273367558133
2.414971501788516,27.95568338429311
2.414740895972409,27.94909340102808
2.414510334193231,27.942503417763042
2.4142798164383694,27.93592230389108
2.4140493426952165,27.929430463684085
2.413818912951169,27.922359882365487
2.4135885271936286,27.914712370048164
2.4133581854100012,27.90706485773084
2.4131278875876983,27.899417345413518
2.4128976337141363,27.891769833096205
2.4126674237767354,27.884122320778886
2.4124372577629214,27.87647480846156
2.4122071356601245,27.873047759198457
2.4119770574557804,27.873078672517572
2.4117470231373286,27.872002343398464
2.4115170326922137,27.806154073210806
2.411287086107887,27.74030580302325
2.4110571833718,27.67445753283559
2.410827324471414,27.6411370657354
2.4105975093941923,27.638193623915708
2.4103677381276034,27.635250182096016
2.410138010659121,27.632306740276324
2.4099083269762236,27.62936329845663
2.4096786870663935,27.626419856636943
2.409449090917119,27.62347641481725
2.4092195385158934,27.620532972997573
2.4089900298502127,27.617589531177885
2.4087605649075794,27.609646151124416
2.4085311436755004,27.598822890238516
2.408301766141488,27.587999629352616
2.408072432293057,27.57717636846672
2.40784314211773,27.566353107580824
2.407613895603033,27.555529846694938
2.4073846927364957,27.544706585809042
2.407155533505654,27.533883324923146
2.406926417898047,27.523060064037246
2.4066973459012213,27.512236803151346
2.406468317502725,27.50141354226545
2.4062393326901135,27.490590281379554
2.406010391450945,27.479767020493654
2.405781493772784,27.468943759607754
2.4055526396431994,27.45663631461368
2.405323829049763,27.435993212299344
2.405095061980054,27.415350109985006
2.4048663384216553,27.385508926589115
2.4046376583621534,27.333519402906187
2.4044090217891414,27.28152987922326
2.4041804286902155,27.229540355540333
2.4039518790529777,27.177550831857467
2.4037233728650342,27.12344817316285
2.403494910113996,27.06892823377889
2.4032664907874786,27.014408294394933
2.403038114873103,26.959888355010975
2.4028097823584944,26.905368415627013
2.402581493231282,26.85084847624305
2.402353247479101,26.7672327403749
2.40212504508959,26.61301916734211
2.401896886050394,26.45880559430951
2.401668770349161,26.37909884590534
2.401440697973544,26.328379866256647
2.4012126689112017,26.276129621801132
2.400984683149796,26.223879377345618
2.400756740676995,26.171629132890097
2.400528841480471,26.119378888434582
2.4003009855479003,26.067128643979117
2.4000731728669646,26.014878399523603
2.3998454034253496,25.96571519144323
2.3996176772107463,25.941934543999963
2.3993899942108503,25.91815389655669
2.3991623544133613,25.89437324911342
2.3989347578059848,25.870592601670147
2.39870720437643,25.8262306257598
2.398479694112411,25.774870380049812
2.3982522270016466,25.72351013433984
2.3980248030318605,25.672149888629853
2.3977974221907803,25.620789642919867
2.3975700844661385,25.569429397209884
2.397342789845674,25.5180691514999
2.397115538317127,25.473000349155917
2.3968883298682453,25.448991586655303
2.3966611644867806,25.424982824154704
2.396434042160488,25.39782393058119
2.3962069628771285,25.36773950675981
2.3959799266244675,25.337655082938433
2.3957529333902747,25.307570659117054
2.3955259831623246,25.27748623529568
2.3952990759283965,25.247401811474305
2.3950722116762746,25.217317387652926
2.3948453903937468,25.186100890726586
2.394618612068607,25.14030989791565
2.3943918766886516,25.094518905104696
2.394165184241684,25.048727912293742
2.39393853471551,25.002936919482785
2.393711928097942,24.957145926671828
2.3934853643767964,24.91135493386087
2.3932588435398934,24.86489640035959
2.3930323655750585,24.810419386086398
2.392805930470122,24.761437209038153
2.392579538212918,24.712455031989904
2.392353188791286,24.66347285494166
2.3921268821930695,24.614490677893414
2.3919006184061176,24.57748110297878
2.391674397418283,24.543175162405227
2.3914482192174225,24.508869221831677
2.391222083791399,24.474563281258124
2.39099599112808,24.440257340684592
2.3907699412153356,24.405951400111043
2.390543934041042,24.37164545953749
2.39031796959308,24.337339518963937
2.390092047859335,24.303033578390384
2.389866168827696,24.268727637816834
2.389640332486058,24.234421697243285
2.3894145388223196,24.20189927969001
2.389188787824384,24.175884842398226
2.388963079480159,24.14987040510644
2.388737413777558,24.090906762286366
2.388511790704497,23.99757922097403
2.3882862102488986,23.90425167966169
2.388060672398689,23.810977585235253
2.3878351771417985,23.79234826921917
2.387609724466163,23.776193630692603
2.387384314359722,23.760038992166027
2.38715894681042,23.743884353639462
2.386933621806207,23.727729715112893
2.3867083393350352,23.71157507658633
2.386483099384863,23.695420438059763
2.386257901943654,23.679265799533198
2.386032746999375,23.663111161006633
2.3858076345399972,23.64695652248006
2.3855825645534976,23.63080188395349
2.385357537027857,23.614647245426927
2.3851325519510596,23.598492606900358
2.384907609311097,23.582337968373796
2.3846827090959626,23.566183329847227
2.3844578512936554,23.54363745787536
2.3842330358921795,23.520740649956895
2.3840082628795423,23.49784384203843
2.383783532243757,23.474947034119968
2.38355884397284,23.43705617726909
2.3833341980548126,23.390654730686414
2.383109594477702,23.344253284103743
2.382885033229538,23.29785183752107
2.382660514298356,23.251450390938395
2.3824360376721954,23.205048944355724
2.3822116033391008,23.158647497773053
2.3819872112871203,23.112246051190382
2.381762861504307,23.093947778476178
2.381538553978719,23.085344045624026
2.3813142886984178,23.076740312771875
2.381090065651471,23.068583072930366
2.380865884825949,23.065388000638837
2.3806417462099274,23.062192928347308
2.3804176497914864,23.05899785605578
2.380193595558711,23.055802783764243
2.37996958349969,23.052607711472717
2.3797456136025166,23.049412639181185
2.3795216858552894,23.045825861573547
2.3792978002461105,23.036197029979213
2.3790739567630874,23.026568198384876
2.378850155394331,23.01693936679054
2.3786263961279577,23.006977150336688
2.378402678952088,22.996458369939685
2.378179003854846,22.98593958954268
2.377955370824362,22.975420809145675
2.377731779848769,22.964902028748668
2.377508230916206,22.954383248351665
2.377284724014815,22.94386446795466
2.3770612591327445,22.933862617787334
2.3768378362581446,22.92501867416522
2.3766144553791726,22.916174730543105
2.3763911164839886,22.907330786920987
2.376167819560757,22.898486843298873
2.3759445645976482,22.890603519552997
2.375721351582836,22.882898619347202
2.3754981805044983,22.875193719141407
2.375275051350818,22.867488818935612
2.375051964109983,22.859783918729818
2.3748289187701843,22.85207901852402
2.3746059153196177,22.84437411831822
2.3743829537464847,22.836669218112426
2.3741600340389892,22.82896431790663
2.3739371561853413,22.821259417700837
2.3737143201737547,22.813552476569875
2.373491525992448,22.80787293527799
2.373268773629643,22.80340989553055
2.3730460630735677,22.7989468557831
2.372823394312453,22.794483816035658
2.372600767334535,22.790020776288216
2.3723781821280543,22.785557736540774
2.3721556386812552,22.781094696793332
2.371933136982387,22.77663165704589
2.3717106770197036,22.772168617298448
2.371488258781463,22.769199894234696
2.371265882255927,22.76820758319702
2.371043547431363,22.767215272159348
2.370821254296042,22.766222961121677
2.3705990028382393,22.765230650084007
2.370376793046235,22.764238339046337
2.370154624908314,22.76324602800866
2.3699324984127643,22.76225371697099
2.36971041354788,22.76126140593332
2.3694883703019576,22.76026909489564
2.3692663686632995,22.765764478688087
2.3690444086202125,22.78537235217294
2.368822490161006,22.804980225657786
2.3686006132739963,22.824588099142638
2.3683787779475027,22.84419597262749
2.3681569841698487,22.86046396362834
2.3679352319293625,22.870924335298795
2.3677135212143767,22.901881620308743
2.367491852013228,23.004135913557555
2.3672702243142587,23.10639020680637
2.3670486381058136,23.201803574786965
2.3668270933762425,23.220661264745804
2.3666055901139007,23.239518954704643
2.3663841283071463,23.25837664466348
2.366162707944343,23.277234334622314
2.3659413290138573,23.296092024581107
2.365719991504062,23.315171210915125
2.365498695403333,23.33427057090422
2.36527744070005,23.35336993089331
2.3650562273825995,23.372469290882407
2.3648350554393693,23.3915686508715
2.3646139248587534,23.41066801086059
2.3643928356291504,23.429767370849635
2.364171787738961,23.44936883310926
2.363950781176593,23.47111931261655
2.363729815930457,23.49286979212384
2.363508891988969,23.515898435865825
2.363288009340547,23.540622712093835
2.363067167973616,23.565346988321846
2.3628463678766036,23.590071264549856
2.3626256090379427,23.61479554077787
2.362404891446071,23.639519817005826
2.362184215089428,23.66424409323384
2.3619635799564604,23.688968369461847
2.3617429860356176,23.70153512071024
2.361522433315354,23.695496388439125
2.361301921784128,23.690365232340156
2.361081451430402,23.68523407624119
2.360861022242644,23.680102920142225
2.3606406342093242,23.674971764043256
2.360420287318919,23.669840607944295
2.360199981559908,23.664709451845326
2.359979716920776,23.65957829574636
2.359759493390011,23.654447139647395
2.3595393109561065,23.64931598354843
2.3593191696075593,23.644184827449465
2.359099069332871,23.639121726473242
2.3588790101205475,23.63505224902496
2.3586589919590986,23.630982771576676
2.3584390148370384,23.632265921665013
2.358219078742886,23.63380404179362
2.3579991836651644,23.635342161922225
2.3577793295924,23.636880282050832
2.357559516513125,23.63841840217944
2.3573397444158752,23.660753222651763
2.3571200132891903,23.6851572018194
2.3569003231216143,23.71176653279494
2.356680673901696,23.743411037826817
2.3564610656179887,23.775055542858688
2.356241498259049,23.806700047890562
2.3560219718134383,23.838344552922436
2.3558024862697224,23.869989057954314
2.355583041616471,23.901633562986184
2.355363637842258,23.93327806801804
2.355144274935663,23.96492257304991
2.3549249528852667,23.99656707808179
2.3547056716796573,24.028211583113663
2.354486431307426,24.059856088145537
2.3542672317571673,24.09150059317741
2.354048073017482,24.124389691034935
2.3538289550769735,24.15761420145144
2.35360987792425,24.190794683567205
2.353390841547923,24.220673909406088
2.35317184593661,24.250553135244978
2.352952891078932,24.28043236108386
2.352733976963514,24.310311586922744
2.352515103578985,24.34019081276163
2.3522962709139783,24.370070038600517
2.352077478957132,24.3999492644394
2.351858727697089,24.405973016819637
2.351640017122494,24.391436557667042
2.351421347221998,24.369751585124057
2.351202717984256,24.346372648160965
2.3509841293979266,24.322993711197867
2.350765581451673,24.299614774234776
2.3505470741341625,24.276235837271685
2.3503286074340672,24.252856900308636
2.350110181340062,24.23688942765341
2.349891795840827,24.222962247668082
2.3496734509250468,24.206216508456116
2.349455146581409,24.189470769244146
2.349236882798607,24.172725030032183
2.3490186595653375,24.155979290820213
2.348800476870301,24.13923355160825
2.348582334702203,24.122487812396283
2.348364233049753,24.105742073184338
2.348146171901664,24.088996333972368
2.347928151246654,24.072250594760405
2.3477101710734454,24.055504855548435
2.347492231370764,24.038759116336472
2.3472743321273395,24.0220133771245
2.3470564733319073,24.00526763791254
2.3468386549732063,23.98852189870059
2.346620877039978,23.986348392687443
2.346403139520971,23.985341076735736
2.3461854424049355,23.98433376078403
2.345967785680627,23.983326444832322
2.3457501693368057,23.98231912888061
2.3455325933622344,23.981311812928908
2.345315057745682,23.9803044969772
2.3450975624759196,23.979297181025494
2.3448801075417243,23.97828986507377
2.344662692931876,23.980284919428634
2.344445318635159,23.984869932934792
2.3442279846403626,23.989454946440954
2.3440106909362797,23.994039959947116
2.3437934375117067,23.998624973453275
2.343576224355445,24.003209986959433
2.343359051456301,24.007795000465578
2.3431419188030826,24.01238001397174
2.342924826384604,24.034757277695753
2.3427077741896833,24.057858768846433
2.342490762207142,24.080960259997113
2.342273790425806,24.104061751147796
2.3420568588345065,24.127163242298472
2.341839967422077,24.150264733449156
2.341623116177356,24.162273251200375
2.3414063050891865,24.132573546012523
2.341189534146415,24.092446333901037
2.340972803337892,24.04956531677346
2.340756112652473,24.006684299645883
2.340539462079017,23.963803282518306
2.340322851606387,23.98323451894608
2.340106281223451,23.964201415046183
2.33988975091908,23.945168311146325
2.3396732606821495,23.926135207246432
2.3394568105015394,23.90710210334654
2.339240400366134,23.888068999446645
2.33902403026482,23.871256570251294
2.3388077001864906,23.85728732526422
2.338591410120042,23.843318080277147
2.3383751600543734,23.829348835290073
2.3381589499783906,23.815379590303003
2.337942779881001,23.80141034531595
2.3377266497511178,23.787441100328877
2.337510559577657,23.773471855341803
2.33729450934954,23.759502610354733
2.3370784990556914,23.74553336536766
2.3368625286850406,23.731564120380586
2.3366465982265203,23.717594875393512
2.336430707669068,23.703625630406467
2.336214857001624,23.689656385419394
2.3359990462131344,23.67568714043232
2.335783275292549,23.661717895445243
2.33556754422882,23.6481891539718
2.3353518530109065,23.636039352104135
2.335136201627769,23.624853184259933
2.3349205900683736,23.613688407141396
2.3347050183216904,23.60252363002286
2.334489486376693,23.591358852904342
2.3342739942223596,23.580194075785805
2.334058541847672,23.569029298667267
2.333843129241616,23.55786452154873
2.333627756393182,23.54669974443019
2.3334124232913647,23.535534967311648
2.333197129925162,23.522979270872117
2.332981876283576,23.494751064967833
2.3327666623556134,23.466522859063502
2.3325514881302847,23.43829465315917
2.3323363535966037,23.410066447254835
2.33212125874359,23.381838241350504
2.3319062035602656,23.353610035446174
2.3316911880356574,23.32538182954184
2.331476212158796,23.297153623637506
2.3312612759187163,23.268925417733175
2.331046379304457,23.24069721182889
2.330831522305061,23.21246900592456
2.3306167049095743,23.184240800020227
2.330401927107049,23.156012594115897
2.33018718888654,23.127784388211566
2.3299724902371057,23.099556182307232
2.329757831147809,23.0713279764029
2.329543211607718,23.3894120173466
2.329328631605903,23.380552733030108
2.3291140911314385,23.37169344871362
2.3288995901734046,23.36283416439713
2.3286851287208843,23.356769715196215
2.3284707067629644,23.35242623646733
2.3282563242887364,23.34808275773845
2.3280419812872952,23.34373927900957
2.3278276777477407,23.339395800280688
2.3276134136591753,23.335052321551828
2.327399189010707,23.330708842822947
2.327185003791446,23.326365364094066
2.3269708579905086,23.322021885365185
2.3267567515970136,23.317678406636304
2.326542684600084,23.313334927907423
2.326328656988848,23.308991449178542
2.326114668752436,23.30406020516609
2.325900719879984,23.284494114483273
2.3256868103606303,23.264928023800458
2.325472940183519,23.245361933117643
2.325259109337797,23.22579584243483
2.3250453178126156,23.206229751752016
2.32483156559713,23.186663661069204
2.3246178526804995,23.16709757038639
2.3244041790518875,23.151516945776997
2.324190544700461,23.13976092919598
2.3239769496153913,23.12800491261494
2.323763393785853,23.1162488960339
2.323549877201026,23.104492879452856
2.323336399850093,23.092736862871817
2.323122961722241,23.080980846290778
2.3229095628066614,23.069224829709732
2.3226962030925495,23.057468813128715
2.3224828825691035,23.045712796547676
2.3222696012255266,23.033956779966633
2.322056359051026,23.02220076338559
2.321843156034813,23.010444746804552
2.3216299921661014,22.99868873022351
2.3214168674341105,22.98693271364247
2.3212037818280638,22.97517669706143
2.320990735337187,22.96090950946633
2.3207777279507114,22.94401364995464
2.3205647596578713,22.927117790442935
2.320351830447905,23.07682754276368
2.320138940310056,23.08517163911181
2.3199260892335705,23.09351573545994
2.3197132772076983,23.101859831808067
2.3195005042216943,23.110203928156196
2.319287770264817,23.11854802450431
2.319075075326328,23.12689212085244
2.3188624193954945,23.135236217200568
2.3186498024615854,23.143580313548696
2.318437224513876,23.151924409896825
2.3182246855416433,23.160268506244954
2.3180121855341698,23.168612602593086
2.317799724480741,23.17695669894121
2.3175873023706473,23.185300795289344
2.3173749191931825,23.193644891637454
2.3171625749376434,23.201988987985587
2.316950269593332,23.210333084333712
2.3167380031495535,23.218677180681844
2.316525775595618,23.227021277029973
2.316313586920838,23.2353653733781
2.3161014371145314,23.236036353855273
2.3158893261660194,23.18741547516882
2.3156772540646267,23.138794596482388
2.315465220799682,22.67251275844366
2.315253226360519,22.682119178266813
2.315041270736474,22.691725598089967
2.3148293539168874,22.701332017913117
2.3146174758911044,22.710938437736274
2.314405636648473,22.720544857559425
2.314193836178346,23.042339851293754
2.3139820744700796,23.087946827095685
2.313770351513034,23.133553802897715
2.313558667296573,23.179160778699742
2.313347021810065,23.22476775450177
2.3131354150428813,23.2703747303038
2.3129238469843987,23.298332601090234
2.3127123176239954,23.27665660628864
2.312500826951056,23.254980611487042
2.312289374954968,23.233304616685444
2.3120779616251217,23.211628621883854
2.311866586950913,23.189952627082256
2.3116552509217407,23.168276632280662
2.3114439535270077,23.146600637479068
2.3112326947561215,23.12492464267747
2.3110214745984914,23.103420846355185
2.3108102930435335,23.086245116790316
2.310599150080665,23.06906938722544
2.310388045699309,23.051893657660564
2.3101769798888907,23.034717928095695
2.309965952638841,23.017542198530823
2.3097549639385933,23.00036646896595
2.3095440137775856,22.983190739401074
2.3093331021452594,22.966015009836205
2.3091222290310602,22.944187247277117
2.308911394424437,22.91569998292453
2.308700598314843,22.887212718571945
2.308489840691735,22.85872545421936
2.308279121544575,22.830238189866773
2.3080684408628263,22.801750925514185
2.307857798635958,22.7732636611616
2.307647194853443,22.75465625504448
2.307436629504757,22.73743883257641
2.30722610257938,22.720221410108337
2.307015614066796,22.70300398764027
2.3068051639564926,22.6857865651722
2.3065947522379617,22.668569142704133
2.306384378900699,22.651351720236065
2.3061740439342024,22.634134297768
2.3059637473279766,22.61691687529993
2.305753489071528,22.599699452831857
2.305543269154367,22.582482030363792
2.305333087566008,22.56526460789572
2.3051229442959698,22.548047185427656
2.3049128393337743,22.530829762959584
2.304702772668948,22.51361234049152
2.3044927442910206,22.496394918023448
2.304282754189525,22.46840958570761
2.304072802354,22.38473337196293
2.303862888773986,22.30105715821824
2.3036530134390283,22.24284882108288
2.303443176338676,22.236065219427704
2.303233377462481,22.22928161777253
2.3030236168000005,22.22249801611735
2.3028138943407948,22.215714414462177
2.302604210074428,22.208930812806997
2.3023945639904686,22.196419857780313
2.302184956078487,22.182882058197343
2.30197538632806,22.169344258614373
2.3017658547287656,22.155806459031403
2.301556361270188,22.142268659448433
2.301346905941914,22.128730859865463
2.301137488733534,22.115193060282493
2.300928109634642,22.09869331866834
2.3007187686348374,22.076417379945408
2.3005094657237217,22.05414144122249
2.3003002008909004,22.03186550249956
2.3000909741259834,22.006755118269147
2.2998817854185845,21.97881202150469
2.2996726347583203,21.950868924740234
2.2994635221348116,21.922925827975774
2.2992544475376837,21.895322982965897
2.2990454109565657,21.86936975154345
2.298836412381088,21.843416520120986
2.298627451800888,21.817463288698523
2.2984185292056054,21.79151005727606
2.298209644584883,21.765556825853597
2.2980007979283696,21.739603594431138
2.297791989225715,21.71365036300867
2.297583218466574,21.70492111632612
2.2973744856406064,21.697145134684703
2.297165790737474,21.6893691530433
2.2969571337468424,21.681593171401886
2.296748514658382,21.673817189760474
2.2965399334617667,21.66604120811906
2.2963313901466735,21.658265226477646
2.2961228847027835,21.65048924483623
2.2959144171197816,21.62692035015463
2.2957059873873567,21.49714132670402
2.295497595495201,21.474010437876416
2.2952892414330104,21.45087954904881
2.2950809251904856,21.427748660221205
2.294872646757329,21.404617771393596
2.294664406123249,21.38148688256599
2.294456203277956,21.358355993738385
2.294248038211165,21.34132515993889
2.294039910912595,21.32662619212169
2.2938318213719677,21.31192722430452
2.293623769579009,21.29722825648732
2.293415755523449,21.28252928867012
2.293207779195021,21.26783032085292
2.292999840583463,21.25313135303572
2.2927919396785144,21.23843238521852
2.2925840764699204,21.22373341740132
2.29237625094743,21.209034449584152
2.292168463100795,21.19433548176695
2.29196071291977,21.179636513949752
2.291753000394116,21.16493754613255
2.2915453255135954,21.15023857831535
2.2913376882679755,21.13553961049815
2.2911300886470265,21.12084064268095
2.290922526640523,21.101111685506424
2.290715002238243,21.079796561309102
2.2905075154299683,21.058481437111826
2.2903000662054844,21.037166312914508
2.29009265455458,21.017075471889854
2.289885280467048,20.999196986890908
2.289677943932686,20.981318501891963
2.2894706449412925,20.96344001689301
2.2892633834826728,20.956684075427418
2.289056159546634,20.96208644241372
2.2888489731229873,20.967488809400024
2.2886418242015476,20.972891176386327
2.288434712772134,20.97829354337263
2.288227638824568,20.978518084195716
2.2880206023486767,20.975073473551305
2.2878136033342895,20.971628862906897
2.2876066417712395,20.968184252262486
2.2873997176493637,20.964739641618074
2.287192830958504,20.96129503097367
2.2869859816885034,20.957850420329258
2.2867791698292104,20.95440580968485
2.2865723953704773,20.948840620170202
2.286365658302159,20.937861962600255
2.2861589586141147,20.92688330503031
2.2859522962962076,20.91590464746036
2.285745671338304,20.904925989890415
2.2855390837302734,20.893947332320465
2.2853325334619905,20.88296867475052
2.285126020523332,20.871990017180572
2.284919544904179,20.86101135961062
2.2847131065944173,20.85003270204067
2.284506705583934,20.839054044470725
2.2843003418626218,20.83735155247001
2.284094015420376,20.83760059148372
2.283887726247097,20.837849630497423
2.283681474332687,20.838098669511137
2.2834752596670524,20.83834770852485
2.283269082240104,20.83859674753856
2.2830629420417554,20.838845786552277
2.2828568390619246,20.839094825565986
2.282650773290533,20.83786497997767
2.2824447447175045,20.830269316907106
2.2822387533327686,20.816952769848534
2.282032799126257,20.79230859321187
2.281826882087905,20.76766441657521
2.281621002207653,20.743020239938552
2.2814151594754435,20.71837606330189
2.281209353881223,20.693731886665226
2.281003585414942,20.669087710028563
2.280797854066555,20.64500147777812
2.2805921598260186,20.63336350980439
2.2803865026832946,20.62172554183066
2.2801808826283474,20.61008757385693
2.2799752996511455,20.598449605883197
2.279769753741661,20.586811637909463
2.2795642448898694,20.575173669935737
2.2793587730857503,20.563535701962003
2.279153338319287,20.551619088327225
2.2789479405804642,20.53961105085643
2.2787425798592733,20.527603013385637
2.2785372561457082,20.51559497591484
2.2783319694297655,20.503586938444045
2.2781267197014468,20.491578900973252
2.2779215069507557,20.479570863502456
2.277716331167701,20.46756282603166
2.2775111923422946,20.4564458626473
2.2773060904645512,20.445383486398583
2.27710102552449,20.433846879509886
2.2768959975121335,20.422310272621182
2.2766910064175074,20.410773665732485
2.276486052230642,20.399237058843788
2.2762811349415704,20.387700451955084
2.276076254540329,20.376163845066387
2.275871411016959,20.362523875985524
2.2756666043615037,20.345741667666452
2.275461834564011,20.35177348015174
2.2752571016145327,20.369370773041837
2.2750524055031227,20.38696806593193
2.2748477462198395,20.40456535882203
2.2746431237547458,20.422162651712128
2.2744385380979057,20.439759944602223
2.2742339892393897,20.457357237492317
2.27402947716927,20.474029781649847
2.2738250018776225,20.485501265959147
2.2736205633545272,20.496972750268455
2.273416161590067,20.508444234577755
2.27321179657433,20.51991571888706
2.2730074682974055,20.53138720319636
2.2728031767493886,20.542858687505664
2.272598921920376,20.55260870268571
2.2723947038004693,20.558537915581844
2.272190522379773,20.56446712847798
2.2719863776483957,20.570396341374114
2.2717822695964487,20.576325554270248
2.271578198214048,20.582254767166383
2.2713741634913127,20.588183980062517
2.2711701654183645,20.594113192958652
2.27096620398533,20.600042405854786
2.270762279182339,20.60597161875094
2.270558390999524,20.653655437679543
2.270354539427022,20.706091501570565
2.270150724454973,20.75852756546159
2.2699469460735213,20.814510008144616
2.269743204272814,20.870526879441023
2.2695394990430016,20.926543750737423
2.2693358303742386,20.982560622033837
2.2691321982566834,21.038577493330237
2.2689286026804965,21.094594364626644
2.2687250436358437,21.110820839127
2.268521521112893,21.126072212761166
2.268318035101817,21.141323586395323
2.2681145855927904,21.156574960029488
2.2679111725759933,21.171826333663645
2.2677077960416074,21.18707770729781
2.26750445597982,21.20232908093198
2.267301152380819,21.217580454566146
2.267097885234799,21.232831828200304
2.266894654531956,21.24808320183447
2.26669146026249,21.26333457546863
2.2664883024166054,21.27858594910279
2.266285180984509,21.29383732273695
2.266082095956412,21.309088696371123
2.265879047322528,21.343304108505073
2.2656760350730747,21.38480352111807
2.265473059198274,21.43250163770562
2.26527011968835,21.495172774588372
2.2650672165335313,21.551677423376166
2.26486434972405,21.606214314696757
2.2646615192501405,21.660751206017352
2.264458725102042,21.71528809733794
2.2642559672699973,21.76982498865852
2.2640532457442513,21.82436187997911
2.263850560515053,21.861188666920555
2.263647911572656,21.895864184581306
2.263445298907316,21.93053970224206
2.2632427225092933,21.959001420168022
2.2630401823688504,21.984269416874696
2.2628376784762545,22.009537413581373
2.2626352108217755,22.03480541028805
2.2624327793956867,22.060073406994732
2.262230384188266,22.085341403701406
2.262028025189793,22.11310622794651
2.2618257023905524,22.141756443172753
2.261623415780832,22.170406658398996
2.2614211653509226,22.19905687362524
2.2612189510911183,22.229512452229823
2.261016772991718,22.26002982908488
2.2608146310430217,22.290547205939937
2.2606125252353357,22.321064582794996
2.2604104555589677,22.351581959650055
2.2602084220042293,22.382099336505117
2.2600064245614364,22.412616713360176
2.2598044632209078,22.443134090215235
2.2596025379729654,22.47365146707029
2.259400648807935,22.50416884392535
2.2591987957161455,22.534686220780408
2.2589969786879296,22.565203597635467
2.2587951977136234,22.59572097449053
2.2585934527835665,22.62064715302524
2.258391743888102,22.63776639692653
2.2581900710175757,22.65488564082782
2.257988434162338,22.672855720767785
2.2577868333127427,22.691167184814077
2.2575852684591453,22.709478648860376
2.2573837395919067,22.727790112906675
2.2571822467013902,22.746101576952974
2.2569807897779635,22.764413040999273
2.2567793688119964,22.78272450504557
2.2565779837938633,22.80103596909187
2.2563766347139413,22.819347433138162
2.2561753215626115,22.83765889718446
2.255974044330258,22.85597036123076
2.255772803007268,22.87428182527706
2.2555715975840336,22.892593289323358
2.2553704280509486,22.91090475336966
2.2551692943984114,22.92921621741596
2.2549681966168227,22.947527681462258
2.254767134696588,22.965839145508557
2.2545661086281155,22.980879657669206
2.2543651184018167,22.992822622378114
2.254164164008106,23.00476558708702
2.253963245437403,23.01670855179593
2.253762362680129,23.028651516504837
2.2535615157267097,23.040594481213745
2.2533607045675734,23.180068796456162
2.2531599291931528,23.3272485150005
2.2529591895938825,23.480936427445418
2.2527584857602023,23.637067394589792
2.252557817682554,23.793198361734163
2.252357185351384,23.949329328878534
2.252156588757141,24.105460296022905
2.2519560278902775,24.261591263167276
2.25175550274125,23.642959816102124
2.2515550133005178,23.719254340392027
2.2513545595585436,23.79554886468192
2.251154141505793,23.871843388971822
2.2509537591327358,23.948137913261725
2.2507534124298454,24.024432437551628
2.250553101387598,24.10072696184153
2.2503528259964733,24.176590903386945
2.2501525862469545,24.251968544234536
2.249952382129528,24.32734618508212
2.2497522136346833,24.402723825929712
2.2495520807529146,24.478101466777304
2.2493519834747175,24.553479107624895
2.249151921790593,24.628856748472487
2.248951895691044,24.704234389320078
2.248751905166577,24.77961203016767
2.2485519502077036,24.85498967101526
2.2483520308049356,24.93036731186285
2.2481521469487915,25.005744952710433
2.2479522986297904,25.081122593558025
2.2477524858384563,25.155428076300915
2.2475527085653164,25.227842480937248
2.247352966800901,25.30025688557359
2.247153260535744,25.372671290209922
2.2469535897603823,25.44508569484626
2.246753954465357,25.024568664675883
2.2465543546412112,25.07484017714252
2.2463547902784926,25.12511168960916
2.246155261367752,25.1753832020758
2.245955767899542,25.225654714542436
2.2457563098644218,25.275926227009077
2.2455568872529508,25.326197739475717
2.245357500055693,25.377961388146474
2.245158148263217,25.43007344822904
2.244958831866092,25.482185508311606
2.244759550854893,25.534297568394173
2.2445603052201966,25.586409628476744
2.2443610949525845,25.638521688559315
2.24416192004264,25.690633748641886
2.2439627804809508,25.74274580872445
2.2437636762581077,25.79485786880702
2.243564607364705,25.846969928889585
2.2433655737913396,25.85319143786475
2.2431665755286128,25.85527939849433
2.2429676125671287,25.855378110133703
2.2427686848974946,25.85387681155465
2.242569792510321,25.85237551297559
2.2423709353962225,25.850874214396537
2.2421721135458164,25.849372915817483
2.241973326949723,25.84787161723843
2.2417745755985674,25.84637031865937
2.241575859482976,25.844869020080317
2.2413771785935803,25.84336772150126
2.2411785329210137,25.84186642292221
2.240979922455914,25.84036512434315
2.240781347188922,25.838863825764097
2.2405828071106817,25.837362527185043
2.24038430221184,25.835861228605985
2.240185832483048,25.833707826213033
2.2399873979149594,25.831404900388
2.2397889984982315,25.82910197456297
2.239590634223525,25.82679904873794
2.2393923050815037,25.824496122912908
2.2391940110628346,25.822193197087877
2.2389957521581887,25.819890271262846
2.2387975283582393,25.817587345437815
2.2385993396536645,25.815284419612787
2.2384011860351434,25.807055627847422
2.23820306749336,25.752594277069235
2.2380049840190024,25.698132926291052
2.2378069356027597,25.774471577234678
2.2376089222353257,25.76762895348338
2.2374109439073977,25.760786329732085
2.2372130006096755,25.75394370598079
2.237015092332863,25.7471010822295
2.2368172190676665,25.740258458478202
2.2366193808047963,25.733415834726905
2.2364215775349656,25.72657321097561
2.2362238092488913,25.719730587224316
2.236026075937293,25.712887963473023
2.2358283775908943,25.706045339721726
2.2356307142004215,25.69920271597043
2.235433085756604,25.69236009221914
2.235235492250175,25.685517468467843
2.235037933671871,25.678674844716546
2.2348404100124317,25.671832220965253
2.234642921262599,25.664989597213957
2.2344454674131207,25.658146973462664
2.2342480484547447,25.655200184871767
2.2340506643782243,25.653199971288256
2.2338533151743154,25.65119975770475
2.233656000833777,25.649199544121245
2.2334587213473713,25.647199330537738
2.233261476705865,25.64519911695423
2.2330642669000262,25.643198903370724
2.2328670919206277,25.641198689787217
2.2326699517584445,25.643597538623045
2.2324728464042556,25.652371193252787
2.2322757758488434,25.661144847882525
2.2320787400829927,25.665766986633734
2.2318817390974917,25.665915096878543
2.231684772883133,25.666063207123347
2.2314878414307113,25.666211317368152
2.2312909447310245,25.66635942761296
2.2310940827748746,25.666507537857765
2.2308972555530664,25.666655648102576
2.2307004630564076,25.666803758347385
2.2305037052757095,25.666951868592193
2.2303069822017867,25.667099978836998
2.2301102938254567,25.667248089081802
2.229913640137541,25.66739619932661
2.2297170211288635,25.667404600360094
2.2295204367902515,25.663154358600018
2.229323887112536,25.658904116839945
2.229127372086551,25.654653875079887
2.228930891703133,25.65040363331981
2.228734445953123,25.646153391559736
2.2285380348273645,25.64190314979966
2.228341658316704,25.637652908039584
2.228145316411992,25.633402666279512
2.227949009104082,25.62915242451944
2.22775273638383,25.624902182759378
2.2275564982420955,25.627548208031843
2.227360294669742,25.632866987186706
2.2271641256576356,25.63818576634157
2.2269679911966453,25.643504545496434
2.226771891277644,25.648823324651296
2.2265758258915076,25.65414210380616
2.226379795029115,25.659460882961024
2.226183798681349,25.664779662115887
2.225987836839094,25.670098441270753
2.2257919094932395,25.675417220425615
2.2255960166346767,25.680735999580477
2.2254001582543013,25.68605477873534
2.2252043343430112,25.691373557890206
2.225008544891708,25.696692337045068
2.224812789891297,25.702011116199934
2.224617069332685,25.707329895354796
2.2244213832067836,25.71264867450966
2.2242257315045073,25.71796745366452
2.2240301142167733,25.723286232819387
2.2238345313345023,25.72860501197425
2.2236389828486183,25.733923791129115
2.223443468750048,25.739242570283977
2.2232479890297223,25.55145518829284
2.223052543678574,25.5646511757744
2.2228571326875404,25.577847163255967
2.2226617560475606,25.591043150737534
2.222466413749578,25.604239138219096
2.2222711057845386,25.61743512570066
2.222075832143392,25.630631113182226
2.2218805928170906,25.643827100663785
2.2216853877965903,25.65702308814535
2.22149021707285,25.670219075626914
2.2212950806368315,25.683415063108477
2.2210999784795,25.696611050590043
2.220904910591824,25.709807038071606
2.2207098769647757,25.72300302555317
2.2205148775893293,25.736199013034735
2.2203199124564628,25.749395000516294
2.2201249815571575,25.76259098799786
2.2199300848823973,25.765836178560903
2.2197352224231706,25.772227719080664
2.219540394170467,25.77861925960044
2.2193456001152803,25.785010800120215
2.219150840248608,25.784633705579495
2.2189561145614496,25.783055745822534
2.218761423044809,25.78147778606557
2.218566765689692,25.779899826308608
2.2183721424871092,25.778321866551636
2.218177553428072,25.781544495861148
2.217982998503597,25.788259375993583
2.217788477704703,25.794974256126025
2.2175939910224125,25.80168913625846
2.2173995384477503,25.8084040163909
2.2172051199717453,25.815118896523337
2.2170107355854287,25.821833776655772
2.216816385279836,25.82854865678821
2.2166220690460046,25.835263536920642
2.2164277868749758,25.84197841705308
2.216233538757793,25.84869329718552
2.2160393246855046,25.855408177317955
2.2158451446491605,25.862123057450397
2.215650998639814,25.868837937582832
2.2154568866485227,25.875552817715267
2.215262808666346,25.882267697847702
2.2150687646843465,25.888982577980137
2.214874754693591,25.895697458112576
2.214680778685149,25.902412338245014
2.214486836650092,25.90912721837745
2.2142929285794954,25.809488904474577
2.214099054464439,25.838479876765934
2.2139052142960036,25.867470849057288
2.213711408065275,25.896461821348645
2.2135176357633406,25.925452793639963
2.213323897381291,25.954443765931316
2.2131301929102216,25.933264177531854
2.212936522341229,25.970298557731887
2.212742885665414,26.007332937931924
2.2125492828738795,26.03190390514427
2.2123557139577334,26.04331910633759
2.2121621789080854,26.0547343075309
2.2119686777160474,26.066149508724223
2.211775210372736,26.077564709917542
2.2115817768692705,26.08897991111086
2.2113883771967733,26.100395112304184
2.211195011346369,26.1118103134975
2.2110016793091867,26.123225514690823
2.210808381076358,26.134640715884146
2.2106151166390178,26.14605591707746
2.2104218859883034,26.157471118270777
2.2102286891153553,26.168886319464097
2.2100355260113185,26.180301520657416
2.209842396667339,26.191716721850735
2.2096493010745677,26.203131923044054
2.2094562392241577,26.214547124237377
2.209263211107265,26.225962325430697
2.2090702167150496,26.240152177234027
2.2088772560386736,26.254499907760483
2.208684329069303,26.268847638286942
2.2084914357981056,26.2831953688134
2.2082985762162544,26.297543099339855
2.2081057503149233,26.34106754368525
2.2079129580852905,26.393848469279547
2.2077201995185374,26.446629394873845
2.207527474605848,26.499410320468144
2.2073347833384096,26.55219124606243
2.2071421257074118,26.604972171656733
2.206949501704048,26.65775309725103
2.2067569113195153,26.71053402284533
2.2065643545450127,26.76330878098329
2.206371831371743,26.646427172808867
2.2061793417909117,26.666037498821712
2.2059868857937275,26.685647824834543
2.205794463371402,26.70525815084739
2.2056020745151503,26.72486847686023
2.2054097192161906,26.744478802873076
2.2052173974657427,26.76408912888592
2.2050251092550317,26.783699454898766
2.2048328545752844,26.82280197959433
2.2046406334177306,26.865642511967067
2.204448445773604,26.908483044339803
2.204256291634141,26.95132357671249
2.2040641709905797,26.994164109085226
2.2038720838341637,27.037004641457962
2.203680030156138,27.079845173830694
2.2034880099477507,27.122685706203427
2.203296023200254,27.165526238576163
2.2031040699049025,27.208366770948896
2.202912150052953,27.251207303321586
2.202720263635667,27.288684663544323
2.202528410644307,27.326030119816284
2.202336591070141,27.33854399106167
2.2021448049044388,27.3428085771298
2.2019530521384723,27.347073163197933
2.2017613327635175,27.35133774926606
2.2015696467708543,27.35560233533419
2.2013779941517635,27.359866921402322
2.201186374897531,27.36035687462879
2.200994788999444,27.356045223385813
2.2008032364487944,27.351733572142834
2.2006117172368755,27.347421920899862
2.2004202313549848,27.343110269656886
2.200228778794422,27.33879861841391
2.200037359546491,27.334486967170932
2.1998459736024976,27.34320751640189
2.199654620953751,27.352429493875462
2.199463301591563,27.361651471349035
2.1992720155072494,27.370873448822604
2.199080762692129,27.380095426296176
2.198889543137522,27.389317403769745
2.198698356834753,27.398539381243317
2.19850720377515,27.40776135871689
2.1983160839500426,27.415114519435527
2.1981249973507646,27.415723580581616
2.1979339439686525,27.41049162571356
2.197742923795045,27.397354696464348
2.1975519368212852,27.384217767215134
2.197360983038718,27.371080837965923
2.1971700624386923,27.35794390871671
2.196979175012559,27.344806979467496
2.1967883207516734,27.33167005021828
2.196597499647392,27.318533120969064
2.1964067116910755,27.30539619171985
2.1962159568740875,27.292259262470637
2.1960252351877942,27.279122333221423
2.195834546623565,27.26598540397221
2.1956438911727734,27.252848474722995
2.1954532688267934,27.23971154547378
2.195262679577004,27.226574616224568
2.195072123414787,27.213437686975354
2.194881600331526,27.20030075772614
2.1946911103186086,27.179740027998264
2.1945006533674256,27.15815008104051
2.1943102294693704,27.13656013408275
2.194119838615839,27.114970187124996
2.1939294807982312,27.093380240167235
2.193739156007949,27.071790293209485
2.193548864236398,27.050200346251728
2.1933586054749856,27.02861039929397
2.1931683797151242,27.007020452336214
2.1929781869482277,26.985430505378456
2.192788027165713,26.9638405584207
2.1925979003590004,27.218513546057835
2.1924078065195136,27.195200429901686
2.192217745638678,27.171887313745536
2.192027717707924,27.148574197589394
2.1918377227186827,27.125261081433244
2.191647760662389,27.101947965277095
2.1914578315304816,27.080807169667025
2.191267935314401,27.06250930152436
2.1910780720055913,27.044211433381697
2.1908882415954998,27.02591356523903
2.1906984440755766,27.007615697096362
2.1905086794372735,26.989317828953702
2.190318947672047,26.984823660609855
2.190129248771356,26.995377335574887
2.1899395827266623,27.005931010539925
2.1897499495294306,27.018668340638513
2.189560349171128,27.032748306133453
2.189370781643226,27.046828271628392
2.1891812469371974,27.060908237123336
2.1889917450445195,27.074988202618268
2.188802275956671,27.089068168113208
2.1886128396651348,27.103148133608148
2.188423436161396,27.11722809910309
2.188234065436943,27.13130806459803
2.1880447274832675,27.142023766813146
2.187855422291863,27.130520896588877
2.1876661498542274,27.110273947391754
2.1874769101618603,27.09002699819463
2.1872877032062648,27.06978004899751
2.187098528978947,27.049533099800385
2.1869093874714154,27.029286150603262
2.1867202786751827,27.009039201406143
2.186531202581763,26.98879225220902
2.1863421591826744,26.968545303011897
2.186153148469437,26.940092273698376
2.1859641704335755,26.9101491822872
2.1857752250666156,26.880206090876015
2.1855863123600865,26.85026299946483
2.185397432305521,26.820319908053655
2.1852085848944545,26.79037681664247
2.185019770118425,26.76043372523129
2.184830987968974,26.730490633820107
2.1846422384376454,26.69716808745371
2.184453521515986,26.661753019757565
2.1842648371955455,26.626337952061416
2.1840761854678776,26.590922884365266
2.183887566324537,26.55550781666912
2.1836989797570836,26.520171974716973
2.183510425757078,26.508762077046427
2.183321904316085,26.49735217937588
2.1831334154256723,26.486522225463865
2.18294495907741,26.479483543945072
2.1827565352628713,26.472444862426265
2.1825681439736324,26.465406180907465
2.182379785201272,26.458367499388665
2.182191458937373,26.451328817869864
2.182003165173519,26.444290136351064
2.181814903901299,26.43725145483226
2.1816266751123035,26.430212773313464
2.181438478798125,26.42317409179466
2.181250314950361,26.41613541027586
2.1810621835606105,26.409096728757056
2.1808740846204757,26.402058047238256
2.180686018121562,26.395019365719456
2.180497984055478,26.387980684200652
2.1803099824138332,26.38094200268185
2.180122013188243,26.37390332116305
2.179934076370323,26.366864639644255
2.179746171951694,26.35982595812545
2.1795582999239773,26.352787276606648
2.179370460278799,26.352018636314092
2.1791826530077874,26.36437752669846
2.178994878102573,26.376736417082824
2.178807135554791,26.389095307467187
2.1786194253560778,26.401454197851557
2.178431747498073,26.41381308823592
2.1782441019724197,26.42617197862029
2.178056488770763,26.43853086900465
2.177868907884752,26.44770913594604
2.1776813593060376,26.450641932217607
2.1774938430262742,26.453220294155642
2.1773063590371193,26.45579865609367
2.177118907330232,26.458377018031705
2.176931487897276,26.460955379969743
2.1767441007299166,26.463533741907774
2.176556745819822,26.466112103845806
2.1763694231586643,26.468690465783837
2.1761821327381177,26.471268827721868
2.1759948745498594,26.4738471896599
2.175807648585569,26.476425551597927
2.1756204548369302,26.47900391353597
2.175433293295628,26.481582275474004
2.175246163953352,26.483401300286616
2.175059066801792,26.484249569592095
2.174872001832644,26.48509783889758
2.174684969037605,26.485946108203063
2.174497968408374,26.486794377508545
2.174310999936655,26.487642646814027
2.1741240636141534,26.48849091611951
2.173937159432578,26.489339185425003
2.1737502873836396,26.49018745473049
2.1735634474590535,26.491035724035967
2.1733766396505363,26.491883993341453
2.173189863949808,26.492732262646932
2.173003120348592,26.493580531952418
2.1728164088386133,26.487761998437918
2.172629729411601,26.470984207815842
2.1724430820592864,26.432878312050548
2.1722564667734034,26.393799498473726
2.172069883545689,26.354720684896908
2.171883332367884,26.31564187132009
2.1716968132317302,26.276563057743267
2.171510326128974,26.23748424416645
2.171323871051363,26.19840543058963
2.1711374479906493,26.15932661701281
2.170951056938587,26.12987535306422
2.170764697886932,26.105928700072493
2.1705783708274446,26.086011007292612
2.1703920757518875,26.071351910049543
2.1702058126520263,26.05669281280647
2.170019581519629,26.042033715563402
2.169833382346466,26.02737461832033
2.169647215124313,26.012715521077276
2.169461079844945,25.998056423834207
2.1692749765001422,25.983397326591138
2.169088905081687,25.96873822934807
2.1689028655813645,25.954079132104994
2.168716857990962,25.939420034861925
2.1685308823022718,25.924760937618856
2.1683449385070865,25.910101840375784
2.1681590265972024,25.895442743132715
2.1679731465644196,25.88078364588966
2.167787298400539,25.86612454864659
2.167601482097367,25.852926406142988
2.1674156976467094,25.849382818596148
2.1672299450403782,25.88604038252496
2.167044224270186,25.922697946453773
2.1668585353279495,25.959355510382583
2.1666728782054876,25.996013074311406
2.166487252894621,26.03267063824022
2.166301659387175,26.069328202169032
2.1661160976749763,26.105985766097845
2.165930567749856,26.142643330026658
2.1657450696036467,26.17923629592214
2.1655596032281834,26.215766473688156
2.1653741686153056,26.252296651454174
2.1651887657568536,26.28882682922019
2.165003394644673,26.32796678281033
2.164818055270609,26.369891903552958
2.1646327476265124,26.411817024295587
2.164447471704235,26.453742145038213
2.1642622274956325,26.49566726578084
2.1640770149925626,26.52281919288113
2.1638918341868867,26.5305729889723
2.1637066850704683,26.538326785063468
2.1635215676351733,26.54608058115464
2.163336481872871,26.553834377245806
2.163151427775434,26.561588173336972
2.1629664053347364,26.569341969428137
2.162781414542656,26.577095765519307
2.162596455391073,26.583294203132105
2.1624115278718707,26.57604687282815
2.1622266319769348,26.568799542524197
2.1620417676981543,26.561552212220263
2.1618569350274197,26.55430488191631
2.161672133956626,26.547057551612355
2.16148736447767,26.5398102213084
2.1613026265824518,26.532562891004442
2.161117920262873,26.525315560700484
2.160933245510839,26.527161140549495
2.160748602318259,26.531709505574014
2.160563990677043,26.524358701659473
2.1603794105791043,26.517007897744936
2.1601948620163594,26.5096570938304
2.1600103449807273,26.502306289915857
2.15982585946413,26.49495548600132
2.1596414054584923,26.487604682086783
2.1594569829557417,26.480561962304364
2.1592725919478077,26.477895213675055
2.159088232426624,26.47522846504573
2.158903904384125,26.53087836992957
2.15871960781225,26.535504641367943
2.1585353427029403,26.540130912806312
2.158351109048139,26.54475718424468
2.1581669068397935,26.54938345568305
2.157982736069853,26.554009727121418
2.1577985967302697,26.558635998559776
2.1576144888129978,26.563262269998145
2.157430412309996,26.567888541436517
2.1572463672132236,26.572514812874886
2.1570623535146445,26.577141084313254
2.1568783712062247,26.581767355751623
2.156694420279932,26.586393627189995
2.1565105007277383,26.591019898628364
2.1563266125416174,26.595646170066733
2.1561427557135464,26.600609501309727
2.155958930235505,26.612938841780732
2.155775136099475,26.625268182251737
2.155591373297441,26.637597522722736
2.1554076418213923,26.64992686319374
2.1552239416633183,26.662256203664747
2.1550402728152123,26.674585544135745
2.1548566352690703,26.68691488460673
2.154673029016891,26.69924422507773
2.154489454050676,26.711573565548733
2.154305910362429,26.722382224424102
2.1541223979441573,26.730328131809625
2.15393891678787,26.738274039195147
2.15375546688558,26.746219946580666
2.1535720482293015,26.754165853966192
2.153388660811053,26.76211176135171
2.153205304622855,26.76896212800371
2.1530219796567303,26.773232179645607
2.1528386859047046,26.7775022312875
2.152655423358807,26.781772282929396
2.1524721920110683,26.78604233457129
2.152288991853523,26.790312386213188
2.1521058228782075,26.794582437855084
2.1519226850771616,26.79885248949696
2.151739578442427,26.803122541138855
2.151556502966049,26.80739259278075
2.1513734586400752,26.811662644422647
2.1511904454565554,26.815932696064543
2.151007463407543,26.820264066702215
2.1508245124850935,26.826003083987953
2.1506415926812656,26.82604847946964
2.1504587039881202,26.821805223674822
2.150275846397721,26.817561967879985
2.1500930199021346,26.813318712085167
2.1499102244934303,26.809075456290348
2.1497274601636795,26.80483220049553
2.1495447269049577,26.800588944700714
2.1493620247093412,26.79634568890589
2.1491793535689108,26.784524029726136
2.1489967134757486,26.77129083816418
2.14881410442194,26.763622615955782
2.148631526399573,26.756116986823166
2.1484489794007393,26.74861135769055
2.148266463417531,26.741105728557933
2.148083978442045,26.733600099425313
2.1479015244663797,26.726094470292693
2.147719101482637,26.718588841160077
2.1475367094829205,26.71108321202746
2.147354348459338,26.703577582894837
2.1471720184039977,26.69607195376222
2.146989719309013,26.6885663246296
2.146807451166498,26.68106069549698
2.14662521396857,26.673555066364365
2.1464430077073504,26.66604943723175
2.1462608323749617,26.658543808099132
2.146078687963529,26.65103817896651
2.1458965744651812,26.644648107873984
2.1457144918720483,26.640825229050474
2.145532440176265,26.626116976681608
2.145350419369967,26.603247353508692
2.145168429445293,26.58037773033578
2.144986470394385,26.557508107162867
2.1448045422093873,26.534638483989955
2.1446226448824466,26.511768860817043
2.1444407784057127,26.48889923764412
2.144258942771338,26.466029614471207
2.144077137971477,26.443159991298295
2.1438953639982876,26.42891439478342
2.1437136208439296,26.42107607356518
2.1435319085005666,26.413237752346948
2.1433502269603637,26.40539943112871
2.1431685762154897,26.397561109910463
2.142986956258115,26.389722788692225
2.1428053670804124,26.381884467473988
2.1426238086745593,26.37404614625575
2.142442281032734,26.371358758753246
2.142260784147118,26.383638319674418
2.1420793180098956,26.39591788059559
2.1418978826132533,26.408197441516766
2.1417164779493807,26.420477002437938
2.14153510401047,26.43275656335907
2.1413537607887156,26.445036124280243
2.1411724482763153,26.457315685201415
2.140991166465468,26.469595246122587
2.140809915348378,26.481874807043763
2.1406286949172495,26.49570702001119
2.1404475051642904,26.50738101682696
2.140266346081712,26.515059122208932
2.140085217661727,26.522737227590923
2.139904119896551,26.53041533297292
2.1397230527784026,26.53809343835492
2.139542016299503,26.54577154373691
2.139361010452076,26.55344964911891
2.1391800352283483,26.56112775450091
2.1389990906205485,26.5688058598829
2.138818176620908,26.580990626030495
2.1386372932216613,26.594315616904645
2.1384564404150455,26.60764060777882
2.1382756181932994,26.620965598652997
2.1380948265486657,26.634290589527176
2.1379140654733892,26.647943281152042
2.137733334959717,26.662091946665747
2.1375526349998997,26.67624061217945
2.137371965586189,26.690389277693125
2.137191326710841,26.685116662824576
2.137010718366113,26.66355189784956
2.136830140544265,26.641987132874537
2.136649593237561,26.620422367899515
2.136469076438267,26.598857602924493
2.13628859013865,26.57729283794947
2.1361081343309816,26.555728072974453
2.1359277090075355,26.534163307999428
2.135747314160588,26.512598543024378
2.1355669497824175,26.752857142880863
2.135386615865305,26.744642230247642
2.1352063124015355,26.736427317614424
2.1350260393833946,26.728212404981203
2.1348457968031718,26.719997492347986
2.134665584653159,26.711782579714765
2.134485402925651,26.703567667081543
2.1343052516129437,26.695352754448322
2.134125130707338,26.6871378418151
2.1339450402011346,26.67892292918188
2.1337649800866396,26.67070801654866
2.1335849503561595,26.66249310391544
2.1334049510020052,26.65427819128222
2.1332249820164884,26.646063278649002
2.133045043391925,26.63485705134036
2.132865135120632,26.615738521052364
2.13268525719493,26.596619990764353
2.132505409607142,26.577501460476345
2.132325592349594,26.558382930188333
2.1321458054146136,26.539264399900322
2.1319660487945318,26.520145869612314
2.1317863224816813,26.501027339324303
2.131606626468399,26.481908809036305
2.131426960747022,26.462790278748294
2.131247325309893,26.443671748460282
2.131067720149354,26.42455321817227
2.130888145257752,26.40543468788426
2.130708600627436,26.386316157596248
2.1305290862507573,26.36809436925894
2.1303496021200696,26.35344784095356
2.1301701482277293,26.33880131264818
2.129990724566096,26.32415478434281
2.1298113311275304,26.309508256037425
2.129631967904398,26.294861727732048
2.1294526348890646,26.280215199426664
2.1292733320739,26.265568671121287
2.129094059451276,26.250922142815902
2.128914817013568,26.23627561451052
2.128735604753152,26.221629086205155
2.128556422662408,26.20698255789977
2.128377270733718,26.192336029594387
2.1281981489594672,26.17768950128901
2.1280190573320428,26.163042972983625
2.1278399958438343,26.12916544397016
2.127660964487235,26.08551160016851
2.1274819632546396,26.041857756366852
2.1273029921384454,25.998203912565202
2.1271240511310534,25.954550068763602
2.1269451402248647,25.910896224961952
2.1267662594122863,25.867242381160303
2.1265874086857246,25.823588537358653
2.126408588037591,25.786346553330176
2.126229797460298,25.771248818708788
2.126051036946261,25.7561510840874
2.125872306487899,25.74105334946603
2.125693606077631,25.725955614844644
2.125514935707881,25.710857880223255
2.125336295371074,25.695760145601866
2.1251576850596394,25.68066241098048
2.124979104766007,25.665564676359097
2.1248005544826105,25.650466941737708
2.124622034201886,25.63536920711632
2.124443543916271,25.620271472494935
2.1242650836182078,25.60517373787356
2.1240866533001386,25.59007600325217
2.12390825295451,25.574978268630787
2.12372988257377,25.555840050846854
2.123551542150371,25.522733387169986
2.123373231676765,25.489626723493124
2.123194951145409,25.456520059816256
2.123016700548762,25.41818996025654
2.1228384798792845,25.373078667814447
2.122660289129441,25.327967375372353
2.122482128291697,25.28285608293026
2.1223039973585216,25.237832801545565
2.122125896322386,25.210220609840164
2.121947825175765,25.182608418134762
2.121769783911134,25.15499622642936
2.1215917725209716,25.127384034723963
2.1214137909977606,25.09977184301859
2.121235839333984,25.087006779657433
2.1210579175221285,25.077063325728137
2.120880025554683,25.06711987179884
2.120702163424139,25.05717641786954
2.120524331122991,25.047232963940246
2.120346528643735,25.03728951001095
2.1201687559788707,25.027346056081658
2.1199910131208988,25.01740260215236
2.119813300062324,25.007459148223063
2.119635616795653,24.997515694293767
2.1194579633133945,24.98757224036447
2.1192803396080606,24.977628786435176
2.119102745672165,24.96768533250588
2.118925181498225,24.957741878576584
2.118747647078759,24.947798424647285
2.1185701424062895,24.9360536798678
2.11839266747334,24.91427859996611
2.118215222272438,24.892503520064416
2.1180378067961114,24.870728440162726
2.117860421036893,24.848953360261035
2.117683064987317,24.82717828035934
2.117505738639919,24.80540320045765
2.11732844198724,24.783628120555964
2.1171511750218195,24.761853040654273
2.116973937736203,24.74007796075258
2.1167967301229376,24.718302880850892
2.1166195521745714,24.697084585665827
2.116442403883657,24.681786923486868
2.116265285242748,24.66648926130791
2.116088196244401,24.651191599128946
2.115911136881176,24.635893936949987
2.1157341071456335,24.62059627477103
2.1155571070303383,24.605298612592073
2.1153801365278566,24.590000950413113
2.1152031956307584,24.574703288234154
2.115026284331614,24.55940562605519
2.114849402622999,24.544107963876233
2.1146725504974886,24.528810301697273
2.114495727947663,24.513512639518318
2.1143189349661022,24.49821497733936
2.114142171545392,24.4829173151604
2.1139654376781176,24.467619652981437
2.1137887333568686,24.452321990802478
2.113612058574236,24.43702432862352
2.113435413322814,24.42172666644456
2.1132587975951993,24.406429004265597
2.11308221138399,24.391131342086638
2.1129056546817884,24.375833679907682
2.112729127481198,24.360536017728723
2.1125526297748243,24.345238355549764
2.112376161555277,24.329940693370805
2.1121997228151668,24.314643031191842
2.1120233135471076,24.299345369012883
2.111846933743716,24.505686376110432
2.11167058339761,24.452755835391855
2.111494262501411,24.399825294673274
2.1113179710477423,24.405920936718935
2.1111417090292304,24.30611204933665
2.110965476438503,24.206303161954366
2.110789273268192,24.10649427457208
2.1106130995109305,24.006685387189798
2.110436955159354,23.90687649980751
2.110260840206101,23.846018181793045
2.1100847546438124,23.789924916755034
2.1099086984651314,23.765589843321816
2.109732671662704,23.74429096713166
2.109556674229178,23.722992090941503
2.1093807061572036,23.701693214751344
2.1092047674394343,23.680394338561186
2.109028858068526,23.659095462371027
2.1088529780371363,23.63779658618088
2.1086771273379257,23.61649770999072
2.1085013059635567,23.595198833800566
2.1083255139066948,23.573899957610408
2.1081497511600076,23.55260108142025
2.1079740177161654,23.53130220523009
2.1077983135678413,23.510003329039932
2.10762263870771,23.488704452849774
2.1074469931284487,23.467405576659615
2.1072713768227382,23.446106700469468
2.10709578978326,23.424807824279313
2.106920232002699,23.404663551117473
2.106744703473743,23.3852611815958
2.1065692041890816,23.36593525876723
2.106393734141407,23.346826635163666
2.1062182933234133,23.3277180115601
2.1060428817277983,23.30860938795654
2.105867499347261,23.289500764352976
2.1056921461745026,23.270392140749408
2.1055168222022282,23.251283517145843
2.105341527423145,23.234239944391334
2.1051662618299614,23.224183366399235
2.104991025415389,23.214126788407135
2.104815818172142,23.204070210415036
2.104640640092937,23.194013632422937
2.104465491170493,23.183957054430834
2.1042903713975307,23.173784366491006
2.1041152807667745,23.16328199983132
2.10394021927095,23.152779633171633
2.103765186902786,23.142277266511947
2.1035901836550135,23.13177489985226
2.1034152095203655,23.121272533192574
2.103240264491579,23.11077016653288
2.103065348561391,23.100267799873194
2.1028904617225423,23.094626518705503
2.1027156039677766,23.094014339599603
2.102540775289839,23.093402160493703
2.1023659756814768,23.0927899813878
2.1021912051354414,23.092177802281896
2.102016463644485,23.091565623175995
2.1018417512013627,23.090953444070095
2.1016670677988323,23.097348992836217
2.1014924134296535,23.104639765026917
2.1013177880865883,23.111930537217617
2.101143191762402,23.11922130940832
2.1009686244498615,23.126512081599024
2.1007940861417365,23.133802853789724
2.1006195768307987,23.141093625980425
2.100445096509823,23.147041143318056
2.1002706451715856,23.141105390830425
2.1000962228088658,23.135169638342795
2.0999218294144453,23.129233885855168
2.0997474649811076,23.12329813336754
2.09957312950164,23.11736238087991
2.0993988229688307,23.111426628392284
2.0992245453754705,23.105490875904657
2.099050296714353,23.099555123417026
2.0988760769782755,23.093619370929396
2.0987018861600344,23.08768361844177
2.0985277242524316,23.081747865954142
2.0983535912482694,23.07581211346651
2.0981794871403543,23.069876360978885
2.098005411921493,23.063940608491258
2.0978313655844967,23.058004856003627
2.097657348122178,23.052069103515997
2.0974833595273514,23.04613335102837
2.0973093997928345,23.040197598540743
2.097135468911447,23.034261846053113
2.0969615668760118,23.01834112394223
2.0967876936793526,22.989078379884003
2.0966138493142967,22.959815635825777
2.0964400337736735,22.941949882669125
2.0962662470503144,22.92413595675133
2.0960924891370545,22.906322030833564
2.0959187600267284,22.888508104915772
2.0957450597121765,22.87069417899798
2.0955713881862392,22.852880253080187
2.0953977454417605,22.83362621563071
2.095224131471586,22.81196501448739
2.0950505462685642,22.790303813344075
2.094876989825546,22.766220889022556
2.094703462135384,22.741233975673254
2.094529963190934,22.716247062323948
2.094356492985054,22.691260148974646
2.0941830515106035,22.66627323562534
2.094009638760445,22.641286322276038
2.093836254727444,22.616299408926736
2.0936628994044675,22.591312495577434
2.0934895727843847,22.56632558222813
2.0933162748600687,22.541338668878865
2.0931430056243925,22.51635175552956
2.0929697650702335,22.49136484218026
2.09279655319047,22.466377928830955
2.092623369977985,22.443369837477032
2.092450215425661,22.421156192979844
2.092277089526384,22.397123023412032
2.092103992273043,22.37308985384425
2.091930923658529,22.349056684276434
2.0917578836757342,22.325023514708626
2.091584872317555,22.30099034514081
2.0914118895768894,22.276957175572996
2.091238935446637,22.25292400600518
2.091066009919701,22.22889083643737
2.0908931129889856,22.204857666869557
2.0907202446473985,22.180824497301742
2.09054740488785,22.156791327733963
2.0903745937032503,22.132758158166148
2.0902018110865153,22.108724988598333
2.0900290570305606,22.089515128027656
2.089856331528306,22.080953404710765
2.089683634572672,22.073522958505585
2.0895109661565834,22.06659090960499
2.0893383262729652,22.059658860704406
2.0891657149147465,22.05272681180381
2.088993132074857,22.04579476290322
2.0888205777462305,22.038862714002622
2.088648051921802,22.03193066510203
2.0884755545945093,22.024998616201433
2.0883030857572926,22.01806656730084
2.088130645403094,22.013646519992975
2.0879582335248585,22.01110255886161
2.087785850115533,22.00855859773025
2.0876134951680663,22.006014636598884
2.0874411686754106,22.00347067546752
2.0872688706305196,22.000926714336153
2.08709660102635,21.998382753204787
2.08692435985586,21.99583879207342
2.0867521471120107,21.993294830942055
2.086579962787766,21.990750869810697
2.0864078068760907,21.98820690867933
2.086235679369953,21.986459514535227
2.0860635802623233,21.98820884111742
2.085891509546174,21.98995816769961
2.08571946721448,21.991707494281798
2.0855474532602187,21.99345682086399
2.0853754676763696,21.995206147446183
2.0852035104559143,21.996955474028375
2.085031581591837,21.99870480061057
2.0848596810771247,21.99825481356377
2.084687808904765,21.99568497165928
2.0845159650677503,21.994286822116923
2.0843441495590733,21.99427683972278
2.08417236237173,21.99426685732864
2.084000603498718,21.994256874934493
2.0838288729330388,21.994246892540364
2.0836571706676934,21.99423691014622
2.0834854966956877,21.994226927752077
2.0833138510100286,22.003808251776537
2.083142233603726,22.020899468931304
2.0829706444697917,22.037990686086072
2.0827990836012398,22.052045398579303
2.0826275509910865,22.06454674279675
2.082456046632351,22.077048087014198
2.082284570518054,22.08954943123163
2.082113122641219,22.10205077544908
2.0819417029948717,22.114552119666527
2.08177031157204,22.127053463883975
2.081598948365754,22.13955480810142
2.081427613369047,22.152056152318867
2.0812563065749528,22.16455749653631
2.081085027976509,22.177058840753745
2.080913777566755,22.189453712406983
2.0807425553387326,22.200990619593714
2.080571361285486,22.21252752678044
2.0804001954000606,22.22158306637987
2.080229057675506,22.220824869030338
2.0800579481048724,22.220066671680804
2.0798868666812136,22.21930847433127
2.0797158133975846,22.21855027698174
2.0795447882470435,22.217792079632197
2.0793737912226495,22.217033882282664
2.0792028223174657,22.21627568493313
2.079031881524556,22.2155174875836
2.078860968836988,22.21475929023407
2.0786900842478304,22.214001092884537
2.0785192277501547,22.213242895535004
2.0783483993370346,22.212484698185463
2.078177599001546,22.21172650083593
2.078006826736767,22.171836512348413
2.0778360825357782,22.129071991592447
2.0776653663916624,22.08630747083648
2.077494678297505,22.043542950080514
2.0773240182463932,22.000778429324548
2.077153386231416,21.95801390856858
2.0769827822456666,21.91582479413281
2.076812206282238,21.873640222490558
2.0766416583342266,21.83145565084826
2.0764711383947314,21.8057724814867
2.0763006464568536,21.793398126475353
2.076130182513696,21.781023771464007
2.0759597465583646,21.768649416452657
2.0757893385839665,21.756275061441308
2.075618958583612,21.74390070642997
2.0754486065504136,21.73152635141862
2.0752782824774854,21.719151996407277
2.0751079863579442,21.706777641395927
2.0749377181849096,21.694403286384578
2.0747674779515024,21.68202893137323
2.0745972656508465,21.670142836932637
2.0744270812760672,21.65980679266265
2.0742569248202933,21.649470748392666
2.0740867962766547,21.639134704122686
2.073916695638284,21.6287986598527
2.073746622898316,21.618462615582715
2.0735765780498876,21.60812657131273
2.0734065610861383,21.597790527042747
2.0732365720002104,21.58745448277276
2.0730666107852467,21.577118438502772
2.072896677434394,21.571764102755495
2.0727267719408,21.573810506168385
2.0725568942976156,21.575856909581283
2.0723870444979937,21.577903312994177
2.0722172225350897,21.57994971640707
2.07204742840206,21.58199611981997
2.071877662092065,21.584042523232863
2.0717079235982663,21.586088926645758
2.0715382129138273,21.588135330058652
2.0713685300319153,21.448572352617262
2.0711988749456984,21.47278556004516
2.071029247648347,21.496998767473055
2.0708596481330344,21.52121197490095
2.0706900763929355,21.54542518232885
2.0705205324212286,21.569638389756747
2.0703510162110925,21.593851597184642
2.0701815277557096,21.618064804612516
2.070012067048264,21.64227801204041
2.0698426340819416,21.666491219468305
2.0696732288499318,21.690704426896204
2.069503851345425,21.714899197424387
2.0693345015616145,21.739061165783326
2.0691651794916956,21.763223134142265
2.0689958851288655,21.787385102501204
2.0688266184663244,21.811547070860144
2.068657379497274,21.835709039219054
2.0684881682149188,21.859871007577993
2.068318984612465,21.884032975936933
2.0681498286831212,21.90445634511034
2.0679807004200983,21.9032957878355
2.0678115998166096,21.904696424030952
2.0676425268658702,21.90893585926704
2.0674734815610982,21.913175294503134
2.0673044638955127,21.91741472973922
2.0671354738623355,21.921654164975312
2.0669665114547913,21.925893600211403
2.0667975766661066,21.93013303544749
2.0666286694895097,21.935403019940765
2.0664597899182318,21.943492969109887
2.0662909379455052,21.95158291827901
2.066122113564566,21.959672867448134
2.0659533167686512,21.96776281661726
2.065784547551001,21.975852765786378
2.0656158059048564,21.983942714955504
2.065447091823462,21.992032664124622
2.065278405300064,22.000122613293748
2.065109746327911,22.008212562462866
2.064941114900254,22.01630251163199
2.0647725110103456,22.024392460801117
2.0646039346514407,22.03248240997024
2.064435385816797,22.04241256519777
2.064266864499674,22.052385875898445
2.064098370693333,22.062359186599117
2.0639299043910384,22.07233249729979
2.063761465586056,22.082305808000466
2.0635930542716543,22.092279118701143
2.063424670441104,22.102252429401815
2.063256314087678,22.112225740102495
2.06308798520465,22.122199050803168
2.0629196837852986,22.132172361503844
2.0627514098229023,22.138655158634734
2.0625831633107423,22.14294395606874
2.062414944242103,22.147232753502742
2.06224675261027,22.151422969897165
2.0620785884085318,22.15543527596836
2.0619104516301774,22.159447582039554
2.061742342268501,22.16345988811075
2.0615742603167955,22.16747219418194
2.0614062057683586,22.171484500253133
2.061238178616489,22.175496806324325
2.0610701788544885,22.179509112395518
2.06090220647566,22.18352141846671
2.0607342614733093,22.187533724537904
2.0605663438407436,22.1915460306091
2.0603984535712736,22.195558336680293
2.0602305906582106,22.199570642751485
2.060062755094869,22.203582948822678
2.0598949468745658,22.207595254893874
2.059727165990619,22.21235966060787
2.0595594124363505,22.220608593260522
2.0593916862050823,22.234816697636113
2.0592239872901392,22.255421835357318
2.0590563156848494,22.276026973078523
2.058888671382542,22.296632110799727
2.058721054376549,22.317237248520932
2.058553464660204,22.337842386242137
2.058385902226843,22.358447523963346
2.058218367069804,22.37905266168455
2.058050859182428,22.399657799405755
2.0578833785580573,22.425713719414617
2.0577159251900357,22.442718011040476
2.0575484990717112,22.458229658133874
2.0573811001964324,22.47374130522728
2.0572137285575502,22.489252952320676
2.0570463841484186,22.504764599414074
2.056879066962393,22.52027624650748
2.0567117769928305,22.53578789360087
2.0565445142330914,22.551299540694266
2.0563772786765373,22.566811187787664
2.0562100703165327,22.579269704250883
2.0560428891464437,22.589288525309325
2.0558757351596393,22.599307346367773
2.0557086083494895,22.609326167426218
2.0555415087093674,22.61934498848466
2.055374436232648,22.629363809543108
2.055207390912708,22.637718039963893
2.0550403727429267,22.639302242888476
2.054873381716686,22.64088644581306
2.054706417827369,22.642470648737646
2.0545394810683617,22.644054851662233
2.054372571433052,22.645639054586816
2.0542056889148292,22.6472232575114
2.0540388335070863,22.648807460435982
2.0538720052032167,22.650391663360566
2.0537052039966177,22.651975866285152
2.053538429880687,22.65356006920974
2.0533716828488267,22.655144272134322
2.053204962894438,22.656728475058905
2.0530382700109273,22.658312677983492
2.052871604191701,22.65989688090808
2.0527049654301686,22.65906692854346
2.0525383537197412,22.641835973772306
2.052371769053833,22.624605019001155
2.0522052114258593,22.607374064230008
2.052038680829238,22.590143109458857
2.051872177257389,22.572912154687707
2.0517057007037347,22.555681199916556
2.051539251161699,22.538450245145405
2.051372828624709,22.52121929037425
2.0512064330861923,22.503988335603104
2.05104006453958,22.50814805713338
2.0508737229783045,22.518661850006634
2.0507074083958012,22.52917564287989
2.050541120785507,22.539689435753143
2.050374860140861,22.5502032286264
2.0502086264553046,22.560717021499656
2.050042419722281,22.57123081437291
2.0498762399352364,22.581744607246147
2.0497100870876177,22.592258400119402
2.049543961172875,22.602772192992656
2.04937786218446,22.61328598586591
2.049211790115827,22.623799778739166
2.0490457449604325,22.634313571612424
2.048879726711734,22.64482736448568
2.048713735363193,22.655341157358915
2.0485477709082707,22.664707958742135
2.0483818333404322,22.669556156514698
2.048215922653145,22.67440435428726
2.048050038839877,22.67925255205983
2.0478841818941,22.684100749832396
2.0477183518092867,22.689574621704033
2.047552548578912,22.695320157508707
2.0473867721964543,22.70106569331338
2.047221022655392,22.706811229118046
2.047055299949207,22.712556764922716
2.046889604071383,22.718302300727395
2.0467239350154056,22.724047836532066
2.046558292774763,22.72979337233674
2.0463926773429453,22.735538908141415
2.046227088713444,22.74128444394609
2.046061526879754,22.743546427691385
2.0458959918353714,22.742212125337357
2.045730483573794,22.737961079067205
2.045565002088523,22.73371003279705
2.045399547373061,22.729458986526897
2.0452341194209125,22.725207940256745
2.0450687182255844,22.72095689398659
2.0449033437805855,22.716705847716437
2.0447379960794274,22.712454801446285
2.0445726751156226,22.708203755176125
2.0444073808826864,22.703952708905973
2.0442421133741364,22.699701662635817
2.044076872583492,22.695450616365665
2.0439116585042743,22.691199570095513
2.0437464711300075,22.686948523825357
2.0435813104542166,22.682697477555205
2.0434161764704304,22.6767757686262
2.043251069172178,22.667000176494184
2.043085988552991,22.65722458436216
2.0429209346064043,22.647448992230142
2.042755907325954,22.637673400098123
2.042590906705178,22.629399496719373
2.042425932737617,22.621810101835578
2.042260985416813,22.61422070695179
2.0420960647363104,22.606631312067996
2.041931170689657,22.599041917184202
2.0417663032704,22.591452522300408
2.0416014624720904,22.58386312741662
2.0414366482882818,22.576273732532826
2.0412718607125284,22.56868433764904
2.0411070997383876,22.561094942765244
2.040942365359418,22.559352808848182
2.040777657569182,22.560205477848932
2.0406129763612415,22.561058146849682
2.040448321729162,22.561910815850432
2.0402836936665114,22.562763484851185
2.040119092166859,22.56361615385194
2.0399545172237765,22.56446882285269
2.0397899688308367,22.56532149185344
2.0396254469816166,22.56617416085419
2.039460951669693,22.56702682985494
2.039296482888646,22.567615308127863
2.0391320406320577,22.567652437914447
2.0389676248935116,22.567689567701034
2.0388032356665944,22.56772669748762
2.038638872944894,22.5677638272742
2.0384745367219996,22.567800957060786
2.038310226991505,22.56783808684737
2.0381459437470038,22.567875216633954
2.0379816869820924,22.56791234642054
2.037817456690369,22.567949476207126
2.0376532528654345,22.494176206262054
2.037489075500891,22.496472187559892
2.037324924590344,22.49876816885773
2.0371608001273995,22.501064150155564
2.0369967021056663,22.503360131453405
2.036832630518755,22.50565611275124
2.0366685853602795,22.50795209404908
2.0365045666238535,22.510248075346915
2.0363405743030945,22.51254405664475
2.0361766083916217,22.51484003794259
2.036012668883056,22.51642839631836
2.0358487557710205,22.51661300546786
2.0356848690491405,22.516797614617367
2.0355210087110436,22.516982223766874
2.0353571747503585,22.517166832916374
2.0351933671607165,22.517351442065873
2.0350295859357517,22.51753605121538
2.034865831069099,22.51772066036488
2.034702102554396,22.517905269514383
2.034538400385282,22.518089878663886
2.0343747245554,22.518679948459116
2.0342110750583915,22.522155470293157
2.034047451887904,22.52563099212719
2.033883855037584,22.529106513961224
2.033720284501082,22.53258203579526
2.03355674027205,22.5360575576293
2.0333932223441407,22.539533079463332
2.033229730711011,22.54300860129737
2.033066265366319,22.546484123131407
2.032902826303724,22.54995964496544
2.0327394135168886,22.553435166799478
2.032576026999476,22.556910688633515
2.0324126667451536,22.56038621046755
2.0322493327475883,22.49299245837014
2.032086025000451,22.3837581676987
2.0319227434974136,22.274523877027264
2.0317594882321504,22.165289586355826
2.031596259198338,22.056055295684388
2.031433056389654,21.946821005012946
2.0312698797997792,22.498031201693337
2.031106729422396,22.470065433810312
2.030943605251189,22.44209966592728
2.0307805072798435,22.413789192106123
2.0306174355020494,22.38225902158603
2.030454389911496,22.350728851065934
2.0302913705018772,22.319198680545846
2.030128377266886,22.28766851002575
2.02996541020022,22.256138339505654
2.0298024692955767,22.22460816898556
2.029639554546658,22.19307799846547
2.0294766659471657,22.161547827945373
2.0293138034908043,22.1319569598755
2.0291509671712813,22.10432557261226
2.028988156982305,22.07669418534902
2.0288253729175856,22.04906279808578
2.0286626149708367,22.021431410822544
2.028499883135772,21.993800023559306
2.028337177406109,21.966168636296068
2.0281744977755665,21.938537249032834
2.028011844237865,21.910905861769592
2.0278492167867275,21.883274474506358
2.0276866154158784,21.855643087243116
2.027524040119045,21.830198375398822
2.0273614908899558,21.804763029358018
2.0271989677223416,21.779327683317213
2.0270364706099357,21.753892337276408
2.026873999546473,21.728456991235603
2.02671155452569,21.7030216451948
2.0265491355413254,21.677586299153994
2.0263867425871203,21.657031856717747
2.026224375656818,21.655644776967158
2.026062034744163,21.654257697216575
2.025899719842902,21.652870617465993
2.025737430946785,21.65148353771541
2.0255751680495613,21.65009645796483
2.0254129311449844,21.648709378214242
2.02525072022681,21.64732229846366
2.0250885352887944,21.645935218713074
2.0249263763246965,21.64454813896249
2.0247642433282773,21.643161059211906
2.0246021362932995,21.641773979461327
2.024440055213528,21.64038689971074
2.0242780000827305,21.640316585603372
2.024115970894675,21.641310832872747
2.023953967643133,21.642305080142116
2.0237919903218766,21.643299327411484
2.023630038924682,21.64429357468085
2.0234681134453245,21.64528782195022
2.023306213877584,21.646282069219588
2.023144340215241,21.64727631648896
2.0229824924520785,21.64827056375833
2.0228206705818814,21.6492648110277
2.022658874598436,21.65025905829707
2.022497104495532,21.649558048820687
2.02233536026696,21.648366209403605
2.0221736419065115,21.64717436998652
2.022011949407983,21.645982530569434
2.0218502827651705,21.64479069115235
2.0216886419718727,21.643598851735266
2.0215270270218904,21.64240701231818
2.0213654379090262,21.6412151729011
2.021203874627085,21.640023333484017
2.021042337169874,21.638831494066924
2.0208808255312003,21.637639654649842
2.0207193397048755,21.636499561728016
2.020557879684713,21.637955424671016
2.0203964454645256,21.639411287614017
2.0202350370381312,21.64086715055702
2.020073654399348,21.64232301350002
2.0199122975419965,21.64377887644302
2.019750966459899,21.64523473938602
2.01958966114688,21.646690602329024
2.019428381596766,21.648146465272024
2.019267127803386,21.649602328215025
2.0191058997605693,21.65004469569672
2.0189446974621488,21.649681653819762
2.018783520901959,21.649318611942803
2.0186223700738353,21.648955570065848
2.0184612449716175,21.64859252818889
2.0183001455891443,21.648229486311934
2.0181390719202588,21.647866444434975
2.0179780239588045,21.647503402558016
2.017817001698628,21.647140360681057
2.0176560051335772,21.646777318804105
2.0174950342575024,21.646414276927146
2.017334089064255,21.646051235050187
2.0171731695476898,21.64568819317323
2.017012275701662,21.648479702988023
2.0168514075200297,21.651564467238586
2.016690564996653,21.654649231489145
2.0165297481253934,21.65773399573971
2.0163689569001146,21.66081875999027
2.016208191314683,21.66390352424083
2.016047451362965,21.666988288491392
2.015886737038832,21.670073052741955
2.015726048336154,21.673157816992514
2.015565385248805,21.680262540272434
2.0154047477706607,21.691046111323775
2.0152441358955984,21.701829682375113
2.015083549617498,21.712613253426454
2.01492298893024,21.723396824477796
2.0147624538277085,21.734180395529137
2.014601944303788,21.744963966580475
2.0144414603523657,21.755747537631816
2.0142810019673316,21.766531108683157
2.014120569142576,21.7773146797345
2.0139601618719922,21.78809825078584
2.0137997801494754,21.798881821837178
2.013639423968922,21.80966539288852
2.0134790933242317,21.82044896393986
2.013318788209305,21.831508210890085
2.0131585086180435,21.847279926960006
2.012998254544353,21.863051643029934
2.012838025982141,21.878823359099854
2.0126778229253137,21.894595075169782
2.0125176453677835,21.910366791239706
2.0123574933034627,21.92613850730963
2.012197366726265,21.93577414781674
2.012037265630107,21.937461486033293
2.0118771900089074,21.93914882424985
2.0117171398565854,21.940836162466404
2.011557115167064,21.94252350068296
2.011397115934267,21.944210838899515
2.0112371421521202,21.94589817711607
2.011077193814552,21.947585515332626
2.010917270915492,21.949272853549182
2.010757373448872,21.950960191765727
2.010597501408626,21.952647529982283
2.010437654788689,21.95433486819884
2.010277833582999,21.956022206415394
2.0101180377854955,21.957709544631946
2.0099582673901195,21.9593968828485
2.009798522390815,21.961084221065057
2.0096388027815277,21.962771559281606
2.0094791085562034,21.96445889749816
2.009319439708792,21.966146235714717
2.009159796233245,21.967833573931273
2.009000178123515,21.96952091214783
2.0088405853735565,21.966439681357173
2.0086810179773265,21.96106068916625
2.0085214759287844,21.955681696975326
2.0083619592218898,21.950302704784402
2.0082024678506065,21.94492371259347
2.008043001808898,21.774824630807295
2.0078835610907313,21.800080499095362
2.0077241456900743,21.82533636738343
2.0075647556008973,21.850592235671492
2.0074053908171727,21.875848103959562
2.0072460513328747,21.893881892092246
2.0070867371419787,21.886243010905915
2.0069274482384634,21.88690415073971
2.006768184616308,21.887565290573512
2.0066089462694943,21.888226430407308
2.006449733192006,21.888887570241103
2.006290545377829,21.8895487100749
2.00613138282095,21.8902098499087
2.005972245515359,21.8908709897425
2.0058131334550473,21.891532129576294
2.005654046634008,21.892193269410093
2.0054949850462354,21.89285440924389
2.0053359486857274,21.893515549077684
2.0051769375464823,21.894176688911482
2.0050179516225017,21.89483782874528
2.0048589909077874,21.895498968579076
2.0047000553963445,21.89567624317847
2.0045411450821793,21.89569971260245
2.0043822599593004,21.89181771185598
2.0042234000217176,21.887935711109506
2.0040645652634437,21.884053710363034
2.0039057556784923,21.88017170961656
2.0037469712608798,21.87628970887009
2.003588212004624,21.872407708123617
2.0034294779037443,21.868525707377145
2.003270768952263,21.864643706630673
2.003112085144203,21.8607617058842
2.0029534264735904,21.85687970513773
2.002794792934452,21.852997704391257
2.0026361845208176,21.849115703644785
2.0024776012267176,21.845233702898312
2.0023190430461857,21.84135170215184
2.002160509973257,21.837469701405368
