B(T),MR(%)
33.13,112.7343647705311
33.08665270736535,112.77055579826018
33.043418697708276,112.12107688866914
33.000297527530975,112.31759305492565
32.95728875564765,112.77423363926883
32.91439194316949,111.53307516483076
32.87160665348971,111.85459760832178
32.82893245226875,112.12005778827718
32.786368907419586,112.46077079496983
32.74391558909314,111.23964536690488
32.70157206966381,112.28291683344324
32.6593379237151,112.93363783161456
32.61721272802539,112.11572889982486
32.57519606155382,111.16028663854026
32.53328750542617,111.52159614549839
32.49148664292109,113.00396015133461
32.449793059456134,112.48371006739669
32.40820634257416,112.97512903042363
32.366726081929684,111.6966877677664
32.32535186927539,110.73181448725603
32.28408329844873,111.08668392122017
32.242919965358666,111.6621197938742
32.20186146797243,111.65569125555537
32.16090740630248,110.70253303010787
32.12005738239348,111.46870792111613
32.07931100030944,110.90771898333963
32.03866786612088,110.59388577484685
31.99812758789219,110.08138246593123
31.957689775668978,110.13545440002855
31.917354041465625,110.63395034679183
31.877119999252802,111.95166251146466
31.83698726494524,111.63407089476422
31.796955456389416,111.62923170841198
31.757024193351526,112.00081774862784
31.717193097505337,112.29051869740047
31.677461792420345,112.41586987001527
31.637829903549818,111.26628607114094
31.59829705821912,113.1694114056256
31.558862885613934,113.19823618059519
31.51952701676877,111.42640305498406
31.48028908455535,109.71028568250307
31.441148723671294,111.11778516339868
31.40210557062868,111.65092806578414
31.363159263742894,111.60721957295323
31.324309443121354,111.77258331616505
31.285555750652534,111.6538652388461
31.24689782999486,111.01805258318562
31.208335326565884,110.68374765369745
31.169867887531336,111.18199034145755
31.131495161794472,112.28590784038589
31.093216799985303,111.60055114159253
31.055032454450064,110.44628733259088
31.01694177924061,108.92759144141138
30.978944430104068,109.41347328156573
30.941040064472354,111.28956685091734
30.903228341451992,110.94667209255701
30.86550892181378,111.8726964713081
30.82788146798276,109.80270214592548
30.790345644028033,110.02587025415056
30.752901115652875,110.04478808769733
30.715547550184706,110.72595906559853
30.678284616565335,110.61990536640324
30.641111985341087,111.0175102573757
30.60402932865319,109.40072073788875
30.567036320228034,109.75935022911673
30.530132635367703,110.96919356199027
30.49331795094038,111.17258193734804
30.45659194537101,109.8150490260166
30.41995429863183,111.25545367006073
30.383404692233196,112.23999953767999
30.346942809214227,110.81579708889487
30.310568334133766,111.88962350952364
30.27428095306116,111.10088578147463
30.238080353567362,111.13188217235856
30.201966224715818,110.42180440251408
30.16593825705371,110.71332838336673
30.12999614260299,111.1708384254644
30.094139574851717,110.09439318136056
30.058368248745225,108.42868809592736
30.022681860677604,106.8895557129407
29.987080108482985,107.61003731672355
29.95156269142711,109.84826583153497
29.916129310198784,110.35503303988453
29.880779666901557,108.209843411631
29.84551346504527,106.96386980756014
29.810330409537865,107.3073141242166
29.775230206677072,109.03061671663218
29.740212564142322,109.15137667377954
29.70527719098652,108.95552052447138
29.67042379762812,109.09170473715547
29.635652095842993,110.5150019334093
29.6009617987566,108.85056090147285
29.566352620835993,110.42036272059606
29.531824277882087,111.34825617411614
29.49737648702178,110.19366822577699
29.463008966700315,111.20591497526193
29.428721436673538,110.76025834411385
29.394513618000353,110.5169196745432
29.36038523303507,111.25996476419056
29.32633600541999,110.49322380510208
29.29236566007785,111.53309813473912
29.258473923204505,111.1940647690129
29.224660522261487,110.97999992155249
29.190925185968794,110.75035881755551
29.15726764429752,110.14461747292285
29.12368762846277,109.44952560541304
29.0901848709164,109.40853047684469
29.056759105340006,108.32789006424404
29.023410066637773,108.9659896376351
28.99013749092956,110.27145976064938
28.956941115543845,109.15417007579148
28.92382067901092,108.09878303408377
28.89077592105591,107.70798254001713
28.85780658259206,107.86990171794982
28.82491240571388,109.47862658295645
28.792093133690496,109.11575529755245
28.759348510958887,110.81255135509865
28.72667828311734,109.95421293509963
28.694082196918778,110.42208653772457
28.661560000264295,109.67984568556133
28.62911144219658,109.9070457516842
28.59673627289354,109.29098901470218
28.564434243661807,108.22956400884412
28.53220510693045,109.04366242152008
28.500048616244577,109.26083503353384
28.467964526259127,108.34775886341845
28.435952592732544,108.84630509795136
28.404012572520678,108.02412738673223
28.37214422357053,107.84460544681878
28.34034730491422,109.20384206812982
28.308621576662855,108.91284115900814
28.27696680000054,109.91056493293132
28.245382737178335,108.79567312879334
28.21386915150838,108.43600389620963
28.18242580735788,108.91139130775431
28.15105247014334,108.97062635704305
28.119748906324634,109.5630198813671
28.088514883399295,108.71898538954164
28.05735016989668,108.8204223321642
28.026254535372328,107.74008870360319
27.995227750402204,107.91016519812442
27.964269586577142,108.33267179385405
27.933379816497144,108.82033784683702
27.902558213765907,108.62337692545101
27.871804552985207,110.6107773976956
27.841118609749476,111.02077320347146
27.810500160640284,111.24736754881758
27.779948983220976,110.0883270111245
27.74946485603122,110.0492863481836
27.719047558581725,110.21452471704525
27.68869687134885,110.246853399079
27.658412575769407,110.26483030293058
27.62819445423533,110.1669370747783
27.598042290088543,108.89023265941876
27.567955867615698,107.97327041042257
27.53793497204312,108.06866954309425
27.50797938953161,107.95510625625184
27.478088907171447,108.53373559790866
27.44826331297727,107.98602038925347
27.41850239588315,107.69999881911286
27.3888059457375,107.51339118561081
27.359173753298254,107.10131546993324
27.329605610227848,107.5757024664152
27.30010130908841,108.33400234684053
27.270660643336853,108.56034307029421
27.241283407320108,108.20707855487917
27.21196939627028,109.01552011112705
27.18271840629995,107.7791660486185
27.153530234397387,109.27853619125551
27.12440467842191,110.82960846841888
27.09534153709917,109.81837778863898
27.06634061001656,109.69138828187774
27.037401697618556,110.32761323438496
27.008524601202204,109.62710218314912
26.9797091229125,110.25953334182941
26.950955065737947,108.1459082052775
26.922262233505986,107.85172141727494
26.893630430878616,108.90990072892848
26.865059463347887,109.20297643058228
26.836549137231554,110.00115023508894
26.808099259668648,110.28684533187737
26.779709638615188,109.36471038431517
26.751380082839795,107.72184558840209
26.723110401919456,106.97611358959833
26.694900406235202,106.489509709755
26.666749906967937,107.97342820324866
26.638658716094135,108.62059337716278
26.610626646381753,107.77570662731976
26.582653511385985,108.48765978610213
26.554739125445202,107.47927392539108
26.52688330367677,108.2305186782444
26.49908586197304,108.16335133210269
26.471346616997227,106.65776031397473
26.44366538617945,107.49039315311529
26.416041987712646,106.67095332229863
26.38847624054867,106.86659188923895
26.36096796439426,106.18880583588495
26.333516979707195,107.21164244911952
26.30612310769229,108.17101124339945
26.27878617029761,106.506364854557
26.251505990210536,106.95734686578743
26.22428239085399,108.56154749612539
26.197115196382562,109.33051394805271
26.170004231678803,109.56428925224277
26.142949322349377,108.93935256076568
26.115950294721408,108.37922803374835
26.08900697583867,108.6019520315067
26.062119193458,107.72975710726033
26.035286776045513,108.02410131718814
26.008509552773067,107.8026148791139
25.98178735351453,109.09555132682604
25.955120008842286,108.20269074629138
25.92850735002354,108.02594130783508
25.901949209016877,107.3907231493132
25.875445418468612,107.29293595856176
25.848995811709372,107.43813846926024
25.822600222750523,106.76764733966716
25.79625848628077,106.22302897297493
25.769970437662625,106.49182218596188
25.743735912929072,106.2209429975476
25.717554748780064,105.11552218183039
25.691426782579207,105.70490668694426
25.665351852350337,105.01965979359241
25.639329796774238,105.70734014588295
25.61336045518523,106.61564681604719
25.587443667567953,106.27382662644563
25.561579274553996,105.79962200865839
25.53576711741871,104.90306585151734
25.510007038077884,106.07544803992732
25.484298879084587,106.32792214861271
25.458642483625905,106.80937500350146
25.4330376955198,106.4689449332599
25.407484359211885,106.80005670246489
25.381982319772344,107.46933599767397
25.35653142289273,106.51455393478668
25.33113151488291,106.39240991583716
25.305782442667923,105.90915641777288
25.28048405378496,105.67367119135344
25.255236196380242,104.85680149933083
25.230038719206046,103.92712617031654
25.20489147161763,104.14936702826631
25.179794303570276,103.86487320019437
25.154747065616267,104.8262551831047
25.129749608901957,104.22320615361525
25.104801785164785,103.94003047903848
25.079903446730388,103.8035592241231
25.05505444650963,104.45934649879447
25.03025463799577,105.62912546272776
25.00550387526152,105.74501863014686
24.980802012956246,105.4240457818398
24.956148906303056,105.73046755998195
24.931544411096034,105.78951093750382
24.906988383697374,107.15972306586228
24.88248068103464,106.42350531433257
24.85802116059792,105.39761797016592
24.833609680437146,106.24018440623774
24.809246099159264,106.7764573190399
24.78493027592557,106.44668987326966
24.760662070448955,106.16262566719207
24.73644134299123,106.32983785568365
24.712267954360428,105.67270180703844
24.68814176590816,106.60450132685992
24.664062639526925,105.78646818539976
24.640030437647535,104.47994445335202
24.616045023236417,105.57902923983754
24.59210625979309,104.97688754851926
24.568214011347507,104.0397125763185
24.544368142457536,103.10323769846451
24.520568518206343,102.45685733881118
24.49681500419992,102.64955048798353
24.47310746656447,103.73494397917537
24.44944577194398,103.2877507490653
24.42582978749764,103.33987096643988
24.402259380897423,103.26448007352045
24.37873442032556,103.31786117414495
24.35525477447213,102.45639612195444
24.33182031253257,103.21207802354566
24.308430904205302,103.13118392501507
24.28508641968925,104.08816750650189
24.261786729681504,103.5836045572483
24.238531705374882,104.1997879601067
24.2153212184556,104.12369616536392
24.192155141100866,104.51318334062137
24.16903334597658,105.65664301133377
24.145955706234954,106.36829630399514
24.122922095512244,105.91077043627487
24.099932387926394,105.98982948786076
24.07698645807479,106.09737689317305
24.054084181031914,106.30254379470665
24.031225432347167,106.22244472417498
24.008410088042524,106.29779975457176
23.98563802461037,105.79415816753085
23.9629091190112,106.4066872788857
23.940223248671476,106.07592622043654
23.917580291481347,104.34588451815824
23.894980125792536,103.38032991245622
23.872422630416086,103.30854581881432
23.84990768462027,103.51876722751757
23.827435168128357,103.17661858455682
23.805004961116545,102.23787852766327
23.782616944211775,101.86632482267774
23.760270998489652,101.63415431843242
23.7379670054723,101.82932154226623
23.715704847126325,102.2517453825599
23.693484405860662,103.59905038482813
23.671305564524573,103.77889877860748
23.64916820640553,103.41324315090661
23.627072215227223,103.74262382597799
23.60501747514746,104.65391231060536
23.58300387075621,104.39375752882114
23.561031287073543,105.10226339436697
23.539099609547648,105.42096918087012
23.51720872405283,104.94988361699654
23.49535851688755,105.19646050579466
23.473548874772423,105.71917885797944
23.451779684848315,105.61319717340434
23.43005083467433,105.7002792919613
23.40836221222593,105.57430796134939
23.386713705892966,105.3367804504083
23.365105204477814,104.62719926307653
23.343536597193406,103.61474774203515
23.322007773661404,103.20367256202894
23.300518623910257,103.54101222664843
23.279069038373386,103.00252113667571
23.257658907887265,102.5609234740296
23.23628812368962,101.93026728051717
23.21495657741754,102.16805324626071
23.193664161105694,102.16729076005991
23.172410767184463,102.59181208520621
23.15119628847817,101.77143388574504
23.130020618203247,101.49850045882492
23.108883649966458,101.95233305385517
23.08778527776311,102.37320445529477
23.066725395975297,101.46408994427767
23.04570389937011,100.90105338025694
23.02472068309792,101.27153855006063
23.00377564269059,102.20580654688477
22.982868674059795,102.92388639253457
22.961999673495235,102.31276850847418
22.941168537662993,102.43172424973815
22.920375163603747,102.68364252109006
22.899619448731166,102.31160729727469
22.878901290830125,102.66978399905781
22.858220588055122,103.18526306891312
22.837577238928517,103.29930508842676
22.816971142338968,103.67485122976498
22.79640219753968,103.49482566516443
22.775870304146864,103.20815138383325
22.755375362138004,103.26484228700349
22.734917271850332,103.2186432382891
22.71449593397912,102.67676052305328
22.69411124957615,102.31949943611265
22.67376312004805,102.57169289473683
22.653451447154772,101.8630382211613
22.633176133007947,100.65903724409635
22.612937080069358,101.28048396936663
22.592734191149344,102.29242680055637
22.57256736940528,102.12775375071591
22.552436518339984,101.84638507344246
22.532341541800232,101.49376111280131
22.512282343975166,100.97397959237264
22.492258829394835,100.8245025226501
22.472270902928617,100.94743794507463
22.452318469783773,101.55464043869321
22.432401435503895,102.47452426530748
22.412519705967465,102.79650169832874
22.392673187386322,102.17479298840232
22.372861786304234,101.7094594246921
22.353085409595387,101.7782955695208
22.33334396446298,102.33166228791009
22.313637358437706,101.72721459811561
22.293965499376377,101.57949256265448
22.274328295460425,100.98478521579516
22.25472565519453,101.47334392527455
22.235157487405157,100.70998473142299
22.215623701239167,100.41762655264155
22.196124206162388,100.7460045651464
22.176658911958253,101.31206211317094
22.157227728726358,101.27075485625923
22.137830566881135,100.49833278931031
22.118467337150417,100.3980274488876
22.09913795057413,99.93724076581003
22.079842318502862,99.96225658214442
22.06058035259658,99.57396729137923
22.041351964823217,99.26486947539247
22.022157067457382,99.09532261905764
22.00299557307898,98.85762941298341
21.983867394571938,99.79729202096229
21.964772445122822,99.85571400574403
21.94571063821959,100.09647529188388
21.926681887650226,100.20720762818713
21.907686107501487,100.25550965582572
21.88872321215757,99.67624141339755
21.86979311629887,100.19472864858761
21.850895734900643,99.97081011768782
21.832030983231807,99.8898101530784
21.813198776853593,100.03589636989201
21.79439903161836,99.85155765781106
21.775631663668285,99.55446617733341
21.75689658943416,99.08226133794241
21.73819372563411,100.28007190611868
21.7195229892724,100.19632781553801
21.700884297638165,99.92145461060338
21.68227756830424,100.05529824823557
21.663702719125887,99.99372759706512
21.64515966823964,99.53318279294476
21.626648334062054,99.1943982435061
21.60816863528856,99.08305201974414
21.589720490892212,99.51658710486723
21.571303820122573,99.51903726857395
21.552918542504468,98.72827453840571
21.53456457783688,99.15999915511449
21.51624184619171,100.25540881587989
21.497950267912696,99.5342979447316
21.479689763614186,98.96158138415642
21.46146025418004,99.26079869986641
21.44326166076246,99.76078045972878
21.42509390478087,99.7648541812211
21.40695690792077,100.28604188282675
21.388850592132624,100.27372946248505
21.37077487963073,100.28266704066843
21.35272969289212,99.34229168272084
21.33471495465542,99.30315943655772
21.316730587919807,98.51201171893315
21.298776515943835,98.40911783057675
21.28085266224441,98.03522085435739
21.262958950595664,97.73946811593055
21.245095305027895,97.11656456165102
21.22726164982647,96.40310275058891
21.2094579095308,96.96530785458773
21.19168400893321,96.50834399144641
21.173939873077934,96.53570168669901
21.15622542726004,96.9795314862873
21.13854059702439,96.60556992607206
21.120885308164578,97.66319433767163
21.10325948672192,97.99026528778495
21.085663058984384,97.169516357615
21.068095951485617,97.00139075832429
21.050558091003857,97.47036092074163
21.033049404560984,97.63570759884877
21.015569819421433,98.49593641495011
20.99811926309126,98.71648637468246
20.980697663317095,98.11341301969715
20.963304948085153,98.06416462727704
20.94594104562024,97.61612123511962
20.928605884384794,97.43476205262418
20.911299393077847,98.16517764422133
20.89402150063411,98.59851350762231
20.876772136222947,98.47052412710147
20.859551229247444,98.57544143397448
20.842358709343422,98.48504070324104
20.825194506378505,99.10102793805093
20.808058550451126,98.55575427616827
20.790950771889623,96.72939416751129
20.77387110125126,96.53226588121545
20.75681946932131,96.05076757496809
20.73979580711211,95.41817728003136
20.72280004586213,95.07139398209054
20.705832117035044,94.6929139412903
20.68889195231883,94.7500688082736
20.67197948362481,94.56049437229802
20.655094643086798,94.54593116074574
20.638237363060128,95.13157773335665
20.62140757612081,95.15103499408377
20.60460521506457,95.29013872512132
20.587830212906027,95.06059858687891
20.57108250287773,95.11117767721271
20.554362018429327,95.90871242920242
20.53766869322665,96.60349389562268
20.521002461150868,96.29754753919948
20.504363256297573,96.4332166916962
20.487751012975956,97.73866524669852
20.471165665707904,98.45718433564724
20.45460714922718,97.9911938661559
20.438075398478514,98.2157783382396
20.421570348616807,97.26007289627226
20.40509193500624,96.59526173326813
20.38864009321947,96.7833622326363
20.37221475903673,97.19673911643079
20.35581586844507,96.87053814246428
20.339443357637464,96.48546396125795
20.32309716301202,96.74148099795067
20.306777221171117,96.2090427565655
20.29048346892064,96.30439047716735
20.27421584326911,95.51603688002666
20.25797428142692,95.85426154449604
20.24175872080548,95.86249980150131
20.225569099016447,94.6412802106633
20.209405353870913,94.56463842147986
20.193267423378618,94.26161697634569
20.177155245747137,93.60978898380763
20.16106875938112,94.05558511958168
20.145007902881467,95.30198439269282
20.1289726150446,95.32813719465295
20.11296283486163,95.42479697668838
20.096978501517633,96.04373976118295
20.081019554390835,95.95792844964015
20.065085933051886,94.9335911986914
20.049177577263066,94.87597497038942
20.033294426977548,96.014191440721
20.017436422338623,96.22926440919936
20.00160350367897,95.84392362858875
19.985795611519887,95.42874589358696
19.970012686570556,95.86277171080845
19.9542546697273,95.9662968213683
19.938521502072856,95.97962868723803
19.922813124875614,96.15744324237745
19.907129479588917,95.42747025226524
19.89147050785031,95.05095674106133
19.87583615148084,94.52575752374247
19.860226352484297,94.72947272933575
19.844641053046544,94.23758483512022
19.829080195534765,94.70215095922474
19.81354372249678,95.14310135778939
19.79803157666032,95.06719787281338
19.782543700932344,94.66132077934219
19.767080038398298,94.80780840635968
19.75164053232148,94.27846713270614
19.736225126142283,93.64774587560572
19.72083376347755,92.77166549790597
19.70546638811986,92.33031990288515
19.690122944036865,92.44095212173829
19.674803375370576,92.4188103773005
19.65950762643673,92.31432318609723
19.644235641724073,92.7252371350215
19.628987365893725,93.49627571870506
19.61376274377847,94.43839091481135
19.598561720382136,95.71138737150818
19.583384240878903,95.78792182678745
19.56823025061265,96.341471880241
19.553099695096304,96.30965985620908
19.537992520011183,96.23147361005485
19.522908671206345,95.86641445989912
19.507848094697945,95.14458355357758
19.492810736668588,94.15458849133685
19.47779654346669,94.5721964186492
19.462805461605836,94.39271849259259
19.447837437764157,93.63771660557286
19.432892418783666,93.40487658181041
19.41797035166968,93.84316023346865
19.403071183590143,94.05535224770037
19.388194861875036,93.65746072933041
19.373341334015734,94.186771967411
19.358510547664412,94.06515203160703
19.343702450633405,93.60228502689444
19.32891699089462,93.43379542836513
19.31415411657889,94.14450440390682
19.29941377597543,95.08072992186163
19.284695917531156,94.66691691251779
19.270000489850155,94.38990995895735
19.255327441693023,94.63690778399575
19.240676721976335,95.02950686508109
19.22604827977199,95.0555319954178
19.211442064306674,94.71125620155024
19.19685802496122,95.04465121482068
19.182296111270077,95.21817088735318
19.16775627292068,94.92398340211878
19.153238459752917,94.54950228524002
19.1387426217585,94.41192926999148
19.124268709080447,94.22027001986223
19.109816672012453,94.86111357886622
19.09538646099838,94.99196394463821
19.08097802663163,94.33052279788683
19.06659131965464,94.47315490665582
19.052226290958266,93.9162531248495
19.037882891581276,93.43624676337545
19.023561072709743,93.38467307870597
19.009260785676542,93.2083781868703
18.99498198196075,92.003363532328
18.98072461318714,92.34909469262523
18.966488631125596,92.64525903180899
18.95227398769061,92.42841284388601
18.938080634940693,92.19665725277866
18.923908525077895,92.80589574755089
18.909757610447198,93.74035370537317
18.895627843536055,93.28361504261358
18.88151917697379,93.0747552689042
18.867431563531127,93.05211616914994
18.853364956119623,92.84117425007402
18.839319307791165,93.35001704670859
18.825294571737427,93.42545357610987
18.811290701289384,93.84563174548472
18.797307649916753,94.37732037733554
18.783345371227515,94.12362807631453
18.76940381896737,93.81743909388192
18.755482947019257,94.13552906213596
18.741582709402813,94.1571938343287
18.7277030602739,94.128640989215
18.713843953924066,94.41409359662231
18.700005344780084,94.36733688785526
18.686187187403412,94.28952210727499
18.672389436489727,94.17441626948872
18.658612046868406,93.7811223393638
18.64485497350205,93.27407898017353
18.631118171485983,93.18021857700863
18.617401596047777,92.49595492209704
18.60370520254674,92.4149540535724
18.590028946473474,92.25345736750128
18.57637278344933,93.03266141623084
18.562736669226005,93.13835061119103
18.549120559684987,93.22060498999839
18.535524410837144,93.27211672257434
18.521948178822207,92.89375548980257
18.508391819908322,92.74082662494702
18.49485529049156,92.39888372183478
18.481338547095483,93.06073606048523
18.46784154637063,92.86725798851114
18.4543642450941,93.09792228690323
18.44090660016907,93.00244333483471
18.42746856862433,93.01698158381652
18.414050107613836,92.98249297949616
18.40065117441625,92.99716747818448
18.387271726434484,93.7466805627665
18.37391172119527,93.86844344197837
18.36057111634867,93.64870530765563
18.347249869667664,93.25561960090852
18.333947939047686,92.81933835992868
18.320665282506198,92.23863361686126
18.30740185818222,92.05550047152892
18.294157624335927,92.06737184302418
18.280932539348164,92.39749750583877
18.267726561720067,92.75027126195516
18.254539650072577,92.53750490699383
18.24137176314604,91.75684115233099
18.228222859799764,91.8067447778467
18.215092899011598,91.69668382360786
18.201981839877487,92.01213787723465
18.188889641611077,92.94657398323658
18.175816263543265,93.40928417386098
18.162761665121796,93.45621964860013
18.149725805910823,93.09925280157091
18.136708645590527,92.15508630665605
18.12371014395665,91.70722701410874
18.11073026092013,91.54142033469063
18.09776895650665,91.53351880997116
18.084826190856262,91.12968130760508
18.071901924222942,91.44106484053233
18.058996116974225,91.51662937262554
18.046108729590753,91.69845485325564
18.033239722665915,91.672895201787
18.02038905690541,91.5165664824234
18.007556693126887,91.38568707110961
17.99474259225949,91.18677760825099
17.981946715343533,90.95029466416236
17.969169023530025,91.22013943723287
17.956409478080356,90.89639515518114
17.943668040365843,91.0302992517565
17.930944671867376,90.98908326823883
17.918239334175016,90.54845026694548
17.905551988987618,90.77876037263552
17.892882598112426,91.13046979910834
17.880231123464718,91.30224673936893
17.867597527067396,91.0729934899771
17.854981771050635,90.94678658316633
17.842383817651474,91.08872990757214
17.82980362921347,91.28454662767713
17.81724116818629,90.80579650947502
17.804696397125372,90.46901660585172
17.79216927869152,90.82756040949275
17.77965977565057,90.95083007479693
17.767167850872973,90.73690580893272
17.75469346733348,91.19269022769433
17.74223658811074,91.69525136606359
17.729797176386942,91.83725915947491
17.717375195447467,91.36591841266187
17.704970608680515,91.13182185334165
17.69258337957674,91.06942159879557
17.68021347172891,90.80057066306183
17.667860848831527,90.59728384863524
17.655525474680502,90.59687904221363
17.643207313172766,90.45861842376341
17.630906328305944,90.45512047580156
17.61862248417799,90.26547637046103
17.60635574498686,89.62752684245055
17.59410607503012,89.59756392845196
17.581873438704648,89.70236088479365
17.569657800506263,89.48031936194093
17.55745912502939,89.53467448659882
17.5452773769667,89.49718145376961
17.5331125211088,89.39776707709203
17.520964522343874,89.70290672399041
17.50883334565735,89.64227721669309
17.496718956131552,90.02364129849573
17.484621318945393,89.71225346662402
17.472540399374004,89.74474482994202
17.460476162788442,89.54184788651156
17.44842857465532,89.64745002185371
17.436397600536512,90.78094705575047
17.424383206088795,91.13604550635918
17.412385357063556,90.35311187579299
17.400404019306418,90.66736631793324
17.388439158756977,91.08528984123778
17.37649074144842,91.11432867213435
17.364558733507252,90.93605280969587
17.352643101152932,90.49250933023168
17.340743810697607,89.89984457769336
17.32886082854573,89.62994964495098
17.316994121193805,89.58434409473165
17.30514365523003,89.43301887884628
17.293309397334006,89.20729642099019
17.281491314276415,88.79888817537743
17.269689372918716,89.02636591523587
17.25790354021282,88.6706602480894
17.2461337832008,89.1042407204865
17.234380069014577,89.49159350087771
17.222642364875608,89.4200283759493
17.210920638094585,89.18873601128868
17.199214856071144,89.11207511338424
17.18752498629354,89.1545614250295
17.17585099633836,89.51248636301861
17.164192853870226,89.79993926403739
17.152550526641487,90.13862335014052
17.140923982491923,89.8671814587458
17.12931318934846,89.78445152838793
17.117718115224857,89.60745291125048
17.106138728221435,90.05672430668017
17.094574996524752,89.93290865790247
17.08302688840736,89.96457237084769
17.071494372227452,89.8059256150934
17.05997741642864,89.77826562033434
17.048475989539607,89.7386084465891
17.036990060173867,89.45960593477264
17.025519597029444,89.34474681879385
17.014064568888625,89.58416699251869
17.00262494461763,89.91162681444892
16.991200693166377,89.55004910905316
16.979791783568164,89.72044653597749
16.968398184939417,89.60308993532351
16.957019866479392,88.80272665877047
16.94565679746991,88.74984433254276
16.93430894727506,88.7288360899976
16.922976285340965,88.24763598215692
16.911658781195452,88.01924647848125
16.900356404447837,87.632619732499
16.889069124788602,87.13866071863922
16.877796911989158,87.30162452737213
16.866539735901558,87.8478139437662
16.85529756645824,88.74215419291245
16.844070373671748,88.84749102101688
16.832858127634474,89.6161417791111
16.821660798518383,89.05105677270518
16.810478356574762,88.65199715204969
16.799310772133946,88.95681535099583
16.78815801560506,88.8665805954926
16.777020057475745,88.81031609717624
16.76589686831193,88.53738620458066
16.754788418757535,88.7649303463418
16.743694679534233,88.73817130213695
16.732615621441195,88.66084095620684
16.72155121535482,88.66206367171623
16.71050143222849,88.90465330599392
16.69946624309232,88.8131933307542
16.68844561905289,88.06939861371035
16.677439531293004,87.3875071697405
16.66644795107144,87.12291753788193
16.65547084972269,86.97014242013998
16.644508198656716,86.71114470467651
16.633559969358714,86.94991193788138
16.622626133388838,87.07065682610269
16.611706662381987,87.51573383366403
16.60080152804753,87.7434733086221
16.589910702169092,87.52741528536762
16.57903415660427,86.71337175668884
16.56817186328444,86.52250617175622
16.557323794214472,86.84887281699498
16.54648992147252,87.39397485510781
16.53567021720976,88.12167125826952
16.52486465365017,88.14203593213603
16.514073203090273,88.08250823046937
16.503295837898925,88.3798467479856
16.49253253051705,88.42656304567966
16.481783253457436,88.31976611634778
16.471047979304473,88.42683474545511
16.46032668071394,88.48448248697032
16.44961933041276,88.67698923234745
16.438925901198775,88.78983371876873
16.428246365940513,89.1673695502239
16.41758069757697,89.0504797201466
16.40692886911735,88.9892305240797
16.396290853640885,88.60650435109599
16.38566662429656,88.49283195489659
16.37505615430293,88.5565743898677
16.36445941694785,88.39225292588551
16.35387638558829,88.55160433954788
16.343307033650092,88.07556274148101
16.332751334627762,87.56270734649144
16.322209262084222,87.76871124777517
16.311680789650616,88.41637815380548
16.301165891026077,88.41951601476022
16.290664539977517,87.74533496900057
16.28017671033939,87.87890350212211
16.269702376013502,88.33218090881748
16.259241510968767,88.93767306213569
16.24879408924102,89.35391280761952
16.238360084932765,89.11278204059937
16.227939472213006,88.39901348495506
16.21753222531699,88.17213448379135
16.20713831854603,88.24138421745207
16.19675772626727,88.63019357963549
16.18639042291349,89.27647667263584
16.176036382982875,88.95206523353943
16.165695581038843,88.672326366263
16.155367991709788,88.95665690906327
16.145053589688917,88.88510805884997
16.134752349734015,88.65579725320312
16.124464246667248,88.40545790042714
16.114189255374963,88.48286519220042
16.10392735080748,88.51596105687602
16.09367850797888,88.53739012715909
16.083442701966817,88.41513242439402
16.0732199079123,88.2225619092127
16.06301010101951,88.40777457532121
16.052813256555584,88.58314249489655
16.042629349850426,88.42566331704953
16.032458356296495,88.355237696557
16.02230025134862,88.22173584947541
16.012155010523802,88.35800973635006
16.002022609401006,88.58443155703719
15.991903023620967,88.5968155714531
15.981796228886019,88.24616469477907
15.971702200959857,88.41364313019544
15.961620915667389,88.66018220844373
15.951552348894504,88.45166543697675
15.941496476587911,88.24140257154195
15.931453274754924,88.0608128555588
15.921422719463287,87.63965371806128
15.91140478684097,87.2325797077591
15.901399453076001,87.17934371536921
15.891406694416247,87.39817962762882
15.881426487169259,87.46439345787931
15.871458807702052,87.30198960083594
15.86150363244095,87.15689859280761
15.851560937871376,87.10272859947764
15.841630700537682,87.04681450170881
15.831712897042946,86.95268500310084
15.821807504048822,87.0653570596242
15.811914498275314,87.51328558174829
15.802033856500634,87.93547399346323
15.792165555560983,88.35944064562338
15.782309572350405,88.29732389318325
15.77246588382058,88.39693395648499
15.762634466980662,87.89028074209808
15.752815298897083,86.83726885000578
15.743008356693398,86.85402286886386
15.733213617550078,87.35575525730734
15.723431058704364,88.01725477429468
15.713660657450058,88.79501226967625
15.703902391137385,88.83246194747767
15.694156237172779,88.37528865618066
15.68442217301874,88.06657396451286
15.67470017619364,87.79462943573861
15.664990224271564,87.87371316962968
15.655292294882122,86.8972586321499
15.645606365710298,86.76590196253781
15.635932414496255,86.79046709721263
15.626270419035187,86.62419942466474
15.616620357177126,86.75960270290369
15.606982206826805,86.82860577409396
15.597355945943447,86.18747603644138
15.587741552540638,85.54726456149945
15.578139004686127,85.54046646191105
15.568548280501691,85.08714100377793
15.55896935816293,84.8008530216102
15.549402215899143,85.08233605765044
15.539846831993128,85.18255774413643
15.530303184781042,84.47027698333244
15.52077125265222,83.74988279217428
15.511251014049032,83.65547929564883
15.501742447466691,84.29444179729649
15.492245531453127,84.73604344433124
15.48276024460879,84.94447194256674
15.473286565586523,85.04313791720449
15.463824473091368,84.9981354861668
15.454373945880437,84.9438662118481
15.444934962762732,84.78857820114385
15.435507502598998,84.74181299092874
15.426091544301558,84.8385596953719
15.416687066834166,84.82385990749866
15.407294049211835,84.76574016303063
15.397912470500696,85.33130662731811
15.38854230981783,85.72522944455426
15.379183546331127,86.11473205699248
15.369836159259114,86.52563183893287
15.36050012787082,87.16665738726468
15.351175431485604,87.23140120701177
15.341862049473024,86.70162264819974
15.332559961252658,86.55213211061155
15.323269146293981,86.34537651526765
15.31398958411619,86.12135971998862
15.30472125428807,85.28581273088989
15.295464136427833,84.29734134409938
15.286218210202978,83.70070346046572
15.276983455330129,83.5882522687395
15.267759851574906,83.80202466212972
15.258547378751757,84.07188240748276
15.249346016723829,84.30590519109947
15.240155745402799,83.6316302376004
15.230976544748755,83.59222906048056
15.221808394770026,83.32288567042002
15.212651275523056,83.65048744404432
15.203505167112244,84.07045901269595
15.194370049689809,84.42626934455818
15.185245903455643,84.48890070713423
15.176132708657173,84.74179570505765
15.167030445589205,84.92198822701005
15.157939094593806,85.02200627535319
15.14885863606013,85.308834886673
15.139789050424312,85.38091170196962
15.130730318169297,85.60783063882998
15.121682419824724,85.84896082178821
15.112645335966764,85.50968433432247
15.10361904721801,84.86820151861994
15.094603534247298,84.51743541247563
15.085598777769617,84.23644282199595
15.076604758545924,84.22093569603874
15.067621457383053,84.29273877808498
15.058648855133534,84.32038489229524
15.049686932695494,84.64689209358235
15.040735671012493,84.94635203144279
15.031795051073415,84.56898190879429
15.022865053912303,84.60218145244875
15.013945660608265,84.4133869909227
15.005036852285292,84.05758356963892
14.99613861011217,83.91726097304732
14.987250915302315,83.5953404380234
14.978373749113663,83.26973554778581
14.969507092848518,83.04354030772981
14.960650927853443,83.14861381284946
14.951805235519107,83.58770736505198
14.942969997280171,84.06997762435967
14.934145194615146,84.31035833297503
14.925330809046283,84.19551039866445
14.916526822139414,83.9612469609288
14.907733215503855,84.1444644984903
14.89894997079225,84.35281526822067
14.890177069700469,84.63662065525295
14.881414493967458,84.73534594545748
14.872662225375132,84.43642754364834
14.863920245748231,84.83543032349593
14.855188536954213,85.1567848758213
14.846467080903103,84.83408421889852
14.837755859547404,85.16383389379732
14.829054854881928,84.89579038159069
14.82036404894372,84.8419439749299
14.811683423811889,84.85852447294704
14.803012961607525,85.00040410004644
14.79435264449354,85.40917985503953
14.785702454674576,85.14092083639983
14.777062374396863,84.89016569119266
14.76843238594811,84.01461961505032
14.759812471657371,83.80699784528164
14.751202613894943,83.90504572798393
14.742602795072223,83.75894241909492
14.73401299764161,83.3955178939677
14.725433204096365,83.24080265473367
14.716863396970517,82.89330389108798
14.708303558838717,82.75064684282981
14.699753672316142,82.9595241898599
14.69121372005836,83.46116721691118
14.682683684761235,84.19633649542232
14.674163549160777,84.10990294197362
14.665653296033065,84.18387078495317
14.657152908194096,84.17900226805628
14.648662368499691,83.78446671059996
14.64018165984537,83.64797040820548
14.631710765166241,83.85918798136223
14.623249667436887,84.01891618769076
14.614798349671247,84.35489928244553
14.606356794922501,84.28458724896223
14.59792498628297,83.90010854561531
14.589502906883986,83.6082966465401
14.58109053989579,83.17272796459734
14.572687868527414,82.91932924842439
14.564294876026578,82.92325952310412
14.555911545679567,82.79453452148638
14.547537860811133,82.71296281559117
14.539173804784369,82.62239878879278
14.530819361000617,83.1239654877593
14.522474512899336,83.58883211176851
14.51413924395802,83.48201471395681
14.50581353769206,83.73604764643925
14.497497377654662,83.65515518899717
14.489190747436714,83.39376955973489
14.480893630666703,83.05612051073072
14.47260601101058,83.13534311226641
14.464327872171681,83.49734324086742
14.456059197890596,84.06637491940407
14.447799971945084,84.22489201021011
14.439550178149943,83.50670139290634
14.431309800356932,83.29099738051772
14.423078822454634,82.74845264193863
14.414857228368387,82.73564080700541
14.406645002060142,82.7001336937803
14.398442127528392,83.20529275627347
14.390248588808042,83.48019836994612
14.382064369970328,83.82163319290375
14.373889455122686,84.17967594744283
14.365723828408683,84.10955639900544
14.357567474007883,84.23222863640888
14.349420376135772,84.11882397077511
14.341282519043627,84.10817808740893
14.333153887018447,83.90048869552359
14.32503446438282,83.95294338621298
14.316924235494854,83.86901816198215
14.308823184748041,84.06217655640775
14.300731296571195,84.44741787241693
14.292648555428316,84.47724573927289
14.284574945818525,83.78217796431406
14.276510452275929,83.2345574880925
14.26845505936956,83.06881900134263
14.260408751703238,82.88055812035782
14.252371513915513,82.88140833780687
14.244343330679529,82.85132911751509
14.236324186702957,83.04895065216131
14.228314066727874,83.56621577675958
14.220312955530687,83.45715088312838
14.212320837922022,83.11193031601601
14.204337698746635,83.32122392692014
14.196363522883308,83.8486007683097
14.188398295244772,84.1428058958071
14.180442000777585,85.02406467833643
14.172494624462065,85.83124494836682
14.16455615131217,85.63354339807171
14.156626566375422,85.4606436019233
14.148705854732807,85.13285796998736
14.140794001498683,84.38912203686813
14.132890991820679,84.4520271001102
14.124996810879617,84.32426862533393
14.1171114438894,84.50746538775302
14.10923487609694,84.27774518250877
14.101367092782048,83.91568107646847
14.093508079257361,83.18653530209608
14.08565782086823,82.42714031511164
14.077816302992645,82.19224450589971
14.069983511041132,82.6593048699377
14.062159430456681,83.17636117526163
14.054344046714627,83.28594692531519
14.046537345322594,83.00392568386724
14.038739311820374,83.11673296654652
14.030949931779862,83.22790058446726
14.023169190804948,83.39405627028673
14.015397074531448,83.80807709208356
14.007633568626993,83.978280986421
13.999878658790962,83.58830342168517
13.99213233075438,83.49094838586191
13.98439457027984,83.52028960839658
13.9766653631614,83.28536362620093
13.968944695224527,83.10682629425055
13.961232552325969,82.81856993635859
13.953528920353707,83.07219956165493
13.94583378522684,83.4611198400793
13.938147132895523,83.82356592206142
13.930468949340856,84.21397207660274
13.922799220574827,83.98402728941127
13.915137932640203,83.74659729950667
13.90748507161046,83.35553903939724
13.899840623589688,83.25564288942991
13.89220457471252,83.14808974440629
13.884576911144034,83.32941891021187
13.876957619079684,83.79214244583281
13.869346684745198,84.17750073147766
13.861744094396517,84.12942484825834
13.854149834319692,84.14555641950756
13.846563890830819,84.50677340008184
13.838986250275937,84.18208881992575
13.831416899030975,83.99611281737825
13.823855823501635,84.01866870442475
13.816303010123342,84.2497001019405
13.808758445361137,83.62088008987321
13.801222115709622,83.41643963180823
13.793694007692855,83.1373398551045
13.786174107864287,83.40778171379631
13.778662402806672,83.98065957298486
13.771158879131997,83.89931368675727
13.763663523481386,84.03862336986867
13.756176322525041,84.18297533546328
13.748697262962144,84.2771564951655
13.7412263315208,84.17149521146646
13.733763514957927,84.32573409965975
13.726308800059217,84.46499961567292
13.718862173639021,84.24704245426051
13.7114236225403,84.18401705330629
13.703993133634523,84.06699808664297
13.696570693821615,83.80079024242559
13.689156290029853,83.65943426760477
13.68174990921582,83.58409769346872
13.674351538364295,83.1968391393865
13.666961164488207,83.15610809071157
13.659578774628535,83.071023100735
13.652204355854252,82.53766313124424
13.644837895262231,82.4980091126738
13.63747937997719,82.64518451918028
13.630128797151594,82.27428185495722
13.622786133965604,81.89730849647125
13.615451377626979,81.908340592527
13.608124515371026,82.19894316526947
13.6008055344605,82.99368348153058
13.59349442218556,83.06507550351583
13.586191165863658,83.11109592115663
13.578895752839507,82.87865641444556
13.571608170484975,83.05381751673609
13.564328406199033,83.09981998162061
13.557056447407662,83.09120924915469
13.54979228156381,83.06065198199647
13.542535896147285,83.07449046289405
13.535287278664713,82.9658199911781
13.528046416649447,82.89952989966287
13.520813297661508,82.87625774249128
13.513587909287502,82.43407804160864
13.506370239140562,82.05948901919473
13.499160274860262,81.42888279527591
13.491958004112567,81.26241152290689
13.484763414589734,81.22131694290314
13.477576494010277,80.93479933820645
13.470397230118861,80.8946649485866
13.463225610686266,80.97405060164775
13.456061623509285,81.26165600624519
13.448905256410686,81.588278429439
13.441756497239119,81.96350723985448
13.434615333869061,82.15054110523505
13.42748175420074,82.71705768452642
13.420355746160071,82.92248030012038
13.413237297698586,82.76198339940258
13.40612639679337,82.57768830479068
13.39902303144698,82.86275196852777
13.3919271896874,82.72557251350582
13.384838859567953,82.6378243757747
13.377758029167245,82.13207946740528
13.37068468658909,81.86864835427224
13.36361881996246,81.60933710005467
13.356560417441393,81.6550803854746
13.349509467204955,81.73262147546816
13.342465957457145,81.67622517069367
13.335429876426863,81.57563020277966
13.328401212367805,81.82615139010255
13.321379953558434,82.28001235252614
13.31436608830189,82.27944248262133
13.307359604925944,82.35221593112303
13.300360491782907,82.25052772091406
13.293368737249603,81.92737713552447
13.286384329727262,82.03186131328881
13.279407257641497,81.92502497907711
13.272437509442202,81.58179998676647
13.265475073603527,81.12765565645341
13.258519938623772,80.9515669277985
13.251572093025368,80.88565582438271
13.244631525354771,80.8137528159844
13.237698224182438,80.93472505094634
13.230772178102729,80.969030730448
13.22385337573388,81.09363721453539
13.216941805717903,80.73585379083909
13.21003745672056,81.0051778747987
13.20314031743127,81.16549837500672
13.196250376563073,81.19180298133074
13.189367622852549,81.02915424053755
13.182492045059767,80.8217129080768
13.17562363196822,80.56830168520396
13.16876237238477,80.67332665324034
13.16190825513957,81.04599453111456
13.155061269086035,81.23223201570798
13.148221403100743,81.00273995605961
13.141388646083408,81.15265563193135
13.134562986956796,81.23407563094119
13.127744414666685,81.29254877372378
13.120932918181785,81.2906700936335
13.114128486493698,81.28735731397026
13.107331108616844,81.46451539956752
13.100540773588413,81.61593229998516
13.093757470468294,81.54139722035123
13.086981188339028,81.00864014117144
13.080211916305739,80.89007623664348
13.073449643496089,80.8559096860364
13.066694359060204,80.90689833844465
13.05994605217063,80.75324764868748
13.053204712022263,80.38049643083069
13.046470327832303,79.98384711997346
13.039742888840182,79.80143635440362
13.033022384307529,80.14591577012344
13.026308803518083,80.23447504501112
13.019602135777667,80.19391446645344
13.012902370414105,79.81312993686018
13.006209496777188,79.81360140031967
12.999523504238594,79.43471168034155
12.992844382191857,79.46163141172093
12.986172120052284,79.23423304625113
12.979506707256931,79.07632666255464
12.97284813326451,78.91271138083165
12.966196387555367,78.9527735391689
12.959551459631406,79.12231006264182
12.952913339016046,79.17144412191078
12.94628201525415,79.2268444947577
12.939657477911993,79.17238080659308
12.933039716577184,79.15926718045553
12.926428720858627,79.32259903295346
12.919824480386461,79.64916845732441
12.913226984812011,79.84887418886483
12.906636223807716,79.86234912344428
12.900052187067105,79.75213515488949
12.893474864304713,79.59847188151075
12.886904245256053,79.45999459467714
12.88034031967754,79.78644414431069
12.873783077346456,79.96729660394607
12.867232508060887,80.23572609197086
12.860688601639675,80.38364906739757
12.854151347922354,80.50859405480352
12.84762073676912,80.65762754354918
12.841096758060754,80.60617547092733
12.834579401698585,80.73748765404514
12.828068657604433,80.56795830418633
12.821564515720558,80.3350855470757
12.815066966009605,80.41789526674503
12.808575998454561,80.5860486694921
12.802091603058688,80.54617085968238
12.795613769845493,80.04478310103326
12.789142488858655,79.74017057107741
12.78267775016199,79.54692125068382
12.776219543839394,79.29639605054646
12.76976785999479,79.4056408544352
12.763322688752078,79.36308987210941
12.756884020255097,79.20054569967807
12.75045184466755,78.77242192810459
12.74402615217298,78.47176140527378
12.737606932974701,78.2637421583693
12.731194177295764,78.1700075641213
12.724787875378889,78.31764202652755
12.71838801748643,78.55070368516031
12.711994593900322,78.75814128851377
12.70560759492203,79.42657461657379
12.6992270108725,79.63001104087402
12.692852832092115,79.44010388149123
12.686485048940634,79.34099414602522
12.680123651797162,79.67634843862649
12.673768631060081,80.1137325778814
12.667419977147024,80.11272622195935
12.6610776804948,80.001576934717
12.654741731559374,79.84546561305204
12.648412120815795,79.92251272965972
12.64208883875817,80.09207637316948
12.635771875899595,80.20848907795502
12.629461222772127,80.11632687304149
12.623156869926719,79.83236927180144
12.616858807933191,79.36469765735964
12.610567027380164,79.16675757152483
12.604281518875032,78.92440409405276
12.5980022730439,78.74828534365963
12.591729280531545,78.73595799210852
12.585462532001365,78.5299558487106
12.579202018135344,78.73035214538888
12.572947729633988,78.82729716915858
12.566699657216294,79.19863193915391
12.560457791619694,79.45843840621598
12.55422212360002,79.6627958436651
12.547992643931446,79.83407729169214
12.541769343406454,79.63798774465566
12.535552212835773,79.59225857247284
12.52934124304836,79.38090976905181
12.523136424891325,79.1196624161863
12.516937749229905,78.98363610887259
12.510745206947416,79.08987296035122
12.504558788945204,79.70237533985322
12.498378486142599,80.26156613129514
12.492204289476884,80.46079338616688
12.486036189903233,80.24901664669969
12.479874178394681,80.34775737042754
12.473718245942063,80.17004173026675
12.467568383553997,80.12923094517198
12.461424582256809,80.07308154126054
12.455286833094517,79.70978794625142
12.449155127128764,79.51065844756386
12.443029455438793,79.28976566650421
12.436909809121396,79.23819572704609
12.430796179290867,78.99392788210025
12.424688557078966,78.70009862109583
12.418586933634876,78.5483672441701
12.412491300125149,78.71475702093761
12.406401647733684,78.85696692270969
12.400317967661662,78.87746816781551
12.394240251127524,78.65217094139894
12.388168489366905,78.69374130869724
12.38210267363262,79.03303739888875
12.376042795194598,79.11013103685497
12.369988845339858,78.7450911434668
12.36394081537245,78.66837552363108
12.35789869661343,78.36945362281617
12.351862480400806,78.00351906753183
12.345832158089504,77.72346737433492
12.339807721051324,77.50457495714764
12.3337891606749,77.57052530101488
12.327776468365654,78.05583956647526
12.321769635545767,78.38501065608102
12.315768653654118,78.8958789232789
12.309773514146272,79.20035608397413
12.303784208494406,79.37176859028216
12.297800728187301,79.40708400595216
12.291823064730274,79.3757393313125
12.28585120964516,79.54832343222388
12.279885154470255,79.9824058521402
12.273924890760288,79.75081091028058
12.267970410086372,79.019396527313
12.262021704035973,78.65557934593669
12.25607876421286,78.44215829485589
12.250141582237083,78.30741228904375
12.244210149744905,78.34383323149058
12.238284458388796,78.16858782711591
12.232364499837367,78.0966315221331
12.226450265775346,78.16139831279055
12.220541747903535,78.23211980513162
12.214638937938771,78.5347875203255
12.208741827613883,79.0962072949537
12.202850408677664,79.47111412944233
12.196964672894817,79.51918099508457
12.191084612045938,79.3712539868024
12.185210217927452,79.1923281920079
12.1793414823516,78.84659987872473
12.173478397146381,78.66494189089926
12.167620954155527,78.87512079656034
12.161769145238459,79.15437376461026
12.15592296227025,79.19451349688188
12.150082397141588,79.17762956498217
12.144247441758743,79.30909586243477
12.138418088043517,79.32780257291624
12.132594327933223,79.21050242552892
12.126776153380634,79.02431551049017
12.120963556353958,78.89742418043946
12.115156528836787,78.34815712765564
12.109355062828076,77.78110510421459
12.10355915034209,77.60144324464704
12.097768783408384,77.4975704191192
12.09198395407175,77.34629645563109
12.086204654392198,77.372131727688
12.080430876444897,77.5665140991877
12.074662612320166,77.71655634358436
12.068899854123414,77.50944026462938
12.06314259397512,77.38618184916982
12.057390824010787,77.24259677141245
12.051644536380913,77.12957103509282
12.04590372325095,77.17788095524192
12.040168376801274,77.51567206547318
12.03443848922714,77.76706473057772
12.028714052738664,77.89780600518455
12.022995059560763,78.03766254145218
12.017281501933148,77.98369727683348
12.01157337211026,77.75680427199326
12.00587066236126,77.8237841588269
12.00017336496998,77.83674882604942
11.99448147223489,77.61419130371816
11.988794976469066,77.25884702215225
11.983113870000157,76.92432447855724
11.977438145170341,76.90209867934526
11.971767794336307,77.18385123463825
11.966102809869202,77.51966683312061
11.960443184154615,77.85716837936828
11.954788909592521,77.87424348455622
11.949139978597277,77.75786093136334
11.943496383597553,77.45571754514819
11.937858117036331,77.28981862934415
11.932225171370844,77.09764156992709
11.926597539072565,77.06341995402124
11.920975212627157,77.27633758322398
11.915358184534448,77.42684462803061
11.90974644730839,77.73359605744157
11.904139993477042,77.74570994412419
11.898538815582516,77.7428543396837
11.892942906180958,77.74803683784847
11.887352257842508,77.92052284873972
11.881766863151277,78.0013649568213
11.8761867147053,78.03402970929973
11.870611805116512,77.86405782656416
11.865042127010716,77.32394349280011
11.859477673027547,76.49536604979662
11.853918435820438,75.49671145364454
11.848364408056598,75.19568906597232
11.842815582416966,74.79726352636806
11.83727195159619,74.79966928240322
11.831733508302584,74.84132808296434
11.826200245258107,74.93051068218688
11.820672155198324,75.14071535003305
11.81514923087238,75.07018819588518
11.80963146504296,74.91499838607302
11.804118850486267,74.80442452909293
11.798611379991979,74.7083927251027
11.793109046363234,74.62679877503203
11.787611842416577,74.46419753562853
11.782119760981955,74.3209446996533
11.776632794902657,74.45124258401395
11.771150937035307,74.64187708201565
11.765674180249817,74.8829099815612
11.76020251742937,75.16458025856744
11.754735941470376,75.71565789348577
11.749274445282447,75.99019257470059
11.743818021788368,76.17657499515673
11.738366663924065,76.16070670434235
11.732920364638572,76.29503429843022
11.727479116894008,76.45523383842337
11.722042913665533,76.84324301978484
11.716611747941334,77.17158498031061
11.71118561272258,77.24780032531723
11.705764501023411,77.2244637046858
11.70034840587088,77.07435009776711
11.694937320304952,76.88270340555866
11.689531237378453,76.6996543900691
11.684130150157056,76.5517602287924
11.678734051719237,76.46044472791516
11.67334293515626,76.594961065928
11.667956793572131,76.5543889196984
11.662575620083587,76.5584496006132
11.657199407820045,76.34135914233846
11.651828149923599,76.40975279872741
11.646461839548964,76.41208370731633
11.641100469863474,76.41380671994416
11.635744034047022,76.3476132545297
11.630392525292061,76.16348688937917
11.625045936803554,76.0530045984715
11.619704261798962,75.91392177635284
11.614367493508194,75.69183423730092
11.609035625173602,75.47898427399718
11.603708650049935,75.66310194003685
11.598386561404322,75.9454121106662
11.593069352516231,76.00484726277975
11.58775701667746,76.02321334135297
11.582449547192082,75.69265374894849
11.577146937376448,75.22216302963753
11.571849180559127,75.06208991087153
11.566556270080907,75.12749410355985
11.561268199294746,75.07017233677037
11.555984961565759,75.28504713895538
11.550706550271176,75.5888736109801
11.545432958800326,75.3472520221391
11.540164180554605,75.363894307262
11.534900208947448,75.24014956736846
11.5296410374043,75.22184695952276
11.524386659362596,75.12530075756148
11.519137068271723,75.12080507381475
11.513892257593005,75.14517652781657
11.508652220799659,75.15177264523948
11.50341695137679,74.89490270668985
11.498186442821341,74.6789968355423
11.492960688642087,74.58441761259346
11.48773968235959,74.38456822359984
11.48252341750619,74.15692279690887
11.477311887625955,74.24520867214551
11.472105086274683,74.4591665970797
11.466903007019846,74.74342053036725
11.461705643440597,74.9940160866968
11.456512989127702,75.26708037694928
11.451325037683558,75.26177324472178
11.44614178272213,74.82172633782824
11.440963217868946,74.79529210676748
11.435789336761061,74.90429871026228
11.430620133047045,75.15882341512349
11.42545560038693,75.35462352891415
11.42029573245222,75.30824328073517
11.415140522925824,75.31500807652802
11.409989965502076,75.02453812324941
11.404844053886666,74.93128481041356
11.399702781796645,75.12926846666024
11.394566142960382,75.36664041659702
11.38943413111755,75.41690020121436
11.384306740019092,75.46816476520829
11.379183963427199,75.51971564254433
11.374065795115284,75.61076489848878
11.368952228867963,75.52609092818813
11.363843258481015,75.56951041555902
11.358738877761375,75.51301556098988
11.353639080527094,74.84114015504144
11.348543860607325,74.71917015477399
11.343453211842288,74.86653793096751
11.338367128083256,74.91260072638227
11.333285603192518,74.97118850705304
11.32820863104337,75.22464385155013
11.323136205520074,75.26864522856823
11.318068320517844,75.37259402472858
11.313004969942815,75.5257279711445
11.307946147712029,75.7380364863696
11.302891847753395,75.67341989919221
11.297842064005682,75.45143455649875
11.292796790418477,75.06948687046899
11.287756020952179,74.8688524393148
11.282719749577955,74.7577511603303
11.277687970277741,74.67335280470965
11.272660677044188,74.45314932843775
11.267637863880669,74.2760524669102
11.262619524801226,74.32259591575784
11.257605653830572,74.30473709903421
11.252596245004046,74.40521865127545
11.247591292367607,74.54059619041067
11.242590789977797,74.6242755084316
11.237594731901726,74.51006594684614
11.232603112217042,74.38582440277955
11.227615925011916,74.18116676863896
11.222633164385003,74.16408686353262
11.217654824445445,74.31432339916805
11.212680899312817,74.60334445356438
11.20771138311713,74.87015793612952
11.20274626999879,74.9808112888541
11.197785554108586,75.22672143263088
11.192829229607659,75.33963630363857
11.187877290667485,75.36460962449797
11.182929731469851,75.50155552936528
11.177986546206832,75.45204855943308
11.17304772908076,75.15850828376882
11.168113274304222,75.0613280357187
11.163183176100011,74.9023223926036
11.158257428701129,74.9578803386491
11.153336026350738,75.1605343304756
11.148418963302168,75.25121432640434
11.143506233818865,75.54842774825408
11.13859783217439,75.28951047126117
11.133693752652384,74.96303573515729
11.128793989546557,74.75086420799178
11.12389853716065,74.69886004504089
11.119007389808436,74.62217347232867
11.114120541813667,74.49672473376121
11.10923798751009,74.2939520035799
11.104359721241384,74.13635278787814
11.099485737361176,74.21979250139559
11.094616030232988,74.55828170763124
11.089750594230242,74.86808948676148
11.084889423736216,75.06819686698
11.080032513144038,75.13065712421468
11.075179856856654,75.20752820224948
11.070331449286815,75.06248431525515
11.065487284857046,74.68757635438682
11.060647357999636,74.38303431336155
11.055811663156605,74.18842933692781
11.050980194779699,74.11520816477889
11.046152947330343,74.45403495872026
11.04132991527965,74.71245890330047
11.036511093108372,75.01720422419422
11.031696475306903,75.09410454456285
11.02688605637524,74.98532601952061
11.022079830822971,74.71239401696198
11.017277793169251,74.48843164845678
11.01247993794279,74.29923798203004
11.007686259681808,74.12292716516993
11.00289675293405,73.91334505339623
10.99811141225673,73.84903921667379
10.993330232216538,73.89167587051963
10.9885532073896,73.89437167649851
10.983780332361475,73.86747499091356
10.97901160172711,73.72890734276567
10.974247010090851,73.46003618210767
10.969486552066394,73.60657428845579
10.964730222276785,73.61865801290438
10.959978015354384,73.54788610736549
10.955229925940861,73.5400333327824
10.95048594868716,73.77702817163137
10.94574607825349,73.77194828041806
10.9410103093093,73.66326395051703
10.936278636533263,73.53553959007549
10.931551054613248,73.36917215674495
10.926827558246313,73.32083837934044
10.922108142138667,73.41219927687862
10.91739280100567,73.51350595825355
10.912681529571802,73.55621401667092
10.907974322570643,73.53881916739286
10.903271174744857,73.50662407193826
10.898572080846174,73.62115162397615
10.893877035635361,73.56906224631541
10.889186033882218,73.44569978777778
10.88449907036554,73.01213514546271
10.879816139873117,72.99292872127128
10.8751372372017,72.87146459446868
10.870462357156986,72.95117022100882
10.865791494553603,73.06096111263366
10.861124644215085,73.17428636307795
10.856461800973854,73.1508263514203
10.85180295967121,73.1132338983426
10.84714811515729,72.84456592790809
10.842497262291081,72.84797605109674
10.837850395940368,72.88138278594101
10.83320751098174,72.95726751112073
10.828568602300555,72.53108584546372
10.823933664790934,72.41832762197667
10.81930269335573,72.8919449913974
10.814675682906524,73.1598388212501
10.810052628363588,73.4986973608507
10.805433524655882,73.43589044357763
10.800818366721026,73.29147423607449
10.796207149505292,73.38989782774593
10.791599867963571,73.26304305714166
10.786996517059364,73.25766869253034
10.78239709176477,73.45958168053853
10.777801587060448,73.62678096050735
10.773209997935615,73.66880992586883
10.768622319388024,73.68163673968346
10.764038546423949,73.48290983354849
10.759458674058155,73.25090453678715
10.754882697313892,72.85772112056685
10.75031061122287,72.60803324657158
10.745742410825253,72.69933692488053
10.741178091169619,72.5339770728853
10.736617647312963,71.95642942596693
10.732061074320667,71.5756633058047
10.727508367266495,70.50989072593524
10.722959521232553,70.18065119209218
10.718414531309294,69.99786461325264
10.713873392595492,69.65364012720903
10.70933610019822,69.63358567535914
10.704802649232835,69.69812920427289
10.700273034822963,69.83100560153213
10.695747252100483,70.12400486983643
10.691225296205507,70.42944327504404
10.686707162286353,70.66578373672951
10.682192845499547,70.83723205712005
10.67768234100979,70.92642067262983
10.67317564398995,70.87200800072986
10.668672749621038,70.77868826926
10.664173653092192,71.01862238461044
10.65967834960067,71.40694120602612
10.655186834351817,71.637457218901
10.650699102559058,71.69603959208456
10.646215149443876,71.88755164379239
10.641734970235804,71.94522014659503
10.637258560172398,72.00301531144483
10.632785914499221,71.76657331224682
10.628317028469834,71.59628005425697
10.62385189734577,70.7234767454926
10.619390516396527,70.57076231385551
10.61493288089954,70.54085373328871
10.610478986140171,70.51971825656463
10.606028827411695,70.53497418707695
10.60158240001528,70.65195051136183
10.597139699259964,70.79818687931736
10.59270072046265,70.986032449942
10.588265458948086,71.20925396452475
10.583833910048842,71.62651671046024
10.579406069105303,71.8411923739018
10.574981931465645,71.58071744018837
10.570561492485824,71.58281385719278
10.56614474752956,71.5780342613163
10.56173169196831,71.32955831234467
10.557322321181271,70.82891783281859
10.552916630555346,70.4636265798947
10.54851461548514,70.090359703389
10.544116271372936,69.87573657427933
10.53972159362868,69.90977450328138
10.535330577669974,70.39876968955677
10.530943218922047,70.6568387075836
10.526559512817752,70.94469699534642
10.52217945479753,71.38629065080369
10.517803040309426,71.26871103662887
10.513430264809042,71.19088280306542
10.509061123759537,71.03886896340751
10.50469561263161,70.7360979074659
10.500333726903483,70.42152327251989
10.495975462060885,70.36815306678224
10.491620813597036,70.38494507547497
10.48726977701263,70.5887552588135
10.482922347815824,70.72275921953975
10.478578521522225,71.13241169672128
10.47423829365486,71.6192501011021
10.469901659744176,72.22875421417731
10.465568615328017,72.51620455348406
10.461239155951617,72.57244379072425
10.456913277167569,72.44728981364347
10.452590974535825,72.30177139634286
10.448272243623672,72.2299704412172
10.443957080005724,72.23950683748166
10.4396454792639,72.30827849967174
10.435337436987409,72.35426190444889
10.431032948772744,72.33668976123761
10.426732010223658,72.33312950929434
10.422434616951147,72.35261830268264
10.418140764573446,72.47813515081936
10.413850448716005,72.46169744183277
10.409563665011481,72.5294088183119
10.405280409099712,72.56507071587797
10.401000676627712,72.45976470814381
10.396724463249658,72.28461187821517
10.392451764626868,72.2738479205048
10.388182576427786,72.18245660332937
10.383916894327976,71.9869875465748
10.3796547140101,71.7164465869119
10.375396031163904,71.65298531473162
10.371140841486206,71.7676475700975
10.36688914068088,71.85226749649556
10.362640924458844,71.80208778319137
10.358396188538045,71.72868540423272
10.354154928643435,71.60215912688844
10.349917140506971,71.63768454554376
10.345682819867594,71.52678695986167
10.341451962471218,71.27073363426116
10.337224564070707,70.94794551694412
10.333000620425869,70.81709770057557
10.32878012730344,70.26920260769117
10.324563080477075,70.10539031495631
10.320349475727316,69.9451263985946
10.3161393088416,69.81224292015855
10.311932575614232,69.80668532850507
10.307729271846377,69.8847630855288
10.303529393346038,70.20406441488772
10.299332935928051,70.27099819605392
10.295139895414067,70.48886262923396
10.290950267632539,70.56218873033066
10.286764048418707,70.61543258634319
10.282581233614582,70.43517654430151
10.27840181906894,70.18032217453242
10.274225800637304,70.06780417080392
10.270053174181925,70.10732461902039
10.265883935571772,70.09371708882409
10.261718080682526,70.05955938833111
10.257555605396558,70.24740007633807
10.253396505602913,70.62009259492854
10.249240777197304,70.72438050139333
10.245088416082092,70.85516442355633
10.240939418166285,70.72975415012914
10.236793779365504,70.49460892640934
10.232651495601987,70.35629717088099
10.228512562804564,70.21402949956706
10.22437697690866,70.2477023279081
10.220244733856262,69.9711186251901
10.216115829595914,69.54420413381439
10.21199026008271,69.32019124931396
10.207868021278273,69.21173622815695
10.20374910915074,69.15122396856499
10.19963351967476,69.27962036201292
10.195521248831467,69.50007214171197
10.191412292608481,69.65852354755705
10.187306646999879,69.6256310486418
10.183204308006196,69.63169818580708
10.179105271634405,69.5404567511118
10.17500953389791,69.50478205989917
10.170917090816523,69.49856705752345
10.166827938416455,69.51782341401707
10.162742072730312,69.60693839228568
10.158659489797072,69.63712207539442
10.154580185662075,69.57692175308078
10.150504156377009,69.22601406796957
10.146431397999903,68.98314630085609
10.142361906595106,68.76243209890937
10.138295678233282,68.76044324034049
10.134232708991389,68.6974647770665
10.130172994952677,68.56341357515572
10.126116532206666,68.60642813972312
10.122063316849138,68.6155729854927
10.11801334498212,68.62721636553374
10.113966612713883,68.73454807653067
10.109923116158916,68.87972952969565
10.105882851437917,68.86474064942735
10.101845814677787,68.91996644600243
10.097812002011615,68.89285363415492
10.093781409578659,68.80035505805654
10.08975403352434,68.76311990371215
10.085729870000229,68.83659241844134
10.081708915164034,68.92680910278892
10.077691165179592,68.92314741662877
10.073676616216845,69.00059359296458
10.06966526445184,69.10385531309453
10.06565710606671,69.11743912336763
10.061652137249673,69.0223883042274
10.057650354194998,69.0729241427624
10.053651753103011,69.03203837429476
10.049656330180083,68.83746832374138
10.045664081638611,68.65667574641239
10.041675003697005,68.66706801506177
10.03768909257968,68.72749568288276
10.033706344517043,68.6552939349616
10.029726755745486,68.67406831063946
10.025750322507365,68.88375976902526
10.021777041050994,69.05719012384303
10.01780690763063,69.47324417421733
10.01383991850647,69.70990617885826
10.009876069944623,70.0137156272875
10.005915358217113,69.76195525124302
10.001957779601861,69.63516420791632
9.998003330382677,69.59037699934014
9.994052006849241,69.38292673029083
9.990103805297098,69.1025123501409
9.986158722027644,69.0047035498535
9.982216753348121,68.85890762322212
9.978277895571592,68.59156786645912
9.974342145016935,68.48277517391064
9.970409498008843,68.60185934858751
9.966479950877797,68.85317783004797
9.96255349996006,69.05858713081784
9.95863014159767,69.49976443263574
9.954709872138421,69.6201266631276
9.95079268793586,69.57992853266806
9.946878585349264,69.44634362613132
9.942967560743643,69.34851621069623
9.939059610489721,69.15426018555739
9.935154730963923,68.95471065619907
9.931252918548369,68.71472109138716
9.927354169630853,68.53569206688482
9.923458480604847,68.24272975648167
9.919565847869482,68.22883993509072
9.915676267829532,68.3210623438907
9.911789736895408,68.1465608264749
9.90790625148315,67.87987747504889
9.904025808014412,67.73786147040818
9.90014840291645,67.79723257045734
9.896274032622111,67.85586295235376
9.892402693569828,68.10115609314167
9.888534382203606,68.34937183494384
9.884669094973003,68.59541600229862
9.88080682833313,68.93367700330523
9.876947578744637,69.03239672119562
9.873091342673703,68.8407385400838
9.869238116592019,68.67416081651317
9.865387896976785,68.6565986375127
9.861540680310695,68.48880297643699
9.857696463081927,68.35433239947719
9.853855241784137,68.29416031712023
9.850017012916437,68.2234014285223
9.846181772983398,68.02084135582842
9.842349518495029,67.8255851204278
9.838520245966773,67.81940077891709
9.834693951919489,67.74595955140418
9.83087063287945,67.81764913950201
9.827050285378329,67.94177982640073
9.823232905953189,67.83278196218299
9.819418491146465,67.69172900991425
9.815607037505968,67.51994791892258
9.811798541584865,67.42745179184891
9.80799299994167,67.46444493248822
9.804190409140228,67.43302126870282
9.80039076574972,67.64645133738009
9.796594066344642,67.86011347893944
9.792800307504793,68.07258971123935
9.789009485815264,68.32733564133844
9.78522159786644,68.72195103501991
9.781436640253979,68.96764673181201
9.777654609578802,69.24791088127776
9.773875502447085,69.36907344398013
9.77009931547025,69.24830500597317
9.766326045264954,68.80241794055416
9.76255568845308,68.47169497507295
9.75878824166172,68.27955259039052
9.755023701523179,68.0938661873156
9.75126206467495,67.92969068195761
9.747503327759711,67.72277730723309
9.743747487425317,67.55171225265549
9.739994540324785,67.47229139937414
9.736244483116293,67.47384004774904
9.732497312463153,67.6221711186207
9.728753025033818,67.82917779504015
9.725011617501865,68.00663338246417
9.72127308654599,68.07870095580763
9.717537428849989,68.26757667983048
9.713804641102751,68.3875168226395
9.710074719998259,68.37368607358562
9.706347662235565,68.3624366364313
9.702623464518792,68.06440424853386
9.698902123557112,67.91854730271777
9.695183636064753,67.78879312692709
9.691467998760974,67.75243201253804
9.687755208370064,67.77016941060809
9.684045261621325,67.86918838078455
9.680338155249073,67.91344747884182
9.676633885992624,67.84591111049558
9.672932450596276,68.14915862668892
9.669233845809309,68.50238762394315
9.665538068385976,68.70790463730464
9.66184511508549,68.88384509307953
9.65815498267201,69.00629353531964
9.65446766791464,69.14583507355457
9.650783167587417,69.14967035518217
9.647101478469303,69.16873337238448
9.643422597344165,69.128394578435
9.63974652100078,69.13355443933725
9.63607324623282,69.16423277936539
9.632402769838844,69.14130348367665
9.628735088622278,68.91814392919011
9.625070199391423,68.84599222549187
9.621408098959437,68.82497381483529
9.617748784144322,68.89135408262041
9.614092251768923,68.94702527848419
9.61043849866091,68.97983240871704
9.60678752165278,68.67073976038313
9.603139317581837,68.37841256272812
9.59949388329019,68.0817141260425
9.595851215624737,67.53277143149174
9.592211311437165,67.38789115247542
9.588574167583934,67.42004981827247
9.58493978092627,67.49288242520136
9.581308148330153,67.60700889782603
9.577679266666319,68.07841166135302
9.574053132810235,68.44979159088554
9.570429743642102,68.58166588103362
9.56680909604684,68.66853952391885
9.563191186914082,68.71008567269972
9.55957601313817,68.84736402757574
9.555963571618127,68.71850016668995
9.552353859257673,68.54131829435963
9.5487468729652,68.38354264656115
9.545142609653773,68.00444389403555
9.541541066241107,67.94416065987498
9.537942239649574,67.75266095487116
9.534346126806184,67.3855193069184
9.530752724642584,67.1523213321405
9.527162030095042,67.10234961959554
9.523574040104437,67.09256454904863
9.519988751616266,67.01297367245033
9.516406161580612,66.95767235041906
9.512826266952155,67.16591993577
9.509249064690152,67.21945771372613
9.505674551758432,67.28826301436447
9.502102725125392,67.4762707709578
9.498533581763978,67.61210215266897
9.494967118651683,67.37431551185699
9.491403332770542,67.37120733436768
9.487842221107115,67.42948337793356
9.48428378065249,67.35504473921912
9.480728008402254,67.24128327440792
9.47717490135651,67.17072403679344
9.473624456519852,67.22865626214023
9.470076670901362,67.20022805634314
9.466531541514597,67.28540490733775
9.462989065377588,67.31667354664486
9.45944923951283,67.55188829126482
9.455912060947266,67.81432482556588
9.452377526712286,67.92347014214653
9.44884563384372,68.3068701845315
9.44531637938182,68.30695951481545
9.441789760371268,68.10748481006249
9.438265773861147,67.93944616525229
9.434744416904953,67.64530952378024
9.431225686560575,67.34389909775518
9.427709579890285,66.90997313001012
9.42419609396074,66.36966260516468
9.420685225842966,65.91541255091147
9.417176972612353,65.58828516555441
9.413671331348642,65.30402802606255
9.410168299135925,65.26883729178702
9.40666787306263,65.34102369996326
9.403170050221522,65.44321907811062
9.39967482770968,65.6948687329632
9.396182202628498,66.02146423898014
9.392692172083683,66.4954994846245
9.389204733185238,66.54192286984579
9.385719883047452,66.5570331318665
9.382237618788903,66.62446195021468
9.37875793753244,66.76745075998363
9.37528083640518,66.88543058801768
9.3718063125385,66.93424534082689
9.36833436306802,66.81539889081247
9.364864985133615,66.5442606960705
9.361398175879389,66.24280546266647
9.357933932453674,66.01368082221532
9.35447225200902,65.83507247153634
9.351013131702189,65.61637234035612
9.347556568694152,65.59149887719957
9.34410256015007,65.6002234596819
9.340651103239296,65.57857170240433
9.337202195135358,65.38437491571436
9.33375583301597,65.3631240947062
9.330312014062997,65.14349341156196
9.326870735462467,65.06301144422122
9.32343199440456,64.91433764997808
9.319995788083599,64.85818884525727
9.316562113698035,64.82530641892791
9.313130968450453,64.77688486698989
9.309702349547555,64.69869319256583
9.306276254200155,64.6019946889875
9.30285267962317,64.31536033816553
9.299431623035614,63.9168327687473
9.296013081660593,63.89341744096822
9.292597052725293,64.0574197695715
9.289183533460974,64.69661521800198
9.285772521102961,64.81847595408627
9.282364012890643,64.90900841261123
9.278958006067455,65.06768105812094
9.275554497880881,65.37413760765084
9.272153485582441,65.62613963444315
9.268754966427682,66.00885899730991
9.265358937676178,66.04958765948814
9.261965396591513,66.03216163292684
9.258574340441282,65.79041209262869
9.255185766497075,65.71616010802583
9.251799672034485,65.61553440536187
9.24841605433308,65.45075857523409
9.245034910676408,65.37593580974871
9.241656238351995,65.46100220728681
9.238280034651325,65.63496808950137
9.23490629686984,65.89157565347368
9.231535022306929,65.95919046478619
9.228166208265925,65.87245083943137
9.224799852054097,65.87271603625669
9.221435950982643,65.82884693478823
9.218074502366674,65.75099874653476
9.214715503525223,65.74233104685169
9.211358951781227,65.77645557705651
9.208004844461517,65.89715580707565
9.204653178896821,65.86856199434261
9.201303952421753,65.74133858883465
9.197957162374804,65.75280928703134
9.194612806098332,65.94637993684371
9.19127088093856,65.95685561155554
9.187931384245575,65.96006154552815
9.184594313373305,66.11394514302557
9.181259665679525,66.14689821053094
9.177927438525844,66.15182322963999
9.1745976292777,66.1889978641241
9.171270235304357,66.17659362448765
9.16794525397889,65.91167198488131
9.164622682678182,65.6561630771082
9.161302518782918,65.32954406287205
9.157984759677579,65.06276328463167
9.15466940275043,64.73018627740309
9.151356445393521,64.37210985918847
9.148045885002672,64.08049443409112
9.144737718977472,63.880944501453726
9.141431944721269,63.64208107847389
9.138128559641164,63.34235100857805
9.134827561148006,63.26531482176337
9.131528946656385,63.14579373385337
9.128232713584621,63.21496147019448
9.12493885935476,63.26469571263195
9.12164738139257,63.528696411292884
9.118358277127534,63.84971866540192
9.115071543992835,63.96762957924389
9.111787179425358,64.11857710215746
9.108505180865684,64.38158863728928
9.10522554575808,64.88152439229845
9.101948271550485,65.2613079167838
9.098673355694519,65.50851868296903
9.095400795645466,66.04932076536659
9.09213058886227,66.60038051054934
9.088862732807527,67.20431480719436
9.08559722494748,67.23614671641653
9.082334062752011,67.02027234465898
9.07907324369464,66.73157971262236
9.075814765252511,66.32096677347744
9.072558624906385,65.95313928861559
9.069304820140642,65.66306314956807
9.06605334844327,65.13576167375443
9.062804207305856,64.73611825127533
9.059557394223578,64.38043095481785
9.056312906695208,64.42635093917215
9.0530707422231,64.5992861978462
9.049830898313179,64.8972721686498
9.046593372474938,64.99305019422941
9.04335816222144,64.90412420192163
9.040125265069298,64.74112338644849
9.036894678538678,64.48337039023104
9.033666400153285,64.13330071364382
9.030440427440368,63.98680897847504
9.027216757930702,63.678426170410134
9.023995389158587,63.2125821244421
9.020776318661841,62.96712884987963
9.017559543981799,62.73258060031468
9.014345062663294,62.6185227462976
9.011132872254665,62.472316473784105
9.007922970307739,62.52713645383044
9.004715354377835,62.847116483900365
9.001510022023751,63.17361387824725
8.998306970807759,63.51015905649729
8.995106198295597,63.929130869747524
8.991907702056467,64.43479796716456
8.988711479663037,64.69753540686892
8.985517528691407,64.75849027082211
8.982325846721134,64.32444092313986
8.979136431335206,64.19816729345726
8.975949280120052,64.1384273463645
8.972764390665512,64.10264057169276
8.969581760564859,64.02663816964619
8.966401387414773,64.01667588075091
8.963223268815343,64.07851095835389
8.960047402370058,64.15373866943804
8.9568737856858,64.26689702718402
8.95370241637285,64.76780012742347
8.950533292044863,65.0147308317996
8.947366410318873,65.13256116244294
8.944201768815288,65.15361142748682
8.941039365157879,65.06257069820873
8.937879196973778,65.15136416550766
8.93472126189347,65.51801248933145
8.931565557550789,65.7550107561656
8.928412081582906,65.79458635234283
8.925260831630334,65.74650231482465
8.922111805336913,65.57975079513436
8.918965000349804,65.36053307842639
8.915820414319493,65.07741212572478
8.912678044899772,64.87744217110134
8.909537889747746,64.527982844756
8.90639994652381,63.964077250456555
8.903264212891667,63.76988673928027
8.9001306865183,63.569393491657934
8.89699936507398,63.435034988005924
8.89387024623225,63.2570291266775
8.890743327669929,63.223695313451806
8.887618607067106,63.36555072207735
8.88449608210712,63.21164284521457
8.881375750476572,62.969166557379786
8.87825760986531,62.920752815295714
8.875141657966426,62.787447416641946
8.872027892476247,62.479331240058855
8.868916311094333,62.50964230745282
8.865806911523471,62.610573120579375
8.862699691469668,62.84286323932757
8.859594648642148,63.003945652828335
8.856491780753336,63.20442319009726
8.853391085518869,63.16742739738565
8.85029256065758,62.93536808923364
8.847196203891496,62.72996122553448
8.844102012945822,62.67508244256324
8.841009985548956,62.693414017854785
8.837920119432463,62.778078626399406
8.834832412331084,62.930528541995955
8.831746861982719,63.02371504300086
8.82866346612843,63.221000445548626
8.825582222512436,63.45368150521938
8.822503128882097,63.577244905042164
8.81942618298792,63.73377255102645
8.816351382583546,63.91745337239119
8.813278725425754,64.07896662700803
8.81020820927444,64.06666567003747
8.807139831892627,64.08220186296184
8.804073591046452,64.28966353465701
8.801009484505164,64.42191644583511
8.797947510041109,64.53061960649705
8.794887665429739,64.46635835578425
8.791829948449598,64.21390955322673
8.788774356882318,64.15315881376875
8.785720888512612,64.01126303018873
8.782669541128275,63.742671184304086
8.779620312520168,63.77437763182448
8.776573200482225,64.55314762273278
8.77352820281144,64.4515775017189
8.770485317307855,64.37277223039607
8.767444541774578,64.22900721551261
8.764405874017752,64.03109399667994
8.761369311846563,64.0152943843472
8.758334853073231,63.98582192689489
8.755302495513007,63.792161927041874
8.752272236984169,63.68004822592883
8.74924407530801,63.7066110270398
8.746218008308839,63.66596442897838
8.743194033813975,63.674149423100374
8.74017214965374,63.626201887406516
8.737152353661454,63.67638147364865
8.73413464367343,63.80810127302841
8.731119017528972,63.73006237114681
8.728105473070364,63.700882492599916
8.72509400814287,63.48778772643861
8.722084620594723,63.36404111249941
8.719077308277129,63.3111190244633
8.716072069044253,63.443891031866364
8.71306890075322,63.49400551215159
8.7100678012641,63.550499082117085
8.707068768439925,63.524721203783685
8.704071800146654,63.35152083503163
8.701076894253191,63.25066168665559
8.69808404863137,63.22439655979012
8.695093261155952,63.18750110408078
8.692104529704622,63.102286809728
8.68911785215798,63.24289669777656
8.686133226399537,63.22647582781961
8.683150650315712,62.573260507244186
8.680170121795829,62.57618709907261
8.677191638732104,62.589127857376454
8.674215199019649,62.79559907557122
8.67124080055646,62.85965570205874
8.668268441243416,62.88017143842885
8.665298118984278,62.91245216780008
8.66232983168567,62.96893501172464
8.65936357725709,63.04369717955524
8.656399353610896,62.99001659051501
8.653437158662307,62.841278516518614
8.65047699032939,62.61691586798504
8.647518846533062,62.35470127618273
8.644562725197083,62.07386777366402
8.64160862424805,61.83289514290831
8.638656541615395,61.53323429288178
8.635706475231375,61.16321834229792
8.632758423031078,60.6187481171939
8.6298123829524,60.544408463787676
8.626868352936057,60.47245163220127
8.623926330925576,60.5829698721427
8.620986314867286,60.58561185594854
8.618048302710315,60.56631256025295
8.615112292406584,60.500254484447396
8.612178281910808,60.41187889030033
8.609246269180485,60.47078428048964
8.606316252175896,60.553653862418315
8.603388228860092,60.63166174471705
8.600462197198901,60.596357092624395
8.597538155160917,60.546892594458996
8.594616100717491,60.649804780193115
8.591696031842735,61.05451384987056
8.588777946513513,61.22736181824858
8.585861842709434,61.327247410342416
8.582947718412855,61.40294135939391
8.580035571608864,61.720956003607775
8.57712540028529,62.22737535440229
8.574217202432685,62.45067549679264
8.571310976044332,62.57490575948066
8.568406719116226,62.89186144250756
8.565504429647081,62.975961326508504
8.562604105638327,63.03407961858519
8.55970574509409,63.10436787113021
8.556809346021202,63.08943503499647
8.553914906429195,62.946820031902504
8.551022424330288,62.72942358968011
8.548131897739392,62.66686788343985
8.545243324674095,62.72456217831413
8.542356703154672,62.716128766095125
8.539472031204069,62.68918051388559
8.536589306847896,62.7044873976322
8.533708528114435,62.643916958420576
8.530829693034626,62.44611987659744
8.527952799642067,62.078279216789866
8.525077845973005,61.98720171358466
8.522204830066336,62.02376699466603
8.519333749963597,62.11843738823187
8.516464603708966,62.14823648685034
8.513597389349254,62.1543972909378
8.510732104933897,61.99721433495805
8.50786874851496,61.93825935795723
8.505007318147134,61.89934263656551
8.502147811887715,61.63016846090187
8.499290227796617,61.32773716782883
8.496434563936361,61.03169573406993
8.493580818372074,60.63700402049979
8.490728989171473,60.595915619199985
8.487879074404876,60.651726111204354
8.48503107214519,60.746023244254694
8.482184980467908,60.8062747090011
8.479340797451103,60.750983996308975
8.476498521175424,60.90358587953805
8.473658149724093,61.10707388221812
8.470819681182904,61.23915040043773
8.46798311364021,61.093082203152306
8.465148445186927,61.12241306027855
8.462315673916523,61.164807335030304
8.459484797925022,61.179314004034126
8.456655815310992,61.133907552475755
8.45382872417554,61.03323886782945
8.45100352262232,60.89673904770744
8.448180208757515,60.9102889991101
8.445358780689835,60.92002287625658
8.442539236530521,60.984999010146595
8.439721574393332,61.14639816184423
8.43690579239455,61.38319898420767
8.43409188865296,61.54972431957205
8.431279861289864,61.67543339627037
8.428469708429066,61.84877993723464
8.425661428196872,62.30669648581016
8.422855018722084,62.82240008676793
8.42005047813599,63.13754026060419
8.417247804572376,63.36539020628126
8.414446996167507,63.33409001096737
8.41164805106013,63.225728509133724
8.40885096739146,63.085898476294766
8.406055743305192,62.94141647355116
8.403262376947488,62.91807762269098
8.40047086646697,62.80966658586008
8.397681210014717,62.726102326741454
8.39489340574427,62.481313703486485
8.392107451811619,62.29689716517483
8.389323346375194,62.07745725416768
8.386541087595878,61.98672020082113
8.383760673636987,61.8876589566963
8.380982102664273,61.82657541222241
8.37820537284592,61.82218374680786
8.375430482352536,61.81211654589113
8.372657429357158,61.83418731928833
8.369886212035233,62.09087727040614
8.367116828564631,62.06214922890569
8.364349277125626,62.002328598163714
8.361583555900905,62.02085177601542
8.358819663075552,62.02749537009142
8.356057596837056,62.04212692943812
8.353297355375293,62.088282760069504
8.350538936882538,62.20312788057366
8.347782339553449,62.310531470533334
8.345027561585066,62.39004696292933
8.342274601176811,62.45850816719218
8.33952345653048,62.259935459656035
8.33677412585024,61.86294734445761
8.334026607342626,61.56533012611131
8.331280899216534,61.23011201208898
8.328536999683223,61.08328745540054
8.325794906956308,60.97185659534266
8.323054619251753,60.77812104896408
8.320316134787868,60.592094841096795
8.317579451785315,60.32450607226118
8.31484456846709,60.16358813955961
8.312111483058525,59.75143994684423
8.309380193787288,59.47059492084718
8.306650698883374,59.08765711567209
8.303922996579104,58.992786467426434
8.301197085109116,58.965926592273675
8.298472962710372,59.04288865149073
8.295750627622143,59.43607881246844
8.29303007808601,59.63286834480915
8.290311312345862,59.900674197644626
8.287594328647886,60.180560708106135
8.28487912524057,60.41642578096861
8.282165700374701,60.48936465905349
8.279454052303349,60.584866354706634
8.276744179281872,60.83354327002766
8.274036079567919,61.05824635396971
8.27132975142141,61.40948371020852
8.268625193104548,61.57946984858118
8.265922402881799,61.64680805282581
8.263221379019907,61.881949837931884
8.260522119787876,62.626792568196066
8.25782462345697,62.61601045515836
8.255128888300716,62.755420325848675
8.252434912594886,62.92579062533234
8.24974269461751,63.162860988236375
8.24705223264886,63.34800943587675
8.244363524971451,63.44682221511754
8.24167656987004,63.35317410811715
8.238991365631612,63.14377455562294
8.236307910545396,63.009235616644304
8.233626202902837,62.603407611510086
8.23094624099761,62.29576016662561
8.228268023125613,62.11625095079776
8.225591547584955,61.98801985902209
8.222916812675964,61.980259304495796
8.220243816701174,61.9115819764323
8.217572557965331,61.66059087114142
8.214903034775379,61.52620195078559
8.21223524544046,61.567871043657746
8.209569188271917,61.5911161234991
8.206904861583284,61.62845935266762
8.204242263690281,61.85196769555534
8.20158139291081,62.038395085957944
8.198922247564964,62.28506333938196
8.196264825975007,62.147562933612804
8.193609126465379,61.9269694644415
8.19095514736269,61.715543120914106
8.18830288699572,61.61825847227928
8.185652343695411,61.34481101883793
8.183003515794864,61.33781091816555
8.18035640162934,61.22651143211821
8.17771099953625,61.0396846358071
8.17506730785516,60.75388623479785
8.172425324927778,60.46443220976103
8.169785049097955,60.141787692195294
8.167146478711684,60.01214612975494
8.164509612117094,59.74567305627607
8.161874447664443,59.6131937269
8.159240983706121,59.496818620947735
8.156609218596646,59.53029018885127
8.153979150692654,59.42268086665469
8.151350778352905,59.220384603759555
8.148724099938264,59.31744312732057
8.14609911381172,59.59331795858719
8.143475818338366,59.93061074224312
8.140854211885399,60.28007536317676
8.138234292822121,60.81416111955549
8.135616059519927,61.2359901930495
8.132999510352315,61.41205725786715
8.130384643694867,61.386877754617345
8.127771457925258,61.37008657246888
8.125159951423248,61.193561358861935
8.122550122570678,61.006623576360404
8.119941969751466,60.63418461046011
8.117335491351605,60.08522728459248
8.114730685759163,60.037994058720386
8.112127551364274,60.090554525880734
8.109526086559136,60.111911773518244
8.10692628973801,60.25463049859077
8.104328159297214,60.36899758201684
8.101731693635129,60.51912231760086
8.099136891152174,60.723271944111374
8.096543750250827,60.92561976177942
8.09395226933561,61.03711932897103
8.091362446813083,61.00546531859919
8.088774281091847,61.019842447745916
8.086187770582539,61.148450308807305
8.083602913697828,61.24537359453257
8.081019708852414,61.494482141259155
8.078438154463017,61.648720575170614
8.075858248948386,61.69489573764437
8.073279990729283,61.57717831214894
8.070703378228494,61.42237177389282
8.068128409870809,61.344713387665095
8.065555084083034,61.31039711885671
8.06298339929398,61.21110082568919
8.06041335393446,61.18864850706458
8.057844946437287,61.23147255539748
8.055278175237273,61.488710070172345
8.052713038771222,61.49963809092778
8.050149535477926,61.49032908040624
8.047587663798172,61.47329528861836
8.045027422174721,61.4087678721932
8.042468809052325,61.222591238357296
8.039911822877707,61.12083191658617
8.037356462099567,60.90238613173501
8.034802725168577,60.66602321747139
8.032250610537375,60.22608762400952
8.029700116660571,60.01620839316565
8.027151241994728,60.03096085800705
8.024603984998373,60.08212118419229
8.022058344131992,60.15529003737478
8.019514317858018,60.18651256710746
8.016971904640839,60.20331270014836
8.014431102946782,60.064040218744054
8.011891911244128,59.994722886825876
8.009354328003091,60.05913157333757
8.006818351695825,60.1569430807124
8.004283980796417,60.19752754207826
8.001751213780889,60.16204424578186
7.999220049127189,60.09965777232673
7.996690485315186,60.20994452125572
7.99416252082668,60.21894332317305
7.991636154145382,60.240688869532974
7.989111383756927,60.239461125229475
7.986588208148854,60.16361299129951
7.984066625810618,59.991323653674336
7.981546635233582,59.74449793111691
7.97902823491101,59.58096913986964
7.976511423338067,59.53750194185825
7.973996199011818,59.463348399929814
7.971482560431222,59.40988483368564
7.968970506097133,59.38652756474175
7.966460034512286,59.3862529119318
7.96395114418131,59.40306958144562
7.961443833610716,59.578813207300776
7.9589381013088945,59.72282069167099
7.9564339457861095,59.87109991522855
7.953931365554504,59.821415192359666
7.951430359128091,59.750728599547244
7.948930925022753,59.666565244160864
7.946433061756235,59.50863675619034
7.943936767848146,59.22844708871434
7.941442041819955,59.06523409155257
7.93894888219499,58.98176955763568
7.936457287498427,58.818746315733605
7.933967256257296,58.713796300644916
7.931478787000478,58.58846740207704
7.928991878258697,58.53738770645586
7.926506528564515,58.506258169707216
7.924022736452337,58.46850677358777
7.921540500458406,58.4729729355046
7.919059819120798,58.523020642900256
7.916580690979414,58.51643550591404
7.9141031145759895,58.64342068667378
7.911627088454083,58.97590734616168
7.909152611159077,59.12721726871213
7.906679681238166,59.28044248865356
7.904208297240368,59.41376676450105
7.901738457716513,59.727147997270734
7.899270161219242,59.885310425144354
7.896803406303001,59.9682536482153
7.894338191524044,59.98762915428053
7.891874515440426,59.959183582676786
7.889412376612005,59.870545532286044
7.886951773600427,59.850152205765276
7.884492704969141,59.7920302002878
7.882035169283383,59.62914209475616
7.8795791651101785,59.565699548528485
7.877124691018334,59.481415040903556
7.874671745578446,59.30539155877228
7.872220327362887,59.135389771787004
7.869770434945806,59.16851344078104
7.867322066903127,59.21546657892432
7.864875221812546,59.28769188561997
7.862429898253528,59.201769979096525
7.859986094807306,59.03311922891497
7.857543810056871,58.954548186688925
7.855103042586979,58.93694531198202
7.852663790984144,59.01300706892914
7.850226053836634,59.51250725207677
7.8477898297344675,59.44786131387748
7.845355117269417,59.36791177089593
7.842921915034998,59.28590497751369
7.840490221626475,59.19265705581758
7.838060035640847,59.04557185309647
7.835631355676859,59.00977778137513
7.833204180334989,58.95081459643913
7.83077850821745,58.891949360815204
7.828354337928181,58.85401284429838
7.8259316680728555,58.90788390332446
7.823510497258869,58.92876427602506
7.821090824095345,58.997717335077965
7.818672647193115,59.06529520530091
7.816255965164742,59.10577713775492
7.813840776624495,59.14961570982242
7.811427080188361,59.216132363801464
7.8090148744740295,59.48252998004108
7.806604158100902,59.59592455851384
7.804194929690086,59.56544185193739
7.801787187864386,59.54278540035956
7.799380931248306,59.57873178548668
7.79697615846805,59.60637277803728
7.794572868151513,59.61498929686595
7.792171058928282,59.73642260381431
7.789770729429632,59.72432145741147
7.787371878288525,59.726303898763504
7.784974504139605,59.68534645099358
7.782578605619199,59.66504479079204
7.78018418136531,59.62932851913733
7.777791230017616,59.5758268590433
7.775399750217471,59.3644540399222
7.7730097406079,59.23622148964761
7.770621199833592,59.05951615681259
7.768234126540901,58.94676784895896
7.76584851937785,58.842638266470715
7.763464376994118,58.665614539832546
7.761081698041039,58.51275643039039
7.758700481171608,58.85117720546877
7.756320725040468,58.90282466586966
7.753942428303917,58.87993926970036
7.7515655896198945,58.95918412133064
7.749190207647988,58.99485724815703
7.746816281049429,59.41630125794282
7.744443808487089,59.40074984905613
7.742072788625472,59.26419525970613
7.739703220130722,59.22117287596544
7.737335101670614,59.258978419691445
7.734968431914556,59.34087043935174
7.732603209533575,59.472286571795294
7.730239433200332,59.65615665116469
7.7278771015891055,59.84618691643205
7.725516213375798,60.01795270247875
7.723156767237924,60.086288996384305
7.720798761854618,60.13282739861834
7.718442195906625,60.14276636434853
7.716087068076302,60.13558526187832
7.713733377047609,60.11838775990374
7.7113811215061165,60.105250778242564
7.709030300138997,60.059788825023276
7.706680911635021,59.99244811459729
7.704332954684558,59.895329267853
7.7019864279795724,59.77152819056737
7.699641330213624,59.68920207946577
7.697297660081863,59.6400436550514
7.694955416281023,59.666437898182544
7.692614597509428,59.652597452716336
7.690275202466987,59.571979535486264
7.687937229855186,59.40707653239393
7.68560067837709,59.335872844315574
7.68326554673734,59.36210750482782
7.680931833642155,59.44664668666189
7.678599537799323,59.51525505652851
7.676268657918196,59.57409715991326
7.6739391927097005,59.59558675100813
7.671611140886323,59.512008627904734
7.669284501162114,59.40016180746611
7.66695927225268,59.28634700191384
7.6646354528751885,59.27837895509789
7.66231304174836,59.291356021267376
7.659992037592469,59.306209285325565
7.657672439129335,59.25724626554521
7.655354245082333,59.04552024336416
7.653037454176379,59.03295304349232
7.6507220651379315,58.96201990877938
7.648408076694991,58.85866376422288
7.646095487577096,58.55101245539694
7.643784296515323,58.43012304919526
7.641474502242279,58.25131700325024
7.639166103492105,58.0453739990783
7.636859099000469,57.88327759523336
7.634553487504569,57.77823512089674
7.632249267743125,57.72695675082403
7.629946438456379,57.743221018276664
7.627644998386094,57.823511645096055
7.6253449462755505,58.06067031248638
7.623046280869547,58.19613488153438
7.620749000914387,58.28273903356815
7.618453105157894,58.44248745094008
7.616158592349394,58.653829662587896
7.613865461239725,58.71773048080371
7.611573710581221,58.749552788893624
7.609283339127725,58.82126347492188
7.6069943456345746,58.86792119318373
7.604706728858609,58.825689820968655
7.602420487558158,58.71621102697584
7.600135620493046,58.65293813073475
7.5978521264245895,58.63326836582844
7.595570004115591,58.60457235713427
7.593289252330338,58.323900749868045
7.591009869834605,58.22318884135314
7.588731855395646,58.179471445057274
7.586455207782196,58.12309228865972
7.584179925764463,58.05505074297473
7.581906008114135,57.956333851254115
7.5796334536043695,57.87368641375831
7.577362261009797,57.720498755562275
7.575092429106511,57.59392564858783
7.572823956672077,57.5118855653407
7.570556842485522,57.72912221506675
7.568291085327337,57.811967759001824
7.566026683979465,57.844189634744346
7.563763637225314,58.001920283680036
7.561501943849746,58.13895769146184
7.559241602639074,58.185386831069465
7.556982612381061,58.31585835582521
7.55472497186492,58.492666144018585
7.552468679881312,58.2631041589859
7.550213735222342,58.199571528803716
7.547960136681551,58.092842297669165
7.545707883053929,58.04618454173615
7.543456973135897,58.055764876975466
7.541207405725319,57.796118053939544
7.538959179621482,57.669950708362954
7.536712293625114,57.522513008841415
7.534466746538367,57.419472057397144
7.532222537164825,57.36221093706955
7.529979664309489,57.249454136879734
7.527738126778791,56.9337217263661
7.52549792338058,56.8474618491926
7.523259052924125,56.820696448800255
7.5210215142201085,56.762479732223525
7.5187853060806304,56.668134651989774
7.516550427319204,56.71202893959517
7.514316876750751,56.848190590390345
7.5120846531916,57.005859937507296
7.5098537554594875,57.08864556030103
7.507624182373554,57.15828703898778
7.505395932754343,57.27635717280019
7.503169005423794,57.25901788548829
7.500943399205246,57.37669355421535
7.498719112923437,57.49034495579994
7.496496145404496,57.50084493862721
7.494274495475941,57.541843065302345
7.492054161966683,57.47964001041299
7.48983514370702,57.38344335058732
7.487617439528636,57.376744708225274
7.485401048264593,57.337497397299664
7.483185968749341,57.40034709111626
7.480972199818707,57.57103605324995
7.478759740309895,57.63711912668069
7.476548589061482,57.608153103684444
7.474338744913421,57.537072489051425
7.4721302067070345,57.44141256302095
7.469922973285018,57.351826496501836
7.467717043491427,57.28019844027955
7.465512416171687,57.2474584954639
7.463309090172585,57.19493187275423
7.461107064342271,57.23303498402033
7.45890633753025,57.290126555429836
7.456706908587388,57.35254507991216
7.454508776365903,57.40166203010378
7.45231193971937,57.41949477664153
7.450116397502709,57.73374943117714
7.447922148572194,57.96579957147537
7.445729191785444,58.02421715039469
7.443537526001425,58.2157497818871
7.441347150080442,58.394488303952926
7.439158062884144,58.38235037786487
7.43697026327552,58.51014164160776
7.434783750118895,58.60326910258141
7.432598522279928,58.78130023773261
7.430414578625612,59.00263372612161
7.428231918024273,59.03806467710933
7.426050539345566,58.98604366067112
7.423870441460467,58.89732040312991
7.421691623241287,58.843282565712
7.419514083561655,58.79778089539287
7.417337821296524,58.70849205767067
7.415162835322163,58.6212395759016
7.412989124516161,58.422000790571225
7.410816687757424,58.28748865494241
7.408645523926172,58.130343216504045
7.40647563190393,57.870282528333036
7.404307010573543,57.71433420858361
7.402139658819157,57.832882105362174
7.399973575526229,58.00437083375783
7.397808759581514,57.78546654928014
7.3956452098730745,57.7882430963721
7.3934829252902725,57.77551459235882
7.391321904723768,57.80286021128842
7.389162147065517,57.835703936837646
7.387003651208769,57.87896619088427
7.384846416048069,57.99344316688472
7.382690440479255,58.17193601945848
7.380535723399447,58.32341342882795
7.378382263707056,58.30452002133388
7.376230060301781,58.23652154376805
7.374079112084602,58.12272184196519
7.3719294179577775,58.00753122134219
7.36978097682485,57.85429070087093
7.367633787590639,57.80913060108594
7.365487849161239,57.84040245514115
7.3633431604440185,57.77135455790436
7.361199720347618,57.69221516871353
7.3590575277819505,57.63344962892313
7.356916581658197,57.60418352087035
7.354776880888801,57.478815247315396
7.352638424387477,57.51584894995741
7.350501211069198,57.56812796080973
7.348365239850202,57.58604238024921
7.346230509647981,57.882753345129956
7.34409701938129,57.892160094065844
7.341964767970137,57.89396938734846
7.339833754335785,57.94725980401775
7.337703977400747,58.13896164209952
7.335575436088789,58.5947609138933
7.333448129324921,58.65814639054683
7.3313220560354075,58.65202457688137
7.329197215147749,58.573314928249246
7.327073605590694,58.50361249910489
7.324951226294233,58.35710894100323
7.322830076189592,58.14604088353887
7.3207101542092365,57.94142586903741
7.3185914592868695,57.803900654152756
7.316473990357426,57.610449072635916
7.314357746357074,57.40847122658187
7.31224272622321,57.2875892121337
7.310128928894463,57.110233736431944
7.308016353310687,56.925317337981745
7.305904998412961,56.652625173517535
7.303794863143585,56.563383487538275
7.301685946446086,56.52025400947865
7.299578247265206,56.540250905778436
7.297471764546909,56.567444732783585
7.295366497238371,56.66217346408021
7.293262444287985,56.77562634904626
7.291159604645358,56.82548990055817
7.289057977261308,56.89787798949603
7.286957561087858,57.04993762990813
7.284858355078242,57.175001038639266
7.282760358186902,57.262716505351236
7.280663569369481,57.33212640129415
7.278567987582822,57.323675391041974
7.276473611784976,57.32327998886892
7.274380440935185,57.40942410749126
7.272288473993895,57.490599384836614
7.2701977099227415,57.46857382806507
7.268108147684558,57.39547670251144
7.266019786243367,57.37426362420763
7.263932624564387,57.34051193034101
7.261846661614016,57.33233841470464
7.259761896359847,57.17505629382844
7.2576783277706545,57.042502963777125
7.255595954816398,56.96106075686057
7.253514776468216,56.94723044068442
7.25143479169843,56.94657922500669
7.2493559994805405,56.9571215607269
7.247278398789223,56.9526105192914
7.245201988600326,57.042378751717834
7.2431267678908755,57.19339860877409
7.241052735639068,57.29014759217865
7.23897989082427,57.41214887943072
7.236908232427012,57.61281649943068
7.234837759428999,57.58545625351553
7.232768470813096,57.55506839096819
7.230700365563333,57.527378680502814
7.228633442664899,57.460596139930914
7.226567701104145,57.366285397231536
7.224503139868582,57.26355000594393
7.222439757946877,57.165932155230436
7.220377554328848,57.06246284767948
7.218316528005472,56.90356423603059
7.2162566779688735,56.717467419253055
7.214198003212332,56.48925095253008
7.212140502730269,56.35083521012631
7.210084175518257,56.12754059024096
7.208029020573014,55.97823045288286
7.205975036892402,55.88525216981892
7.20392222347542,55.64472059809614
7.201870579322212,55.52158466901728
7.199820103434059,55.34643290851987
7.197770794813383,55.243840490092
7.195722652463734,55.18359619734609
7.193675675389801,55.14336871372288
7.191629862597404,54.91556691367982
7.189585213093496,54.871517372415695
7.1875417258861525,54.81320445669537
7.185499399984584,54.79303000508087
7.183458234399121,54.79410641239756
7.181418228141225,54.838848538429914
7.1793793802234696,54.8823557643225
7.17734168965956,54.90344914221011
7.175305155464314,54.918035259577906
7.173269776653672,54.95434036386226
7.171235552244687,55.01141024128101
7.169202481255526,55.0459755339071
7.167170562705475,55.051524015959586
7.165139795614926,55.02537787323777
7.163110179005381,55.06858514425909
7.1610817118994525,55.08848921188222
7.159054393320861,55.10258519778219
7.1570282222944295,55.04695873569891
7.155003197846084,54.96482493470076
7.152979319002856,54.88745815755568
7.150956584792875,54.89376176367632
7.148934994245373,54.93759343342971
7.146914546390672,54.88401619775101
7.1448952402601975,54.8734911799916
7.142877074886465,54.87606576009247
7.140860049303088,54.843792325675956
7.138844162544762,54.8334144165197
7.136829413647281,54.8547676887851
7.134815801647524,54.96008396342537
7.132803325583457,54.48523407725908
7.130791984494128,54.367933068310265
7.128781777419674,54.18905513564624
7.126772703401309,54.06402044560113
7.124764761481333,53.90240713749626
7.122757950703119,53.760949924621414
7.120752270111121,53.689734505884346
7.11874771875087,53.68135730534438
7.116744295668969,53.67829509405142
7.114741999913094,53.61681900062594
7.112740830531993,53.54620305005047
7.1107407865754855,53.48580637417369
7.108741867094458,53.433908283926925
7.106744071140862,53.46131034646402
7.104747397767719,53.5638935337406
7.1027518460291095,53.72490076693522
7.100757414980182,53.80208987392798
7.09876410367714,53.95142773597663
7.0967719111772505,53.93541869096467
7.094780836538836,53.87274609354721
7.092790878821279,53.864831034569576
7.090802037085012,53.91536625345705
7.088814310391526,53.92679361183342
7.08682769780336,53.93876716076883
7.084842198384108,53.93129772351153
7.082857811198408,53.90077800294448
7.080874535311948,53.89203722484048
7.078892369791464,53.86007278335969
7.076911313704735,53.84151160259706
7.074931366120582,53.90898327797241
7.072952526108869,54.05389572109698
7.070974792740502,54.185959831609395
7.068998165087424,54.288032889914724
7.067022642222614,54.355992612784235
7.06504822322009,54.46717593498012
7.063074907154904,54.595442429483555
7.06110269310314,54.75703928868346
7.059131580141913,55.107288729431296
7.057161567349369,55.46119363422136
7.055192653804683,55.789780366851495
7.0532248385880605,55.98401372911297
7.051258120780725,56.11366006497015
7.049292499464931,56.19893039381297
7.047327973723955,56.28558318956726
7.045364542642095,56.40645956995354
7.043402205304667,56.54346891530601
7.041440960798006,56.64355860983764
7.039480808209469,56.73780421135138
7.037521746627425,57.035202951885864
7.035563775141255,57.08218712088138
7.03360689284136,57.09551322991021
7.031651098819146,57.04117804521991
7.029696392167035,56.693472154816334
7.0277427719784535,56.528827149453626
7.025790237347838,56.370387346704305
7.023838787370629,56.157767776089926
7.0218884211432755,55.829268888992914
7.019939137763225,55.68173283505729
7.017990936328929,55.54176461638142
7.016043815939841,55.410639556934555
7.014097775696413,54.76278852724613
7.0121528147000936,54.52416660898877
7.0102089320533265,54.34089916344834
7.008266126859554,54.185668868378094
7.006324398223211,54.05299418144631
7.004383745249722,54.02304410710846
7.002444167045505,54.0652330707137
7.000505662717966,54.07122133962396
6.998568231375502,54.16236876296364
6.996631872127493,54.15216027670458
6.994696584084305,54.1884704184689
6.99276236635729,54.184632569336735
6.990829218058784,54.174038305489525
6.988897138302098,54.15766775096283
6.986966126201529,54.04680480626338
6.985036180872349,54.18024069860384
6.983107301430813,54.22142161422972
6.981179486994143,54.21052544720662
6.979252736680541,54.20396843727542
6.977327049609183,54.254084591579925
6.975402424900217,54.349666813157526
6.973478861674756,54.464458752101194
6.971556359054887,54.54898058826906
6.969634916163664,54.60301080820089
6.96771453212511,54.6701873904514
6.965795206064207,54.67580421374028
6.963876937106907,54.6260777481625
6.96195972438012,54.51697495208269
6.960043567011722,54.1138068839811
6.958128464130542,53.9406345751259
6.956214414866374,53.81519478188677
6.954301418349968,53.70655248817828
6.952389473713028,53.59254915026288
6.9504785800882125,53.43511700006761
6.948568736609134,53.18178647951177
6.94665994241036,53.02442950551784
6.9447521966274035,52.953568382992486
6.942845498396729,52.89379445662067
6.940939846855751,52.82977857654266
6.939035241142828,52.77664408308385
6.937131680397267,52.73551045000242
6.935229163759315,53.02187814447365
6.933327690370166,53.038897686450056
6.931427259371952,53.175337012451536
6.92952786990775,53.36606688459922
6.92762952112157,53.572248758352856
6.925732212158365,53.926123624566216
6.923835942164022,54.011083731851016
6.921940710285364,54.05486542598948
6.920046515670146,54.12120702418176
6.918153357467057,54.227478011844646
6.916261234825719,54.23643548113857
6.914370146896683,54.26385668484629
6.912480092831426,54.27971902935066
6.910591071782355,54.31501231849677
6.908703082902804,54.426911122420094
6.906816125347032,54.46651133913265
6.904930198270218,54.465256387632806
6.9030453008284685,54.48367715934813
6.901161432178808,54.50320756527384
6.899278591479183,54.49801332079001
6.8973967778884555,54.49328589943017
6.895515990566408,54.487801070953
6.8936362286737385,54.53082549809224
6.891757491372061,54.5735512859618
6.889879777823899,54.60504106156474
6.8880030871926925,54.5635211773523
6.8861274186427925,54.25924947978302
6.884252771339459,53.904990404177184
6.8823791444488585,53.49808173532581
6.88050653713807,53.15909157953341
6.8786349485750735,53.109310972599275
6.87676437792876,53.068992596710515
6.8748948243689165,53.00307865923047
6.87302628706624,52.93939021551802
6.871158765192325,52.86924053947432
6.869292257919668,52.80629718685293
6.86742676442166,52.8599965876956
6.865562283872596,52.90901830402843
6.8636988154476635,52.98167219896783
6.861836358322948,53.06050789201571
6.859974911675423,53.10863303567331
6.858114474682962,53.17901875815399
6.856255046524327,53.21295230036721
6.854396626379171,53.33530731585847
6.8525392134280345,53.36075885239718
6.850682806852347,53.25529681740382
6.848827405834426,53.236725245761235
6.846973009557474,53.22944123152812
6.845119617205576,53.22059130687359
6.843267227963703,53.1418713076561
6.841415841017706,53.142688907928786
6.839565455554318,53.17493153590745
6.837716070761151,53.210480559268575
6.8358676858266945,53.2214039250495
6.834020299940318,53.23232729083042
6.832173912292265,53.32164787124555
6.8303285220736525,53.3572329806525
6.828484128476474,53.382761713966175
6.826640730693595,53.52610536038691
6.824798327918752,54.20441050128194
6.82295691934655,54.21786141114714
6.821116504172465,54.21497196398224
6.81927708159284,54.209010943237374
6.817438650804886,54.1347846078852
6.815601211006675,54.109435015895926
6.813764761397151,54.10183009197077
6.811929301176113,54.08950837995327
6.810094829544229,54.018642655982234
6.8082613457030225,53.92996038904328
6.806428848854878,53.66479759617856
6.804597338203041,53.41103595545601
6.802766812951613,53.16441922409493
6.800937272305549,53.02018218459672
6.799108715470663,52.75651138296537
6.79728114165362,52.522098707729974
6.795454550061941,52.39899706480445
6.793628939903995,52.289300901151634
6.7918043103890025,52.25357726828153
6.789980660727035,52.230816319832236
6.788157990129012,52.114533628215185
6.786336297806695,51.95496853326076
6.7845155829727,51.84085873890801
6.782695844840481,51.72977859403525
6.78087708262434,51.64550239561367
6.779059295539416,51.59091065183861
6.777242482801695,51.45961393983103
6.775426643628,51.398425832797564
6.773611777235996,51.32284824135071
6.771797882844182,51.33273606972661
6.7699849596718975,51.45963548241924
6.768173006939315,51.49498559097387
6.766362023867446,51.42902859741807
6.764552009678128,51.36711426165055
6.762742963594038,51.31540729593934
6.76093488483868,51.342703302752525
6.759127772636393,51.47019392451601
6.75732162621234,51.61340305450594
6.755516444792513,51.753766039199455
6.7537122276037325,51.812900360889756
6.751908973873646,51.901458712701825
6.7501066828307215,51.971069611612464
6.748305353704252,52.036398238197826
6.746504985724355,51.9828503550723
6.7447055781219705,51.899664303741076
6.742907130128852,51.81199022321678
6.741109640977579,51.78892715511507
6.739313109901546,51.77165651052153
6.737517536134966,51.78623984923176
6.735722918912866,51.77483461757652
6.733929257471088,51.676698289889174
6.732136551046291,51.53423867987044
6.730344798875943,51.27958283826264
6.728554000198324,51.18907689573098
6.7267641542525265,51.01615856427805
6.72497526027845,50.969183987926726
6.723187317516806,50.86831956200675
6.721400325209108,50.83804582351524
6.7196142825976795,50.86052190365594
6.7178291889256485,50.88843318938206
6.716045043436948,50.91202089735694
6.714261845376309,50.936480363551595
6.71247959398927,50.96699715502574
6.7106982885221695,50.99315104402665
6.708917928222145,51.09363209247011
6.70713851233713,51.146655737614196
6.705360040115859,51.22251330416127
6.7035825108078635,51.26495499883001
6.7018059236634695,51.275545336461406
6.700030277933794,51.28644226733792
6.698255572870755,51.26925543318887
6.696481807727055,51.31886832553479
6.694708981756196,51.32003004576006
6.692937094212461,51.27170907620206
6.691166144350929,51.14145097581854
6.689396131427467,51.040657715837824
6.6876270546987255,51.00638962129737
6.685858913422143,51.026438329494965
6.684091706855944,51.11128032726144
6.682325434259136,51.212544003510345
6.680560094891511,51.29353247537827
6.67879568801364,51.41722219009315
6.677032212886877,51.6785782900599
6.675269668773356,51.70843865249285
6.673508054935991,51.73114372358901
6.671747370638469,51.66598899302001
6.669987615145261,51.62237869719587
6.668228787721607,51.544539521258685
6.666470887633528,51.415690784135194
6.664713914147813,51.37551595695095
6.662957866532028,51.33567535678377
6.661202744054507,51.36157282777209
6.659448545984361,51.300909627993555
6.657695271591463,51.23477362215401
6.655942920146458,51.188339017295206
6.654191490920761,51.16431566610089
6.652440983186552,51.08788729231314
6.650691396216773,51.05773881356846
6.648942729285138,51.01944348489171
6.647194981666118,50.86201454179157
6.645448152634951,50.93192728537079
6.643702241467633,51.02105867563533
6.6419572474409225,51.11436148979839
6.6402131698323394,51.20430118291636
6.638470007920161,51.29011988957832
6.63672776098342,51.40558464925559
6.634986428301907,51.525027602695204
6.633246009156172,51.65649498639017
6.631506502827514,51.76376222281242
6.629767908597988,51.831416272484645
6.628030225750403,51.91161986119693
6.6262934535683184,51.96403712209759
6.624557591336045,51.98507727775461
6.622822638338643,51.98802942308774
6.621088593861919,52.0417334894634
6.619355457192432,52.07271775272412
6.617623227617486,52.02406045768724
6.615891904425128,52.05297219174108
6.614161486904154,52.11509242868257
6.6124319743441005,52.19768885895669
6.61070336603525,52.242682004673746
6.608975661268625,52.253866722419154
6.607248859335988,52.26505144016456
6.605522959529845,52.25359473327214
6.603797961143438,52.207230101798686
6.602073863470746,52.139720923822395
6.6003506658064905,52.01322349479244
6.598628367446124,51.95775981481309
6.596906967685837,51.865579882933545
6.59518646582255,51.55435934807612
6.5934668611539236,51.49337768496134
6.591748152978345,51.429267193335896
6.590030340594936,51.24444989734262
6.588313423303546,51.22372216454879
6.586597400404757,51.1875932641356
6.584882271199876,51.13785542746939
6.583168034990943,51.08696263688423
6.581454691080718,51.12701919948398
6.57974223877269,51.12342614719384
6.578030677371074,51.11706686233589
6.576320006180807,51.101116350033735
6.574610224507548,51.06051933084345
6.57290133165768,51.04099541561259
6.571193326938305,51.015546713839676
6.569486209657248,51.09761361877831
6.56777997912305,51.195194837819365
6.56607463464497,51.20884830105049
6.564370175532987,51.137090076518035
6.562666601097795,51.12234996593519
6.560963910650802,51.08269893017206
6.559262103504132,50.90012834181178
6.557561178970622,50.752348536565584
6.5558611363638235,50.63521611616781
6.554161974997995,50.548077447884864
6.552463694188109,50.45712902344944
6.55076629324985,50.3625200396112
6.549069771499607,50.34644380632925
6.547374128254478,50.35145559211382
6.54567936283227,50.374306104732725
6.543985474551494,50.377457135843294
6.54229246273137,50.3634725191268
6.540600326691816,50.17605504490437
6.538909065753459,49.96505002926982
6.537218679237626,49.74975958242824
6.535529166466348,49.714708646101414
6.53384052676235,49.64368679447006
6.532152759449065,49.64572084563507
6.5304658638506226,49.647754896800066
6.528779839291847,49.63050402121215
6.527094685098262,49.57911492092235
6.525410400596088,49.48702192155424
6.523726985112239,49.64653467616037
6.522044437974325,49.58938709985128
6.520362758510649,49.48778153625828
6.518681946050207,49.3235172542129
6.517001999922685,49.04558931733517
6.515322919458462,48.70328645810122
6.5136447039886045,48.73833806933854
6.51196735284487,48.77136053860375
6.510290865359704,48.75911446527009
6.5086152408662405,48.70077229723652
6.506940478698295,48.63592467985184
6.505266578190374,48.56736009866765
6.503593538677664,48.54118283920332
6.501921359496041,48.541006571999475
6.500250039982057,48.505647375456775
6.498579579472952,48.46774200451172
6.496909977306642,48.439485430392345
6.49524123282173,48.492789916167524
6.49357334535749,48.500932943433696
6.491906314253879,48.525962319748544
6.490240138851532,48.664630626719806
6.488574818491762,48.82372299564675
6.486910352516552,49.02533271811342
6.4852467402685665,49.12765923559033
6.48358398109114,49.094124793733975
6.481922074328284,49.013545410487254
6.480261019324677,48.920740684032694
6.478600815425674,48.890593497099076
6.476941461977297,48.87453242392142
6.475282958326245,48.845817217487124
6.473625303819874,48.8868389577963
6.471968497806219,48.79697485897514
6.470312539633977,48.693164058098404
6.468657428652514,48.64009440988983
6.467003164211857,48.54333894736232
6.465349745662702,48.34639139510472
6.463697172356408,48.1568230665287
6.462045443644999,48.021195992636535
6.460394558881155,47.943468752676765
6.458744517418222,47.88136841316357
6.457095318610207,47.77729855773107
6.455446961811776,47.68517216751313
6.45379944637825,47.59451573773817
6.452152771665613,47.458779668019965
6.450506937030504,47.38178133779425
6.448861941830219,47.35759004136551
6.4472177854227075,47.35446666507554
6.445574467166575,47.46995884663413
6.443931986421082,47.81921465077602
6.442290342546139,48.05505853300244
6.440649534902312,48.214722292428746
6.439009562850815,48.365939571232985
6.437370425753515,48.47302143346107
6.435732122972928,48.63330453131344
6.434094653872215,48.71459985746901
6.432458017815192,48.798301651234034
6.430822214166318,48.88399920780013
6.4291872422906975,48.950342082445935
6.427553101554083,48.98180603135768
6.42591979132287,49.01848559775454
6.424287310964098,49.05231280168311
6.42265565984545,49.05971971855046
6.421024837335251,49.12741301478644
6.419394842802467,49.07428487934436
6.417765675616708,48.93807411066247
6.416137335148217,48.8779986210018
6.414509820767883,48.83107246852995
6.412883131847227,48.5484218320883
6.411257267758412,48.57319747231368
6.409632227874238,48.60139611795273
6.408008011568135,48.60988576606268
6.406384618214172,48.60616473129911
6.404762047187054,48.62208182445585
6.403140297862116,48.638697673783554
6.401519369615327,48.64322293865909
6.399899261823285,48.70014796501319
6.398279973863224,48.85291124941009
6.396661505113006,48.912421298270345
6.395043854951117,48.95213366728973
6.393427022756681,48.99071250314874
6.391811007909442,49.05806236502199
6.390195809789775,49.159885187740585
6.388581427778682,49.17904388725809
6.3869678612577845,49.11501810564411
6.385355109609335,49.05108580140852
6.3837431722162075,48.99864720929207
6.382132048461897,49.00703218821293
6.380521737730524,49.11987383271064
6.378912239406827,49.29796724222313
6.377303552876169,49.53247907316659
6.375695677524533,49.581394665930546
6.374088612738514,49.62448147310416
6.372482357905333,49.690780065811154
6.370876912412826,49.76347511821225
6.369272275649444,49.79894492406466
6.367668447004257,49.79642287608368
6.366065425866949,49.77328341797519
6.364463211627816,49.76331989594929
6.362861803677774,49.63861273791821
6.361261201408343,49.546656641778085
6.3596614042116615,49.45609009063173
6.358062411480479,49.38679101791916
6.356464222608153,49.31955825399605
6.354866836988651,49.254792626587104
6.353270254016552,49.173796202936515
6.351674473087041,49.18785612150681
6.350079493595913,49.1955437672666
6.348485314939565,49.224894245913156
6.3468919365150045,49.24121355838089
6.345299357719844,49.238024657171266
6.343707577952297,49.227987957469935
6.342116596611183,49.112065155871974
6.340526413095927,49.14806216935446
6.33893702680655,49.1846459561129
6.337348437143682,49.178899366751715
6.335760643508545,49.149337170904005
6.334173645302968,49.12016940517151
6.332587441929378,49.04877932279483
6.331002032790796,49.011048986093726
6.329417417290846,49.01735642263294
6.327833594833746,49.02366385917216
6.326250564824312,49.03229380667521
6.324668326667954,49.0194138358884
6.323086879770676,48.98722380203446
6.321506223539077,48.96205897257282
6.319926357380353,48.79490705881088
6.318347280702283,48.808710077543495
6.3167689929132464,48.8554227523985
6.315191493422211,48.9131425124185
6.313614781638734,48.99687242512283
6.312038856972963,49.090352580982696
6.310463718835633,49.4758332765881
6.308889366638068,49.65117458730296
6.307315799792182,49.84225934593604
6.305743017710469,50.06041349801329
6.304171019806016,50.16376084957338
6.3025998054924885,50.2603058305984
6.301029374184143,50.30393684549457
6.299459725295816,50.32985505464397
6.297890858242925,50.35317502250811
6.296322772441475,50.352234763840194
6.294755467308049,50.341290943257256
6.293188942259809,50.28686938715597
6.2916231967145,50.12331308187399
6.290058230090448,50.06613994465705
6.288494041806554,50.0670450563902
6.286930631282298,50.01498202956499
6.285367997937738,49.80053546230451
6.283806141193506,49.7229778048757
6.282245060470814,49.653561326701336
6.2806847551914435,49.56435753096655
6.279125224777755,49.500801737075896
6.277566468652681,49.42482104056948
6.276008486239727,49.345825170781595
6.274451276962971,49.26471309519002
6.272894840247059,49.109798948318506
6.2713391755172125,48.99589353895623
6.269784282199222,48.875839404834714
6.268230159719445,48.808460902296915
6.266676807504809,48.804502247963775
6.26512422498281,48.838895880232165
6.263572411581512,48.8685015856607
6.2620213667295435,48.929510389197205
6.260471089856098,48.99339422828298
6.258921580390937,49.031127976064056
6.257372837764385,49.08440913733625
6.255824861407331,48.99495203764167
6.254277650751224,48.80220970976197
6.25273120522808,48.598395762076464
6.251185524270473,48.626516441049574
6.24964060731154,48.661264287254696
6.248096453784977,48.65847811333078
6.246553063125039,48.59762412038303
6.245010434766544,48.582659198968436
6.243468568144861,48.58277009130994
6.241927462695923,48.60581409860163
6.2403871178562165,48.61222897716637
6.238847533062785,48.50753664963665
6.237308707753228,48.399266328123375
6.235770641365698,48.16242898529322
6.234233333338903,48.10370498085088
6.232696783112105,48.062481764619875
6.231160990125114,48.042013928687496
6.229625953818299,47.90621907422891
6.228091673632577,47.90392845178429
6.226558149009414,47.89417206924995
6.2250253793908294,47.872810711745586
6.223493364219388,47.91872795152216
6.221962102938207,47.96464519129872
6.220431594990949,48.01208839395204
6.218901839821824,48.31186503503775
6.21737283687559,48.39927578070199
6.2158445855975515,48.55092082139691
6.214317085433555,48.57994503641726
6.212790335829995,48.60973668108309
6.211264336233806,48.659565788154
6.209739086092471,48.73581361910699
6.208214584854012,49.125635962490236
6.206690831966993,49.08043538729176
6.20516782688052,49.025891729146636
6.20364556904424,48.91509684527787
6.202124057908339,48.787744255712234
6.200603292923544,48.69239759108356
6.199083273541118,48.56794497347701
6.197563999212862,48.35029656409435
6.1960454693911196,48.1987192330419
6.194527683528762,48.20484197562161
6.193010641079205,48.19153488330967
6.191494341496393,48.21526780582978
6.189978784234811,48.26111477572521
6.188463968749474,48.341216073077504
6.186949894495931,48.296217862123015
6.185436560930263,48.20995318265628
6.183923967509087,48.1578349003674
6.182412113689546,48.14289612197686
6.180900998929316,48.1487820760201
6.179390622686606,48.113417795681585
6.17788098442015,48.06884828870062
6.1763720835892135,48.02554484942107
6.174863919653587,47.988839324147854
6.1733564920735935,47.98254716682628
6.1718498003100795,47.969207498189846
6.170343843824417,47.878971939832724
6.168838622078506,47.7565821336695
6.167334134534769,47.70309426166685
6.165830380656157,47.66842705293831
6.164327359906141,47.48695180117345
6.1628250717487125,47.44356387033682
6.161323515648393,47.4684807811672
6.15982269107022,47.48211375267777
6.158322597479752,47.477587129104855
6.15682323434307,47.44294206568539
6.155324601126777,47.37684096374984
6.1538266972979905,47.314649919789744
6.15232952232435,47.257324328986435
6.15083307567401,47.18254111134701
6.149337356815645,47.08974836560295
6.1478423652184455,46.999184409452035
6.1463481003521165,46.99697049936501
6.14485456168688,47.014482976569326
6.143361748693473,46.97067532536121
6.141869660843146,46.958169368063466
6.140378297607665,46.92015750300462
6.138887658459304,46.888243982363306
6.137397742870855,46.85294565861901
6.135908550315618,46.78351255323996
6.134420080267405,46.6894341079658
6.1329323322005385,46.574808350821286
6.131445305589852,46.4232787156365
6.129958999910687,46.21632666241507
6.128473414638895,46.110591813522646
6.126988549250832,46.021279614599734
6.125504403223366,45.86605866389679
6.124020976033869,45.65860060357105
6.122538267160217,45.474993203832895
6.121056276080797,45.28411881597362
6.119575002274496,45.15160774569071
6.11809444522071,45.05495700740427
6.116614604399335,45.08487477776363
6.11513547929077,45.118287844818255
6.113657069375919,45.16707752847427
6.112179374136186,45.549783287122125
6.110702393053476,45.59008407011477
6.1092261256101965,45.63410509729867
6.1077505712892535,45.668379539273246
6.106275729574053,45.70122588187292
6.104801599948501,45.77158571557614
6.103328181896997,45.87431465170097
6.101855474904446,45.86051067928007
6.100383478456243,45.84477752350592
6.098912192038283,45.73351214487939
6.097441615136956,45.625824765388145
6.095971747239147,45.53645734522956
6.094502587832236,45.50464633222863
6.093034136404098,45.47651888833239
6.091566392443099,45.41674518340489
6.090099355438099,45.41230488095568
6.088633024878452,45.41208143037471
6.0871674002540015,45.41626121521631
6.085702481055083,45.40636192338507
6.084238266772522,45.363892372493424
6.082774756897635,45.30034620035668
6.081311950922227,45.25088666100613
6.079849848338591,45.27901324971209
6.078388448639509,45.30506706705532
6.0769277513182525,45.30330211727352
6.075467755868575,45.3137468748085
6.074008461784721,45.33393569136619
6.072549868561418,45.39990797102486
6.071091975693881,45.47883164410715
6.06963478267781,45.56781456414605
6.068178289009386,45.645017560368046
6.0667224941852735,45.70656607840372
6.065267397702624,45.768114596439375
6.063812999059067,45.79324629632343
6.0623592977527165,45.7639177288972
6.060906293282167,45.64086383078093
6.059453985146492,45.54990964072563
6.058002372845248,45.48888996207667
6.056551455878467,45.487647520469835
6.055101233746664,45.53003370153851
6.053651705950831,45.5410489564005
6.052202871992433,45.50718494509945
6.05075473137342,45.4674034509576
6.049307283596214,45.447192859626185
6.047860528163713,45.52238415779186
6.046414464579293,45.494279534393065
6.0449690923468005,45.44760034039841
6.04352441097056,45.373630376625314
6.042080419955371,45.33889403482749
6.0406371188065,45.35913883331575
6.039194507029691,45.39107338619465
6.037752584131161,45.46135920660264
6.036311349617594,45.54025390225269
6.034870802996148,45.613862367330654
6.0334309437744515,45.77795837436897
6.031991771460601,45.90023012712841
6.0305532855631645,45.950130705971794
6.029115485591174,45.998531504645
6.0276783710541375,46.103096995214905
6.026241941462022,46.110247270180196
6.024806196325268,46.1084519329577
6.023371135154781,46.09630715031632
6.021936757461927,46.257174807512115
6.020503062758546,46.28057346523427
6.019070050556936,46.30397212295638
6.017637720369862,46.330731328899006
6.0162060717105525,46.41505744036111
6.014775104092699,46.47436970796396
6.013344817030457,46.52554704369785
6.01191521003844,46.66333344728176
6.010486282631727,47.06613279706208
6.0090580343258555,47.24711733187185
6.007630464636826,47.370949481940286
6.006203573081095,47.47623984476556
6.0047773591755815,47.84042367326592
6.003351822437662,48.06356558055835
6.001926962385171,48.24979642732494
6.0005027785364025,48.381876313559175
5.999079270410104,48.52161470740225
5.997656437525483,48.65966607980425
5.996234279402201,48.79438325845517
5.994812795560376,48.81841987518676
5.99339198552058,48.80495425041079
5.99197184880384,48.77297333704399
5.990552384931638,48.70489785394739
5.989133593425908,48.636822370850794
5.987715473809036,48.41885898229202
5.986298025603861,48.19037035110291
5.984881248333676,48.06060425757276
5.98346514152222,47.9257883830655
5.982049704693688,47.861952437631295
5.980634937372723,47.869009765467965
5.979220839084416,47.87606709330464
5.977807409354311,47.88220908234956
5.9763946477083945,47.88179749668642
5.974982553673107,47.81237622692926
5.973571126775335,47.832300535626416
5.972160366542409,47.84611530368437
5.970750272502107,47.859694021725275
5.969340844182655,47.85113315525726
5.967932081112724,47.77117600194099
5.966523982821428,47.70991401317061
5.965116548838327,47.65914520432999
5.963709778693422,47.600833843172865
5.962303671917162,47.49262872020016
5.960898228040434,47.336908080511236
5.9594934465945695,47.235926008311445
5.958089327111342,47.07066559741964
5.956685869122965,46.86125716569737
5.955283072162095,46.71291023409761
5.953880935761824,46.58440148729763
5.952479459455688,46.42030163860119
5.951078642777662,46.27233322645519
5.949678485262155,46.15879710222143
5.948278986444019,46.02286800664055
5.946880145858542,45.87696559289579
5.945481963041449,45.81404983661476
5.944084437528902,45.76721418023412
5.942687568857496,45.70044021645048
5.941291356564265,45.62165142665068
5.939895800186678,45.533205075727395
5.938500899262635,45.40801026155276
5.937106653330475,45.42116902877453
5.935713061928966,45.45367068379685
5.93432012459731,45.59632275442806
5.932927840875145,46.0736000149705
5.931536210302536,46.20425978315943
5.930145232419981,46.35856119832816
5.928754906768411,46.512194768825424
5.927365232889184,46.59825933458363
5.925976210324092,46.69859580802868
5.924587838615352,46.8024128108334
5.923200117305614,46.89146997472355
5.921813045937953,46.956062620956885
5.9204266240558745,47.1529551356488
5.9190408512033095,47.22851923784789
5.917655726924617,47.26856003520196
5.916271250764582,47.30860083255605
5.914887422268415,47.37193499664046
5.913504240981752,47.360338163084506
5.912121706450656,47.35877872262134
5.9107398182216135,47.34491291476919
5.90935857584153,47.29717464651189
5.907977978857742,47.251886187265924
5.906598026818005,47.250307039297546
5.905218719270496,47.28527180577885
5.903840055763816,47.29294255318487
5.9024620358469875,47.304341453190155
5.901084659069452,47.23303642443648
5.899707924981075,47.232437306018525
5.898331833132137,47.233416529570015
5.896956383073341,47.23135657905354
5.895581574355812,47.2122260305715
5.894207406531085,47.1732553717401
5.892833879151121,47.12698951477179
5.891460991768295,47.088764377985264
5.890088743935402,47.05980236939847
5.888717135205649,47.02115153191508
5.88734616513266,46.971841657315025
5.8859758332704795,46.858321970876176
5.884606139173562,46.78983628385803
5.883237082396779,46.729144707931226
5.881868662495412,46.67585862582584
5.880500879025163,46.43299074322433
5.879133731542143,46.289285873988405
5.877767219602877,46.20927793100562
5.876401342764299,46.09809284018438
5.87503610058376,46.023725732390204
5.873671492619018,45.9686312414458
5.872307518428245,45.91843056836571
5.87094417757002,45.89130601876102
5.869581469603334,45.94442665496406
5.868219394087587,46.02116831793444
5.86685795058259,46.34368834914214
5.865497138648556,46.74834023530494
5.864136957846113,46.853711678162966
5.862777407736294,46.99635108477017
5.8614184878805355,47.14579918818442
5.860060197840687,47.27242443892351
5.858702537178997,47.35116156993874
5.857345505458127,47.429879035558635
5.855989102241138,47.48954751784138
5.854633327091498,47.508936725119554
5.853278179573078,47.50770715563663
5.851923659250153,47.42463141150357
5.8505697656874025,47.379265811342734
5.849216498449907,47.10941373934776
5.847863857103151,47.09963949019476
5.84651184121302,47.07567752075361
5.845160450345801,47.05838738281608
5.843809684068179,47.10123232329815
5.842459541947245,47.14169855488377
5.841110023550488,47.21309807750947
5.839761128445793,47.30593322601274
5.838412856201448,47.40259178124316
5.837065206386138,47.50622671066263
5.835718178568948,47.57989741545233
5.834371772319358,47.59706965545121
5.833025987207246,47.60418235879895
5.831680822802888,47.60781694706249
5.830336278676955,47.64139611843627
5.828992354400514,47.67330730253289
5.827649049545028,47.585997938673394
5.826306363682355,47.42893851892836
5.824964296384747,47.29954200527156
5.8236228472248515,47.02962384154888
5.822282015775706,46.833028410657334
5.8209418016107435,46.68026792958971
5.819602204303791,46.53397285867573
5.818263223429065,46.45753679292932
5.816924858561177,46.414097388755124
5.815587109275125,46.3762143620018
5.814249975146303,46.31271873063787
5.8129134557504925,46.223886637313676
5.811577550663865,46.13471355482934
5.810242259462983,46.038833899390056
5.808907581724797,45.98558782559879
5.807573517026646,45.94288699870302
5.806240064946257,45.90018617180725
5.804907225061745,45.07165284683953
5.803574996951615,44.914625947850496
5.802243380194755,44.80716746266173
5.80091237437044,44.599845309068314
5.799581979058332,44.37909635335347
5.798252193838479,44.19664345392901
5.796923018291313,44.11235893072056
5.79559445199765,43.96664210526997
5.794266494538693,43.936915209290305
5.792939145496025,43.919337413849746
5.791612404451617,43.87254933068597
5.790286270987816,43.78299652276056
5.788960744687359,43.708899312152006
5.7876358251333615,43.65341620301178
5.786311511909318,43.60247719633634
5.784987804599108,43.58301194080076
5.783664702786991,43.637303850439444
5.782342206057606,43.68799838546153
5.781020313995973,43.827909418450346
5.779699026187488,43.926912095171886
5.77837834221793,43.94692237006912
5.777058261673454,44.01445651905789
5.775738784140594,44.130246854498225
5.774419909206262,44.16338023112772
5.773101636457747,44.171688311389914
5.771783965482714,44.15427311962911
5.770466895869207,44.27159502403244
5.76915042720564,44.360940517366586
5.76783455908081,44.42273285725951
5.766519291083885,44.527104353964035
5.765204622804405,44.629221690044155
5.763890553832291,44.715738409778695
5.762577083757833,44.792433695696964
5.761264212171694,44.87602730633439
5.759951938664915,45.045526215324855
5.758640262828902,45.145653993406555
5.757329184255441,45.225767177121966
5.756018702536683,45.30581199619398
5.754708817265153,45.38631703586928
5.753399528033747,45.46427356647994
5.752090834435734,45.5050451675376
5.750782736064746,45.511693318741166
5.7494752325147935,45.50939298445117
5.748168323380247,45.44173612841314
5.746862008255852,45.43268655272203
5.745556286736723,45.427406480421936
5.744251158418335,45.41529993578924
5.742946622896539,45.42661346687194
5.741642679767547,45.404742443295284
5.740339328627942,45.36024351890353
5.739036569074671,45.353582397414
5.737734400705047,45.17381755963051
5.736432823116747,45.057237975948084
5.735131835907817,44.8479679358627
5.733831438676662,44.84825864135246
5.732531631022056,44.70775104300521
5.731232412543134,44.64680103457363
5.729933782839396,44.596105941164986
5.728635741510705,44.55884199244204
5.727338288157283,44.53634860819567
5.726041422379719,44.542908544339284
5.724745143778962,44.53061161891676
5.723449451956318,44.329731671679866
5.72215434651346,44.06018808038961
5.720859827052419,43.76136638156113
5.719565893175586,43.60634383156413
5.718272544485712,43.481711745976895
5.716979780585906,43.37208608947971
5.715687601079637,43.26000724926804
5.714396005570733,43.14818358653611
5.713104993663378,43.10622353759845
5.711814564962114,43.073858952484386
5.710524719071843,43.09288040988537
5.709235455597821,43.10522812658555
5.707946774145662,43.12091152264081
5.706658674321334,43.13988540353559
5.705371155731162,43.15481953497214
5.704084217981827,43.17160814593215
5.702797860680362,42.82405529219173
5.7015120834341575,42.836781492349125
5.700226885850957,42.942290137817295
5.698942267538857,43.23486084067804
5.697658228106307,43.40488170961113
5.696374767162109,43.49583263832572
5.695091884315421,43.621293569364994
5.693809579175748,44.279712695347214
5.692527851352949,44.37317994281746
5.691246700457235,44.50943246277123
5.689966126099166,44.6404965585336
5.688686127889653,44.754434243592115
5.687406705439959,44.85732427121157
5.686127858361694,44.88742446470732
5.684849586266818,44.883228382562436
5.6835718887676405,44.85861503014896
5.6822947654768186,44.83075342411523
5.681018216007358,44.797317735185615
5.679742239972612,44.76108468609019
5.678466836986281,44.74129331528863
5.677192006662414,44.73041418882217
5.675917748615404,44.658010992052695
5.674644062459991,44.68152512507018
5.673370947811261,44.66247875731926
5.672098404284644,44.5879517684061
5.670826431495917,44.51411959215324
5.669555029061202,44.48414583268432
5.668284196596963,44.439002084604866
5.667013933720009,44.36827277028517
5.66574424004749,44.284158505577636
5.664475115196905,44.195599478193365
5.663206558786089,44.04632450858802
5.661938570433223,43.8472193279884
5.660671149756829,43.758429348745146
5.65940429637577,43.67691402403693
5.65813800990925,43.63404212280108
5.656872289976818,43.591170221565235
5.655607136198355,43.45769934307229
5.654342548194088,43.30587745648759
5.653078525584585,43.099117572290154
5.651815067990746,42.93435451771182
5.650552175033818,42.91026371909885
5.64928984633538,42.88345996563263
5.648028081517354,42.85985289531379
5.646766880201997,42.8914102811777
5.645506242011903,42.99398103768908
5.644246166570004,43.034334968162426
5.642986653499569,43.12513453680015
5.641727702424202,43.17504487958112
5.640469312967843,43.599036014061944
5.639211484754768,43.68998627840654
5.63795421740959,43.7568991157838
5.636697510557252,43.788177535139695
5.635441363823034,43.79031376008032
5.634185776832552,43.89314504363185
5.632930749211751,44.02309162101062
5.631676280586913,44.15760490007641
5.630422370584651,44.41785169168894
5.629169018831912,44.589974987333804
5.627916224955972,44.722542153572306
5.626663988584444,44.852002631489604
5.625412309345266,44.99741846005307
5.624161186866711,45.0919460502046
5.622910620777383,45.15457402265463
5.621660610706214,45.16082169078232
5.620411156282467,45.12446131408574
5.619162257135734,45.02895724580334
5.617913912895937,44.894107181641665
5.616666123193329,44.81237003415519
5.615418887658484,44.81315726075222
5.614172205922311,44.774224738244314
5.612926077616047,44.706090223156856
5.611680502371249,44.64583530641828
5.61043547981981,44.58262474141124
5.609191009593944,44.51863822813684
5.607947091326192,44.454651714862436
5.6067037246494245,44.35185261438245
5.605460909196831,44.31337319351391
5.604218644601931,44.31698237190231
5.60297693049857,44.327569568251974
5.601735766520911,44.37311589163369
5.600495152303449,44.53257813398923
5.599255087480999,44.64065536367144
5.598015571688699,44.73370680389103
5.596776604562011,44.81800654279154
5.59553818573672,44.906924268277905
5.5943003148489305,44.97779370833008
5.593062991535074,45.12431473601407
5.591826215431898,45.44320593369647
5.590589986176476,45.540710638679315
5.589354303406199,45.60545257904234
5.588119166758781,45.66197212636782
5.586884575872254,45.734112406514186
5.585650530384971,45.82698731363065
5.584417029935604,45.86363981816174
5.583184074163146,45.89643848160334
5.581951662706905,45.97712545940703
5.580719795206509,46.062842025198215
5.579488471301906,46.08855419491
5.578257690633361,46.10234306487354
5.577027452841454,46.10125268979425
5.575797757567084,46.06870963853905
5.574568604451467,46.057583970948244
5.573339993136134,46.04642109387274
5.5721119232629315,46.03525821679721
5.570884394474024,46.025648158813894
5.569657406411888,46.00748914270207
5.568430958719318,45.986864993365366
5.567205051039424,45.985224049447744
5.565979683015624,45.939249972153206
5.564754854291656,45.929994142024896
5.563530564511569,45.981138265851605
5.562306813319726,46.06094592819383
5.561083600360801,46.12706126761374
5.559860925279783,46.17925846584958
5.558638787721973,46.27626083463394
5.557417187332982,46.40622482176167
5.556196123758732,46.37577225758915
5.554975596645459,46.31951335301214
5.553755605639709,46.29551818500762
5.5525361503883355,46.291072614752466
5.551317230538505,46.29572947526624
5.550098845737693,46.314066793181055
5.548880995633685,46.40627244250172
5.547663679874575,46.50900789635878
5.546446898108766,46.5913655250291
5.545230649984967,46.66364193907543
5.5440149351522,46.7463348002554
5.54279975325979,46.826941605593014
5.541585103957372,46.85285333468517
5.540370986894887,46.88431917593305
5.5391574017225835,46.798850379599116
5.537944348091016,46.74775513014848
5.536731825651045,46.696621190142565
5.535519834053836,46.64235177893633
5.5343083729508615,46.58390766608923
5.533097441993897,46.514070052988586
5.5318870408350245,46.49672254404395
5.53067716912663,46.43764632036274
5.529467826521402,46.34618752614137
5.528259012672336,46.227654756228574
5.5270507272327265,46.12369345579724
5.525842969856175,46.124339444564185
5.524635740196584,46.22970569738514
5.523429037908157,46.344865990965296
5.5222228626454015,46.46002628454545
5.521017214063127,46.27284750322838
5.519812091816443,46.24321022479115
5.518607495560762,46.21357294635388
5.517403424951793,46.155396269421445
5.5161998796455505,46.06810182885546
5.514996859298347,45.9984259867544
5.513794363566793,45.87101723874017
5.512592392107802,45.75049709230063
5.511390944578584,45.63849004861848
5.510190020636647,45.52587613915206
5.508989619939801,45.420830529096065
5.507789742146151,45.383596189189184
5.5065903869141,45.33934032987716
5.505391553902351,45.29508447056513
5.504193242769901,45.22876068201595
5.502995453176046,45.09553971426631
5.501798184780378,44.87995958744156
5.500601437242783,44.69421284841785
5.499405210223448,44.573751589457004
5.49820950338285,44.4532903304961
5.4970143163817635,44.332829071535215
5.49581964888126,44.0374782276253
5.494625500542702,43.96575083381451
5.493431871027746,43.86750893529501
5.492238759998347,43.848279484118656
5.4910461671167505,43.89242965719335
5.489854092045495,43.985455970859206
5.488662534447412,44.086932326437996
5.487471493985628,44.10544601892943
5.486280970323559,44.15177182973143
5.485090963124914,44.16706473764006
5.483901472053693,44.182009740139705
5.48271249677419,44.197123406203985
5.481524036950987,44.21071728023472
5.48033609224896,44.19671130295556
5.479148662333272,44.15988593491448
5.477961746869377,44.103818479183204
5.476775345523022,44.03428860805894
5.475589457960238,43.9419394635066
5.474404083847349,43.845761620493136
5.473219222850969,43.749821125874305
5.4720348746379965,43.663823861005085
5.470851038875622,43.6100451147266
5.469667715231321,43.56166989438749
5.468484903372858,43.53743690056929
5.467302602968286,43.55298306427856
5.466120813685943,43.51753682955929
5.464939535194454,43.653766065020754
5.463758767162732,43.73698128336582
5.4625785092599735,43.77855717574192
5.461398761155664,43.820133068118
5.460219522519571,43.89145462331498
5.45904079302175,44.02446040723173
5.457862572332541,44.14463289709319
5.456684860122565,44.2512019416823
5.455507656062733,44.337300581635645
5.454330959824234,44.369413492983284
5.453154771078546,44.379903612998305
5.451979089497427,44.39306333550991
5.450803914752918,44.40575287054843
5.449629246517345,44.41844240558696
5.448455084463315,44.43001783702907
5.4472814282637145,44.43164749486313
5.4461082775917165,44.40519492555393
5.444935632120774,44.3447436808258
5.443763491524618,44.245215622489354
5.442591855477265,44.002452838727876
5.441420723653009,43.720436268819284
5.440250095726427,43.49952059665103
5.439079971372372,43.327637867861725
5.437910350265979,43.20318519684618
5.436741232082665,43.13522287214106
5.43557261649812,42.96737504133756
5.434404503188317,42.87303146741952
5.433236891829509,42.81246960253707
5.432069782098221,42.759020325908196
5.430903173671263,42.71032168648894
5.429737066225718,42.65795204820175
5.428571459438946,42.63722562563012
5.427406352988588,42.637041125908965
5.4262417465525585,42.645934415349664
5.425077639809048,42.64303318134576
5.423914032436526,42.649350148901526
5.422750924113735,42.65325521359099
5.421588314519694,42.657404126193455
5.4204262033336965,42.662619092573216
5.419264590235312,42.661440640760816
5.4181034749043855,42.64464180674412
5.416942857021033,42.629666688132204
5.415782736265649,42.59894209688153
5.414623112318898,42.56336451809054
5.4134639848617185,42.539906615020264
5.4123053535753245,42.552709543682
5.411147218141201,42.59611681748643
5.409989578241104,42.69063776182416
5.408832433557065,42.78131768987791
5.407675783771388,42.87674075427884
5.406519628566643,42.99322983292177
5.405363967625678,43.080680863352754
5.404208800631608,43.149214844393555
5.403054127267821,43.17853929240038
5.4018999472179745,43.20240753418634
5.400746260165996,43.191158613976945
5.399593065796084,43.14172820372578
5.398440363792704,43.12525700590277
5.397288153840596,43.10878580807976
5.396136435624765,43.092314610256764
5.394985208830485,43.08987931521662
5.393834473143299,43.42032444767369
5.392684228249021,43.46372967182482
5.391534473833728,43.508508365059065
5.390385209583767,43.56394859755427
5.389236435185755,43.585397587526515
5.388088150326572,43.5862683785637
5.386940354693368,43.49160014533797
5.385793047973555,43.361372039015734
5.384646229854817,43.38532250974855
5.383499900025101,43.40259219250366
5.382354058172618,43.41986187525878
5.381208703985848,43.4371315580139
5.380063837153534,43.4501469624243
5.378919457364683,43.46312435650114
5.37777556430857,43.4888765486198
5.37663215767473,43.51552391655284
5.375489237152964,43.54217128448588
5.374346802433339,43.52969609365198
5.373204853206181,43.485101591919175
5.372063389162081,43.49080013061914
5.370922409991894,43.50656723278934
5.369781915386736,43.58370809284272
5.368641905037988,43.72636165236895
5.367502378637289,43.7978016215476
5.366363335876542,43.850008118349706
5.365224776447913,43.80431711625421
5.364086700043825,43.84948650435612
5.3629491063569645,43.918699131570044
5.361811995080281,43.97793383492889
5.360675365906979,43.975712899298586
5.359539218530529,43.929011981768895
5.358403552644655,43.829478075079535
5.3572683679433455,43.76330934878327
5.356133664120847,43.71701805875544
5.354999440871664,43.78115492313177
5.353865697890559,43.93073452418459
5.352732434872556,44.04656900898845
5.351599651512935,44.11385642255301
5.350467347507235,44.136670299714396
5.349335522551249,43.93754165809211
5.348204176341033,43.93123765033158
5.347073308572897,43.92093474834419
5.345942918943407,43.9310542884519
5.344813007149387,43.94438964728953
5.343683572887917,43.93148137340635
5.342554615856334,43.88900652421775
5.341426135752228,43.84653167502915
5.340298132273447,43.79617889122535
5.339170605118092,43.7416092977457
5.338043553984522,43.783227141133295
5.336916978571348,43.84779292986472
5.335790878577436,43.87601242231838
5.334665253701906,43.89680452277274
5.333540103644133,43.91504048123691
5.332415428103744,43.980765332594984
5.331291226780619,43.95776027901695
5.330167499374895,43.93515014876198
5.329044245586957,43.89322861238119
5.327921465117443,43.838154835668405
5.326799157667247,43.75094519394406
5.32567732293751,43.648800618857976
5.324555960629629,43.546625811795735
5.323435070445252,43.446030147281164
5.322314652086273,43.351468172524505
5.321194705254844,43.256906197767854
5.320075229653363,43.13926016762379
5.31895622498448,43.01224585241809
5.3178376909510945,42.78400528320549
5.316719627256357,42.7472791428716
5.315602033603667,42.74163206421079
5.314484909696672,42.76574174088503
5.313368255239271,42.79275939597477
5.312252069935609,42.83991952160133
5.311136353490084,42.892663348846625
5.310021105607336,42.90825975917184
5.308906325992258,42.88033364404959
5.307792014349991,42.88966368070558
5.306678170385918,42.92684465631197
5.305564793805676,42.99309365819187
5.304451884315144,43.07800539377563
5.303339441620452,43.181657267985415
5.302227465427971,43.27439616205573
5.301115955444324,43.338145241943366
5.300004911376376,43.40312343375837
5.298894332931239,43.48339523807083
5.297784219816271,43.529718600994464
5.296674571739075,43.5378306232205
5.295565388407497,43.567306436200504
5.29445666952963,43.5939293950279
5.293348414813813,43.5992024801822
5.292240623968622,43.60447556533647
5.291133296702886,43.88156490216911
5.2900264327256705,44.02884503071358
5.288920031746288,44.08550548188977
5.287814093474296,44.118295283226345
5.286708617619489,44.16051656481841
5.285603603891907,44.21509208126986
5.284499052001836,44.198807068302074
5.283394961659798,44.19195473798409
5.282291332576561,44.14136717245137
5.281188164463133,44.091917474274375
5.280085457030763,44.04743613676174
5.278983209990945,44.01342036158354
5.2778814230554065,43.97444284977105
5.276780095936123,43.93191239953235
5.275679228345305,43.88568717470359
5.274578819995407,43.797103690257856
5.273478870599119,43.69597008057069
5.272379379869377,43.62440160391046
5.271280347519349,43.552833127250224
5.270181773262449,43.406933178363374
5.269083656812324,42.91503522949016
5.267985997882864,42.593734129530084
5.266888796188194,42.40200614384588
5.26579205144268,42.210278158161586
5.264695763360923,42.00836358933576
5.263599931657764,41.806851532471285
5.262504556048281,41.671014454260714
5.261409636247788,41.61663377380614
5.260315171971837,41.55250813885409
5.259221162936216,41.47588803824993
5.25812760885695,41.41282719522084
5.257034509450298,41.40233651570338
5.255941864432757,41.38150449944365
5.254849673521061,41.376469952791865
5.2537579364321765,41.38683015199433
5.252666652883306,41.43788568349149
5.251575822591888,41.5093711027651
5.250485445275594,41.51273463363576
5.249395520652332,41.53234449330578
5.248306048440241,41.55195435297577
5.247217028357697,41.5496827699921
5.246128460123309,41.52024057493567
5.245040343455918,41.51255996099944
5.243952678074602,41.498007766529525
5.242865463698666,41.46407853916367
5.241778700047653,41.463386683399804
5.240692386841337,41.436949152540535
5.23960652379972,41.41051162168125
5.2385211106430445,41.363961874776294
5.237436147091777,41.296299717952536
5.2363516328666195,41.27778508217476
5.2352675676885045,41.2605727107805
5.234183951278595,41.232200097585704
5.233100783358286,41.08264082004911
5.2320180636492015,40.79691995468395
5.230935791873197,40.66470984404477
5.229853967752357,40.607498299959076
5.228772591008997,40.56503842101688
5.227691661365662,40.59107917732543
5.226611178545126,40.66505849743628
5.225531142270392,40.73046635035308
5.224451552264692,40.907225212652605
5.223372408251488,40.9918433100403
5.222293709954467,41.19498810938697
5.221215457097548,41.302509131995066
5.220137649404876,41.39476357871415
5.219060286600824,41.494969362563054
5.217983368409994,41.60507351870079
5.216906894557211,41.732403057878884
5.215830864767533,41.817641995379304
5.21475527876624,41.882500945397354
5.21368013627884,41.94735989541543
5.212605437031068,42.006275265890885
5.211531180748885,42.02205413040288
5.210457367158478,41.99065130314875
5.209383995986259,41.94692365136591
5.2083110669588635,41.90670745390702
5.207238579803157,41.86786788754121
5.2061665342462256,41.829028321175414
5.205094930015382,41.80021643475847
5.204023766838162,41.77114583121736
5.202953044442329,41.734440193328886
5.201882762555866,41.69353146007966
5.200812920906983,41.65894879492708
5.1997435192241115,41.63970119535769
5.198674557235908,41.6204535957883
5.19760603467125,41.59337591324797
5.196537951259241,41.56427694593373
5.195470306729204,41.52676217472694
5.1944031008106855,41.46021621246721
5.193336333233455,41.37410094211249
5.192270003727503,41.26876556282451
5.191204112023041,41.19346767138961
5.190138657850506,41.137303286089086
5.18907364094055,40.627900940223626
5.188009061024051,40.61914379213718
5.186944917832104,40.74695319140656
5.18588121109603,40.70129745444741
5.184817940547363,40.679793645378524
5.183755105917866,40.69080707044791
5.182692706939513,40.746894502458986
5.181630743344503,40.8159918097316
5.180569214865254,41.21249373304066
5.1795081212344005,41.24342756805676
5.178447462184799,41.278927852890725
5.1773872374495244,41.32953113842325
5.176327446761868,41.38013442395577
5.175268089855343,41.446460169158755
5.174209166463676,41.477989351277365
5.173150676320815,41.516263261765566
5.172092619160925,41.558065381479004
5.171034994718388,41.599710933073844
5.169977802727804,41.63899178116456
5.168921042923988,41.6965803220951
5.167864715041974,41.77713479607769
5.166808818817012,41.855877896877544
5.1657533539845675,41.93100818573248
5.164698320280323,41.96109387653502
5.163643717440176,41.92554180389233
5.16258954520024,41.889989731249585
5.161535803296845,41.84036141893331
5.160482491466535,41.69136428738456
5.159429609446069,41.613085847069264
5.1583771569724215,41.60953170433052
5.1573251337827815,41.60597756159174
5.156273539614551,41.63409486677688
5.15522237420535,41.66884750488427
5.154171637293005,41.684377834899166
5.153121328615565,41.72010890742671
5.152071447911286,41.76739982345262
5.151021994918641,41.76911716908086
5.149972969376313,41.74071510977747
5.1489243710232016,41.70961053249529
5.147876199598415,41.68987755475127
5.146828454841277,41.724031444916506
5.145781136491321,41.744905239491956
5.144734244288293,41.73934765334184
5.143687777972154,41.69783526304107
5.142641737283072,41.776828954816935
5.141596121961429,42.00887925036625
5.140550931747816,42.16070872274254
5.139506166383037,42.26458440187892
5.138461825608107,42.38577638525126
5.137417909164248,42.545336565266275
5.136374416792896,42.79512536937828
5.135331348235695,42.86003426212867
5.134288703234501,42.88161079359037
5.133246481531376,42.8889145129651
5.132204682868594,42.873627602358816
5.131163306988638,42.85834069175253
5.1301223536342,42.822073918153514
5.129081822548179,42.764003207329154
5.128041713473684,42.7034668346233
5.127002026154034,42.5095617071715
5.125962760332752,42.40467394649362
5.124923915753573,42.3759034170445
5.123885492160437,42.3800146332112
5.1228474892974925,42.39984686244277
5.121809906909096,42.41889806568621
5.12077274473981,42.43705452323407
5.1197360025344025,42.42046541375123
5.118699680037851,42.43239365679577
5.1176637769953395,42.48658299010022
5.116628293152256,42.546746961256865
5.115593228254194,42.61202370533083
5.114558582046956,42.70475336766199
5.113524354276549,42.80168059328722
5.112490544689183,42.898607818912495
5.111457153031276,42.968299716349634
5.11042417904945,42.998480599304145
5.109391622490531,43.05416231264131
5.108359483101553,43.22928038692156
5.107327760629747,43.33583277743785
5.106296454822557,43.40726508333846
5.105265565427627,43.47958965831942
5.104235092192801,43.529975637591484
5.103205034866132,43.55929867195036
5.102175393195875,43.588621706309226
5.101146166930488,43.617944740668094
5.100117355818631,43.65171499551785
5.0990889596091655,43.65534026988256
5.098060978051159,43.552682478661836
5.09703341089388,43.44441368983611
5.096006257886798,43.32975500298815
5.094979518779585,43.20859528293839
5.093953193322115,43.168141469618455
5.092927281264462,43.14404168517608
5.0919017823569055,43.117389687876894
5.09087669634992,43.08323076727332
5.089852022994186,43.04901512046381
5.088827762040583,43.014352158741346
5.087803913240188,42.968299234463856
5.086780476344285,42.943559075746414
5.085757451104351,43.11554314539348
5.084734837272068,43.0744120674196
5.083712634599315,43.01083927025179
5.082690842838169,42.941711661323104
5.081669461740913,42.83002027615787
5.080648491060021,42.68564535037424
5.07962793054817,42.58807826496592
5.078607779958236,42.161724401694045
5.077588039043292,42.15103318920331
5.07656870755661,42.18002674612637
5.07554978525166,42.20013772727984
5.074531271882109,42.197401410052066
5.073513167201823,42.18698898495417
5.072495470964867,42.17982768123271
5.071478182925499,42.17266637751125
5.070461302838176,42.16550507378978
5.069444830457553,42.15834377006831
5.068428765538482,42.054506080792926
5.0674131078360105,41.98071959807813
5.06639785710538,41.88465054200998
5.065383013102032,41.719205397844654
5.064368575581604,41.540619146443404
5.063354544299924,41.40078504457938
5.06234091901302,41.264115855112536
5.061327699477116,41.13895803758159
5.060314885448628,41.049507957989135
5.05930247668417,40.96210681326802
5.0582904729405485,40.89653382732742
5.057278873974764,40.78782613350482
5.056267679544013,40.70024687922214
5.055256889405687,40.64621267274012
5.054246503317368,40.610973354855275
5.053236521036836,40.574721421410125
5.052226942322061,40.535264890931856
5.05121776693121,40.51256442088642
5.05020899462264,40.42954323996227
5.0492006251549,40.28542295668886
5.0481926582867365,39.935478688355644
5.047185093777085,39.86813388524585
5.046177931385074,39.800650499841964
5.045171170870025,39.76987377437166
5.044164811991451,39.7845022157036
5.043158854509058,39.805584768254164
5.0421532981827415,39.8329266931305
5.04114814277259,39.86026861800684
5.040143388038883,39.88509369272741
5.0391390337420905,39.89136260145962
5.038135079642874,39.89077162340655
5.037131525502085,39.89988914349983
5.036128371080767,39.909006663593104
5.035125616140153,40.019305856378296
5.034123260441665,40.06977401009189
5.033121303746916,40.120242163805486
5.03211974581771,40.13952620058379
5.031118586416038,40.15842374159283
5.030117825304081,40.166235722558184
5.02911746224421,40.12132774045646
5.028117496998987,40.07655227671714
5.027117929331158,40.03466451473193
5.026118759003662,39.896161498110416
5.025119985779623,39.86213678082483
5.024121609422357,39.84840791628105
5.023123629695364,39.83467905173727
5.022126046362334,39.856936706467195
5.0211288591871455,39.89471341186798
5.020132067933862,40.178319111815256
5.019135672366739,40.26152299656865
5.018139672250212,40.34472688132203
5.01714406734891,40.4623234725083
5.016148857427645,40.59262941705607
5.0151540422514165,40.73019204023505
5.014159621585412,40.79192316333655
5.013165595195002,40.853654286438044
5.012171962845746,40.928498406070474
5.011178724303389,41.00269244475217
5.010185879333858,41.1221792001956
5.009193427703271,41.23081508321401
5.008201369177928,41.28558561128723
5.007209703524313,41.3089678473838
5.006218430509098,41.332350083480364
5.005227549899138,41.38568766084471
5.004237061461473,41.42612137322911
5.003246964963328,41.44315338329958
5.002257260172109,41.461061691116996
5.00126794685541,41.47910564488029
5.000279024781008,41.480974069268946
4.999290493716862,41.48186271988251
4.998302353431114,41.48823095775574
4.997314603692093,41.50280395414862
4.996327244268307,41.49486543808632
4.9953402749284495,41.478171083853525
4.9943536954413945,41.29518225105967
4.9933675055762015,41.29319960491465
4.99238170510211,41.28928682051528
4.991396293788542,41.28019669767488
4.990411271405102,41.272835756106325
4.989426637721578,41.26594782010552
4.9884423925079355,41.259059884104715
4.9874585355343255,41.25217194810391
4.986475066571078,41.276640216544465
4.985491985388705,41.300162193655694
4.984509291757901,41.31218764914913
4.9835269854495365,41.324213104642574
4.982545066234667,40.88258784613777
4.981563533884526,40.801707210354394
4.9805823881705305,40.70533291470458
4.979601628864275,40.58547472195251
4.978621255737531,40.4589564932652
4.977641268562256,40.336393787748094
4.976661667110584,40.17779258992667
4.975682451154825,40.00805772294923
4.974703620467475,39.91616889854168
4.973725174821203,39.25796812701969
4.97274711398886,39.16840767313438
4.971769437743476,39.0788472192491
4.9707921458582565,38.98928676536379
4.9698152381065865,38.899726311478474
4.9688387142620325,38.57831251462975
4.9678625740983335,38.539693183620145
4.96688681738941,38.50147755447792
4.965911443909359,38.4632619253357
4.964936453432454,38.42504629619348
4.963961845733149,38.370633897785616
4.962987620586069,38.30995963254876
4.962013777766022,38.31497692281631
4.96104031704799,38.327069347148296
4.960067238207132,38.344262957099566
4.959094541018782,38.36601253738989
4.958122225258452,38.422623673254805
4.95715029070183,38.57150536347922
4.9561787371247785,38.620387146577585
4.955207564303337,38.66926892967598
4.9542367720137195,38.79913632942909
4.953266360032317,39.15175332365743
4.952296328135692,39.2397464759933
4.951326676100587,39.32964251324799
4.950357403703915,39.422103379316795
4.949388510722767,39.5145642453856
4.948419996934406,39.70016881791437
4.947451862116269,39.86656887205497
4.94648410604597,39.91631251514265
4.945516728501296,39.966056158230295
4.944549729260205,40.01579980131798
4.943583108100832,40.053022158246776
4.942616864801484,40.09450502202145
4.9416509991406405,40.12990979862721
4.940685510896958,40.15018811557821
4.939720399849259,40.280080167019925
4.9387556657765455,40.284371176276146
4.93779130845799,40.314876861989305
4.936827327672935,40.35305294397158
4.935863723200898,40.36765002689157
4.934900494821568,40.37812364678213
4.933937642314804,40.372059490452386
4.932975165460642,40.30055053857009
4.932013064039283,40.14863960620317
4.931051337831104,39.89816986119587
4.930089986616652,39.70754387785882
4.929129010176643,39.63714575678296
4.928168408291968,39.5702793029604
4.927208180743685,39.503412849137845
4.926248327313026,39.467300636748064
4.925288847781391,39.459252732327016
4.92432974193035,39.42431576702755
4.923371009541644,39.38544273152511
4.922412650397186,39.35104058139292
4.9214546642790555,39.33461034135473
4.920497050969502,39.342679426014165
4.919539810250947,39.36957403743143
4.918582941905977,39.39717440821456
4.917626445717354,39.406128248230914
4.916670321468002,39.359535281034546
4.915714568941018,39.314043801982734
4.9147591879196675,39.291464869621834
4.913804178187382,39.288887882022465
4.912849539527763,39.287390127492586
4.911895271724581,39.3249904003164
4.910941374561773,39.36187529720689
4.909987847823444,39.39546433127387
4.909034691293867,39.42424519149065
4.908081904757482,39.45833631517078
4.9071294879988985,39.493276561029674
4.906177440802889,39.528216806888594
4.905225762954395,39.5621384604719
4.904274454238528,39.60897622380206
4.903323514440561,39.66592214265957
4.902372943345937,39.66371097544673
4.901422740740263,39.64234177150132
4.900472906409314,39.62097256755591
4.899523440139032,39.550787674108605
4.898574341715521,39.476101667559256
4.897625610925052,39.480103640183536
4.8966772475540665,39.480395197047
4.895729251389164,39.480686753910476
4.894781622217114,39.480978310773935
4.89383435982485,39.48126986763741
4.892887463999469,39.39817057853169
4.891940934528234,39.498835107365615
4.8909947711985735,39.58661050584045
4.890048973798078,39.63371019348368
4.889103542114504,39.68080988112691
4.8881584759357715,39.727909568770144
4.887213775049966,39.852567566161476
4.886269439245334,40.00412520460637
4.8853254683102865,40.06597634040709
4.884381862033401,40.125195333511485
4.883438620203414,40.18861365742481
4.882495742609227,40.261907496763534
4.8815532290399055,40.324222384742185
4.880611079284676,40.44091922017547
4.879669293132929,40.605280809040195
4.878727870374218,40.782910429150355
4.877786810798256,40.90359470587032
4.876846114194921,40.97750694802026
4.875905780354253,40.99487487070874
4.874965809066452,41.01224279339721
4.874026200121881,40.95457321261801
4.873086953311065,40.54668394396265
4.87214806842469,40.65103406862818
4.871209545253603,40.74165922360026
4.870271383588812,40.7595333204956
4.869333583221488,40.77740741739095
4.868396143942959,40.79528151428629
4.867459065544716,40.8201126833697
4.86652234781841,40.846225475587225
4.8655859905558545,40.85427831947547
4.86464999354902,40.86095877652911
4.863714356590039,40.867639233582736
4.862779079471202,40.878213879695956
4.861844161984963,40.89899815780527
4.86090960392393,40.980445800515504
4.859975405080874,40.99951489483735
4.859041565248727,41.01688117077977
4.858108084220577,41.004118957084444
4.857174961789671,40.9715193829463
4.856242197749416,40.95278298315095
4.855309791893378,40.934046583355595
4.85437774401528,40.915310183560244
4.853446053909004,40.901743434455035
4.852514721368592,40.88282952870571
4.851583746188241,40.88519839219708
4.850653128162308,40.90924503498118
4.849722867085308,40.933291677765276
4.848792962751911,40.9794642739314
4.847863414956947,40.97543842577024
4.846934223495404,40.96289426472864
4.846005388162422,40.936214321517255
4.845076908753305,40.91070757025811
4.84414878506351,40.89654770039188
4.843221016888649,40.89439853891854
4.842293604024497,40.933373454348974
4.841366546266976,40.93500856257306
4.840439843412173,40.95051355143519
4.839513495256327,40.96601854029734
4.838587501595832,40.98152352915949
4.8376618622272405,40.98789675927169
4.836736576947259,40.95421892694677
4.83581164555275,40.88938629128217
4.8348870678407305,40.860796403039735
4.833962843608375,40.841663238394915
4.833038972653011,40.842800384902844
4.83211545477212,40.84193951739299
4.831192289763342,40.84107864988313
4.830269477424467,40.84462502548266
4.829347017553443,40.85835823292234
4.828424909948372,40.81450857755803
4.827503154407509,40.690428050335115
4.826581750729261,40.57006215143498
4.825660698712193,40.458435811926236
4.824739998155023,40.3313721247833
4.8238196488566185,40.20331095254099
4.822899650616006,40.094815595402096
4.821980003232361,39.97710480025222
4.8210607065050155,39.737805176725274
4.820141760233453,39.650465761787046
4.8192231642173065,39.571127203073075
4.818304918256368,39.50064688106947
4.817387022150579,39.44845144671832
4.816469475700032,39.36368479920549
4.815552278704973,39.162315486794796
4.814635430965802,39.06445140420641
4.813718932283067,38.96658732161802
4.8128027824574735,38.903669348697285
4.811886981289872,38.87017388426566
4.810971528581269,38.873012794300536
4.810056424132822,38.88825639280326
4.809141667745838,38.915714860860014
4.808227259221776,38.94317332891677
4.807313198362247,38.97283924405912
4.8063994849690115,39.0194759538938
4.805486118843982,39.07496192709155
4.804573099789219,39.09663021177049
4.803660427606936,39.10837074675991
4.802748102099497,39.14320824986922
4.801836123069412,39.17804575297852
4.800924490319347,39.033437040631576
4.800013203652113,38.89349845143661
4.799102262870672,38.901927456393295
4.798191667778139,38.907275849493175
4.797281418177771,38.89834039626122
4.796371513872982,38.86752287104312
4.795461954667331,38.8411414062269
4.794552740364526,38.68437970104155
4.793643870768425,38.59329026097656
4.792735345683034,38.5242048383582
4.791827164912508,38.45511941573984
4.790919328261151,38.38952072721493
4.790011835533414,38.36073446947897
4.7891046865338955,38.33726435561658
4.788197881067346,38.30437336254489
4.787291418938658,38.26095330401253
4.786385299952876,38.23664784390101
4.785479523915192,38.218769885200174
4.784574090630941,38.225426542482644
4.783668999905612,38.23208319976511
4.782764251544837,38.22622672500292
4.7818598453543935,38.17304794538222
4.780955781140211,38.118715835621366
4.7800520587083595,38.10464118248228
4.779148677865062,38.1276298103654
4.778245638416683,38.150618438248515
4.777342940169737,38.19723860050999
4.776440582930881,38.04843836611393
4.775538566506921,38.18814271895627
4.774636890704808,38.26165775706668
4.773735555331639,38.33495139345858
4.772834560194654,38.39672367385226
4.771933905101243,38.47783691450485
4.771033589858938,38.57408291427021
4.770133614275418,38.57864774456915
4.769233978158506,38.59680698974037
4.768334681316171,38.564178979288414
4.767435723556525,38.53020988701631
4.766537104687827,38.496240794744224
4.765638824518479,38.466522689186434
4.764740882857028,38.44183060597962
4.763843279512164,38.41843306336216
4.762946014292724,38.42172951017314
4.762049087007687,38.43294313955582
4.761152497466174,38.44415676893848
4.760256245477453,38.46042328850412
4.759360330850935,38.477625121234794
4.758464753396174,38.48650559482591
4.757569512922865,38.45925469321543
4.756674609240851,38.42858964482987
4.755780042160113,38.41570692257527
4.75488581149078,38.377327771483266
4.75399191704312,38.33095520375464
4.753098358627542,38.284582636026016
4.752205136054605,38.247731290994025
4.751312249135002,38.23748087149248
4.750419697679573,38.235224838421786
4.749527481499299,38.231738025326166
4.7486356004053025,38.228251212230546
4.74774405420885,38.22476439913491
4.746852842721346,38.23659420687355
4.745961965754339,38.24463104894271
4.74507142311952,38.2472613139533
4.744181214628718,38.2457323641155
4.743291340093905,38.23532345647629
4.7424017993271965,38.22556462908328
4.741512592140844,38.17050068344407
4.740623718347243,38.028264879060835
4.73973517775893,37.94246274086524
4.738846970188579,37.91383207259038
4.737959095449008,37.885201404315566
4.737071553353172,38.011014316335164
4.73618434371417,37.962217178203055
4.735297466345237,37.92007707220358
4.73441092105975,37.89736907821978
4.733524707671225,37.88802316757795
4.732638825993319,37.88868613446074
4.731753275839825,37.90185993650475
4.730868057024681,37.915453016694585
4.729983169361959,37.93280173246611
4.729098612665871,37.95382357653833
4.728214386750772,37.97865116874
4.72733049143115,38.0143842395953
4.7264469265216364,38.20199506268685
4.725563691836998,38.30734584007768
4.724680787192142,38.34075487714203
4.723798212402112,38.37416391420638
4.722915967282093,38.41338136172489
4.722034051647404,38.45337677100496
4.721152465313505,38.493372180285036
4.720271208095992,38.55571332276739
4.719390279810601,38.64455030666191
4.718509680273201,38.7080548158639
4.717629409299804,38.756987300032016
4.716749466706556,38.89552749822728
4.71586985230974,38.988249760929655
4.714990565925776,39.00614351319955
4.7141116073712235,39.02403726546943
4.713232976462775,39.041931017739316
4.712354673017264,39.04420899311418
4.711476696851656,39.03438115066824
4.710599047783054,39.018836398694816
4.709721725628701,38.99585780562653
4.708844730205972,38.96215676347458
4.707968061332378,38.86844917967131
4.707091718825569,38.78426201043005
4.706215702503328,38.72762085748222
4.705340012183576,38.67097970453443
4.704464647684365,38.605335771052
4.703589608823887,38.5762341349029
4.702714895420469,38.55114056147316
4.7018405072925695,38.46115844562175
4.7009664442587855,38.314843778445734
4.700092706137847,38.17100737748315
4.699219292748619,38.01447859670451
4.698346203910104,37.84234244787574
4.697473439441434,37.704028278876876
4.696600999161878,37.625419891529646
4.6957288828908395,37.546811504182415
4.694857090447855,37.52229342730632
4.693985621652597,37.51133573435271
4.693114476324869,37.5003780413991
4.692243654284611,37.48942034844549
4.691373155351895,37.48015638840747
4.690502979346927,37.506244365283706
4.689633126090046,37.55670867438735
4.688763595401724,37.56821750239675
4.687894387102568,37.52225238342753
4.687025501013315,37.500172103843
4.686156936954838,37.51282123787085
4.68528869474814,37.520940355564335
4.684420774214359,37.52848206714774
4.683553175174763,37.5265012038437
4.682685897450756,37.52318113452587
4.68181894086387,37.51986106520803
4.680952305235771,37.5010939132597
4.6800859903882595,37.487077115902984
4.679219996143264,37.47766954200795
4.678354322322846,37.47985462684009
4.6774889687492,37.482039711672215
4.676623935244651,37.51787707010335
4.675759221631655,37.63703574269489
4.6748948277328,37.71210058865267
4.674030753370804,37.78640107659638
4.673166998368518,37.85326371373365
4.672303562548923,37.91400160335251
4.67144044573513,37.99822630143858
4.670577647750383,38.12487367049773
4.669715168418053,38.18980885568448
4.668853007561644,38.19634188280723
4.66799116500479,38.215807224778324
4.667129640571255,38.251945415999764
4.666268434084932,38.334484140726644
4.665407545369845,38.24879004218782
4.66454697425015,38.24321175449651
4.663686720550129,38.22799726235157
4.662826784094194,38.21044330960187
4.661967164706889,38.19288935685217
4.661107862212886,38.11486830502179
4.660248876436985,38.020570803718996
4.659390207204118,37.959697107599006
4.658531854339343,37.89951863394896
4.657673817667849,37.83934016029892
4.656816097014953,37.77640808292702
4.655958692206099,37.68772861585427
4.655101603066863,37.599049148781525
4.6542448294229475,37.5516975822284
4.653388371100182,37.50678562379922
4.652532227924527,37.463920353077384
4.651676399722069,37.41392431154774
4.650820886319023,37.35470468893459
4.649965687541733,37.3375710139139
4.649110803216667,37.3599634812326
4.648256233170425,37.38834862613179
4.647401977229733,37.39957913582582
4.646548035221443,37.39547398117849
4.645694406972535,37.377742885813994
4.644841092310117,37.3634946420658
4.6439880910614235,37.36611241351913
4.643135403053816,37.36873018497245
4.642283028114781,37.34303380755293
4.641430966071934,37.30944918910588
4.640579216753018,37.27586457065885
4.639727779985897,37.23600218835945
4.638876655598567,37.211868543285874
4.638025843419149,37.10529898529178
4.637175343275888,37.02867320161138
4.636325154997156,36.95399394862677
4.635475278411451,36.89164287382356
4.634625713347397,36.83596989831295
4.6337764596337445,36.788639797800116
4.6329275170993665,36.714515587347314
4.6320788855732635,36.63875103764411
4.631230564884561,36.56298648794092
4.630382554862511,36.51928883323282
4.6295348553364875,36.49313950183303
4.628687466135992,36.46699017043323
4.627840387090649,36.46819943789586
4.626993618030211,36.480009106576176
4.6261471587845495,36.49915550240108
4.625301009183665,36.51830189822599
4.624455169057682,36.61729962344283
4.623609638236846,36.74934433134124
4.622764416551531,36.858224125055685
4.621919503832233,36.94124678118225
4.621074899909569,37.00110291412507
4.620230604614286,37.04190432809659
4.619386617777249,37.08270574206813
4.6185429392294495,37.1151731555953
4.617699568802002,37.15424589870802
4.616856506326143,37.22056812756615
4.616013751633235,37.287812007047236
4.615171304554761,37.38665784464651
4.614329164922328,37.49777478276036
4.613487332567666,37.583675888652294
4.612645807322627,37.62946503036686
4.6118045890191866,37.675418480357806
4.610963677489442,37.732191163339586
4.610123072565615,37.81725385008373
4.609282774080047,37.902316536827826
4.608442781865203,38.08219132280952
4.607603095753669,38.038233749777845
4.606763715578156,38.00773532567109
4.605924641171492,37.97705430865224
4.605085872366631,37.94272971390493
4.604247408996648,37.89302457457881
4.603409250894737,37.80411653711195
4.602571397894217,37.713238332405595
4.601733849828525,37.62711356870683
4.600896606531221,37.54098880500808
4.600059667835986,37.414802692097496
4.599223033576623,37.29387271419626
4.598386703587052,37.25585555188171
4.597550677701318,37.25291781082119
4.596714955753586,37.26969528784142
4.59587953757814,37.28647276486166
4.5950444230093845,37.31491078933725
4.594209611881845,37.34628281808247
4.593375104030169,37.36451007395218
4.59254089928912,37.3682114391271
4.591706997493585,37.36307337483259
4.59087339847857,37.357935310538075
4.590040102079199,37.40163605392411
4.58920710813072,37.37277599002067
4.588374416468496,37.34391592611721
4.587542026928011,37.315710545393415
4.58670993934487,37.28790329258399
4.585878153554794,37.260096039774545
4.585046669393626,37.25865431334053
4.584215486697327,37.26538721102665
4.583384605301978,37.285736889928856
4.582554025043777,37.31561185668791
4.5817237457590405,37.323683927081866
4.580893767284206,37.33016735391337
4.580064089455828,37.55615412770169
4.579234712110579,37.649088890351166
4.578405635085249,37.72129770709381
4.577576858216751,37.77443998324662
4.576748381342109,37.82758225939944
4.5759202042984715,37.88932715365685
4.575092326923099,37.960171283465655
4.574264749053374,38.03101541327447
4.573437470526796,38.088177228166586
4.5726104911809795,38.13506299150319
4.57178381085366,38.18194875483978
4.570957429382687,38.28398579648777
4.57013134660603,38.312244815349125
4.569305562361774,38.3437905422217
4.56848007648812,38.48357006116261
4.567654888823389,38.49453086818565
4.566829999206017,38.5171201661871
4.566005407474556,38.53970946418855
4.565181113467675,38.589057691113595
4.56435711702416,38.66291610575284
4.563533417982915,38.327338580930224
4.562710016182956,38.34651868642057
4.561886911463419,38.36569879191091
4.561064103663554,38.38487889740125
4.560241592622728,38.41728533616549
4.559419378180424,38.46066914380695
4.558597460176238,38.48769017968581
4.557775838449887,38.49242653062711
4.556954512841198,38.458372587435264
4.556133483190117,38.39955438242538
4.555312749336704,38.316254677018335
4.554492311121133,38.23295497161128
4.553672168383698,38.1627530778911
4.5528523209648,38.10771160832853
4.552032768704962,37.99707599060495
4.55121351144482,37.856147624560066
4.550394549025121,37.75739086719278
4.549575881286733,37.68135421886818
4.548757508070634,37.6095083074256
4.547939429217915,37.57378318008274
4.5471216445697875,37.553600544135776
4.54630415396757,37.63274201646209
4.545486957252701,37.62555795511606
4.544670054266729,37.62929020613376
4.543853444851318,37.63302245715146
4.543037128848248,37.63675470816919
4.542221106099407,37.63775946896632
4.541405376446802,37.63376780967522
4.540589939732551,37.62925648840856
4.539774795798885,37.6253312031218
4.53895994448815,37.62140591783506
4.538145385642804,37.62636322342769
4.537331119105419,37.64180903587728
4.536517144718678,37.67024798132624
4.535703462325379,37.68023208468072
4.53489007176843,37.690216188035194
4.5340769728908565,37.70020029138965
4.533264165535792,37.70227487723334
4.532451649546484,37.70136398836431
4.5316394247662934,37.70045309949528
4.530827491038691,37.712403979284005
4.530015848207263,37.73604889847695
4.529204496115704,37.747119873842706
4.528393434607823,37.73190964099309
4.527582663527541,37.71669940814346
4.526772182718889,37.701489175293844
4.525961992026011,37.69791445910902
4.525152091293162,37.700227747265615
4.52434248036471,37.66598260130499
4.523533159085131,37.57284302247168
4.522724127299016,37.46482506823753
4.521915384851065,37.35149728639432
4.521106931586089,37.23361611661345
4.5202987673490105,37.101351120504106
4.519490891984863,36.994487386029064
4.518683305338791,36.897369764385665
4.517876007256049,36.79103245286613
4.517068997582003,36.68469514134668
4.516262276162128,36.578836848936305
4.51545584284201,36.49631970587522
4.5146496974673465,36.41828093116354
4.513843839883942,36.344738850365985
4.5130382699377165,36.19620450877375
4.512232987474693,36.18783311182257
4.511427992341011,36.189700899015925
4.510623284382916,36.19966016684127
4.509818863446763,36.23478612995604
4.509014729379019,36.09335862690667
4.508210882026258,36.14509233440627
4.507407321235165,36.18739238370274
4.506604046852534,36.229692432999215
4.505801058725266,36.27199248229569
4.5049983567003755,36.31245515795345
4.504195940624983,36.35259697955001
4.503393810346318,36.387607608138346
4.502591965711719,36.40829277942002
4.501790406568635,36.44082869518667
4.500989132764619,36.4685960693468
4.500188144147339,36.49218703166838
4.499387440564566,36.51647220949774
4.498587021864181,36.55407700858105
4.4977868878941765,36.59456547044441
4.496987038502646,36.64043124510812
4.496187473537798,36.68629701977182
4.495388192847946,36.75018983812238
4.49458919628151,36.817103265662794
4.49379048368702,37.08648791903913
4.492992054913113,37.12029313926159
4.492193909808534,37.154098359484045
4.491396048222135,37.18559250656337
4.4905984700028725,37.21661382530054
4.489801174999816,37.247635144037716
4.48900416306214,37.258393024706606
4.488207434039122,37.25201232226111
4.487410987780152,37.24563161981561
4.4866148241347235,37.239250917370114
4.485818942952439,37.23707959238788
4.4850233440830065,37.26117541239848
4.484228027376239,37.21571047448265
4.48343299268206,37.21564498316684
4.4826382398504965,37.215579491851024
4.481843768731682,37.21551400053522
4.481049579175857,37.21544850921943
4.480255671033368,37.259970276157716
4.479462044154666,37.333202748035774
4.478668698390313,37.3697255398166
4.477875633590969,37.38432497544909
4.477082849607406,37.39892441108158
4.476290346290499,37.41352384671403
4.47549812349123,37.42197943313269
4.474706181060684,37.399398166590615
4.473914518850055,37.374922885862034
4.4731231367106385,37.35044760513345
4.4723320344938395,37.46974291244554
4.471541212051163,37.41641402994081
4.4707506692342225,37.36308514743607
4.469960405894736,37.06843641119356
4.469170421884525,37.075163146490866
4.468380717055517,37.041854340081585
4.467591291259745,37.01615996601913
4.466802144349343,36.9587104155716
4.466013276176554,36.87859318102625
4.4652246865937215,36.83088790622265
4.464436375453295,36.812589569379725
4.463648342607829,36.799308949586624
4.46286058790998,36.78602832979351
4.4620731112125105,36.77147991110196
4.461285912368286,36.246455213743786
4.460498991230275,36.22353460854934
4.459712347651552,36.20061400335493
4.458925981485292,36.154597709762086
4.458139892584776,36.094127144053104
4.4573540808033885,36.05438894199188
4.456568545994616,36.0277317994027
4.455783288012047,36.002503840136086
4.454998306709378,35.97848082226619
4.4542136019404035,35.9544578043963
4.453429173559025,35.93043478652642
4.452645021419242,35.906411768656525
4.451861145375162,35.9454695574405
4.4510775452809925,35.91525925375261
4.450294220991044,35.885048950064714
4.4495111723597285,35.854838646376805
4.448728399241563,35.82462834268891
4.447945901491166,35.74869318857002
4.447163678963257,35.648223239377856
4.446381731512657,35.56215206641457
4.445600058994293,35.50221935137673
4.44481866126319,35.471603922358184
4.444037538174475,35.440988493339646
4.443256689583381,35.40882520608727
4.442476115345239,35.39508927826668
4.441695815315482,35.38442212471912
4.4409157893496465,35.375281202547285
4.4401360373033665,35.37577020420261
4.439356559032382,35.37832929306967
4.438577354392533,35.38088838193672
4.437798423239757,35.38344747080377
4.437019765430098,35.37091763631202
4.436241380819698,35.32380837723677
4.4354632692648,35.28749714200984
4.43468543062175,35.272025242121515
4.433907864746991,35.25552395687373
4.4331305714970695,35.239022671625946
4.432353550728632,35.22252138637816
4.431576802298426,35.22020961923728
4.430800326063297,35.228314069800064
4.4300241218801935,35.23650479068694
4.429248189606163,35.48065859093507
4.4284725290983555,35.582401937508166
4.427697140214016,35.684145284081275
4.426922022810493,35.76882853690085
4.4261471767452365,35.84149878866174
4.425372601875791,35.90012683983302
4.424598298059807,35.890582740416676
4.4238242651550275,35.87717078285075
4.423050503019302,35.870450451958305
4.422277011510576,35.873192600435516
4.421503790486893,35.87593474891274
4.420730839806399,35.87526665223095
4.419958159327337,35.873164942167676
4.419185748908051,35.895816082665
4.41841360840698,35.918467223162324
4.417641737682667,35.93942422959607
4.416870136593751,35.93097266638904
4.41609880499897,35.923277485646594
4.41532774275716,35.91497323905767
4.414556949727259,35.86635832185613
4.413786425768298,35.81094074817967
4.413016170739411,35.78752407969621
4.412246184499828,35.78259919005036
4.411476466908879,35.77767430040453
4.410707017825989,35.77274941075868
4.409937837110686,35.78833515631861
4.40916892462259,35.8867824642135
4.408400280221424,35.91667344424026
4.407631903767006,35.947553027225354
4.406863795119253,35.93907085486939
4.406095954138177,35.92981741157992
4.405328380683892,35.92056396829044
4.404561074616607,35.940049385241466
4.403794035796628,35.96704405084239
4.403027264084359,36.003315897268095
4.402260759340299,36.061678031728505
4.401494521425049,36.112597528787944
4.400728550199303,36.148101604920384
4.399962845523852,36.17914195346255
4.399197407259587,36.16530208263719
4.398432235267492,36.1566385349395
4.397667329408651,36.15949711252515
4.396902689544241,36.149846323111746
4.39613831553554,36.13580777264522
4.395374207243918,36.131730327276976
4.394610364530845,36.14150378853589
4.393846787257885,36.151277249794816
4.393083475286698,36.182326487115695
4.392320428479042,36.24449293964956
4.3915576466967705,36.30299567998979
4.390795129801832,36.29390312693238
4.390032877656271,36.25792633812323
4.389270890122228,36.22194954931415
4.38850916706194,36.167377905943624
4.387747708337739,36.148640859630085
4.386986513812051,36.14530591863614
4.3862255833474,36.16326733582344
4.385464916806406,36.13352390686977
4.38470451405178,36.10378047791605
4.383944374946331,36.09729230347909
4.383184499352964,36.07387797629699
4.382424887134678,36.050463649114874
4.381665538154566,36.02827320205844
4.380906452275816,36.006267674633705
4.380147629361714,35.98426214720898
4.3793890692756365,35.965897246941196
4.378630771881057,35.96911831555113
4.3778727370415425,35.97233938416106
4.3771149646207546,36.0085761356856
4.37635745448245,36.045946871841
4.37560020649048,36.083317607996406
4.3748432205087875,36.1206883441518
4.3740864964014134,36.18744896843491
4.37333003403249,36.27503288048767
4.372573833266244,36.376871123337665
4.371817893966995,36.500327752132065
4.37106221599916,36.62378438092637
4.3703067992272455,36.74722885191416
4.369551643515854,36.83301669245657
4.3687967487296815,36.91880453299897
4.368042114733517,37.00459237354137
4.367287741392244,36.68291179050179
4.366533628570836,36.69972006344769
4.365779776134362,36.73251984177972
4.365026183947987,36.77352767901664
4.364272851876964,36.81628747057361
4.363519779786642,36.893171774104644
4.362766967542462,36.97005607763568
4.362014415009957,37.04376865657606
4.361262122054757,37.11586932703475
4.360510088542578,37.1879699974935
4.359758314339234,37.26007066795225
4.35900679931063,37.35254904771665
4.358255543322761,37.6223008729617
4.357504546241718,37.555157470200214
4.356753807933682,37.54937527285884
4.3560033282649275,37.64126008826527
4.355253107101821,37.73050165476012
4.354503144310819,37.77808141031366
4.3537534397584725,37.825661165867196
4.353003993311424,37.84675501376179
4.352254804836406,37.871164850602895
4.351505874200245,37.89557468744399
4.3507572012698565,37.919984524285084
4.350008785912252,37.93693717885314
4.349260627994529,37.94583727623868
4.348512727383881,37.95473737362421
4.347765083947589,37.96363747100975
4.34701769755303,37.945216264812665
4.346270568067666,37.90905099814083
4.345523695359056,37.86757546686347
4.344777079294846,37.826099935586114
4.344030719742776,37.78462440430876
4.343284616570674,37.70571887638871
4.342538769646461,37.59573843327179
4.341793178838146,37.5521921294292
4.341047844013833,37.52412437388644
4.340302765041712,37.50505125356309
4.3395579417900665,37.48597813323974
4.338813374127269,37.44512418311565
4.338069061921782,37.403356831289045
4.337325005042161,37.38288861721918
4.336581203357047,37.37074011400838
4.335837656735176,37.358591610797575
4.335094365045371,37.3546902165043
4.334351328156544,37.37103696201401
4.333608545937699,37.374804135528706
4.332866018257931,37.36357495365798
4.332123744986423,37.344744267366764
4.331381725992446,37.31761390967053
4.330639961145362,37.29048355197428
4.329898450314624,37.25653202972933
4.329157193369772,37.20505319574341
4.3284161901804366,37.01009542365522
4.327675440616337,36.915890476268736
4.326934944547284,36.82209251864151
4.326194701843173,36.72870169052253
4.3254547123739915,36.633815094833395
4.324714976009816,36.532431818178765
4.323975492620811,36.45192061744176
4.323236262077229,36.37140941670478
4.322497284249413,36.29147663087042
4.321758559007793,36.19823627063336
4.321020086222889,36.08600000860537
4.32028186576531,35.99452527643314
4.31954389750575,35.95689433629805
4.318806181314995,35.91926339616294
4.318068717063917,35.881632456027816
4.317331504623478,35.90928131468097
4.316594543864727,35.95584764373335
4.3158578346588,35.97767332291691
4.315121376876923,35.96749227019541
4.314385170390408,35.900461110454614
4.313649215070658,35.81991140783528
4.312913510789159,35.78436177933714
4.31217805741749,35.748812150839
4.3114428548273125,35.71326252234087
4.310707902890377,35.67771289384274
4.309973201478525,35.645092848710206
4.309238750463681,35.602368779437604
4.308504549717858,35.55964471016502
4.307770599113158,35.51692064089243
4.307036898521767,35.42820277309377
4.306303447815961,35.17015875943204
4.305570246868102,35.15331633278988
4.304837295550637,35.1364739061477
4.304104593736103,35.11963147950553
4.303372141297121,35.09316304936756
4.3026399381064016,35.055880476107475
4.301907984036739,35.0185979028474
4.301176278961016,34.98131532958732
4.300444822752201,34.754613185733405
4.299713615283349,34.72783029520684
4.298982656427602,34.702266562502004
4.298251946058186,34.67866450316252
4.297521484048415,34.660850031327456
4.29679127027169,34.64303555949238
4.296061304601497,34.625221087657316
4.295331586911407,34.57450777953714
4.294602117075077,34.503077640444175
4.293872894966253,34.43164750135122
4.2931439204587605,34.35071440585661
4.292415193426518,34.1816541714101
4.291686713743523,34.07473058795824
4.290958481283865,33.98073928582359
4.290230495921713,33.89655526824041
4.2895027575313245,33.82568696957959
4.2887752659870415,33.75481867091877
4.288048021163291,33.68458282214458
4.287321022934587,33.6149542075228
4.2865942711755265,33.4731516162153
4.285867765760791,33.429361226177875
4.285141506565149,33.37720176634305
4.284415493463454,33.325042306508216
4.283689726330642,33.27288284667338
4.2829642050417345,33.230459094653796
4.2822389294718395,33.19021699600857
4.281513899496148,33.152171471927126
4.280789114989934,33.11745167521443
4.28006457582856,33.08004486525356
4.27934028188747,33.041020400067204
4.278616233042193,33.001995934880846
4.2778924291683404,32.94369146643843
4.277168870141611,32.85441004992474
4.276445555837786,32.79105087291853
4.2757224861327305,32.75325427714854
4.2749996609023935,32.73545362031622
4.274277080022808,32.71949289793273
4.273554743370092,32.70353217554925
4.272832650820445,32.68701113495352
4.272110802250152,32.6682335710179
4.271389197535581,32.649456007082286
4.270667836553183,32.63067844314668
4.269946719179493,32.634250934810204
4.269225845291129,32.66374622277732
4.268505214764793,32.69875264782224
4.26778482747727,32.73494088418033
4.267064683305428,32.76295747463152
4.266344782126217,32.79097406508273
4.265625123816672,32.81899065553392
4.26490570825391,32.847007245985125
4.2641865353151305,32.88748389217047
4.263467604877617,32.94017537755712
4.262748916818733,33.81016564890797
4.26203047101593,33.89499856594489
4.261312267346736,33.97983148298178
4.260594305688765,34.13380280487878
4.259876585919713,34.30636994860952
4.259159107917358,34.45201983473906
4.258441871559561,34.57450546239741
4.257724876724264,34.66924291531599
4.257008123289493,34.772373471881664
4.256291611133354,35.035129357098114
4.255575340134036,35.3192070050809
4.254859310169811,35.34772286973028
4.2541435211190315,35.37623873437967
4.253427972860133,35.40475459902905
4.2527126652716305,35.44251673118096
4.251997598232124,35.48501807505822
4.251282771620293,35.52713623447089
4.250568185314898,35.547705344294116
4.249853839194784,35.56827445411735
4.249139733138874,35.588843563940586
4.248425867026174,35.60941267376382
4.247712240735772,35.6333672937716
4.246998854146835,35.66455388130033
4.246285707138614,35.689309296479436
4.2455727995904375,35.681132583707154
4.24486013138172,35.67295587093488
4.2441477023919525,35.66551552162653
4.2434355125007075,35.61435532654188
4.242723561587641,35.51488443751667
4.2420118495324886,35.415411987298924
4.241300376215063,35.3157725057611
4.2405891415152634,35.268329961241115
4.239878145313065,35.23741818415134
4.239167387488526,35.36601619226609
4.238456867921785,35.37682372253312
4.237746586493058,35.38763125280016
4.237036543082645,35.398438783067206
4.236326737570925,35.409246313334236
4.235617169838355,35.41230442771338
4.234907839765476,35.41460270144737
4.234198747232904,35.411739825116804
4.233489892121341,35.396344236652155
4.232781274311564,35.38978744538313
4.232072893684431,35.38258048186992
4.231364750120881,35.375373518356724
4.230656843501932,35.351330776179424
4.229949173708682,35.314942353755924
4.229241740622307,35.27855393133244
4.228534544124063,35.245777858161695
4.227827584095287,35.23191539575369
4.227120860417395,35.210388827445996
4.22641437297188,35.175656876849686
4.225708121640317,35.15673267022227
4.225002106304359,35.156520049710565
4.224296326845737,35.15687217155726
4.223590783146261,35.15579180437597
4.222885475087824,35.12061148545679
4.222180402552393,35.077220444614255
4.221475565422016,35.01753573446072
4.220770963578818,34.951351229855874
4.220066596905006,34.87580359552619
4.219362465282864,34.80077439473234
4.218658568594753,34.725859611102024
4.217954906723114,34.6510952695622
4.217251479550465,34.573050131957515
4.216548286959406,34.46302830614148
4.2158453288326125,34.35300648032552
4.2151426050528364,34.2911873832431
4.214440115502911,34.24688565899807
4.213737860065747,34.202583934753065
4.213035838624332,34.158282210508034
4.212334051061733,34.11290253574831
4.211632497261094,34.06424208291149
4.210931177105637,34.00561214179876
4.210230090478662,33.94698220068605
4.2095292372635456,33.888352259573324
4.208828617343744,33.82348910986798
4.20812823060279,33.742597946318924
4.207428076924292,33.6632884134286
4.206728156191939,33.60778415945603
4.206028468289497,33.558395909157056
4.205329013100807,33.53952257465247
4.20462979050979,33.56585193895489
4.203930800400441,33.70864781690735
4.203232042656834,33.78076337870675
4.202533517163123,33.8528789405061
4.201835223803532,33.924994502305495
4.201137162462368,33.976014256028506
4.200439333024013,33.99678249745792
4.199741735372925,34.01786210966358
4.19904436939364,34.03894172186923
4.198347234970769,34.06332781970935
4.197650331989002,34.08788905952631
4.1969536603331035,34.115291560560536
4.196257219887914,34.21008145854924
4.195561010538354,34.26948488803883
4.194865032169416,34.31857730443982
4.194169284666172,34.3676697208408
4.193473767913768,34.412679871370585
4.192778481797428,34.45213701715549
4.192083426202451,34.49159416294041
4.191388601014213,34.5146880663312
4.190694006118165,34.53410928290246
4.189999641399833,34.55353049947372
4.189305506744821,34.57295171604498
4.188611602038808,34.756907818254255
4.1879179271675495,34.79630012837676
4.187224482016874,34.83566584809047
4.186531266472688,34.8750315678042
4.185838280420974,34.91809528324997
4.185145523747787,34.96208633278127
4.184452996339261,35.006077382312554
4.183760698081603,35.0475408651165
4.183068628861095,34.96573079421768
4.182376788564098,34.964893429653934
4.181685177077044,34.964056065090176
4.180993794286439,34.941022910418326
4.18030264007887,34.894194051298996
4.179611714340995,34.84736519217965
4.178921016959545,34.80053633306031
4.178230547821331,34.50907410247454
4.177540306813234,34.4750197939685
4.1768502938222145,34.45584082282344
4.176160508735302,34.454193203451
4.175470951439605,34.452545584078564
4.174781621822306,34.45089796470613
4.174092519770659,34.449250345333695
4.173403645171997,34.44186834451898
4.172714997913723,34.41279850966601
4.172026577883318,34.384622197518205
4.171338384968334,34.37981488535835
4.1706504190563995,34.38405128505123
4.169962680035216,34.3882876847441
4.169275167792559,34.39238700413458
4.168587882216279,34.377599577166556
4.167900823194299,34.362812150198536
4.167213990614617,34.348024723230516
4.166527384365305,34.332003637001655
4.165841004334509,34.31495663829007
4.165154850410445,34.29803444811331
4.164468922481409,34.35115729697729
4.163783220435765,34.40879878160153
4.163097744161953,34.46644026622576
4.162412493548485,34.52408175085
4.16172746848395,34.58172323547424
4.161042668857006,34.6584769817015
4.160358094556388,34.73707378882817
4.1596737454709,35.0528103687049
4.158989621489423,35.06867749649524
4.158305722500908,35.08454462428557
4.157622048394383,35.10041175207592
4.156938599058943,35.11355383642301
4.156255374383763,35.11495832002653
4.155572374258085,35.11569384890247
4.154889598571228,35.1144308779285
4.15420704721258,35.310622847718136
4.153524720071605,35.31125313510315
4.152842617037837,35.31188342248815
4.152160738000884,35.31251370987317
4.151479082850425,35.31948013874261
4.150797651476215,35.34375366979259
4.150116443768078,35.36489296900294
4.149435459615911,35.32796055533175
4.148754698909682,35.28700701036452
4.148074161539436,35.24504123682463
4.147393847395285,35.203078353949195
4.146713756367414,35.161122081886745
4.146033888346082,35.11916580982431
4.145354243221619,35.07720953776186
4.144674820884427,35.03174264910352
4.143995621224979,34.975542459885034
4.143316644133821,34.921043359054536
4.142637889501571,34.88869857072306
4.141959357218916,34.87419740423009
4.141281047176616,34.85969623773714
4.140602959265505,34.84519507124419
4.139925093376485,34.8272952219081
4.139247449400532,34.792206516811106
4.138570027228692,34.75145532760982
4.137892826752082,34.710704138408545
4.137215847861891,34.66995294920727
4.1365390904493795,34.63058151560553
4.135862554405878,34.59301552961738
4.135186239622789,34.553260354052846
4.134510145991586,34.53591918049932
4.133834273403813,34.54636104337445
4.133158621751085,34.498526168614355
4.132483190925088,34.445948926076035
4.131807980817579,34.39337168353772
4.131132991320386,34.336604340228234
4.130458222325406,34.27814165143684
4.129783673724608,34.22387789549377
4.129109345410033,34.19632816651283
4.128435237273789,34.17373156707821
4.127761349208057,34.1511349676436
4.127087681105087,34.12853836820898
4.1264142328572015,34.11531969925376
4.12574100435679,34.12547740073688
4.125067995496316,34.13670616509508
4.124395206168309,34.1575412198368
4.123722636265372,34.19259767983908
4.1230502856801765,34.227654139841356
4.122378154305466,34.26271059984363
4.1217062420340485,34.304996017156014
4.121034548758809,34.351966191904324
4.1203630743726976,34.40813040628882
4.119691818768735,34.46765084748371
4.119020781840012,34.4838785061867
4.11834996347969,34.480482665158945
4.117679363580999,34.47391169004501
4.117008982037239,34.45559918432413
4.116338818741778,34.4372866786032
4.115668873588055,34.41897417288227
4.114999146469577,34.40066166716139
4.114329637279923,34.36162391681436
4.113660345912738,34.22833977957866
4.112991272261738,34.07340506799042
4.112322416220708,33.92988009490039
4.111653777683502,33.887892106511956
4.110985356544043,33.87043517872104
4.110317152696321,33.85297825093012
4.109649166034399,33.83552132313923
4.108981396452405,33.85299221420498
4.108313843844539,33.88243777885195
4.107646508105066,33.89179469165589
4.106979389128324,33.809527343935194
4.106312486808717,33.715000258366274
4.105645801040717,33.6251664067745
4.104979331718867,33.60550863065816
4.104313078737775,33.60311710184061
4.1036470419921205,33.600725573023034
4.102981221376651,33.59833404420546
4.102315616786181,33.58102941732671
4.101650228115593,33.45898705639944
4.100985055259841,33.49509865492139
4.100320098113942,33.53740567229528
4.099655356572984,33.57971268966916
4.0989908305321245,33.62112925861702
4.0983265198865855,33.66353079637406
4.097662424531659,33.716188469659386
4.096998544362705,33.76884614294471
4.096334879275151,33.821503816230035
4.095671429164492,33.874826649085264
4.095008193926289,33.92862940548401
4.094345173456175,34.0421208445954
4.093682367649846,34.164300247930115
4.093019776403068,34.2864796512649
4.092357399611674,34.40865905459968
4.091695237171565,34.48154162468481
4.091033288978708,34.554282537807396
4.090371554929138,34.63318774646115
4.089710034918958,34.71222829247357
4.089048728844336,34.79140504376659
4.08838763660151,34.87079072585864
4.0877267580867835,34.95017640795073
4.087066093196527,35.422217716217325
4.086405641827178,35.47893420889892
4.085745403875243,35.52744844754622
4.085085379237291,35.5759626861935
4.084425567809962,35.624476924840806
4.08376596948996,35.65226944097033
4.083106584174058,35.67145716418382
4.0824474117590945,35.72739307284175
4.081788452141974,35.80417089085705
4.081129705219668,35.887921314483854
4.080471170889216,35.970685220476156
4.0798128490477215,36.05181611798977
4.079154739592355,36.13294701550345
4.078496842420355,36.19996739735471
4.077839157429025,36.258454857006626
4.077181684515735,36.3106958912821
4.07652442357792,36.354510432457815
4.075867374513083,36.39832497363353
4.075210537218793,36.45282507674169
4.074553911592683,36.517470984943884
4.073897497532453,36.57889250960728
4.073241294935871,36.613682226908594
4.072585303700767,36.648471944209895
4.071929523725039,36.68326166151121
4.071273954906652,36.70929289709892
4.070618597143635,36.71832715586631
4.069963450334081,36.71031540878579
4.069308514376153,36.69878297930343
4.068653789168075,36.68452817416566
4.067999274608139,36.66306346496958
4.0673449705947045,36.6415987557735
4.06669087702619,36.45458072152211
4.066036993801085,36.43537142584171
4.065383320817943,36.4161621301613
4.064729857975381,36.396952834480885
4.064076605172084,36.37774353880047
4.063423562306799,36.35853424312006
4.062770729278339,36.34025629104005
4.062118105985585,36.32312768993205
4.061465692327478,36.34143242497937
4.060813488203028,36.36277212835906
4.060161493511307,36.37827173822149
4.059509708151455,36.32587737622872
4.0588581320226735,36.27348301423597
4.05820676502423,36.221088652243196
4.057555607055457,35.34479055245613
4.056904658015752,35.20121605291884
4.056253917804576,35.15132867338173
4.055603386321454,35.1014412938446
4.054953063465977,35.05244897901041
4.054302949137799,35.005518298462576
4.0536530432366416,34.95577498608359
4.053003345662285,34.926302684086
4.0523538563145785,34.9019759156955
4.051704575093433,34.88018156636814
4.051055501898825,34.86009738013202
4.050406636630794,34.840013193895885
4.049757979189444,34.81113568958958
4.0491095294749435,34.555419230312715
4.048461287387524,34.54307466230071
4.047813252827482,34.53073009428869
4.047165425695177,34.51838552627668
4.046517805891031,34.50604095826467
4.045870393315533,34.47427952803136
4.045223187869232,34.42877440313681
4.044576189452744,34.38326927824227
4.043929397966747,34.342004715321664
4.043282813311982,34.30291160169443
4.0426364353892525,34.2638184880672
4.04199026409943,34.23537462292916
4.041344299343444,34.234466484304036
4.04069854102229,34.233558345678915
4.040052989037027,34.232650207053794
4.039407643288776,34.23174206842867
4.038762503678722,34.23095948352888
4.038117570108114,34.243967698123136
4.037472842478261,34.2602384152231
4.036828320690538,34.276399109016026
4.0361840046463815,34.29236429575123
4.035539894247292,34.29832182133543
4.034895989394832,34.294428935428414
4.034252289990627,34.29053604952139
4.033608795936365,34.28664316361437
4.032965507133797,34.292686033128774
4.032322423484737,34.30198681449703
4.031679544891062,34.3102060112906
4.0310368712547096,34.3016511086518
4.030394402477681,34.291242501900015
4.029752138462041,34.28177157692352
4.029110079109916,34.273736914605315
4.028468224323494,34.265702252287106
4.027826574005027,34.27099612843854
4.027185128056826,34.325995426575524
4.026543886381268,34.37846279632905
4.025902848880792,34.3966318940402
4.025262015457894,34.40694098335614
4.024621386015139,34.41725007267208
4.023980960455149,34.42608329235189
4.023340738680611,34.43223660997325
4.0227007205942735,34.43166170742978
4.022060906098943,34.424919977686685
4.021421295097493,34.414165796456686
4.020781887492857,34.391616913116884
4.02014268318803,34.368839668756436
4.019503682086066,34.34606242439598
4.018864884090086,34.32593165020778
4.018226289103269,34.31134793489001
4.017587897028856,34.301307531501934
4.0169497077701495,34.29221498198438
4.016311721230514,34.28323531319646
4.015673937313377,34.28206326918167
4.015036355922222,34.293379168765696
4.014398976960599,34.30469506834973
4.013761800332118,34.31601096793376
4.013124825940448,34.32732686751778
4.012488053689323,34.341694857840935
4.011851483482534,34.31805860136987
4.011215115223935,34.28459264601443
4.010578948817443,34.23248305328252
4.009942984167031,34.1801568116371
4.009307221176738,34.12620608817727
4.00867165975066,34.072255364717435
4.008036299792956,34.0183046412576
4.007401141207846,33.9670314580844
4.006766183899609,33.92621413079181
4.006131427772585,33.87647728004224
4.005496872731176,33.79595953157639
4.004862518679844,33.733042607912964
4.00422836552311,33.69113383155066
4.003594413165557,33.66170142530563
4.002960661511829,33.6322690190606
4.002327110466629,33.602836612815594
4.00169375993472,33.57912466340194
4.001060609820927,33.5802769421999
4.000427660030135,33.584271794892985
3.9997949104672856,33.58826664758605
3.999162361037386,33.614314343972694
3.9985300116454994,33.641096199146844
3.997897862196751,33.65509834104988
3.9972659125963257,33.67153538481563
3.9966341627494684,33.68819416892457
3.9960026125614827,33.84328475784692
3.995371261937734,33.903723846578515
3.994740110783646,33.942127887161504
3.9941091590047018,33.956987938047305
3.993478406506446,33.973170671787734
3.9928478531944815,33.98935340552816
3.992217498974471,34.0055361392686
3.991587343752138,34.02171887300902
3.990957387433263,34.03790160674946
3.9903276299236894,34.054084340489894
3.989698071129316,34.07026707423033
3.9890687109561034,34.12796491290486
3.9884395493100717,34.112822005238144
3.9878105860972997,34.09767909757143
3.9871818212239254,34.082536189904715
3.9865532545961457,34.07523158516082
3.9859248861202174,34.090970674288805
3.9852967157024572,34.16003666645224
3.9846687432492374,34.22910265861579
3.984040968666992,34.26919934972201
3.9834133918622148,34.30403394256749
3.982786012741456,34.338868535412985
3.982158831211326,34.3979701309885
3.981531847178495,34.448918012365525
3.9809050605496896,34.49893669489302
3.9802784712316974,34.54895537742047
3.9796520791313625,34.59897405994797
3.9790258841555897,34.666585725951386
3.9783998862113408,34.74434050617546
3.9777740852056374,34.820918123778
3.9771484810455586,35.02282319891291
3.976523073638243,35.0695541024981
3.9758978628908856,35.11628500608329
3.975272848710744,35.16301590966846
3.9746480310051275,35.209746813253645
3.9740234096814095,35.25723016914465
3.973398984647019,35.31795313490638
3.972774755809444,35.378676100668116
3.97215072307623,35.459652253470736
3.971526886354981,35.53598361635393
3.970903245553359,35.59282828433094
3.9702798005790845,35.601177685903394
3.969656551339934,35.609527087475854
3.9690334977437436,35.615747815899184
3.9684106396984076,35.583423973715696
3.9677879771118767,35.551100131532216
3.9671655098921605,35.5238603270075
3.966543237947326,35.50240284337809
3.9659211611854976,35.48094535974869
3.9652992795148583,35.45948787611931
3.9646775928436457,35.43803039248991
3.9640561010801587,35.41738174403395
3.963434804132752,35.40202427175134
3.9628137019098375,35.38666679946871
3.962192794319885,35.37956089042843
3.9615720812714215,35.463121024933955
3.9609515626730314,35.48718547861145
3.9603312384333567,35.51124993228892
3.959711108461095,35.531080260435616
3.9590911726650035,35.543835112629004
3.958471430953894,35.55658996482239
3.9578518832366383,35.56934481701578
3.9572325294221624,35.56925677223559
3.956613369419451,35.66921057394546
3.955994403137545,35.61650658997083
3.955375630485544,35.570842709700294
3.9547570513726007,35.52857880169234
3.954138665707928,35.486314893684394
3.953520473400794,35.44405098567644
3.9529024743605246,35.40178707766849
3.9522846684965014,35.34572974750561
3.951667055718163,35.17132760702935
3.9510496359350054,34.99692546655309
3.95043240905658,34.84363161927962
3.949815374992494,34.72037331979354
3.9491985336524134,34.597115020307456
3.9485818849460586,34.473856720821374
3.9479654287832076,34.29357210527882
3.947349165073694,33.961753389678265
3.946733093727408,33.40231300948533
3.9461172146542967,33.3595505556074
3.9455015277643626,33.31678810172947
3.944886032967663,33.27402564785154
3.9442707301743143,33.2312631939736
3.9436556192944865,33.18491310118689
3.9430407002384076,33.134137135551754
3.94242597291636,33.08336116991662
3.941811437238682,33.043397414103254
3.9411970931157696,33.00774662135766
3.940582940458074,32.97209582861208
3.9399689791760992,32.9364450358665
3.9393552091804094,32.90079424312091
3.9387416303816214,32.86604933092197
3.93812824269041,32.83521041618249
3.9375150460175035,32.80437150144301
3.936902040273687,32.79102311777181
3.9362892253698014,32.79821607263859
3.935676601216743,32.80540902750538
3.9350641677254616,32.804599509704715
3.934451924806965,32.78238600426138
3.9338398723723147,32.750998882211405
3.933228010332629,32.71961176016142
3.9326163385990807,32.686477555151086
3.932004857082897,32.64197409603895
3.931393565695362,32.583037826830456
3.930782464347815,32.52410155762201
3.930171552951647,32.4665535975734
3.929560831418308,32.444667631665354
3.9289502996593018,32.42278166575731
3.9283399575861866,32.400895699849265
3.927729805110576,32.37900973394122
3.9271198421441387,32.35380971073736
3.926510068598598,32.27242539892643
3.925900484385733,32.191041087115494
3.9252910894173745,32.15670989413436
3.9246818836054116,32.131299872610114
3.924072866861786,32.10588985108586
3.9234640390984956,32.08047982956161
3.9228554002275913,32.05506980803736
3.922246950161179,32.02965978651311
3.9216386888114205,32.00424976498886
3.9210306160905306,31.97883974346461
3.920422731910778,31.710990347182182
3.9198150361844877,31.774768950465827
3.9192075288240376,31.77558705289055
3.9186002097418604,31.77640515531528
3.917993078850443,31.777223257740008
3.917386136062327,31.77804136016474
3.9167793812901075,31.778859462589466
3.916172814446435,31.77967756501417
3.915566435444011,31.780495667438895
3.9149602441955946,31.788197078374388
3.9143542406139966,31.803956403028366
3.9137484246120837,31.81971572768234
3.913142796102775,31.82860034424106
3.9125373549990434,31.826179428884277
3.9119321012139174,31.888951124441107
3.911327034660478,31.951722819997904
3.910722155251859,32.01475599257337
3.91011746290125,32.07466325643422
3.9095129575218928,32.13457052029506
3.9089086390270835,32.19447778415591
3.9083045073301714,32.25228658793725
3.9077005623445604,32.323827781633696
3.907096803983707,32.39588236261781
3.906493232161121,32.45718350735606
3.905889846790366,32.483357546899605
3.9052866477850587,32.509531586443146
3.90468363505887,32.54283516164783
3.9040808085255225,32.58631734979727
3.9034781680987938,32.62979953794671
3.9028757136925143,32.65459692503556
3.9022734452205667,32.665261398894856
3.901671362596889,32.667189198692306
3.901069465735468,32.63894099263252
3.9004677545503483,32.58815794661053
3.899866228955625,32.51894918075782
3.8992648888654466,32.44974041490511
3.8986637341940154,32.38053164905241
3.8980627648555846,32.29276227274434
3.897461980764463,32.18905316502598
3.8968613818350106,32.08534405730772
3.8962609679816387,31.96402066701127
3.8956607391188145,31.836480009384648
3.895060695161056,31.759975137367334
3.8944608360229336,31.683470265350017
3.893861161619072,31.6069653933327
3.8932616718641473,31.530460521315383
3.8926623666728877,31.501829912834943
3.8920632459600757,31.474866736654832
3.891464309640543,31.463218352458856
3.890865557629177,31.465159685493234
3.890266989840916,31.467101018527607
3.889668606190751,31.46904235156198
3.8890704065937247,31.47978271399753
3.888472390964933,31.49864286385028
3.8878745592195236,31.51764143561787
3.887276911272697,31.536640007385458
3.886679447039703,31.55563857915305
3.886082166435847,31.574864751943366
3.8854850693764846,31.594211449910787
3.8848881557770243,31.6135581478782
3.884291425552926,31.613245101813824
3.8836948786197016,31.60203309644873
3.883098514892915,31.59606205439524
3.882502334288183,31.5900910123418
3.8819063367211717,31.33605928041824
3.8813105221076007,31.367772184054342
3.880714890363241,31.397458303532368
3.880119441403916,31.427144423010393
3.8795241751455,31.456481923141773
3.8789290915039185,31.480767511265206
3.8783341903951496,31.49357222610488
3.877739471735223,31.50637694094455
3.877144935440218,31.519181655784223
3.876550581426267,31.531986370623894
3.8759564096095542,31.54479108546357
3.8753624199063146,31.546896704768912
3.8747686122328333,31.54314046682369
3.874174986505449,31.547627214483562
3.87358154264055,31.55561449466879
3.8729882805545772,31.575692334875896
3.8723952001640205,31.607132411442258
3.8718023013854226,31.636132653965156
3.871209584135377,31.665132896488053
3.8706170483305287,31.696505394978992
3.8700246938875726,31.78167642844045
3.869432520723256,31.803940075992937
3.8688405287543755,31.803702719322253
3.868248717897781,31.803465362651558
3.86765708807037,31.806409785046952
3.8670656391890934,31.816099699869298
3.8664743711709524,31.82578961469164
3.8658832839329977,31.842258117528154
3.8652923773923327,31.859431940922388
3.8647016514661097,31.85710816670023
3.8641111060715327,31.880733375331797
3.863520741125857,31.914880523442626
3.8629305565463854,31.949027671553498
3.8623405522504743,31.99948339860721
3.8617507281555294,32.05728632689669
3.8611610841790074,32.11508925518616
3.860571620238414,32.1968650447438
3.8599823362513077,32.29733111193653
3.859393232135295,32.39779717912925
3.8588043078080343,32.45023883325574
3.8582155631872324,32.47640444705511
3.8576269981906477,32.50071880648593
3.8570386127360887,32.514051333324126
3.856450406741414,32.527383860162324
3.8558623801245324,32.54071638700052
3.8552745328034024,32.56124429185516
3.854686864696032,32.5821840999524
3.8540993757204816,32.60007329584884
3.853512065794858,32.60208254606468
3.8529249348373193,32.60409179628053
3.8523379827660755,32.46799672065529
3.8517512094993838,32.28764551486479
3.851164614955552,32.1492226608747
3.8505781990529386,32.10809451631498
3.849991961709951,32.15307923925611
3.8494059028450467,32.19806396219717
3.8488200223767306,32.20352544328664
3.8482343202235607,32.1917507877086
3.8476487963041426,32.18875627047747
3.847063450537132,32.18576175324634
3.8464782828412334,32.18276723601521
3.8458932931352017,32.1771329380539
3.84530848133784,32.3686493657178
3.8447238473680034,32.365931854732366
3.844139391144592,32.36321434374695
3.843555112586559,32.36049683276153
3.8429710116129057,32.361464654041924
3.8423870881426816,32.362657723446375
3.841803342094987,32.36385079285081
3.841219773388971,32.36504386225526
3.8406363819438303,32.3662369316597
3.840053167678813,32.368437481878495
3.839470130513214,32.40807830383933
3.838887270366379,32.44578109338758
3.838304587157701,32.48348388293582
3.837722080806624,32.52118667248406
3.8371397512326393,32.56909760263855
3.8365575983552875,32.619293166653215
3.835975622094158,32.669488730667865
3.8353938223688897,32.67488258184882
3.8348121990991686,32.67756256372713
3.8342307522047303,32.68024254560544
3.83364948160536,32.682922527483754
3.83306838722089,32.68560250936207
3.8324874689712023,32.687699835912255
3.8319067267762272,32.68214637161189
3.8313261605559426,32.675506014450306
3.8307457702303775,32.666602800653365
3.830165555719605,32.63788853176925
3.8295855169437503,32.60917426288512
3.829005653822986,32.581108376054004
3.8284259662775324,32.558451388438804
3.827846454227659,32.54681931847653
3.827267117593683,32.53853518351927
3.8266879562959697,32.48844011012079
3.8261089702549342,32.46561879323082
3.825530159391036,32.44169357806612
3.8249515236247866,32.41424186572695
3.824373062876744,32.38679015338778
3.8237947770675143,32.3593384410486
3.823216666117751,32.33234468964928
3.822638729948158,32.33268747588489
3.8220609684794833,32.33503205827737
3.821483381632527,32.34030299388548
3.8209059693281335,32.345573929493575
3.8203287314871965,32.35192043217133
3.819751668030658,32.36026042619483
3.819174778879507,32.368600420218314
3.8185980639547807,32.39220623124902
3.818021523177564,32.42432283028828
3.8174451564689886,32.44541058588142
3.8168689637502355,32.466498341474534
3.816292944942531,32.48758609706767
3.8157170999671504,32.508673852660806
3.8151414287454166,32.51509981195558
3.8145659311987,32.51536878087735
3.813990607248417,32.51563774979914
3.8134154568160334,32.51590671872091
3.8128404798230613,32.513978022230305
3.812265676191061,32.51488664596214
3.8116910458416373,32.54245111362811
3.811116588696446,32.573550137463684
3.810542304677188,32.61568169172107
3.809968193705612,32.63593659966153
3.809394255703513,32.651315192198524
3.8088204905927348,32.666693784735514
3.808246898295167,32.68207237727251
3.807673478732747,32.69982951360188
3.8071002318274574,32.72396407955065
3.8065271575013298,32.78722107979114
3.805954255676442,32.85532782526061
3.8053815262749193,32.92343457073009
3.8048089692189326,32.99154131619956
3.8042365844307007,33.0396655431106
3.803664371832489,33.12368583639932
3.80309233134661,33.207706129687935
3.802520462895421,33.29172642297665
3.8019487664013285,33.37592614493083
3.801377241786784,33.454252038284324
3.8008058889742866,33.52996510031131
3.800234707886382,33.60719194601732
3.7996636984456615,33.66122930512963
3.7990928605747634,33.70282485959966
3.798522194196374,33.74442041406968
3.797951699233222,33.786015968539715
3.797381375608087,33.82123344786787
3.7968112232437923,33.854380368112345
3.796241242063209,33.881706934008726
3.7956714319892533,33.908376321834325
3.7951017929448887,33.91552842920717
3.7945323248531238,33.89522613114865
3.7939630276370155,33.888238220790114
3.793393901219664,33.88708736610716
3.7928249455242167,33.887031020168514
3.7922561604738685,33.88697467422987
3.7916875459918593,33.88821603489925
3.791119102001475,33.898006062690506
3.790550828426047,33.90779609048177
3.789982725188954,33.91758611827302
3.7894147922136203,33.92737614606428
3.788847029423514,33.93716617385554
3.788279436742151,33.838724493322616
3.7877120140930938,33.82656827175934
3.7871447613999494,33.81441205019607
3.78657767858637,33.802255828632795
3.7860107655760546,33.79255887772584
3.785444022292748,33.802977224666336
3.7848774486602412,33.82424291099347
3.7843110446023673,33.85436732533002
3.783744810043009,33.88449173966656
3.7831787449060936,33.914616154003106
3.7826128491155924,33.944740568339654
3.7820471225955234,33.974864982676195
3.7814815652699503,33.997537954033405
3.780916177062981,34.1108997934117
3.7803509578987713,34.12161699722235
3.7797859077015183,34.103251736923056
3.779221026395468,34.0430367595262
3.77865631390491,33.982821782129335
3.7780917701541794,33.92260680473247
3.777527395067657,33.86239182733561
3.776963188569768,33.7949457020408
3.776399150584984,33.72367606409689
3.7758352810378204,33.6524064261531
3.775271579852838,33.515195635462504
3.774708046954642,33.44232942479128
3.7741446822678846,33.351990594463
3.773581485717261,33.25622756142868
3.773018457227513,33.157647064378864
3.7724555967234257,33.10948710319878
3.77189290412983,33.0613271420187
3.771330379371602,33.01316718083867
3.770768022373661,32.96500721965859
3.7702058330609725,32.91684725847851
3.7696438113585464,32.86868729729843
3.769081957191437,32.820527336118346
3.7685202704847445,32.76336880752722
3.767958751163612,32.64957072512456
3.7673973991532277,32.48822350052369
3.7668362143788263,32.35111994086173
3.7662751967656836,32.26065974392376
3.765714346239122,32.18676299287105
3.765153662724509,32.112866241818345
3.7645931461472544,32.03896949076564
3.7640327964328146,31.965072739712937
3.763472613506689,31.854685052335334
3.7629125972944224,31.735429024357586
3.7623527477216037,31.595881472410902
3.7617930647138635,31.456333920464168
3.7612335481968806,31.358089399579942
3.760674198096375,31.320267687976198
3.7601150143381132,31.28244597637245
3.7595559968479044,31.244624264768703
3.7589971455516022,31.206802553164962
3.758438460375104,31.16562573663593
3.757879941244353,31.122829084658576
3.757321588085333,31.080032432681207
3.7567634008240747,31.037235780703842
3.756205379386652,31.002461336997694
3.755647523699182,30.97942343230105
3.7550898336878262,30.969847493462343
3.754532309278791,30.960271554623635
3.7539749503983244,30.950695615784927
3.753417756972721,30.9411196769462
3.752860728928316,30.94319665540855
3.7523038661914896,30.976935259711908
3.751747168688667,30.987551748100948
3.751190636346316,30.981451764321342
3.750634269090947,30.975351780541732
3.7500780668491163,30.969251796762123
3.7495220295474216,30.679741493768574
3.7489661571125064,30.70022043321612
3.748410449471054,30.68237983672566
3.747854906549795,30.66376166069054
3.7472995282755015,30.645143484655428
3.7467443145749892,30.619217764158186
3.746189265375118,30.58939685827611
3.74563438060279,30.555561987533853
3.7450796601849516,30.538964673247563
3.744525104048592,30.53536502885914
3.7439707121207424,30.53176538447076
3.7434164843284794,30.52816574008238
3.7428624205989216,30.524968166015018
3.742308520859231,30.606685429424232
3.7417547850366124,30.594796409434906
3.7412012130583143,30.582907389445573
3.7406478048516276,30.608004937738603
3.7400945603438878,30.65061770859836
3.7395414794624693,30.693230479458126
3.7389885621347942,30.73584325031789
3.738435808288325,30.773970551176753
3.737883217850568,30.8029456932407
3.737330790749071,30.83034591631506
3.736778526911427,30.85754565577638
3.736226426265269,30.884745395237708
3.7356744887382765,30.89711849366642
3.7351227142581664,30.908828477528004
3.7345711027527027,30.920538461389594
3.7340196541496904,30.93224844525118
3.7334683683769776,30.94395842911277
3.732917245362455,30.955668412974354
3.7323662850340553,30.950389716242253
3.731815487319754,30.942645138801545
3.73126485214757,30.934900561360834
3.7307143794455633,30.922843025160333
3.7301640691418365,30.92257461256741
3.7296139211645354,30.922306199974486
3.729063935441848,30.92203778738156
3.728514111902004,30.925544324697903
3.7279644504732774,30.96832779383771
3.727414951083981,30.986527792560103
3.726865613662474,30.959867040154542
3.7263164381371534,30.943051857457323
3.725767424436462,30.95799967074332
3.725218572488883,30.98420111562378
3.7246698822229427,31.01040256050424
3.724121353567208,31.036604005384696
3.7235729864502902,31.06280545026516
3.7230247808008405,31.06918939769667
3.722476736547554,31.05546236798471
3.721928853619165,31.03650801873506
3.7213811319444514,31.011728523220306
3.7208335714522347,30.95745510860799
3.7202861720713756,30.917359472009522
3.7197389337307776,30.87747726963289
3.719191856359387,30.838689748891845
3.7186449398861896,30.7999022281508
3.7180981842402168,30.761114707409803
3.7175515893505366,30.722573190168145
3.717005155146263,30.690444409876754
3.7164588815565494,30.658315629585363
3.7159127685105915,30.626186849293973
3.7153668159376276,30.57909142069542
3.7148210237669357,30.525152524099724
3.7142753919278366,30.471213627504028
3.713729920349693,30.421983519395845
3.713184608961907,30.375062691621174
3.712639457693925,30.328141863846504
3.7120944664752313,30.281221036071834
3.711549635235356,30.23799848009431
3.711004963903867,30.210552582595092
3.710460452410375,30.17611233609041
3.709916100684531,30.13974786667746
3.709371908656031,30.103383397264587
3.708827876254605,30.08849415689743
3.7082840034100317,30.099367033154493
3.7077402900521266,30.110239909411554
3.7071967361107476,30.119238347012164
3.706653341515794,30.12561355253048
3.7061101061972055,30.131988758048802
3.7055670300849637,30.15337125338912
3.7050241131090913,30.175460425863776
3.70448135519965,30.197549598338426
3.7039387562867447,30.212393262896327
3.703396316300521,30.215893401943873
3.702854035171164,30.21939354099142
3.702311912828901,30.22177529274974
3.701769949204,30.174406318959253
3.701228144226769,30.12703734516877
3.7006864978275593,30.07966837137836
3.7001450099367585,30.04270517290263
3.6996036804847985,30.01808839573136
3.6990625094021508,29.994824118019775
3.698521496619328,29.97155984030819
3.697980642066883,29.930178546481876
3.697439945675409,29.883010341505113
3.69689940737554,29.857393981659296
3.6963590270979516,29.837518791965337
3.6958188047733582,29.81764360227136
3.6952787403325154,29.794196443849845
3.6947388337062192,29.765852961487937
3.694199084825307,29.737509479126025
3.6936594936206553,29.710010789697208
3.693120060023182,29.684073492795996
3.692580783963844,29.681194468232036
3.6920416653736408,29.696199092473385
3.691502704183609,29.71120371671476
3.690963900324828,29.983354778757324
3.690425253728417,30.020461506238938
3.689886764325534,30.06131208524672
3.6893484320473795,30.102162664254507
3.688810256825192,30.143013243262295
3.6882722385902516,30.183863822270077
3.687734377273878,30.22982911687159
3.6871966728074304,30.286623167505226
3.6866591251223078,30.34341721813886
3.6861217341499506,30.400211268772495
3.6855844998218386,30.471996258749765
3.6850474220694913,30.532422154718546
3.6845105008244676,30.58663421766437
3.6839737360183675,30.640846280610187
3.683437127582831,30.70047699915318
3.682900675449535,30.75386703842194
3.6823643795501995,30.8072570776907
3.6818282398165834,30.860647116959456
3.6812922561804844,30.91403715622822
3.680756428573741,30.935243918936823
3.6802207569282306,30.935206132441593
3.679685241175871,30.93621430164035
3.6791498812486196,30.937222470839124
3.6786146770784716,30.938230640037887
3.6780796285974637,30.962866306439462
3.6775447357376723,30.976436394758593
3.6770099984312115,30.99763794432161
3.676475416610237,31.018839493884627
3.675940990206942,31.040041043447644
3.675406719153561,31.06124259301066
3.6748726033823664,31.09658095953901
3.6743386428256706,31.15551791770175
3.6738048374158248,31.21445487586449
3.6732711870852204,31.302301794936643
3.6727376917662875,31.393271716180536
3.6722043513914957,31.452116523508707
3.671671165893353,31.505368078638398
3.6711381352044086,31.558619633768085
3.670605259257249,31.611871188897744
3.6700725379845,31.669507790749314
3.6695399713188266,31.730604322283085
3.6690075591929334,31.8048264487404
3.6684753015395644,31.86664854753589
3.667943198291501,31.898770830412264
3.667411249381566,31.930893113288644
3.666879454742619,31.963015396165023
3.6663478143075596,31.98973808140549
3.6658163280093254,32.021440789862694
3.665284995780894,32.05678893666635
3.664753817555281,32.09213708347
3.6642227932655413,32.12392935080065
3.663691922844769,32.12480474317436
3.6631612062260963,32.16655127450394
3.662630643342694,32.20829780583352
3.6621002341277724,32.25004433716308
3.661569978514579,32.15289175331806
3.661039876436402,32.168166976655186
3.660509927826566,32.18344219999232
3.6599801326184362,32.20405017408349
3.659450490745416,32.25471236041144
3.658921002140946,32.30537454673939
3.6583916667385066,32.35603673306734
3.6578624844716168,32.385110547522345
3.657333455273832,32.38714212787919
3.656804579078749,32.38917370823604
3.656275855820001,32.388780020842326
3.6557472854312603,32.38886641983527
3.6552188678462376,32.39734559162041
3.654690602998681,32.40582476340555
3.654162490822379,32.414303935190695
3.6536345312511567,32.42278310697585
3.653106724218876,32.43126227876099
3.6525790696594407,32.43942981954256
3.6520515675067897,32.446226993596824
3.6515242176949014,32.4526644513805
3.6509970201577926,32.45392391311253
3.6504699748295173,32.455183374844566
3.6499430816441683,32.45527004806555
3.649416340535877,32.40604089409406
3.6488897514388094,32.35681174012248
3.648363314287174,32.30758258615091
3.6478370290152147,32.276511782805606
3.647310895557214,32.25114917973953
3.646784913847493,32.22578657667346
3.6462590838204085,32.18136683236429
3.6457334054103576,32.14865024650039
3.645207878551775,32.11593366063654
3.6446825031791303,32.05529726039447
3.6441572792269343,31.987208516012824
3.643632206629734,31.91911977163118
3.6431072853221145,31.869402366709927
3.642582515238698,31.850044845595185
3.6420578963141454,31.830687324480436
3.641533428483154,31.811329803365695
3.641009111680461,31.791972282251002
3.6404849458408366,31.765962674343086
3.6399609308990937,31.712578239457535
3.63943706679008,31.59777022263735
3.638913353448681,31.343178555359
3.63838979080982,31.335736125355524
3.6378663788084578,31.32560112185388
3.6373431173795923,31.309922870945805
3.6368200064582594,31.29424462003773
3.636297045979531,31.278566369129656
3.635774235878518,31.262888118221582
3.635251576090367,31.251519902198112
3.634729066550264,31.24191128629414
3.6342067071934303,31.23230267039017
3.6336844979551253,31.224387235596907
3.633162438770645,31.218206302644077
3.632640529575325,31.1805993761429
3.632118770304533,31.142992449641742
3.6315971608936786,31.105385523140583
3.6310757012782067,31.089410457025036
3.6305543913935994,31.09107533180172
3.630033231175376,31.09274020657839
3.629512220559092,31.094405081355074
3.628991359480341,31.096069956131757
3.628470647874754,31.03573274024193
3.627950085677996,30.96571026051941
3.6274296728257722,30.916735427335816
3.6269094092538237,30.87125928279857
3.6263892948979275,30.845099664244046
3.6258693296938986,30.855361712169824
3.625349513577588,30.86716880248051
3.624829846484884,30.88458192875286
3.6243103283517124,30.901995055025147
3.623790959114033,30.91940818129749
3.6232717387078455,30.936821307569836
3.622752667069184,30.978252827567815
3.6222337441341206,31.059399521474806
3.621714969838764,31.140546215381796
3.621196344119258,31.212988901341877
3.6206778669117847,31.085330447836217
3.6201595381525626,30.957310673293556
3.6196413577778452,30.837872659260903
3.619123325723924,30.74486719765654
3.6186054419271256,30.651861736052176
3.618087706323815,30.558856274447812
3.6175701188503924,30.464220954977474
3.617052679443294,30.39829079283389
3.6165353880389928,30.361095966935135
3.6160182445739992,30.323337195761006
3.6155012489848577,30.28482404458846
3.6149844012081505,30.246310893415917
3.614467701180496,30.20954840903898
3.613951148838549,30.175021705330714
3.613434744119,30.140495001622448
3.6129184869585753,30.116400893604197
3.612402377294039,30.12327529953726
3.61188641506219,30.130149705470302
3.6113706001998622,30.137024111403363
3.6108549326439285,30.172408249134442
3.610339412331295,30.225043131155324
3.6098240391989065,30.277678013176214
3.609308813183741,30.327711268655783
3.6087937342228154,30.353716144587715
3.6082788022531793,30.379098904160255
3.607764017211922,30.40448166373274
3.607249379036165,30.436739269012833
3.6067348876630674,30.471175025384653
3.6062205430298246,30.505610781756477
3.605706345073667,30.5400465381283
3.6051922937318617,30.550867091141797
3.6046783889417098,30.558885350191936
3.6041646306405504,30.574983986100985
3.603651018765757,30.576902706220864
3.6031375532547387,30.570078565149423
3.6026242340449404,30.557348194934136
3.6021110610738427,30.511590436952694
3.601598034278963,30.466520809214636
3.601085153597852,30.429737330636037
3.6005724189680977,30.39295385205744
3.6000598303273232,30.35617037347884
3.5995473876131876,30.319386894900276
3.599035090763384,30.284701742232805
3.5985229397156417,30.263109914890386
3.5980109344077267,30.271070738819276
3.5974990747774385,30.279031562748173
3.596987360762613,30.285475076355496
3.5964757923011215,30.29317593506194
3.5959643693308707,30.301617184752327
3.5954530917898024,30.306413502646887
3.594941959615893,30.31120982054143
3.594430972747155,30.316006138435966
3.593920131121636,30.313871114148085
3.593409434677419,30.291720515405757
3.5928988833526216,30.26956991666343
3.592388477085397,30.23552671666018
3.591878215813934,30.198858561914626
3.591368099476456,30.16309175754206
3.5908581280112206,30.12425329081226
3.5903483013565216,30.040085373748806
3.589838619450688,29.955917456685352
3.5893290822320827,29.888502418204027
3.588819689639105,29.822736447451614
3.588310441610188,29.757865862246017
3.5878013380838,29.70749801058075
3.5872923789984457,29.866534191012676
3.586783564292661,29.828979928962756
3.586274893905021,29.791425666912836
3.5857663677741334,29.765593782150052
3.58525798583864,29.773272498235784
3.5847497480372192,29.78095121432151
3.5842416543085838,29.78862993040724
3.58373370459148,29.79630864649297
3.5832258988246903,29.803987362578702
3.5827182369470303,29.811666078664434
3.5822107188973518,29.819605131904108
3.5817033446145405,29.827792560431092
3.581196114037517,29.85264986813235
3.5806890271052363,29.89548927183253
3.580182083756688,29.93777700992121
3.579675283930896,29.980064748009887
3.5791686275669203,30.02235248609852
3.5786621146038518,30.082038170175355
3.5781557449808195,30.180625846659524
3.5776495186369854,30.275722919758707
3.577143435511546,30.34018165587669
3.5766374955437317,30.360866932650236
3.5761316986728082,30.381552209423777
3.5756260448380757,30.402237486197322
3.575120533978868,30.410056793748275
3.574615166034552,30.413061839863126
3.5741099409445316,30.416066885977976
3.573604858648243,30.424614679843256
3.573099919085158,30.43592702699808
3.572595122194781,30.50164941177468
3.572090467916652,30.572419176321535
3.5715859561903436,30.64318894086839
3.5710815869554655,30.69142222350485
3.5705773601516575,30.731143401282093
3.5700732757185962,30.770864579059335
3.5695693335959913,30.810585756836574
3.5690655337235873,30.850306934613815
3.568561876041162,30.888310893458417
3.5680583604885276,30.90325645829562
3.5675549870055305,30.933618875723404
3.5670517555320496,30.96624926264
3.5665486660079986,30.9988796495566
3.566045718373326,30.645054061154973
3.565542912568013,30.60972248042338
3.565040248532075,30.57439089969179
3.5645377262055615,30.5390593189602
3.5640353455285565,30.503727738228616
3.5635331064411746,30.468396157497025
3.5630310088835677,30.597880220494677
3.56252905279592,30.569100691205307
3.5620272381184495,30.54032116191594
3.561525564791408,30.51154163262657
3.56102403275508,30.48276210333721
3.560522641949786,30.45398257404784
3.5600213923158774,29.83943699936338
3.559520283793741,29.76416750922548
3.5590193163237958,29.68889801908753
3.558518489846495,29.613628528949576
3.5580178043023265,29.538359038811627
3.5575172596318096,29.463089548673672
3.5570168557754984,29.36626038588462
3.5565165926739795,29.231502521027004
3.556016470267875,29.105042239737934
3.555516488497837,28.993227003329103
3.5550166473045537,28.903085400908154
3.5545169466287456,28.821014893573157
3.554017386411167,28.73894438623816
3.5535179665926053,28.656873878903166
3.5530186871138807,28.57480337156817
3.5525195479158476,28.496149202980533
3.5520205489393923,28.439353217976482
3.5515216901254365,28.382557232972488
3.551022971414932,28.32576124796843
3.550524392748866,28.26896526296438
3.5500259540682593,28.22043468080848
3.5495276553141633,28.19166919758272
3.5490294964276647,28.160754872121114
3.548531477349883,28.129207399359743
3.54803359802197,28.09765992659839
3.54753585838511,28.06611245383702
3.547038258380522,28.034564981075647
3.5465407979494565,28.003017508314276
3.5460434770331983,27.971470035552905
3.545546295573064,27.93992256279153
3.545049253510404,27.906315735368473
3.5445523507865997,27.832530181291503
3.544055587343068,27.137161005662836
3.543558963121258,27.07371374055716
3.543062478062649,26.80581769888138
3.5425661321087563,26.741526334920707
3.542069925201126,26.67723497096003
3.541573857281339,26.61294360699935
3.541077928291006,26.548652243038674
3.5405821381717733,26.50896766481761
3.540086486865319,26.487610395061367
3.5395909743133513,26.47526424676694
3.539095600457615,26.462918098472514
3.5386003652398843,26.450571950178087
3.538105268601969,26.43822580188366
3.5376103104857086,26.425879653589234
3.537115490832977,26.413533505294808
3.53662080958568,25.09729441963237
3.536126266685755,25.069811438763487
3.5356318620751748,25.042328457894662
3.5351375956959403,25.023935074248847
3.5346434674900884,25.04837820867692
3.534149477399686,25.07282134310499
3.533655625366835,25.097264477533066
3.5331619113336674,25.104388140408886
3.5326683352423482,25.098350060790516
3.532174897035076,25.092311981172195
3.5316815966540784,25.089457075366248
3.531188434041619,25.102397259579334
3.530695409139991,25.11533744379242
3.5302025218915216,25.13453561757334
3.5297097722385695,25.17782909732579
3.529217160123525,25.22112257707824
3.5287246854888115,25.264416056830687
3.528232348276884,25.307709536583133
3.52774014843023,25.35100301633561
3.5272480858913684,25.366480982904626
3.5267561606028504,25.380046022970923
3.5262643725072595,25.393611063037227
3.5257727215472117,25.407176103103527
3.525281207665354,25.420741143169828
3.524789830804366,25.73090835985025
3.5242985909069597,25.729835281285617
3.5238074879158767,25.729151321598412
3.5233165217738938,25.728467361911207
3.522825692423817,25.727783402224002
3.5223349998084865,25.727099442536797
3.521844443870772,25.72641548284959
3.5213540245535766,25.725731523162388
3.5208637417998347,25.72504756347518
3.520373595552513,25.724363603787978
3.519883585754609,25.723679644100795
3.519393712349152,25.848496853223107
3.5189039752792035,25.784738449606436
3.5184143744878575,25.72098004598977
3.517924909918238,25.66538301696754
3.517435581513501,25.65939717727941
3.516946389216836,25.645998251844915
3.516457332971462,25.629721259634945
3.515968412720629,25.613444267424953
3.515479628407621,25.597203162108734
3.514990979975752,25.60114132734084
3.5145024673683682,25.605079492572948
3.514014090528846,25.60901765780505
3.513525849400595,25.602154585859346
3.5130377439270553,25.594233928401756
3.512549774051698,25.6064179091752
3.5120619397180275,25.63449580578822
3.5115742408695767,25.66257370240131
3.5110866774499114,25.70718953473035
3.51059924940263,25.763397374983782
3.51011195667136,25.81960521523721
3.509624799199761,25.875813055490646
3.509137776931525,25.932020895744074
3.508650889810374,25.988228735997424
3.5081641377800605,26.044436576250853
3.50767752078437,26.149577199214225
3.507191038767118,26.27579958014141
3.506704691672152,26.402021961068595
3.50621847944335,26.5225387654005
3.505732402024621,26.591058551220506
3.505246459359906,26.659578337040514
3.5047606513931764,26.728098122860523
3.5042749780684352,26.796617908680446
3.5037894393297147,26.866416449291997
3.50330403512108,26.918036074547448
3.502818765386627,26.969255545375347
3.5023336300704817,27.020475016203243
3.5018486291168025,27.071694487031145
3.501363762469777,27.12291395785904
3.5008790300736257,27.167637770288053
3.5003944318725977,27.210361370291793
3.499909967810974,27.253084970295536
3.4994256378330673,27.28590077853751
3.4989414418832196,27.307593846903465
3.4984573799058056,27.32928691526942
3.4979734518452283,27.3507331418191
3.497489657645924,27.326491542006817
3.4970059972523573,27.302249942194535
3.4965224706090265,27.27800834238232
3.496039077660457,27.253766742570036
3.495555818351207,27.225186974970804
3.495072692625866,27.214171248927578
3.4945897004290525,27.208224414181252
3.494106841705417,27.217151356957913
3.493624116399639,27.22849599725336
3.4931415244564303,27.23984063754886
3.4926590658205314,27.247832362580503
3.4921767404367148,27.253294982526832
3.491694548249783,27.23510062189266
3.4912124892045693,27.202415914222115
3.490730563245937,27.169731206551567
3.49024877031878,27.13704649888102
3.4897671103680223,27.10436179121048
3.489285583338619,27.07167708353993
3.488804189175556,27.057178086170126
3.4883229278238472,27.04481182937686
3.487841799228539,27.034271297822645
3.4873608033347074,27.047116798614656
3.486879940087459,27.05996229940667
3.4863992094319305,27.07280780019868
3.4859186113132887,27.097471623779224
3.4854381456767314,27.208216132779384
3.484957812467485,27.32602913172438
3.4844776116308074,27.443842130669378
3.483997543111986,27.484592188444697
3.4835176068563394,27.513257595257627
3.483037802809215,27.53491115079848
3.4825581309159914,27.556564706339326
3.482078591122076,27.578218261880174
3.481599183372908,27.602616637091504
3.481119907613956,27.632681056846632
3.4806407637907166,27.662745476601756
3.4801617518487196,27.692809896356884
3.479682871733522,27.68055078815389
3.4792041233907134,27.665085292486793
3.4787255067659117,27.629086549855444
3.4782470218047643,27.58949539502204
3.4777686684529505,27.551037338190937
3.477290446656177,27.542253560586943
3.4768123563601816,27.533469782982944
3.476334397510733,27.524686005378946
3.475856570053627,27.515902227774944
3.4753788739346922,27.50711845017095
3.474901309099785,27.498334672566948
3.474423875494792,27.289476098238804
3.4739465730656303,27.2537259040106
3.4734694017582464,27.215402514832462
3.4729923615186147,27.177079125654274
3.4725154522927415,27.140275872576566
3.472038674026662,27.15039869725099
3.471562026666441,27.165702629430633
3.471085510158174,27.181006561610275
3.470609124447983,27.196310493789916
3.470132869482024,27.21161442596958
3.469656745206479,27.22691835814922
3.46918075156756,27.24222229032886
3.46870488851151,27.26045341984025
3.4682291559846004,27.281452759271016
3.467753553933133,27.30245209870178
3.4672780823034377,27.323451438132548
3.4668027410418754,27.344450777563313
3.466327530094835,27.37667975391301
3.4658524494087355,27.436937507417234
3.4653774989300254,27.497195260921494
3.4649026786051813,27.557453014425747
3.464427988380711,27.617710767930006
3.463953428203151,27.831246350288716
3.4634789980190663,27.88351797971382
3.4630046977750517,27.93578960913892
3.4625305274177323,27.988061238563937
3.4620564868937596,28.008510307248862
3.4615825761498167,28.00059606831382
3.4611087951326156,27.992681829378782
3.4606351437888967,27.984767590443738
3.4601616220654305,27.976853351508694
3.459688229909016,27.968939112573658
3.459214967266482,27.961024873638614
3.4587418340846843,27.824306794768265
3.4582688303105114,27.807960673997133
3.457795955890876,27.791614553225966
3.457323210772725,27.775268432454794
3.456850594903031,27.758922311683627
3.456378108228796,27.743827963790885
3.455905750697052,27.729525803664828
3.4554335222548596,27.699061102935318
3.4549614228493084,27.63843716734233
3.454489452427515,27.577813231749246
3.4540176109366283,27.515644330890453
3.4535458983238234,27.443496758808912
3.4530743145363054,27.374672741111038
3.4526028595213076,27.336173253334493
3.452131533226093,27.297673765557953
3.4516603355979534,27.259174277781412
3.4511892665842074,27.22067479000487
3.450718326132206,27.182175302228384
3.4502475141893245,27.08784472181666
3.4497768307029704,26.944761518931358
3.449306275620578,26.92200126621519
3.4488358488896114,26.92489050500417
3.448365550457563,26.92777974379315
3.4478953802719534,26.930668982582127
3.4474253382803335,26.933558221371108
3.446955424430279,26.94439671474598
3.4464856386693983,26.95629193418896
3.4460159809453264,26.968187153631945
3.445546451205727,26.97499617425568
3.445077049398292,26.968968849618058
3.4446077754707436,26.96294152498043
3.44413862937083,26.9569142003428
3.443669611046329,26.950886875705176
3.443200720445048,26.944859551067573
3.44273195751482,26.938832226429945
3.4422633222035093,26.9350996370709
3.4417948144590067,27.072206809303438
3.441326434229232,27.09755640918481
3.4408581814621337,27.122906009066185
3.4403900561056884,27.14249108431721
3.439922058107901,27.14020492785574
3.439454187416804,27.138564178723016
3.4389864439804585,27.197863215223524
3.4385188277469547,27.257162251724036
3.4380513386644105,27.316461288224545
3.4375839766809717,27.377134855389215
3.4371167417448127,27.396818203947404
3.436649633804136,27.416501552505594
3.4361826528071715,27.436184901063783
3.4357157987021796,27.455868249621965
3.4352490714374446,27.48139225408679
3.434782470961283,27.516743751059025
3.4343159972220376,27.546784278109747
3.433849650168079,27.551100720290002
3.4333834297478067,27.36062383865029
3.4329173359096474,27.355912942118998
3.4324513686020577,27.351202045587726
3.4319855277735183,27.346491149056437
3.4315198133725415,27.341780252525147
3.4310542253476664,27.323751703260363
3.4305887636474597,27.287966163927255
3.430123428220516,27.252180624594153
3.4296582190154585,27.216395085261045
3.4291931359809373,27.180609545927936
3.428728179065631,27.14482400659484
3.4282633482182465,27.110314821642575
3.427798643387517,27.06757308644086
3.427334064522204,26.97631341164861
3.4268696115710986,26.885053736856364
3.4264052844830166,26.793794062064123
3.4259410832068045,26.729375238467547
3.425477007691334,26.688349607915512
3.425013057885507,26.647323977363495
3.4245492337382504,26.606298346811464
3.4240855351985204,26.56527271625943
3.4236219622153006,26.53802703535995
3.4231585147376022,26.538917945847874
3.4226951927144644,26.540636597903983
3.4222319960949528,26.547507088104275
3.4217689248281618,26.55437757830457
3.4213059788632125,26.561248068504867
3.420843158149255,26.568118558705166
3.4203804626354644,26.574989048905458
3.419917892271045,26.590435913723333
3.4194554470052285,26.609353637774092
3.4189931267872735,26.591492116659225
3.418530931566467,26.554516985687485
3.4180688612921224,26.518115285477368
3.4176069159135816,26.48171358526734
3.417145095380212,26.48691489487524
3.4166833996414097,26.49780212403314
3.416221828646598,26.508689353191045
3.4157603823452285,26.51575042256519
3.4152990606867784,26.518862775550303
3.4148378636207526,26.521975128535416
3.4143767910966836,26.525087481520526
3.413915843064132,26.544451740119833
3.4134550194726843,26.568758238285227
3.412994320271954,26.593064736450636
3.4125337454115834,26.620766606111665
3.4120732948412407,26.662450580885356
3.411612968510621,26.697639391935176
3.411152766369448,26.730778670087204
3.4106926883674715,26.763917948239243
3.410232734454469,26.79705722639124
3.4097729045802434,26.830466984218432
3.409313198694627,26.86407568996349
3.4088536167474777,26.897684395708545
3.408394158688681,26.9312931014536
3.407934824468149,26.997604000854537
3.407475614035821,27.071710587359718
3.407016527341664,27.15441427827387
3.406557564335671,27.23711796918802
3.406098724967862,27.29739019425434
3.405640009188284,27.35045938343437
3.405181416947011,27.4035285726144
3.404722948194144,27.49101768881947
3.4042646028798114,27.592798228227736
3.4038063809541668,27.694578767636003
3.403348282367393,27.79635930704427
3.402890307069698,27.91629548495205
3.402432455011316,28.030031923816793
3.401974726142509,28.126430455274324
3.4015171204135664,28.217274396946237
3.4010596377748032,28.29023821104984
3.4006022781765615,28.36320202515344
3.4001450415692105,28.436165839257043
3.399687927903145,28.509129653360645
3.3992309371287877,28.582093467464247
3.3987740691965884,28.67038116727941
3.3983173240570204,28.760637657964917
3.397860701660587,29.01176483280512
3.397404201957817,29.078003370997884
3.3969478248992653,29.144241909190647
3.3964915704355136,29.21164967945548
3.396035438517171,29.28314570274879
3.3955794290948726,29.354641726041997
3.3951235421192782,29.426137749335307
3.3946677775410774,29.497633772628618
3.3942121353109833,29.56930165798213
3.3937566153797376,29.66725220725465
3.3933012176981077,29.765202756527167
3.3928459422168866,29.86315330579969
3.392390788886895,29.961103855072206
3.3919357576589793,29.564593147590905
3.3914808484840124,29.587828279266247
3.3910260613128935,29.62907294045491
3.3905713960965476,29.67031760164358
3.390116852785927,29.711562262832246
3.38966243133201,29.70750458838686
3.389208131685801,29.6768307680033
3.388753953798331,29.646156947619737
3.3882998976206564,29.594637321080207
3.3878459631038607,29.48737304519682
3.387392150199053,29.40178465959964
3.386938458857369,29.316196274002472
3.386484889029971,29.230607888405302
3.3860314406680456,29.201110338773745
3.3855781137228087,29.19309434378967
3.385124908145499,29.185078348805597
3.384671823887383,29.177062353821526
3.3842188608997548,29.169046358837413
3.3837660191339305,29.16103036385334
3.3833132985412555,29.153014368869265
3.3828606990731007,29.144998373885194
3.382408220680862,29.187034761560547
3.3819558633159623,29.229272822692113
3.38150362692985,29.274881724667008
3.381051511474001,29.457062767453266
3.3805995168999137,29.447500940687895
3.380147643159115,29.437939113922525
3.3796958902031573,29.428377287157154
3.3792442579836193,29.418815460391784
3.378792746452105,29.541057518628413
3.3783413555602437,29.550432084685134
3.3778900852596916,29.559806650741848
3.37743893550213,29.569181216798565
3.376987906239268,29.578555782855275
3.376536997422836,29.587930348911996
3.376086209004595,29.59824420034907
3.3756355409363286,29.61425175625957
3.375184993169848,29.630259312170075
3.3747345656569894,29.64626686808058
3.3742842583496144,29.662274423991082
3.373834071199611,29.67828197990157
3.373384004158892,29.694289535812075
3.3729340571793966,29.708674941859194
3.3724842302130895,29.580934165437277
3.3720345232119606,29.460879522609737
3.3715849361280257,29.362969874401408
3.371135468913326,29.265916978699316
3.3706861215199293,29.17000521938369
3.370236893899927,29.083367913703935
3.369787786005439,29.01456760547347
3.3693387977886067,28.94576729724293
3.3688899292016004,28.8769669890124
3.368441180196614,28.818167798090897
3.3679925507258677,28.761705361603944
3.367544040741607,28.705242925116988
3.367095650196103,28.648780488630035
3.3666473790416527,28.61555754668099
3.3661992272305765,28.594842129420464
3.3657511947152217,28.58488853659279
3.3653032814479613,28.574934943765115
3.364855487381193,28.56498135093744
3.3644078124673396,28.54695179827028
3.3639602566588502,28.5241829965748
3.3635128199081983,28.515464547082527
3.3630655021678826,28.51333984131549
3.3626183033904287,28.517297570160437
3.362171223528384,28.525686418335475
3.3617242625343247,28.534075266510506
3.361277420360851,28.54121608534799
3.360830696960587,28.538020922883792
3.3603840922861843,28.53482576041959
3.3599376062903175,28.531630597955388
3.359491238925689,28.543184235244603
3.359044990145022,28.573344289576628
3.358598859901069,28.60350434390865
3.3581528481466063,28.67829615350825
3.3577069548344345,28.759075876320942
3.35726117991738,28.839855599133635
3.3568155233482937,28.910857907394607
3.356369985080052,28.954404302000366
3.355924565065557,29.004279708727736
3.355479263257734,29.054155115455085
3.355034079609535,29.104030522182455
3.354589014073935,29.153905928909822
3.3541440666039364,29.187455814408914
3.353699237152565,29.184412262910357
3.3532545256728716,29.181339050953895
3.3528099321179323,29.17826583899744
3.3523654564408485,29.174063596840426
3.3519210985947447,29.16843658697652
3.351476858532772,29.16280957711261
3.351032736208106,29.157182567248707
3.3505887315739464,29.140910433145603
3.3501448445835185,29.12118820153335
3.349701075190072,29.101465969921094
3.3492574233468817,29.081769603669944
3.3488138890072463,29.062964221755735
3.3483704721244907,29.04415883984155
3.347927172651963,29.025353457927338
3.347483990543036,29.006548076013132
3.347040925751109,29.335530079036776
3.346597978229604,29.401754008320992
3.346155147931969,29.467977937605212
3.345712434811676,29.531212929352108
3.3452698388222215,29.57036393154926
3.3448273599171268,29.60951493374647
3.344384998049938,29.648665935943683
3.343942753174225,29.687816938140898
3.3435006252435833,29.726967940338106
3.3430586142116328,29.76546086560795
3.3426167200320167,29.8029605566633
3.342174942658404,29.829001006306772
3.3417332820444883,29.855041455950243
3.341291738143987,29.881081905593668
3.3408503109106413,29.907122355237135
3.340409000298218,29.933162804880602
3.3399678062605083,29.959203254524073
3.3395267287513275,29.976952526428846
3.3390857677245145,29.9944859622084
3.3386449231339346,30.012019397987952
3.3382041949334758,29.970275027365673
3.33776358307705,29.922589172737524
3.337323087518595,29.903372289053
3.3368827082120727,29.95046705228181
3.3364424451114676,29.997561815510622
3.3360022981707904,30.04465657873943
3.3355622673440757,30.09175134196824
3.335122352585381,30.138846105197054
3.33468255384879,30.20336249982968
3.33424287108841,30.271150007337447
3.3338033042583706,30.333887408603296
3.333363853312828,30.372986094210255
3.3329245182059615,30.41208477981721
3.332485298891975,30.46028587882764
3.332046195325096,30.544061128667245
3.331607207459577,30.627836378506853
3.331168335249694,30.71161162834649
3.330729578649746,30.219565404500088
3.3302909376140586,30.317448829806644
3.3298524120969786,30.416560906081656
3.3294140020528795,30.51985254318401
3.3289757074361574,30.623144180286367
3.328537528201232,30.72643581738872
3.3280994643025483,30.829727454491078
3.327661515694574,30.93301909159343
3.3272236823318027,30.99391848555322
3.3267859641687485,31.044148077041505
3.326348361159953,31.094377668529788
3.32591087325998,31.141532351930685
3.325473500423417,31.138859582422857
3.325036242604876,31.135980950433705
3.324599099758993,31.133102318444557
3.3241620718404286,31.130223686455416
3.323725158803864,31.127345054466264
3.3232883606040073,31.12446642247712
3.32285167719559,31.121587790487965
3.3224151085333666,31.118709158498817
3.3219786545721153,31.120071248994194
3.3215423152666395,31.123663754835835
3.321106090571764,31.127256260677477
3.3206699804423394,31.130848766519122
3.32023398483324,31.134441272360775
3.319798103699361,31.13803377820242
3.319362336995625,31.120616420528997
3.318926684676976,31.101571412300963
3.3184911466983817,31.082526404072933
3.318055723014835,31.063481395844907
3.3176204135813507,31.169283069957345
3.317185218352969,31.131744788668136
3.3167501372847505,31.091516754453647
3.316315170331783,31.051261607921973
3.3158803174491753,31.011006461390302
3.315445578592062,30.970751314858628
3.315010953715599,30.93049616832695
3.314576442774967,30.890241021795276
3.31414204572537,30.849985875263606
3.3137077625220352,30.80876773519285
3.313273593120214,30.76344514915671
3.31283953747518,30.718122563120517
3.3124055955422302,30.672799977084324
3.3119717672766873,30.639140854275695
3.3115380526338947,30.57802626469133
3.311104451569221,30.51691167510696
3.310670964038057,30.455797085522597
3.3102375899958183,30.394682495938213
3.309804329397941,30.33356790635385
3.309371182199888,30.268659586143684
3.308938148357144,30.214742941883962
3.308505227825216,30.21354404094891
3.3080724205596352,30.212345140013866
3.307639726515957,30.211146239078815
3.3072071456497585,30.2081549859478
3.306774677916641,29.669163918298487
3.306342323272229,29.677534205887717
3.3059100816721685,29.685904493476997
3.3054779530721308,29.694274781066277
3.3050459374278103,29.702645068655556
3.304614034694923,29.710625981332015
3.3041822448292093,29.712570255877345
3.303750567786433,29.714514530422676
3.30331900352238,29.716458804967964
3.3028875519928587,29.718403079513294
3.3024562131537025,29.720347354058624
3.302024986960767,29.640349973989764
3.3015938733699306,29.653172670100588
3.301162872337095,29.664108659181522
3.300731983818185,29.67504464826246
3.3003012077691483,29.6859806373434
3.299870544145955,29.696916626424333
3.2994399929046,29.707852615505253
3.299009554001098,29.718788604586187
3.2985792273914902,29.72972459366712
3.2981490130318383,29.74066058274806
3.297718910878228,29.751596571828998
3.2972889208867677,29.762532560909932
3.2968590430135887,29.772955198923448
3.296429277214845,29.730528534006524
3.295999623446713,29.716035477885463
3.295570081665393,29.701542421764394
3.295140651827107,29.68704936564333
3.2947113338881016,29.686195424186785
3.2942821278046437,29.67472332351803
3.2938530335330256,29.64580810497111
3.29342405102956,29.616892886424193
3.292995180250584,29.587977667877276
3.2925664211524577,29.833849590052004
3.2921377736915614,29.812986964652982
3.2917092378243007,29.79212433925396
3.291280813507103,29.771261713854937
3.290852500696418,29.762583169227668
3.2904242993487194,29.75855258729338
3.2899962094205013,29.754522005359096
3.2895682308682836,29.75049142342477
3.289140363648605,29.746460841490485
3.2887126077180295,29.742430259556198
3.2882849630331434,29.74984680497014
3.287857429550555,29.800235461512692
3.2874300072268947,29.850624118055244
3.2870026960188166,29.901012774597795
3.286575495882997,29.951886895405988
3.286148406776134,30.003411008941388
3.2857214286549494,30.054935122476703
3.2852945614761864,30.106459236012103
3.2848678051966105,30.138809606552133
3.284441159773011,30.168698610244057
3.284014625162199,30.198587613935977
3.2835882013210074,30.2284766176279
3.2831618882062923,30.22072083806389
3.2827356857749326,30.197633277770592
3.2823095939838276,30.171762011795366
3.281883612789901,30.143970729516433
3.2814577421500988,30.1161794472375
3.2810319820213873,30.088388164958562
3.280606332360758,30.05053635915303
3.2801807931252225,30.014015003269677
3.279755364271815,30.022460914098495
3.2793300457575936,30.034837844626985
3.2789048375396375,30.047214775155478
3.278479739575047,30.062202806948754
3.2780547518209464,30.081266474772065
3.277629874234482,30.100330142595375
3.2772051067728216,30.119393810418686
3.2767804493931556,30.138457478241996
3.2763559020526967,30.155686397056336
3.27593146470868,30.1723733025715
3.2755071373183613,30.18906020808665
3.275082919839021,30.210827913068375
3.2746588122279587,30.257511209920843
3.2742348144424986,30.304194506773307
3.273810926439986,30.35087780362577
3.2733871481777888,30.397561100478235
3.272963479613296,30.442700906351266
3.272539920703919,30.483125902136344
3.2721164714070925,30.523550897921417
3.2716931316802706,30.5639758937065
3.2712699014809314,30.604400889491576
3.2708467807665755,30.644825885276653
3.2704237694947236,30.676898401636215
3.2700008676229197,30.703904985734994
3.2695780751087296,30.72614863830526
3.269155391909741,30.737103577606504
3.2687328179835626,30.748058516907726
3.268310353287826,30.759013456208944
3.2678879977801847,30.7694107688042
3.2674657514183134,30.778980016917565
3.2670436141599097,30.78924542596903
3.266621585962693,30.799980882409955
3.266199666784402,30.810716338850884
3.265777856582802,30.821451795291814
3.2653561553156756,30.832187251732766
3.2649345629408293,30.842922708173692
3.264513079416091,30.815425022755946
3.2640917046993105,30.772328890195844
3.2636704387483597,30.729232757635746
3.2632492815211314,30.686136625075648
3.2628282329755405,30.6347632253824
3.262407293069525,30.57701868653193
3.2619864617610412,30.519274147681372
3.261565739008071,30.461529608830816
3.2611451247686145,30.40378506998026
3.2607246190006967,30.346040531129702
3.260304221662362,30.288295992279146
3.2598839327116766,30.230551453428586
3.25946375210673,30.142786829398112
3.2590436798056315,30.04987012466329
3.2586237157665128,29.95695341992856
3.2582038599475265,29.864036715193738
3.257784112306848,29.761077940554813
3.257364472802673,29.66156322455035
3.256944941393219,29.562048508545885
3.256525518036726,29.462533792541425
3.2561062026914547,29.363019076536958
3.2556869953156875,29.26350436053258
3.2552678958677275,29.182238625036085
3.2548489043059003,29.118594347516265
3.2544300205885524,29.02334567099893
3.2540112446740523,28.92174608645714
3.253592576520789,28.820146501915353
3.2531740160871743,28.718546917373565
3.25275556333164,28.625974537548323
3.2523372182126398,28.539445653068697
3.2519189806886497,28.452916768589102
3.251500850718165,28.366387884109475
3.2510828282597037,28.279858999629845
3.2506649132718053,28.193330115150218
3.25024710571303,28.1187989972007
3.24982940554196,28.042959104694376
3.2494118127171983,27.967119212188052
3.2489943271973694,27.89127931968178
3.248576948941118,27.815439427175455
3.2481596779071116,27.739599534669132
3.2477425140540377,27.67445089371438
3.2473254573406063,27.535550083803862
3.2469085077255477,27.39277828913456
3.2464916651676137,27.250006494465257
3.2460749296255766,27.118156369795496
3.245658301058231,27.016232633464043
3.2452417794243926,26.9143088971327
3.2448253646828964,26.812385160801245
3.244409056792601,26.732077261654354
3.243992855712384,26.6940793138237
3.2435767614011453,26.656081365993042
3.2431607738178063,26.618083418162385
3.2427448929213085,26.58008547033173
3.242329118670615,26.542087522501095
3.241913451024709,26.519982095101494
3.2414978899425955,26.526042030218342
3.2410824353833014,26.532059635456775
3.2406670873058725,26.533595435884656
3.240251845669378,26.535131236312537
3.2398367104329058,26.53666703674042
3.2394216815555663,26.52256072660775
3.23900675899649,26.5003001347746
3.2385919427148298,26.478039542941445
3.2381772326697567,26.455778951108297
3.2377626288204655,26.43490514075186
3.2373481311261703,26.42628093402175
3.236933739546106,26.41765672729164
3.2365194540395303,26.40903252056153
3.2361052745657193,25.33598299905195
3.2356912010839713,25.18922358785024
3.2352772335536044,25.04246417664855
3.234863371933959,25.000483707743086
3.234449616184395,25.007982345711415
3.234035966264294,25.06988511689972
3.233622422133058,25.14317313746354
3.2332089837501092,25.216461158027357
3.2327956510748916,25.28897128891107
3.2323824240668695,25.41593489434557
3.231969302685528,25.569108613786046
3.2315562868903718,25.69959324043294
3.231143376640928,25.8125328808489
3.230730571896743,25.92547252126486
3.230317872617386,26.04824065241972
3.2299052787624434,26.210731627011768
3.2294927902915256,26.373222601603807
3.2290804071642625,26.905434310622272
3.2286681293403032,26.93793318159149
3.2282559567793188,26.977473270900077
3.227843889441001,27.02156683055877
3.227431927285062,27.06566039021746
3.227020070271234,27.10975394987615
3.2266083183592706,27.15384750953484
3.226196671508945,27.19794106919353
3.225785129680052,27.24203462885222
3.225373692832407,27.28612818851091
3.2249623609258427,27.330221748169603
3.224551133920217,27.374315307828294
3.2241400117754053,27.415857341355206
3.2237289944513043,27.45666658397031
3.223318081907831,27.500575872210966
3.2229072741049234,27.549836556970206
3.2224965710025395,27.599097241729453
3.2220859725606568,27.648357926488696
3.2216754787392747,27.69090373340852
3.221265089498412,27.70736104194811
3.2208548047981083,27.723818350487704
3.2204446245984237,27.740275659027297
3.220034548859438,27.756732967566887
3.219624577541252,27.745702411690694
3.219214710603987,27.73026080145467
3.218804948007784,27.714819191218645
3.218395289712803,27.69937758098262
3.2179857356792274,27.683935970746592
3.2175762858672585,27.66887742626461
3.2171669402371186,27.654974672390388
3.21675769874905,27.641071918516158
3.2163485613633163,27.611163173354463
3.2159395280401997,27.575514632427705
3.215530598740003,27.539866091500944
3.21512177342305,27.504217550574182
3.214713052049684,27.462290781081144
3.2143044345802685,27.419002524297568
3.213895920975188,27.371859185461552
3.2134875111948458,27.319999685299607
3.2130792051996657,27.268140185137664
3.212671002950093,27.21628068497572
3.2122629044065913,27.082275937607818
3.2118549095296443,27.06656519610251
3.2114470182797574,27.0508544545972
3.2110392306174544,27.03514371309189
3.2106315465032806,27.019432971586582
3.2102239658978,27.003722230081273
3.209816488761597,26.989865576721723
3.2094091150552773,26.985287468248153
3.2090018447394644,26.980709359774572
3.208594677774803,26.97613125130099
3.2081876141219583,26.97155314282741
3.207780653741614,26.96697503435383
3.207373796594475,26.95871860176551
3.2069670426412658,26.922955713226543
3.2065603918427303,26.886896640605784
3.2061538441596333,26.85083756798502
3.205747399552759,26.814778495364298
3.2053410579829107,26.778719422743535
3.2049348194109126,26.742660350122776
3.204528683797608,26.714537109054888
3.2041226511038614,26.687315407405563
3.2037167212905557,26.629079016443253
3.203310894318594,26.566184811661252
3.2029051701489,26.503290606879276
3.2024995487424155,26.440396402097274
3.202094030060104,26.392327681074406
3.201688614062947,26.34718499942718
3.2012833007119474,26.30204231777996
3.200878089968127,26.25689963613274
3.2004729817925273,26.21361453033566
3.2000679761462094,26.174460659999824
3.199663072990255,26.135306789663982
3.1992582722857645,26.096152919328155
3.1988535739938575,26.069857064258038
3.1984489780756755,26.044822381186382
3.198044484492377,26.01978769811472
3.1976400932051425,25.994753015043063
3.1972358041751705,25.96958884299329
3.1968316173636793,25.938313627623845
3.1964275327319083,25.89797480226366
3.1960235502411143,25.851126530879846
3.1956196698525745,25.80427825949603
3.195215891527587,25.62284699471435
3.1948122152274676,25.590210115708196
3.1944086409135526,25.557573236702037
3.1940051685471977,25.524647915391128
3.193601798089778,25.476845339857565
3.193198529502688,25.429042764324002
3.192795362747343,25.381240188790443
3.1923922977851755,25.33395860241029
3.1919893345776384,25.305718507022533
3.1915864730862054,25.277478411634778
3.1911837132723675,25.249238316247023
3.1907810550976365,25.220998220859265
3.1903784985235437,25.201243702049766
3.1899760435116398,25.184683516108002
3.1895736900234932,25.168123330166253
3.1891714380206935,25.1515631442245
3.1887692874648494,25.134789624129912
3.1883672383175887,25.11672909074609
3.1879652905405584,25.098970998297354
3.1875634440954252,25.081593093657382
3.1871616989438754,25.064215189017403
3.186760055047613,25.046837284377425
3.186358512368364,25.02945937973744
3.185957070867871,25.012081475097464
3.1855557305078968,24.99470357045749
3.1851544912502243,24.979920591906698
3.184753353056655,24.963018041533235
3.1843523158890097,24.953600952682944
3.183951379709128,24.972838370215904
3.1835505444788708,24.99207578774886
3.183149810160114,24.945176830826554
3.1827491767147564,24.99301762492327
3.182348644104715,25.040858419019983
3.1819482122919256,25.089206129208222
3.1815478812383433,25.159257366256227
3.1811476509059426,25.229308603304226
3.1807475212567167,25.300730930158245
3.180347492252678,25.367576173306308
3.1799475638558587,25.38681375900312
3.1795477360283084,25.40605134469998
3.179148008732098,25.425288930396835
3.178748381929316,25.444526516093692
3.17834885558207,25.46376410179055
3.1779494296524873,25.483001687487405
3.177550104102714,25.502239273184262
3.177150878894916,25.521476858881076
3.1767517539912755,25.914951692804188
3.176352729353997,25.948009542103435
3.1759538049453018,25.98106739140269
3.175554980727431,26.014125240701937
3.175156256662645,26.04718309000119
3.1747576327132223,26.080240939300438
3.174359108841461,26.11329878859969
3.173960685009678,26.14635663789894
3.1735623611802097,26.18015277715878
3.173164137315409,26.21656204837872
3.1727660133776507,26.252971319598657
3.172367989329327,26.28938059081859
3.171970065132849,26.325789862038526
3.171572240750647,26.355360032058535
3.1711745161451694,26.38215918056852
3.1707768912788854,26.408958329078473
3.1703793661142803,26.435757477588453
3.1699819406138596,26.464980115408807
3.169584614740148,26.494367527844506
3.169187388455689,26.523754940280213
3.1687902617230432,26.553142352715913
3.168393234504792,26.58164948599071
3.1679963067635346,26.60544579538798
3.167599478461889,26.62924210478525
3.167202749562492,26.65303841418249
3.1668061200279993,26.683891199038918
3.1664095898210847,26.718490919288133
3.166013158904441,26.753090639537348
3.1656168272407803,26.787690359786566
3.1652205947928325,26.829021077267
3.1648244615233465,26.89139041974337
3.1644284273950904,26.953759762219697
3.1640324923708496,27.016129104696066
3.1636366564134293,27.078498447172436
3.1632409194856526,27.164260239389748
3.162845281550362,27.258867602128365
3.1624497425704177,27.353474964866983
3.1620543025086993,27.448082327605604
3.1616589613281043,27.562389172439687
3.161263718991549,27.684277278677317
3.1608685754619685,27.80616538491489
3.1604735307023155,27.92805349115252
3.160078584675562,28.03383704752352
3.1596837373446993,28.109404890593886
3.1592889886727353,28.18497273366426
3.158894338622698,28.247123398334544
3.158499787157633,28.302832755606616
3.158105334240605,28.35854211287866
3.157710979834696,28.414251470150734
3.157316723903007,28.444921612159888
3.1569225664086584,28.47232859651533
3.156528507314788,28.472849543038116
3.1561345465845525,28.467842958102132
3.155740684181126,28.46283637316615
3.1553469200677027,28.45782978823017
3.1549532542074936,28.454206512754965
3.154559686563729,28.45562527624591
3.154166217099656,28.457044039736846
3.1537728457785423,28.458462803227782
3.153379572563672,28.459881566718725
3.1529863974183496,28.46130033020966
3.1525933203058956,28.4627190937006
3.1522003411896504,28.464137857191538
3.1518074600329724,28.465556620682484
3.1514146767992366,28.46368996917544
3.1510219914518385,28.45706339728359
3.1506294039541913,28.342910307433733
3.1502369142697253,28.310698040620192
3.1498445223618905,28.297106467261624
3.1494522281941544,28.289090169748423
3.149060031730002,28.281073872235222
3.148667932932938,28.273057574722024
3.148275931766485,28.265041277208805
3.1478840281941816,28.270144359000554
3.147492222179587,28.275485412812866
3.147100513686278,28.28082646662518
3.1467089026778488,28.271029571354696
3.146317389117913,28.247161582108614
3.1459259729701,28.22329359286253
3.145534654198061,28.199425603616476
3.1451434327654613,28.17555761437039
3.1447523086359865,28.151689625124312
3.1443612817733397,28.127821635878227
3.1439703521412423,28.087119713988926
3.143579519703434,28.024349088215075
3.1431887844236717,27.96157846244123
3.1427981462657306,27.898807836667384
3.1424076051934047,27.836037210893537
3.142017161170505,27.773266585119785
3.1416268141608605,27.710495959345934
3.141236564128319,27.60893391532987
3.1408464110367453,27.506708920706195
3.1404563548500226,27.404483926082516
3.1400663955320525,27.31393680138714
3.139676533046754,27.297700613270095
3.1392867673580644,27.281464425153082
3.1388970984299376,27.26522823703604
3.138507526226347,27.248992048918996
3.1381180507112836,27.23275586080195
3.1377286718487554,27.216271916026425
3.137339389602789,27.19974318923456
3.136950203937429,27.1832144624427
3.136561114816737,27.172970005461558
3.136172122204793,27.166630360038905
3.1357832260656955,27.16029071461627
3.135394426363559,27.153951069193617
3.1350057230625175,27.147611423770968
3.1346171161267216,27.14127177834832
3.1342286055203403,27.134932132925666
3.133840191207561,27.128592487503013
3.1334518731525876,27.122252842080364
3.1330636513196426,27.11591319665773
3.132675525672965,27.542737539522385
3.1322874961768132,27.531647460270413
3.131899562795462,27.52055738101845
3.1315117254932052,27.509467301766477
3.1311239842343523,27.51787117649141
3.130736338983233,27.55618390595061
3.1303487897041924,27.59449663540981
3.1299613363615943,27.632809364869015
3.129573978919821,27.641629473155398
3.12918671734327,27.66930027307432
3.1287995515963583,27.697478328673974
3.1284124816435206,27.72565638427363
3.128025507449208,27.753834439873284
3.127638628977891,27.815283809298414
3.127251846194055,27.887447069075357
3.126865159062206,27.95961032885222
3.1264785675468647,28.031773588629164
3.1260920716125713,29.44349321037147
3.125705671223883,29.502605133591892
3.1253193663453747,29.561717056812306
3.1249331569416383,29.620828980032726
3.1245470429772833,29.671967598389564
3.124161024416937,29.70010118121599
3.123775101225244,29.72823476404242
3.123389273366867,29.756368346868822
3.1230035408064847,29.784501929695246
3.122617903508794,29.812635512521673
3.1222323614385097,29.840769095348094
3.121846914560364,29.86890267817452
3.121461562839106,29.897036261000945
3.121076306239502,29.92516984382737
3.120691144726337,29.953303426653775
3.120306078264411,29.981437009480203
3.119921106818544,30.009570592306623
3.1195362303535714,30.460412671348955
3.1191514488343475,30.4844243740394
3.1187667622257425,30.508436076729833
3.118382170492645,30.532447779420274
3.11799767359996,30.55645948211071
3.1176132715126115,30.580471184801148
3.117228964195539,30.604482887491564
3.1168447516136992,30.628494590182004
3.1164606337320673,30.65250629287244
3.1160766105156354,30.676517995562882
3.1156926819294126,30.70052969825332
3.115308847938425,30.724541400943757
3.114925108507717,30.748553103634194
3.1145414636023494,30.780971720283457
3.1141579131873995,30.821555637858985
3.113774457227963,30.86213955543451
3.113391095689152,30.90272347301004
3.113007828536097,30.943307390585566
3.1126246557339448,30.95911735241947
3.112241577247859,30.971907766386682
3.1118585930430207,30.9846981803539
3.111475703084628,30.997488594321112
3.1110929073378975,31.01027900828832
3.11071020576806,31.02306942225554
3.110327598340366,31.03341517126305
3.1099450850200823,31.01127815248572
3.1095626657724926,30.980510326765135
3.1091803405628977,30.937926692527107
3.1087981093566155,30.895343058289082
3.1084159721189817,30.852759424051104
3.108033928815347,30.81017578981308
3.1076519794110817,30.773633511368956
3.107270123871571,30.739053824593
3.1068883621622185,30.496801233921097
3.1065066942484445,30.430159987377934
3.1061251200956854,30.363518740834763
3.105743639669396,30.2968774942916
3.1053622529350466,30.230236247748433
3.104980959858126,30.190460025567102
3.104599760404139,30.151251312917026
3.104218654538607,30.09078079548892
3.1038376422270684,29.986411647920846
3.1034567234350803,29.882042500352767
3.103075898128214,29.77767335278469
3.1026951662720603,29.665690040572393
3.102314527832225,29.570125638923333
3.101933982774331,29.499251711166004
3.101553531064019,29.437621133095266
3.1011731726669454,29.3841319511685
3.100792907548785,29.330642769241734
3.1004127356752273,29.277153587314967
3.100032657011981,29.2236644053882
3.09965267152477,29.17017522346143
3.0992727791793353,29.116686041534663
3.0988929799414353,29.06319685960796
3.098513273776844,29.00970767768119
3.098133660651353,28.956218495754424
3.0977541405307707,28.902729313827656
3.0973747133809217,28.858889089100472
3.096995379167649,28.83506654145976
3.0966161378568096,28.811243993819055
3.09623698941428,28.78742144617839
3.095857933805951,28.76438176737053
3.0954789709977315,28.7504954405464
3.095100100955547,28.736609113722267
3.0947213236453393,28.733025041480534
3.094342639033067,28.73266699880496
3.093964047084706,28.73230895612938
3.0935855477662475,28.7319509134538
3.0932071410437003,28.725566576836002
3.09282882688309,28.707791859444633
3.0924506052504577,28.69658634861171
3.0920724761118623,28.709424854925146
3.091694439433379,28.722263361238582
3.091316495181099,28.735101867552018
3.090938643321131,28.747940373865454
3.0905608838195997,28.725010260903844
3.090183216642646,28.692281728666867
3.0898056417564286,28.65955319642979
3.0894281591271207,28.62682466419271
3.0890507687209143,28.59409613195563
3.088673470504016,28.56136759971855
3.088296264442651,28.529693634241095
3.0879191505030588,28.524095194830124
3.0875421286514966,28.518496755419157
3.0871651988542377,28.516549767139004
3.086788361077573,28.515508340241308
3.0864116152878074,28.51446691334355
3.0860349614512645,28.513425486445794
3.0856583995342834,28.51052106836495
3.0852819295032194,28.486449069596695
3.0849055513244457,28.457702103155448
3.08452926496435,28.41774986605344
3.084153070389337,28.39429198652372
3.0837769675658286,28.41754187987376
3.0834009564602622,28.440791773223797
3.0830250370390915,28.464041666573834
3.082649209268787,28.487291559923875
3.082273473115836,28.511717632858918
3.081897828546741,28.53726298710243
3.081522275528022,28.562808341345935
3.081146814026214,28.588353695589447
3.08077144400787,28.61847036178351
3.0803961654395566,28.67379767699913
3.0800209782878603,28.72912499221475
3.0796458825193804,28.784452307430378
3.0792708781007354,28.839779622646
3.078895964998558,28.924516937450583
3.0785211431794983,28.99010917072693
3.078146412610222,29.03915792123044
3.077771773257411,29.06586538125314
3.0773972250877635,29.092572841275835
3.0770227680679945,29.11928030129853
3.0766484021648344,29.14598776132123
3.0762741273450307,29.17269522134393
3.075899943575346,29.199402681366625
3.07552585082256,29.204177634637013
3.0751518490534675,29.195155163856736
3.0747779382348814,29.186132693076452
3.0744041183336277,29.177110222296175
3.0740303893165515,29.18911836765841
3.073656751150512,29.26348737833472
3.0732832038023865,29.335568940386963
3.072909747239066,29.355542360908867
3.0725363814274593,29.370305536850214
3.072163106334491,29.385068712791465
3.071789921927101,29.399831888732813
3.071416828172246,29.422769624152444
3.0710438250368988,29.437147719243768
3.0706709124880476,29.451525814335092
3.070298090492697,29.465903909426416
3.0699253590178683,29.48028200451774
3.069552718030598,29.494660099609064
3.069180167497938,29.509038194700388
3.0688077073869584,29.523416289791676
3.0684353376647424,29.537794384883
3.068063058298391,29.552172479974324
3.067690869255021,29.566347090581615
3.0673187705017653,29.591109088430194
3.0669467620057715,29.646212876945032
3.066574843734205,29.70131666545987
3.0662030156542457,29.756420453974616
3.0658312777330896,29.811524242489455
3.065459629937949,29.86611798178176
3.065088072236052,29.860745659464584
3.0647166045946426,29.855373337147405
3.0643452269809806,29.85005021833328
3.063973939362342,29.844748383962404
3.063602741706018,29.83944654959153
3.0632316339793157,29.83414471522065
3.0628606161495595,29.82884288084977
3.0624896881840873,29.82354104647889
3.0621188500502545,29.828573888100816
3.0617481017154313,29.86072386434239
3.0613774431470047,29.8883900924136
3.061006874312377,29.91605632048481
3.060636395178966,29.94372254855602
3.060266005714207,29.974543924848163
3.059895705885547,30.005381182040693
3.0595254956604525,30.036218439233227
3.059155375006405,30.087628017656968
3.0587853438909014,30.140321734135682
3.058415402281454,30.19301545061439
3.0580455501455908,30.232278345305275
3.057675787450856,30.21911574188358
3.0573061141648097,30.205953138461883
3.056936530255027,30.18909362625866
3.0565670356890986,30.16902174582864
3.056197630434631,30.14894986539862
3.055828314459247,30.128877984968604
3.055459087730585,30.108806104538587
3.0550899502162983,30.08873422410857
3.054720901884056,30.067543604686755
3.0543519427015435,30.035711801196506
3.0539830726364605,30.017389622392315
3.053614291656524,29.99906744358812
3.0532455997294647,29.980745264783927
3.0528769968230307,29.97635554460649
3.052508482904985,29.955748284917824
3.052140057943105,29.935141025229157
3.051771721905186,29.91453376554049
3.051403474759036,29.893926505851823
3.051035316472482,29.8733192461632
3.050667247013363,29.85271198647453
3.0502992663495356,29.832104726785868
3.0499313744488714,29.811276296920717
3.0495635712792573,29.790015402603046
3.0491958568085966,29.768754508285376
3.0488282310048063,29.747493613967706
3.0484606938358216,29.729240205479694
3.0480932452695897,29.723136143054543
3.0477258852740756,29.730355897494583
3.0473586138172597,29.745320619950313
3.046991430867137,29.760285342406043
3.0466243363917185,29.775250064861773
3.0462573303590297,29.790214787317502
3.045890412737113,29.7994651341396
3.045523583494025,29.8082088625617
3.045156842597838,29.816952590983817
3.0447901900166396,29.831646878640285
3.0444236257185335,29.846846017857278
3.0440571496716373,29.86204515707427
3.0436907618440854,29.877244296291263
3.043324462204027,30.01827657097237
3.0429582507196264,30.013996111588185
3.0425921273590637,30.009715652204008
3.0422260920905333,30.005435192819828
3.041860144882246,30.003067771443817
3.041494285702427,30.013013723630568
3.0411285145193188,30.02295967581732
3.040762831301176,30.032905628004073
3.040397236016271,30.042851580190824
3.0400317286328904,30.04796226328761
3.0396663091193368,30.044579712167796
3.0393009774439266,30.041197161047993
3.0389357335749927,30.03781460992818
3.0385705774808827,30.034432058808367
3.0382055091299596,30.031049507688554
3.0378405284906016,30.027666956568744
3.037475635531202,30.014205008977747
3.0371108302201697,29.998986515575453
3.036746112525928,29.983768022173184
3.0363814824169157,29.96854952877089
3.036016939861587,29.953331035368592
3.0356524848284105,29.9381125419663
3.0352881172858712,29.922894048564004
3.0349238372024683,29.79912217220471
3.0345596445467167,29.767617112094047
3.0341955392871456,29.730397113911955
3.0338315213922997,29.688948987886018
3.03346759083074,29.647500861860117
3.0331037475710394,29.606052735834176
3.0327399915817894,29.56460460980824
3.032376322831595,29.5231564837823
3.032012741289076,29.48170835775636
3.0316492469228673,29.436664459228865
3.03128583970162,29.390359593846192
3.0309225195939993,29.34405472846357
3.030559286568684,29.297749863080895
3.030196140594371,29.251444997698226
3.02983308163977,29.339975576601415
3.029470109673606,29.34366425277232
3.02910722466462,29.329278030975107
3.028744426581567,29.307874963725826
3.0283817153932167,29.26045486795722
3.0280190910683547,29.189968649376887
3.0276565535757816,29.119482430796637
3.0272941028843117,29.092096766262753
3.0269317389627752,29.07486831826469
3.0265694617800167,29.028126307823474
3.0262072713048966,28.97863488897948
3.0258451675062896,28.92914347013549
3.025483150353085,28.8796520512915
3.025121219814188,28.830160632447512
3.024759375858517,28.78066921360352
3.024397618455007,28.73128235336827
3.0240359475726066,28.68747808364793
3.0236743631802803,28.64537503295786
3.0233128652470067,28.60327198226778
3.022951453741779,28.561168931577704
3.0225901286336065,28.663849927630338
3.022228889891512,28.623074940337084
3.021867737484534,28.582299953043822
3.0215066713817254,28.549532183111108
3.0211456915521526,28.518607634861944
3.0207847979649,28.487683086612787
3.020423990589063,28.456758538363623
3.020063269393755,28.425833990114466
3.0197026343481017,28.394909441865305
3.019342085421246,28.363984893616138
3.018981622582343,28.333060345366977
3.018621245800564,28.302135797117817
3.0182609550450943,28.271211248868656
3.0179007502851345,28.19003058969693
3.0175406314899,28.079588075614957
3.01718059862862,27.969145561532976
3.0168206516705403,27.858703047451
3.0164607905849183,27.74826053336902
3.0161010153410293,27.68606252277251
3.0157413259081607,27.62461307741911
3.015381722255616,27.58627380059436
3.0150222043527126,27.576713283562135
3.0146627721687835,27.567152766529915
3.0143034256731753,27.557592249497688
3.01394416483525,27.548031732465468
3.0135849896243836,27.538471215433233
3.013225900009967,27.528910698401013
3.012866895961405,27.51935018136879
3.0125079774481183,27.509789664336566
3.012149144439541,27.500229147304342
3.011790396905123,27.496117204564996
3.0114317348143267,27.48841091424392
3.0110731581366315,27.425505278852462
3.0107146668415297,27.362599643461003
3.0103562608985293,27.29969400806953
3.00999794027715,27.236788372678074
3.0096397049469306,27.17216592858255
3.00928155487742,27.100338682254232
3.0089234900381845,27.028511435925914
3.008565510398804,26.956684189597595
3.008207615928872,26.884856943269277
3.0078498065979984,26.825380379132177
3.007492082375805,26.769333154172262
3.00713444323193,26.71866722331485
3.0067768891360256,26.700368943260298
3.006419420057758,26.682070663205742
3.0060620359668087,26.660826816384684
3.0057047368328726,26.63511293036669
3.0053475226256596,26.6093990443487
3.0049903933148934,26.583685158330702
3.0046333488703136,26.5581609855335
3.004276389261672,26.533061418666232
3.0039195144587367,26.50796185179896
3.003562724431289,26.48286228493169
3.003206019149124,26.457762718064423
3.0028493985820535,26.4341943835925
3.002492862699902,26.424133361295866
3.0021364114725078,26.414416491678438
3.0017800448697245,26.40651322991016
3.0014237628614198,26.398609968141884
3.001067565417476,26.345436265836412
3.0007114525077885,26.286702611544428
3.0003554241022687,26.22796895725245
2.999999480170841,26.169235302960473
2.999643620683445,26.11050164866849
2.999287845610033,26.032797636165853
2.998932154920574,25.952689284100792
2.9985765485850484,25.76599477167819
2.9982210265734532,25.540931119768807
2.9978655888557983,25.388984511221203
2.9975102354021086,25.34645450130067
2.9971549661824226,25.303924491380137
2.9967997811667932,25.261394481459597
2.9964446803252884,25.2188644715391
2.996089663627988,25.176334461618563
2.995734731044988,25.133804451698026
2.995379882546399,25.091274441777493
2.995025118102344,25.04874443185696
2.9946704376829607,25.006214421936424
2.994315841258402,24.963684412015887
2.9939613287988336,24.921154402095354
2.9936069002744365,24.841936951465293
2.993252555655405,24.71667289048724
2.992898294911947,24.592844802268104
2.992544118014286,24.54012431375945
2.9921900249326585,24.487939118861526
2.991836015637315,24.457567730412954
2.991482090098522,24.427196341964382
2.9911282482865564,24.39682495351581
2.9907744901717135,24.36645356506727
2.9904208157242986,24.3360821766187
2.990067224914634,24.305710788170128
2.9897137177130544,24.275339399721556
2.9893602940899093,24.236035497131006
2.9890069540155615,24.177532569211728
2.9886536974603892,24.119029641292457
2.9883005243947833,24.060526713373182
2.987947434789149,24.002023785453908
2.9875944286139053,23.990837240678026
2.987241505839486,23.981981974663565
2.9868886664363377,23.973126708649104
2.986535910374922,23.96427144263465
2.9861832376257142,23.95541617662019
2.985830648159203,23.946560910605733
2.9854781419458916,23.937705644591276
2.985125718956297,23.928850378576847
2.98477337916095,24.042691870251545
2.984421122530395,24.03672780409775
2.984068949035191,24.02945197413202
2.983716858645911,24.022176144166288
2.9833648513331408,24.01490031420056
2.983012927067481,24.007624484234828
2.9826610858195455,24.015479496247977
2.982309327559963,24.039463463703186
2.9819576522593754,24.063447431158394
2.9816060598884375,24.093556679648977
2.98125455041782,24.127718234999946
2.9809031238182055,24.161879790350916
2.980551780060292,24.196041345701886
2.9802005191147902,24.21943668106093
2.9798493409524247,24.221357432173534
2.979498245543935,24.22254826183335
2.9791472328600728,24.219284340613136
2.9787963028716047,24.216020419392922
2.97844545554931,24.21275649817271
2.978094690863984,24.209492576952492
2.977744008786433,24.200972038718987
2.9773934092874783,24.166046053744672
2.9770428923379555,24.131120068770358
2.976692457908713,24.11567108976844
2.976342105970614,24.109820693587224
2.9759918364945332,24.103970297406
2.975641649451362,24.098119901224784
2.9752915448120034,24.09226950504356
2.9749415225473745,24.086419108862344
2.9745915826284066,24.080568712681128
2.9742417250260442,24.074718316499904
2.973891949711246,24.068867920318688
2.9735422566549836,24.063017524137468
2.9731926458282425,24.057167127956248
2.972843117202022,24.05131673177503
2.9724936707473355,24.410024901844416
2.9721443064352093,24.489177593097978
2.9717950242366835,24.49857983805373
2.971445824122812,24.499893693721788
2.971096706064662,24.501207549389846
2.9707476700333153,24.502521405057927
2.970398715999865,24.50383526072599
2.97004984393542,24.50514911639405
2.9697010538111024,24.50646297206211
2.9693523455980464,24.49467506837795
2.969003719267402,24.47380362901324
2.968655174790331,24.452932189648536
2.96830671213801,24.432060750283878
2.967958331281628,24.41118931091917
2.967610032192387,24.390317871554462
2.9672618148415046,24.369446432189754
2.9669136792002107,24.348574992825043
2.9665656252397485,24.35567424677189
2.9662176529313755,24.396415088236985
2.9658697622463617,24.44610566517739
2.965521953155991,24.50064938390691
2.9651742256315616,24.55519310263646
2.9648265796443836,24.63655486463199
2.9644790151657814,24.752592947127095
2.964131532167093,24.83344796881336
2.9637841306196697,24.842350985169617
2.9634368104948763,24.851254001525877
2.9630895717640904,24.85621332709354
2.962742414398704,24.855304483698994
2.962395338370121,24.854395640304404
2.962048343649761,24.85348679690982
2.9617014302090547,24.85257795351523
2.961354598019448,24.862932222917003
2.961007847052398,24.873489132690324
2.960661177279378,24.886644041148912
2.960314588671872,24.9043083828147
2.9599680812013798,24.921972724480494
2.9596216548394123,24.93963706614632
2.9592753095574946,24.957301407812114
2.9589290453271655,24.98567656016288
2.958582862119977,25.042271497891203
2.958236759907494,25.098866435619527
2.957890738661295,25.155461373347855
2.9575447983529717,25.212056311076182
2.95719893895413,25.26865124880446
2.9568531604363866,25.325246186532787
2.9565074627713743,25.371389532668786
2.9561618459307373,25.397599633117327
2.955816309886134,25.423809733565868
2.955470854609236,25.450019834014412
2.9551254800717275,25.47622993446295
2.9547801862453063,25.502440034911494
2.954434973101684,25.52865013536003
2.954089840612585,25.554860235808537
2.953744788749746,25.581070336257078
2.9533998174849176,25.607280436705622
2.9530549267898643,25.657993432970677
2.952710116636363,25.739395685649605
2.9523653869962043,25.82079793832854
2.952020737841191,25.902200191007466
2.9516761691431403,25.983602443686316
2.951331680873882,26.04344884507883
2.950987273005258,26.093083492797238
2.950642945509125,26.14271814051564
2.9502986983573525,26.277354650109285
2.949954531521822,26.46666442581276
2.94961044497443,26.54598273032366
2.949266438687084,26.59702987987682
2.9489225126317065,26.64350364232414
2.9485786667802323,26.666960731455262
2.9482349011046085,26.690417820586386
2.947891215576796,26.713874909717507
2.947547610168769,26.737331998848628
2.9472040848525145,26.76078908797975
2.946860639600033,26.78424617711087
2.946517274383337,26.80770326624199
2.946173989174454,26.83116035537311
2.9458307839454214,26.854617444504232
2.9454876586682923,26.906596385074522
2.945144613315132,26.964933219583074
2.9448016478580192,27.023270054091626
2.9444587622690443,27.081606888600177
2.9441159565203123,27.13994372310873
2.94377323058394,27.185066168518176
2.9434305844320585,27.216638101289476
2.9430880180368106,27.24209018000144
2.9427455313703517,27.238517155384372
2.942403124404852,27.234944130767303
2.942060797112493,27.231371106150235
2.94171854946547,27.227798081533162
2.941376381435991,27.21887796482101
2.9410342929962763,27.204882054392066
2.9406922841185614,27.190886143963144
2.9403503547750915,27.176890233534195
2.9400085049381266,27.16289432310525
2.9396667345799394,27.1488984126763
2.9393250436728158,27.13490250224735
2.9389834321890533,27.120906591818404
2.9386419001009636,27.106910681389454
2.9383004473808705,27.092914770960505
2.9379590740011112,27.070723223639618
2.9376177799340364,27.035494170327397
2.9372765651520067,27.000265117015143
2.936935429627399,26.96503606370289
2.9365943733326016,26.929807010390633
2.9362533962400152,26.905016500720173
2.9359124983220535,26.89364041575265
2.935571679551144,26.882264330785127
2.9352309398997263,26.8708882458176
2.934890279340252,26.859512160850073
2.934549697845187,26.84813607588255
2.9342091953870084,26.836759990915024
2.9338687719382075,26.825383905947497
2.933528427471288,26.814007820979974
2.9331881619587654,26.802289124743623
2.932847975373169,26.786808475220827
2.932507867687041,26.77132782569803
2.9321678388729358,26.75584717617523
2.9318278889034195,26.736026317484082
2.931488017751073,26.711939976496538
2.9311482253884886,26.687853635508993
2.9308085117882716,26.663767294521453
2.9304688769230403,26.639680953533908
2.930129320765425,26.620384786219354
2.9297898432880696,26.60354551612476
2.9294504444636296,26.58670624603016
2.9291111242647743,26.569866975935568
2.928771882664184,26.553027705840968
2.9284327196345545,26.536188435746368
2.928093635148591,26.51934916565177
2.9277546291790135,26.028755846064186
2.9274157016985543,26.001413954279993
2.9270768526799573,25.974756606650857
2.9267380820959805,25.95692794958805
2.9263993899193927,25.957046411516615
2.9260607761229767,25.957164873445183
2.9257222406795282,25.957283335373752
2.9253837835618537,25.95836206217474
2.9250454047427747,25.964812950870282
2.924707104195123,25.97126383956583
2.9243688818917444,25.97771472826137
2.9240307378054964,25.98416561695691
2.92369267190925,25.990616505652454
2.9233546841758877,25.979088598830213
2.923016774578305,25.964670521337226
2.9226789430894105,25.950252443844235
2.922341189682124,25.935834366351244
2.9220035143293797,25.921416288858257
2.921665917004122,25.89662591749388
2.9213283976793103,25.866843254370387
2.9209909563279144,25.837060591246903
2.920653592922917,25.80727792812342
2.9203163074373144,25.777495264999935
2.9199790998441144,25.74771260187645
2.9196419701163374,25.717929938752967
2.919304918227017,25.73162384866761
2.9189679441491982,25.702217866216145
2.9186310478559383,25.672811883764687
2.9182942293203085,25.643405901313233
2.9179574885153907,25.61399991886178
2.917620825414281,25.58459393641032
2.917284239990086,25.555187953958868
2.9169477322159265,25.525781971507413
2.9166113020649345,25.501095497304846
2.916274949510255,25.47793553912511
2.915938674525045,25.45477558094536
2.9156024770824738,25.431615622765626
2.9152663571557236,25.408455664585887
2.914930314717988,25.38529570640615
2.914594349742475,25.362135748226414
2.914258462202403,25.338900342240112
2.9139226520710024,25.3008597475421
2.9135869193215185,25.262819152844074
2.913251263927206,25.224778558146063
2.912915685861334,25.18673796344805
2.912580185097182,25.14869736875004
2.9122447616080445,25.11065677405203
2.9119094153672256,25.072616179354014
2.9115741463480433,25.07519321725274
2.9112389545238275,25.078879728977803
2.91090383986792,25.08256624070286
2.910568802353676,25.086252752427903
2.9102338419544607,25.089939264152964
2.909898958643654,25.093625775878024
2.909564152394647,25.09731228760308
2.9092294231808427,25.10099879932814
2.908894770975657,25.1046853110532
2.9085601957525182,25.106221904073013
2.908225697484866,25.104727846741078
2.9078912761461524,25.103233789409146
2.907556931709842,25.10173973207722
2.907222664149412,25.10024567474529
2.906888473438351,25.09513866191609
2.90655435955016,25.08588285353165
2.9062203224583527,25.076627045147216
2.905886362136454,25.067043083715262
2.905552478558002,25.05196046429313
2.9052186716965465,25.037142094609827
2.904884941525649,25.033719443749817
2.904551288018884,25.0302967928898
2.9042177111498377,25.02687414202979
2.9038842108921084,25.023451491169777
2.9035507872193063,25.020028840309763
2.9032174401050543,25.040394225854307
2.9028841695229874,25.065952548685285
2.9025509754467516,25.0915108715163
2.902217857850007,25.117069194347316
2.9018848167064233,25.14262751717833
2.901551851989684,25.170374673023353
2.901218963673485,25.42861105381049
2.9008861517315334,25.456438553292994
2.9005534161375475,25.4842660527755
2.90022075686526,25.512093552258005
2.8998881738884137,25.523770771113185
2.8995556671807634,25.529977807044595
2.8992232367160775,25.536184842976006
2.898890882468135,25.54239187890742
2.898558604410728,25.548598914838834
2.89822640251766,25.554805950770245
2.8978942767627456,25.56926399479879
2.897562227119814,25.58414826556922
2.897230253562703,25.592267039952908
2.896898356065265,25.600385814336597
2.8965665346013636,25.608504588720283
2.8962347891448745,25.616623363103972
2.8959031196696845,25.674206390778465
2.895571526149694,25.671797104311906
2.895240008558813,25.669387817845347
2.894908566870966,25.666978531378792
2.8945772010600885,25.66456924491224
2.8942459111001266,25.662159958445685
2.89391469696504,25.659750671979126
2.8935835586287997,25.657341385512566
2.8932524960653883,25.654932099046007
2.892921509248801,25.652561268183618
2.892590598153045,25.65024228962005
2.892259762752139,25.647923311056488
2.891929003020112,25.645604332492923
2.891598318931008,25.643285353929357
2.8912677104588806,25.63886453758561
2.890937177577796,25.628416363107007
2.8906067202618324,25.6179681886284
2.8902763384850796,25.60742696465113
2.8899460322216397,25.590676729096256
2.8896158014456255,25.573926493541382
2.889285646131163,25.557176257986523
2.888955566252389,25.540199896282633
2.8886255617834524,25.52209998900105
2.8882956326985143,25.50400008171946
2.8879657789717474,25.485900174437877
2.887636000577336,25.467800267156292
2.8873062974894763,25.44424740682382
2.886976669682377,25.417871108082416
2.8866471171302566,25.391494809340983
2.886317639807347,25.365588868940627
2.8859882376878923,25.343720508025935
2.8856589107461468,25.321852147111244
2.8853296589563775,25.299983786196556
2.885000482292863,25.26589899454714
2.8846713807298943,25.1948683355988
2.884342354241772,25.132769682472507
2.884013402802811,25.070711837734162
2.8836845263873365,25.008653992995722
2.883355724969685,24.95803957924749
2.883026998524206,24.928101144244692
2.8826983470252605,24.8981627092419
2.88236977044722,24.868224274239097
2.8820412687644685,24.838285839236303
2.8817128419514026,24.808347404233558
2.881384489982428,24.766928548704783
2.881056212831965,24.72225127410166
2.8807280104744435,24.67757399949853
2.880399882884306,24.632896724895403
2.880071830036006,24.58821945029228
2.87974385190401,24.543542175689154
2.8794159484627944,24.49843303119649
2.879088119686848,24.452960443944175
2.878760365550672,24.40748785669191
2.8784326860287774,24.36201526943959
2.8781050810956885,24.316542682187272
2.87777755072594,24.271070094934956
2.877450094894079,24.225597507682636
2.877122713574664,24.18012492043032
2.876795406742265,24.134652333178003
2.876468174371464,23.414614112942616
2.876141016436853,23.382673462800128
2.875813932913037,23.35073281265764
2.8754869237746323,23.318792162515155
2.875159988996267,23.073288396318652
2.8748331285525803,23.02578505333715
2.8745063424182233,22.978281710355642
2.8741796305678573,22.930778367374135
2.873852992976157,22.883275024392628
2.8735264296178085,22.835771681411153
2.8731999404675075,22.788268338429646
2.872873525499962,22.740764995448142
2.872547184689893,22.69326165246663
2.8722209180120317,22.645758309485128
2.8718947254411207,22.579923089820944
2.871568606951914,22.50659557906853
2.8712425625191784,22.415522114915156
2.8709165921176902,22.301342637499282
2.870590695722238,22.1871631600834
2.8702648733076224,22.072983682667527
2.869939124848655,21.958804205251653
2.8696134503201587,21.88336044260668
2.8692878496969683,21.810248946684766
2.8689623229539287,21.73693496511649
2.868636870065898,21.663620983548217
2.8683114910077454,21.590307001979973
2.8679861857543494,21.516993020411697
2.8676609542806024,21.395950832242498
2.8673357965614077,21.34029608110086
2.8670107125716786,21.258855668673448
2.8666857022863415,21.17481198600943
2.8663607656803327,21.090768303345413
2.8660359027286018,21.006724620681403
2.865711113406107,20.922680938017386
2.8653863976878196,20.838637255353365
2.865061755548723,20.807948448990658
2.86473718696381,20.782104502114038
2.864412691908086,20.75626055523742
2.8640882703565675,20.730416608360805
2.8637639222842823,20.704572661484185
2.863439647666269,20.678728714607566
2.8631154464775785,20.65288476773095
2.862791318693272,20.627040820854333
2.8624672642884224,20.601196873977713
2.862143283238114,20.576383834366545
2.861819375517442,20.553024654319398
2.861495541101514,20.52966547427225
2.861171779965447,20.509165299277882
2.860848092084371,20.497869389299275
2.8605244774334264,20.486573479320686
2.8602009359877645,20.475277569342097
2.8598774677225487,20.463981659363508
2.859554072612953,20.47339778604298
2.8592307506341634,20.528449278624763
2.8589075017613763,20.583500771206545
2.858584325969799,20.638552263788327
2.8582612232346523,20.69360375637011
2.857938193531165,20.748655248951877
2.857615236834579,20.79878423536974
2.857292353120147,20.835426084267237
2.8569695423631334,20.872067933164733
2.8566468045388125,20.90870978206223
2.856324139622471,20.94535163095972
2.8560015475894063,20.96728952028106
2.855679028414927,20.9763894725312
2.8553565820743527,20.985489424781342
2.8550342085430143,20.99458937703148
2.8547119077962537,21.003689329281624
2.854389679809424,21.011422298266478
2.8540675245578897,21.01815535040481
2.853745442017026,21.024888402543148
2.85342343216222,21.031621454681478
2.8531014949688682,21.03835450681981
2.852779630412381,21.045087558958148
2.852457838468176,21.05182061109648
2.8521361191116856,21.05855366323481
2.851814472318351,21.099563559945658
2.8514928980636265,21.162769405016533
2.851171396322975,21.2259752500874
2.8508499670718717,21.289181095158273
2.850528610285804,21.352386940229145
2.850207325940268,21.415592785300014
2.8498861140107725,21.45792283721758
2.8495649744728366,21.480370800799275
2.8492439073019913,21.502818764380972
2.8489229124737774,21.518482346692352
2.8486019899637482,21.530550017596745
2.848281139747466,21.53919461724866
2.8479603618005065,21.543973189988655
2.847639656098455,21.548751762728664
2.847319022616907,21.553530335468658
2.846998461331471,21.558308908208655
2.846677972217765,21.563434443089164
2.8463575552514184,21.593233423890254
2.846037210408072,21.62303240469134
2.8457169376633766,21.65283138549243
2.845396736992995,21.682630366293495
2.8450766083726005,21.712429347094584
2.844756551777877,21.748636075455387
2.8444365671845198,21.787732673367913
2.844116654568235,21.826829271280438
2.8437968139047394,21.850098801263446
2.8434770451697617,21.86998637896494
2.84315734833904,21.887355307971852
2.8428377233883246,21.903972082957733
2.8425181702933764,21.92058885794362
2.842198689029966,21.938786389858485
2.8418792795738765,21.959733648048193
2.841559941900901,21.9806809062379
2.8412406759868443,22.001628164427608
2.8409214818075212,22.022575422617315
2.8406023593387575,22.047574228239615
2.8402833085563906,22.074544192438132
2.839964329436267,22.096337598782064
2.839645421954246,22.112575674191945
2.8393265860861976,22.12881374960183
2.839007821808001,22.145051825011713
2.8386891290955476,22.161289900421593
2.8383705079247394,22.177527975831477
2.8380519582714894,22.1790777381124
2.83773348011172,22.17352909899345
2.8374150734213677,22.16798045987451
2.837096738176375,22.168673489147604
2.836778474352699,22.1709258223539
2.8364602819263065,22.1731781555602
2.836142160873175,22.1754304887665
2.8358241111692926,22.1776828219728
2.835506132790658,22.18253263996405
2.835188225713282,22.19302185174002
2.834870389913184,22.203511063515997
2.8345526253663955,22.214000275291976
2.834234932048959,22.224489487067956
2.833917309936927,22.234978698843932
2.8335997590063626,22.245467910619908
2.833282279233341,22.255957122395884
2.8329648705939467,22.266446334171864
2.832647533064275,22.27693554594784
2.8323302666204335,22.287424757723812
2.8320130712385376,22.29791396949979
2.8316959468947163,22.308403181275764
2.831378893565107,22.31889239305174
2.83106191122586,22.329381604827717
2.830744999853135,22.546923028282954
2.8304281594231018,22.572842415296027
2.8301113899119423,22.600030860942148
2.829794691295848,22.627219306588295
2.8294780635510213,22.654407752234437
2.8291615066536755,22.681596197880584
2.828845020580034,22.708784643526727
2.828528605306332,22.735973089172873
2.8282122608088143,22.76316153481902
2.827895987063736,22.790349980465166
2.8275797840473644,22.817538426111312
2.827263651735976,22.84045221449407
2.826947590105858,22.857475483907876
2.8266315991333086,22.874498753321685
2.8263156787946366,22.891522022735494
2.825999829066162,22.908545292149302
2.8256840499242135,22.92556856156311
2.8253683413451323,22.692405461346354
2.82505270330527,22.682756881898676
2.824737135780987,22.673108302451013
2.8244216387486563,22.663657682127678
2.8241062121846605,22.66073541194401
2.8237908560653926,22.657813141760343
2.8234755703672567,22.654890871576676
2.8231603550666673,22.651968601393005
2.822845210140049,22.649046331209338
2.822530135563837,22.64676957745135
2.8222151313144783,22.642563160900604
2.821900197368428,22.632082902963766
2.821585333702154,22.621602645026933
2.8212705402921334,22.6111223870901
2.820955817114854,22.600642129153265
2.820641164146815,22.59016187121643
2.820326581364524,22.579681613279597
2.8200120687445023,22.569201355342756
2.8196976262632782,22.558721097405922
2.8193832538973926,22.548240839469088
2.819068951623396,22.537760581532254
2.818754719417851,22.517854340630794
2.8184405572573272,22.504673591977088
2.818126465118408,21.928607889487154
2.8178124429776865,21.912985080768422
2.8174984908117646,21.89736227204969
2.8171846085972567,21.88173946333098
2.816870796310786,21.86611665461225
2.816557053928987,21.864834323013415
2.816243381428505,21.866645052927367
2.8159297787859936,21.86845578284132
2.81561624597812,21.870266512755272
2.815302782981559,21.872077242669224
2.8149893897729976,21.873887972583198
2.814676066329132,21.874879598082444
2.814362812626669,21.875307828390785
2.814049628642327,21.875736058699125
2.8137365143528323,21.876164289007463
2.8134234697349245,21.876592519315803
2.813110494765351,21.878417058723088
2.8127975894208714,21.881384805613557
2.812484753678254,21.884352552504026
2.81217198751428,21.88732029939451
2.811859290905737,21.89987727758565
2.811546663829426,21.93603196814947
2.811234106262158,21.97218665871329
2.8109216181807533,22.00834134927711
2.810609199562043,22.044496039840933
2.8102968503828683,22.080650730404756
2.809984570620082,22.114434228908173
2.8096723602505445,22.135102622972525
2.8093602192511287,22.155771017036876
2.809048147598717,22.176439411101224
2.808736145270202,22.197107805165572
2.808424212242488,22.217776199229924
2.808112348492487,22.238444593294275
2.8078005539971223,22.259112987358623
2.807488828733329,22.27978138142297
2.8071771726780503,22.3128477568154
2.8068655858082407,22.37176331863929
2.8065540681008647,22.430678880463176
2.8062426195328967,22.489594442287068
2.805931240081322,22.548510004110955
2.8056199297231363,22.607425565934847
2.805308688435344,22.634331610994593
2.8049975161949616,22.63903849645715
2.8046864129790143,22.643745381919707
2.804375378764538,22.64845226738226
2.804064413528579,22.653159152844815
2.803753517248194,22.65998695209371
2.8034426899004488,22.68978416047089
2.803131931462421,22.71958136884807
2.8028212419111966,22.749378577225247
2.802510621223873,22.779175785602426
2.802200069377558,22.80897299397957
2.801889586349368,22.83877020235675
2.80157917211643,22.850835562681574
2.8012688266558827,22.86665289214553
2.8009585499448733,22.891140916362204
2.8006483419605597,22.915628940578877
2.8003382026801096,22.94011696479555
2.800028132080702,22.964604989012166
2.799718130139524,22.989093013228842
2.7994081968337743,23.00965312481231
2.799098332140661,23.025603743093473
2.798788536037403,23.033488001853076
2.798478808501228,23.034915669727326
2.7981691495093757,23.036343337601572
2.7978595590390944,23.03777100547582
2.797550037067643,23.039198673350064
2.79724058357229,23.04062634122428
2.7969311985303142,23.041861669592382
2.7966218819190045,23.02900360219232
2.7963126337156603,23.016427080175326
2.7960034538975904,23.003850558158337
2.795694342442114,22.99127403614135
2.79538529932656,22.978697514124356
2.7950763245282677,22.967832769796303
2.794767418024586,22.970798832384148
2.7944585797928734,22.973764894972
2.7941498098105004,22.97578049871116
2.793841108054845,22.977501534557224
2.793532474503297,22.979222570403287
2.7932239091332556,22.980943606249348
2.792915411922129,22.982664642095408
2.7926069828473374,22.984385677941468
2.79229862188631,22.98610671378752
2.7919903290164845,22.98434001113432
2.791682104215311,22.97906586571723
2.7913739474602473,22.97379172030015
2.7910658587287633,22.96851757488306
2.790757837998338,22.9708612758856
2.7904498852464594,22.979830731347096
2.7901420004506274,22.99344941876175
2.7898341835883493,23.012713324025334
2.789526434637144,23.03197722928892
2.7892187535745405,23.051241134552505
2.7889111403780773,23.07050503981609
2.788603595025302,23.089768945079676
2.7882961174937733,23.10903285034326
2.787988707761059,23.128296755606847
2.7876813658047377,23.147560660870433
2.787374091602397,23.166072663987077
2.787066885131634,23.184469168990706
2.7867597463700573,23.20286567399433
2.7864526752952843,23.22126217899796
2.7861456718849418,23.2466835941526
2.785838736116667,23.281734785498482
2.7855318679681083,23.316785976844365
2.7852250674169214,23.167666606068018
2.784918334440773,23.156850908962106
2.7846116690173406,23.146035211856194
2.78430507112431,23.135219514750283
2.7839985407393777,23.124403817644367
2.7836920778402496,23.113588120538456
2.7833856824046417,23.102772423432544
2.78307935441028,23.091956726326632
2.7827730938349,23.081141029220717
2.782466900656247,23.070325332114805
2.7821607748520756,23.059509635008894
2.7818547164001513,23.048693937902982
2.7815487252782485,23.03787824079707
2.7812428014641517,23.027062543691155
2.780936944935655,23.01694225994111
2.780631155670563,23.01304013256668
2.7803254336466896,23.00913800519224
2.780019778841857,23.009613522179485
2.7797141912338996,23.025080985822697
2.77940867080066,23.04054844946591
2.7791032175199915,23.052993591223974
2.7787978313697557,23.06484188534888
2.7784925123278255,23.076690179473786
2.778187260372083,23.088538473598692
2.777882075480419,23.1003867677236
2.7775769576307363,23.1122350618485
2.777271906800945,23.131414131001897
2.776966922968965,23.152965427246933
2.7766620061127285,23.174516723491966
2.7763571562101754,23.196068019736998
2.7760523732392546,23.21761931598203
2.7757476571779263,23.24586514543119
2.7754430080041605,23.280431840445722
2.7751384256959346,23.314998535460283
2.7748339102312376,23.365047606109307
2.7745294615880685,23.43206300804131
2.774225079744434,23.498037189650304
2.773920764678353,23.560518055097916
2.7736165163678517,23.62299892054553
2.773312334790967,23.6675142878359
2.773008219925746,23.68778003160573
2.7727041717502443,23.70804577537554
2.7724001902425273,23.728311519145365
2.7720962753806706,23.748577262915195
2.771792427142759,23.768843006685024
2.7714886455068877,23.784122305358142
2.77118493045116,23.797095490168424
2.77088128195369,23.83030600282309
2.770577699992601,23.87481438809288
2.770274184546026,23.919322773362733
2.7699707355921075,23.963831158632587
2.7696673531089973,24.008339543902444
2.769364037074857,24.052213908846632
2.7690607874678586,24.07106726261902
2.768757604266182,24.08992061639141
2.7684544874480177,24.108773970163803
2.7681514369915656,24.127627323936196
2.767848452875036,24.146480677708553
2.7675455350766462,24.165334031480942
2.7672426835746258,24.18418738525333
2.766939898347213,24.203040739025724
2.7666371793726543,24.221894092798117
2.7663345266292074,24.22419037223544
2.7660319400951394,24.22822465037586
2.765729419748726,24.232258928516284
2.7654269655682517,24.236293206656704
2.765124577532013,24.240327484797128
2.764822255618314,24.24820715009748
2.7645199998054686,24.257672276346053
2.7642178100718007,24.267137402594628
2.763915686395643,24.2766025288432
2.763613628755338,24.285603083431404
2.7633116371292377,24.29242233806609
2.763009711495704,24.294396476367755
2.762707851833107,24.296370614669417
2.7624060581198275,24.298344752971076
2.762104330334255,24.300318891272738
2.7618026684547887,24.302293029574397
2.7615010724598377,24.304267167876056
2.7611995423278195,24.29615608734848
2.7608980780371626,24.286408093265738
2.760596679566303,24.27666009918299
2.7602953468936864,24.266912105100246
2.75999407999777,24.257164111017502
2.7596928788570185,24.24661620899103
2.759391743449906,24.23548453133753
2.759090673754917,24.230738642255645
2.758789669750544,24.225992753173756
2.758488731415291,24.221246864091867
2.7581878587276694,24.216500975009975
2.7578870516662004,24.21175508592809
2.757586310209415,24.2070091968462
2.7572856343358536,24.202263307764316
2.7569850240240656,24.19751741868243
2.7566844792526104,24.19277152960054
2.7563840000000557,24.18678403871814
2.7560835862449795,24.179016103779233
2.755783237965968,24.171540723280167
2.7554829551416185,24.164065342781097
2.7551827377505353,24.156589962282027
2.754882585771335,24.14911458178296
2.7545824991826406,24.14944534126169
2.754282477963086,24.15882655696569
2.7539825220913143,24.16820777266969
2.7536826315459773,24.177588988373696
2.753382806305737,24.186970204077696
2.7530830463492637,24.1963514197817
2.752783351655238,24.205732635485703
2.752483722202348,24.215113851189706
2.7521841579692934,24.224495066893706
2.7518846589347814,24.23387628259771
2.75158522507753,24.243257498301713
2.7512858563762657,24.252638714005712
2.750986552809723,24.262019929709716
2.7506873143566475,24.27460628012247
2.750388140995793,24.288069167693692
2.7500890327059233,24.301532055264914
2.7497899894658113,24.314994942836133
2.7494910112542383,24.34941728476231
2.7491920980499955,24.4294716023378
2.748893249831884,24.531235747423466
2.7485944665787123,24.632999892509076
2.7482957482692996,24.734764037594744
2.7479970948824737,24.83592601658936
2.747698506397072,24.90136792331269
2.747399982791941,24.96640916598603
2.7471015240459353,25.02983589366309
2.7468031301379208,25.09326262134015
2.7465048010467714,25.156689349017157
2.7462065367513695,25.220116076694218
2.7459083372306075,25.283542804371276
2.7456102024633866,25.346969532048337
2.745312132428618,25.4103962597254
2.7450141271052217,25.473822987402457
2.7447161864721257,25.5485688015295
2.7444183105082685,25.645240590372154
2.7441204991925976,25.741912379214813
2.743822752504069,25.838584168057405
2.743525070421648,25.93525595690006
2.7432274529243097,26.03192774574272
2.742929899991037,26.12791813319466
2.7426324116008236,26.20223068696535
2.7423349877326713,26.276671983580833
2.7420376283655905,26.351113280196323
2.7417403334786026,26.42473594725307
2.7414431030507354,26.497981850071316
2.741145937061028,26.571227752889563
2.7408488354885274,26.644473655707813
2.740551798312291,26.717719558526063
2.7402548255113834,26.790965461344314
2.7399579170648805,26.822697078472054
2.7396610729518645,26.85146601934294
2.7393642931514295,26.876450987265677
2.7390675776426767,26.895756636292298
2.738770926404717,26.915062285318932
2.738474339416671,26.93436793434556
2.7381778166576667,26.95367358337219
2.7378813581068426,26.97297923239882
2.737584963743346,26.992284881425448
2.737288633546333,26.917036947980627
2.736992367494969,26.903053460953146
2.736696165568427,26.889069973925668
2.736400027745891,26.871619339633213
2.7361039540065533,26.853120705005658
2.7358079443296144,26.834622070378096
2.7355119986942853,26.81612343575054
2.735216117079785,26.797624801122986
2.7349202994653408,26.77912616649543
2.734624545830191,26.760627531867872
2.7343288561535815,26.75050715640848
2.7340332304147665,26.743223228434896
2.733737668593011,26.73593930046131
2.7334421706675873,26.72865537248773
2.7331467366177784,26.721371444514144
2.7328513664228744,26.71408751654056
2.7325560600621754,26.706803588566977
2.732260817514991,26.699519660593396
2.7319656387606375,26.692235732619814
2.731670523778443,26.684951804646225
2.7313754725477426,26.677667876672643
2.7310804850478805,26.670383948699058
2.730785561258211,26.663100020725473
2.730490701158096,26.65581609275189
2.7301959047269073,26.64853216477831
2.7299011719440247,26.64124823680472
2.7296065027888377,26.586573953835238
2.729311897240744,26.582984611246914
2.729017355279151,26.579395268658594
2.7287228768834737,26.575805926070274
2.728428462033137,26.572216583481946
2.728134110707576,26.568627240893626
2.727839822886231,26.565037898305306
2.7275455985485553,26.56144855571698
2.7272514376740076,26.55785921312866
2.7269573402420577,26.54060403237704
2.726663306232183,26.520243161219575
2.726369335623871,26.499882290062118
2.7260754283966167,26.479521418904653
2.7257815845299245,26.459160547747196
2.725487804003308,26.438799676589735
2.72519408679629,26.418438805432274
2.7249004328884006,26.39807793427483
2.724606842259179,26.377717063117373
2.724313314888175,26.35735619195991
2.7240198507549453,26.33988542794841
2.7237264498390563,26.322611505990665
2.723433112120083,26.30533758403292
2.7231398375776092,25.886863040997994
2.722846626191228,25.802188116859668
2.7225534779405396,25.71751319272132
2.722260392805155,25.65352250467343
2.721967370764693,25.63336262385002
2.7216744117987814,25.613202743026605
2.7213815158870567,25.5930428622032
2.721088683009164,25.572882981379784
2.720795913144757,25.555614175620832
2.7205032062734995,25.538384113883396
2.7202105623750623,25.521154052145967
2.7199179814291257,25.50392399040853
2.7196254634153787,25.488450214677155
2.719333008313519,25.487917789514768
2.7190406161032534,25.487385364352377
2.718748286764297,25.486852939189987
2.7184560202763737,25.486320514027597
2.718163816619216,25.4857880888652
2.717871675772565,25.48525566370281
2.717579597716172,25.48535658661276
2.717287582429794,25.491710229153774
2.7169956298931996,25.498063871694796
2.716703740086165,25.50441751423581
2.7164119129884745,25.510771156776833
2.7161201485799222,25.517124799317852
2.7158284468403098,25.529260504524284
2.715536807749449,25.570482571107647
2.7152452312871587,25.611704637691066
2.7149537174332665,25.42942042848872
2.7146622661676107,25.423035519869693
2.714370877470036,25.416650611250667
2.714079551320397,25.41026570263164
2.713788287698556,25.403880794012615
2.7134970865843857,25.334393185166
2.713205947957765,25.261482366122728
2.7129148717985827,25.188571547079455
2.712623858086737,25.115660728036186
2.7123329068021333,25.04741273140193
2.7120420179246865,25.022499797306885
2.7117511914343195,24.997586863211843
2.7114604273109646,24.9726739291168
2.7111697255345626,24.947760995021756
2.710879086085062,24.92284806092672
2.7105885089424206,24.897935126831676
2.7102979940866043,24.873022192736634
2.7100075414975886,24.84892174957142
2.7097171511553566,24.82721640591169
2.7094268230399003,24.805511062251966
2.7091365571312207,24.764433102056337
2.7088463534093266,24.712490502107443
2.7085562118542357,24.660547902158548
2.7082661324459743,24.608605302209657
2.707976115164577,24.556662702260766
2.7076861599900877,24.50472010231187
2.7073962669025584,24.452777502362977
2.7071064358820487,24.408085153801984
2.7068166669086287,24.381831437435636
2.706526959962375,24.35557772106929
2.706237315023375,24.329324004702947
2.705947732071722,24.303070288336603
2.7056582110875196,24.276816571970258
2.7053687520508793,24.25056285560391
2.705079354941921,24.224309139237562
2.7047900197407744,24.19805542287122
2.7045007464275757,24.171801706504873
2.704211534982471,24.14554799013853
2.703922385385614,24.11101931001454
2.7036332976171678,24.073660626375723
2.703344271657303,24.03611519515586
2.703055307486199,23.998569763935997
2.7027664050840454,23.961024332716136
2.702477564431037,23.923478901496274
2.7021887855073796,23.88593347027641
2.7019000682932863,23.848388039056545
2.70161141276898,23.8108426078367
2.7013228189146896,23.77329717661684
2.7010342867106547,23.734478630835177
2.7007458161371223,23.691567194203586
2.7004574071743486,23.648655757571998
2.700169059802597,23.60574432094041
2.6998807740021404,23.563029591118266
2.6995925497532607,23.526232738378372
2.6993043870362454,23.489435885638457
2.6990162858313935,23.45377964059761
2.698728246119011,23.43015111891806
2.6984402678794126,23.406522597238517
2.6981523510929213,23.382894075558973
2.6978644957398683,23.359265553879425
2.6975767018005934,23.335637032199877
2.697288969255445,23.31200851052033
2.6970012980847806,23.284531842613305
2.6967136882689635,23.25387884538946
2.6964261397883678,23.223225848165608
2.6961386526233753,23.192572850941758
2.695851226754376,23.16191985371791
2.695563862161768,23.13126685649406
2.6952765588259586,23.095601159982163
2.694989316727363,23.053570100146196
2.6947021358464043,23.011539040310204
2.6944150161635148,22.969507980474212
2.6941279576591337,22.932492834338213
2.6938409603137106,22.905766403239546
2.693554024107702,22.879039972140877
2.6932671490215725,22.852313541042207
2.6929803350357964,22.82558710994354
2.692693582130855,22.798860678844875
2.692406890287239,22.7607355612084
2.6921202594854465,22.715435358330055
2.691833689705984,22.67013515545171
2.691547180929366,22.624834952573373
2.6912607331361174,22.57953474969503
2.6909743463067683,22.534234546816684
2.6906880204218595,22.48700210912225
2.6904017554619393,22.455229377907266
2.6901155514075636,22.438000938011804
2.689829408239297,22.420772498116346
2.689543325937713,22.40354405822088
2.6892573044833927,22.38631561832542
2.6889713438569256,22.36908717842996
2.688685444038909,22.3518587385345
2.68839960500995,22.334630298639038
2.688113826750662,22.317401858743576
2.6878281092416683,22.292463596815193
2.6875424524635987,22.25739581804094
2.6872568563970924,22.22232803926669
2.686971321022797,22.187260260492437
2.6866858463213683,22.15219248171819
2.686400432273469,22.117124702943933
2.686115078859771,22.082056924169684
2.685829786060956,22.04698914539547
2.6855445538577105,22.00226915573143
2.685259382230732,21.94894998349009
2.684974271160724,21.895630811248743
2.6846892206284005,21.842311639007402
2.6844042306144824,21.78899246676606
2.6841193010996993,21.737334514191655
2.6838344320647876,21.694785531207398
2.6835496234904936,21.65223654822314
2.6832648753575716,21.60968756523892
2.6829801876467827,21.567138582254664
2.682695560338897,21.531615221405985
2.6824109934146936,21.49731315783438
2.682126486854958,21.463011094262775
2.6818420406404853,21.428709030691174
2.681557654752078,21.394406967119572
2.681273329170548,21.360104903548
2.680989063876713,21.325802839976397
2.6807048588514,21.291500776404796
2.6804207140754457,21.257198712833194
2.6801366295296924,21.22166503025133
2.6798526051949922,21.184981596403496
2.679568641052204,21.14829816255567
2.6792847370821966,21.10709607043091
2.6790008932658447,21.062092036230304
2.6787171095840336,21.017088002029734
2.678433386017654,20.97208396782913
2.678149722547607,20.92707993362852
2.6778661191548,20.882075899427914
2.6775825758201504,20.83847557220888
2.677299092524582,20.803686989736853
2.6770156692490272,20.768898407264828
2.676732305974427,20.734109824792824
2.67644900268173,20.693384391178274
2.6761657593518917,20.646203883278424
2.6758825759658786,20.59902337537858
2.6755994525046622,20.551842867478733
2.6753163889492244,20.504662359578887
2.6750333852805532,20.45748185167904
2.6747504414796466,20.41488544847803
2.6744675575275085,20.397415080454955
2.674184733405153,20.37230881842052
2.6739019690936,20.346632525538155
2.673619264573879,20.32095623265579
2.673336619827028,20.295279939773422
2.6730540348340908,20.269603646891056
2.6727715095761213,20.24392735400869
2.6724890440341804,20.218251061126324
2.672206638189338,20.192574768243993
2.6719242920226702,20.168274567326314
2.6716420055152623,20.147896658623978
2.671359778648208,20.12751874992164
2.6710776114026085,20.107140841219305
2.670795503759572,20.081806268674697
2.6705134557002164,20.05411692827408
2.670231467205667,20.026427587873464
2.6699495382570557,19.99873824747285
2.6696676688355248,19.971048907072266
2.6693858589222224,19.943359566671653
2.669104108498306,19.949584734350765
2.66882241754494,19.982290351532633
2.6685407860432977,20.0149959687145
2.6682592139745593,20.03389469248578
2.667977701319914,20.02954088814452
2.667696248060559,20.025187083803303
2.667414854177698,20.02083327946204
2.6671335196525434,20.01647947512078
2.666852244466316,20.011298733734115
2.6665710286002446,20.005344542949537
2.666289872035565,19.999390352164966
2.6660087747535215,20.00678265197788
2.665727736735366,20.020174157124764
2.6654467579623593,20.033565662271645
2.665165838415769,20.04695716741857
2.66488497807687,20.060348672565453
2.664604176926947,20.073740177712335
2.664323434947291,20.06824081066492
2.6640427521192023,19.99483701781716
2.6637621284239876,19.921433224969398
2.663481563842962,19.860605785011533
2.6632010583574495,19.866380419583116
2.6629206119487803,19.87215505415467
2.662640224598293,19.877929688726226
2.662359896287335,19.883704323297785
2.66207962699726,19.889478957869336
2.6617994167094317,19.895253592440895
2.6615192654052193,19.90102822701245
2.661239173066001,19.906802861584005
2.6609591396731633,19.91257749615556
2.6606791652080997,19.91847444510909
2.6603992496522113,19.919754440341126
2.660119392986908,19.921034435573162
2.6598395951936067,19.922314430805198
2.6595598562537326,19.923594426037234
2.6592801761487186,19.924874421269266
2.6590005548600057,19.926154416501305
2.6587209923690422,19.927434411733362
2.6584414886572842,19.928714406965398
2.6581620437061955,19.920807353764374
2.6578826574972485,19.90979926923805
2.657603330011923,19.89938359964195
2.657324061231706,19.889901232966302
2.6570448511380924,19.88041886629065
2.656765699712586,19.870936499615
2.6564866069366975,19.86145413293935
2.656207572791945,19.85197176626372
2.655928597259855,19.842489399588068
2.655649680321962,19.833007032912416
2.655370821959807,19.823524666236764
2.6550920221549394,19.814042299561116
2.6548132808889178,19.80455993288546
2.6545345981433064,19.795077566209812
2.6542559738996787,19.785595199534185
2.653977408139614,19.86746530511408
2.6536989008447014,19.896468378890756
2.653420451996537,19.92547145266743
2.6531420615767245,19.95447452644411
2.652863729566875,19.983477600220784
2.6525854559486075,20.003142690418315
2.6523072407035495,20.011570037108037
2.6520290838133356,20.01999738379775
2.6517509852596075,20.028424730487465
2.6514729450240155,20.036852077177187
2.6511949630882174,20.0452794238669
2.650917039433878,20.053706770556623
2.6506391740426714,20.062134117246337
2.650361366896277,20.07056146393606
2.6500836179763847,20.078988810625773
2.6498059272646897,20.087416157315488
2.6495282947428955,20.095843504005206
2.6492507203927143,20.100459393978145
2.6489732041958645,20.106407675870734
2.648695746134073,20.113258067890925
2.648418346189075,20.120108459911116
2.648141004342612,20.126958851931306
2.6478637205764333,20.133809243951497
2.647586494872297,20.140659635971687
2.6473093272119677,20.1568190121922
2.647032217577218,20.17334212885772
2.646755165949828,20.189865245523233
2.6464781723115856,20.206388362188747
2.646201236644287,20.222911478854265
2.6459243589297343,20.23943459551978
2.645647539149739,20.258693250892748
2.6453707772861197,20.287097020390608
2.6450940733207013,20.315500789888507
2.6448174272353184,20.343904559386406
2.6445408390118113,20.372308328884305
2.6442643086320294,20.400712098382204
2.643987836077829,20.4291158678801
2.6437114213310733,20.457519637378
2.6434350643736346,20.485923406875898
2.6431587651873922,20.514327176373797
2.642882523754232,20.702033494046077
2.642606340056049,20.742993731799757
2.642330214074744,20.800436094169218
2.6420541457922275,20.85925396679329
2.6417781351904157,20.918071839417358
2.6415021822512332,20.976889712041427
2.6412262869566123,21.025533802969147
2.6409504492884928,21.0574328516592
2.640674669228821,21.07392714073332
2.6403989467595523,21.090421429807442
2.6401232818626488,21.10691571888156
2.63984767452008,21.123410007955677
2.639572124713823,21.139904297029798
2.639296632425863,21.15639858610392
2.6390211976381925,21.172892875178036
2.6387458203328107,21.189387164252153
2.6384705004917257,21.205881453326242
2.638195238096952,21.22027117980186
2.6379200331305115,21.23310674797566
2.6376448855744346,21.245942316149467
2.637369795410758,21.258777884323273
2.637094762621528,21.27161345249708
2.6368197871887955,21.284449020670884
2.636544869094621,21.29728458884466
2.6362700083210715,21.2885830755884
2.635995204850222,21.27607990860964
2.6357204586641543,21.264295970021024
2.6354457697449587,21.25306195736725
2.6351711380747322,21.241827944713478
2.6348965636355794,21.230593932059712
2.6346220464096124,21.21935991940594
2.6343475863789507,21.229577659780084
2.634073183525722,21.248755881568165
2.6337988378320594,21.26793410335627
2.633524549280106,21.28711232514438
2.6332503178520104,21.303370709814388
2.6329761435299295,21.314790993955558
2.632702026296028,21.32621127809673
2.632427966132477,21.337631562237902
2.632153963021456,21.349051846379055
2.6318800169451513,21.360472130520222
2.6316061278857563,21.371892414661396
2.631332295825473,21.38331269880257
2.63105852074651,21.39785584329404
2.6307848026310823,21.413554151972352
2.630511141461415,21.429252460650666
2.630237537219738,21.444950769328983
2.6299639898882905,21.460649078007297
2.6296904994493175,21.47634738668559
2.6294170658850717,21.492045695363906
2.6291436891778144,21.507744004042223
2.628870369309813,21.518372448132876
2.6285971062633426,21.528755368992478
2.628323900020686,21.539138289852076
2.628050750564133,21.54952121071168
2.6277776578759813,21.55990413157127
2.627504621938535,21.57028705243087
2.627231642734106,21.58066997329047
2.626958720245014,21.591052894150074
2.626685854453586,21.601435815009673
2.6264130453421553,21.61181873586927
2.626140292893064,21.622201656728876
2.6258675970886602,21.632584577588474
2.6255949579113005,21.64296749844808
2.6253223753433486,21.75577372189001
2.6250498493671737,21.756317982276315
2.6247773799651553,21.756832476010523
2.6245049671196776,21.757346969744727
2.624232610813134,21.757861463478932
2.6239603110279246,21.75837595721314
2.623688067746456,21.758890450947344
2.6234158809511436,21.75940494468155
2.623143750624408,21.759919438415757
2.6228716767486797,21.76043393214996
2.622599659306394,21.760948425884166
2.6223276982799955,21.761462919618374
2.622055793651935,21.76197741335258
2.62178394540467,21.762491907086783
2.621512153520667,21.76300640082099
2.6212404179823983,21.763520894555196
2.620968738772345,21.7640353882894
2.620697115872993,21.76454988202361
2.6204255492668374,21.764863937306316
2.6201540389363807,21.76499793595331
2.619882584864131,21.765131934600305
2.6196111870326058,21.765265933247296
2.6193398454243275,21.989345575998982
2.6190685600218284,22.008083844032203
2.618797330807645,22.026822112065425
2.6185261577643235,22.045560380098642
2.6182550408744167,22.06429864813186
2.6179839801204836,22.083036916165078
2.617712975485092,22.084960682096742
2.6174420269508154,22.08800645557735
2.6171711345002353,22.091052229057954
2.616900298115941,22.09409800253856
2.616629517780528,22.09714377601919
2.616358793476599,22.100189549499795
2.6160881251867645,22.11282258923323
2.615817512893642,22.132159824138576
2.615546956579856,22.15149705904392
2.6152764562280386,22.170834293949262
2.6150060118208285,22.190171528854606
2.6147356233408723,22.209508763759963
2.6144652907708226,22.228845998665307
2.6141950140933403,22.24818323357065
2.6139247932910936,22.267520468475993
2.6136546283467568,22.240723998636575
2.6133845192430116,22.19805066046044
2.6131144659625485,22.16083073182851
2.6128444684880625,21.33843740810463
2.6125745268022578,21.37284957335874
2.612304640887845,21.40726173861286
2.6120348107275415,21.441673903866963
2.6117650363040723,21.476086069121074
2.61149531760017,21.510498234375177
2.6112256545985733,21.54491039962928
2.6109560472820283,21.566647228144042
2.610686495633289,21.575785698403088
2.6104169996351163,21.584924168662155
2.6101475592702768,21.59406263892121
2.609878174521546,21.603201109180254
2.6096088453717052,21.612339579439308
2.6093395718035444,21.60596271075316
2.6090703537998587,21.591644911125265
2.6088011913434523,21.577327111497368
2.608532084417135,21.563009311869468
2.6082630330037238,21.548691512241568
2.607994037086044,21.53437371261369
2.6077250966469268,21.525960950510765
2.6074562116692106,21.51982057099491
2.6071873821357414,21.513680191479054
2.6069186080293725,21.5075398119632
2.606649889332963,21.501399432447343
2.60638122602938,21.495259052931488
2.606112618101498,21.489118673415632
2.6058440655321973,21.497171389692785
2.605575568304366,21.50843673466592
2.6053071264009007,21.51970207963906
2.6050387398047024,21.5309674246122
2.60477040849868,21.54223276958534
2.604502132465751,21.553498114558476
2.604233911688838,21.55872058404648
2.6039657461508714,21.55896313247655
2.6036976358347896,21.55920568090663
2.6034295807235353,21.5594482293367
2.6031615808000614,21.559690777766768
2.6028936360473254,21.55993332619684
2.6026257464482936,21.560175874626914
2.602357911985938,21.560418423056987
2.602090132643238,21.560660971487057
2.601822408403181,21.560903519917133
2.6015547392487597,21.561146068347206
2.601287125162975,21.56138861677728
2.6010195661288336,21.557590089800264
2.600752062129351,21.55299109076165
2.600484613147548,21.548392091723038
2.600217219166454,21.543793092684425
2.599949880169104,21.53919409364581
2.5996825961385395,21.534595094607198
2.5994153670578117,21.53781050196436
2.5991481929099756,21.546388860909197
2.5988810736780947,21.554967219854035
2.5986140093452397,21.563545578798873
2.5983469998944875,21.57212393774371
2.5980800453089223,21.580702296688553
2.597813145571636,21.58928065563339
2.597546300665726,21.600749296271886
2.5972795105742974,21.624159403607724
2.5970127752804624,21.647569510943562
2.5967460947673398,21.670979618279397
2.5964794690180555,21.69438972561524
2.596212898015742,21.717799832951073
2.59594638174354,21.741209940286915
2.595679920184595,21.766860752945654
2.595413513322061,21.792856656244265
2.595147161139099,21.818852559542876
2.5948808636188754,21.84484846284149
2.594614620744565,21.870844366140105
2.5943484324993493,21.896840269438716
2.594082298866416,21.922944554017562
2.59381621982896,21.95288342326384
2.593550195370183,21.982785850650618
2.5932842254732953,22.012688278037373
2.5930183101215105,22.042590705424146
2.5927524492980525,22.07249313281092
2.59248664298615,22.102395560197696
2.59222089116904,22.13229798758447
2.5919551938299654,22.162200414971245
2.591689550952176,22.192102842358018
2.591423962518929,22.21901370710498
2.591158428513488,22.240732559340586
2.590892948919124,22.262451411576173
2.590627523719114,22.28635079943181
2.5903621528967427,22.310799003906805
2.590096836435301,22.335247208381798
2.589831574318087,22.359695412856794
2.5895663665284063,22.384143617331787
2.5893012130495694,22.40859182180678
2.5890361138648963,22.436319884192926
2.588771068957711,22.44892712070904
2.5885060783113465,22.461534357225148
2.5882411419091413,22.47414159374126
2.587976259734442,22.48674883025737
2.5877114317706007,22.49935606677348
2.5874466580009767,22.511871093932093
2.5871819384089374,22.516904908412265
2.5869172729778547,22.522652274208003
2.5866526616911094,22.528399640003723
2.5863881045320873,22.53414700579946
2.5861236014841826,22.539894371595196
2.5858591525307952,22.54564173739093
2.585594757655332,22.551389103186665
2.585330416841208,22.5571364689824
2.585066130071843,22.562883834778138
2.5848018973306646,22.56863120057386
2.5845377186011067,22.574378566369596
2.58427359386661,22.58012593216533
2.5840095231106233,22.585873297961065
2.5837455063166006,22.58785360435172
2.583481543468003,22.589336797531963
2.5832176345482987,22.590819990712205
2.5829537795409623,22.592303183892447
2.582689978429476,22.59378637707269
2.5824262311973274,22.595269570252917
2.5821625378280113,22.72964717837457
2.58189889830503,22.725394877939394
2.5816353126118923,22.721142577504224
2.5813717807321126,22.716890277069048
2.581108302649213,22.71263797663388
2.5808448783467233,22.708385676198702
2.580581507808178,22.692186601537102
2.580318191017119,22.671131403148216
2.5800549279570957,22.650076204759337
2.5797917186116632,22.629021006370454
2.5795285629643843,22.60796580798157
2.5792654609988275,22.586910609592692
2.579002412698569,22.56585541120381
2.5787394180471908,22.545379296021714
2.578476477028282,22.52507771649002
2.578213589625439,22.504776136958334
2.5779507558222634,22.484474557426644
2.5776879756023643,22.464172977894947
2.5774252489493583,22.44222640667214
2.5771625758468675,22.41564430263488
2.5768999562785213,22.389062198597625
2.576637390227955,22.362480094560368
2.5763748776788122,22.337482035308255
2.5761124186147413,22.314229847750788
2.575850013019398,22.29097766019332
2.5755876608764448,22.267725472635853
2.5753253621695515,22.24447328507838
2.5750631168823936,22.22122109752091
2.574800924998654,22.204348301786418
2.574538786502021,22.192761334162924
2.5742767013761902,22.181174366539437
2.5740146696048654,22.169587398915944
2.5737526911717548,22.161172962497062
2.5734907660605737,22.15380945570328
2.5732288942550445,22.146445948909495
2.5729670757388967,22.139082442115715
2.572705310495865,22.131718935321928
2.5724435985096927,22.124355428528148
2.572181939764128,22.117596787788244
2.5719203342429258,22.110869463400014
2.5716587819298486,22.104142139011785
2.5713972828086646,22.09741481462355
2.57113583686315,22.090687490235318
2.570874444077085,22.08396016584709
2.5706131044342593,22.077437020675553
2.5703518179184677,22.07709431717756
2.5700905845135114,22.076751613679562
2.569829404203199,22.07640891018157
2.569568276971344,22.07606620668357
2.569307202801769,22.07572350318558
2.569046181678302,22.07538079968758
2.568785213584776,22.075038096189584
2.5685242985050336,22.074695392691588
2.5682634364229218,22.07435268919359
2.5680026273222953,22.062870460423156
2.5677418711870135,22.034790295711126
2.5674811680009446,21.918535378374976
2.567220517747962,21.890582748242267
2.5669599204119464,21.86968964740454
2.5666993759767847,21.848796546566817
2.56643888442637,21.827903445729095
2.5661784457446024,21.807010344891374
2.565918059915389,21.78611724405365
2.5656577269226424,21.76522414321593
2.565397446750282,21.744331042378207
2.565137219382234,21.72343794154048
2.564877044802431,21.702544840702757
2.5646169229948126,21.687664738117483
2.564356853943324,21.670353777594336
2.5640968376319173,21.65304281707119
2.563836874044552,21.635731856548034
2.563576963165192,21.61842089602489
2.5633171049778096,21.601109935501746
2.5630572994663834,21.5837989749786
2.562797546614897,21.56648801445546
2.562537846407343,21.54917705393231
2.562278198827718,21.531866093409164
2.5620186038600266,21.531701040772916
2.561759061488279,21.54109908017753
2.561499571696493,21.55799582738981
2.5612401344686915,21.57489257460212
2.5609807497889046,21.591789321814435
2.5607214176411692,21.608686069026746
2.560462138009528,21.613306284609024
2.5602029108780306,21.604530450260505
2.5599437362307333,21.595754615911986
2.559684614051698,21.586978781563463
2.559425544324993,21.578202947214944
2.5591665270346944,21.569427112866425
2.5589075621648836,21.560651278517906
2.5586486496996486,21.551875444169386
2.558389789623084,21.543099609820867
2.558130981919291,21.534128267739412
2.5578722265723774,21.514899325768233
2.5576135235664563,21.495670383797048
2.557354872885649,21.476441441825884
2.5570962745140813,21.457212499854702
2.556837728435887,21.411976413642847
2.5565792346352048,21.363192415014094
2.5563207930961815,21.31440841638534
2.5560624038029696,21.265624417756587
2.5558040667397273,21.216840419127834
2.5555457818906206,21.1680564204991
2.55528754923982,21.119430995237543
2.555029368771504,21.078584689064485
2.5547712404698575,21.037738382891433
2.554513164319071,20.989750751774416
2.554255140303341,20.935002962999317
2.553997168406872,20.880255174224224
2.5537392486138732,20.82550738544913
2.5534813809085617,20.770759596674033
2.55322356527516,20.716011807898973
2.5529658016978964,20.661264019123873
2.552708090161007,20.61089289018921
2.5524504306487334,20.567694611227388
2.552192823145324,20.524496332265574
2.551935267635033,20.481298053303757
2.5516777641021213,20.43809977434194
2.551420312530857,20.396060690061347
2.5511629129055122,20.356643822183816
2.5509055652103676,20.317226954306285
2.5506482694297095,20.27781008642875
2.5503910255478304,20.23839321855122
2.5501338335490287,20.210006788631308
2.5498766934176107,20.188565541015826
2.5496196051378877,20.16712429340035
2.549362568694177,20.145683045784867
2.5491055840708037,20.124241798169415
2.5488486512520976,20.095965065744736
2.5485917702223957,20.04736303501616
2.548334940966042,19.998761004287587
2.548078163467385,19.96503143545179
2.547821437710781,19.953587498450624
2.547564763680592,19.941290008495468
2.547308141361187,19.92828618607689
2.5470515707369397,19.915282363658303
2.5467950517922318,19.90227854123971
2.5465385845114503,19.88927471882112
2.546282168878989,19.87627089640253
2.546025804879248,19.86326707398394
2.5457694924966328,19.85026325156535
2.545513231715556,19.837259429146762
2.545257022520437,19.824255606728173
2.5450008648957003,19.811251784309597
2.5447447588257766,19.798247961891008
2.5444887042951043,19.785244139472415
2.544232701288127,19.765833435515226
2.5439767497892944,19.732629625042897
2.5437208497830635,19.69488706958237
2.5434650012538955,19.652688277534224
2.5432092041862613,19.610489485486106
2.542953458564634,19.56829069343796
2.5426977643734956,19.52609190138981
2.542442121597334,19.464583995646557
2.542186530220642,19.396361850750004
2.541930990227921,19.336557829085198
2.5416755016036756,19.280703166378782
2.54142006433242,19.224848503672366
2.5411646783986717,19.16899384096595
2.5409093437869563,19.116122328746755
2.540654060481805,19.06916704360097
2.540398828467754,19.022211758455185
2.540143647729348,18.9752564733094
2.539888518251136,18.928301188163616
2.539633440017675,18.88134590301783
2.539378413013526,18.834390617872042
2.539123437223259,18.781887228842514
2.538868512631447,18.725590981857955
2.538613639222671,18.6692947348734
2.538358816981519,18.612865706435258
2.5381040458925828,18.554062760830483
2.537849325940463,18.495259815225708
2.5375946571097643,18.436456869620933
2.5373400393850987,18.37765392401616
2.537085472751084,18.318850978411383
2.5368309571923446,18.259060291847746
2.5365764926935097,18.191818835472088
2.536322079239217,18.124577379096426
2.536067716814108,18.057335922720764
2.5358134054028323,18.0005460693542
2.535559144990044,17.95598911266657
2.5353049355604047,17.911432155978936
2.5350507770985815,17.866875199291336
2.534796669589247,17.8223182426037
2.5345426130170816,17.777761285916064
2.5342886073667703,17.737184366220625
2.5340346526230046,17.721877063911855
2.5337807487704835,17.714547787038143
2.53352689579391,17.70721851016443
2.5332730936779946,17.69988923329072
2.533019342407454,17.69255995641701
2.5327656419670097,17.685230679543317
2.532511992341391,17.677901402669605
2.5322583935153316,17.670572125795896
2.532004845473573,17.663242848922184
2.531751348200862,17.655018635099857
2.531497901681951,17.646091521910783
2.5312445059016,17.637476525428305
2.530991160844574,17.628861528945848
2.530737866495643,17.62024653246337
2.530484622839586,17.61163153598089
2.5302314298611854,17.60301653949841
2.529978287545231,17.59440154301593
2.5297251958765186,17.585786546533452
2.5294721548398496,17.57717155005097
2.529219164420032,17.56936592711825
2.5289662246018803,17.56298189962331
2.5287133353702136,17.556597872128393
2.5284604967098576,17.550213844633454
2.5282077086056454,17.543829817138516
2.5279549710424147,17.537445789643577
2.5277022840050094,17.531061762148642
2.52744964747828,17.52464176857457
2.527197061447083,17.518109838051018
2.526944525896281,17.51157790752749
2.5266920408107416,17.505486232388677
2.52643960617534,17.499739951231746
2.5261872219749564,17.493993670074815
2.5259348881944774,17.48824738891788
2.5256826048187957,17.482501107760946
2.52543037183281,17.476754826604015
2.5251781892214242,17.471008545447084
2.52492605696955,17.46526226429015
2.5246739750621043,17.459515983133237
2.524421943484009,17.453769701976306
2.524169962220193,17.44802342081937
2.523918031255591,17.44227713966244
2.5236661505751443,17.436530858505506
2.5234143201637997,17.430181786652305
2.5231625400065094,17.422090712738953
2.522910810088233,17.413999638825622
2.5226591303939343,17.405908564912266
2.522407500908585,17.39781749099891
2.5221559216171614,17.389726417085555
2.5219043925046467,17.381635343172203
2.5216529135560295,17.37449542038649
2.521401484756305,17.37098242508878
2.521150106090473,17.36746942979107
2.520898777543541,17.363956434493357
2.520647499100522,17.360443439195663
2.520396270746434,17.35693044389795
2.5201450924663016,17.35376650173037
2.519893964245156,17.355849994269516
2.5196428860680338,17.357933486808662
2.519391857919977,17.36001697934781
2.5191408797860344,17.362100471886958
2.5188899516512615,17.364183964426118
2.518639073500717,17.366267456965264
2.518388245319468,17.36835094950441
2.5181374670925876,17.37043444204356
2.517886738805153,17.372517934582707
2.517636060442249,17.37711296469709
2.5173854319889655,17.392513076096794
2.5171348534303988,17.407913187496497
2.516884324751651,17.423313298896204
2.5166338459378306,17.438713410295904
2.51638341697405,18.038652336686745
2.5161330378454303,18.103775777488003
2.5158827085370965,18.169063843387537
2.5156324290341807,18.23630975881776
2.5153821993218206,18.30355567424799
2.5151320193851596,18.370801589678216
2.514881889209347,18.435597395053023
2.5146318087795376,18.49486694476431
2.5143817780808937,18.554136494475603
2.5141317970985813,18.613406044186895
2.513881865817774,18.672675593898184
2.5136319842236508,18.731945143609472
2.5133821523013964,18.79121469332076
2.5131323700362014,18.85296607793506
2.5128826374132625,18.897836085215754
2.512632954417782,18.940398600760567
2.512383321034968,18.982961116305397
2.5121337372500356,19.025523631850223
2.511884203048204,19.06808614739505
2.5116347184146997,19.11064866293988
2.5113852833347536,19.153211178484707
2.5111358977936047,19.195773694029533
2.510886561776496,19.23833620957435
2.510637275268677,19.28089872511918
2.5103880382554027,19.323461240664006
2.5101388507219347,19.366023756208833
2.509889712653539,19.408586271753663
2.50964062403549,19.456246824320118
2.509391584853065,19.56167896142782
2.509142595091549,19.673972977698373
2.508893654736233,19.786266993968926
2.5086447637724123,20.67770111292423
2.508395922185389,20.740808311780576
2.5081471299604714,20.80391551063692
2.5078983870829727,20.861863214169585
2.507649693538213,20.915937094881663
2.5074010493115173,20.970010975593734
2.507152454388217,21.024084856305812
2.506903908753649,21.078158737017862
2.506655412393156,21.132232617729937
2.506406965292086,21.18630649844201
2.5061585674357945,21.240380379154086
2.505910218809641,21.29445425986616
2.505661919398992,21.348528140578235
2.5054136691892186,21.402602021290313
2.5051654681656994,21.446416897741553
2.504917316313817,21.48871356670007
2.5046692136189614,21.53101023565857
2.5044211600665265,21.57330690461709
2.504173155641914,21.61560357357561
2.5039252003305297,21.65790024253413
2.5036772941177867,21.698612511553556
2.5034294369891024,21.73802323684749
2.503181628929901,21.77743396214143
2.502933869925613,21.814921518754787
2.5026861599616725,21.843051582290634
2.502438499023521,21.87118164582649
2.502190887096606,21.899311709362337
2.5019433241663793,21.92744177289819
2.5016958102183007,21.95557183643404
2.501448345237833,21.983701899969894
2.501200929210447,22.011831963505742
2.500953562121618,22.039962027041597
2.5007062439568286,22.06809209057743
2.5004589747015644,22.09622215411328
2.5002117543413194,22.124352217649133
2.4999645828615917,22.152482281184987
2.499717460247886,22.180612344720835
2.4994703864857124,22.189034728157136
2.4992233615605866,22.174609642526722
2.498976385458031,22.160184556896287
2.498729458163572,22.145759471265873
2.498482579662743,22.131334385635455
2.4982357499410823,22.11690930000504
2.497988968984135,22.10747824185328
2.497742236777451,22.10723631166661
2.4974955533065866,22.10815730270266
2.4972489185571027,22.109078293738712
2.497002332514567,22.109999284774766
2.496755795164553,22.110920275810784
2.4965093064926385,22.111841266846838
2.4962628664844084,22.11276225788289
2.4960164751254523,22.11368324891894
2.4957701324013666,22.114604239954993
2.4955238382977525,22.115525230991043
2.495277592800217,22.116446222027093
2.4950313958943733,22.117367213063112
2.4947852475658396,22.118288204099166
2.49453914780024,22.1392519444273
2.4942930965832044,22.183019302407615
2.4940470939003685,22.22678666038793
2.4938011397373736,22.27055401836824
2.493555234079866,22.314321376348552
2.4933093769134986,22.358088734328867
2.4930635682239295,22.40185609230918
2.492817807996823,22.43104260310143
2.492572096217848,22.452912794643595
2.4923264328726793,22.474782986185755
2.492080817946998,22.496653177727914
2.4918352514264908,22.5316714411658
2.4915897332968493,22.57346182697973
2.491344263543772,22.615252212793656
2.4910988421529616,22.657042598607532
2.4908534691101267,22.69883298442146
2.4906081444009827,22.74062337023539
2.4903628680112493,22.781772122505064
2.4901176399266522,22.821276036320373
2.489872460132924,22.860779950135683
2.4896273286158,22.900283863950996
2.4893822453610244,22.93089348119292
2.4891372103543445,22.95999360189999
2.4888922235815154,22.989093722607006
2.4886472850282955,23.018193843314073
2.4884023946804503,23.047293964021144
2.4881575525237505,23.07639408472821
2.4879127585439726,23.103086701546133
2.4876680127268984,23.114038257689575
2.4874233150583156,23.124989813833018
2.487178665524018,23.135941369976436
2.4869340641098026,23.14689292611988
2.4866895108014746,23.15784448226332
2.4864450055848444,23.168796038406768
2.4862005484457264,23.179747594550214
2.4859561393699425,23.185434208709943
2.485711778343319,23.191119047720015
2.485467465351688,23.19680388673008
2.485223200380888,23.202488725740153
2.4849789834167613,23.208173564750194
2.484734814445157,23.213858403760263
2.4844906934519297,23.224292198657224
2.4842466204229394,23.241563966888524
2.4840025953440517,23.258835735119828
2.4837586182011377,23.276107503351128
2.4835146889800743,23.29337927158243
2.483270807666744,23.3106510398137
2.483026974247033,23.327922808045
2.4827831887068363,23.33110023550344
2.4825394510320518,23.313559497433047
2.482295761208584,23.296018759362653
2.482052119222343,23.278478021292262
2.4818085250592445,23.26093728322187
2.481564978705209,23.243396545151477
2.481321480146163,23.225855807081086
2.4810780293680392,23.20831506901071
2.4808346263567747,23.168995158754164
2.480591271098312,23.1283209157534
2.4803479635786,23.087646672752637
2.4801047037835935,23.046972429751875
2.479861491699251,23.00629818675111
2.4796183273115386,22.96562394375035
2.4793752106064266,22.896063630853714
2.479132141569891,22.794872644213832
2.4788891201879126,22.693681657573954
2.4786461464464797,22.59249067093407
2.4784032203315847,22.49129968429419
2.478160341829225,22.40202952688427
2.477917510925405,22.327139618294105
2.477674727606133,22.305677528282267
2.4774319918574244,22.284215438270436
2.4771893036652988,22.26275334825861
2.4769466630157813,22.241291258246775
2.4767040698949034,22.219829168234938
2.476461524288701,22.1983670782231
2.476219026183217,22.176904988211266
2.4759765755644976,22.154999255787594
2.4757341724185964,22.062303442857427
2.475491816731572,22.09599474490522
2.475249508489487,22.129686046953
2.4750072476784117,22.163377349000783
2.4747650342844207,22.197068651048564
2.4745228682935934,22.230759953096346
2.474280749692016,22.264451255144124
2.474038678465779,22.281476357229693
2.4737966546009793,22.277412862893694
2.4735546780837185,22.273349368557696
2.473312748900105,22.269285874221712
2.47307086703625,22.265222379885714
2.4728290324782725,22.26115888554972
2.472587245212296,22.260259758367184
2.4723455052244496,22.262001931646367
2.4721038125008676,22.263744104925543
2.4718621670276906,22.26548627820472
2.4716205687910633,22.267228451483902
2.4713790177771364,22.26897062476308
2.4711375139720664,22.27071279804226
2.4708960573620145,22.272454971321437
2.470654647933148,22.27645983400633
2.470413285671639,22.280524049302702
2.4701719705636656,22.284588264599073
2.4699307025954105,22.288652479895447
2.469689481753063,22.292716695191814
2.4694483080228165,22.29978800413204
2.4692071813908707,22.317831529733553
2.46896610184343,22.335875055335066
2.4687250693667044,22.35391858093658
2.4684840839469104,22.371962106538092
2.468243145570268,22.390005632139605
2.468002254223004,22.408049157741118
2.4677614098913496,22.41323853414941
2.4675206125615423,22.415932465907943
2.467279862219824,22.41862639766648
2.4670391588524425,22.421320329425015
2.4667985024456516,22.424014261183547
2.4665578929857097,22.42670819294208
2.46631733045888,22.429402124700616
2.4660768148514323,22.43209605645915
2.465836346149641,22.436242421677726
2.465595924339786,22.452697325503856
2.465355549408153,22.469152229329982
2.4651152213410317,22.48560713315611
2.464874940124719,22.50206203698223
2.4646347057455156,22.518516940808354
2.4643945181897284,22.555020920937395
2.46415437744367,22.6054400982117
2.463914283493657,22.64187160774063
2.463674236326012,22.675670053895217
2.463434235927063,22.7094685000498
2.463194282283144,22.743266946204386
2.462954375380593,22.777065392358974
2.4627145152057546,22.80645543727156
2.462474701744977,22.81894076284558
2.462234934984616,22.829592312257454
2.4619952149110307,22.826088054488963
2.461755541510587,22.822583796720465
2.461515914769655,22.819079538951975
2.4612763346746105,22.81557528118349
2.4610368012118347,22.812071023415
2.460797314367714,22.808566765646514
2.4605578741286407,22.805062507878027
2.460318480481011,22.80155825010954
2.460079133411228,22.79805399234104
2.4598398329056987,22.794549734572552
2.4596005789508366,22.791045476804065
2.4593613715330593,22.787541219035578
2.4591222106387907,22.78403696126709
2.458883096254459,22.78041019436435
2.4586440283664994,22.77569627594712
2.4584050069613506,22.77098235752989
2.4581660320254564,22.766268439112665
2.457927103545268,22.76155452069542
2.4576882215072398,22.756840602278192
2.4574493858978324,22.752126683860965
2.457210596703511,22.738300851499943
2.4569718539107472,22.724406713118057
2.4567331575060165,22.710512574736164
2.456494507475801,22.540388745100294
2.4562559038065874,22.516002909770705
2.4560173464848667,22.4916170744411
2.455778835497137,22.467231239111495
2.4555403708299,22.43682216160299
2.4553019524696644,22.403259677276395
2.455063580402942,22.3696971929498
2.4548252546162517,22.336134708623206
2.4545869750961167,22.30257222429661
2.4543487418290653,22.269009739970016
2.4541105548016318,22.235447255643436
2.453872414000355,22.224126430303116
2.453634319411779,22.216274534138556
2.4533962710224535,22.208422637973996
2.453158268818933,22.200570741809436
2.452920312787778,22.192718845644876
2.4526824029155536,22.18486694948032
2.4524445391888303,22.177015053315753
2.4522067215941825,22.169163157151196
2.451968950118192,22.161311260986636
2.451731224747445,22.153459364822076
2.4514935454685323,22.145607468657516
2.4512559122680497,22.146397596475076
2.4510183251326,22.1483885131032
2.450780784048789,22.150567227906315
2.4505432890032295,22.15403399421527
2.450305839982538,22.157500760524208
2.450068436973337,22.16096752683316
2.4498310799622542,22.164434293142108
2.449593768935922,22.16790105945106
2.449356503880979,22.17136782576001
2.4491192847840675,22.17483459206896
2.4488821116318364,22.178301358377915
2.448644984410939,22.167974018146626
2.448407903108033,22.15483468222089
2.448170867709783,22.141695346295155
2.4479338782028575,22.12855601036942
2.4476969345739312,22.115416674443683
2.447460036809683,22.10227733851795
2.4472231848967967,22.08858881933429
2.446986378821963,22.074764548003625
2.4467496185718756,22.06094027667296
2.446512904133235,22.04711600534228
2.4462762354927463,22.033291734011613
2.4460396126371187,22.019467462680943
2.445803035553068,22.005643191350273
2.4455665042273154,22.082556941589463
2.445330018646585,22.05166998938513
2.4450935787976085,22.0207830371808
2.444857184667122,21.98989608497648
2.4446208362418655,21.963175828310426
2.444384533508585,21.938093381633504
2.4441482764540328,21.91301093495658
2.4439120650649646,21.887928488279663
2.4436758993281416,21.862846041602737
2.4434397792303306,21.837763594925818
2.4432037047583033,21.812681148248892
2.442967675898837,21.786942079341216
2.442731692638713,21.76058649120918
2.442495754964718,21.734230903077133
2.4422598628636445,21.70787531494508
2.4420240163222897,21.68223787246727
2.441788215327456,21.657059429222265
2.441552459865951,21.631880985977254
2.441316749924586,21.606702542732247
2.4410810854901808,21.581524099487254
2.440845466549556,21.55634565624225
2.4406098930895403,21.53015269016416
2.4403743650969663,21.502620767232308
2.440138882558672,21.475088844300455
2.4399034454615003,21.4475569213686
2.4396680537922997,21.420024998436748
2.4394327075379234,21.398566181586425
2.4391974066852287,21.378402302328624
2.4389621512210806,21.35823842307084
2.4387269411323453,21.33807454381304
2.438491776405898,21.31791066455524
2.4382566570286164,21.297746785297434
2.438021582987384,21.27838662966559
2.43778655426909,21.25929461455479
2.437551570860628,21.240202599443982
2.4373166327488964,21.222966680544708
2.437081739920799,21.217890873730475
2.4368468923632443,21.212815066916242
2.436612090063147,21.20773926010201
2.4363773330074254,21.202663453287773
2.4361426211830035,21.19758764647354
2.4359079545768108,21.192511839659304
2.4356733331757807,21.187777104050973
2.4354387569668523,21.19002747771375
2.4352042259369706,21.19227785137653
2.434969740073084,21.194528225039306
2.4347352993621465,21.196778598702082
2.4345009037911174,21.199028972364857
2.4342665533469607,21.201279346027633
2.4340322480166465,21.20352971969041
2.4337979877871483,21.21145698748927
2.4335637726454453,21.2245814210261
2.4333296025785223,21.23770585456293
2.4330954775733677,21.250830288099756
2.4328613976169766,21.26395472163658
2.4326273626963477,21.277079155173404
2.432393372798486,21.29020358871023
2.4321594279104,21.30121688356185
2.4319255280191046,21.30635776665946
2.4316916731116183,21.311498649757063
2.4314578631749666,21.31663953285469
2.4312240981961777,21.32834264178451
2.430990378162286,21.3665020377426
2.4307567030603305,21.40466143370069
2.430523072877356,21.44582682623882
2.430289487600412,21.49537384363171
2.4300559472165517,21.5449208610246
2.4298224517128353,21.59446787841749
2.4295890010763257,21.64401489581038
2.429355595294093,21.69356191320327
2.42912223435321,21.743108930596158
2.4288889182407574,21.792655947989047
2.428655646943818,21.842202965381933
2.4284224204494818,21.888868619024734
2.4281892387448414,21.933085014157513
2.427956101816996,21.977301409290284
2.4277230096530507,22.021517804423063
2.427489962240113,22.065734199555834
2.4272569595652964,22.109950594688613
2.4270240016157203,22.15320199012414
2.426791088378508,22.18858088831552
2.4265582198407887,22.223959786506903
2.4263253959896947,22.259338684698292
2.4260926168123658,22.29471758288969
2.425859882295944,22.320444049588417
2.4256271924275783,22.321789773123555
2.425394547194422,22.323135496658686
2.425161946583633,22.324457554294064
2.4249293905823746,22.32499602435501
2.424696879177815,22.325534494415958
2.4244644123571266,22.326072964476907
2.4242319901074874,22.326611434537853
2.4239996124160808,22.327149904598812
2.4237672792700935,22.32768837465976
2.4235349906567185,22.32822684472071
2.4233027465631536,22.328765314781656
2.4230705469766005,22.329303784842605
2.4228383918842673,22.32984225490355
2.4226062812733655,22.3303807249645
2.4223742151311134,22.33091919502546
2.422142193444732,22.331457665086408
2.4219102162014474,22.33187324203601
2.421678283388493,22.324356515943528
2.4214463949931053,22.316839789851045
2.421214551002525,22.309323063758562
2.420982751403999,22.30180633766608
2.4207509961847786,22.294289611573596
2.4205192853321202,22.28677288548111
2.4202876188332856,22.279256159388652
2.420055996675539,22.27173943329617
2.4198244188461526,22.264222707203686
2.4195928853324014,22.256705981111203
2.419361396121567,22.251873593236432
2.4191299512009334,22.245560413426283
2.4188985505577922,22.23892441362765
2.418667194179439,22.232288413829032
2.418435882053172,22.2256524140304
2.418204614166297,22.219016414231767
2.4179733905061243,22.212380414433138
2.4177422110599682,22.20574441463451
2.4175110758151477,22.199108414835877
2.417279984758988,22.192472415037244
2.417048937878817,22.18583641523861
2.41681793516197,22.179200415439983
2.4165869765957857,22.172564415641364
2.4163560621676066,22.165928415842735
2.4161251918647824,22.159292416044103
2.415894365674666,22.14694575618316
2.4156635835846156,22.131599380911027
2.4154328455819947,22.116253005638896
2.4152021516541704,22.102738959402586
2.414971501788516,22.09827744008504
2.414740895972409,22.09381592076749
2.414510334193231,22.08935440144994
2.4142798164383694,21.985365301749717
2.4140493426952165,21.979528279571213
2.413818912951169,21.97369125739271
2.4135885271936286,21.967854235214208
2.4133581854100012,21.961017718883618
2.4131278875876983,21.953323315326454
2.4128976337141363,21.9456289117693
2.4126674237767354,21.937934508212134
2.4124372577629214,21.93024010465497
2.4122071356601245,21.922545701097803
2.4119770574557804,21.914851297540636
2.4117470231373286,21.90715689398347
2.4115170326922137,21.899462490426302
2.411287086107887,21.89176808686915
2.4110571833718,21.884073683311986
2.410827324471414,21.87561792159566
2.4105975093941923,21.86580716039413
2.4103677381276034,21.855996399192602
2.410138010659121,21.846185637991077
2.4099083269762236,21.831866663648583
2.4096786870663935,21.812657929133934
2.409449090917119,21.793449194619285
2.4092195385158934,21.775719220228567
2.4089900298502127,21.762804878798633
2.4087605649075794,21.7498905373687
2.4085311436755004,21.736976195938766
2.408301766141488,21.72406185450883
2.408072432293057,21.711147513078895
2.40784314211773,21.69823317164896
2.407613895603033,21.685318830219032
2.4073846927364957,21.6724044887891
2.407155533505654,21.659490147359165
2.406926417898047,21.646575805929228
2.4066973459012213,21.63366146449929
2.406468317502725,21.620747123069357
2.4062393326901135,21.607832781639424
2.406010391450945,21.357282335419868
2.405781493772784,21.34968733590003
2.4055526396431994,21.31400404822303
2.405323829049763,21.27832076054603
2.405095061980054,21.242637472869035
2.4048663384216553,21.206954185192032
2.4046376583621534,21.171270897515036
2.4044090217891414,21.135587609838037
2.4041804286902155,21.099904322161038
2.4039518790529777,21.064221034484035
2.4037233728650342,21.02853774680704
2.403494910113996,20.99285445913004
2.4032664907874786,20.929666062097105
2.403038114873103,20.852187442171868
2.4028097823584944,20.77470882224663
2.402581493231282,20.697230202321393
2.402353247479101,20.667548739024507
2.40212504508959,20.648612995625932
2.401896886050394,20.629677252227356
2.401668770349161,20.61074150882878
2.401440697973544,20.59180576543021
2.4012126689112017,20.572870022031637
2.400984683149796,20.553934278633065
2.400756740676995,20.53499853523449
2.400528841480471,20.516062791835918
2.4003009855479003,20.497127048437342
2.4000731728669646,20.478191305038767
2.3998454034253496,20.45925556164019
2.3996176772107463,20.44031981824162
2.3993899942108503,20.421384074843047
2.3991623544133613,20.402448331444475
2.3989347578059848,20.3835125880459
2.39870720437643,20.364576844647328
2.398479694112411,20.345641101248752
2.3982522270016466,20.305282086972007
2.3980248030318605,20.258115967300537
2.3977974221907803,20.210949847629067
2.3975700844661385,20.163783727957593
2.397342789845674,20.116617608286127
2.397115538317127,20.069451488614654
2.3968883298682453,20.022285368943184
2.3966611644867806,19.98602629304032
2.396434042160488,19.984342564651506
2.3962069628771285,19.98265883626269
2.3959799266244675,19.980975107873874
2.3957529333902747,19.998837879889862
2.3955259831623246,20.029114996443166
2.3952990759283965,20.05939211299647
2.3950722116762746,20.087130806256184
2.3948453903937468,20.078577660868945
2.394618612068607,20.070024515481713
2.3943918766886516,20.061471370094473
2.394165184241684,20.052918224707234
2.39393853471551,20.044365079319995
2.393711928097942,20.035811933932756
2.3934853643767964,20.02725878854552
2.3932588435398934,20.01870564315828
2.3930323655750585,20.01015249777105
2.392805930470122,19.993461333088582
2.392579538212918,19.965176945669256
2.392353188791286,19.93689255824993
2.3921268821930695,19.908608170830608
2.3919006184061176,19.880323783411285
2.391674397418283,19.85203939599196
2.3914482192174225,19.823755008572633
2.391222083791399,19.806105577005685
2.39099599112808,19.791483228450716
2.3907699412153356,19.776860879895743
2.390543934041042,19.762238531340767
2.39031796959308,19.74761618278579
2.390092047859335,19.732993834230818
2.389866168827696,19.710327443798523
2.389640332486058,19.674377078539695
2.3894145388223196,19.638426713280904
2.389188787824384,19.602476348022076
2.388963079480159,19.566525982763253
2.388737413777558,19.53057561750442
2.388511790704497,19.494625252245594
2.3882862102488986,19.467054154056477
2.388060672398689,19.44053625480906
2.3878351771417985,19.414018355561645
2.387609724466163,19.38750045631423
2.387384314359722,19.36098255706684
2.38715894681042,19.334464657819424
2.386933621806207,19.258986044702866
2.3867083393350352,19.17866525702904
2.386483099384863,19.098620431525447
2.386257901943654,19.03005834658262
2.386032746999375,18.997998827401467
2.3858076345399972,18.979124138642185
2.3855825645534976,18.960249449882895
2.385357537027857,18.941374761123605
2.3851325519510596,18.922500072364315
2.384907609311097,18.90362538360502
2.3846827090959626,18.884750694845735
2.3844578512936554,18.865876006086445
2.3842330358921795,18.847001317327152
2.3840082628795423,18.828126628567862
2.383783532243757,18.809251939808576
2.38355884397284,18.790377251049286
2.3833341980548126,18.772113573469923
2.383109594477702,18.76144857747054
2.382885033229538,18.750783581471154
2.382660514298356,18.74216957695007
2.3824360376721954,18.733700865067355
2.3822116033391008,18.72523215318464
2.3819872112871203,18.71676344130193
2.381762861504307,18.70805001168796
2.381538553978719,18.695871629508108
2.3813142886984178,18.686011094817367
2.381090065651471,18.683337504802168
2.380865884825949,18.680663914786972
2.3806417462099274,18.677990324771777
2.3804176497914864,18.675316734756578
2.380193595558711,18.672643144741382
2.37996958349969,18.669969554726187
2.3797456136025166,18.667295964710988
2.3795216858552894,18.66462237469579
2.3792978002461105,18.661948784680597
2.3790739567630874,18.657667298465213
2.378850155394331,18.650583776758378
2.3786263961279577,18.647611313012362
2.378402678952088,18.65043325854514
2.378179003854846,18.653255204077915
2.377955370824362,18.656077149610688
2.377731779848769,18.658899095143465
2.377508230916206,18.66172104067624
2.377284724014815,18.664542986209014
2.3770612591327445,18.66736493174179
2.3768378362581446,18.670186877274567
2.3766144553791726,18.673008822807347
2.3763911164839886,18.6750277499745
2.376167819560757,18.67358555926791
2.3759445645976482,18.6734008026689
2.375721351582836,18.67321604606989
2.3754981805044983,18.673031289470885
2.375275051350818,18.672846532871873
2.375051964109983,18.672661776272875
2.3748289187701843,18.672477019673867
2.3746059153196177,18.67229226307486
2.3743829537464847,18.67210750647585
2.3741600340389892,18.671922749876842
2.3739371561853413,18.67173799327783
2.3737143201737547,18.67155323667882
2.373491525992448,18.671368480079813
2.373268773629643,18.6711837234808
2.3730460630735677,18.670998966881807
2.372823394312453,18.655028426585147
2.372600767334535,18.656716384408668
2.3723781821280543,18.66002392782513
2.3721556386812552,18.66333147124159
2.371933136982387,18.666639014658056
2.3717106770197036,18.669946558074518
2.371488258781463,18.67325410149102
2.371265882255927,18.67656164490748
2.371043547431363,18.686129655489175
2.370821254296042,18.697970159769746
2.3705990028382393,18.709810664050316
2.370376793046235,18.721651168330894
2.370154624908314,18.733491672611464
2.3699324984127643,18.745332176892035
2.36971041354788,18.757172681172605
2.3694883703019576,18.76901318545321
2.3692663686632995,18.78085368973378
2.3690444086202125,18.792694194014356
2.368822490161006,18.80453469829493
2.3686006132739963,18.819492205631335
2.3683787779475027,18.83102777856802
2.3681569841698487,18.8425633515047
2.3679352319293625,18.85409892444141
2.3677135212143767,18.865634497378096
2.367491852013228,18.87717007031478
2.3672702243142587,18.888705643251463
2.3670486381058136,18.90024121618815
2.3668270933762425,18.911776789124833
2.3666055901139007,18.923312362061516
2.3663841283071463,18.9348479349982
2.366162707944343,18.9487125327639
2.3659413290138573,18.965436212038174
2.365719991504062,18.982159891312435
2.365498695403333,18.998883570586695
2.36527744070005,19.01601803992797
2.3650562273825995,19.04008747678237
2.3648350554393693,19.064156913636772
2.3646139248587534,19.088226350491173
2.3643928356291504,19.1196842715528
2.364171787738961,19.152064499235514
2.363950781176593,19.18444472691823
2.363729815930457,19.216824954600945
2.363508891988969,19.24920518228366
2.363288009340547,19.281585409966375
2.363067167973616,19.313965637649094
2.3628463678766036,19.346345865331813
2.3626256090379427,19.387769863053563
2.362404891446071,19.4308656524171
2.362184215089428,19.47396144178063
2.3619635799564604,19.51705723114416
2.3617429860356176,19.56015302050769
2.361522433315354,19.603248809871225
2.361301921784128,19.646344599234755
2.361081451430402,19.692673272983825
2.360861022242644,19.696087812400037
2.3606406342093242,19.699502351816264
2.360420287318919,19.70291689123249
2.360199981559908,19.706331430648714
2.359979716920776,19.709745970064937
2.359759493390011,19.713160509481163
2.3595393109561065,19.71657504889739
2.3593191696075593,19.71965930620931
2.359099069332871,19.720578475606693
2.3588790101205475,19.721497645004064
2.3586589919590986,19.72254896444462
2.3584390148370384,19.72457931617842
2.358219078742886,19.72660966791222
2.3579991836651644,19.728640019646022
2.3577793295924,19.730670371379826
2.357559516513125,19.732700723113627
2.3573397444158752,19.734731074847414
2.3571200132891903,19.736761426581218
2.3569003231216143,19.73879177831502
2.356680673901696,19.74082213004882
2.3564610656179887,19.74285248178262
2.356241498259049,19.74488283351642
2.3560219718134383,19.73780686652401
2.3558024862697224,19.746578309947026
2.355583041616471,19.755349753370048
2.355363637842258,19.76412119679307
2.355144274935663,19.772892640216085
2.3549249528852667,19.781664083639107
2.3547056716796573,19.790435527062122
2.354486431307426,19.80240664231873
2.3542672317571673,19.80895627679037
2.354048073017482,19.814253214127046
2.3538289550769735,19.819550151463716
2.35360987792425,19.82484708880039
2.353390841547923,19.830144026137063
2.35317184593661,19.835440963473737
2.352952891078932,19.84073790081041
2.352733976963514,19.846034838147084
2.352515103578985,19.851331775483757
2.3522962709139783,19.856628712820434
2.352077478957132,19.86192565015711
2.351858727697089,19.863949480301365
2.351640017122494,19.86458669895991
2.351421347221998,19.86522391761846
2.351202717984256,19.86586113627701
2.3509841293979266,19.86649835493556
2.350765581451673,19.86713557359411
2.3505470741341625,19.86777279225266
2.3503286074340672,19.86841001091121
2.350110181340062,19.86904722956976
2.349891795840827,19.869684448228305
2.3496734509250468,19.870321666886856
2.349455146581409,19.868413224606545
2.349236882798607,19.595741059819936
2.3490186595653375,19.569981685937655
2.348800476870301,19.544222312055382
2.348582334702203,19.5184629381731
2.348364233049753,19.492703564290846
2.348146171901664,19.46694419040857
2.347928151246654,19.44118481652629
2.3477101710734454,19.421368310693648
2.347492231370764,19.413932756889402
2.3472743321273395,19.40649720308516
2.3470564733319073,19.39906164928091
2.3468386549732063,19.39162609547666
2.346620877039978,19.384190541672414
2.346403139520971,19.376754987868168
2.3461854424049355,19.369319434063925
2.345967785680627,19.36188388025968
2.3457501693368057,19.354448326455433
2.3455325933622344,19.347012772651187
2.345315057745682,19.33957721884694
2.3450975624759196,19.332141665042695
2.3448801075417243,19.308733964173623
2.344662692931876,19.281965384184723
2.344445318635159,19.255196804195826
2.3442279846403626,19.22842822420693
2.3440106909362797,19.201659644218033
2.3437934375117067,19.174891064229136
2.343576224355445,19.148122484240236
2.343359051456301,19.121353904251336
2.3431419188030826,19.09458532426244
2.342924826384604,19.067816744273543
2.3427077741896833,19.041048164284643
2.342490762207142,19.014279584295743
2.342273790425806,18.981527908582265
2.3420568588345065,18.958931003804906
2.341839967422077,18.936334099027547
2.341623116177356,18.91373719425019
2.3414063050891865,18.891140289472844
2.341189534146415,18.868543384695485
2.340972803337892,18.845946479918126
2.340756112652473,18.82440434230274
2.340539462079017,18.80697652438377
2.340322851606387,18.7895487064648
2.340106281223451,18.772120888545828
2.33988975091908,18.754693070626875
2.3396732606821495,18.72708777301419
2.3394568105015394,18.69728389717524
2.339240400366134,18.66748002133628
2.33902403026482,18.63767614549733
2.3388077001864906,18.607872269658376
2.338591410120042,18.57806839381942
2.3383751600543734,18.548264517980467
2.3381589499783906,18.518460642141513
2.337942779881001,18.488656766302597
2.3377266497511178,18.45885289046364
2.337510559577657,18.429049014624688
2.33729450934954,18.391444029261024
2.3370784990556914,18.3839482106441
2.3368625286850406,18.376452392027176
2.3366465982265203,18.368956573410255
2.336430707669068,18.361460754793377
2.336214857001624,18.353964936176457
2.3359990462131344,18.346469117559536
2.335783275292549,18.338973298942612
2.33556754422882,18.35059337921041
2.3353518530109065,18.366271332798917
2.335136201627769,18.381949286387425
2.3349205900683736,18.397627239975936
2.3347050183216904,18.413305193564444
2.334489486376693,18.428983147152962
2.3342739942223596,18.44466110074147
2.334058541847672,18.460339054329978
2.333843129241616,18.476017007918486
2.333627756393182,18.491694961506997
2.3334124232913647,18.507372915095505
2.333197129925162,18.523050868684017
2.332981876283576,18.53872882227253
2.3327666623556134,18.55440677586104
2.3325514881302847,18.570084729449547
2.3323363535966037,18.516044831515483
2.33212125874359,18.53011338549662
2.3319062035602656,18.54566303894574
2.3316911880356574,18.56121269239486
2.331476212158796,18.57676234584398
2.3312612759187163,18.592311999293102
2.331046379304457,18.607861652742237
2.330831522305061,18.623411306191358
2.3306167049095743,18.638960959640478
2.330401927107049,18.6545106130896
2.33018718888654,18.67006026653872
2.3299724902371057,18.68560991998784
2.329757831147809,18.701139833215574
2.329543211607718,18.708762259855504
2.329328631605903,18.71638468649542
2.3291140911314385,18.724007113135336
2.3288995901734046,18.731949934178
2.3286851287208843,18.745688413609845
2.3284707067629644,18.759426893041685
2.3282563242887364,18.773165372473528
2.3280419812872952,18.786903851905368
2.3278276777477407,18.800642331337208
2.3276134136591753,18.81438081076906
2.327399189010707,18.828119290200902
2.327185003791446,18.84151326608721
2.3269708579905086,18.852062058041625
2.3267567515970136,18.862610849996038
2.326542684600084,18.87315964195045
2.326328656988848,18.883708433904864
2.326114668752436,18.894257225859285
2.325900719879984,18.904806017813698
2.3256868103606303,18.91535480976811
2.325472940183519,18.922777713972252
2.325259109337797,18.92074401605538
2.3250453178126156,18.91871031813851
2.32483156559713,18.92739681811162
2.3246178526804995,18.948069944983423
2.3244041790518875,18.968743071855222
2.324190544700461,18.989416198727
2.3239769496153913,19.0100893255988
2.323763393785853,19.030762452470597
2.323549877201026,19.051435579342396
2.323336399850093,19.0721087062142
2.323122961722241,19.092781833085997
2.3229095628066614,19.1134549599578
2.3226962030925495,19.134128086829573
2.3224828825691035,19.154801213701376
2.3222696012255266,19.186140348057904
2.322056359051026,19.219080179939027
2.321843156034813,19.252020011820147
2.3216299921661014,19.284959843701266
2.3214168674341105,19.31789967558239
2.3212037818280638,19.35083950746351
2.320990735337187,19.383779339344628
2.3207777279507114,19.416719171225708
2.3205647596578713,19.44965900310683
2.320351830447905,19.48259883498795
2.320138940310056,19.51553866686907
2.3199260892335705,19.548478498750193
2.3197132772076983,19.584858700575786
2.3195005042216943,19.62656530424009
2.319287770264817,19.66827190790434
2.319075075326328,19.709978511568647
2.3188624193954945,19.751685115232952
2.3186498024615854,19.793391718897254
2.318437224513876,19.835098322561564
2.3182246855416433,19.876804926225866
2.3180121855341698,19.91851152989017
2.317799724480741,19.960218133554473
2.3175873023706473,20.00192473721878
2.3173749191931825,20.04363134088303
2.3171625749376434,20.084580616591676
2.316950269593332,20.13636592686692
2.3167380031495535,20.192941027581703
2.316525775595618,20.24951612829649
2.316313586920838,20.30609122901128
2.3161014371145314,20.350474619482448
2.3158893261660194,20.39130049311708
2.3156772540646267,20.432126366751763
2.315465220799682,20.461955561690907
2.315253226360519,20.489255472185214
2.315041270736474,20.51655538267952
2.3148293539168874,20.543855293173827
2.3146174758911044,20.571155203668134
2.314405636648473,20.598455114162437
2.314193836178346,20.625755024656744
2.3139820744700796,20.65305493515102
2.313770351513034,20.680354845645326
2.313558667296573,20.707654756139632
2.313347021810065,20.73495466663394
2.3131354150428813,20.761007222263572
2.3129238469843987,20.78397512796849
2.3127123176239954,20.806943033673402
2.312500826951056,20.829910939378294
2.312289374954968,20.852878845083207
2.3120779616251217,20.87584675078812
2.311866586950913,20.898814656493037
2.3116552509217407,20.921782562197954
2.3114439535270077,20.944750467902868
2.3112326947561215,21.204003148649207
2.3110214745984914,21.227329528894636
2.3108102930435335,21.250655909140065
2.310599150080665,21.273982289385472
2.310388045699309,21.291944713198305
2.3101769798888907,21.30772398741192
2.309965952638841,21.32049396588156
2.3097549639385933,21.3328663384026
2.3095440137775856,21.34523871092364
2.3093331021452594,21.357611083444674
2.3091222290310602,21.369983455965702
2.308911394424437,21.38235582848674
2.308700598314843,21.39472820100778
2.308489840691735,21.407100573528815
2.308279121544575,21.419472946049854
2.3080684408628263,21.42802481645149
2.307857798635958,21.431617181474863
2.307647194853443,21.43520954649824
2.307436629504757,21.438801911521615
2.30722610257938,21.442394276544988
2.307015614066796,21.445986641568368
2.3068051639564926,21.44957900659174
2.3065947522379617,21.447547640432298
2.306384378900699,21.442640075584652
2.3061740439342024,21.437732510737007
2.3059637473279766,21.432824945889358
2.305753489071528,21.42791738104171
2.305543269154367,21.42300981619406
2.305333087566008,21.41810225134641
2.3051229442959698,21.413194686498766
2.3049128393337743,21.40828712165112
2.304702772668948,21.413016598864456
2.3044927442910206,21.438459504272664
2.304282754189525,21.46571803530462
2.304072802354,21.50156856807002
2.303862888773986,21.953265423351784
2.3036530134390283,21.96879319275295
2.303443176338676,21.984320962154115
2.303233377462481,21.999848731555282
2.3030236168000005,22.015376500956442
2.3028138943407948,22.03090427035761
2.302604210074428,22.046432039758777
2.3023945639904686,22.061959809159926
2.302184956078487,22.07748757856109
2.30197538632806,22.093015347962258
2.3017658547287656,22.108662604496626
2.301556361270188,22.131768811338773
2.301346905941914,22.154875018180924
2.301137488733534,22.177981225023075
2.300928109634642,22.201087431865226
2.3007187686348374,22.22419363870737
2.3005094657237217,22.247299845549506
2.3003002008909004,22.270406052391657
2.3000909741259834,22.293512259233808
2.2998817854185845,22.305398606519233
2.2996726347583203,22.315332436673266
2.2994635221348116,22.325266266827306
2.2992544475376837,22.33520009698134
2.2990454109565657,22.34513392713536
2.298836412381088,22.35404821273469
2.298627451800888,22.3627538422055
2.2984185292056054,22.371459471676317
2.298209644584883,22.380165101147135
2.2980007979283696,22.388870730617946
2.297791989225715,22.397576360088763
2.297583218466574,22.406281989559574
2.2973744856406064,22.41498761903039
2.297165790737474,22.423693248501195
2.2969571337468424,22.43239887797201
2.296748514658382,22.441104507442823
2.2965399334617667,22.44265647570007
2.2963313901466735,22.443593851988368
2.2961228847027835,22.444531228276666
2.2959144171197816,22.445468604564965
2.2957059873873567,22.446405980853253
2.295497595495201,22.447343357141552
2.2952892414330104,22.44828073342985
2.2950809251904856,22.44921810971815
2.294872646757329,22.45015548600645
2.294664406123249,22.45109286229475
2.294456203277956,22.4517337473182
2.294248038211165,22.4422566983423
2.294039910912595,22.4327796493664
2.2938318213719677,22.423302600390485
2.293623769579009,22.413825551414583
2.293415755523449,22.40434850243868
2.293207779195021,22.394871453462777
2.292999840583463,22.385394404486874
2.2927919396785144,22.37591735551097
2.2925840764699204,22.366440306535072
2.29237625094743,22.35696325755916
2.292168463100795,22.347486208583256
2.29196071291977,22.33978232988195
2.291753000394116,22.34316387716287
2.2915453255135954,22.34654542444379
2.2913376882679755,22.349926971724713
2.2911300886470265,22.353308519005637
2.290922526640523,22.35669006628656
2.290715002238243,22.360071613567484
2.2905075154299683,22.36345316084839
2.2903000662054844,22.36683470812931
2.29009265455458,22.371652600785474
2.289885280467048,22.382933430221733
2.289677943932686,22.394214259657996
2.2894706449412925,22.40635682129759
2.2892633834826728,22.422541900835423
2.289056159546634,22.438726980373232
2.2888489731229873,22.454912059911067
2.2886418242015476,22.471097139448897
2.288434712772134,22.478442889962793
2.288227638824568,22.479741445729765
2.2880206023486767,22.48104000149673
2.2878136033342895,22.482338557263695
2.2876066417712395,22.483637113030664
2.2873997176493637,22.484935668797633
2.287192830958504,22.486234224564598
2.2869859816885034,22.487532780331563
2.2867791698292104,22.49059508256161
2.2865723953704773,22.497221288210064
2.286365658302159,22.503847493858515
2.2861589586141147,22.510473699506967
2.2859522962962076,22.517099905155426
2.285745671338304,22.523726110803878
2.2855390837302734,22.53035231645233
2.2853325334619905,22.53697852210078
2.285126020523332,22.54092014122603
2.284919544904179,22.5429623721489
2.2847131065944173,22.545004603071767
2.284506705583934,22.547046833994635
2.2843003418626218,22.549089064917506
2.284094015420376,22.551131295840378
2.283887726247097,22.553173526763246
2.283681474332687,22.555215757686113
2.2834752596670524,22.56919716459184
2.283269082240104,22.586275596142848
2.2830629420417554,22.603354027693847
2.2828568390619246,22.619879493125303
2.282650773290533,22.628586597673802
2.2824447447175045,22.65158051287592
2.2822387533327686,22.677540859359034
2.282032799126257,22.70350120584215
2.281826882087905,22.72946155232527
2.281621002207653,22.75542189880838
2.2814151594754435,22.781382245291496
2.281209353881223,22.807342591774614
2.281003585414942,22.83330293825773
2.280797854066555,22.85926328474084
2.2805921598260186,22.88522363122395
2.2803865026832946,22.911183977707065
2.2801808826283474,22.939828280713932
2.2799752996511455,22.976707760185292
2.279769753741661,23.026336544938516
2.2795642448898694,23.07596532969174
2.2793587730857503,23.125594114444965
2.279153338319287,23.175222899198175
2.2789479405804642,23.2248516839514
2.2787425798592733,23.274480468704624
2.2785372561457082,23.31378447378211
2.2783319694297655,23.329683834308412
2.2781267197014468,23.345583194834717
2.2779215069507557,23.361482555361015
2.277716331167701,23.37776822570251
2.2775111923422946,23.395119275414444
2.2773060904645512,23.41247032512636
2.27710102552449,23.429821374838294
2.2768959975121335,23.447172424550228
2.2766910064175074,23.464523474262165
2.276486052230642,23.4818745239741
2.2762811349415704,23.499225573686033
2.276076254540329,23.516576623397967
2.275871411016959,23.518606171816245
2.2756666043615037,23.518673994175515
2.275461834564011,23.518741816534785
2.2752571016145327,23.518809638894048
2.2750524055031227,23.523001787990424
2.2748477462198395,23.53008869527099
2.2746431237547458,23.537175602551557
2.2744385380979057,23.544262509832123
2.2742339892393897,23.55134941711269
2.27402947716927,23.558436324393256
2.2738250018776225,23.565523231673822
2.2736205633545272,23.57261013895439
2.273416161590067,23.579697046234955
2.27321179657433,23.5809819104978
2.2730074682974055,23.579787061461623
2.2728031767493886,23.57859221242544
2.272598921920376,23.572059142078132
2.2723947038004693,23.559918100992924
2.272190522379773,23.547777059907716
2.2719863776483957,23.535636018822508
2.2717822695964487,23.5234949777373
2.271578198214048,23.511353936652093
2.2713741634913127,23.499212895566885
2.2711701654183645,23.487071854481677
2.27096620398533,23.47493081339647
2.270762279182339,23.445921994273938
2.270558390999524,23.410999683699057
2.270354539427022,23.376077373124183
2.270150724454973,23.34107201193057
2.2699469460735213,23.305654907151993
2.269743204272814,23.270237802373412
2.2695394990430016,23.234820697594834
2.2693358303742386,23.199403592816275
2.2691321982566834,23.163986488037693
2.2689286026804965,23.128569383259112
2.2687250436358437,23.09315227848053
2.268521521112893,23.057735173701953
2.268318035101817,23.0177559487717
2.2681145855927904,22.961716043836258
2.2679111725759933,22.905676138900816
2.2677077960416074,22.84963623396537
2.26750445597982,22.79363495198703
2.267301152380819,22.737633725745106
2.267097885234799,22.681632499503184
2.266894654531956,22.625631273261263
2.26669146026249,22.58835339143824
2.2664883024166054,22.554679481510053
2.266285180984509,22.52100557158187
2.266082095956412,22.487331661653705
2.265879047322528,22.463916787491172
2.2656760350730747,22.449088307612
2.265473059198274,22.43425982773283
2.26527011968835,22.419431347853653
2.2650672165335313,22.40184234318172
2.26486434972405,22.382253126802226
2.2646615192501405,22.36266391042273
2.264458725102042,22.34307469404323
2.2642559672699973,22.323485477663738
2.2640532457442513,22.30389626128424
2.263850560515053,22.284307044904743
2.263647911572656,22.26471782852525
2.263445298907316,22.245128612145756
2.2632427225092933,22.225539395766255
2.2630401823688504,22.20595017938676
2.2628376784762545,22.186360963007267
2.2626352108217755,22.166771746627774
2.2624327793956867,22.147182530248273
2.262230384188266,22.133837252770277
2.262028025189793,22.122400020459256
2.2618257023905524,22.110962788148235
2.261623415780832,22.099525555837214
2.2614211653509226,22.088088323526193
2.2612189510911183,22.07665109121517
2.261016772991718,22.06521385890415
2.2608146310430217,22.053776626593127
2.2606125252353357,22.042339394282106
2.2604104555589677,22.030902161971085
2.2602084220042293,22.019464929660064
2.2600064245614364,22.009577888417514
2.2598044632209078,22.005465194252416
2.2596025379729654,22.001352500087307
2.259400648807935,21.997239805922206
2.2591987957161455,21.993127111757108
2.2589969786879296,21.989014417592006
2.2587951977136234,21.98490172342691
2.2585934527835665,21.980789029261807
2.258391743888102,21.976676335096712
2.2581900710175757,21.97256364093161
2.257988434162338,21.957844944200165
2.2577868333127427,21.932640509650305
2.2575852684591453,21.90743607510045
2.2573837395919067,21.8822316405506
2.2571822467013902,21.85871849470648
2.2569807897779635,21.83817966614687
2.2567793688119964,21.817640837587263
2.2565779837938633,21.797102009027654
2.2563766347139413,21.77688529608409
2.2561753215626115,21.772562912687548
2.255974044330258,21.768240529291006
2.255772803007268,21.76391814589447
2.2555715975840336,21.759595762497927
2.2553704280509486,21.75527337910139
2.2551692943984114,21.750950995704848
2.2549681966168227,21.746628612308307
2.254767134696588,21.745336490665544
2.2545661086281155,21.74834952924596
2.2543651184018167,21.751362567826405
2.254164164008106,21.75437560640685
2.253963245437403,21.757388644987294
2.253762362680129,21.76040168356774
2.2535615157267097,21.763414722148184
2.2533607045675734,21.76642776072863
2.2531599291931528,21.769440799309045
2.2529591895938825,21.764959269331918
2.2527584857602023,21.75793164811318
2.252557817682554,21.750904026894446
2.252357185351384,21.74387640567571
2.252156588757141,21.736848784456974
2.2519560278902775,21.729821163238242
2.25175550274125,21.722793542019506
2.2515550133005178,21.71576592080077
2.2513545595585436,21.70873829958203
2.251154141505793,21.695049590621704
2.2509537591327358,21.682121025931174
2.2507534124298454,21.66919246124064
2.250553101387598,21.656263896550108
2.2503528259964733,21.643335331859575
2.2501525862469545,21.630406767169042
2.249952382129528,21.61747820247851
2.2497522136346833,21.604549637787976
2.2495520807529146,21.591621073097443
2.2493519834747175,21.578692508406913
2.249151921790593,21.56576394371638
2.248951895691044,21.552835379025847
2.248751905166577,21.540361030250168
2.2485519502077036,21.528494297732863
2.2483520308049356,21.51662756521556
2.2481521469487915,21.50476083269826
2.2479522986297904,21.49289410018096
2.2477524858384563,21.204770522220507
2.2475527085653164,21.192618239621765
2.247352966800901,21.180465957023017
2.247153260535744,21.168313674424276
2.2469535897603823,21.156161391825528
2.246753954465357,21.144009109226786
2.2465543546412112,21.13185682662804
2.2463547902784926,21.119704544029297
2.246155261367752,21.107552261430552
2.245955767899542,21.095399978831807
2.2457563098644218,21.083247696233062
2.2455568872529508,21.071095413634318
2.245357500055693,21.058943131035573
2.245158148263217,21.046790848436828
2.244958831866092,21.034638565838087
2.244759550854893,21.02248628323934
2.2445603052201966,21.010334000640597
2.2443610949525845,20.99818171804185
2.24416192004264,20.986029435443104
2.2439627804809508,20.97387715284436
2.2437636762581077,20.961724870245614
2.243564607364705,20.938049186539228
2.2433655737913396,20.911133302465032
2.2431665755286128,20.650327410959363
2.2429676125671287,20.604419436926776
2.2427686848974946,20.558511462894195
2.242569792510321,20.512603488861608
2.2423709353962225,20.466695514829027
2.2421721135458164,20.420787540796443
2.241973326949723,20.37487956676386
2.2417745755985674,20.328971592731303
2.241575859482976,20.28306361869872
2.2413771785935803,20.237155644666135
2.2411785329210137,20.190196761587693
2.240979922455914,20.14100562796544
2.240781347188922,20.091814494343197
2.2405828071106817,20.042623360720945
2.24038430221184,20.001907116162727
2.240185832483048,19.968343521759074
2.2399873979149594,19.93477992735542
2.2397889984982315,19.90121633295177
2.239590634223525,19.867652738548117
2.2393923050815037,19.85174167815166
2.2391940110628346,19.837980529383948
2.2389957521581887,19.824219380616235
2.2387975283582393,19.81045823184852
2.2385993396536645,19.796697083080808
2.2384011860351434,19.782935934313095
2.23820306749336,19.76917478554538
2.2380049840190024,19.755413636777668
2.2378069356027597,19.741652488009954
2.2376089222353257,19.727891339242237
2.2374109439073977,19.71413019047452
2.2372130006096755,19.700369041706814
2.237015092332863,19.6866078929391
2.2368172190676665,19.672846744171387
2.2366193808047963,19.65908559540367
2.2364215775349656,19.645324446635957
2.2362238092488913,19.63156329786824
2.236026075937293,19.63292316882223
2.2358283775908943,19.63506966750911
2.2356307142004215,19.63721616619599
2.235433085756604,19.639362664882878
2.235235492250175,19.641509163569758
2.235037933671871,19.643655662256634
2.2348404100124317,19.645802160943518
2.234642921262599,19.647948659630394
2.2344454674131207,19.456437906900547
2.2342480484547447,19.437151816967067
2.2340506643782243,19.41786572703362
2.2338533151743154,19.39857963710014
2.233656000833777,19.380191288492465
2.2334587213473713,19.36242778856922
2.233261476705865,19.344664288645973
2.2330642669000262,19.326900788722725
2.2328670919206277,19.318472455981887
2.2326699517584445,19.310738376298552
2.2324728464042556,19.303004296615214
2.2322757758488434,19.295270216931904
2.2320787400829927,19.28694132993354
2.2318817390974917,19.26905220761744
2.231684772883133,19.251163085301336
2.2314878414307113,19.233273962985237
2.2312909447310245,19.21538484066913
2.2310940827748746,19.19749571835303
2.2308972555530664,19.179606596036948
2.2307004630564076,19.16171747372085
2.2305037052757095,19.143828351404743
2.2303069822017867,19.12593922908864
2.2301102938254567,19.108050106772538
2.229913640137541,19.090160984456436
2.2297170211288635,19.07126976999337
2.2295204367902515,19.02183259181244
2.229323887112536,18.97239541363151
2.229127372086551,18.922958235450643
2.228930891703133,18.873521057269713
2.228734445953123,18.824083879088775
2.2285380348273645,18.776161774502583
2.228341658316704,18.728947345665745
2.228145316411992,18.681732916828906
2.227949009104082,18.64907848079033
2.22775273638383,18.64558413972528
2.2275564982420955,18.642089798660223
2.227360294669742,18.638595457595166
2.2271641256576356,18.63510111653011
2.2269679911966453,18.63160677546505
2.226771891277644,18.6272411410381
2.2265758258915076,18.61914130592814
2.226379795029115,18.61104147081818
2.226183798681349,18.60294163570822
2.225987836839094,18.594841800598267
2.2257919094932395,18.586741965488304
2.2255960166346767,18.57864213037835
2.2254001582543013,18.57054229526839
2.2252043343430112,18.562442460158426
2.225008544891708,18.554342625048466
2.224812789891297,18.546242789938507
2.224617069332685,18.53814295482855
2.2244213832067836,18.53004311971859
2.2242257315045073,18.521943284608632
2.2240301142167733,18.513843449498673
2.2238345313345023,18.505743614388713
2.2236389828486183,18.497643779278754
2.223443468750048,18.489543944168794
2.2232479890297223,18.48252160484173
2.223052543678574,18.48059660624031
2.2228571326875404,18.471153577901582
2.2226617560475606,18.460390444587865
2.222466413749578,18.449627311274153
2.2222711057845386,18.43886417796044
2.222075832143392,18.428101044646723
2.2218805928170906,18.417337911333007
2.2216853877965903,18.40657477801929
2.22149021707285,18.395811644705596
2.2212950806368315,18.38504851139188
2.2210999784795,18.374285378078163
2.220904910591824,18.363522244764447
2.2207098769647757,18.376314662293954
2.2205148775893293,18.39469083269502
2.2203199124564628,18.415591397656797
2.2201249815571575,18.437170095610433
2.2199300848823973,18.438233168038252
2.2197352224231706,18.42965794566492
2.219540394170467,18.421082723291576
2.2193456001152803,18.41250750091823
2.219150840248608,18.403932278544886
2.2189561145614496,18.39535705617154
2.218761423044809,18.386781833798192
2.218566765689692,18.378206611424847
2.2183721424871092,18.369631389051513
2.218177553428072,18.361056166678168
2.217982998503597,18.352480944304823
2.217788477704703,18.343905721931478
2.2175939910224125,18.337490204309372
2.2173995384477503,18.33118336576983
2.2172051199717453,18.324876527230288
2.2170107355854287,18.318569688690747
2.216816385279836,18.312262850151207
2.2166220690460046,18.305956011611674
2.2164277868749758,18.299649173072133
2.216233538757793,18.29334233453259
2.2160393246855046,18.293140424099757
2.2158451446491605,18.299414022183427
2.215650998639814,18.305687620267097
2.2154568866485227,18.311961218350767
2.215262808666346,18.318234816434426
2.2150687646843465,18.324508414518096
2.214874754693591,18.330782012601766
2.214680778685149,18.337055610685432
2.214486836650092,18.343329208769102
2.2142929285794954,18.349602806852772
2.214099054464439,18.35587640493644
2.2139052142960036,18.36215000302011
2.213711408065275,18.36842360110378
2.2135176357633406,18.374697199187437
2.213323897381291,18.38097079727111
2.2131301929102216,18.387244395354777
2.212936522341229,18.393459304635307
2.212742885665414,18.399247235462045
2.2125492828738795,18.405035166288783
2.2123557139577334,18.41082309711552
2.2121621789080854,18.416611027942253
2.2119686777160474,18.422398958768994
2.211775210372736,18.428186889595732
2.2115817768692705,18.43397482042247
2.2113883771967733,18.439762751249212
2.211195011346369,18.44555068207595
2.2110016793091867,18.444318028363874
2.210808381076358,18.440470330331713
2.2106151166390178,18.436622632299553
2.2104218859883034,18.432774934267393
2.2102286891153553,18.428927236235232
2.2100355260113185,18.425079538203068
2.209842396667339,18.421231840170904
2.2096493010745677,18.417384142138744
2.2094562392241577,18.41353644410658
2.209263211107265,18.409688746074416
2.2090702167150496,18.405841048042262
2.2088772560386736,18.4019933500101
2.208684329069303,18.398145651977934
2.2084914357981056,18.394297953945774
2.2082985762162544,18.39045025591361
2.2081057503149233,18.693831821619412
2.2079129580852905,18.6883041752157
2.2077201995185374,18.72112425215754
2.207527474605848,18.721398673365748
2.2073347833384096,18.721673094573955
2.2071421257074118,18.721947515782162
2.206949501704048,18.722221936990366
2.2067569113195153,18.722496358198576
2.2065643545450127,18.72277077940678
2.206371831371743,18.721861101614866
2.2061793417909117,18.72080331037673
2.2059868857937275,18.71974551913859
2.205794463371402,18.71868772790046
2.2056020745151503,18.71762993666232
2.2054097192161906,18.716572145424188
2.2052173974657427,18.715514354186055
2.2050251092550317,18.714456562947916
2.2048328545752844,18.713398771709784
2.2046406334177306,18.712340980471645
2.204448445773604,18.711283189233512
2.204256291634141,18.710225397995373
2.2040641709905797,18.70916760675724
2.2038720838341637,18.710418225805363
2.203680030156138,18.713035362184385
2.2034880099477507,18.715652498563415
2.203296023200254,18.718269634942438
2.2031040699049025,18.720886771321464
2.202912150052953,18.72350390770049
2.202720263635667,18.726121044079513
2.202528410644307,18.72873818045854
2.202336591070141,18.717554274836235
2.2021448049044388,18.700553630029724
2.2019530521384723,18.68355298522321
2.2017613327635175,18.666552340416693
2.2015696467708543,18.64990753250339
2.2013779941517635,18.63678718070871
2.201186374897531,18.62366682891405
2.200994788999444,18.610546477119364
2.2008032364487944,18.59742612532468
2.2006117172368755,18.581111047864884
2.2004202313549848,18.56472046251851
2.200228778794422,18.548329877172137
2.200037359546491,18.531939291825765
2.1998459736024976,18.075396932548443
2.199654620953751,18.070232688246186
2.199463301591563,18.065068443943925
2.1992720155072494,18.059904199641668
2.199080762692129,18.053775163690418
2.198889543137522,18.03917587816455
2.198698356834753,18.024576592638688
2.19850720377515,18.009977307112823
2.1983160839500426,17.99537802158696
2.1981249973507646,17.980778736061108
2.1979339439686525,17.966179450535243
2.197742923795045,17.951580165009382
2.1975519368212852,17.936980879483514
2.197360983038718,17.922381593957653
2.1971700624386923,17.914798737291115
2.196979175012559,17.90744428171756
2.1967883207516734,17.900089826144022
2.196597499647392,17.89273537057047
2.1964067116910755,17.885380914996915
2.1962159568740875,17.878026459423367
2.1960252351877942,17.870672003849812
2.195834546623565,17.86331754827626
2.1956438911727734,17.85596309270271
2.1954532688267934,17.848608637129153
2.195262679577004,17.841254181555605
2.195072123414787,17.833899725982064
2.194881600331526,17.827384550826995
2.1946911103186086,17.818366187179176
2.1945006533674256,17.809228899863445
2.1943102294693704,17.800091612547718
2.194119838615839,17.790954325231986
2.1939294807982312,17.781817037916255
2.193739156007949,17.772679750600535
2.193548864236398,17.763542463284807
2.1933586054749856,17.754405175969076
2.1931683797151242,17.745267888653345
2.1929781869482277,17.736130601337614
2.192788027165713,17.726993314021882
2.1925979003590004,17.71785602670615
2.1924078065195136,17.708182873291314
2.192217745638678,17.693558961662372
2.192027717707924,17.67893505003344
2.1918377227186827,17.664311138404504
2.191647760662389,17.649687226775562
2.1914578315304816,17.635063315146624
2.191267935314401,17.620439403517686
2.1910780720055913,17.605815491888745
2.1908882415954998,17.591191580259803
2.1906984440755766,17.576567668630872
2.1905086794372735,17.561986235529496
2.190318947672047,17.56303098627738
2.190129248771356,17.564075737025263
2.1899395827266623,17.565120487773147
2.1897499495294306,17.56616523852103
2.189560349171128,17.56720998926891
2.189370781643226,17.568254740016798
2.1891812469371974,17.569299490764678
2.1889917450445195,17.574020309675934
2.188802275956671,17.58025542866079
2.1886128396651348,17.586490547645656
2.188423436161396,17.592725666630514
2.188234065436943,17.598960785615375
2.1880447274832675,17.605195904600237
2.187855422291863,17.611431023585098
2.1876661498542274,17.617666142569963
2.1874769101618603,17.62390126155482
2.1872877032062648,17.630136380539682
2.187098528978947,17.636236710108243
2.1869093874714154,17.641159857824555
2.1867202786751827,17.646083005540874
2.186531202581763,17.65100615325719
2.1863421591826744,17.655929300973504
2.186153148469437,17.660852448689823
2.1859641704335755,17.665775596406142
2.1857752250666156,17.670698744122458
2.1855863123600865,17.67123294073592
2.185397432305521,17.66935311446729
2.1852085848944545,17.66747328819867
2.185019770118425,17.665593461930044
2.184830987968974,17.66371363566142
2.1846422384376454,17.66183380939281
2.184453521515986,17.659953983124183
2.1842648371955455,17.65807415685556
2.1840761854678776,17.65632950335854
2.183887566324537,17.654718354210623
2.1836989797570836,17.653107205062703
2.183510425757078,17.651496055914784
2.183321904316085,17.649884906766864
2.1831334154256723,17.64827375761895
2.18294495907741,17.64363401727355
2.1827565352628713,17.63732977590648
2.1825681439736324,17.631025534539415
2.182379785201272,17.62472129317235
2.182191458937373,17.61841705180528
2.182003165173519,17.612112810438212
2.181814903901299,17.605808569071147
2.1816266751123035,17.59950432770409
2.181438478798125,17.593200086337024
2.181250314950361,17.58689584496996
2.1810621835606105,17.58059160360289
2.1808740846204757,17.574287362235825
2.180686018121562,17.567948694430388
2.180497984055478,17.548821649997205
2.1803099824138332,17.52889871875155
2.180122013188243,17.508975787505893
2.179934076370323,17.489052856260262
2.179746171951694,17.469129925014606
2.1795582999239773,17.44920699376895
2.179370460278799,17.42928406252329
2.1791826530077874,17.409361131277635
2.178994878102573,17.389438200031975
2.178807135554791,17.382316321254436
2.1786194253560778,17.377897330239463
2.178431747498073,17.373478339224484
2.1782441019724197,17.369059348209504
2.178056488770763,17.364640357194524
2.177868907884752,17.360221366179545
2.1776813593060376,17.355802375164565
2.1774938430262742,17.35138338414959
2.1773063590371193,17.34696439313461
2.177118907330232,17.34254540211963
2.176931487897276,17.338126411104653
2.1767441007299166,17.333707420089674
2.176556745819822,17.329288429074694
2.1763694231586643,17.324869438059718
2.1761821327381177,17.321479566912927
2.1759948745498594,17.320306754468035
2.175807648585569,17.319133942023136
2.1756204548369302,17.317961129578244
2.175433293295628,17.316788317133348
2.175246163953352,17.310466433543553
2.175059066801792,17.30329968322886
2.174872001832644,17.296132932914173
2.174684969037605,17.288966182599484
2.174497968408374,17.281799432284792
2.174310999936655,17.274632681970104
2.1741240636141534,17.267465931655416
2.173937159432578,17.260299181340727
2.1737502873836396,17.25313243102604
2.1735634474590535,17.243770957526003
2.1733766396505363,17.231093535034407
2.173189863949808,17.218408336371702
2.173003120348592,17.205723137708997
2.1728164088386133,17.19303793904629
2.172629729411601,17.18035274038359
2.1724430820592864,17.16766754172089
2.1722564667734034,17.154982343058183
2.172069883545689,17.142297144395478
2.171883332367884,17.129611945732773
2.1716968132317302,17.116926747070067
2.171510326128974,17.104241548407362
2.171323871051363,17.091556349744657
2.1711374479906493,17.078962527539733
2.170951056938587,17.070040743969866
2.170764697886932,17.061118960399998
2.1705783708274446,17.05219717683013
2.1703920757518875,17.04327539326026
2.1702058126520263,17.03364840044347
2.170019581519629,17.021214039382563
2.169833382346466,17.00877967832166
2.169647215124313,16.99634531726075
2.169461079844945,16.98394300631441
2.1692749765001422,16.971564068048977
2.169088905081687,16.95918512978355
2.1689028655813645,16.946806191518117
2.168716857990962,16.934427253252686
2.1685308823022718,16.922048314987254
2.1683449385070865,16.909669376721823
2.1681590265972024,16.89729043845639
2.1679731465644196,16.88491150019096
2.167787298400539,16.872532561925528
2.167601482097367,16.857714641926556
2.1674156976467094,16.83984110193622
2.1672299450403782,16.821967561945886
2.167044224270186,16.804149792798345
2.1668585353279495,16.791872383066664
2.1666728782054876,16.77959497333498
2.166487252894621,16.7673175636033
2.166301659387175,16.75504015387162
2.1661160976749763,16.74276274413994
2.165930567749856,16.73048533440826
2.1657450696036467,16.71820792467658
2.1655596032281834,16.705930514944903
2.1653741686153056,16.693653105213222
2.1651887657568536,16.68137569548154
2.165003394644673,16.671309630747636
2.164818055270609,16.66217661058983
2.1646327476265124,16.653043590432027
2.164447471704235,16.64391057027422
2.1642622274956325,16.634777550116414
2.1640770149925626,16.62564452995861
2.1638918341868867,16.616511509800805
2.1637066850704683,16.60737848964299
2.1635215676351733,16.598245469485185
2.163336481872871,16.589112449327384
2.163151427775434,16.579979429169576
2.1629664053347364,16.57084640901177
2.162781414542656,16.561713388853967
2.162596455391073,16.554680139599224
2.1624115278718707,16.552564290784858
2.1622266319769348,16.550448441970495
2.1620417676981543,16.54833259315611
2.1618569350274197,16.54621674434175
2.161672133956626,16.543483922393545
2.16148736447767,16.540616916018486
2.1613026265824518,16.53774990964342
2.161117920262873,16.53488290326836
2.160933245510839,16.532015896893295
2.160748602318259,16.529148890518215
2.160563990677043,16.526281884143152
2.1603794105791043,16.52341487776809
2.1601948620163594,16.520547871393028
2.1600103449807273,16.517680865017965
2.15982585946413,16.514813858642903
2.1596414054584923,16.51194685226784
2.1594569829557417,16.51581965649084
2.1592725919478077,16.52409121632374
2.159088232426624,16.537650650589672
2.158903904384125,16.5514472939932
2.15871960781225,16.565243937396726
2.1585353427029403,16.579040580800253
2.158351109048139,16.59283722420378
2.1581669068397935,16.606633867607307
2.157982736069853,16.62043051101083
2.1577985967302697,16.630531899571622
2.1576144888129978,16.6373323730764
2.157430412309996,16.64413284658118
2.1572463672132236,16.65093332008596
2.1570623535146445,16.657733793590744
2.1568783712062247,16.66453426709552
2.156694420279932,16.683951399473035
2.1565105007277383,16.708802045403495
2.1563266125416174,16.733652691333962
2.1561427557135464,16.758503337264404
2.155958930235505,16.783353983194864
2.155775136099475,16.80820462912533
2.155591373297441,16.833055275055795
2.1554076418213923,16.85790592098626
2.1552239416633183,16.882756566916722
2.1550402728152123,16.904909402659527
2.1548566352690703,16.924838369113232
2.154673029016891,16.944767335566958
2.154489454050676,16.96706145087395
2.154305910362429,17.014551977764146
2.1541223979441573,17.062042504654343
2.15393891678787,17.109533031544544
2.15375546688558,17.157023558434744
2.1535720482293015,17.204514085324938
2.153388660811053,17.242175048984095
2.153205304622855,17.274053041551607
2.1530219796567303,17.305931034119183
2.1528386859047046,17.337809026686756
2.152655423358807,17.36090926642697
2.1524721920110683,17.377428099231366
2.152288991853523,17.393946932035764
2.1521058228782075,17.41046576484016
2.1519226850771616,17.426984597644516
2.151739578442427,17.443503430448914
2.151556502966049,17.46002226325331
2.1513734586400752,17.47654109605771
2.1511904454565554,17.493059928862106
2.151007463407543,17.509578761666504
2.1508245124850935,17.5260975944709
2.1506415926812656,17.5426164272753
2.1504587039881202,17.559135260079696
2.150275846397721,17.581754236158396
2.1500930199021346,17.614169280475643
2.1499102244934303,17.64513231253618
2.1497274601636795,17.674728337494727
2.1495447269049577,17.704324362453278
2.1493620247093412,17.733920387411825
2.1491793535689108,17.76351641237037
2.1489967134757486,17.79311243732886
2.14881410442194,17.82270846228741
2.148631526399573,17.85462726599487
2.1484489794007393,17.889664548811222
2.148266463417531,17.933439764101365
2.148083978442045,17.980096236024934
2.1479015244663797,18.026752707948507
2.147719101482637,18.07340917987208
2.1475367094829205,18.12006565179565
2.147354348459338,18.166722123719147
2.1471720184039977,18.21337859564272
2.146989719309013,18.257545621199625
2.146807451166498,18.262404128686033
2.14662521396857,18.26726263617244
2.1464430077073504,18.27212114365885
2.1462608323749617,18.276979651145254
2.146078687963529,18.28183815863165
2.1458965744651812,18.289615963563225
2.1457144918720483,18.300215965627938
2.145532440176265,18.31081596769265
2.145350419369967,18.321415969757364
2.145168429445293,18.33201597182208
2.144986470394385,18.342615973886794
2.1448045422093873,18.353215975951507
2.1446226448824466,18.36381597801622
2.1444407784057127,18.37441598008092
2.144258942771338,18.38501598214563
2.144077137971477,18.395615984210345
2.1438953639982876,18.406215986275058
2.1437136208439296,18.41681598833977
2.1435319085005666,18.427415990404484
2.1433502269603637,18.438015992469197
2.1431685762154897,18.449387146659525
2.142986956258115,18.462231997872962
2.1428053670804124,18.475076849086406
2.1426238086745593,18.487921700299843
2.142442281032734,18.500766551513287
2.142260784147118,18.513611402726724
2.1420793180098956,18.526456253940164
2.1418978826132533,18.539301105153605
2.1417164779493807,18.55297556281821
2.14153510401047,18.606141945303136
2.1413537607887156,18.65910136231259
2.1411724482763153,18.710660208753644
2.140991166465468,18.746214972736446
2.140809915348378,18.75572743410673
2.1406286949172495,18.765239895477016
2.1404475051642904,18.7747523568473
2.140266346081712,18.78426481821758
2.140085217661727,18.793777279587864
2.139904119896551,18.80328974095815
2.1397230527784026,18.812802202328434
2.139542016299503,18.822314663698723
2.139361010452076,18.831827125069008
2.1391800352283483,18.841339586439297
2.1389990906205485,18.850852047809582
2.138818176620908,18.860364509179867
2.1386372932216613,18.869876970550145
2.1384564404150455,18.87938943192043
2.1382756181932994,18.882673696859925
2.1380948265486657,18.885253466884038
2.1379140654733892,18.888221140164603
2.137733334959717,18.899032471546732
2.1375526349998997,18.909843802928854
2.137371965586189,18.920655134310984
2.137191326710841,18.931466465693106
2.137010718366113,18.94227779707523
2.136830140544265,18.953089128457357
2.136649593237561,18.96390045983948
2.136469076438267,18.974711791221605
2.13628859013865,18.98552312260373
2.1361081343309816,18.996334453985853
2.1359277090075355,19.007880716775652
2.135747314160588,19.02424418421543
2.1355669497824175,19.040245519930423
2.135386615865305,19.05499878513959
2.1352063124015355,19.069752050348754
2.1350260393833946,19.08450531555792
2.1348457968031718,19.099258580767092
2.134665584653159,19.114011845976258
2.134485402925651,19.128765111185416
2.1343052516129437,19.143157694797786
2.134125130707338,19.151271934126395
2.1339450402011346,19.159386173455005
2.1337649800866396,19.165182823150708
2.1335849503561595,19.16900321411979
2.1334049510020052,19.172823605088873
2.1332249820164884,19.17664399605796
2.133045043391925,19.180464387027044
2.132865135120632,19.18428477799613
2.13268525719493,19.188105168965215
2.132505409607142,19.191925559934297
2.132325592349594,19.195745950903383
2.1321458054146136,19.19956634187247
2.1319660487945318,19.20338673284155
2.1317863224816813,19.207207123810633
2.131606626468399,19.211027514779722
2.131426960747022,19.214847905748805
2.131247325309893,19.218668296717894
2.131067720149354,19.222488687686976
2.130888145257752,19.221810591547268
2.130708600627436,19.218191395661908
2.1305290862507573,19.21457219977655
2.1303496021200696,19.211916629920626
2.1301701482277293,19.209722748880647
2.129990724566096,19.207528867840686
2.1298113311275304,19.205334986800707
2.129631967904398,19.20314110576073
2.1294526348890646,19.20094722472075
2.1292733320739,19.198855691308136
2.129094059451276,19.200019535381777
2.128914817013568,19.201183379455422
2.128735604753152,19.202347223529074
2.128556422662408,19.20351106760272
2.128377270733718,19.20467491167636
2.1281981489594672,19.20583875575
2.1280190573320428,19.207002599823646
2.1278399958438343,19.20816644389729
2.127660964487235,19.209330287970932
2.1274819632546396,19.210494132044573
2.1273029921384454,19.211657976118218
2.1271240511310534,19.206408205412686
2.1269451402248647,19.176610715538636
2.1267662594122863,19.146813225664587
2.1265874086857246,19.11701573579054
2.126408588037591,19.087218245916493
2.126229797460298,19.074374572178222
2.126051036946261,19.063214039987223
2.125872306487899,19.05205350779623
2.125693606077631,19.040892975605228
2.125514935707881,19.02973244341423
2.125336295371074,19.01857191122323
2.1251576850596394,19.007411379032227
2.124979104766007,18.996250846841228
2.1248005544826105,18.98509031465023
2.124622034201886,18.97392978245923
2.124443543916271,18.96276925026823
2.1242650836182078,18.942320290107638
2.1240866533001386,18.913714682349855
2.12390825295451,18.885109074592066
2.12372988257377,18.856503466834276
2.123551542150371,18.82789785907649
2.123373231676765,18.799292251318704
2.123194951145409,18.770686643560914
2.123016700548762,18.739480899687095
2.1228384798792845,18.7011848394433
2.122660289129441,18.66704578192194
2.122482128291697,18.64241170229391
2.1223039973585216,18.617777622665876
2.122125896322386,18.59314354303785
2.121947825175765,18.56850946340982
2.121769783911134,18.54387538378179
2.1215917725209716,18.519241304153763
2.1214137909977606,18.494607224525744
2.121235839333984,18.469973144897715
2.1210579175221285,18.445339065269685
2.120880025554683,18.420704985641656
2.120702163424139,18.396070906013627
2.120524331122991,18.371436826385597
2.120346528643735,18.34987426885269
2.1201687559788707,18.32832832806178
2.1199910131208988,18.30678238727085
2.119813300062324,18.285236446479924
2.119635616795653,18.263690505689
2.1194579633133945,18.24214456489807
2.1192803396080606,18.22059862410714
2.119102745672165,18.199052683316218
2.118925181498225,18.17750674252529
2.118747647078759,18.156236400418763
2.1185701424062895,18.13508463843437
2.11839266747334,18.113932876449958
2.118215222272438,18.092781114465552
2.1180378067961114,18.071629352481146
2.117860421036893,18.050477590496733
2.117683064987317,18.035439119275914
2.117505738639919,18.022237251227477
2.11732844198724,18.009035383179054
2.1171511750218195,17.995878809724573
2.116973937736203,17.98284463698314
2.1167967301229376,17.969810464241704
2.1166195521745714,17.956776291500265
2.116442403883657,17.943742118758827
2.116265285242748,17.930707946017392
2.116088196244401,17.917673773275958
2.115911136881176,17.904639600534523
2.1157341071456335,17.8916054277931
2.1155571070303383,17.87857125505166
2.1153801365278566,17.865537082310226
2.1152031956307584,17.85250290956879
2.115026284331614,17.839468736827357
2.114849402622999,17.826434564085922
2.1146725504974886,17.815566661672907
2.114495727947663,17.80756036223903
2.1143189349661022,17.799554062805147
2.114142171545392,17.791547763371263
2.1139654376781176,17.78354146393738
2.1137887333568686,17.7755351645035
2.113612058574236,17.767528865069615
2.113435413322814,17.75952256563573
2.1132587975951993,17.751516266201847
2.11308221138399,17.743509966767967
2.1129056546817884,17.735503667334086
2.112729127481198,17.727497367900206
2.1125526297748243,17.71949106846632
2.112376161555277,17.711484769032438
2.1121997228151668,17.701705701144288
2.1120233135471076,17.689330391547465
2.111846933743716,17.676955081950645
2.11167058339761,17.664579772353836
2.111494262501411,17.65220446275702
2.1113179710477423,17.639829153160196
2.1111417090292304,17.62813120411271
2.110965476438503,17.61874058208221
2.110789273268192,17.60934996005171
2.1106130995109305,17.599959338021208
2.110436955159354,17.590568715990706
2.110260840206101,17.581178093960208
2.1100847546438124,17.571787471929717
2.1099086984651314,17.56239684989922
2.109732671662704,17.551669083004533
2.109556674229178,17.52756629493082
2.1093807061572036,17.503463506857113
2.1092047674394343,17.4793607187834
2.109028858068526,17.45525793070969
2.1088529780371363,17.431155142636012
2.1086771273379257,17.4070523545623
2.1085013059635567,17.38294956648859
2.1083255139066948,17.35884677841488
2.1081497511600076,17.334743990341167
2.1079740177161654,17.307356286018837
2.1077983135678413,17.26375136625099
2.10762263870771,17.22014644648314
2.1074469931284487,17.176541526715294
2.1072713768227382,17.132936606947506
2.10709578978326,17.08933168717966
2.106920232002699,17.045726767411807
2.106744703473743,17.002121847643963
2.1065692041890816,16.958516927876115
2.106393734141407,16.914912008108267
2.1062182933234133,16.88517068653509
2.1060428817277983,16.48190737751213
2.105867499347261,16.462848968257475
2.1056921461745026,16.44379055900282
2.1055168222022282,16.424732149748166
2.105341527423145,16.405673740493512
2.1051662618299614,16.386615331238858
2.104991025415389,16.367556921984203
2.104815818172142,16.34849851272955
2.104640640092937,16.329440103474894
2.104465491170493,16.310381694220258
2.1042903713975307,16.296502429214435
2.1041152807667745,16.283328493986886
2.10394021927095,16.270154558759337
2.103765186902786,16.256980623531785
2.1035901836550135,16.243806688304236
2.1034152095203655,16.230632753076684
2.103240264491579,16.21745881784915
2.103065348561391,16.2042848826216
2.1028904617225423,16.19111094739405
2.1027156039677766,16.177937012166502
2.102540775289839,16.16476307693895
2.1023659756814768,16.1515891417114
2.1021912051354414,16.138415206483852
2.102016463644485,16.091254955258073
2.1018417512013627,16.04479666766646
2.1016670677988323,15.99833838007492
2.1014924134296535,15.951880092483307
2.1013177880865883,15.905421804891697
2.101143191762402,15.858963517300086
2.1009686244498615,15.812505229708476
2.1007940861417365,15.766046942116862
2.1006195768307987,15.719588654525253
2.100445096509823,15.703486383275747
2.1002706451715856,15.702227758032723
2.1000962228088658,15.700969132789698
2.0999218294144453,15.699710507546676
2.0997474649811076,15.698451882303651
2.09957312950164,15.697193257060627
2.0993988229688307,15.695934631817604
2.0992245453754705,15.694676006574579
2.099050296714353,15.693417381331557
2.0988760769782755,15.69215875608854
2.0987018861600344,15.690900130845517
2.0985277242524316,15.691649664288544
2.0983535912482694,15.699433589340082
2.0981794871403543,15.707217514391623
2.098005411921493,15.71500143944316
2.0978313655844967,15.722785364494701
2.097657348122178,15.730569289546247
2.0974833595273514,15.738353214597787
2.0973093997928345,15.746137139649326
2.097135468911447,15.619977071111958
2.0969615668760118,15.636460767940102
2.0967876936793526,15.652923424385591
2.0966138493142967,15.669386080831078
2.0964400337736735,15.685848737276567
2.0962662470503144,15.702311393722056
2.0960924891370545,15.716354821845965
2.0959187600267284,15.726673188395857
2.0957450597121765,15.736991554945751
2.0955713881862392,15.747309921495646
2.0953977454417605,15.75762828804554
2.095224131471586,15.767946654595434
2.0950505462685642,15.778265021145328
2.094876989825546,15.788583387695219
2.094703462135384,15.798901754245113
2.094529963190934,15.809220120795008
2.094356492985054,15.819538487344902
2.0941830515106035,15.829856853894796
2.094009638760445,15.84017522044469
2.093836254727444,15.850493586994585
2.0936628994044675,15.860811953544479
2.0934895727843847,15.871130320094373
2.0933162748600687,15.881448686644264
2.0931430056243925,15.891767053194158
2.0929697650702335,15.902085419744052
2.09279655319047,15.912403786293947
2.092623369977985,15.922722152843841
2.092450215425661,15.952266620098559
2.092277089526384,15.985131266437495
2.092103992273043,16.017995912776424
2.091930923658529,16.050860559115357
2.0917578836757342,16.083725205454293
2.091584872317555,16.11658985179323
2.0914118895768894,16.14945449813216
2.091238935446637,16.182319144471094
2.091066009919701,16.21518379081003
2.0908931129889856,16.248048437148967
2.0907202446473985,16.27318515888913
2.09054740488785,16.283762388955935
2.0903745937032503,16.29433961902275
2.0902018110865153,16.30491684908956
2.0900290570305606,16.315494079156373
2.089856331528306,16.326071309223185
2.089683634572672,16.336648539289996
2.0895109661565834,16.34722576935681
2.0893383262729652,16.35780299942362
2.0891657149147465,16.368380229490427
2.088993132074857,16.378957459557242
2.0888205777462305,16.389534689624053
2.088648051921802,16.400111919690865
2.0884755545945093,16.410689149757676
2.0883030857572926,16.421266379824488
2.088130645403094,16.431843609891303
2.0879582335248585,16.442420839958114
2.087785850115533,16.45299807002492
2.0876134951680663,16.463575300091733
2.0874411686754106,16.474152530158545
2.0872688706305196,16.484729760225356
2.08709660102635,16.495306990292168
2.08692435985586,16.50588422035898
2.0867521471120107,16.516461450425794
2.086579962787766,16.536032758693988
2.0864078068760907,16.560399765331717
2.086235679369953,16.58476677196944
2.0860635802623233,16.609133778607166
2.085891509546174,16.633500785244898
2.08571946721448,16.670524943832305
2.0855474532602187,16.731296463594933
2.0853754676763696,16.792067983357562
2.0852035104559143,16.852839503120187
2.085031581591837,16.91361102288279
2.0848596810771247,16.9707507024984
2.084687808904765,16.99053629123078
2.0845159650677503,17.005348047399
2.0843441495590733,17.020159803567225
2.08417236237173,17.034971559735446
2.084000603498718,17.049783315903667
2.0838288729330388,17.06459507207187
2.0836571706676934,17.079406828240092
2.0834854966956877,17.094218584408313
2.0833138510100286,17.109030340576535
2.083142233603726,17.123842096744756
2.0829706444697917,17.138653852912977
2.0827990836012398,17.1534656090812
2.0826275509910865,17.168277365249423
2.082456046632351,17.183089121417645
2.082284570518054,17.197900877585848
2.082113122641219,17.21271263375407
2.0819417029948717,17.22752438992229
2.08177031157204,17.242336146090512
2.081598948365754,17.257147902258733
2.081427613369047,17.271959658426955
2.0812563065749528,17.286771414595176
2.081085027976509,17.301583170763383
2.080913777566755,17.316394926931604
2.0807425553387326,17.348269252952957
2.080571361285486,17.387208784976895
2.0804001954000606,17.42713336054031
2.080229057675506,17.46705793610372
2.0800579481048724,17.506982511667132
2.0798868666812136,17.546907087230547
2.0797158133975846,17.586831662793962
2.0795447882470435,17.62675623835733
2.0793737912226495,17.666680813920742
2.0792028223174657,17.706605389484153
2.079031881524556,17.738537645480704
2.078860968836988,17.761683283661256
2.0786900842478304,17.784828921841807
2.0785192277501547,17.80797456002236
2.0783483993370346,17.831120198202882
2.078177599001546,17.854265836383433
2.078006826736767,17.877411474563985
2.0778360825357782,17.900557112744536
2.0776653663916624,17.923702750925088
2.077494678297505,17.946848389105636
2.0773240182463932,17.969994027286187
2.077153386231416,17.99313966546674
2.0769827822456666,18.016285303647287
2.076812206282238,18.039430941827817
2.0766416583342266,18.060981603646205
2.0764711383947314,18.081283751926378
2.0763006464568536,18.101585900206544
2.076130182513696,18.121888048486717
2.0759597465583646,18.142190196766883
2.0757893385839665,18.162492345047056
2.075618958583612,18.18267054903518
2.0754486065504136,18.202662572572436
2.0752782824774854,18.222654596109685
2.0751079863579442,18.24264661964694
2.0749377181849096,18.26263864318419
2.0747674779515024,18.282630666721445
2.0745972656508465,18.302622690258698
2.0744270812760672,18.32261471379595
2.0742569248202933,18.342606737333202
2.0740867962766547,18.36166229972893
2.073916695638284,18.372877085440642
2.073746622898316,18.377041765388952
2.0735765780498876,18.381206445337263
2.0734065610861383,18.385371125285573
2.0732365720002104,18.38581226276456
2.0730666107852467,18.38422803447962
2.072896677434394,18.38264380619467
2.0727267719408,18.38105957790973
2.0725568942976156,18.379475349624794
2.0723870444979937,18.377891121339857
2.0722172225350897,18.378214541111387
2.07204742840206,18.378912918345115
2.071877662092065,18.379611295578847
2.0717079235982663,18.380309672812572
2.0715382129138273,18.381008050046304
2.0713685300319153,18.381706427280022
2.0711988749456984,18.382404804513754
2.071029247648347,18.383103181747483
2.0708596481330344,18.38380155898121
2.0706900763929355,18.384499936214944
2.0705205324212286,18.38519831344867
2.0703510162110925,18.3858966906824
2.0701815277557096,18.38659506791612
2.070012067048264,18.387293445149847
2.0698426340819416,18.389667077412106
2.0696732288499318,18.38487673464107
2.069503851345425,18.378726870724545
2.0693345015616145,18.372577006808022
2.0691651794916956,18.366427142891496
2.0689958851288655,18.36027727897497
2.0688266184663244,18.354127415058443
2.068657379497274,18.347977551141902
2.0684881682149188,18.341827687225376
2.068318984612465,18.33567782330885
2.0681498286831212,18.329527959392323
2.0679807004200983,18.327986401319492
2.0678115998166096,18.328380764087093
2.0676425268658702,18.32877512685469
2.0674734815610982,18.32307490206209
2.0673044638955127,18.316148602784118
2.0671354738623355,18.30922230350615
2.0669665114547913,18.302296004228182
2.0667975766661066,18.29536970495021
2.0666286694895097,18.28844340567224
2.0664597899182318,18.28151710639427
2.0662909379455052,18.2745908071163
2.066122113564566,18.267664507838333
2.0659533167686512,18.260738208560355
2.065784547551001,18.253811909282387
2.0656158059048564,18.243016932616285
2.065447091823462,18.231848740247475
2.065278405300064,18.220680547878665
2.065109746327911,18.20951235550985
2.064941114900254,18.19834416314104
2.0647725110103456,18.18717597077223
2.0646039346514407,18.176007778403417
2.064435385816797,18.164839586034606
2.064266864499674,18.153671393665796
2.064098370693333,18.142503201296982
2.0639299043910384,18.12873763201972
2.063761465586056,18.094609386447182
2.0635930542716543,18.060481140874646
2.063424670441104,18.02635289530211
2.063256314087678,17.992224649729575
2.06308798520465,17.96783954441156
2.0629196837852986,17.962928328099288
2.0627514098229023,17.958017111787015
2.0625831633107423,17.953105895474742
2.062414944242103,17.948194679162473
2.06224675261027,17.9432834628502
2.0620785884085318,17.93837224653793
2.0619104516301774,17.933461030225658
2.061742342268501,17.928549813913385
2.0615742603167955,17.923638597601112
2.0614062057683586,17.918727381288843
2.061238178616489,17.913816164976573
2.0610701788544885,17.9089049486643
2.06090220647566,17.903993732352028
2.0607342614733093,17.904738935737733
2.0605663438407436,17.908648323928027
2.0603984535712736,17.912557712118335
2.0602305906582106,17.916467100308644
2.060062755094869,17.920376488498952
2.0598949468745658,17.92428587668926
2.059727165990619,17.928195264879566
2.0595594124363505,17.932104653069874
2.0593916862050823,17.936014041260172
2.0592239872901392,17.93992342945048
2.0590563156848494,17.943832817640786
2.058888671382542,17.94774220583109
2.058721054376549,17.9516515940214
2.058553464660204,17.955560982211708
2.058385902226843,17.959470370402016
2.058218367069804,18.171733044695884
2.058050859182428,18.173201239462315
2.0578833785580573,18.173557211854032
2.0577159251900357,18.17266701052734
2.0575484990717112,18.17177680920065
2.0573811001964324,18.17088660787396
2.0572137285575502,18.169996406547266
2.0570463841484186,18.17091917613071
2.056879066962393,18.176371997204757
2.0567117769928305,18.1818248182788
2.0565445142330914,18.187277639352843
2.0563772786765373,18.19273046042689
2.0562100703165327,18.19818328150094
2.0560428891464437,18.203636102574983
2.0558757351596393,18.209088923649027
2.0557086083494895,18.214541744723075
2.0555415087093674,18.21999456579712
2.055374436232648,18.225447386871167
2.055207390912708,18.230900207945204
2.0550403727429267,18.236353029019252
2.054873381716686,18.2418058500933
2.054706417827369,18.247258671167344
2.0545394810683617,18.25271149224139
2.054372571433052,18.25816431331544
2.0542056889148292,18.263617134389484
2.0540388335070863,18.26906995546352
2.0538720052032167,18.27452277653757
2.0537052039966177,18.279975597611617
2.053538429880687,18.28542841868566
2.0533716828488267,18.290881239759706
2.053204962894438,18.295694193033547
2.0530382700109273,18.29394638778134
2.052871604191701,18.29219858252914
2.0527049654301686,18.2963977882579
2.0525383537197412,18.30284966917526
2.052371769053833,18.309301550092613
2.0522052114258593,18.315753431009966
2.052038680829238,18.322205311927327
2.051872177257389,18.328289128576827
2.0517057007037347,18.33008112877318
2.051539251161699,18.331873128969534
2.051372828624709,18.333665129165887
2.0512064330861923,18.335457129362243
2.05104006453958,18.337249129558593
2.0508737229783045,18.339041129754946
2.0507074083958012,18.34072304807629
2.050541120785507,18.342257562822105
2.050374860140861,18.34348807755231
2.0502086264553046,18.339586528367185
2.050042419722281,18.335684979182055
2.0498762399352364,18.331783429996932
2.0497100870876177,18.32788188081181
2.049543961172875,18.32398033162668
2.04937786218446,18.320078782441552
2.049211790115827,18.316177233256425
2.0490457449604325,18.312275684071302
2.048879726711734,18.307952831674505
2.048713735363193,18.296332028800165
2.0485477709082707,18.284711225925808
2.0483818333404322,18.27309042305145
2.048215922653145,18.261469620177095
2.048050038839877,18.249848817302738
2.0478841818941,18.23822801442838
2.0477183518092867,18.226607211554025
2.047552548578912,18.21498640867967
2.0473867721964543,18.203365605805313
2.047221022655392,18.19174480293097
2.047055299949207,18.19052412468261
2.046889604071383,18.193147212156756
2.0467239350154056,18.197061462606406
2.046558292774763,18.20097571305606
2.0463926773429453,18.20488996350571
2.046227088713444,18.20880421395536
2.046061526879754,18.212718464405008
2.0458959918353714,18.21663271485466
2.045730483573794,18.220546965304315
2.045565002088523,18.224461215753966
2.045399547373061,18.228375466203616
2.0452341194209125,18.23228971665327
2.0450687182255844,18.23620396710292
2.0449033437805855,18.24011821755257
2.0447379960794274,18.24504297982648
2.0445726751156226,18.251570759995012
2.0444073808826864,18.25809854016356
2.0442421133741364,18.264626320332102
2.044076872583492,18.271154100500645
2.0439116585042743,18.277681880669192
2.0437464711300075,18.284209660837732
2.0435813104542166,18.29073744100628
2.0434161764704304,18.298488709911798
2.043251069172178,18.30906232159704
2.043085988552991,18.319635933282285
2.0429209346064043,18.33020954496753
2.042755907325954,18.340783156652773
2.042590906705178,18.351356768338015
2.042425932737617,18.36193038002326
2.042260985416813,18.372503991708506
2.0420960647363104,18.384500315832767
2.041931170689657,18.397030424753353
2.0417663032704,18.409560533673954
2.0416014624720904,18.422090642594554
2.0414366482882818,18.434620751515155
2.0412718607125284,18.44715086043575
2.0411070997383876,18.459680969356352
2.040942365359418,18.4754934626746
2.040777657569182,18.495426203520662
2.0406129763612415,18.51535894436674
2.040448321729162,18.53529168521281
2.0402836936665114,18.55522442605888
2.040119092166859,18.575157166904958
2.0399545172237765,18.59508990775103
2.0397899688308367,18.615022648597105
2.0396254469816166,18.636376813806493
2.039460951669693,18.658377060927393
2.039296482888646,18.676844403944266
2.0391320406320577,18.693932181323262
2.0389676248935116,18.71101995870226
2.0388032356665944,18.728107736081252
2.038638872944894,18.74519551346025
2.0384745367219996,18.762283290839243
2.038310226991505,18.77937106821824
2.0381459437470038,18.796458845597222
2.0379816869820924,18.81354662297622
2.037817456690369,18.830634400355212
2.0376532528654345,18.84772217773421
2.037489075500891,18.864809955113202
2.037324924590344,18.87471622406791
2.0371608001273995,18.88088774134207
2.0369967021056663,18.887059258616233
2.036832630518755,18.893230775890395
2.0366685853602795,18.89940229316456
2.0365045666238535,18.90557381043872
2.0363405743030945,18.911745327712882
2.0361766083916217,18.917916844987044
2.036012668883056,18.92463866559654
2.0358487557710205,18.932726765955728
2.0356848690491405,18.940814866314913
2.0355210087110436,18.948902966674098
2.0353571747503585,18.956991067033286
2.0351933671607165,18.965079167392474
2.0350295859357517,18.973167267751656
2.034865831069099,18.981255368110844
2.034702102554396,18.98934346847003
2.034538400385282,18.997431568829214
2.0343747245554,19.005519669188402
2.0342110750583915,19.013607769547587
2.034047451887904,19.010478000563083
2.033883855037584,19.0069806569089
2.033720284501082,19.003483313254712
2.03355674027205,18.99998596960053
2.0333932223441407,19.001200904958818
2.033229730711011,19.006414688854953
2.033066265366319,19.01162847275108
2.032902826303724,19.0168422566472
2.0327394135168886,19.022056040543333
2.032576026999476,19.025383389111795
2.0324126667451536,19.02642135616596
2.0322493327475883,19.027459323220125
2.032086025000451,19.028497290274288
2.0319227434974136,19.029535257328455
2.0317594882321504,19.030573224382614
2.031596259198338,19.018707289327416
2.031433056389654,19.003763419001185
2.0312698797997792,18.98881954867496
2.031106729422396,18.973875678348733
2.030943605251189,18.958931808022506
2.0307805072798435,18.943987937696285
2.0306174355020494,18.929044067370057
2.030454389911496,18.914100197043833
2.0302913705018772,18.899156326717602
2.030128377266886,18.884212456391374
2.02996541020022,18.86926858606515
2.0298024692955767,18.854324715738926
2.029639554546658,18.8393808454127
2.0294766659471657,18.824436975086474
2.0293138034908043,18.80782647225164
2.0291509671712813,18.79769990463431
2.028988156982305,18.78758761718753
2.0288253729175856,18.77747532974075
2.0286626149708367,18.767363042293965
2.028499883135772,18.75725075484719
2.028337177406109,18.747138467400404
2.0281744977755665,18.737026179953624
2.028011844237865,18.726913892506843
2.0278492167867275,18.716801605060063
2.0276866154158784,18.706689317613282
2.027524040119045,18.6965770301665
2.0273614908899558,18.68646474271972
2.0271989677223416,18.67635245527294
2.0270364706099357,18.66624016782616
2.026873999546473,18.65612788037938
2.02671155452569,18.64685421900103
2.0265491355413254,18.63829066177049
2.0263867425871203,18.629727104539946
2.026224375656818,18.621163547309408
2.026062034744163,18.612599990078866
2.025899719842902,18.604036432848325
2.025737430946785,18.595472875617784
2.0255751680495613,18.586909318387242
2.0254129311449844,18.578345761156704
2.02525072022681,18.56978220392616
2.0250885352887944,18.57957908260783
2.0249263763246965,18.597863587070957
2.0247642433282773,18.616148091534086
2.0246021362932995,18.634432595997215
2.024440055213528,18.652717100460343
2.0242780000827305,18.663111426092506
2.024115970894675,18.68390342189756
2.023953967643133,18.704695417702617
2.0237919903218766,18.725487413507672
2.023630038924682,18.746279409312713
2.0234681134453245,18.76707140511777
2.023306213877584,18.787863400922824
2.023144340215241,18.80865539672788
2.0229824924520785,18.829447392532934
2.0228206705818814,18.85023938833799
2.022658874598436,18.871031384143045
2.022497104495532,18.889922177547298
2.02233536026696,18.90633320532424
2.0221736419065115,18.92274423310119
2.022011949407983,18.939155260878135
2.0218502827651705,18.95556628865508
2.0216886419718727,18.971977316432028
2.0215270270218904,18.988388344208975
2.0213654379090262,19.004799371985918
2.021203874627085,19.021210399762868
2.021042337169874,19.037914899424965
2.0208808255312003,19.055425305930008
2.0207193397048755,19.072935712435047
2.020557879684713,19.09044611894009
2.0203964454645256,19.107956525445132
2.0202350370381312,19.125466931950175
2.020073654399348,19.142977338455218
2.0199122975419965,19.160487744960243
2.019750966459899,19.17799815146528
2.01958966114688,19.195508557970328
2.019428381596766,19.213018964475367
2.019267127803386,19.230529370980413
2.0191058997605693,19.247045899054747
2.0189446974621488,19.262534576237783
2.018783520901959,19.278023253420823
2.0186223700738353,19.293511930603863
2.0184612449716175,19.309000607786885
2.0183001455891443,19.324489284969925
2.0181390719202588,19.339977962152965
2.0179780239588045,19.355466639336
2.017817001698628,19.37095531651904
2.0176560051335772,19.382267530556867
2.0174950342575024,19.388787344762335
2.017334089064255,19.392354745793952
2.0171731695476898,19.394380577373358
2.017012275701662,19.396406408952764
2.0168514075200297,19.398432240532166
2.016690564996653,19.400458072111576
2.0165297481253934,19.402483903690978
2.0163689569001146,19.404509735270388
2.016208191314683,19.40653556684979
2.016047451362965,19.345736613364032
2.015886737038832,19.33582714998643
2.015726048336154,19.32591768660881
2.015565385248805,19.316008223231194
2.0154047477706607,19.306098759853583
2.0152441358955984,19.296189296475966
2.015083549617498,19.286279833098348
2.01492298893024,19.27701569127521
2.0147624538277085,19.268672925887273
2.014601944303788,19.26033016049932
2.0144414603523657,19.25198739511137
2.0142810019673316,19.243644629723416
2.014120569142576,19.23530186433546
2.0139601618719922,19.22695909894751
2.0137997801494754,19.21861633355956
2.013639423968922,19.21027356817161
2.0134790933242317,19.201930802783657
2.013318788209305,19.193588037395717
2.0131585086180435,19.185245272007762
2.012998254544353,19.17690250661981
2.012838025982141,19.16855974123186
2.0126778229253137,19.16021697584391
2.0125176453677835,19.15077056534941
2.0123574933034627,19.138163650448426
2.012197366726265,19.125556735547462
2.012037265630107,19.112949820646485
2.0118771900089074,19.1003429057455
2.0117171398565854,19.08773599084452
2.011557115167064,19.07512907594354
2.011397115934267,19.06252216104256
2.0112371421521202,19.049915246141573
2.011077193814552,19.037308331240595
2.010917270915492,19.02470141633961
2.010757373448872,19.012094501438646
2.010597501408626,18.99948758653767
2.010437654788689,18.986880671636687
2.010277833582999,18.974273756735705
2.0101180377854955,18.961666841834724
2.0099582673901195,18.960079764725634
2.009798522390815,18.959169746645397
2.0096388027815277,18.958259728565164
2.0094791085562034,18.957349710484927
2.009319439708792,18.95643969240469
2.009159796233245,18.955529674324456
2.009000178123515,18.95461965624422
2.0088405853735565,18.953709638163982
2.0086810179773265,18.95279962008375
2.0085214759287844,18.95188960200351
2.0083619592218898,18.950979583923278
2.0082024678506065,18.950069565843044
2.008043001808898,18.949159547762804
2.0078835610907313,18.94824952968257
2.0077241456900743,18.945070480418757
2.0075647556008973,18.94101974989435
2.0074053908171727,18.938966630260047
2.0072460513328747,18.9395393197223
2.0070867371419787,18.94011200918456
2.0069274482384634,18.94068469864681
2.006768184616308,18.94125738810906
2.0066089462694943,18.941830077571314
2.006449733192006,18.942402767033563
2.006290545377829,18.942975456495816
2.00613138282095,18.94354814595807
2.005972245515359,18.94412083542032
2.0058131334550473,18.944693524882574
2.005654046634008,18.945266214344826
2.0054949850462354,18.94583890380708
2.0053359486857274,18.94641159326933
2.0051769375464823,18.946984282731584
2.0050179516225017,18.947556972193837
2.0048589909077874,18.9476618735956
2.0047000553963445,18.943153301306495
2.0045411450821793,18.9386447290174
2.0043822599593004,18.934136156728293
2.0042234000217176,18.929627584439185
2.0040645652634437,18.925119012150077
2.0039057556784923,18.920610439860972
2.0037469712608798,18.91610186757186
2.003588212004624,18.911593295282756
2.0034294779037443,18.907084722993645
2.003270768952263,18.90257615070454
2.003112085144203,18.898067578415443
2.0029534264735904,18.89355900612634
2.002794792934452,18.889050433837227
2.0026361845208176,18.884541861548122
2.0024776012267176,18.880033289259014
2.0023190430461857,18.875524716969906
2.002160509973257,18.871016144680798
