B(T),MR(%)
33.13,145.63481578651232
33.08665270736535,146.4967799506574
33.043418697708276,145.2445091432997
33.000297527530975,143.77875519277308
32.95728875564765,144.20682914289495
32.91439194316949,146.19734907952935
32.87160665348971,146.2312734490574
32.82893245226875,144.34624122419058
32.786368907419586,145.3045929281781
32.74391558909314,143.96669936142075
32.70157206966381,143.50425820101668
32.6593379237151,143.64954129690628
32.61721272802539,143.35266897850013
32.57519606155382,140.9140688904905
32.53328750542617,137.4593366347526
32.49148664292109,136.89168980624277
32.449793059456134,138.4937483311541
32.40820634257416,137.8739195501948
32.366726081929684,137.98377065417313
32.32535186927539,138.9802590226176
32.28408329844873,139.4880440781683
32.242919965358666,137.9284190141832
32.20186146797243,137.7811829411014
32.16090740630248,138.86900340488907
32.12005738239348,139.14903329513763
32.07931100030944,139.6689573963971
32.03866786612088,139.99050122315958
31.99812758789219,140.38378301335243
31.957689775668978,140.9386881602794
31.917354041465625,144.46122383308352
31.877119999252802,144.04627440670282
31.83698726494524,142.67233077896447
31.796955456389416,142.87897257133318
31.757024193351526,143.4561996204107
31.717193097505337,144.00827869746325
31.677461792420345,145.56607763538096
31.637829903549818,148.0582675131106
31.59829705821912,147.66891656093443
31.558862885613934,146.02366485915087
31.51952701676877,143.34860407807514
31.48028908455535,141.61606856400573
31.441148723671294,142.98015784985003
31.40210557062868,143.97405927955558
31.363159263742894,142.82268471674587
31.324309443121354,141.5653649251866
31.285555750652534,139.1204490084452
31.24689782999486,138.244224677798
31.208335326565884,139.29344918215486
31.169867887531336,139.70155915930297
31.131495161794472,138.2012730573098
31.093216799985303,138.17384125957662
31.055032454450064,137.19481397534278
31.01694177924061,136.0873469894775
30.978944430104068,136.14370211603278
30.941040064472354,137.74948436082923
30.903228341451992,138.957653765851
30.86550892181378,140.9919635954122
30.82788146798276,139.1711211924595
30.790345644028033,137.4554850117702
30.752901115652875,139.4836168465053
30.715547550184706,141.6247884885525
30.678284616565335,141.16425802801348
30.641111985341087,140.99001883935966
30.60402932865319,138.08834961473286
30.567036320228034,138.28445203594674
30.530132635367703,138.87070771572846
30.49331795094038,142.1355155018269
30.45659194537101,144.0070421415664
30.41995429863183,142.5295251361261
30.383404692233196,140.12976157433292
30.346942809214227,139.70913366669322
30.310568334133766,139.7191781836206
30.27428095306116,141.5634238635368
30.238080353567362,141.01850802927612
30.201966224715818,139.3158881049581
30.16593825705371,137.12060942296756
30.12999614260299,134.97086967332842
30.094139574851717,134.59578311229927
30.058368248745225,136.57944705616103
30.022681860677604,138.12068484263682
29.987080108482985,137.6453410083999
29.95156269142711,136.05334074231146
29.916129310198784,135.9788546855958
29.880779666901557,135.64428102434428
29.84551346504527,136.08055376434896
29.810330409537865,138.49931247931744
29.775230206677072,138.6347875994058
29.740212564142322,137.4553145194887
29.70527719098652,136.6465894095861
29.67042379762812,137.81180700627095
29.635652095842993,140.14545627999223
29.6009617987566,141.86738455282568
29.566352620835993,141.57581892717246
29.531824277882087,140.49988194708465
29.49737648702178,138.3304452378353
29.463008966700315,138.64841787241676
29.428721436673538,141.5336922379143
29.394513618000353,144.3156695559968
29.36038523303507,143.05341559672598
29.32633600541999,139.92660060237435
29.29236566007785,137.01708530456185
29.258473923204505,138.62483228574177
29.224660522261487,140.14407329667947
29.190925185968794,141.51098365156193
29.15726764429752,142.12978615205122
29.12368762846277,139.9058817104771
29.0901848709164,135.97740779656925
29.056759105340006,134.9879514616091
29.023410066637773,136.12196654670396
28.99013749092956,135.05699828011083
28.956941115543845,135.01674250752197
28.92382067901092,132.68916056363392
28.89077592105591,130.85367589925693
28.85780658259206,132.58821875068034
28.82491240571388,133.32199390824297
28.792093133690496,135.97531387710075
28.759348510958887,136.7179791790193
28.72667828311734,137.28802462125753
28.694082196918778,135.28908085481822
28.661560000264295,134.37422133501502
28.62911144219658,136.60555034427213
28.59673627289354,137.89846699570006
28.564434243661807,139.10710924340782
28.53220510693045,138.208065126299
28.500048616244577,136.6626611995265
28.467964526259127,136.48831691646595
28.435952592732544,137.62770445743328
28.404012572520678,140.3807278451918
28.37214422357053,142.76265302251778
28.34034730491422,141.19798240662553
28.308621576662855,137.39979520580493
28.27696680000054,135.52096117609588
28.245382737178335,135.25997170401826
28.21386915150838,137.50848734991402
28.18242580735788,139.80747090730748
28.15105247014334,139.30361601444318
28.119748906324634,135.19283970928808
28.088514883399295,132.35003353998144
28.05735016989668,133.27091135604832
28.026254535372328,135.57232877671808
27.995227750402204,136.0633079129583
27.964269586577142,135.0732932414961
27.933379816497144,130.95583068378852
27.902558213765907,126.65052234224416
27.871804552985207,126.81038428029943
27.841118609749476,131.42013570835866
27.810500160640284,135.25603605961746
27.779948983220976,134.6436943703671
27.74946485603122,131.4501141658636
27.719047558581725,130.78559134227152
27.68869687134885,133.39783914761978
27.658412575769407,136.3292139371873
27.62819445423533,138.732125609356
27.598042290088543,139.68080224613513
27.567955867615698,136.5585191615299
27.53793497204312,132.74125057951778
27.50797938953161,132.0873478490863
27.478088907171447,134.76088027166887
27.44826331297727,139.13191666049346
27.41850239588315,141.08221231915115
27.3888059457375,139.3294975743123
27.359173753298254,134.80225249762492
27.329605610227848,134.76694078564898
27.30010130908841,136.81506258245653
27.270660643336853,138.34787687419728
27.241283407320108,139.5476144709528
27.21196939627028,137.14300158629152
27.18271840629995,131.75858921966767
27.153530234397387,129.4916842875395
27.12440467842191,132.78005218141627
27.09534153709917,136.70411016109483
27.06634061001656,135.0731048425185
27.037401697618556,131.6202734354106
27.008524601202204,128.19181483177175
26.9797091229125,128.46914884141307
26.950955065737947,130.49555252496367
26.922262233505986,132.35633241190098
26.893630430878616,131.7331243801759
26.865059463347887,129.98340979187236
26.836549137231554,128.40848855917775
26.808099259668648,128.61865238861736
26.779709638615188,131.72252922698868
26.751380082839795,134.36359603216835
26.723110401919456,135.18863601958827
26.694900406235202,133.2356023738658
26.666749906967937,131.4446289543464
26.638658716094135,129.79631514672667
26.610626646381753,130.3363476386034
26.582653511385985,133.12304698973648
26.554739125445202,135.82485707799646
26.52688330367677,135.78348565576852
26.49908586197304,131.78780084495287
26.471346616997227,128.3010542075016
26.44366538617945,128.97947046377968
26.416041987712646,132.51269852903224
26.38847624054867,134.16737751196908
26.36096796439426,133.75354511137198
26.333516979707195,131.71126041541208
26.30612310769229,128.2966351987795
26.27878617029761,128.72718324936835
26.251505990210536,130.99053088489174
26.22428239085399,131.66859488820026
26.197115196382562,130.61549883343693
26.170004231678803,127.14621304687185
26.142949322349377,123.58410260878262
26.115950294721408,123.25330315364978
26.08900697583867,126.55624198266281
26.062119193458,128.27942598880463
26.035286776045513,128.22996994354693
26.008509552773067,126.83768569508828
25.98178735351453,126.07635337196538
25.955120008842286,127.51315514901398
25.92850735002354,129.56856784883794
25.901949209016877,131.3710777765143
25.875445418468612,131.6298241606778
25.848995811709372,130.60434778619992
25.822600222750523,129.64714759755356
25.79625848628077,128.63910898795413
25.769970437662625,130.69872018736083
25.743735912929072,132.54585828678208
25.717554748780064,132.8067676605571
25.691426782579207,131.7003025433334
25.665351852350337,129.08685977059483
25.639329796774238,127.55857280771102
25.61336045518523,128.40826792612893
25.587443667567953,130.1097472362552
25.561579274553996,130.76842904269344
25.53576711741871,129.13939494832192
25.510007038077884,126.54000328352097
25.484298879084587,124.65308804983849
25.458642483625905,125.87208301559434
25.4330376955198,126.99165360486421
25.407484359211885,127.20944053983993
25.381982319772344,125.49947165604061
25.35653142289273,122.70094594820554
25.33113151488291,123.1045913352686
25.305782442667923,123.58731610989719
25.28048405378496,123.73853726647789
25.255236196380242,124.6551373749857
25.230038719206046,124.11090158091956
25.20489147161763,123.0759284324343
25.179794303570276,124.0797588711963
25.154747065616267,125.76260559584824
25.129749608901957,127.13235963588738
25.104801785164785,127.84643138971137
25.079903446730388,127.26827578810541
25.05505444650963,124.82920452802387
25.03025463799577,124.73977344571341
25.00550387526152,126.91956240354352
24.980802012956246,129.03460060006975
24.956148906303056,129.6783049045428
24.931544411096034,128.58053081852245
24.906988383697374,126.45011908925406
24.88248068103464,124.91824015704117
24.85802116059792,125.50974511962553
24.833609680437146,127.31040427958065
24.809246099159264,127.57080493465418
24.78493027592557,126.1744783630531
24.760662070448955,123.8440146196717
24.73644134299123,121.79698799019448
24.712267954360428,120.89906583904173
24.68814176590816,122.90975410171276
24.664062639526925,125.2409454639508
24.640030437647535,123.96849225465465
24.616045023236417,121.32008046773134
24.59210625979309,118.59462318717497
24.568214011347507,119.24837834031958
24.544368142457536,120.37190279457906
24.520568518206343,121.46136073957506
24.49681500419992,121.93960876325818
24.47310746656447,120.22939578427987
24.44944577194398,119.80123219325671
24.42582978749764,121.29994745454417
24.402259380897423,123.32180756080348
24.37873442032556,124.39701545797126
24.35525477447213,124.29684593571216
24.33182031253257,123.22214267374656
24.308430904205302,122.14379964228362
24.28508641968925,122.89706524739707
24.261786729681504,124.84072435435999
24.238531705374882,126.21963621845973
24.2153212184556,126.71872101789033
24.192155141100866,125.36322877852689
24.16903334597658,123.44547590058363
24.145955706234954,123.0776973303633
24.122922095512244,123.31098812740896
24.099932387926394,124.2565454198253
24.07698645807479,123.6713060409555
24.054084181031914,120.82761657768361
24.031225432347167,118.29543413688751
24.008410088042524,117.69536075168867
23.98563802461037,118.72849256175179
23.9629091190112,119.46736865121025
23.940223248671476,119.01116032876406
23.917580291481347,116.78147868355494
23.894980125792536,115.00119802400019
23.872422630416086,114.42895064569097
23.84990768462027,115.9417564816714
23.827435168128357,117.3358721311178
23.805004961116545,117.65536627644403
23.782616944211775,116.25178896608426
23.760270998489652,115.66366169657823
23.7379670054723,116.91406063094058
23.715704847126325,118.90357608272708
23.693484405860662,120.76269942211921
23.671305564524573,121.27645888534707
23.64916820640553,120.62191520376608
23.627072215227223,118.91662147492559
23.60501747514746,119.63176284700131
23.58300387075621,122.31207297809509
23.561031287073543,124.98524223685999
23.539099609547648,124.87946207058255
23.51720872405283,122.90078282637518
23.49535851688755,120.88650841910005
23.473548874772423,119.52389693946176
23.451779684848315,119.50138034226357
23.43005083467433,121.22726100709829
23.40836221222593,121.13783363014605
23.386713705892966,119.29763015064904
23.365105204477814,117.69956472738468
23.343536597193406,117.0737307829267
23.322007773661404,117.92798637458455
23.300518623910257,119.663200605082
23.279069038373386,119.40851315830088
23.257658907887265,116.97331163886892
23.23628812368962,114.49872488856806
23.21495657741754,112.39022396267009
23.193664161105694,112.96969479451805
23.172410767184463,114.53022402839886
23.15119628847817,115.02349467425313
23.130020618203247,114.23919875700554
23.108883649966458,112.61231819040687
23.08778527776311,112.0646456623513
23.066725395975297,113.63540367931415
23.04570389937011,116.32053584192303
23.02472068309792,118.50428190806359
23.00377564269059,118.06455481974533
22.982868674059795,115.84646838747297
22.961999673495235,115.5326185373878
22.941168537662993,116.51922749210459
22.920375163603747,118.17074545063919
22.899619448731166,119.3848741175866
22.878901290830125,118.8769947789674
22.858220588055122,118.33859361315365
22.837577238928517,118.12096985335035
22.816971142338968,119.06998130908912
22.79640219753968,119.80985348183137
22.775870304146864,119.49573583796764
22.755375362138004,117.4402706116197
22.734917271850332,115.66392267990106
22.71449593397912,115.07759666605256
22.69411124957615,116.01440931214529
22.67376312004805,117.02300714474423
22.653451447154772,116.73907526341154
22.633176133007947,115.11473512602439
22.612937080069358,112.94095387386352
22.592734191149344,111.18651326291692
22.57256736940528,110.88754221987452
22.552436518339984,111.66488577526223
22.532341541800232,112.39709571764658
22.512282343975166,111.55913239686663
22.492258829394835,108.8765168922776
22.472270902928617,106.96676314980266
22.452318469783773,108.79353094412905
22.432401435503895,112.32235120761115
22.412519705967465,114.90973065967793
22.392673187386322,114.3176674656933
22.372861786304234,112.33978799193126
22.353085409595387,111.16980005696513
22.33334396446298,112.45778035291562
22.313637358437706,115.7358691640654
22.293965499376377,117.90871184374603
22.274328295460425,117.65426068879302
22.25472565519453,115.78237511965395
22.235157487405157,114.64826745208732
22.215623701239167,114.21429826177098
22.196124206162388,115.27372074282121
22.176658911958253,116.27641097105851
22.157227728726358,115.94596306340658
22.137830566881135,114.3462054586204
22.118467337150417,113.2630222427021
22.09913795057413,112.86681072178041
22.079842318502862,113.01664460330926
22.06058035259658,113.6960396888596
22.041351964823217,114.1871961622768
22.022157067457382,113.92856157929262
22.00299557307898,112.07942480432197
21.983867394571938,110.27694101500052
21.964772445122822,110.95808386107521
21.94571063821959,112.08421720788964
21.926681887650226,112.3037222008192
21.907686107501487,111.45117822021068
21.88872321215757,110.03215182092077
21.86979311629887,109.91032523852593
21.850895734900643,111.36793513834601
21.832030983231807,113.44481350836654
21.813198776853593,114.17883083368753
21.79439903161836,112.74123035774012
21.775631663668285,110.95581734268123
21.75689658943416,110.69092267609892
21.73819372563411,111.2879413009912
21.7195229892724,112.51969627114377
21.700884297638165,114.3003241540321
21.68227756830424,114.64510800869392
21.663702719125887,113.42722794457515
21.64515966823964,112.85849800120374
21.626648334062054,113.71035114606255
21.60816863528856,114.68306425038891
21.589720490892212,114.89424949695359
21.571303820122573,114.54109106902254
21.552918542504468,113.7197096386647
21.53456457783688,112.81406485691758
21.51624184619171,112.18001055029873
21.497950267912696,112.50021581482426
21.479689763614186,113.75592206038142
21.46146025418004,113.45960238198336
21.44326166076246,111.75069949662841
21.42509390478087,109.80774960932679
21.40695690792077,109.5467046973868
21.388850592132624,110.93669081093876
21.37077487963073,112.31057948096475
21.35272969289212,111.59618461796356
21.33471495465542,110.26966749763127
21.316730587919807,109.4679197792052
21.298776515943835,109.97802300298268
21.28085266224441,111.57537365527786
21.262958950595664,113.27575858160478
21.245095305027895,113.30855678925985
21.22726164982647,111.51231751580303
21.2094579095308,110.21056741767563
21.19168400893321,110.88596193218464
21.173939873077934,112.07077135741721
21.15622542726004,112.66118582757295
21.13854059702439,112.53484364742127
21.120885308164578,112.15555814395285
21.10325948672192,111.44909100169755
21.085663058984384,111.90043347802774
21.068095951485617,113.46814623596617
21.050558091003857,115.46570852100655
21.033049404560984,116.22192398881703
21.015569819421433,115.84376698377925
20.99811926309126,114.66277227770252
20.980697663317095,113.6596756352242
20.963304948085153,113.79131077335407
20.94594104562024,113.79286444112024
20.928605884384794,112.3356746569008
20.911299393077847,110.38901460887735
20.89402150063411,108.73260571978163
20.876772136222947,107.87558211268606
20.859551229247444,108.44831265337092
20.842358709343422,110.00990582365553
20.825194506378505,110.82100490011183
20.808058550451126,109.9422158773066
20.790950771889623,108.46660462961444
20.77387110125126,107.7989755348093
20.75681946932131,108.73891939482101
20.73979580711211,110.21997325787899
20.72280004586213,110.47158396392555
20.705832117035044,110.30345645280696
20.68889195231883,110.02143497318724
20.67197948362481,109.96318170032345
20.655094643086798,110.5345675033944
20.638237363060128,112.1811780789271
20.62140757612081,112.705560594269
20.60460521506457,112.45908133946045
20.587830212906027,112.220017517326
20.57108250287773,112.33844813695892
20.554362018429327,113.04743210202057
20.53766869322665,114.20111709534888
20.521002461150868,114.51069820107138
20.504363256297573,113.83742994462743
20.487751012975956,112.4984474216646
20.471165665707904,110.61935159716683
20.45460714922718,110.11944904363088
20.438075398478514,111.04835042210786
20.421570348616807,111.59712872364267
20.40509193500624,110.89329839458121
20.38864009321947,109.05683140823268
20.37221475903673,107.56309337859662
20.35581586844507,107.58726157926105
20.339443357637464,107.71795614757048
20.32309716301202,107.01610578202286
20.306777221171117,105.96901578018723
20.29048346892064,104.85563308835965
20.27421584326911,104.33182207030663
20.25797428142692,104.61367572559665
20.24175872080548,105.95786886888186
20.225569099016447,106.58568899193668
20.209405353870913,106.68742297971336
20.193267423378618,106.34758488708016
20.177155245747137,106.38431881263477
20.16106875938112,107.76262169689267
20.145007902881467,109.38485240490095
20.1289726150446,110.78120318716202
20.11296283486163,110.85421007238335
20.096978501517633,110.24416328305118
20.081019554390835,109.92918116829631
20.065085933051886,110.54476292177563
20.049177577263066,111.89479087818064
20.033294426977548,113.45916527001891
20.017436422338623,113.27943845727665
20.00160350367897,111.72778432464656
19.985795611519887,109.9723231150119
19.970012686570556,109.57429601097849
19.9542546697273,110.78894058038327
19.938521502072856,111.66528751821889
19.922813124875614,111.16996480719249
19.907129479588917,109.86929680321555
19.89147050785031,108.42163459795597
19.87583615148084,107.3631880318634
19.860226352484297,107.05252228022707
19.844641053046544,107.8017446163137
19.829080195534765,107.56274256672782
19.81354372249678,106.44701829505242
19.79803157666032,105.39366472607641
19.782543700932344,105.07240537917522
19.767080038398298,105.31089964056495
19.75164053232148,106.26254384527188
19.736225126142283,107.41737374834639
19.72083376347755,107.85417034298419
19.70546638811986,107.80440849599005
19.690122944036865,107.58844751567796
19.674803375370576,107.99157035208849
19.65950762643673,109.18455164975381
19.644235641724073,110.35020723365966
19.628987365893725,110.41641965090895
19.61376274377847,110.04055024326857
19.598561720382136,109.725838204392
19.583384240878903,110.07114034276233
19.56823025061265,111.00181443702567
19.553099695096304,111.72546942005562
19.537992520011183,111.7985524435
19.522908671206345,110.88303995780169
19.507848094697945,110.15920326130865
19.492810736668588,110.17169363868871
19.47779654346669,110.36031503526104
19.462805461605836,109.54445779349143
19.447837437764157,107.73549510319349
19.432892418783666,105.60806254773641
19.41797035166968,104.18847692856063
19.403071183590143,104.10856158238497
19.388194861875036,104.46233928341363
19.373341334015734,104.7011346825781
19.358510547664412,104.56835728756707
19.343702450633405,103.51326827477948
19.32891699089462,102.80690821428595
19.31415411657889,102.84774979568454
19.29941377597543,103.83192515907896
19.284695917531156,104.7426006389
19.270000489850155,104.64911975937537
19.255327441693023,103.97114995796281
19.240676721976335,104.02410938598864
19.22604827977199,104.92878124787048
19.211442064306674,106.30077278020008
19.19685802496122,107.61222546688205
19.182296111270077,108.23511675498827
19.16775627292068,108.1850287167798
19.153238459752917,107.6038029455369
19.1387426217585,107.73893403663877
19.124268709080447,108.53299357906641
19.109816672012453,109.13846158714287
19.09538646099838,109.06222616683496
19.08097802663163,108.44626790853158
19.06659131965464,107.65623852646519
19.052226290958266,107.29639746851012
19.037882891581276,107.58556196912446
19.023561072709743,108.11432143784238
19.009260785676542,108.24938882673166
18.99498198196075,107.19904438945218
18.98072461318714,106.15620393077738
18.966488631125596,105.71799939778035
18.95227398769061,105.88005434674625
18.938080634940693,105.9387215439273
18.923908525077895,105.39181050056536
18.909757610447198,104.67827671342718
18.895627843536055,103.78468570757516
18.88151917697379,103.0846472215126
18.867431563531127,102.83505493250061
18.853364956119623,102.8831240904207
18.839319307791165,103.06167856737252
18.825294571737427,103.08164130789301
18.811290701289384,103.35103330834818
18.797307649916753,103.82445133703989
18.783345371227515,104.48911673681204
18.76940381896737,105.18230825557598
18.755482947019257,105.88563081493815
18.741582709402813,106.10618830551624
18.7277030602739,105.87268351112047
18.713843953924066,105.4836574863073
18.700005344780084,105.78190736093897
18.686187187403412,107.2226948650448
18.672389436489727,108.2892432605633
18.658612046868406,108.87582325894302
18.64485497350205,108.7512264314376
18.631118171485983,108.36791355191936
18.617401596047777,108.02658044548545
18.60370520254674,107.78738707117672
18.590028946473474,107.33418736604482
18.57637278344933,106.3055289660173
18.562736669226005,104.54573360518853
18.549120559684987,102.99196567676547
18.535524410837144,102.45926857120656
18.521948178822207,102.69239133132615
18.508391819908322,102.50519735726685
18.49485529049156,101.9570581223503
18.481338547095483,100.88868098062187
18.46784154637063,100.43349654281482
18.4543642450941,101.02782077897757
18.44090660016907,101.93413302350808
18.42746856862433,102.92265194125847
18.414050107613836,103.30341551669298
18.40065117441625,103.22581535217003
18.387271726434484,102.91014513226742
18.37391172119527,103.48307515752876
18.36057111634867,104.49332732842673
18.347249869667664,105.39455976152294
18.333947939047686,105.38338235676198
18.320665282506198,104.90384910517668
18.30740185818222,104.5300996199694
18.294157624335927,104.6485993788162
18.280932539348164,105.73321181706856
18.267726561720067,106.84183105638368
18.254539650072577,107.31363049069296
18.24137176314604,106.56185539849659
18.228222859799764,105.21460063948135
18.215092899011598,104.74250067511595
18.201981839877487,105.15708829513713
18.188889641611077,106.13506974770641
18.175816263543265,106.49300475407267
18.162761665121796,106.17868262816555
18.149725805910823,105.37431988161413
18.136708645590527,105.03653047662002
18.12371014395665,104.96232964878232
18.11073026092013,104.31128189009996
18.09776895650665,103.05184856848373
18.084826190856262,101.42059556482874
18.071901924222942,100.36857375597873
18.058996116974225,100.36932775306053
18.046108729590753,100.87513916194106
18.033239722665915,101.43321291855378
18.02038905690541,101.93382488871393
18.007556693126887,102.09424206969574
17.99474259225949,102.19489275432778
17.981946715343533,102.61725534386382
17.969169023530025,103.3039648846482
17.956409478080356,104.06935928787871
17.943668040365843,104.64860076269386
17.930944671867376,104.98023706209958
17.918239334175016,104.97689631541098
17.905551988987618,104.88593450426455
17.892882598112426,104.76960529119864
17.880231123464718,104.80799672238368
17.867597527067396,104.40763279603672
17.854981771050635,103.70381311501517
17.842383817651474,103.51469314620039
17.82980362921347,104.3693024117252
17.81724116818629,105.33338056944024
17.804696397125372,105.92432189862629
17.79216927869152,106.02339885912798
17.77965977565057,105.21530073073819
17.767167850872973,103.9551767899272
17.75469346733348,103.07312746361208
17.74223658811074,102.79636128533922
17.729797176386942,102.77814049477834
17.717375195447467,102.77067062705984
17.704970608680515,102.33270856248082
17.69258337957674,101.55644079890126
17.68021347172891,100.89802685494735
17.667860848831527,100.59447404707615
17.655525474680502,100.61290888841393
17.643207313172766,100.63322180569878
17.630906328305944,100.50903157003515
17.61862248417799,100.1931354758616
17.60635574498686,100.10537691472102
17.59410607503012,100.56790444122572
17.581873438704648,101.09544077420514
17.569657800506263,101.54474957926419
17.55745912502939,101.89260813898606
17.5452773769667,101.8108093780821
17.5331125211088,101.98091862316721
17.520964522343874,102.3235603853224
17.50883334565735,103.04717892613166
17.496718956131552,103.41786584367405
17.484621318945393,103.25883015327415
17.472540399374004,102.97710150597815
17.460476162788442,102.3955665719645
17.44842857465532,102.42137182723168
17.436397600536512,102.93284241500763
17.424383206088795,103.58145815982894
17.412385357063556,103.85199262931033
17.400404019306418,103.72451990687543
17.388439158756977,103.09552076739081
17.37649074144842,102.57980009889343
17.364558733507252,102.08725444175502
17.352643101152932,101.61221763793208
17.340743810697607,101.07480680491261
17.32886082854573,100.33217558585417
17.316994121193805,99.55659111151496
17.30514365523003,99.01078742993464
17.293309397334006,98.87203350312379
17.281491314276415,98.77276924876276
17.269689372918716,98.69498251039417
17.25790354021282,98.75354197168957
17.2461337832008,98.69312048713081
17.234380069014577,98.916103105107
17.222642364875608,99.41450959340362
17.210920638094585,99.74213433001542
17.199214856071144,100.22295085614762
17.18752498629354,100.49659456683364
17.17585099633836,100.4929196278059
17.164192853870226,100.62962396501095
17.152550526641487,101.06276449667084
17.140923982491923,101.56126188818602
17.12931318934846,101.69439454003103
17.117718115224857,101.39720707936908
17.106138728221435,101.12817720384184
17.094574996524752,100.95928719652946
17.08302688840736,101.18930483595724
17.071494372227452,101.63373187947035
17.05997741642864,101.96091156280038
17.048475989539607,102.0079736537436
17.036990060173867,101.74796069525297
17.025519597029444,101.22981137807561
17.014064568888625,100.95831858831659
17.00262494461763,100.7736496446538
16.991200693166377,100.62286334017863
16.979791783568164,100.11699282055793
16.968398184939417,99.3976734538557
16.957019866479392,98.71817290756452
16.94565679746991,98.53851241683316
16.93430894727506,98.45467129274917
16.922976285340965,98.33539876607935
16.911658781195452,98.28722114445064
16.900356404447837,98.2127782082482
16.889069124788602,98.04300924739884
16.877796911989158,98.64232494159248
16.866539735901558,99.28616098715256
16.85529756645824,99.81256367701178
16.844070373671748,100.29771483481778
16.832858127634474,100.30953536821983
16.821660798518383,100.3548380678507
16.810478356574762,100.57933027587653
16.799310772133946,101.05549913811481
16.78815801560506,101.13854984542031
16.777020057475745,100.77659485037671
16.76589686831193,100.33072586629527
16.754788418757535,99.82537081529486
16.743694679534233,99.85903219463486
16.732615621441195,100.3294611647847
16.72155121535482,100.83605426927278
16.71050143222849,101.04414121698758
16.69946624309232,100.98189549828402
16.68844561905289,100.57428485823189
16.677439531293004,100.39409813545316
16.66644795107144,100.49251621808811
16.65547084972269,100.45065384276869
16.644508198656716,99.77720914427255
16.633559969358714,98.81626440746247
16.622626133388838,98.17672047370066
16.611706662381987,97.89548214455942
16.60080152804753,98.26455353824943
16.589910702169092,98.59915337868563
16.57903415660427,98.62421076322173
16.56817186328444,98.65586934085081
16.557323794214472,98.68263812186453
16.54648992147252,98.83243267552365
16.53567021720976,99.43625139781918
16.52486465365017,100.09339797254614
16.514073203090273,100.97624907044543
16.503295837898925,101.32926817094906
16.49253253051705,101.28660799887749
16.481783253457436,101.45164361536597
16.471047979304473,101.87706302591138
16.46032668071394,102.13384903707055
16.44961933041276,101.80347693353264
16.438925901198775,101.03715026718399
16.428246365940513,100.02514900067293
16.41758069757697,99.58676359790144
16.40692886911735,99.79993369489982
16.396290853640885,100.07402166887464
16.38566662429656,100.31537374502003
16.37505615430293,100.15413919504195
16.36445941694785,99.54986393814144
16.35387638558829,99.25024740422589
16.343307033650092,99.33332693434949
16.332751334627762,99.65259260379487
16.322209262084222,99.61554121073806
16.311680789650616,99.21800541342165
16.301165891026077,98.7688356377042
16.290664539977517,97.87258335167323
16.28017671033939,97.31280721593797
16.269702376013502,96.97588777224856
16.259241510968767,96.68288765887365
16.24879408924102,96.30328787538181
16.238360084932765,96.00020931656013
16.227939472213006,95.94624378404491
16.21753222531699,96.20689032285213
16.20713831854603,96.7801522125973
16.19675772626727,97.31164004495756
16.18639042291349,97.6416232702131
16.176036382982875,97.98146468880665
16.165695581038843,98.09496641104393
16.155367991709788,98.03680725239656
16.145053589688917,98.22645025550125
16.134752349734015,98.40699495708635
16.124464246667248,98.42480673736495
16.114189255374963,98.28404330652785
16.10392735080748,98.06929883340423
16.09367850797888,98.47041973888916
16.083442701966817,99.06198433639223
16.0732199079123,99.4030199240213
16.06301010101951,99.65936048589218
16.052813256555584,99.50178768241948
16.042629349850426,99.32504599959245
16.032458356296495,99.01787062485724
16.02230025134862,98.79062367203984
16.012155010523802,98.51230943945194
16.002022609401006,98.22204981452715
15.991903023620967,97.94728507821048
15.981796228886019,97.51219370779094
15.971702200959857,97.27527730306446
15.961620915667389,97.26129537054712
15.951552348894504,97.58379039374876
15.941496476587911,97.61993410575985
15.931453274754924,97.42380784634422
15.921422719463287,97.47497498426276
15.91140478684097,97.54635453175564
15.901399453076001,97.89498159834966
15.891406694416247,98.30957673486964
15.881426487169259,98.29129512417308
15.871458807702052,98.0915493074123
15.86150363244095,97.82336224394854
15.851560937871376,97.71281275225465
15.841630700537682,97.69084903719124
15.831712897042946,97.79846725337616
15.821807504048822,97.93281283964467
15.811914498275314,98.17132654196791
15.802033856500634,98.14334821492416
15.792165555560983,98.28643201432651
15.782309572350405,98.45897797765676
15.77246588382058,98.60663865610508
15.762634466980662,98.61325453823582
15.752815298897083,98.711422308572
15.743008356693398,99.08405083537471
15.733213617550078,99.53641836097864
15.723431058704364,99.91232970369737
15.713660657450058,99.85302681887677
15.703902391137385,99.43309703972258
15.694156237172779,98.82134647874955
15.68442217301874,98.20674972275401
15.67470017619364,97.69577085566766
15.664990224271564,97.32327195326704
15.655292294882122,97.02685987497732
15.645606365710298,96.50059820349205
15.635932414496255,96.10356048824211
15.626270419035187,95.55057682221192
15.616620357177126,95.06479814867518
15.606982206826805,94.90415882325442
15.597355945943447,95.1158591257973
15.587741552540638,95.40722933610688
15.578139004686127,95.60753684025465
15.568548280501691,95.96534224102405
15.55896935816293,96.44485698813807
15.549402215899143,96.87466092756995
15.539846831993128,96.9960339643995
15.530303184781042,96.84509819093427
15.52077125265222,96.7954215943723
15.511251014049032,97.00569273434814
15.501742447466691,97.55379372878244
15.492245531453127,97.97893138196274
15.48276024460879,98.2707272134287
15.473286565586523,98.23645146137238
15.463824473091368,98.40783992020344
15.454373945880437,97.82367188410625
15.444934962762732,97.34853741044965
15.435507502598998,97.21833806825191
15.426091544301558,97.34710030570528
15.416687066834166,97.54298749158741
15.407294049211835,97.69880062354578
15.397912470500696,97.70361703959668
15.38854230981783,97.41985773616116
15.379183546331127,97.0766138030789
15.369836159259114,96.74911483217085
15.36050012787082,96.39665964315998
15.351175431485604,96.03590170103381
15.341862049473024,95.55054172129726
15.332559961252658,94.97117004934704
15.323269146293981,94.52049259148113
15.31398958411619,94.09997951105805
15.30472125428807,94.07058851700214
15.295464136427833,94.15994562870503
15.286218210202978,94.38809984860879
15.276983455330129,94.74716606211629
15.267759851574906,95.19254619878956
15.258547378751757,95.46194751399456
15.249346016723829,95.82843011258052
15.240155745402799,95.98515321290793
15.230976544748755,96.11181820973479
15.221808394770026,96.26313271434663
15.212651275523056,96.44388315924698
15.203505167112244,96.912734311354
15.194370049689809,97.35961734375785
15.185245903455643,97.63603809031352
15.176132708657173,97.85348093536464
15.167030445589205,97.69715108986374
15.157939094593806,97.43198516280353
15.14885863606013,97.33861793139994
15.139789050424312,97.51782524320673
15.130730318169297,97.40401421869387
15.121682419824724,97.00300205742681
15.112645335966764,96.62885556632065
15.10361904721801,96.33969256480819
15.094603534247298,96.17505536552517
15.085598777769617,95.91392439464417
15.076604758545924,95.41809540498268
15.067621457383053,94.82357524390659
15.058648855133534,94.11898338440571
15.049686932695494,93.65537994952678
15.040735671012493,93.1098837572812
15.031795051073415,93.06048017681493
15.022865053912303,93.22102242842908
15.013945660608265,93.34747076495967
15.005036852285292,93.39461149739137
14.99613861011217,93.56618615072394
14.987250915302315,93.87585836213043
14.978373749113663,94.39931601816329
14.969507092848518,95.01268605613703
14.960650927853443,95.2487537500202
14.951805235519107,95.32559616415128
14.942969997280171,95.40152922646652
14.934145194615146,95.64448402492621
14.925330809046283,95.94039739167174
14.916526822139414,96.11998850836213
14.907733215503855,96.0936747491287
14.89894997079225,95.90989333620831
14.890177069700469,95.74173795713861
14.881414493967458,95.7504602939811
14.872662225375132,95.77836295322982
14.863920245748231,95.60270881210892
14.855188536954213,95.20720778020366
14.846467080903103,95.00710122287369
14.837755859547404,94.87492290885216
14.829054854881928,94.99494609314539
14.82036404894372,95.24655969823328
14.811683423811889,95.45199236562578
14.803012961607525,95.45809859854214
14.79435264449354,95.16364314667267
14.785702454674576,94.75473793262668
14.777062374396863,94.44608158244824
14.76843238594811,94.19445108269525
14.759812471657371,93.79890759528817
14.751202613894943,93.40450604482754
14.742602795072223,92.93333827047117
14.73401299764161,92.76588679859482
14.725433204096365,93.14203318471155
14.716863396970517,93.64247464555889
14.708303558838717,94.08620477163336
14.699753672316142,94.53883926390135
14.69121372005836,94.72952188388314
14.682683684761235,94.66698242508971
14.674163549160777,94.6647771264011
14.665653296033065,94.6833550285425
14.657152908194096,94.6816176323433
14.648662368499691,94.5467437526317
14.64018165984537,94.45716332218177
14.631710765166241,94.37070512815438
14.623249667436887,94.47401658815566
14.614798349671247,94.58655660231803
14.606356794922501,94.87004279055307
14.59792498628297,95.16188116384683
14.589502906883986,95.35998051006466
14.58109053989579,95.33983862058449
14.572687868527414,95.1382999908113
14.564294876026578,94.89290295479066
14.555911545679567,94.62827031902668
14.547537860811133,94.22195415003387
14.539173804784369,93.70011852502293
14.530819361000617,92.9697230352289
14.522474512899336,92.72706582363354
14.51413924395802,92.60860262897512
14.50581353769206,92.7994752740679
14.497497377654662,93.0414255371046
14.489190747436714,93.0871219072282
14.480893630666703,93.16948622873477
14.47260601101058,93.1157673247745
14.464327872171681,93.17837694019943
14.456059197890596,93.29272044653635
14.447799971945084,93.11600720600453
14.439550178149943,92.76431367692632
14.431309800356932,92.31616460755546
14.423078822454634,91.93706547983089
14.414857228368387,91.7190451247514
14.406645002060142,91.7149973671842
14.398442127528392,91.84754210951195
14.390248588808042,92.06395953677985
14.382064369970328,92.19980503854272
14.373889455122686,92.55005084133458
14.365723828408683,92.78178768459931
14.357567474007883,93.17887820708663
14.349420376135772,93.50471736813566
14.341282519043627,93.68484482269234
14.333153887018447,93.70250553356536
14.32503446438282,93.63751586205771
14.316924235494854,93.61354597787944
14.308823184748041,93.40304607065741
14.300731296571195,93.28024957517627
14.292648555428316,93.07194673461424
14.284574945818525,92.88862832101583
14.276510452275929,92.65101143369382
14.26845505936956,92.6473365348123
14.260408751703238,92.64637021874768
14.252371513915513,92.62115532863692
14.244343330679529,92.5307358704784
14.236324186702957,92.42793453001204
14.228314066727874,92.28423363881771
14.220312955530687,92.23643595667114
14.212320837922022,92.21790478962598
14.204337698746635,92.38811971286451
14.196363522883308,92.52238411085392
14.188398295244772,93.00306961908085
14.180442000777585,93.40600204723609
14.172494624462065,93.7094124387231
14.16455615131217,94.08754996515724
14.156626566375422,94.33793700528872
14.148705854732807,94.59819157117727
14.140794001498683,94.80157869093392
14.132890991820679,95.03989400920784
14.124996810879617,95.16326657142574
14.1171114438894,94.95731037424997
14.10923487609694,94.60360645277552
14.101367092782048,94.16787065720773
14.093508079257361,93.70000433024934
14.08565782086823,93.26810610957726
14.077816302992645,92.9440911740308
14.069983511041132,92.77970502579275
14.062159430456681,92.57917142885233
14.054344046714627,92.4345550741393
14.046537345322594,92.31293930098133
14.038739311820374,92.11140516969729
14.030949931779862,91.86714866593103
14.023169190804948,91.77158356629744
14.015397074531448,91.83027866723944
14.007633568626993,91.87764419775237
13.999878658790962,91.97542432869963
13.99213233075438,91.99015735655722
13.98439457027984,91.88576901405592
13.9766653631614,91.8271793501369
13.968944695224527,91.9453269978813
13.961232552325969,92.45948018979556
13.953528920353707,92.83347444134975
13.94583378522684,93.23204867277038
13.938147132895523,93.43687597784948
13.930468949340856,93.37108041307687
13.922799220574827,93.26498055295284
13.915137932640203,93.10048750969543
13.90748507161046,92.97992850661024
13.899840623589688,92.6559402366365
13.89220457471252,92.3129307021631
13.884576911144034,92.10311483276224
13.876957619079684,91.77454416557558
13.869346684745198,91.45986690394245
13.861744094396517,91.35169670900848
13.854149834319692,91.18972294682163
13.846563890830819,91.00629850774084
13.838986250275937,90.86225667814406
13.831416899030975,90.77474159278113
13.823855823501635,90.69007478669485
13.816303010123342,90.67974604922345
13.808758445361137,90.41441634649915
13.801222115709622,90.31669548400825
13.793694007692855,90.22544066187363
13.786174107864287,90.26502906724201
13.778662402806672,90.27158226721349
13.771158879131997,90.04470648267579
13.763663523481386,90.19576894818839
13.756176322525041,90.12653286400155
13.748697262962144,90.28257783488223
13.7412263315208,90.62812709523044
13.733763514957927,90.78059776441489
13.726308800059217,90.98990875940123
13.718862173639021,91.27576913896961
13.7114236225403,91.54161173430367
13.703993133634523,91.77062017548498
13.696570693821615,92.01887616406265
13.689156290029853,92.03313985090927
13.68174990921582,91.90309850695188
13.674351538364295,91.87907972216715
13.666961164488207,91.87094066479484
13.659578774628535,91.76821836406774
13.652204355854252,91.83049154579331
13.644837895262231,91.79406821479904
13.63747937997719,91.97139368203464
13.630128797151594,92.06674825823845
13.622786133965604,92.42272531787586
13.615451377626979,92.6612141821378
13.608124515371026,92.5862570572292
13.6008055344605,92.48912692544565
13.59349442218556,92.0626818502827
13.586191165863658,91.6197231119894
13.578895752839507,91.41863154314969
13.571608170484975,91.23040724973815
13.564328406199033,91.20680270088786
13.557056447407662,91.20688752537589
13.54979228156381,91.10303096928905
13.542535896147285,91.06683421923867
13.535287278664713,90.87700675885262
13.528046416649447,90.84079449084943
13.520813297661508,90.87406274349732
13.513587909287502,90.78445930136434
13.506370239140562,90.74113730734024
13.499160274860262,90.66729981499671
13.491958004112567,90.43756671589585
13.484763414589734,90.24267866685486
13.477576494010277,90.0637803302551
13.470397230118861,90.02326670157714
13.463225610686266,90.0415193637775
13.456061623509285,90.07141381262797
13.448905256410686,90.21884901896405
13.441756497239119,90.2574418249136
13.434615333869061,90.3265569743281
13.42748175420074,90.52478661596885
13.420355746160071,90.56719921009754
13.413237297698586,90.77935587200224
13.40612639679337,90.89340543874383
13.39902303144698,90.9594082955241
13.3919271896874,91.06726102956108
13.384838859567953,90.83905565907908
13.377758029167245,90.67834748861283
13.37068468658909,90.6717038388741
13.36361881996246,90.5755815177935
13.356560417441393,90.45416229141216
13.349509467204955,90.33940775598975
13.342465957457145,90.19609469377018
13.335429876426863,90.15563327763576
13.328401212367805,90.21046724753154
13.321379953558434,90.31703465357535
13.31436608830189,90.47732854424625
13.307359604925944,90.40341446604253
13.300360491782907,90.30562796931429
13.293368737249603,90.61421474957507
13.286384329727262,90.1928986509806
13.279407257641497,90.38775226437771
13.272437509442202,90.39613889325607
13.265475073603527,90.41874281424299
13.258519938623772,90.56491615105168
13.251572093025368,90.76204427957752
13.244631525354771,90.98881095597469
13.237698224182438,91.10656075177089
13.230772178102729,91.14158039171673
13.22385337573388,91.14786033710585
13.216941805717903,91.16350474070028
13.21003745672056,91.16189983782166
13.20314031743127,91.1820970336611
13.196250376563073,90.82442813025673
13.189367622852549,90.69736604490299
13.182492045059767,90.41626929030477
13.17562363196822,90.31858707417541
13.16876237238477,90.2457058569298
13.16190825513957,90.30341801794728
13.155061269086035,90.46043793038068
13.148221403100743,90.56260379444146
13.141388646083408,90.74462059211353
13.134562986956796,90.80291045170772
13.127744414666685,90.79765104682744
13.120932918181785,90.70608482267765
13.114128486493698,90.59381083603189
13.107331108616844,90.45198916057487
13.100540773588413,90.43033346117267
13.093757470468294,90.57508558134514
13.086981188339028,90.41682079111231
13.080211916305739,90.21596389908902
13.073449643496089,89.95581765447581
13.066694359060204,89.80318388153898
13.05994605217063,89.76475889096866
13.053204712022263,89.69909491165862
13.046470327832303,89.84797829922525
13.039742888840182,89.90737128902029
13.033022384307529,89.90214647460476
13.026308803518083,89.81717637296616
13.019602135777667,89.80411346298372
13.012902370414105,89.80213599336462
13.006209496777188,90.01214639128943
12.999523504238594,90.23798851139544
12.992844382191857,90.4146270583993
12.986172120052284,90.47407055882854
12.979506707256931,90.44494935156578
12.97284813326451,90.23395335738255
12.966196387555367,90.01971953741813
12.959551459631406,89.65574515484438
12.952913339016046,89.37842856350727
12.94628201525415,89.08189221809488
12.939657477911993,88.97772855788438
12.933039716577184,88.84273296273025
12.926428720858627,88.84865687497138
12.919824480386461,88.94558340622012
12.913226984812011,89.06515459364329
12.906636223807716,89.16646086078318
12.900052187067105,89.08849866041231
12.893474864304713,89.20366914899833
12.886904245256053,89.40685727999505
12.88034031967754,89.56032954316572
12.873783077346456,89.7472522030065
12.867232508060887,89.78587111306464
12.860688601639675,89.79652153976218
12.854151347922354,89.84449227704351
12.84762073676912,89.90069775467603
12.841096758060754,90.05499570757422
12.834579401698585,90.16821642189815
12.828068657604433,90.16807826539579
12.821564515720558,90.12917905881432
12.815066966009605,90.08318942638897
12.808575998454561,90.08283171068913
12.802091603058688,89.98804591282774
12.795613769845493,89.87112299627407
12.789142488858655,89.70482838538548
12.78267775016199,89.22023430460979
12.776219543839394,89.00196169901122
12.76976785999479,88.68601791458562
12.763322688752078,88.53377503486163
12.756884020255097,88.49769683634044
12.75045184466755,88.62056878504286
12.74402615217298,88.89401844850792
12.737606932974701,89.06081208259124
12.731194177295764,89.29534882052226
12.724787875378889,89.36412631452608
12.71838801748643,89.36432576878158
12.711994593900322,89.29474393486814
12.70560759492203,89.19129804148446
12.6992270108725,88.91588852801897
12.692852832092115,88.76384198773466
12.686485048940634,88.50821500020805
12.680123651797162,88.3596455102246
12.673768631060081,88.1698134125105
12.667419977147024,88.42544328436574
12.6610776804948,88.571150067677
12.654741731559374,88.76064056772131
12.648412120815795,88.80392497210514
12.64208883875817,88.71135028475894
12.635771875899595,88.61255537575907
12.629461222772127,88.41240087758854
12.623156869926719,88.18713557886961
12.616858807933191,87.95554212598697
12.610567027380164,87.57810565820951
12.604281518875032,87.41329995512069
12.5980022730439,87.14813158636285
12.591729280531545,86.93936243769033
12.585462532001365,86.87307348953912
12.579202018135344,86.84354427611545
12.572947729633988,87.0738267510773
12.566699657216294,87.20537064493908
12.560457791619694,87.46039599316438
12.55422212360002,87.63590802620843
12.547992643931446,87.92513129764677
12.541769343406454,88.13767722376424
12.535552212835773,88.31711953305472
12.52934124304836,88.42400785288024
12.523136424891325,88.73537675128486
12.516937749229905,88.90190461530149
12.510745206947416,89.18371912061338
12.504558788945204,89.49156783504412
12.498378486142599,89.72814060873608
12.492204289476884,89.84401560824612
12.486036189903233,89.83348874400295
12.479874178394681,89.73929630742619
12.473718245942063,89.49047186146746
12.467568383553997,89.35076044535808
12.461424582256809,89.14809710321738
12.455286833094517,89.0238431102192
12.449155127128764,88.94738941022192
12.443029455438793,88.86432341737446
12.436909809121396,88.77717353780838
12.430796179290867,88.66582994545351
12.424688557078966,88.59556305993641
12.418586933634876,88.40918951134809
12.412491300125149,88.21226464906204
12.406401647733684,87.81556278633207
12.400317967661662,87.5124959090927
12.394240251127524,87.21678599072357
12.388168489366905,86.93022255114978
12.38210267363262,86.77735909354718
12.376042795194598,86.61707835030904
12.369988845339858,86.42365061709228
12.36394081537245,86.4651522481993
12.35789869661343,86.4706270709958
12.351862480400806,86.490196850231
12.345832158089504,86.50834638939708
12.339807721051324,86.57169559515127
12.3337891606749,86.59012813966847
12.327776468365654,86.8346271591376
12.321769635545767,87.10383479178992
12.315768653654118,87.38514162402954
12.309773514146272,87.60152353844981
12.303784208494406,87.98551502208275
12.297800728187301,88.2182268233496
12.291823064730274,88.47107540546934
12.28585120964516,88.72972196170961
12.279885154470255,88.87299091476316
12.273924890760288,89.06213687653911
12.267970410086372,89.11943602948776
12.262021704035973,89.01088279169514
12.25607876421286,88.86380842534294
12.250141582237083,88.70164710411231
12.244210149744905,88.51797810464811
12.238284458388796,88.43608255339143
12.232364499837367,88.3994515877049
12.226450265775346,88.4128702246417
12.220541747903535,88.41273686264446
12.214638937938771,88.57425027846848
12.208741827613883,88.34322554823864
12.202850408677664,88.31874183841553
12.196964672894817,88.18400684985318
12.191084612045938,88.05057869367965
12.185210217927452,87.91136696516037
12.1793414823516,87.78280976691869
12.173478397146381,87.77995893049274
12.167620954155527,87.72698262089423
12.161769145238459,87.72930806788271
12.15592296227025,87.815377822278
12.150082397141588,87.8716941843395
12.144247441758743,88.0118714912142
12.138418088043517,88.12854018764536
12.132594327933223,88.23155439364268
12.126776153380634,88.1961797412568
12.120963556353958,88.19149287069195
12.115156528836787,88.00041114511356
12.109355062828076,87.83283926228302
12.10355915034209,87.82316337316982
12.097768783408384,87.66579593262124
12.09198395407175,87.60782436645218
12.086204654392198,87.46219307787024
12.080430876444897,87.23269834648136
12.074662612320166,87.15488004970433
12.068899854123414,87.0747769084409
12.06314259397512,87.0548703823666
12.057390824010787,87.00196641412128
12.051644536380913,87.00088549823755
12.04590372325095,86.95289681982639
12.040168376801274,86.88443018062884
12.03443848922714,86.77004461417981
12.028714052738664,86.58615551668525
12.022995059560763,86.23966916887224
12.017281501933148,85.9574849847825
12.01157337211026,85.7904336587932
12.00587066236126,85.63962508027633
12.00017336496998,85.66091081402841
11.99448147223489,85.8204081056378
11.988794976469066,86.0357377666341
11.983113870000157,86.31093657512119
11.977438145170341,86.61673515400936
11.971767794336307,86.80115905625544
11.966102809869202,86.92889491604782
11.960443184154615,87.10518346491068
11.954788909592521,87.1824085180971
11.949139978597277,87.3305582389576
11.943496383597553,87.3747915418277
11.937858117036331,87.36641027657582
11.932225171370844,87.40827214212808
11.926597539072565,87.37092847318893
11.920975212627157,87.1817729425878
11.915358184534448,87.23259035288612
11.90974644730839,87.14470980118338
11.904139993477042,87.08747269472823
11.898538815582516,86.99081880076977
11.892942906180958,86.83744639129274
11.887352257842508,86.73347559055021
11.881766863151277,86.46892241145744
11.8761867147053,86.1685497368481
11.870611805116512,86.05110900899243
11.865042127010716,86.02808755002371
11.859477673027547,85.79774694749565
11.853918435820438,85.70281409088821
11.848364408056598,85.77941939981753
11.842815582416966,85.83778499607135
11.83727195159619,85.71706768409008
11.831733508302584,85.71920706725874
11.826200245258107,85.84972181155689
11.820672155198324,86.26925044696051
11.81514923087238,86.304414819761
11.80963146504296,86.42980977750818
11.804118850486267,86.73146116019592
11.798611379991979,86.73889630482434
11.793109046363234,86.91835534897629
11.787611842416577,87.08436576650892
11.782119760981955,87.23695451583598
11.776632794902657,87.35269797957935
11.771150937035307,87.35119841416585
11.765674180249817,87.33606309819311
11.76020251742937,87.17917971527874
11.754735941470376,86.98691914815595
11.749274445282447,86.91465146949858
11.743818021788368,86.93422624004933
11.738366663924065,87.12537436448649
11.732920364638572,87.40234905814759
11.727479116894008,87.57238496817044
11.722042913665533,87.78073290835943
11.716611747941334,87.94632886901815
11.71118561272258,88.20763008868107
11.705764501023411,88.35297105223061
11.70034840587088,88.50076684427076
11.694937320304952,88.56428091184992
11.689531237378453,88.55214980503399
11.684130150157056,88.47668368800475
11.678734051719237,88.36570953958477
11.67334293515626,88.1747484323966
11.667956793572131,87.95419098196142
11.662575620083587,87.79633747930119
11.657199407820045,87.47421240354954
11.651828149923599,86.86191556932643
11.646461839548964,86.6577000626742
11.641100469863474,86.12013439167528
11.635744034047022,85.87993065064387
11.630392525292061,85.70194613768234
11.625045936803554,85.69501408026929
11.619704261798962,85.85297978302023
11.614367493508194,86.1576932398956
11.609035625173602,86.35312658870657
11.603708650049935,86.59425644762428
11.598386561404322,86.79344851815188
11.593069352516231,86.89742086197295
11.58775701667746,86.7370711040809
11.582449547192082,86.58073611503558
11.577146937376448,86.42832526060764
11.571849180559127,86.32876060551507
11.566556270080907,86.33110371520536
11.561268199294746,86.4391343371358
11.555984961565759,86.53966787296365
11.550706550271176,86.81338449778866
11.545432958800326,86.93539126207705
11.540164180554605,87.02451116522114
11.534900208947448,87.13993607960847
11.5296410374043,87.12034093759232
11.524386659362596,87.02475994707285
11.519137068271723,86.91080334201905
11.513892257593005,86.77687830988839
11.508652220799659,86.61225710114567
11.50341695137679,86.43232087623834
11.498186442821341,86.18984323161129
11.492960688642087,85.9249610215588
11.48773968235959,85.72898983588327
11.48252341750619,85.47757583190827
11.477311887625955,85.2087436216768
11.472105086274683,85.02949711597081
11.466903007019846,84.84767706914168
11.461705643440597,84.70053361330517
11.456512989127702,84.6587965536907
11.451325037683558,84.67737653486074
11.44614178272213,84.71291919191611
11.440963217868946,84.70839249642813
11.435789336761061,84.93509396803445
11.430620133047045,85.14473346315154
11.42545560038693,85.23065921993248
11.42029573245222,85.34075659290687
11.415140522925824,85.3907710622125
11.409989965502076,85.26169179760507
11.404844053886666,85.20348264150525
11.399702781796645,85.13424277026468
11.394566142960382,84.90744313835756
11.38943413111755,84.87979138324275
11.384306740019092,84.82403273386782
11.379183963427199,84.86816518344773
11.374065795115284,84.93720905902471
11.368952228867963,84.95264314676253
11.363843258481015,84.90492361272209
11.358738877761375,84.82413880690258
11.353639080527094,84.77380115313427
11.348543860607325,84.70128919587424
11.343453211842288,84.50948933565421
11.338367128083256,84.4775939114939
11.333285603192518,84.44136744866722
11.32820863104337,84.27138143875817
11.323136205520074,84.35904726341687
11.318068320517844,84.3141455507998
11.313004969942815,84.37657471353981
11.307946147712029,84.35052244479377
11.302891847753395,84.43761747340068
11.297842064005682,84.39355006111646
11.292796790418477,84.48348752088029
11.287756020952179,84.53166674970588
11.282719749577955,84.70238856409756
11.277687970277741,84.8630436450762
11.272660677044188,85.0764535714689
11.267637863880669,85.15236375284805
11.262619524801226,85.14271874541899
11.257605653830572,85.18664706345689
11.252596245004046,85.26111224933064
11.247591292367607,85.21911006687894
11.242590789977797,85.2132118169626
11.237594731901726,85.2192339139729
11.232603112217042,85.11442447097409
11.227615925011916,85.0872504183462
11.222633164385003,85.03944269791751
11.217654824445445,84.99808110716546
11.212680899312817,84.92712051043624
11.20771138311713,84.81705742293533
11.20274626999879,84.53665779405262
11.197785554108586,84.49176465670008
11.192829229607659,84.36621518066957
11.187877290667485,84.2891181904615
11.182929731469851,84.26797779508088
11.177986546206832,84.26611016092662
11.17304772908076,84.25972423336508
11.168113274304222,84.17153417456146
11.163183176100011,84.10069510080237
11.158257428701129,84.07214886403713
11.153336026350738,84.0168513357873
11.148418963302168,84.05134470976857
11.143506233818865,84.09317638182276
11.13859783217439,84.02689703164398
11.133693752652384,84.01457158481298
11.128793989546557,83.94932910238973
11.12389853716065,83.91351657156692
11.119007389808436,83.90174267266414
11.114120541813667,83.83577866859214
11.10923798751009,83.87121789369479
11.104359721241384,83.86954035356972
11.099485737361176,83.7549370765334
11.094616030232988,83.83809888093865
11.089750594230242,83.80114089746408
11.084889423736216,83.99035095172002
11.080032513144038,84.06218675534745
11.075179856856654,84.11952559356544
11.070331449286815,84.13792419140756
11.065487284857046,84.09914113471797
11.060647357999636,83.94462218253386
11.055811663156605,83.72765727659231
11.050980194779699,83.56917038026238
11.046152947330343,83.35588155292722
11.04132991527965,83.2541760190207
11.036511093108372,83.04102852525969
11.031696475306903,82.95200434356812
11.02688605637524,82.9431073230327
11.022079830822971,82.86566424059436
11.017277793169251,82.93972466825156
11.01247993794279,83.04025565659401
11.007686259681808,83.21438341913414
11.00289675293405,83.3827672999985
10.99811141225673,83.6514981513981
10.993330232216538,83.78748727261984
10.9885532073896,83.99091408453621
10.983780332361475,84.38971371224528
10.97901160172711,84.54888306087346
10.974247010090851,84.651821671287
10.969486552066394,84.7826982966728
10.964730222276785,84.80509820600433
10.959978015354384,84.80078237506518
10.955229925940861,84.75323905195005
10.95048594868716,84.68632376154105
10.94574607825349,84.54602519860731
10.9410103093093,84.40692169496654
10.936278636533263,84.27069453967893
10.931551054613248,83.99695449244089
10.926827558246313,83.85815834728248
10.922108142138667,83.7532413383821
10.91739280100567,83.58976162589208
10.912681529571802,83.60613380950241
10.907974322570643,83.68190784913499
10.903271174744857,83.81972209799315
10.898572080846174,83.95441374377029
10.893877035635361,84.13596016540475
10.889186033882218,84.25569089430554
10.88449907036554,84.3378170189147
10.879816139873117,84.56935167585473
10.8751372372017,84.7653044333243
10.870462357156986,84.90672119834198
10.865791494553603,85.19975250586806
10.861124644215085,85.39780727769289
10.856461800973854,85.64138044707087
10.85180295967121,85.7579333047413
10.84714811515729,85.83632223900923
10.842497262291081,85.87118511996138
10.837850395940368,85.94798307324703
10.83320751098174,85.94777918902071
10.828568602300555,85.95030676135718
10.823933664790934,85.97705956563598
10.81930269335573,85.93794226347649
10.814675682906524,85.8799044505609
10.810052628363588,85.80031788953673
10.805433524655882,85.69711317363561
10.800818366721026,85.51307526974745
10.796207149505292,85.36224097281529
10.791599867963571,84.98332172599436
10.786996517059364,84.80623132348647
10.78239709176477,84.59363492015234
10.777801587060448,84.40419169014373
10.773209997935615,84.25324046818055
10.768622319388024,84.07477835562415
10.764038546423949,83.8794910735374
10.759458674058155,83.80604101206865
10.754882697313892,83.65002814102823
10.75031061122287,83.62535535863123
10.745742410825253,83.56167637028315
10.741178091169619,83.47246029278772
10.736617647312963,83.46026276360578
10.732061074320667,83.4181490527132
10.727508367266495,83.30451012647407
10.722959521232553,83.346511933269
10.718414531309294,83.34047202115514
10.713873392595492,83.28639592981531
10.70933610019822,83.2971636492071
10.704802649232835,83.34318514777796
10.700273034822963,83.43054846313785
10.695747252100483,83.63166639609668
10.691225296205507,83.75346401174673
10.686707162286353,83.88730692416425
10.682192845499547,84.04889235562158
10.67768234100979,84.00956232462997
10.67317564398995,84.01686339419322
10.668672749621038,84.01021381729981
10.664173653092192,83.80216326547789
10.65967834960067,83.61089511242574
10.655186834351817,83.38546034054255
10.650699102559058,83.1423228103481
10.646215149443876,82.9250047168596
10.641734970235804,82.68271820917212
10.637258560172398,82.34818730570694
10.632785914499221,82.10680909756042
10.628317028469834,81.93739117340158
10.62385189734577,81.7218875758566
10.619390516396527,81.54677081803572
10.61493288089954,81.40186651730323
10.610478986140171,81.39922641576116
10.606028827411695,81.34627835920463
10.60158240001528,81.3270308793397
10.597139699259964,81.37777702496152
10.59270072046265,81.50365562471978
10.588265458948086,81.7623826108854
10.583833910048842,81.84891364532098
10.579406069105303,81.89294827196322
10.574981931465645,82.0447291803891
10.570561492485824,82.17924112539649
10.56614474752956,82.37754577361306
10.56173169196831,82.39513304010987
10.557322321181271,82.56918502399779
10.552916630555346,82.62589440719142
10.54851461548514,82.80901543129318
10.544116271372936,82.94043562236598
10.53972159362868,83.11619980686268
10.535330577669974,83.27449692669062
10.530943218922047,83.33204372422753
10.526559512817752,83.35718893119952
10.52217945479753,83.43150891806661
10.517803040309426,83.41045047332526
10.513430264809042,83.31888710868257
10.509061123759537,83.23210720298303
10.50469561263161,83.10146844493207
10.500333726903483,82.98180318315362
10.495975462060885,82.85809502440725
10.491620813597036,82.75587446045523
10.48726977701263,82.59214257057492
10.482922347815824,82.49779429605988
10.478578521522225,82.45437641893446
10.47423829365486,82.44609920894649
10.469901659744176,82.59791329026012
10.465568615328017,82.61305130745097
10.461239155951617,82.63933580929866
10.456913277167569,82.84452890563227
10.452590974535825,83.03854065354523
10.448272243623672,83.06239765893906
10.443957080005724,83.1114610201455
10.4396454792639,83.0285947815693
10.435337436987409,82.89487426425865
10.431032948772744,82.74702220713694
10.426732010223658,82.58865150609077
10.422434616951147,82.397156983662
10.418140764573446,82.2212923790634
10.413850448716005,82.17887659086713
10.409563665011481,82.16243927214146
10.405280409099712,82.04480874388886
10.401000676627712,81.98200761548043
10.396724463249658,81.83506803680424
10.392451764626868,81.71561783687429
10.388182576427786,81.61350728429824
10.383916894327976,81.45078241628207
10.3796547140101,81.31817548229091
10.375396031163904,81.3142715588823
10.371140841486206,81.23943277110959
10.36688914068088,81.14436549499734
10.362640924458844,81.1016237646594
10.358396188538045,81.04801197778826
10.354154928643435,80.96384067489393
10.349917140506971,80.93807227196547
10.345682819867594,80.91082727452411
10.341451962471218,80.94160394011107
10.337224564070707,80.98916847093045
10.333000620425869,80.96518929753111
10.32878012730344,80.95319925555755
10.324563080477075,80.90085116338753
10.320349475727316,80.91701973465302
10.3161393088416,80.74973571732629
10.311932575614232,80.76459020215734
10.307729271846377,80.75178809906645
10.303529393346038,80.74244140185414
10.299332935928051,80.76067993379937
10.295139895414067,80.87220687775653
10.290950267632539,80.98085171218447
10.286764048418707,81.04885450488032
10.282581233614582,81.10236626872327
10.27840181906894,81.18525447874319
10.274225800637304,81.28879313602955
10.270053174181925,81.39493884749241
10.265883935571772,81.5814613728312
10.261718080682526,81.63427791019274
10.257555605396558,81.63573252298266
10.253396505602913,81.68643154608029
10.249240777197304,81.66856307520919
10.245088416082092,81.57891610946376
10.240939418166285,81.53613165462733
10.236793779365504,81.38982084093617
10.232651495601987,81.22049371232903
10.228512562804564,80.99125234468343
10.22437697690866,80.81206679670282
10.220244733856262,80.53190203871063
10.216115829595914,80.27742147949388
10.21199026008271,80.04949851223748
10.207868021278273,79.93753519132972
10.20374910915074,79.89416574461453
10.19963351967476,80.07747216112098
10.195521248831467,80.23434387192893
10.191412292608481,80.56744761319968
10.187306646999879,80.78950410450713
10.183204308006196,81.06647373622292
10.179105271634405,81.39441840673283
10.17500953389791,81.47980299929387
10.170917090816523,81.54711796086018
10.166827938416455,81.52440152376246
10.162742072730312,81.36729935092792
10.158659489797072,81.2652554319204
10.154580185662075,81.15257255260877
10.150504156377009,81.04652800139792
10.146431397999903,80.93040964799673
10.142361906595106,80.8172559782825
10.138295678233282,80.80061592754015
10.134232708991389,80.82526686644033
10.130172994952677,80.85387270770731
10.126116532206666,80.92583313663815
10.122063316849138,80.97369716380302
10.11801334498212,80.95471547458556
10.113966612713883,81.00434121742649
10.109923116158916,80.96801363132738
10.105882851437917,80.89976634807158
10.101845814677787,80.8839046429901
10.097812002011615,80.7259090706412
10.093781409578659,80.70074327273144
10.08975403352434,80.66287890418153
10.085729870000229,80.58463177189032
10.081708915164034,80.53352175373965
10.077691165179592,80.50285157249286
10.073676616216845,80.49121787216455
10.06966526445184,80.45443867300709
10.06565710606671,80.43228676291787
10.061652137249673,80.39066113005299
10.057650354194998,80.31762556894324
10.053651753103011,80.27380661297296
10.049656330180083,80.22267098709679
10.045664081638611,80.13123506359052
10.041675003697005,80.11818531491579
10.03768909257968,80.09779240461421
10.033706344517043,80.14084985902551
10.029726755745486,80.2510299710853
10.025750322507365,80.36818398062255
10.021777041050994,80.51506305281859
10.01780690763063,80.65894744118751
10.01383991850647,80.72082742655161
10.009876069944623,80.82719766799462
10.005915358217113,80.90586903923503
10.001957779601861,80.93245242834948
9.998003330382677,80.95877973575139
9.994052006849241,81.03450928537262
9.990103805297098,81.08346505121486
9.986158722027644,81.1049527566455
9.982216753348121,81.10820611167966
9.978277895571592,81.06222283557688
9.974342145016935,80.96426109589677
9.970409498008843,80.85190437679506
9.966479950877797,80.78907810150045
9.96255349996006,80.65630662783965
9.95863014159767,80.53674713738356
9.954709872138421,80.27770842759061
9.95079268793586,80.13119120099253
9.946878585349264,80.05456151708495
9.942967560743643,79.95882638897127
9.939059610489721,79.7857273138836
9.935154730963923,79.73013937456312
9.931252918548369,79.67004432877543
9.927354169630853,79.71240257632093
9.923458480604847,79.66327752911138
9.919565847869482,79.79343655535033
9.915676267829532,79.97399190435765
9.911789736895408,79.96163956855843
9.90790625148315,79.96855365235305
9.904025808014412,80.33382205042639
9.90014840291645,80.45900552388625
9.896274032622111,80.60631154465497
9.892402693569828,80.81470639840778
9.888534382203606,80.88741009473033
9.884669094973003,80.94018666661356
9.88080682833313,80.92357377419042
9.876947578744637,80.80796173854556
9.873091342673703,80.69059865439192
9.869238116592019,80.54218114554124
9.865387896976785,80.34721562213095
9.861540680310695,80.24412319006996
9.857696463081927,80.09961246215832
9.853855241784137,79.95469311166481
9.850017012916437,79.75901627300522
9.846181772983398,79.66472154977215
9.842349518495029,79.60297720686691
9.838520245966773,79.51374927724123
9.834693951919489,79.52296846781637
9.83087063287945,79.5542593133923
9.827050285378329,79.61179612728992
9.823232905953189,79.6820479977886
9.819418491146465,79.76717173694885
9.815607037505968,79.81914148848003
9.811798541584865,79.8715213362947
9.80799299994167,80.05655887742364
9.804190409140228,80.14172305277208
9.80039076574972,80.1114403603707
9.796594066344642,80.33078427426832
9.792800307504793,80.42008946449116
9.789009485815264,80.41455233138976
9.78522159786644,80.46421293101353
9.781436640253979,80.43240961711706
9.777654609578802,80.37522775770282
9.773875502447085,80.29044858629271
9.77009931547025,80.15642495734038
9.766326045264954,79.93426779598178
9.76255568845308,79.81932133294285
9.75878824166172,79.70830102818286
9.755023701523179,79.58357458762916
9.75126206467495,79.43909837614007
9.747503327759711,79.39001270089724
9.743747487425317,79.4074781841883
9.739994540324785,79.39133298544994
9.736244483116293,79.35318268462916
9.732497312463153,79.2843181177187
9.728753025033818,79.22515461965199
9.725011617501865,79.15052720716545
9.72127308654599,79.10469346840254
9.717537428849989,79.0608684358649
9.713804641102751,78.96269564078719
9.710074719998259,78.82510774532338
9.706347662235565,78.76601184379413
9.702623464518792,78.73385156220426
9.698902123557112,78.77432155027026
9.695183636064753,78.83838297331913
9.691467998760974,78.91504677023939
9.687755208370064,79.16680364939958
9.684045261621325,79.38099762439964
9.680338155249073,79.64049624494791
9.676633885992624,79.82795589038733
9.672932450596276,80.0099363196478
9.669233845809309,80.1819656153549
9.665538068385976,80.33258386702502
9.66184511508549,80.44825423022503
9.65815498267201,80.51416230640523
9.65446766791464,80.54559223078695
9.650783167587417,80.57218378302
9.647101478469303,80.53626922015437
9.643422597344165,80.5420919812009
9.63974652100078,80.52455202941144
9.63607324623282,80.46275599816236
9.632402769838844,80.36810531088528
9.628735088622278,80.24674171563423
9.625070199391423,80.08407626968344
9.621408098959437,79.99056893947332
9.617748784144322,79.83316904168962
9.614092251768923,79.7590753065129
9.61043849866091,79.71636348039414
9.60678752165278,79.71696548494562
9.603139317581837,79.76899001950345
9.59949388329019,79.87263124541792
9.595851215624737,79.89953087679275
9.592211311437165,79.9448146982671
9.588574167583934,79.99755197236007
9.58493978092627,80.02180743485388
9.581308148330153,79.9635823975035
9.577679266666319,79.9613922236167
9.574053132810235,79.97638392091726
9.570429743642102,79.99718782582764
9.56680909604684,80.01451504056875
9.563191186914082,80.04939694391626
9.55957601313817,79.99557098347702
9.555963571618127,80.03523725087622
9.552353859257673,80.03805191252235
9.5487468729652,79.98658274295911
9.545142609653773,79.86014917062349
9.541541066241107,79.80795912952951
9.537942239649574,79.74742466828761
9.534346126806184,79.61014228203393
9.530752724642584,79.44252310865171
9.527162030095042,79.34996682620559
9.523574040104437,79.22774929410221
9.519988751616266,79.07360081571363
9.516406161580612,79.02566476184455
9.512826266952155,78.85729433327538
9.509249064690152,78.80671092055945
9.505674551758432,78.72396833918006
9.502102725125392,78.63773471730754
9.498533581763978,78.58846839933574
9.494967118651683,78.59069127361097
9.491403332770542,78.64609172138707
9.487842221107115,78.64610404676498
9.48428378065249,78.67192691721179
9.480728008402254,78.93447705045406
9.47717490135651,79.04894144959036
9.473624456519852,79.17883047785678
9.470076670901362,79.44893759743437
9.466531541514597,79.59266185322463
9.462989065377588,79.75883221504435
9.45944923951283,79.86172609035859
9.455912060947266,80.04578135011135
9.452377526712286,80.07574399553972
9.44884563384372,80.12623362873745
9.44531637938182,80.16271639570728
9.441789760371268,80.17357084888974
9.438265773861147,80.14076504755701
9.434744416904953,80.13814725778309
9.431225686560575,80.0927661649086
9.427709579890285,80.07925223605915
9.42419609396074,80.07590042917727
9.420685225842966,80.04381376129669
9.417176972612353,80.02979681758664
9.413671331348642,80.00168411486011
9.410168299135925,79.90854135276373
9.40666787306263,79.8729593661379
9.403170050221522,79.78794641933104
9.39967482770968,79.72329086807851
9.396182202628498,79.66837866384904
9.392692172083683,79.4689159130406
9.389204733185238,79.3284037908864
9.385719883047452,79.24561756650357
9.382237618788903,79.21016142736204
9.37875793753244,79.15345609778535
9.37528083640518,79.10506225131704
9.3718063125385,79.10755611299791
9.36833436306802,79.1226073852327
9.364864985133615,79.19278930225974
9.361398175879389,79.2614823073609
9.357933932453674,79.36135075625909
9.35447225200902,79.51874922610853
9.351013131702189,79.54722378734465
9.347556568694152,79.56476316118915
9.34410256015007,79.57691898310185
9.340651103239296,79.5949862846985
9.337202195135358,79.53064375358494
9.33375583301597,79.47878517426216
9.330312014062997,79.42146008605641
9.326870735462467,79.3340089393333
9.32343199440456,79.25378235532116
9.319995788083599,79.18306062024763
9.316562113698035,79.12108400633755
9.313130968450453,79.03509056860351
9.309702349547555,78.95775683745784
9.306276254200155,78.88613323626956
9.30285267962317,78.80786394585817
9.299431623035614,78.76911299955901
9.296013081660593,78.69985800341736
9.292597052725293,78.65508147000709
9.289183533460974,78.60890535447652
9.285772521102961,78.55850031333
9.282364012890643,78.48201375993224
9.278958006067455,78.45586589697817
9.275554497880881,78.40714148560986
9.272153485582441,78.35044927115356
9.268754966427682,78.31689523382968
9.265358937676178,78.27849524173823
9.261965396591513,78.18967317447533
9.258574340441282,78.16043363741112
9.255185766497075,78.04168173143216
9.251799672034485,77.97984435831069
9.24841605433308,78.01549022705433
9.245034910676408,77.97334151619378
9.241656238351995,78.0156548010713
9.238280034651325,77.99873278457542
9.23490629686984,78.1253352337207
9.231535022306929,78.1901443125841
9.228166208265925,78.2599644757573
9.224799852054097,78.37996578232156
9.221435950982643,78.49751662111353
9.218074502366674,78.67719027160956
9.214715503525223,78.79477797279206
9.211358951781227,78.88632960648158
9.208004844461517,78.984175653382
9.204653178896821,79.03512098051469
9.201303952421753,79.02338233320597
9.197957162374804,78.95879264191382
9.194612806098332,78.85826063738676
9.19127088093856,78.78392828486359
9.187931384245575,78.67838017430667
9.184594313373305,78.31193274781688
9.181259665679525,78.17910383288051
9.177927438525844,78.11841268318118
9.1745976292777,77.99002184960972
9.171270235304357,77.62230387193796
9.16794525397889,77.39457997728806
9.164622682678182,77.2792526115334
9.161302518782918,77.19639771830697
9.157984759677579,77.0158516081676
9.15466940275043,76.91380013272841
9.151356445393521,76.70001167908521
9.148045885002672,76.5544096651621
9.144737718977472,76.51484945942678
9.141431944721269,76.4417120470066
9.138128559641164,76.41378019187482
9.134827561148006,76.47608616552057
9.131528946656385,76.45892013003214
9.128232713584621,76.47003401463334
9.12493885935476,76.58951620933883
9.12164738139257,76.63686273054398
9.118358277127534,76.77976440072585
9.115071543992835,76.90620079489747
9.111787179425358,77.02987084447619
9.108505180865684,77.25928096954257
9.10522554575808,77.35925097934586
9.101948271550485,77.64365113006721
9.098673355694519,77.81402301249177
9.095400795645466,77.94163624041549
9.09213058886227,78.09805272291499
9.088862732807527,78.15700148225677
9.08559722494748,78.32408662727839
9.082334062752011,78.48445387173311
9.07907324369464,78.6003796175765
9.075814765252511,78.66359758798063
9.072558624906385,78.70682996779186
9.069304820140642,78.85618414222715
9.06605334844327,78.93806800765304
9.062804207305856,78.99599718681236
9.059557394223578,79.08231873473935
9.056312906695208,79.13547272678679
9.0530707422231,79.16655663805345
9.049830898313179,79.17156271572328
9.046593372474938,79.1919997367954
9.04335816222144,79.18105245619326
9.040125265069298,79.14419174044266
9.036894678538678,79.0882022427834
9.033666400153285,79.09074820839541
9.030440427440368,79.00101580185301
9.027216757930702,78.93712836300826
9.023995389158587,78.89633635470457
9.020776318661841,78.83176153862061
9.017559543981799,78.73583185643096
9.014345062663294,78.67873063350478
9.011132872254665,78.57306709061794
9.007922970307739,78.51370710269205
9.004715354377835,78.4206832819416
9.001510022023751,78.33806565708079
8.998306970807759,78.28472286893663
8.995106198295597,78.18039918254021
8.991907702056467,78.2309319102358
8.988711479663037,78.21418144144867
8.985517528691407,78.21338689617039
8.982325846721134,78.33833358754077
8.979136431335206,78.41711517664069
8.975949280120052,78.50825744197202
8.972764390665512,78.55991333540749
8.969581760564859,78.61996065068902
8.966401387414773,78.75030040033865
8.963223268815343,78.80854734236738
8.960047402370058,78.84355763579833
8.9568737856858,78.85307595225851
8.95370241637285,78.84365728144235
8.950533292044863,78.83318343906286
8.947366410318873,78.81300069586248
8.944201768815288,78.78780874975587
8.941039365157879,78.785987251931
8.937879196973778,78.79997127348844
8.93472126189347,78.81998154685633
8.931565557550789,78.82047097015969
8.928412081582906,78.8601413424251
8.925260831630334,78.86986232535423
8.922111805336913,78.89011628371077
8.918965000349804,78.8614604601616
8.915820414319493,78.781692975731
8.912678044899772,78.69354027666444
8.909537889747746,78.60699948554542
8.90639994652381,78.50734916517082
8.903264212891667,78.34073708696826
8.9001306865183,78.26594686967118
8.89699936507398,78.19558140601842
8.89387024623225,78.07878880184674
8.890743327669929,78.04468867687866
8.887618607067106,77.99157065186725
8.88449608210712,77.93024216412672
8.881375750476572,77.88374681221038
8.87825760986531,77.73486029915517
8.875141657966426,77.58156638703721
8.872027892476247,77.45880881610549
8.868916311094333,77.28670134663727
8.865806911523471,77.19801655309882
8.862699691469668,77.00327016237841
8.859594648642148,76.89954932087609
8.856491780753336,76.7400341765395
8.853391085518869,76.61910119914953
8.85029256065758,76.52675952094341
8.847196203891496,76.43276355167603
8.844102012945822,76.3540648300575
8.841009985548956,76.26270724563702
8.837920119432463,76.26014219177645
8.834832412331084,76.26421044081911
8.831746861982719,76.28084974740247
8.82866346612843,76.39425578268879
8.825582222512436,76.61265632739324
8.822503128882097,76.67382097717461
8.81942618298792,76.7767011060442
8.816351382583546,76.91490175330382
8.813278725425754,77.0542005586916
8.81020820927444,77.29576239620953
8.807139831892627,77.55698136038129
8.804073591046452,77.8180391665905
8.801009484505164,78.0140000200671
8.797947510041109,78.23840019987793
8.794887665429739,78.47198014403807
8.791829948449598,78.60398622512807
8.788774356882318,78.72069147877309
8.785720888512612,78.89807681856479
8.782669541128275,78.96399563479667
8.779620312520168,79.04567419508737
8.776573200482225,79.22831690176844
8.77352820281144,79.31386247727715
8.770485317307855,79.36267323994083
8.767444541774578,79.40774694406986
8.764405874017752,79.45920672370123
8.761369311846563,79.50423608837156
8.758334853073231,79.51664195581598
8.755302495513007,79.51845375676436
8.752272236984169,79.50068202315958
8.74924407530801,79.46520620906765
8.746218008308839,79.35536424627142
8.743194033813975,79.25317592034943
8.74017214965374,79.10568126296418
8.737152353661454,78.80131520858203
8.73413464367343,78.60177152701084
8.731119017528972,78.47865866778602
8.728105473070364,78.35546425190304
8.72509400814287,78.11119715415936
8.722084620594723,77.82401065865983
8.719077308277129,77.76537381322166
8.716072069044253,77.69228367928588
8.71306890075322,77.5654954975287
8.7100678012641,77.49311664833773
8.707068768439925,77.40572760960563
8.704071800146654,77.4141031279737
8.701076894253191,77.4307727066016
8.69808404863137,77.4690224353048
8.695093261155952,77.58903577530839
8.692104529704622,77.66535998710626
8.68911785215798,77.81459348840013
8.686133226399537,77.92961203539468
8.683150650315712,78.19331852657652
8.680170121795829,78.28119456666957
8.677191638732104,78.38622383129187
8.674215199019649,78.55137634620664
8.67124080055646,78.65597736120606
8.668268441243416,78.76504187056074
8.665298118984278,78.79773182396929
8.66232983168567,78.80245673756446
8.65936357725709,78.81001087742675
8.656399353610896,78.77468984187819
8.653437158662307,78.74393591381954
8.65047699032939,78.68271808228741
8.647518846533062,78.62992203465396
8.644562725197083,78.44170379574118
8.64160862424805,78.36658325783029
8.638656541615395,78.26648200230977
8.635706475231375,78.12936631194788
8.632758423031078,78.03276881600118
8.6298123829524,78.00556612197488
8.626868352936057,77.96263193901989
8.623926330925576,77.84705233871468
8.620986314867286,77.72427169245728
8.618048302710315,77.67953733588638
8.615112292406584,77.61619289355244
8.612178281910808,77.57366482575195
8.609246269180485,77.53191969971331
8.606316252175896,77.43463650209232
8.603388228860092,77.39105080346404
8.600462197198901,77.35228811157728
8.597538155160917,77.30255857947685
8.594616100717491,77.25246875196356
8.591696031842735,77.21157922484787
8.588777946513513,77.17783736962738
8.585861842709434,77.19844879968855
8.582947718412855,77.18741642731784
8.580035571608864,77.20335372042992
8.57712540028529,77.2645388377673
8.574217202432685,77.32070443048042
8.571310976044332,77.46151965691323
8.568406719116226,77.51601755688121
8.565504429647081,77.6527709733733
8.562604105638327,77.73175879974826
8.55970574509409,77.78628140281677
8.556809346021202,77.94783171732035
8.553914906429195,78.0739125710932
8.551022424330288,78.16075791428021
8.548131897739392,78.18082105190686
8.545243324674095,78.13697240254564
8.542356703154672,78.13416733010601
8.539472031204069,78.080711642712
8.536589306847896,77.97496082224393
8.533708528114435,77.75590261838224
8.530829693034626,77.68325112021154
8.527952799642067,77.63761020623323
8.525077845973005,77.55083898551771
8.522204830066336,77.42275321034313
8.519333749963597,77.15411995143802
8.516464603708966,76.96105550647313
8.513597389349254,76.88356256018153
8.510732104933897,76.80607450036575
8.50786874851496,76.69279416264588
8.505007318147134,76.57854130325842
8.502147811887715,76.4166743623449
8.499290227796617,76.2734029961124
8.496434563936361,76.15334613112178
8.493580818372074,76.04774222924615
8.490728989171473,75.8641997937967
8.487879074404876,75.76956154141172
8.48503107214519,75.70176877846788
8.482184980467908,75.58889711330153
8.479340797451103,75.55652160253467
8.476498521175424,75.54163667963533
8.473658149724093,75.57075374991626
8.470819681182904,75.61553169183446
8.46798311364021,75.73161405049852
8.465148445186927,75.76320541898998
8.462315673916523,75.85018076543352
8.459484797925022,75.9291501858855
8.456655815310992,75.98825063533096
8.45382872417554,76.05320240265954
8.45100352262232,76.11540221443747
8.448180208757515,76.12270609256927
8.445358780689835,76.12384697084599
8.442539236530521,76.13175160807285
8.439721574393332,76.10589120953429
8.43690579239455,76.09490812928692
8.43409188865296,76.08372471254066
8.431279861289864,76.06682921353223
8.428469708429066,76.04626184825253
8.425661428196872,76.06267370510895
8.422855018722084,76.07919541423169
8.42005047813599,76.0773754424601
8.417247804572376,76.00223279727177
8.414446996167507,75.95272322647799
8.41164805106013,75.93863244738208
8.40885096739146,75.90932136250012
8.406055743305192,75.88013275165413
8.403262376947488,75.85414088133317
8.40047086646697,75.74446200262211
8.397681210014717,75.7291132314102
8.39489340574427,75.71762268825248
8.392107451811619,75.70899699163645
8.389323346375194,75.68686843188621
8.386541087595878,75.69486728322619
8.383760673636987,75.65272757218679
8.380982102664273,75.60840013141274
8.37820537284592,75.64170461046014
8.375430482352536,75.63896972180379
8.372657429357158,75.64782543525612
8.369886212035233,75.67475583869724
8.367116828564631,75.69336596129469
8.364349277125626,75.73013020623226
8.361583555900905,75.77564309422823
8.358819663075552,75.81988446224247
8.356057596837056,75.85339666983548
8.353297355375293,75.88355851527507
8.350538936882538,75.94254880363496
8.347782339553449,76.02455195676319
8.345027561585066,76.05290842499656
8.342274601176811,76.15391311375427
8.33952345653048,76.17308891538927
8.33677412585024,76.23045741495291
8.334026607342626,76.26304261837473
8.331280899216534,76.30552964353558
8.328536999683223,76.3244275806862
8.325794906956308,76.34308174654754
8.323054619251753,76.31611825832275
8.320316134787868,76.27965534507254
8.317579451785315,76.23220888254261
8.31484456846709,76.19986283484317
8.312111483058525,76.09448679492269
8.309380193787288,75.961365185143
8.306650698883374,75.92192369981976
8.303922996579104,75.7535427556567
8.301197085109116,75.65527507076357
8.298472962710372,75.54843417404987
8.295750627622143,75.43032617196852
8.29303007808601,75.351966476241
8.290311312345862,75.23136205893974
8.287594328647886,75.1171178140754
8.28487912524057,75.0024839841192
8.282165700374701,74.81888942127648
8.279454052303349,74.68505564465681
8.276744179281872,74.5550599418107
8.274036079567919,74.43477110356544
8.27132975142141,74.30767089338133
8.268625193104548,74.19990804056499
8.265922402881799,74.10183542813047
8.263221379019907,73.92429615763263
8.260522119787876,73.82501210922086
8.25782462345697,73.71010763830138
8.255128888300716,73.65183529215821
8.252434912594886,73.60123643267535
8.24974269461751,73.52352395522772
8.24705223264886,73.45317604673949
8.244363524971451,73.3949187425066
8.24167656987004,73.35928172681699
8.238991365631612,73.33913152758622
8.236307910545396,73.34004469102533
8.233626202902837,73.34563861928713
8.23094624099761,73.39031746832327
8.228268023125613,73.42612632459948
8.225591547584955,73.43901562226102
8.222916812675964,73.49843597016881
8.220243816701174,73.52619319519619
8.217572557965331,73.55121638571745
8.214903034775379,73.56040425698352
8.21223524544046,73.57296405153434
8.209569188271917,73.61011641545738
8.206904861583284,73.65465381190319
8.204242263690281,73.68576461529767
8.20158139291081,73.71923314464446
8.198922247564964,73.77216156421579
8.196264825975007,73.82165794107968
8.193609126465379,73.8566934146055
8.19095514736269,73.91880918817027
8.18830288699572,73.93575209656873
8.185652343695411,73.93294415567854
8.183003515794864,73.92701073509376
8.18035640162934,73.91645645610826
8.17771099953625,73.900034947856
8.17506730785516,73.89283510450196
8.172425324927778,73.85815025589011
8.169785049097955,73.85370988795584
8.167146478711684,73.87538477218088
8.164509612117094,73.88492864525082
8.161874447664443,73.90966601034177
8.159240983706121,73.98828657632265
8.156609218596646,74.0390650182608
8.153979150692654,74.15309209149669
8.151350778352905,74.20533414276193
8.148724099938264,74.31367299784515
8.14609911381172,74.43298605112051
8.143475818338366,74.53589965912701
8.140854211885399,74.64053453539452
8.138234292822121,74.73732561493955
8.135616059519927,74.81563687016381
8.132999510352315,74.9334504320263
8.130384643694867,75.04819279817164
8.127771457925258,75.15531766910408
8.125159951423248,75.1727216111197
8.122550122570678,75.19587603036574
8.119941969751466,75.15318528511936
8.117335491351605,75.11615063744107
8.114730685759163,75.06663516846646
8.112127551364274,74.99386973538766
8.109526086559136,74.90359606542845
8.10692628973801,74.75335030859581
8.104328159297214,74.70586005959751
8.101731693635129,74.63073510399568
8.099136891152174,74.56425470146567
8.096543750250827,74.51076582709561
8.09395226933561,74.48007772180995
8.091362446813083,74.4594711897267
8.088774281091847,74.45299636630786
8.086187770582539,74.45414383879756
8.083602913697828,74.4715156772151
8.081019708852414,74.50266430696152
8.078438154463017,74.52235817628542
8.075858248948386,74.53783977614107
8.073279990729283,74.54765555375369
8.070703378228494,74.55010337806817
8.068128409870809,74.53879028386038
8.065555084083034,74.52464489264689
8.06298339929398,74.51151847229616
8.06041335393446,74.48757319633032
8.057844946437287,74.43878783710295
8.055278175237273,74.37371358707529
8.052713038771222,74.35999152263796
8.050149535477926,74.30362811856286
8.047587663798172,74.32085176390311
8.045027422174721,74.33333963413021
8.042468809052325,74.29736111142907
8.039911822877707,74.19259854536111
8.037356462099567,74.18539188285376
8.034802725168577,74.17134909327922
8.032250610537375,74.13711337303067
8.029700116660571,74.10829852058595
8.027151241994728,74.08043283968247
8.024603984998373,74.01821608003362
8.022058344131992,73.98637637223246
8.019514317858018,73.91672895755738
8.016971904640839,73.88475071143061
8.014431102946782,73.86445360969742
8.011891911244128,73.84128390102305
8.009354328003091,73.8162084698181
8.006818351695825,73.7728369797425
8.004283980796417,73.74685441580257
8.001751213780889,73.76164791778643
7.999220049127189,73.82865795667837
7.996690485315186,73.8501395784319
7.99416252082668,73.87330243224099
7.991636154145382,73.89489519046771
7.989111383756927,73.97715711476697
7.986588208148854,73.99259303962812
7.984066625810618,74.04814691332561
7.981546635233582,74.06702827186317
7.97902823491101,74.09105494192144
7.976511423338067,74.12277804092801
7.973996199011818,74.16178600665054
7.971482560431222,74.17243842442629
7.968970506097133,74.19446103973952
7.966460034512286,74.20828720967558
7.96395114418131,74.22673178614562
7.961443833610716,74.23498433214077
7.9589381013088945,74.23872274214139
7.9564339457861095,74.24160241813907
7.953931365554504,74.24320400723218
7.951430359128091,74.23012851357001
7.948930925022753,74.21652245830614
7.946433061756235,74.19122709163688
7.943936767848146,74.17465849454615
7.941442041819955,74.11804649641289
7.93894888219499,74.06357068088866
7.936457287498427,74.0007757902354
7.933967256257296,73.93591479596776
7.931478787000478,73.83397741270443
7.928991878258697,73.76416535676752
7.926506528564515,73.68991720614846
7.924022736452337,73.6383520979451
7.921540500458406,73.5300222947416
7.919059819120798,73.49438345104947
7.916580690979414,73.388889809105
7.9141031145759895,73.36706775696396
7.911627088454083,73.36160992570444
7.909152611159077,73.35982013715021
7.906679681238166,73.34158679898425
7.904208297240368,73.33465743457694
7.901738457716513,73.2996784334577
7.899270161219242,73.3126667489028
7.896803406303001,73.35214268865431
7.894338191524044,73.3598846540736
7.891874515440426,73.36107675283068
7.889412376612005,73.3471131893745
7.886951773600427,73.31654595361357
7.884492704969141,73.31036982137613
7.882035169283383,73.30860702866268
7.8795791651101785,73.27888123302066
7.877124691018334,73.26087276299064
7.874671745578446,73.24297793473397
7.872220327362887,73.21450984200015
7.869770434945806,73.20525268913408
7.867322066903127,73.1975890526675
7.864875221812546,73.20287345319292
7.862429898253528,73.21139408903906
7.859986094807306,73.22685462738573
7.857543810056871,73.25179449151543
7.855103042586979,73.28621665994984
7.852663790984144,73.30844037337445
7.850226053836634,73.4069134031821
7.8477898297344675,73.47120714535866
7.845355117269417,73.51886856679141
7.842921915034998,73.53913105417068
7.840490221626475,73.56041905933498
7.838060035640847,73.68959409659917
7.835631355676859,73.77607709263005
7.833204180334989,73.81773875134992
7.83077850821745,73.8736148029125
7.828354337928181,73.9133175718078
7.8259316680728555,73.96039457719121
7.823510497258869,73.98383382658085
7.821090824095345,73.98853864417822
7.818672647193115,73.98320730409148
7.816255965164742,73.95836616156973
7.813840776624495,73.89673734381664
7.811427080188361,73.84241463353108
7.8090148744740295,73.79184587768415
7.806604158100902,73.71812556011311
7.804194929690086,73.59572570124016
7.801787187864386,73.51268916775197
7.799380931248306,73.44279914249852
7.79697615846805,73.34600392615954
7.794572868151513,73.27494826598462
7.792171058928282,73.154002681789
7.789770729429632,73.07671557652966
7.787371878288525,73.02670907545122
7.784974504139605,72.89996688373165
7.782578605619199,72.79401052560391
7.78018418136531,72.73240272706582
7.777791230017616,72.72251700007033
7.775399750217471,72.65979612910685
7.7730097406079,72.63839659187697
7.770621199833592,72.63579745001073
7.768234126540901,72.64497107167894
7.76584851937785,72.69250493139504
7.763464376994118,72.76113485420092
7.761081698041039,72.77223051306161
7.758700481171608,72.78722461029852
7.756320725040468,72.83220766714007
7.753942428303917,72.84680517683472
7.7515655896198945,72.85888262217584
7.749190207647988,72.86341545643685
7.746816281049429,72.84108148244579
7.744443808487089,72.82682109667243
7.742072788625472,72.77652418026253
7.739703220130722,72.74208940658366
7.737335101670614,72.67777689607723
7.734968431914556,72.60122154067832
7.732603209533575,72.5417531177352
7.730239433200332,72.44603708657431
7.7278771015891055,72.36538310246242
7.725516213375798,72.30311526603866
7.723156767237924,72.1991720959933
7.720798761854618,72.13750440311321
7.718442195906625,72.075165196731
7.716087068076302,72.00726956088641
7.713733377047609,71.92193483812821
7.7113811215061165,71.86580275218756
7.709030300138997,71.84986561929617
7.706680911635021,71.8456218802607
7.704332954684558,71.84285453226494
7.7019864279795724,71.8581456652816
7.699641330213624,71.89155007494742
7.697297660081863,71.95031234991285
7.694955416281023,72.07877454770977
7.692614597509428,72.1434245263651
7.690275202466987,72.18000599782343
7.687937229855186,72.22793255195924
7.68560067837709,72.34837479648108
7.68326554673734,72.41813006210936
7.680931833642155,72.497028325502
7.678599537799323,72.57203962142302
7.676268657918196,72.60154141194766
7.6739391927097005,72.6216308792851
7.671611140886323,72.63040364554732
7.669284501162114,72.62246125794567
7.66695927225268,72.59934815090874
7.6646354528751885,72.56712584969014
7.66231304174836,72.53394854554233
7.659992037592469,72.47900228557555
7.657672439129335,72.40253651377793
7.655354245082333,72.35425130757378
7.653037454176379,72.32002609287187
7.6507220651379315,72.29056686768965
7.648408076694991,72.24049916155913
7.646095487577096,72.12763277109855
7.643784296515323,72.08555294454192
7.641474502242279,72.05806385066447
7.639166103492105,72.02193095975142
7.636859099000469,71.99234941685302
7.634553487504569,71.95538363279746
7.632249267743125,71.9151130484077
7.629946438456379,71.88681362985008
7.627644998386094,71.81997041303006
7.6253449462755505,71.76837903789178
7.623046280869547,71.7064943114733
7.620749000914387,71.6445028333132
7.618453105157894,71.59484028930387
7.616158592349394,71.53239635933315
7.613865461239725,71.48599139775297
7.611573710581221,71.43019514422812
7.609283339127725,71.37057326853824
7.6069943456345746,71.34179612125317
7.604706728858609,71.2920677200266
7.602420487558158,71.27099454575392
7.600135620493046,71.24163964638474
7.5978521264245895,71.21984502570507
7.595570004115591,71.20216278391953
7.593289252330338,71.1928770627903
7.591009869834605,71.17166960970474
7.588731855395646,71.14349830369679
7.586455207782196,71.11708683241925
7.584179925764463,71.10827287815856
7.581906008114135,71.10488205150571
7.5796334536043695,71.10245661786757
7.577362261009797,71.09931068925576
7.575092429106511,71.10396217904315
7.572823956672077,71.11484420690726
7.570556842485522,71.12445789408616
7.568291085327337,71.14472973240555
7.566026683979465,71.15250474745123
7.563763637225314,71.15353715195052
7.561501943849746,71.1536499267492
7.559241602639074,71.15607336464356
7.556982612381061,71.1509723874972
7.55472497186492,71.13465470145597
7.552468679881312,71.11547406986185
7.550213735222342,71.10469138975438
7.547960136681551,71.09872138640205
7.545707883053929,71.09542474883392
7.543456973135897,71.07668430758818
7.541207405725319,71.04807510692413
7.538959179621482,71.02118348539835
7.536712293625114,71.01558768374983
7.534466746538367,71.01577069196534
7.532222537164825,71.01425819194844
7.529979664309489,71.00812316167955
7.527738126778791,70.98616543057317
7.52549792338058,70.94894344108445
7.523259052924125,70.91384464494227
7.5210215142201085,70.85912910354048
7.5187853060806304,70.84215427490008
7.516550427319204,70.80250098352164
7.514316876750751,70.7549460693871
7.5120846531916,70.73335329231101
7.5098537554594875,70.65964447042593
7.507624182373554,70.54483154934206
7.505395932754343,70.51248738097591
7.503169005423794,70.50918345524798
7.500943399205246,70.51758795395719
7.498719112923437,70.52441308775025
7.496496145404496,70.52440499827776
7.494274495475941,70.53156402223314
7.492054161966683,70.51297387553683
7.48983514370702,70.5683261513244
7.487617439528636,70.60816705447886
7.485401048264593,70.64498528053254
7.483185968749341,70.68006490359258
7.480972199818707,70.71214523163323
7.478759740309895,70.77128471567433
7.476548589061482,70.8212686623184
7.474338744913421,70.87477256848842
7.4721302067070345,70.9188874793538
7.469922973285018,70.94344317959546
7.467717043491427,70.98750544675102
7.465512416171687,71.00632650634225
7.463309090172585,71.0439353702584
7.461107064342271,71.05805946305247
7.45890633753025,71.06810162726649
7.456706908587388,71.07510092980519
7.454508776365903,71.0834460369839
7.45231193971937,71.09043184805202
7.450116397502709,71.09823690913655
7.447922148572194,71.12650556055004
7.445729191785444,71.12930465054083
7.443537526001425,71.16794969861738
7.441347150080442,71.20188601165565
7.439158062884144,71.22351054576163
7.43697026327552,71.24347873691363
7.434783750118895,71.26360009891133
7.432598522279928,71.30709216772584
7.430414578625612,71.32848826544611
7.428231918024273,71.34769808029796
7.426050539345566,71.37759573593904
7.423870441460467,71.405893701239
7.421691623241287,71.43218387012774
7.419514083561655,71.45107479447171
7.417337821296524,71.45283479971928
7.415162835322163,71.44955862611167
7.412989124516161,71.44961170494858
7.410816687757424,71.43354469738708
7.408645523926172,71.41535016097575
7.40647563190393,71.38781216112915
7.404307010573543,71.347509454283
7.402139658819157,71.25840600799434
7.399973575526229,71.21309003219487
7.397808759581514,71.1697467416663
7.3956452098730745,71.07912391883801
7.3934829252902725,71.04593507881836
7.391321904723768,71.00256168466873
7.389162147065517,70.93881833152038
7.387003651208769,70.79981536607829
7.384846416048069,70.75655818301134
7.382690440479255,70.72790469836843
7.380535723399447,70.68782407049974
7.378382263707056,70.63389176316375
7.376230060301781,70.55686007842061
7.374079112084602,70.51993242325278
7.3719294179577775,70.46112321366512
7.36978097682485,70.40920795251907
7.367633787590639,70.35549418430185
7.365487849161239,70.26106372806188
7.3633431604440185,70.2247767719648
7.361199720347618,70.19394547267768
7.3590575277819505,70.15948145310705
7.356916581658197,70.15026556690124
7.354776880888801,70.13323073192345
7.352638424387477,70.16067831262401
7.350501211069198,70.1592754780408
7.348365239850202,70.15055975197158
7.346230509647981,70.15759555708598
7.34409701938129,70.16900165842037
7.341964767970137,70.18771113468158
7.339833754335785,70.21056219780928
7.337703977400747,70.25485905805672
7.335575436088789,70.26856818212661
7.333448129324921,70.29172843780884
7.3313220560354075,70.3374785675218
7.329197215147749,70.35767197837696
7.327073605590694,70.37981348511491
7.324951226294233,70.43368758631195
7.322830076189592,70.52167095340982
7.3207101542092365,70.58849311092351
7.3185914592868695,70.66930500150329
7.316473990357426,70.71997211079253
7.314357746357074,70.7664215899137
7.31224272622321,70.85040915520369
7.310128928894463,70.89516336683837
7.308016353310687,70.92802986239705
7.305904998412961,70.95034552449053
7.303794863143585,70.96114135821557
7.301685946446086,70.94531974650198
7.299578247265206,70.90885616131047
7.297471764546909,70.8928876369929
7.295366497238371,70.86574647111387
7.293262444287985,70.83916861138988
7.291159604645358,70.77888196039932
7.289057977261308,70.71804365459164
7.286957561087858,70.57544642634141
7.284858355078242,70.37335695394188
7.282760358186902,70.33919829115388
7.280663569369481,70.30304430335033
7.278567987582822,70.24751131990953
7.276473611784976,70.14900211641904
7.274380440935185,70.09790202294741
7.272288473993895,70.04238290329481
7.2701977099227415,69.9726661917347
7.268108147684558,69.8518578756046
7.266019786243367,69.81859638944047
7.263932624564387,69.7799410189241
7.261846661614016,69.73962537107398
7.259761896359847,69.70443591040691
7.2576783277706545,69.67647842941119
7.255595954816398,69.65871191265505
7.253514776468216,69.65199505299228
7.25143479169843,69.66479823018685
7.2493559994805405,69.66623553939013
7.247278398789223,69.67406265208955
7.245201988600326,69.68200070258953
7.2431267678908755,69.69027921092771
7.241052735639068,69.6856884624258
7.23897989082427,69.68372755564303
7.236908232427012,69.66673542580813
7.234837759428999,69.65411679956884
7.232768470813096,69.62958153767008
7.230700365563333,69.60220533730669
7.228633442664899,69.58830129191207
7.226567701104145,69.57631910284827
7.224503139868582,69.56833484591164
7.222439757946877,69.56304741863718
7.220377554328848,69.53131312194739
7.218316528005472,69.48437720845966
7.2162566779688735,69.47606630118207
7.214198003212332,69.48101547926568
7.212140502730269,69.48710573263105
7.210084175518257,69.4984395589248
7.208029020573014,69.51272194054889
7.205975036892402,69.52177867376048
7.20392222347542,69.53684089848596
7.201870579322212,69.56124825105084
7.199820103434059,69.586660275962
7.197770794813383,69.59841138495372
7.195722652463734,69.59821964575059
7.193675675389801,69.5969929869446
7.191629862597404,69.59492905097875
7.189585213093496,69.59181010958153
7.1875417258861525,69.56507256207334
7.185499399984584,69.53767196705401
7.183458234399121,69.4736258769952
7.181418228141225,69.39627661072927
7.1793793802234696,69.3751783583198
7.17734168965956,69.35339606553104
7.175305155464314,69.31583963803408
7.173269776653672,69.24834157951537
7.171235552244687,69.20101297706375
7.169202481255526,69.08254342964653
7.167170562705475,69.04822658538073
7.165139795614926,68.99974508781574
7.163110179005381,68.936726728535
7.1610817118994525,68.87391962414617
7.159054393320861,68.82246417447263
7.1570282222944295,68.7941493010452
7.155003197846084,68.76844352952381
7.152979319002856,68.74508112078374
7.150956584792875,68.73559913316194
7.148934994245373,68.7315349698548
7.146914546390672,68.73466289516531
7.1448952402601975,68.74071791286406
7.142877074886465,68.7589511695503
7.140860049303088,68.76216595881327
7.138844162544762,68.76837330230107
7.136829413647281,68.77395158552717
7.134815801647524,68.77713490484754
7.132803325583457,68.77406900718455
7.130791984494128,68.75885691570181
7.128781777419674,68.69966873593161
7.126772703401309,68.64666646161544
7.124764761481333,68.621902160709
7.122757950703119,68.59897500227899
7.120752270111121,68.55948677491114
7.11874771875087,68.50468852706791
7.116744295668969,68.43569313329614
7.114741999913094,68.337155264096
7.112740830531993,68.31003505616349
7.1107407865754855,68.2846214454188
7.108741867094458,68.26446629467591
7.106744071140862,68.25092249044604
7.104747397767719,68.23715835114814
7.1027518460291095,68.23925788568548
7.100757414980182,68.24416492497771
7.09876410367714,68.25432179144332
7.0967719111772505,68.26665161396093
7.094780836538836,68.28257212901403
7.092790878821279,68.29808716610151
7.090802037085012,68.30699729625606
7.088814310391526,68.32246750613132
7.08682769780336,68.33561804872187
7.084842198384108,68.34561649837332
7.082857811198408,68.35311290620668
7.080874535311948,68.35452201682304
7.078892369791464,68.39300561273828
7.076911313704735,68.42223288400828
7.074931366120582,68.45438052953915
7.072952526108869,68.47106614276356
7.070974792740502,68.50362982064343
7.068998165087424,68.51630620566692
7.067022642222614,68.52154173905888
7.06504822322009,68.55075572376049
7.063074907154904,68.56730523653835
7.06110269310314,68.57755676045244
7.059131580141913,68.57875488964194
7.057161567349369,68.57181244473028
7.055192653804683,68.57283561749816
7.0532248385880605,68.57786724750605
7.051258120780725,68.57840527053744
7.049292499464931,68.56602032607285
7.047327973723955,68.5801583520478
7.045364542642095,68.5838839482903
7.043402205304667,68.59474993701316
7.041440960798006,68.60302560885589
7.039480808209469,68.61268501819478
7.037521746627425,68.62361228721562
7.035563775141255,68.63807540775156
7.03360689284136,68.65905977353574
7.031651098819146,68.68149393458913
7.029696392167035,68.70222654271902
7.0277427719784535,68.69385983569052
7.025790237347838,68.69989136674918
7.023838787370629,68.69691716815956
7.0218884211432755,68.70365559392874
7.019939137763225,68.71091070154466
7.017990936328929,68.72208001233366
7.016043815939841,68.70251722984872
7.014097775696413,68.66631096987206
7.0121528147000936,68.64558473211707
7.0102089320533265,68.6436869684064
7.008266126859554,68.63514779499627
7.006324398223211,68.61694825279427
7.004383745249722,68.55589081690636
7.002444167045505,68.52963737971888
7.000505662717966,68.51086046000015
6.998568231375502,68.44285529545019
6.996631872127493,68.40967021629845
6.994696584084305,68.37806614806416
6.99276236635729,68.35371285680014
6.990829218058784,68.29037077408404
6.988897138302098,68.27535418957746
6.986966126201529,68.25514497184108
6.985036180872349,68.23015146685032
6.983107301430813,68.20945546660325
6.981179486994143,68.18970315235848
6.979252736680541,68.16269749529307
6.977327049609183,68.12317030867062
6.975402424900217,68.07329016178436
6.973478861674756,68.02628116981735
6.971556359054887,67.99835696931885
6.969634916163664,67.95317726822299
6.96771453212511,67.86746026126045
6.965795206064207,67.83136777512122
6.963876937106907,67.80019714407183
6.96195972438012,67.72911940198321
6.960043567011722,67.69899214390017
6.958128464130542,67.62623726585181
6.956214414866374,67.58475660975978
6.954301418349968,67.55421538085099
6.952389473713028,67.53202331159413
6.9504785800882125,67.5030768116803
6.948568736609134,67.47690999925233
6.94665994241036,67.45163286602218
6.9447521966274035,67.40214689858271
6.942845498396729,67.38404265395643
6.940939846855751,67.36520175437548
6.939035241142828,67.3431157792433
6.937131680397267,67.32785806089495
6.935229163759315,67.31269457692426
6.933327690370166,67.29598835403334
6.931427259371952,67.28519602306034
6.92952786990775,67.28856214976096
6.92762952112157,67.30382107011908
6.925732212158365,67.2673257041746
6.923835942164022,67.25101125457051
6.921940710285364,67.27096675061475
6.920046515670146,67.27666693238764
6.918153357467057,67.29073716207841
6.916261234825719,67.30362114724744
6.914370146896683,67.31537905289933
6.912480092831426,67.3228040618209
6.910591071782355,67.33671257307952
6.908703082902804,67.35210552481836
6.906816125347032,67.36111106815663
6.904930198270218,67.3675424406199
6.9030453008284685,67.3736454909814
6.901161432178808,67.37281397585483
6.899278591479183,67.37276187569768
6.8973967778884555,67.3753131341233
6.895515990566408,67.36086256545109
6.8936362286737385,67.35398686862587
6.891757491372061,67.34692132362036
6.889879777823899,67.30916431514287
6.8880030871926925,67.27406616294385
6.8861274186427925,67.26080667632908
6.884252771339459,67.22507023635208
6.8823791444488585,67.2144355014953
6.88050653713807,67.19875493003997
6.8786349485750735,67.16782369798142
6.87676437792876,67.1218480804456
6.8748948243689165,67.09292687845783
6.87302628706624,67.05500693763061
6.871158765192325,67.04670589989892
6.869292257919668,67.04058953699749
6.86742676442166,67.04402069337365
6.865562283872596,67.02698502483653
6.8636988154476635,67.02230509830072
6.861836358322948,67.03053709031894
6.859974911675423,67.00887979578067
6.858114474682962,67.0031844532738
6.856255046524327,67.00537323293067
6.854396626379171,66.97474579039476
6.8525392134280345,66.96045038114761
6.850682806852347,66.95883633694444
6.848827405834426,66.9567933318379
6.846973009557474,66.95621063159837
6.845119617205576,66.95647405546842
6.843267227963703,66.95924892014287
6.841415841017706,66.96416979715809
6.839565455554318,66.9754384087953
6.837716070761151,66.98021548150436
6.8358676858266945,66.97771203371735
6.834020299940318,66.97734562604461
6.832173912292265,66.97163129845606
6.8303285220736525,66.96776201032702
6.828484128476474,66.97381303022274
6.826640730693595,66.97440146201288
6.824798327918752,66.96759422603247
6.82295691934655,66.94591110265526
6.821116504172465,66.94464719748126
6.81927708159284,66.94351361616003
6.817438650804886,66.92953924380416
6.815601211006675,66.91642292938553
6.813764761397151,66.9070095120642
6.811929301176113,66.90173846810289
6.810094829544229,66.89300745501109
6.8082613457030225,66.92410474315136
6.806428848854878,66.92922170066868
6.804597338203041,66.93132553481342
6.802766812951613,66.91232237382226
6.800937272305549,66.90495864263252
6.799108715470663,66.89744547565492
6.79728114165362,66.88973450411211
6.795454550061941,66.87599025258928
6.793628939903995,66.85796757677826
6.7918043103890025,66.85316101333366
6.789980660727035,66.8434013663655
6.788157990129012,66.83633151401236
6.786336297806695,66.82383102987833
6.7845155829727,66.82586835010792
6.782695844840481,66.83031641582036
6.78087708262434,66.83497451463562
6.779059295539416,66.85777500561338
6.777242482801695,66.86504192327142
6.775426643628,66.87953002758701
6.773611777235996,66.9105331322145
6.771797882844182,66.91831923157335
6.7699849596718975,66.9274700902154
6.768173006939315,66.93113678770143
6.766362023867446,66.93074582255383
6.764552009678128,66.93006421657387
6.762742963594038,66.92683405685862
6.76093488483868,66.92461667784109
6.759127772636393,66.92352823365488
6.75732162621234,66.92537540926901
6.755516444792513,66.92364158301933
6.7537122276037325,66.91532412579862
6.751908973873646,66.89347220004346
6.7501066828307215,66.89340685694106
6.748305353704252,66.88170451344789
6.746504985724355,66.86681181527261
6.7447055781219705,66.80017734199922
6.742907130128852,66.78042860070337
6.741109640977579,66.72782146996167
6.739313109901546,66.69881979150156
6.737517536134966,66.67123256375217
6.735722918912866,66.62123965698797
6.733929257471088,66.49010939595468
6.732136551046291,66.4184264712579
6.730344798875943,66.33719533763778
6.728554000198324,66.31037009908883
6.7267641542525265,66.2826125256945
6.72497526027845,66.25462590623317
6.723187317516806,66.21498206944253
6.721400325209108,66.07249581176812
6.7196142825976795,65.92552802377384
6.7178291889256485,65.84302540930187
6.716045043436948,65.69142293448233
6.714261845376309,65.60660944111555
6.71247959398927,65.5379321768426
6.7106982885221695,65.47971651356069
6.708917928222145,65.43811225610978
6.70713851233713,65.3332028436589
6.705360040115859,65.23452205577178
6.7035825108078635,65.08406570251077
6.7018059236634695,65.02291260286087
6.700030277933794,64.97176678610995
6.698255572870755,64.8297848325432
6.696481807727055,64.76450873107206
6.694708981756196,64.67647410898324
6.692937094212461,64.57381442762363
6.691166144350929,64.50660621922049
6.689396131427467,64.45172458028166
6.6876270546987255,64.40132253528681
6.685858913422143,64.3095113650165
6.684091706855944,64.18432999462803
6.682325434259136,64.14602638077135
6.680560094891511,64.12017415421674
6.67879568801364,64.09271370522238
6.677032212886877,64.07924367687356
6.675269668773356,64.06633453236843
6.673508054935991,64.04792456006135
6.671747370638469,64.00733337016963
6.669987615145261,63.97121463417562
6.668228787721607,63.90564405214181
6.666470887633528,63.94355790638056
6.664713914147813,63.95540723885238
6.662957866532028,63.96806856247315
6.661202744054507,64.02445133023542
6.659448545984361,64.02606856244316
6.657695271591463,64.02049238624133
6.655942920146458,64.01487064312386
6.654191490920761,64.01739648686005
6.652440983186552,64.02121532174581
6.650691396216773,64.0116867409318
6.648942729285138,64.00081690890427
6.647194981666118,63.968822617118164
6.645448152634951,63.95970942597494
6.643702241467633,63.952823919316586
6.6419572474409225,63.90877277326946
6.6402131698323394,63.89926077027391
6.638470007920161,63.860141781331194
6.63672776098342,63.8471956415742
6.634986428301907,63.83871055418073
6.633246009156172,63.86083167473375
6.631506502827514,63.85734304063824
6.629767908597988,63.856096594998114
6.628030225750403,63.864099839883465
6.6262934535683184,63.843916265732425
6.624557591336045,63.867166249812826
6.622822638338643,63.888631868271574
6.621088593861919,63.911743405195026
6.619355457192432,63.98519215449953
6.617623227617486,64.0055355022763
6.615891904425128,63.987138689902764
6.614161486904154,63.99854097377792
6.6124319743441005,64.02800624852269
6.61070336603525,64.04039253153505
6.608975661268625,64.08361173898331
6.607248859335988,64.09391931494977
6.605522959529845,64.10422689091624
6.603797961143438,64.13351810703915
6.602073863470746,64.14532892636595
6.6003506658064905,64.14846886680435
6.598628367446124,64.15129506085862
6.596906967685837,64.1567355294639
6.59518646582255,64.15872253600389
6.5934668611539236,64.15210793145417
6.591748152978345,64.14707544726345
6.590030340594936,64.13437657822492
6.588313423303546,64.1289340516553
6.586597400404757,64.11334256441755
6.584882271199876,64.10399316025561
6.583168034990943,64.07522511787296
6.581454691080718,64.05985862483135
6.57974223877269,64.04271002697939
6.578030677371074,64.04141008182785
6.576320006180807,64.04011013667629
6.574610224507548,64.04351789771012
6.57290133165768,64.04661104138825
6.571193326938305,64.04918044754342
6.569486209657248,64.06110487560392
6.56777997912305,64.08473512642105
6.56607463464497,64.10499907074224
6.564370175532987,64.1436485346579
6.562666601097795,64.15655583267144
6.560963910650802,64.1653157485266
6.559262103504132,64.17353347810464
6.557561178970622,64.1922923769394
6.5558611363638235,64.2080199106227
6.554161974997995,64.2256294861697
6.552463694188109,64.24099779576348
6.55076629324985,64.2509711868321
6.549069771499607,64.26107201333691
6.547374128254478,64.26387884629985
6.54567936283227,64.26417109038725
6.543985474551494,64.26224616124017
6.54229246273137,64.25306527737276
6.540600326691816,64.25752984261402
6.538909065753459,64.24892818073697
6.537218679237626,64.2355625240227
6.535529166466348,64.21886654115468
6.53384052676235,64.16985521310927
6.532152759449065,64.13963675800545
6.5304658638506226,64.07850657379714
6.528779839291847,64.05277479462725
6.527094685098262,64.01747851726321
6.525410400596088,63.826772484834095
6.523726985112239,63.777946953599994
6.522044437974325,63.74474773489955
6.520362758510649,63.71230663890951
6.518681946050207,63.679865542919465
6.517001999922685,63.4727689463061
6.515322919458462,63.386554289527496
6.5136447039886045,63.304594446304144
6.51196735284487,63.20694179222638
6.510290865359704,63.03793034245418
6.5086152408662405,62.98163714215514
6.506940478698295,62.89195451551646
6.505266578190374,62.819229426933184
6.503593538677664,62.76444712410708
6.501921359496041,62.621313064627145
6.500250039982057,62.57648321514916
6.498579579472952,62.5421351223013
6.496909977306642,62.40270242745004
6.49524123282173,62.36365579180545
6.49357334535749,62.338518307731945
6.491906314253879,62.30760816773588
6.490240138851532,62.28034989068622
6.488574818491762,62.26856079091635
6.486910352516552,62.262219796786944
6.4852467402685665,62.25216056978687
6.48358398109114,62.28361461841283
6.481922074328284,62.30004283700623
6.480261019324677,62.28316180626353
6.478600815425674,62.27761776898717
6.476941461977297,62.252385835234016
6.475282958326245,62.28034823664632
6.473625303819874,62.37681193082592
6.471968497806219,62.41121372615694
6.470312539633977,62.43851770837438
6.468657428652514,62.457397550946624
6.467003164211857,62.47590143476128
6.465349745662702,62.55425579570728
6.463697172356408,62.563441730081166
6.462045443644999,62.59056894878225
6.460394558881155,62.656396130836335
6.458744517418222,62.72020953891178
6.457095318610207,62.75239284104653
6.455446961811776,62.78446163598883
6.45379944637825,62.84115448987676
6.452152771665613,62.888689322621296
6.450506937030504,62.88906374990952
6.448861941830219,62.882181848416565
6.4472177854227075,62.88720756406124
6.445574467166575,62.884893553304664
6.443931986421082,62.877475157462385
6.442290342546139,62.871036748878126
6.440649534902312,62.86212707658413
6.439009562850815,62.85078362132235
6.437370425753515,62.84257713125736
6.435732122972928,62.82929605012944
6.434094653872215,62.816889923932564
6.432458017815192,62.789980602612474
6.430822214166318,62.779198453826666
6.4291872422906975,62.763932097272814
6.427553101554083,62.748418376348894
6.42591979132287,62.7328825482685
6.424287310964098,62.714444622223155
6.42265565984545,62.68886408129586
6.421024837335251,62.662078610833206
6.419394842802467,62.65403222650136
6.417765675616708,62.647045992466076
6.416137335148217,62.6409547537907
6.414509820767883,62.63294394232329
6.412883131847227,62.58201941179762
6.411257267758412,62.513247764512535
6.409632227874238,62.48831081562517
6.408008011568135,62.46610798610905
6.406384618214172,62.442511427441005
6.404762047187054,62.38817749359114
6.403140297862116,62.3793249758853
6.401519369615327,62.36862394727967
6.399899261823285,62.35620827782012
6.398279973863224,62.31276566709181
6.396661505113006,62.222879850348775
6.395043854951117,62.14718121763384
6.393427022756681,62.0898625205016
6.391811007909442,62.04829302199764
6.390195809789775,62.00634545858148
6.388581427778682,61.95127441130325
6.3869678612577845,61.886902775045655
6.385355109609335,61.82954358631369
6.3837431722162075,61.7752498770798
6.382132048461897,61.72294909916479
6.380521737730524,61.645486252446844
6.378912239406827,61.603735512488655
6.377303552876169,61.5240268740112
6.375695677524533,61.48069925309922
6.374088612738514,61.42551228548054
6.372482357905333,61.4003563955014
6.370876912412826,61.38049731411028
6.369272275649444,61.360965721787274
6.367668447004257,61.331735236189786
6.366065425866949,61.29020369628182
6.364463211627816,61.2521957806066
6.362861803677774,61.2161621728078
6.361261201408343,61.19469195290223
6.3596614042116615,61.166304417558436
6.358062411480479,61.13705010106809
6.356464222608153,61.1045408454504
6.354866836988651,61.076093762459855
6.353270254016552,61.03983302950646
6.351674473087041,61.009004597246566
6.350079493595913,60.97775815123752
6.348485314939565,60.93954555601218
6.3468919365150045,60.904317003941294
6.345299357719844,60.87080973715733
6.343707577952297,60.786179850661526
6.342116596611183,60.7457567092124
6.340526413095927,60.695135193454405
6.33893702680655,60.63111239790057
6.337348437143682,60.57684013049217
6.335760643508545,60.527161627522744
6.334173645302968,60.472878346489026
6.332587441929378,60.40487795829863
6.331002032790796,60.328908583656855
6.329417417290846,60.29016778415222
6.327833594833746,60.239293264401624
6.326250564824312,60.1813840600273
6.324668326667954,60.14457736885322
6.323086879770676,60.11085662141525
6.321506223539077,60.05841948843755
6.319926357380353,60.015555694483226
6.318347280702283,59.98792692107973
6.3167689929132464,59.96299885761678
6.315191493422211,59.94025743310696
6.313614781638734,59.92305573387249
6.312038856972963,59.9088945265855
6.310463718835633,59.88561630954236
6.308889366638068,59.84282900478081
6.307315799792182,59.81594661076646
6.305743017710469,59.779151791413135
6.304171019806016,59.773834237268794
6.3025998054924885,59.76814554191365
6.301029374184143,59.76815012404818
6.299459725295816,59.78273579895698
6.297890858242925,59.7937677832374
6.296322772441475,59.819767787583444
6.294755467308049,59.80739257283925
6.293188942259809,59.811984583484275
6.2916231967145,59.827526653561165
6.290058230090448,59.867052670066656
6.288494041806554,59.878846808706726
6.286930631282298,59.885733542247216
6.285367997937738,59.888268850338
6.283806141193506,59.89225318225651
6.282245060470814,59.905798802391445
6.2806847551914435,59.89981710947181
6.279125224777755,59.89312333358352
6.277566468652681,59.87831425551442
6.276008486239727,59.87242890996519
6.274451276962971,59.863533790874385
6.272894840247059,59.847662772343
6.2713391755172125,59.83291043189031
6.269784282199222,59.81753431672121
6.268230159719445,59.8173138992536
6.266676807504809,59.815664756339096
6.26512422498281,59.81210233714675
6.263572411581512,59.8080065409196
6.2620213667295435,59.79622688966852
6.260471089856098,59.78822948170483
6.258921580390937,59.789820938940096
6.257372837764385,59.79512577115483
6.255824861407331,59.79654047611557
6.254277650751224,59.792404039665
6.25273120522808,59.792929464804175
6.251185524270473,59.79967267618255
6.24964060731154,59.80992748303261
6.248096453784977,59.81798322289132
6.246553063125039,59.82429960689872
6.245010434766544,59.841213092410385
6.243468568144861,59.845715819465774
6.241927462695923,59.84994933070698
6.2403871178562165,59.85970594921413
6.238847533062785,59.86331148387242
6.237308707753228,59.85724099647224
6.235770641365698,59.859438331916834
6.234233333338903,59.86209663610113
6.232696783112105,59.846936756034694
6.231160990125114,59.80105313936517
6.229625953818299,59.78608418486509
6.228091673632577,59.765432203164494
6.226558149009414,59.73518977079515
6.2250253793908294,59.71154706031324
6.223493364219388,59.69549902043416
6.221962102938207,59.67730166232417
6.220431594990949,59.64042239939094
6.218901839821824,59.59160717726721
6.21737283687559,59.54549947191411
6.2158445855975515,59.51183909118603
6.214317085433555,59.504602309660775
6.212790335829995,59.49573694030519
6.211264336233806,59.4895733155154
6.209739086092471,59.4924426208319
6.208214584854012,59.433308002504425
6.206690831966993,59.34802316550862
6.20516782688052,59.214902644750964
6.20364556904424,59.19814125311129
6.202124057908339,59.18179251307461
6.200603292923544,59.138160392670784
6.199083273541118,59.128015548089294
6.197563999212862,59.11704170620634
6.1960454693911196,59.10516818633195
6.194527683528762,59.086794040849554
6.193010641079205,59.04395324841706
6.191494341496393,58.98367600779479
6.189978784234811,58.953858241439605
6.188463968749474,58.9284344203561
6.186949894495931,58.88296398671561
6.185436560930263,58.869214697696904
6.183923967509087,58.85742470876659
6.182412113689546,58.84575120712731
6.180900998929316,58.83700180232807
6.179390622686606,58.826833748021
6.17788098442015,58.813090884484154
6.1763720835892135,58.807466483107724
6.174863919653587,58.79656174330739
6.1733564920735935,58.78029066150275
6.1718498003100795,58.75451513633011
6.170343843824417,58.733110306959276
6.168838622078506,58.71124022356457
6.167334134534769,58.698941570582924
6.165830380656157,58.675190040125884
6.164327359906141,58.664954843513144
6.1628250717487125,58.652420750128336
6.161323515648393,58.6373219133077
6.15982269107022,58.618350759667045
6.158322597479752,58.58830698177956
6.15682323434307,58.5708329638929
6.155324601126777,58.560087640700786
6.1538266972979905,58.55995260052585
6.15232952232435,58.565612801487234
6.15083307567401,58.57090250005227
6.149337356815645,58.57596077673982
6.1478423652184455,58.5780591799762
6.1463481003521165,58.58329669376718
6.14485456168688,58.58972211910448
6.143361748693473,58.607823317142426
6.141869660843146,58.61462096926253
6.140378297607665,58.62025853887711
6.138887658459304,58.62560624500533
6.137397742870855,58.6333611314933
6.135908550315618,58.64333121189779
6.134420080267405,58.64256923267321
6.1329323322005385,58.64424683620577
6.131445305589852,58.642008175149286
6.129958999910687,58.63566191033077
6.128473414638895,58.63076499656931
6.126988549250832,58.62616378760774
6.125504403223366,58.61574834130027
6.124020976033869,58.59256509704773
6.122538267160217,58.58208240916863
6.121056276080797,58.56595060713573
6.119575002274496,58.55792528838545
6.11809444522071,58.551010899953944
6.116614604399335,58.54414483674211
6.11513547929077,58.52250858373141
6.113657069375919,58.49744932209158
6.112179374136186,58.477978121931855
6.110702393053476,58.46004951339449
6.1092261256101965,58.44256267361483
6.1077505712892535,58.42646440258641
6.106275729574053,58.365284132877804
6.104801599948501,58.35979795715848
6.103328181896997,58.36244025751954
6.101855474904446,58.379017178800574
6.100383478456243,58.43283394392989
6.098912192038283,58.44094597058462
6.097441615136956,58.4364062202232
6.095971747239147,58.43290615717382
6.094502587832236,58.429406094124445
6.093034136404098,58.42605203785562
6.091566392443099,58.46447184978038
6.090099355438099,58.4981184806183
6.088633024878452,58.51788373148523
6.0871674002540015,58.540995413301914
6.085702481055083,58.55054103273251
6.084238266772522,58.543810074332725
6.082774756897635,58.54786612090541
6.081311950922227,58.54787192612375
6.079849848338591,58.54971851254484
6.078388448639509,58.56141598968604
6.0769277513182525,58.56014373305379
6.075467755868575,58.55788681368191
6.074008461784721,58.54787855607086
6.072549868561418,58.54210519424454
6.071091975693881,58.53735180254013
6.06963478267781,58.5221193394772
6.068178289009386,58.47378917044678
6.0667224941852735,58.43920206153301
6.065267397702624,58.37936757105996
6.063812999059067,58.356280208838555
6.0623592977527165,58.33129852563965
6.060906293282167,58.29620457827161
6.059453985146492,58.25841257152404
6.058002372845248,58.2211186633915
6.056551455878467,58.18034846313742
6.055101233746664,58.11064053603643
6.053651705950831,58.047288872031416
6.052202871992433,57.97912719998837
6.05075473137342,57.85575952835235
6.049307283596214,57.78242301219716
6.047860528163713,57.72255136459721
6.046414464579293,57.66279459964337
6.0449690923468005,57.61185140572654
6.04352441097056,57.55944868257359
6.042080419955371,57.509981353771494
6.0406371188065,57.46648178404375
6.039194507029691,57.408397699680265
6.037752584131161,57.30835568968568
6.036311349617594,57.178659720449545
6.034870802996148,57.112339810804784
6.0334309437744515,57.06727073965369
6.031991771460601,56.999363932528
6.0305532855631645,56.937879409602786
6.029115485591174,56.885493316497545
6.0276783710541375,56.85158748652653
6.026241941462022,56.78509934351122
6.024806196325268,56.749408434692796
6.023371135154781,56.72527896156771
6.021936757461927,56.70507516008264
6.020503062758546,56.67794830898471
6.019070050556936,56.655931927820376
6.017637720369862,56.63251845344182
6.0162060717105525,56.61515673969868
6.014775104092699,56.6056154821447
6.013344817030457,56.60169966553513
6.01191521003844,56.59643198936524
6.010486282631727,56.592137797952546
6.0090580343258555,56.59268744288401
6.007630464636826,56.58831238169178
6.006203573081095,56.582487932767364
6.0047773591755815,56.57267435704208
6.003351822437662,56.56186304904514
6.001926962385171,56.540304436978715
6.0005027785364025,56.53469986283332
5.999079270410104,56.54598434765576
5.997656437525483,56.5519431485766
5.996234279402201,56.50325880262483
5.994812795560376,56.50322375621019
5.99339198552058,56.49893002400189
5.99197184880384,56.49426764330333
5.990552384931638,56.47952638492117
5.989133593425908,56.4668259739774
5.987715473809036,56.46936230840325
5.986298025603861,56.473572195040916
5.984881248333676,56.48074098748362
5.98346514152222,56.49938936137977
5.982049704693688,56.50547269274672
5.980634937372723,56.512051193197316
5.979220839084416,56.52753989372819
5.977807409354311,56.54398324897673
5.9763946477083945,56.57253550662999
5.974982553673107,56.5989138989119
5.973571126775335,56.64571043374562
5.972160366542409,56.67037939374623
5.970750272502107,56.691859768291096
5.969340844182655,56.71391904259117
5.967932081112724,56.742576950473364
5.966523982821428,56.7975754788788
5.965116548838327,56.85058772370569
5.963709778693422,56.87597201710024
5.962303671917162,56.924587263674425
5.960898228040434,56.956541081021875
5.9594934465945695,57.00070789931935
5.958089327111342,57.01882899661605
5.956685869122965,57.03404370150642
5.955283072162095,57.05407123292896
5.953880935761824,57.088871013874034
5.952479459455688,57.10603273526329
5.951078642777662,57.12670962108234
5.949678485262155,57.148076744344024
5.948278986444019,57.163904563458416
5.946880145858542,57.1691566047188
5.945481963041449,57.173304138199654
5.944084437528902,57.176642310339474
5.942687568857496,57.179084219206345
5.941291356564265,57.181972623062876
5.939895800186678,57.18140270839311
5.938500899262635,57.17979723275059
5.937106653330475,57.172885986005625
5.935713061928966,57.169177905143236
5.93432012459731,57.16371945770004
5.932927840875145,57.15296192172673
5.931536210302536,57.14050658093312
5.930145232419981,57.13270692330617
5.928754906768411,57.122337926787566
5.927365232889184,57.110477982507135
5.925976210324092,57.098903166130455
5.924587838615352,57.087019157323006
5.923200117305614,57.07443845605626
5.921813045937953,57.06933116635874
5.9204266240558745,57.065569872427794
5.9190408512033095,57.06159839638542
5.917655726924617,57.057442999010924
5.916271250764582,57.050189494866885
5.914887422268415,57.0422787500309
5.913504240981752,57.03011601301648
5.912121706450656,57.022019942525716
5.9107398182216135,57.013152156078036
5.90935857584153,57.00127127171229
5.907977978857742,56.98573127013893
5.906598026818005,56.95703041195644
5.905218719270496,56.94342881299728
5.903840055763816,56.929827214038134
5.9024620358469875,56.90258514715614
5.901084659069452,56.86771388597839
5.899707924981075,56.823449665656554
5.898331833132137,56.78252643068471
5.896956383073341,56.74173598966616
5.895581574355812,56.663840876806105
5.894207406531085,56.5703156061806
5.892833879151121,56.527030804797775
5.891460991768295,56.49157133789656
5.890088743935402,56.45973957903672
5.888717135205649,56.42695190229448
5.88734616513266,56.38670452013624
5.8859758332704795,56.32179361078148
5.884606139173562,56.26742370649745
5.883237082396779,56.20719989614621
5.881868662495412,56.111057664061285
5.880500879025163,56.052579575029654
5.879133731542143,56.01388703203837
5.877767219602877,55.99127571799647
5.876401342764299,55.96628808098581
5.87503610058376,55.934170194492665
5.873671492619018,55.88916302634257
5.872307518428245,55.86495462850211
5.87094417757002,55.85766868440714
5.869581469603334,55.851030802759695
5.868219394087587,55.85135154299769
5.86685795058259,55.85119740434818
5.865497138648556,55.847811262667
5.864136957846113,55.85688844603533
5.862777407736294,55.873667754553765
5.8614184878805355,55.899119409218045
5.860060197840687,55.933524150540535
5.858702537178997,55.94113609703683
5.857345505458127,55.95022759341
5.855989102241138,55.95868638967463
5.854633327091498,55.968820556195666
5.853278179573078,55.979266343980996
5.851923659250153,55.99020189703204
5.8505697656874025,56.004891321051204
5.849216498449907,56.052486194431346
5.847863857103151,56.06288324643066
5.84651184121302,56.072599636543316
5.845160450345801,56.071763456135045
5.843809684068179,56.06555340988599
5.842459541947245,56.04231409707134
5.841110023550488,56.03158904970259
5.839761128445793,56.02202230046487
5.838412856201448,56.013572668516964
5.837065206386138,55.994771797408475
5.835718178568948,55.987800726742655
5.834371772319358,55.982165151191985
5.833025987207246,55.97584632800874
5.831680822802888,55.968337245288254
5.830336278676955,55.929469861788874
5.828992354400514,55.914687900136116
5.827649049545028,55.90294667308178
5.826306363682355,55.88939162907397
5.824964296384747,55.87591213499775
5.8236228472248515,55.861861403379166
5.822282015775706,55.84450375041904
5.8209418016107435,55.819900591930306
5.819602204303791,55.788963506292866
5.818263223429065,55.758280892663684
5.816924858561177,55.73699313319659
5.815587109275125,55.71191221231368
5.814249975146303,55.69345911371216
5.8129134557504925,55.67427789257681
5.811577550663865,55.631305784705575
5.810242259462983,55.58272295292542
5.808907581724797,55.56472644705815
5.807573517026646,55.550045794775635
5.806240064946257,55.52018805196346
5.804907225061745,55.49358376448437
5.803574996951615,55.476973714392635
5.802243380194755,55.46000690404582
5.80091237437044,55.44219180712841
5.799581979058332,55.42483882723327
5.798252193838479,55.38747078916015
5.796923018291313,55.35567153356096
5.79559445199765,55.34747237544886
5.794266494538693,55.33833597760973
5.792939145496025,55.33195560795691
5.791612404451617,55.32546261627998
5.790286270987816,55.31905304278286
5.788960744687359,55.3093735663041
5.7876358251333615,55.301641817864805
5.786311511909318,55.294910156468674
5.784987804599108,55.28774774713095
5.783664702786991,55.28086322173478
5.782342206057606,55.273583204310576
5.781020313995973,55.25186858751157
5.779699026187488,55.24975344169948
5.77837834221793,55.247043686229574
5.777058261673454,55.23891498867812
5.775738784140594,55.244698277354104
5.774419909206262,55.248316342002546
5.773101636457747,55.250461022554944
5.771783965482714,55.252453203679195
5.770466895869207,55.255892240124815
5.76915042720564,55.2596277107709
5.76783455908081,55.26440729658903
5.766519291083885,55.27575904524715
5.765204622804405,55.290672596810836
5.763890553832291,55.316476180352744
5.762577083757833,55.33765454209883
5.761264212171694,55.35883290384493
5.759951938664915,55.43144635544844
5.758640262828902,55.46217953484734
5.757329184255441,55.48466507604016
5.756018702536683,55.502398218961986
5.754708817265153,55.51991768429417
5.753399528033747,55.53981626701784
5.752090834435734,55.55883448336286
5.750782736064746,55.566030091073614
5.7494752325147935,55.57548562933438
5.748168323380247,55.598800544861035
5.746862008255852,55.605260019717626
5.745556286736723,55.63381626521196
5.744251158418335,55.64622699164078
5.742946622896539,55.66240589819435
5.741642679767547,55.651938901519515
5.740339328627942,55.647190916799936
5.739036569074671,55.64244293208035
5.737734400705047,55.63477486612835
5.736432823116747,55.62585834970049
5.735131835907817,55.602183341110354
5.733831438676662,55.60923446340387
5.732531631022056,55.60494222147753
5.731232412543134,55.59214903244094
5.729933782839396,55.575950764950704
5.728635741510705,55.563513206017916
5.727338288157283,55.54656123038859
5.726041422379719,55.53585092295593
5.724745143778962,55.52795106724764
5.723449451956318,55.519612132711245
5.72215434651346,55.51104305185157
5.720859827052419,55.501766681732846
5.719565893175586,55.49486286396743
5.718272544485712,55.45521285032251
5.716979780585906,55.44008469704865
5.715687601079637,55.43095616288818
5.714396005570733,55.42166097518515
5.713104993663378,55.40444722554116
5.711814564962114,55.387204911017776
5.710524719071843,55.371904909527636
5.709235455597821,55.35509523384307
5.707946774145662,55.323528863768345
5.706658674321334,55.31150903140415
5.705371155731162,55.297268397376385
5.704084217981827,55.279093287128504
5.702797860680362,55.24667502684674
5.7015120834341575,55.23436270764103
5.700226885850957,55.222457992123076
5.698942267538857,55.19488016321374
5.697658228106307,55.18275713158138
5.696374767162109,55.16854155927186
5.695091884315421,55.15524154189187
5.693809579175748,55.133485167181206
5.692527851352949,55.099485867452664
5.691246700457235,55.07913377241978
5.689966126099166,55.06039713381314
5.688686127889653,55.04353242396708
5.687406705439959,55.02073378703761
5.686127858361694,55.01081472248288
5.684849586266818,55.002938631962664
5.6835718887676405,54.9976327294637
5.6822947654768186,54.99033097091247
5.681018216007358,54.981493996001916
5.679742239972612,54.956783804953545
5.678466836986281,54.93854301057094
5.677192006662414,54.9159448176037
5.675917748615404,54.90337047522708
5.674644062459991,54.89253832053429
5.673370947811261,54.88289720659015
5.672098404284644,54.84973090382368
5.670826431495917,54.837350304155436
5.669555029061202,54.80754908286582
5.668284196596963,54.79229816010309
5.667013933720009,54.7713493423971
5.66574424004749,54.756526900619455
5.664475115196905,54.739402143400966
5.663206558786089,54.72143039612115
5.661938570433223,54.698302032093636
5.660671149756829,54.673794504114944
5.65940429637577,54.64690953946181
5.65813800990925,54.60951117760181
5.656872289976818,54.546460052758
5.655607136198355,54.51637530247954
5.654342548194088,54.497044181956866
5.653078525584585,54.49230891334433
5.651815067990746,54.487573644731796
5.650552175033818,54.482838376119275
5.64928984633538,54.47810310750674
5.648028081517354,54.472503675410266
5.646766880201997,54.466299452484435
5.645506242011903,54.46381055973154
5.644246166570004,54.461914986924825
5.642986653499569,54.493591074942145
5.641727702424202,54.513838250152354
5.640469312967843,54.55890509969793
5.639211484754768,54.569373607955455
5.63795421740959,54.58326472269008
5.636697510557252,54.59816729299202
5.635441363823034,54.62315790592062
5.634185776832552,54.6386554930081
5.632930749211751,54.658174029555056
5.631676280586913,54.703431565904175
5.630422370584651,54.733211497725236
5.629169018831912,54.75720460591498
5.627916224955972,54.781197714104714
5.626663988584444,54.805190822294435
5.625412309345266,54.929904970385294
5.624161186866711,54.97876121062835
5.622910620777383,55.01894477739206
5.621660610706214,55.04657928897595
5.620411156282467,55.074163813333215
5.619162257135734,55.10584242360982
5.617913912895937,55.15591295322952
5.616666123193329,55.18493999008797
5.615418887658484,55.21411819402856
5.614172205922311,55.2478446607193
5.612926077616047,55.286818838005566
5.611680502371249,55.32313089186266
5.61043547981981,55.33407242987636
5.609191009593944,55.344992200685496
5.607947091326192,55.35513480575912
5.6067037246494245,55.37503735599567
5.605460909196831,55.392922390452455
5.604218644601931,55.39110002405001
5.60297693049857,55.38842593929514
5.601735766520911,55.39953486843545
5.600495152303449,55.39171800590219
5.599255087480999,55.38319754514286
5.598015571688699,55.36677198517065
5.596776604562011,55.366436749723775
5.59553818573672,55.363887477436556
5.5943003148489305,55.36035039492313
5.593062991535074,55.3568133124097
5.591826215431898,55.356924242243025
5.590589986176476,55.305721741527364
5.589354303406199,55.27524708531368
5.588119166758781,55.22440205661214
5.586884575872254,55.186727585690605
5.585650530384971,55.11724283999892
5.584417029935604,55.07224297056598
5.583184074163146,55.04791689591277
5.581951662706905,55.02359082125955
5.580719795206509,54.99932662018857
5.579488471301906,54.97051257239252
5.578257690633361,54.94084817748437
5.577027452841454,54.909065440326046
5.575797757567084,54.87513603255328
5.574568604451467,54.80261256620298
5.573339993136134,54.69133929708708
5.5721119232629315,54.468576961076096
5.570884394474024,54.412468025571606
5.569657406411888,54.36138099179083
5.568430958719318,54.30806136704252
5.567205051039424,54.253256831494994
5.565979683015624,54.18755640914327
5.564754854291656,54.12705185111237
5.563530564511569,54.03809458881416
5.562306813319726,53.94669904604805
5.561083600360801,53.88722200455992
5.559860925279783,53.817968940391445
5.558638787721973,53.77056067570921
5.557417187332982,53.72557691081225
5.556196123758732,53.667505402587786
5.554975596645459,53.60462737532724
5.553755605639709,53.53380000887981
5.5525361503883355,53.44880039559564
5.551317230538505,53.3766880448765
5.550098845737693,53.34336325562396
5.548880995633685,53.293092345578884
5.547663679874575,53.253651451453706
5.546446898108766,53.230951028329926
5.545230649984967,53.20927721882795
5.5440149351522,53.18186748014578
5.54279975325979,53.1546755170203
5.541585103957372,53.11714526052806
5.540370986894887,53.048301427266566
5.5391574017225835,52.985327964741856
5.537944348091016,52.95272387052566
5.536731825651045,52.93385243177431
5.535519834053836,52.914881851138865
5.5343083729508615,52.90440897032198
5.533097441993897,52.895062627451196
5.5318870408350245,52.8780034025892
5.53067716912663,52.85855081832284
5.529467826521402,52.838285893766965
5.528259012672336,52.829284002827855
5.5270507272327265,52.8229076401441
5.525842969856175,52.813850090697336
5.524635740196584,52.80151290428484
5.523429037908157,52.795484758010346
5.5222228626454015,52.79074117660073
5.521017214063127,52.787711605150676
5.519812091816443,52.78418821536164
5.518607495560762,52.77536275541894
5.517403424951793,52.768167321346354
5.5161998796455505,52.762261552176845
5.514996859298347,52.75464060255386
5.513794363566793,52.746690460616925
5.512592392107802,52.73939875057698
5.511390944578584,52.7324840988679
5.510190020636647,52.70899588918418
5.508989619939801,52.70215397029389
5.507789742146151,52.69467539513047
5.5065903869141,52.673420467970686
5.505391553902351,52.66829585555163
5.504193242769901,52.66317124313255
5.502995453176046,52.65748356246161
5.501798184780378,52.65075997425303
5.500601437242783,52.643445422715246
5.499405210223448,52.62956503866939
5.49820950338285,52.625688463871285
5.4970143163817635,52.62236511868654
5.49581964888126,52.61939290036467
5.494625500542702,52.61741792422444
5.493431871027746,52.61561504631452
5.492238759998347,52.6138008488889
5.4910461671167505,52.61365925846491
5.489854092045495,52.61441246745841
5.488662534447412,52.61331807280491
5.487471493985628,52.6144426491031
5.486280970323559,52.61721662172394
5.485090963124914,52.62934252985157
5.483901472053693,52.63502291162636
5.48271249677419,52.6403147526058
5.481524036950987,52.645557999930894
5.48033609224896,52.657174574061244
5.479148662333272,52.66264246530082
5.477961746869377,52.666169268806534
5.476775345523022,52.66969607231225
5.475589457960238,52.67322287581796
5.474404083847349,52.67674967932368
5.473219222850969,52.68413279578148
5.4720348746379965,52.70091585084067
5.470851038875622,52.72345928948839
5.469667715231321,52.736681141199426
5.468484903372858,52.7550101168296
5.467302602968286,52.776990964497955
5.466120813685943,52.79031494680412
5.464939535194454,52.795160302928466
5.463758767162732,52.80029924075051
5.4625785092599735,52.801207326436334
5.461398761155664,52.79983373009493
5.460219522519571,52.801808878785884
5.45904079302175,52.80638963425112
5.457862572332541,52.76502918637566
5.456684860122565,52.75597000579954
5.455507656062733,52.744205328848125
5.454330959824234,52.72536947550287
5.453154771078546,52.71447039547643
5.451979089497427,52.688974843774275
5.450803914752918,52.63610775689179
5.449629246517345,52.595626265462855
5.448455084463315,52.588587497149334
5.4472814282637145,52.576003090911456
5.4461082775917165,52.56252251611571
5.444935632120774,52.549207940556954
5.443763491524618,52.536942221665456
5.442591855477265,52.51621193305577
5.441420723653009,52.46759524026906
5.440250095726427,52.44423652359097
5.439079971372372,52.4013532998501
5.437910350265979,52.36901817050304
5.436741232082665,52.32284425534762
5.43557261649812,52.27696103456003
5.434404503188317,52.24193264686228
5.433236891829509,52.212539320027915
5.432069782098221,52.18719517717631
5.430903173671263,52.11459682483075
5.429737066225718,52.08718630029367
5.428571459438946,52.01058155133175
5.427406352988588,51.96524037942861
5.4262417465525585,51.93904527696931
5.425077639809048,51.91409768469332
5.423914032436526,51.8903673178329
5.422750924113735,51.86045211097689
5.421588314519694,51.81903819361138
5.4204262033336965,51.77177043131532
5.419264590235312,51.685246258629405
5.4181034749043855,51.651946120947045
5.416942857021033,51.62472643955411
5.415782736265649,51.60362233328013
5.414623112318898,51.58144995861132
5.4134639848617185,51.55482416869477
5.4123053535753245,51.51990972963462
5.411147218141201,51.490302627568354
5.409989578241104,51.465002989277465
5.408832433557065,51.450494679149145
5.407675783771388,51.435986369020824
5.406519628566643,51.40150821255809
5.405363967625678,51.38341665784715
5.404208800631608,51.35268797367884
5.403054127267821,51.33999504361149
5.4018999472179745,51.33247446814176
5.400746260165996,51.329449562366065
5.399593065796084,51.317575089685214
5.398440363792704,51.306603588658575
5.397288153840596,51.30040535168454
5.396136435624765,51.29505065815382
5.394985208830485,51.29050850707533
5.393834473143299,51.285598427654236
5.392684228249021,51.29182637439639
5.391534473833728,51.28788889392325
5.390385209583767,51.290572302334
5.389236435185755,51.293255710744745
5.388088150326572,51.31164441104684
5.386940354693368,51.31638102601312
5.385793047973555,51.32004884227118
5.384646229854817,51.31617187915015
5.383499900025101,51.317236348880996
5.382354058172618,51.32468540134872
5.381208703985848,51.3335761971841
5.380063837153534,51.342164953372574
5.378919457364683,51.35260212383537
5.37777556430857,51.36358773606614
5.37663215767473,51.37331708754829
5.375489237152964,51.38304643903043
5.374346802433339,51.39363381448387
5.373204853206181,51.407030026101275
5.372063389162081,51.41689608202505
5.370922409991894,51.42444087818036
5.369781915386736,51.42835546606093
5.368641905037988,51.43423055829657
5.367502378637289,51.432732397627575
5.366363335876542,51.41997039802807
5.365224776447913,51.42323014877978
5.364086700043825,51.42641743351367
5.3629491063569645,51.4422514631094
5.361811995080281,51.420344651897274
5.360675365906979,51.411649466143444
5.359539218530529,51.40317447328838
5.358403552644655,51.3948391429082
5.3572683679433455,51.386243904889724
5.356133664120847,51.3731191524967
5.354999440871664,51.36053504245703
5.353865697890559,51.35265536497617
5.352732434872556,51.34644800809654
5.351599651512935,51.34273812673879
5.350467347507235,51.33802130116752
5.349335522551249,51.337236690153595
5.348204176341033,51.323806259249736
5.347073308572897,51.32722859262876
5.345942918943407,51.32308455807401
5.344813007149387,51.31894052351926
5.343683572887917,51.31479648896452
5.342554615856334,51.28739573144321
5.341426135752228,51.282579235703956
5.340298132273447,51.27872711885968
5.339170605118092,51.276764063898284
5.338043553984522,51.27703438395156
5.336916978571348,51.274328311123355
5.335790878577436,51.270029840244675
5.334665253701906,51.2639137688885
5.333540103644133,51.25440485945613
5.332415428103744,51.2497536127548
5.331291226780619,51.241470779502606
5.330167499374895,51.23768648270355
5.329044245586957,51.2339021859045
5.327921465117443,51.22904159268262
5.326799157667247,51.22140872155879
5.32567732293751,51.21273556729528
5.324555960629629,51.197072227488235
5.323435070445252,51.175501118620716
5.322314652086273,51.167614454473814
5.321194705254844,51.15984676032332
5.320075229653363,51.15272457121752
5.31895622498448,51.11829587238668
5.3178376909510945,51.10941759737871
5.316719627256357,51.096349001669374
5.315602033603667,51.0860090146418
5.314484909696672,51.07702449127222
5.313368255239271,51.06156224644229
5.312252069935609,51.041320788499846
5.311136353490084,51.017401579895505
5.310021105607336,51.01061555333432
5.308906325992258,51.00505997778825
5.307792014349991,50.99603382173083
5.306678170385918,50.98835852808921
5.305564793805676,50.98649109284787
5.304451884315144,50.98493136211333
5.303339441620452,50.98523178451448
5.302227465427971,50.987483790109394
5.301115955444324,50.991785585548996
5.300004911376376,50.997851351664664
5.298894332931239,51.00410005325999
5.297784219816271,51.01292539976643
5.296674571739075,51.021196213429846
5.295565388407497,51.02631971046443
5.29445666952963,51.03164511986779
5.293348414813813,51.03890312388263
5.292240623968622,51.04884348986906
5.291133296702886,51.051028052675306
5.2900264327256705,51.052323649259975
5.288920031746288,51.055150149745984
5.287814093474296,51.05881535588725
5.286708617619489,51.06012269043957
5.285603603891907,51.061297717466644
5.284499052001836,51.06302008827052
5.283394961659798,51.06263638753582
5.282291332576561,51.06005149878839
5.281188164463133,51.04444942432761
5.280085457030763,51.03772771599287
5.278983209990945,51.03040983875832
5.2778814230554065,51.02253648632147
5.276780095936123,51.01675060724102
5.275679228345305,51.01136554386672
5.274578819995407,51.00704824871775
5.273478870599119,50.9988458203199
5.272379379869377,50.99530576887473
5.271280347519349,50.99176571742956
5.270181773262449,50.98822566598439
5.269083656812324,50.984495293251484
5.267985997882864,50.97363509645477
5.266888796188194,50.96819870876453
5.26579205144268,50.94796519238426
5.264695763360923,50.9416087140397
5.263599931657764,50.93644770708583
5.262504556048281,50.931562053713975
5.261409636247788,50.92881399771518
5.260315171971837,50.927262089122976
5.259221162936216,50.89690267214265
5.25812760885695,50.88942292540663
5.257034509450298,50.89576157359923
5.255941864432757,50.89234884541462
5.254849673521061,50.8874739090245
5.2537579364321765,50.871445019964725
5.252666652883306,50.85495490698485
5.251575822591888,50.851945089735906
5.250485445275594,50.84624015422294
5.249395520652332,50.828717255856226
5.248306048440241,50.81718763027122
5.247217028357697,50.79367755665964
5.246128460123309,50.76014834536663
5.245040343455918,50.775008995643304
5.243952678074602,50.72239770079882
5.242865463698666,50.733758245252716
5.241778700047653,50.74340639102828
5.240692386841337,50.75129303346402
5.23960652379972,50.75675117113743
5.2385211106430445,50.76220930881084
5.237436147091777,50.76523912505657
5.2363516328666195,50.765769235939736
5.2352675676885045,50.76561907208732
5.234183951278595,50.76354281976927
5.233100783358286,50.77527729975988
5.2320180636492015,50.75687749221055
5.230935791873197,50.744941713114365
5.229853967752357,50.74135784733765
5.228772591008997,50.73192443282405
5.227691661365662,50.750159205039964
5.226611178545126,50.76033585985172
5.225531142270392,50.76309283575081
5.224451552264692,50.76402917265712
5.223372408251488,50.76309061521212
5.222293709954467,50.76058438260094
5.221215457097548,50.75701158721312
5.220137649404876,50.75250739526055
5.219060286600824,50.74704449570777
5.217983368409994,50.74030044767686
5.216906894557211,50.73486936397798
5.215830864767533,50.729142073290845
5.21475527876624,50.72331263236894
5.21368013627884,50.71057613788997
5.212605437031068,50.68544693142323
5.211531180748885,50.68189017201569
5.210457367158478,50.678333412608154
5.209383995986259,50.67267027666004
5.2083110669588635,50.666019680859065
5.207238579803157,50.66256424255222
5.2061665342462256,50.6664430595985
5.205094930015382,50.66556809108036
5.204023766838162,50.667390865977126
5.202953044442329,50.669838042733154
5.201882762555866,50.672285219489176
5.200812920906983,50.67562246863641
5.1997435192241115,50.67847274880036
5.198674557235908,50.67876179820583
5.19760603467125,50.681459204995036
5.196537951259241,50.68433225370394
5.195470306729204,50.6863195702544
5.1944031008106855,50.68666093863269
5.193336333233455,50.67534347075322
5.192270003727503,50.6705801036161
5.191204112023041,50.66617912666451
5.190138657850506,50.66121413714434
5.18907364094055,50.64732093192414
5.188009061024051,50.6438649782924
5.186944917832104,50.64056647629362
5.18588121109603,50.63887633845202
5.184817940547363,50.635775507866924
5.183755105917866,50.634139320988
5.182692706939513,50.632503134109086
5.181630743344503,50.63077364206907
5.180569214865254,50.629283216838324
5.1795081212344005,50.62880697683302
5.178447462184799,50.62973194429791
5.1773872374495244,50.64356326705102
5.176327446761868,50.64909969304861
5.175268089855343,50.65465752924969
5.174209166463676,50.66016541312406
5.173150676320815,50.66509464650376
5.172092619160925,50.67002387988346
5.171034994718388,50.67495311326315
5.169977802727804,50.68192368656865
5.168921042923988,50.68534450454794
5.167864715041974,50.68876532252723
5.166808818817012,50.69218614050653
5.1657533539845675,50.69566514991793
5.164698320280323,50.70946701122085
5.163643717440176,50.7157661968403
5.16258954520024,50.7245943180442
5.161535803296845,50.722061099954935
5.160482491466535,50.7187857885334
5.159429609446069,50.71551047711188
5.1583771569724215,50.70611372248875
5.1573251337827815,50.68973097597777
5.156273539614551,50.675092283297104
5.15522237420535,50.66045359061644
5.154171637293005,50.64609345235787
5.153121328615565,50.631872993963384
5.152071447911286,50.61853713606821
5.151021994918641,50.60781673630191
5.149972969376313,50.58135290121762
5.1489243710232016,50.56580967016443
5.147876199598415,50.55026643911124
5.146828454841277,50.47468948246859
5.145781136491321,50.45162463354316
5.144734244288293,50.41608182946443
5.143687777972154,50.37656871630978
5.142641737283072,50.34437507397135
5.141596121961429,50.265776128408866
5.140550931747816,50.22945075792248
5.139506166383037,50.21433965092081
5.138461825608107,50.199370756359954
5.137417909164248,50.18440186179909
5.136374416792896,50.16764319788845
5.135331348235695,50.15219781899063
5.134288703234501,50.14077428264221
5.133246481531376,50.12616141164675
5.132204682868594,50.09227890366117
5.131163306988638,50.07018182488754
5.1301223536342,50.04839344824056
5.129081822548179,50.03612942491978
5.128041713473684,49.99773594501471
5.127002026154034,49.991997754240984
5.125962760332752,49.982778351940254
5.124923915753573,49.96577851540739
5.123885492160437,49.960154657109065
5.1228474892974925,49.95453079881074
5.121809906909096,49.94839029653325
5.12077274473981,49.93771327378646
5.1197360025344025,49.91196955579677
5.118699680037851,49.90026491120216
5.1176637769953395,49.88867577010046
5.116628293152256,49.876141339950635
5.115593228254194,49.86278828134773
5.114558582046956,49.848488398693256
5.113524354276549,49.836250689075456
5.112490544689183,49.82510392763894
5.111457153031276,49.816787650310324
5.11042417904945,49.80975364141928
5.109391622490531,49.79235014548979
5.108359483101553,49.78309867990004
5.107327760629747,49.774658961023206
5.106296454822557,49.75614583503756
5.105265565427627,49.74762854521764
5.104235092192801,49.738943788938144
5.103205034866132,49.73127917278694
5.102175393195875,49.72521959592237
5.101146166930488,49.71939166937969
5.100117355818631,49.71364752734458
5.0990889596091655,49.70948328229386
5.098060978051159,49.705854221805936
5.09703341089388,49.70317633423273
5.096006257886798,49.70211840821777
5.094979518779585,49.70067961079232
5.093953193322115,49.699262915186296
5.092927281264462,49.6987411877571
5.0919017823569055,49.69946192747169
5.09087669634992,49.70018266718627
5.089852022994186,49.706839063578954
5.088827762040583,49.71282423965397
5.087803913240188,49.720548271875316
5.086780476344285,49.72753330175911
5.085757451104351,49.735904842483
5.084734837272068,49.744461117265075
5.083712634599315,49.75859385008427
5.082690842838169,49.77128903103012
5.081669461740913,49.79723108481005
5.080648491060021,49.804106465196334
5.07962793054817,49.81098184558262
5.078607779958236,49.81785722596891
5.077588039043292,49.84541775762306
5.07656870755661,49.85004108246011
5.07554978525166,49.87368159460682
5.074531271882109,49.890019288925856
5.073513167201823,49.9078931011162
5.072495470964867,49.92202100306668
5.071478182925499,49.94082954508028
5.070461302838176,49.958875722443366
5.069444830457553,49.97179187010498
5.068428765538482,49.98470801776659
5.0674131078360105,50.00068430460943
5.06639785710538,50.00731394117044
5.065383013102032,50.013412909977006
5.064368575581604,50.01951187878356
5.063354544299924,50.03362638181074
5.06234091901302,50.03897428714404
5.061327699477116,50.051514351879774
5.060314885448628,50.068130448489825
5.05930247668417,50.091552907107506
5.0582904729405485,50.10526711335817
5.057278873974764,50.12514419469875
5.056267679544013,50.13160962972674
5.055256889405687,50.132845811811336
5.054246503317368,50.13303344455731
5.053236521036836,50.13254580743988
5.052226942322061,50.13205817032245
5.05121776693121,50.130955513138865
5.05020899462264,50.124577100485816
5.0492006251549,50.118306967970156
5.0481926582867365,50.112407604606936
5.047185093777085,50.106508241243716
5.046177931385074,50.08837051235613
5.045171170870025,50.06708494030477
5.044164811991451,50.05663536664974
5.043158854509058,50.04618579299473
5.0421532981827415,50.019286929969105
5.04114814277259,49.94533133217821
5.040143388038883,49.92086031325349
5.0391390337420905,49.89471377127554
5.038135079642874,49.873751839717045
5.037131525502085,49.86703463801486
5.036128371080767,49.85949361594376
5.035125616140153,49.85314718526212
5.034123260441665,49.84691970697315
5.033121303746916,49.840692228684205
5.03211974581771,49.83357617743836
5.031118586416038,49.82568545471174
5.030117825304081,49.77061392011075
5.02911746224421,49.75037317525944
5.028117496998987,49.73013243040812
5.027117929331158,49.69172746018155
5.026118759003662,49.63566700418606
5.025119985779623,49.617773355120676
5.024121609422357,49.60355080826703
5.023123629695364,49.585441267655796
5.022126046362334,49.532340747166046
5.0211288591871455,49.518059405433945
5.020132067933862,49.50377806370184
5.019135672366739,49.48143736437615
5.018139672250212,49.438922898854
5.01714406734891,49.40660765984305
5.016148857427645,49.375166081931845
5.0151540422514165,49.350350657457
5.014159621585412,49.32834595350765
5.013165595195002,49.285602136454784
5.012171962845746,49.262031436562246
5.011178724303389,49.230387418766526
5.010185879333858,49.20078193534543
5.009193427703271,49.167488045347895
5.008201369177928,49.1349834014046
5.007209703524313,49.09851563757691
5.006218430509098,49.04944663923088
5.005227549899138,49.02636348074715
5.004237061461473,49.01147543798737
5.003246964963328,48.977023366559735
5.002257260172109,48.95640211340151
5.00126794685541,48.942597593342555
5.000279024781008,48.892418676585216
4.999290493716862,48.8766430125127
4.998302353431114,48.85720552868254
4.997314603692093,48.82347314275644
4.996327244268307,48.779173959154946
4.9953402749284495,48.76203308806248
4.9943536954413945,48.744892216970015
4.9933675055762015,48.726713631535745
4.99238170510211,48.70007722538885
4.991396293788542,48.658036242450045
4.990411271405102,48.61318516505429
4.989426637721578,48.591477710999655
4.9884423925079355,48.5719966033941
4.9874585355343255,48.55207404452868
4.986475066571078,48.53388331678287
4.985491985388705,48.519099242315825
4.984509291757901,48.504363742434634
4.9835269854495365,48.49028839985011
4.982545066234667,48.477517310719946
4.981563533884526,48.46474622158978
4.9805823881705305,48.44338075643822
4.979601628864275,48.42725740928331
4.978621255737531,48.42175245889073
4.977641268562256,48.416247508498145
4.976661667110584,48.40956544745225
4.975682451154825,48.404544591509215
4.974703620467475,48.397522794596654
4.973725174821203,48.39007477176861
4.97274711398886,48.3846315597128
4.971769437743476,48.36798693293743
4.9707921458582565,48.36649913476914
4.9698152381065865,48.36501133660086
4.9688387142620325,48.36423998372619
4.9678625740983335,48.364579352240426
4.96688681738941,48.36491872075466
4.965911443909359,48.36836288188904
4.964936453432454,48.373153468487445
4.963961845733149,48.37844035369072
4.962987620586069,48.386584042988076
4.962013777766022,48.39251617537012
4.96104031704799,48.39628275472544
4.960067238207132,48.39491551355037
4.959094541018782,48.41190506246633
4.958122225258452,48.39292269204063
4.95715029070183,48.38466319056017
4.9561787371247785,48.36410534083271
4.955207564303337,48.36051668926846
4.9542367720137195,48.35692803770421
4.953266360032317,48.352208128642594
4.952296328135692,48.34645106103801
4.951326676100587,48.337846412828284
4.950357403703915,48.335877419065966
4.949388510722767,48.33390842530365
4.948419996934406,48.33399193351267
4.947451862116269,48.33086332623788
4.94648410604597,48.32074784947797
4.945516728501296,48.2694288723452
4.944549729260205,48.25629894419153
4.943583108100832,48.258025556534704
4.942616864801484,48.244331923128364
4.9416509991406405,48.221541675689636
4.940685510896958,48.197111962343655
4.939720399849259,48.17620534669313
4.9387556657765455,48.158066288770115
4.93779130845799,48.14946006129624
4.936827327672935,48.138776638129904
4.935863723200898,48.13056971860226
4.934900494821568,48.11797330391352
4.933937642314804,48.01419863038936
4.932975165460642,47.98213938120172
4.932013064039283,47.966736124816975
4.931051337831104,47.95204987333564
4.930089986616652,47.9373636218543
4.929129010176643,47.92190005175844
4.928168408291968,47.913102552597174
4.927208180743685,47.8955812977386
4.926248327313026,47.82964144475838
4.925288847781391,47.81478150679743
4.92432974193035,47.79992156883649
4.923371009541644,47.79030799702086
4.922412650397186,47.777466322412515
4.9214546642790555,47.764580169726
4.920497050969502,47.75183259337601
4.919539810250947,47.72737446286788
4.918582941905977,47.69570122209882
4.917626445717354,47.680937629816114
4.916670321468002,47.666166997357514
4.915714568941018,47.648779688025456
4.9147591879196675,47.63139237869339
4.913804178187382,47.615468637004156
4.912849539527763,47.60757832055966
4.911895271724581,47.599688004115166
4.910941374561773,47.590756415379964
4.909987847823444,47.57991459266273
4.909034691293867,47.56907276994551
4.908081904757482,47.507219435227476
4.9071294879988985,47.47206949256061
4.906177440802889,47.44766611819705
4.905225762954395,47.42483361867911
4.904274454238528,47.403378826278576
4.903323514440561,47.38579901467305
4.902372943345937,47.37047075948535
4.901422740740263,47.349988464034325
4.900472906409314,47.312998932027256
4.899523440139032,47.29733426398851
4.898574341715521,47.283964586424005
4.897625610925052,47.269652850761005
4.8966772475540665,47.25447747903029
4.895729251389164,47.239756023812
4.894781622217114,47.22688122867368
4.89383435982485,47.21406150471705
4.892887463999469,47.2026731527282
4.891940934528234,47.191333300976666
4.8909947711985735,47.18169293083362
4.890048973798078,47.172710619085294
4.889103542114504,47.16298697968246
4.8881584759357715,47.148681857604
4.887213775049966,47.13697494979637
4.886269439245334,47.133524274575294
4.8853254683102865,47.13070813062793
4.884381862033401,47.11088672372316
4.883438620203414,47.12789578514149
4.882495742609227,47.13122850773222
4.8815532290399055,47.13456123032293
4.880611079284676,47.136590647087594
4.879669293132929,47.09682366807356
4.878727870374218,47.0963239409471
4.877786810798256,47.09543450542495
4.876846114194921,47.09258831384693
4.875905780354253,47.089742122268916
4.874965809066452,47.0823611042292
4.874026200121881,47.071557884503434
4.873086953311065,47.067673981978075
4.87214806842469,47.06522346167754
4.871209545253603,47.07088032845312
4.870271383588812,47.10902248459994
4.869333583221488,47.130780268766514
4.868396143942959,47.13557728144371
4.867459065544716,47.13875695356169
4.86652234781841,47.11321314026686
4.8655859905558545,47.1157570862978
4.86464999354902,47.11743691332718
4.863714356590039,47.120499377799774
4.862779079471202,47.122767765961875
4.861844161984963,47.11952122027972
4.86090960392393,47.11393853259185
4.859975405080874,47.10357233504724
4.859041565248727,47.09490348334946
4.858108084220577,47.08775229474818
4.857174961789671,47.08063249646314
4.856242197749416,47.113318621779975
4.855309791893378,47.11347888627231
4.85437774401528,47.110838138661606
4.853446053909004,47.09597783095084
4.852514721368592,47.07796992456033
4.851583746188241,47.065129552209285
4.850653128162308,47.056547339497655
4.849722867085308,47.048269291401695
4.848792962751911,47.03836151165312
4.847863414956947,47.02679781132595
4.846934223495404,47.01292299185019
4.846005388162422,46.99904817237443
4.845076908753305,46.984819419754935
4.84414878506351,46.96464669409208
4.843221016888649,46.947158242403546
4.842293604024497,46.9314761513028
4.841366546266976,46.915261120866305
4.840439843412173,46.899363671288484
4.839513495256327,46.85580279411654
4.838587501595832,46.839618824630165
4.8376618622272405,46.82353845930876
4.836736576947259,46.80662272799533
4.83581164555275,46.78733745262295
4.8348870678407305,46.7660452651357
4.833962843608375,46.73249452306557
4.833038972653011,46.71692133621286
4.83211545477212,46.70483784529188
4.831192289763342,46.649674442752186
4.830269477424467,46.63238222965478
4.829347017553443,46.6170695164144
4.828424909948372,46.60525755719179
4.827503154407509,46.59344559796919
4.826581750729261,46.58110465331603
4.825660698712193,46.556195523600664
4.824739998155023,46.52885113614164
4.8238196488566185,46.51119560881837
4.822899650616006,46.49903002260626
4.821980003232361,46.48809842384263
4.8210607065050155,46.47634861215022
4.820141760233453,46.45730126919081
4.8192231642173065,46.43709253931883
4.818304918256368,46.365803535413704
4.817387022150579,46.33717340194288
4.816469475700032,46.31278482259141
4.815552278704973,46.29114022188452
4.814635430965802,46.269495621177626
4.813718932283067,46.241962536567875
4.8128027824574735,46.210951009875316
4.811886981289872,46.19048652033835
4.810971528581269,46.16939537153848
4.810056424132822,46.151249755257425
4.809141667745838,46.13747410014852
4.808227259221776,46.1235926852094
4.807313198362247,46.10148940175297
4.8063994849690115,46.07588717526514
4.805486118843982,46.05984004590415
4.804573099789219,46.04857730923477
4.803660427606936,46.03731457256541
4.802748102099497,46.026051835896034
4.801836123069412,46.00954559338862
4.800924490319347,45.991153719523304
4.800013203652113,45.9722386346688
4.799102262870672,45.93968413114273
4.798191667778139,45.93269089209042
4.797281418177771,45.92569765303811
4.796371513872982,45.91839947732305
4.795461954667331,45.90918765732857
4.794552740364526,45.898733351821946
4.793643870768425,45.8888553950095
4.792735345683034,45.87941386940287
4.791827164912508,45.87262009190734
4.790919328261151,45.86608536209257
4.790011835533414,45.86002396683224
4.7891046865338955,45.85512223619399
4.788197881067346,45.850479315271755
4.787291418938658,45.846218047030604
4.786385299952876,45.84223151955607
4.785479523915192,45.83773102352566
4.784574090630941,45.83360639349195
4.783668999905612,45.82978359453254
4.782764251544837,45.827213262787595
4.7818598453543935,45.82465378172721
4.780955781140211,45.822032751375346
4.7800520587083595,45.818960464368416
4.779148677865062,45.813218675292234
4.778245638416683,45.7996664372047
4.777342940169737,45.79565605672291
4.776440582930881,45.789175727564846
4.775538566506921,45.76961356652651
4.774636890704808,45.76457001441952
4.773735555331639,45.75937417412971
4.772834560194654,45.7541783338399
4.771933905101243,45.74898249355009
4.771033589858938,45.740177328333615
4.770133614275418,45.73057226258649
4.769233978158506,45.70982019931554
4.768334681316171,45.68500824127935
4.767435723556525,45.66550244200665
4.766537104687827,45.646479542561174
4.765638824518479,45.61454303654529
4.764740882857028,45.541976224406355
4.763843279512164,45.51700633256067
4.762946014292724,45.497516008905556
4.762049087007687,45.48293356108756
4.761152497466174,45.46174386649275
4.760256245477453,45.43425511999267
4.759360330850935,45.41921050532181
4.758464753396174,45.40206461504207
4.757569512922865,45.38998718128211
4.756674609240851,45.37956098291572
4.755780042160113,45.369134784549324
4.75488581149078,45.35728342260642
4.75399191704312,45.33600415757812
4.753098358627542,45.310518340673354
4.752205136054605,45.279887957549164
4.751312249135002,45.24022467947527
4.750419697679573,45.19529417845296
4.749527481499299,45.18239831081848
4.7486356004053025,45.170391879564804
4.74774405420885,45.15979545858525
4.746852842721346,45.15003127986512
4.745961965754339,45.13830356931028
4.74507142311952,45.12511621870891
4.744181214628718,45.114278637995554
4.743291340093905,45.103611589035125
4.7424017993271965,45.0832622904751
4.741512592140844,45.02658477049638
4.740623718347243,45.01836926280872
4.73973517775893,45.009865300632924
4.738846970188579,45.00087324073766
4.737959095449008,44.99029976202871
4.737071553353172,44.97662981995808
4.73618434371417,44.96270271433544
4.735297466345237,44.94877560871281
4.73441092105975,44.93365078116133
4.733524707671225,44.91162270166524
4.732638825993319,44.885369527602975
4.731753275839825,44.84724201729718
4.730868057024681,44.820097690092155
4.729983169361959,44.78515231060618
4.729098612665871,44.75368139370397
4.728214386750772,44.737296110855354
4.72733049143115,44.72564664118555
4.7264469265216364,44.71899833049401
4.725563691836998,44.71396180832798
4.724680787192142,44.70892528616196
4.723798212402112,44.703888763995934
4.722915967282093,44.698852241829904
4.722034051647404,44.690457760764886
4.721152465313505,44.67536841341828
4.720271208095992,44.666321762432375
4.719390279810601,44.6424061761561
4.718509680273201,44.633627406367324
4.717629409299804,44.625062779486626
4.716749466706556,44.61570047432053
4.71586985230974,44.59503373163563
4.714990565925776,44.59292981498376
4.7141116073712235,44.59128291264402
4.713232976462775,44.589474549313266
4.712354673017264,44.58762335376073
4.711476696851656,44.58577215820821
4.710599047783054,44.58379805793437
4.709721725628701,44.58084298807955
4.708844730205972,44.577446121696184
4.707968061332378,44.56922474061906
4.707091718825569,44.55873936587243
4.706215702503328,44.54825399112579
4.705340012183576,44.53537619372875
4.704464647684365,44.51804695255978
4.703589608823887,44.50375482605051
4.702714895420469,44.49244364979714
4.7018405072925695,44.48207289757639
4.7009664442587855,44.471702145355636
4.700092706137847,44.43558310315099
4.699219292748619,44.40149759929113
4.698346203910104,44.37559150992992
4.697473439441434,44.35737749841991
4.696600999161878,44.3391634869099
4.6957288828908395,44.32581593180943
4.694857090447855,44.3130313990244
4.693985621652597,44.294022907207875
4.693114476324869,44.267262772272645
4.692243654284611,44.240004579900656
4.691373155351895,44.22262305906519
4.690502979346927,44.16791874091122
4.689633126090046,44.14917017228471
4.688763595401724,44.13017556314256
4.687894387102568,44.109806006557356
4.687025501013315,44.08984733384335
4.686156936954838,44.07043494251334
4.68528869474814,44.05264975105298
4.684420774214359,44.0234105659648
4.683553175174763,43.98777647328447
4.682685897450756,43.96924825424088
4.68181894086387,43.95176459002234
4.680952305235771,43.93551574453019
4.6800859903882595,43.9120201892503
4.679219996143264,43.8889820216815
4.678354322322846,43.8656459525439
4.6774889687492,43.84146037824231
4.676623935244651,43.81949306598108
4.675759221631655,43.80311734435756
4.6748948277328,43.78512855416075
4.674030753370804,43.76647722890444
4.673166998368518,43.75232745695317
4.672303562548923,43.74203816622575
4.67144044573513,43.731748875498326
4.670577647750383,43.721459584770905
4.669715168418053,43.711170294043484
4.668853007561644,43.70088100331606
4.66799116500479,43.68677666216951
4.667129640571255,43.67251539129383
4.666268434084932,43.63909156981036
4.665407545369845,43.6057934245914
4.66454697425015,43.5738790946292
4.663686720550129,43.53806056095951
4.662826784094194,43.44529780340534
4.661967164706889,43.419873205754485
4.661107862212886,43.39408520863149
4.660248876436985,43.371548819143754
4.659390207204118,43.33280113141916
4.658531854339343,43.317665054181504
4.657673817667849,43.30367123124363
4.656816097014953,43.291507774894875
4.655958692206099,43.27934431854612
4.655101603066863,43.268519555880076
4.6542448294229475,43.25905838310427
4.653388371100182,43.24959721032846
4.652532227924527,43.240136037552645
4.651676399722069,43.20147686734992
4.650820886319023,43.17623084898139
4.649965687541733,43.158477109306446
4.649110803216667,43.14546301200987
4.648256233170425,43.133496477284496
4.647401977229733,43.125218580827166
4.646548035221443,43.11557609111288
4.645694406972535,43.096227859557644
4.644841092310117,43.08645687351196
4.6439880910614235,43.0825027106968
4.643135403053816,43.078935166358406
4.642283028114781,43.075511289374504
4.641430966071934,43.07175568160622
4.640579216753018,43.06658057994263
4.639727779985897,43.052583016103696
4.638876655598567,43.04947446284654
4.638025843419149,43.04797438407
4.637175343275888,43.047004620476685
4.636325154997156,43.045040819387054
4.635475278411451,43.042997568226
4.634625713347397,43.039052298264394
4.6337764596337445,43.03325373000244
4.6329275170993665,43.02826184025031
4.6320788855732635,43.02430541040471
4.631230564884561,43.020348980559106
4.630382554862511,43.02180639318763
4.6295348553364875,43.0075651753602
4.628687466135992,42.994803002254145
4.627840387090649,42.98862782379984
4.626993618030211,42.98541986415975
4.6261471587845495,42.98421150438648
4.625301009183665,42.98298072836377
4.624455169057682,42.9817861703835
4.623609638236846,42.98219686684983
4.622764416551531,42.982607563316165
4.621919503832233,42.982936734143024
4.621074899909569,42.97878871649022
4.620230604614286,42.96732617813215
4.619386617777249,42.92793317704155
4.6185429392294495,42.9252227026501
4.617699568802002,42.92251222825866
4.616856506326143,42.91980175386721
4.616013751633235,42.918200345074126
4.615171304554761,42.915423573458135
4.614329164922328,42.90846560305296
4.613487332567666,42.88272794529264
4.612645807322627,42.86273143639211
4.6118045890191866,42.86391268424474
4.610963677489442,42.8655718984771
4.610123072565615,42.87560544630245
4.609282774080047,42.876886914945295
4.608442781865203,42.87816838358815
4.607603095753669,42.87944985223099
4.606763715578156,42.880731320873835
4.605924641171492,42.88201278951668
4.605085872366631,42.91171958866762
4.604247408996648,42.91521133553785
4.603409250894737,42.91870308240807
4.602571397894217,42.9223752800366
4.601733849828525,42.92885772225228
4.600896606531221,42.93534072870601
4.600059667835986,42.94190029003711
4.599223033576623,42.94845985136821
4.598386703587052,42.95511172270568
4.597550677701318,42.98385025028531
4.596714955753586,43.000300826065995
4.59587953757814,43.011533633952794
4.5950444230093845,43.02276644183961
4.594209611881845,43.03607073628919
4.593375104030169,43.05296300193537
4.59254089928912,43.108195098509256
4.591706997493585,43.14753354333057
4.59087339847857,43.183522258862155
4.590040102079199,43.213806492100744
4.58920710813072,43.24270664096653
4.588374416468496,43.26639730719137
4.587542026928011,43.2900879734162
4.58670993934487,43.31385796216973
4.585878153554794,43.33924737995521
4.585046669393626,43.36998234124531
4.584215486697327,43.39957685737285
4.583384605301978,43.42319628472703
4.582554025043777,43.44681571208122
4.5817237457590405,43.51800437913768
4.580893767284206,43.54354464699699
4.580064089455828,43.58531506929688
4.579234712110579,43.66123495883388
4.578405635085249,43.70577112900172
4.577576858216751,43.74199898840555
4.576748381342109,43.7571116528938
4.5759202042984715,43.77222431738205
4.575092326923099,43.7873369818703
4.574264749053374,43.80287816461123
4.573437470526796,43.81960748229879
4.5726104911809795,43.84132590485537
4.57178381085366,43.86487554103168
4.570957429382687,43.89158097191098
4.57013134660603,43.93771523947878
4.569305562361774,43.949849522990206
4.56848007648812,43.958050001749186
4.567654888823389,43.966250480508165
4.566829999206017,43.974450959267145
4.566005407474556,43.982651438026124
4.565181113467675,44.001659665901805
4.56435711702416,44.03824110894622
4.563533417982915,44.047196404169455
4.562710016182956,44.06414404962176
4.561886911463419,44.06796661096304
4.561064103663554,44.07178917230433
4.560241592622728,44.07591314224902
4.559419378180424,44.0785340145614
4.558597460176238,44.08125759440704
4.557775838449887,44.08074729174161
4.556954512841198,44.08023698907618
4.556133483190117,44.079488208013856
4.555312749336704,44.078576266260235
4.554492311121133,44.077664324506614
4.553672168383698,44.07630937453959
4.5528523209648,44.072779543682316
4.552032768704962,44.06924971282503
4.55121351144482,44.06535682633354
4.550394549025121,44.059689477806785
4.549575881286733,44.05392188625471
4.548757508070634,44.019428980791844
4.547939429217915,44.00489941547799
4.5471216445697875,43.98271999328148
4.54630415396757,43.97043948086392
4.545486957252701,43.95796561405979
4.544670054266729,43.94529697505991
4.543853444851318,43.93291110580646
4.543037128848248,43.918003160184554
4.542221106099407,43.90083116758262
4.541405376446802,43.88472624040684
4.540589939732551,43.86996069152096
4.539774795798885,43.85608082981943
4.53895994448815,43.8422009681179
4.538145385642804,43.826865227340974
4.537331119105419,43.79753466957913
4.536517144718678,43.778903900175735
4.535703462325379,43.76458507639671
4.53489007176843,43.75376097784773
4.5340769728908565,43.74293687929875
4.533264165535792,43.69864806717868
4.532451649546484,43.67805951726959
4.5316394247662934,43.65816941318891
4.530827491038691,43.643723669306155
4.530015848207263,43.63044003611236
4.529204496115704,43.61715640291855
4.528393434607823,43.60410695490134
4.527582663527541,43.58275439938887
4.526772182718889,43.55733759527798
4.525961992026011,43.51345189650846
4.525152091293162,43.47151856977641
4.52434248036471,43.44833240933181
4.523533159085131,43.4254527358721
4.522724127299016,43.41881066652971
4.521915384851065,43.41238640714238
4.521106931586089,43.4060828994765
4.5202987673490105,43.39988567073915
4.519490891984863,43.3936884420018
4.518683305338791,43.38777615120674
4.517876007256049,43.37691653174333
4.517068997582003,43.36281781776124
4.516262276162128,43.34871910377913
4.51545584284201,43.33172515453118
4.5146496974673465,43.311504490360505
4.513843839883942,43.29106639609755
4.5130382699377165,43.26004065554088
4.512232987474693,43.219345159617916
4.511427992341011,43.189979057571875
4.510623284382916,43.15861173267819
4.509818863446763,43.08852505621842
4.509014729379019,43.08369891342871
4.508210882026258,43.07887277063901
4.507407321235165,43.069801197320515
4.506604046852534,43.05945209773227
4.505801058725266,43.04921471087651
4.5049983567003755,43.03939367596652
4.504195940624983,43.031388195383926
4.503393810346318,43.02326435037631
4.502591965711719,43.0128007298983
4.501790406568635,43.002337109420296
4.500989132764619,42.991278038333164
4.500188144147339,42.979810863901974
4.499387440564566,42.96801560555957
4.498587021864181,42.95622034721717
4.4977868878941765,42.915760549867606
4.496987038502646,42.90394752626759
4.496187473537798,42.89453242994618
4.495388192847946,42.86119750950057
4.49458919628151,42.83954781656878
4.49379048368702,42.8287897353441
4.492992054913113,42.81937050685919
4.492193909808534,42.811445226618446
4.491396048222135,42.79863442965272
4.4905984700028725,42.77957570512454
4.489801174999816,42.76276730362264
4.48900416306214,42.753899261694244
4.488207434039122,42.74326248762418
4.487410987780152,42.7326257135541
4.4866148241347235,42.66709051965993
4.485818942952439,42.65502034431795
4.4850233440830065,42.64281790164605
4.484228027376239,42.62381963972871
4.48343299268206,42.60336653692568
4.4826382398504965,42.58743797452498
4.481843768731682,42.57398859779718
4.481049579175857,42.56056197100397
4.480255671033368,42.548359821322364
4.479462044154666,42.5316426757652
4.478668698390313,42.50633878252782
4.477875633590969,42.488953750645436
4.477082849607406,42.47744421566925
4.476290346290499,42.465934680693074
4.47549812349123,42.443337801298874
4.474706181060684,42.426009320238336
4.473914518850055,42.406602318110075
4.4731231367106385,42.38719531598182
4.4723320344938395,42.31184987514267
4.471541212051163,42.27236731605797
4.4707506692342225,42.248872984337495
4.469960405894736,42.225378652617024
4.469170421884525,42.20507058157459
4.468380717055517,42.18626746574209
4.467591291259745,42.167464349909594
4.466802144349343,42.15570062091098
4.466013276176554,42.14569019562797
4.4652246865937215,42.13492246609366
4.464436375453295,42.12415473655936
4.463648342607829,42.11338700702506
4.46286058790998,42.10261927749075
4.4620731112125105,42.08916636205831
4.461285912368286,42.040066826972065
4.460498991230275,41.995043888571814
4.459712347651552,41.97740833570437
4.458925981485292,41.96144289902382
4.458139892584776,41.95583388389923
4.4573540808033885,41.95224833947492
4.456568545994616,41.94888548044569
4.455783288012047,41.94552262141646
4.454998306709378,41.939665627861174
4.4542136019404035,41.955804642464614
4.453429173559025,41.95728584384419
4.452645021419242,41.92224081198111
4.451861145375162,41.91742513831844
4.4510775452809925,41.91260946465579
4.450294220991044,41.90956758347001
4.4495111723597285,41.907873698886796
4.448728399241563,41.906179814303584
4.447945901491166,41.90448592972037
4.447163678963257,41.9010997433066
4.446381731512657,41.89225412433824
4.445600058994293,41.88442109606267
4.44481866126319,41.89046744646282
4.444037538174475,41.89717394103976
4.443256689583381,41.96797562565398
4.442476115345239,41.97560768069169
4.441695815315482,41.973971856684244
4.4409157893496465,41.97233603267681
4.4401360373033665,41.9672618895284
4.439356559032382,41.963075885518414
4.438577354392533,41.96647943053605
4.437798423239757,41.99781962055509
4.437019765430098,41.99387221261536
4.436241380819698,41.96019042680172
4.4354632692648,41.957597518427804
4.43468543062175,41.955004610053905
4.433907864746991,41.952411701680006
4.4331305714970695,41.94981879330609
4.432353550728632,41.970204959436
4.431576802298426,41.96904717895371
4.430800326063297,41.967889398471414
4.4300241218801935,41.966731617989126
4.429248189606163,41.96550165013309
4.4284725290983555,41.958422672517315
4.427697140214016,41.94668912219775
4.426922022810493,41.9366659848219
4.4261471767452365,41.92961061439396
4.425372601875791,41.92255524396601
4.424598298059807,41.87979232824783
4.4238242651550275,41.833694436144654
4.423050503019302,41.806389717521725
4.422277011510576,41.77865773959999
4.421503790486893,41.75043448616513
4.420730839806399,41.74223498413406
4.419958159327337,41.73712262266332
4.419185748908051,41.73188253819913
4.41841360840698,41.72664245373494
4.417641737682667,41.72140236927075
4.416870136593751,41.71572441476618
4.41609880499897,41.70955798316195
4.41532774275716,41.70097506762116
4.414556949727259,41.68696639354857
4.413786425768298,41.672957719475995
4.413016170739411,41.65455422303474
4.412246184499828,41.640925140287706
4.411476466908879,41.62019150397907
4.410707017825989,41.59774126622855
4.409937837110686,41.57318046310152
4.40916892462259,41.54839050329528
4.408400280221424,41.522986250724266
4.407631903767006,41.493183794907466
4.406863795119253,41.4617727378891
4.406095954138177,41.43654609206612
4.405328380683892,41.41771554134774
4.404561074616607,41.41037239495158
4.403794035796628,41.40302924855542
4.403027264084359,41.39591089869896
4.402260759340299,41.388819024729756
4.401494521425049,41.38172715076055
4.400728550199303,41.37376205810663
4.399962845523852,41.36522019008139
4.399197407259587,41.35508203400224
4.398432235267492,41.335369314530936
4.397667329408651,41.31532841438576
4.396902689544241,41.30310868710005
4.39613831553554,41.29365768625921
4.395374207243918,41.28420668541837
4.394610364530845,41.27475568457753
4.393846787257885,41.2638099260626
4.393083475286698,41.251453731847846
4.392320428479042,41.20253825744643
4.3915576466967705,41.18339932061956
4.390795129801832,41.16417363734044
4.390032877656271,41.146496421192396
4.389270890122228,41.13353634262165
4.38850916706194,41.11913620141715
4.387747708337739,41.10473606021263
4.386986513812051,41.090335919008126
4.3862255833474,41.0718324966858
4.385464916806406,41.05467701125967
4.38470451405178,41.04081553111598
4.383944374946331,41.02839877175715
4.383184499352964,41.01862935902756
4.382424887134678,41.00885994629797
4.381665538154566,40.97143684774028
4.380906452275816,40.96070238937256
4.380147629361714,40.94596549052126
4.3793890692756365,40.93559088887318
4.378630771881057,40.925529900707474
4.3778727370415425,40.916003283055105
4.3771149646207546,40.90705620971206
4.37635745448245,40.8885967389499
4.37560020649048,40.87428061799133
4.3748432205087875,40.86489842235018
4.3740864964014134,40.855593406568985
4.37333003403249,40.8462883907878
4.372573833266244,40.83878700650436
4.371817893966995,40.833486021106694
4.37106221599916,40.827456468563916
4.3703067992272455,40.82142691602114
4.369551643515854,40.81539736347837
4.3687967487296815,40.793147852303676
4.368042114733517,40.77716837200269
4.367287741392244,40.77083824039504
4.366533628570836,40.764549236261345
4.365779776134362,40.75689843107682
4.365026183947987,40.74734809295731
4.364272851876964,40.739936652299924
4.363519779786642,40.739277106604604
4.362766967542462,40.739150819038386
4.362014415009957,40.73902453147218
4.361262122054757,40.738935085091526
4.360510088542578,40.73922357123666
4.359758314339234,40.73951205738179
4.35900679931063,40.74115674662677
4.358255543322761,40.743211118456216
4.357504546241718,40.744221559721666
4.356753807933682,40.74398010810907
4.3560033282649275,40.738639319067076
4.355253107101821,40.733298530025074
4.354503144310819,40.705609103007944
4.3537534397584725,40.70498655567735
4.353003993311424,40.704364008346765
4.352254804836406,40.70374146101618
4.351505874200245,40.70349729744746
4.3507572012698565,40.7037923092107
4.350008785912252,40.704087320973926
4.349260627994529,40.70470457157318
4.348512727383881,40.707430323300215
4.347765083947589,40.710156075027236
4.34701769755303,40.735104864073485
4.346270568067666,40.73943344947921
4.345523695359056,40.743762034884924
4.344777079294846,40.74809062029064
4.344030719742776,40.75821942263009
4.343284616570674,40.77208109083081
4.342538769646461,40.782616022673295
4.341793178838146,40.783939142969786
4.341047844013833,40.790070614308185
4.340302765041712,40.79750866313847
4.3395579417900665,40.808189891383805
4.338813374127269,40.82506883474399
4.338069061921782,40.83665214270924
4.337325005042161,40.84646022023799
4.336581203357047,40.854860200217374
4.335837656735176,40.864153034609714
4.335094365045371,40.87427578727528
4.334351328156544,40.89050447181406
4.333608545937699,40.925048663747674
4.332866018257931,40.96929592158351
4.332123744986423,40.97709004261051
4.331381725992446,40.9848841636375
4.330639961145362,40.992969407610815
4.329898450314624,41.00130265142987
4.329157193369772,41.01170797561137
4.3284161901804366,41.038004342183086
4.327675440616337,41.05546782085121
4.326934944547284,41.07285318266852
4.326194701843173,41.082519808285184
4.3254547123739915,41.091747021192646
4.324714976009816,41.10097423410011
4.323975492620811,41.11239747878352
4.323236262077229,41.12612457475423
4.322497284249413,41.13867291736743
4.321758559007793,41.14983165720061
4.321020086222889,41.16099039703378
4.32028186576531,41.17547640609365
4.31954389750575,41.18347620495129
4.318806181314995,41.190355564371835
4.318068717063917,41.19938965801455
4.317331504623478,41.20877681385247
4.316594543864727,41.21055832251018
4.3158578346588,41.21233983116788
4.315121376876923,41.214121339825596
4.314385170390408,41.215902848483296
4.313649215070658,41.21793285686297
4.312913510789159,41.22006999862286
4.31217805741749,41.22160836767125
4.3114428548273125,41.222835699311304
4.310707902890377,41.225611087415615
4.309973201478525,41.22849821508728
4.309238750463681,41.23138534275894
4.308504549717858,41.23427247043061
4.307770599113158,41.2396343678858
4.307036898521767,41.24588379623327
4.306303447815961,41.25181719367076
4.305570246868102,41.25535536061354
4.304837295550637,41.258893527556324
4.304104593736103,41.266155938430586
4.303372141297121,41.26564486807064
4.3026399381064016,41.26406551822724
4.301907984036739,41.26243929783084
4.301176278961016,41.26081307743442
4.300444822752201,41.25918685703802
4.299713615283349,41.257640144770335
4.298982656427602,41.25617607549261
4.298251946058186,41.25471200621489
4.297521484048415,41.24509451394067
4.29679127027169,41.24172562790808
4.296061304601497,41.23835674187549
4.295331586911407,41.23468151672077
4.294602117075077,41.22915440216609
4.293872894966253,41.222272232091825
4.2931439204587605,41.21141351319527
4.292415193426518,41.18647328430103
4.291686713743523,41.17629407241781
4.290958481283865,41.16647762194864
4.290230495921713,41.15989218615161
4.2895027575313245,41.15330675035459
4.2887752659870415,41.1464351299712
4.288048021163291,41.1393148048198
4.287321022934587,41.132194479668385
4.2865942711755265,41.11980068096838
4.285867765760791,41.093230799238356
4.285141506565149,41.06983056194197
4.284415493463454,41.04949604751871
4.283689726330642,41.034660727845996
4.2829642050417345,41.02045308943208
4.2822389294718395,41.0065332470414
4.281513899496148,40.993439291368105
4.280789114989934,40.97877283034708
4.28006457582856,40.96040134875631
4.27934028188747,40.93782619924849
4.278616233042193,40.9152831822181
4.2778924291683404,40.89322858836026
4.277168870141611,40.872098249291206
4.276445555837786,40.84902667086078
4.2757224861327305,40.81430710237531
4.2749996609023935,40.797360606195866
4.274277080022808,40.7821887273348
4.273554743370092,40.76701684847374
4.272832650820445,40.75428786609993
4.272110802250152,40.742122972011025
4.271389197535581,40.72962274578416
4.270667836553183,40.71890610169321
4.269946719179493,40.71055209558154
4.269225845291129,40.696633585059004
4.268505214764793,40.68095010427997
4.26778482747727,40.662067694325614
4.267064683305428,40.64110176326831
4.266344782126217,40.63469131371035
4.265625123816672,40.62828086415238
4.26490570825391,40.62241978608161
4.2641865353151305,40.615386135752985
4.263467604877617,40.60790680450306
4.262748916818733,40.60554806251291
4.26203047101593,40.60774496874964
4.261312267346736,40.60994187498636
4.260594305688765,40.612138781223095
4.259876585919713,40.61738004360788
4.259159107917358,40.63311209765486
4.258441871559561,40.64443559201293
4.257724876724264,40.655064919359916
4.257008123289493,40.66635584371613
4.256291611133354,40.67771248731886
4.255575340134036,40.69196334729213
4.254859310169811,40.6890228646834
4.2541435211190315,40.68757418861925
4.253427972860133,40.686274247933795
4.2527126652716305,40.68672422023572
4.251997598232124,40.68717419253763
4.251282771620293,40.68756748532141
4.250568185314898,40.68939508311185
4.249853839194784,40.692664288851596
4.249139733138874,40.7183827482331
4.248425867026174,40.726742494018865
4.247712240735772,40.73115892144135
4.246998854146835,40.737718851573455
4.246285707138614,40.74335807305297
4.2455727995904375,40.74771820071534
4.24486013138172,40.75184140463031
4.2441477023919525,40.755445642008574
4.2434355125007075,40.75904987938683
4.242723561587641,40.76265411676509
4.2420118495324886,40.76552228743061
4.241300376215063,40.769433478516845
4.2405891415152634,40.775885921999645
4.239878145313065,40.78249124628694
4.239167387488526,40.7971584808173
4.238456867921785,40.816142164872076
4.237746586493058,40.83102735022469
4.237036543082645,40.84258349747445
4.236326737570925,40.85390975242953
4.235617169838355,40.86553527387251
4.234907839765476,40.87715712720464
4.234198747232904,40.883597753978165
4.233489892121341,40.88836373088413
4.232781274311564,40.89326537395776
4.232072893684431,40.8984158699913
4.231364750120881,40.93283514731078
4.230656843501932,40.94485343233487
4.229949173708682,40.956874014868006
4.229241740622307,40.961071000165354
4.228534544124063,40.964633011724445
4.227827584095287,40.96569916409671
4.227120860417395,40.969685133154584
4.22641437297188,40.97367110221245
4.225708121640317,40.977657071270315
4.225002106304359,40.981643040328194
4.224296326845737,41.006391640880636
4.223590783146261,41.01051547941865
4.222885475087824,41.014639317956664
4.222180402552393,41.0190374441714
4.221475565422016,41.02355326225184
4.220770963578818,41.02807016656691
4.220066596905006,41.032587070881995
4.219362465282864,41.035305534655755
4.218658568594753,41.03292771124123
4.217954906723114,41.031235393548556
4.217251479550465,41.02189838721907
4.216548286959406,41.02097421114586
4.2158453288326125,41.034206166031694
4.2151426050528364,41.03614614746483
4.214440115502911,41.03771196997528
4.213737860065747,41.03819094439871
4.213035838624332,41.03866991882212
4.212334051061733,41.03914889324554
4.211632497261094,41.03935597700192
4.210931177105637,41.0394318289147
4.210230090478662,41.03938162579455
4.2095292372635456,41.03875517679542
4.208828617343744,41.03809523873836
4.20812823060279,41.03635308185499
4.207428076924292,41.03461092497162
4.206728156191939,41.03286876808826
4.206028468289497,41.023686760280256
4.205329013100807,41.01474700660751
4.20462979050979,41.00808206071677
4.203930800400441,41.000457063208344
4.203232042656834,40.9866201724921
4.202533517163123,40.97917881087001
4.201835223803532,40.97173744924792
4.201137162462368,40.94800775172688
4.200439333024013,40.94458312405679
4.199741735372925,40.9411584963867
4.19904436939364,40.935332194522005
4.198347234970769,40.929453154025666
4.197650331989002,40.92501009143619
4.1969536603331035,40.920567028846726
4.196257219887914,40.91612396625726
4.195561010538354,40.91120151379095
4.194865032169416,40.904027443147406
4.194169284666172,40.89667498692515
4.193473767913768,40.88950773130292
4.192778481797428,40.88268197963956
4.192083426202451,40.8743019986277
4.191388601014213,40.863036934001826
4.190694006118165,40.85264124604973
4.189999641399833,40.84594595930055
4.189305506744821,40.83973467718437
4.188611602038808,40.833523395068184
4.1879179271675495,40.827312112952
4.187224482016874,40.820565086799945
4.186531266472688,40.809412739115615
4.185838280420974,40.79779705960372
4.185145523747787,40.754711861013845
4.184452996339261,40.743471601400216
4.183760698081603,40.73414377907643
4.183068628861095,40.729171061836084
4.182376788564098,40.72426368647418
4.181685177077044,40.71935631111228
4.180993794286439,40.71509482426733
4.18030264007887,40.71100071164146
4.179611714340995,40.70776930295881
4.178921016959545,40.704583437436554
4.178230547821331,40.70264097079793
4.177540306813234,40.702788952794904
4.1768502938222145,40.70516256417504
4.176160508735302,40.706197188679994
4.175470951439605,40.70670781696741
4.174781621822306,40.70528159233734
4.174092519770659,40.703849748394475
4.173403645171997,40.698355967728844
4.172714997913723,40.70130829072839
4.172026577883318,40.70426061372794
4.171338384968334,40.71228571073125
4.1706504190563995,40.72441897667629
4.169962680035216,40.73301161021975
4.169275167792559,40.741655766196786
4.168587882216279,40.74724368088033
4.167900823194299,40.75353374594452
4.167213990614617,40.759853980064086
4.166527384365305,40.767054101703636
4.165841004334509,40.77425422334318
4.165154850410445,40.78298595481836
4.164468922481409,40.7950014233665
4.163783220435765,40.80708381504293
4.163097744161953,40.81722374526628
4.162412493548485,40.827305143975046
4.16172746848395,40.83588651577783
4.161042668857006,40.84460451945118
4.160358094556388,40.85648191933126
4.1596737454709,40.86835931921135
4.158989621489423,40.87617898382181
4.158305722500908,40.881946316105875
4.157622048394383,40.8876413237206
4.156938599058943,40.89333633133533
4.156255374383763,40.89771361535452
4.155572374258085,40.90095557331509
4.154889598571228,40.90389957135376
4.15420704721258,40.90684356939245
4.153524720071605,40.909374391845176
4.152842617037837,40.90690122680982
4.152160738000884,40.90851924820282
4.151479082850425,40.910137269595836
4.150797651476215,40.911755290988836
4.150116443768078,40.93262932752096
4.149435459615911,40.9377729497737
4.148754698909682,40.943220071747426
4.148074161539436,40.95425246560181
4.147393847395285,40.968038573341666
4.146713756367414,40.977290863173195
4.146033888346082,40.98008561951784
4.145354243221619,40.98288037586247
4.144674820884427,40.98567513220711
4.143995621224979,40.98660217610632
4.143316644133821,40.98711150800164
4.142637889501571,40.98762083989696
4.141959357218916,40.988130171792285
4.141281047176616,40.988408837564386
4.140602959265505,40.98857034034933
4.139925093376485,40.98864841063361
4.139247449400532,40.98787922055608
4.138570027228692,40.98897306628466
4.137892826752082,40.99687096840155
4.137215847861891,41.005097877283845
4.1365390904493795,41.01952068625293
4.135862554405878,41.032612890016345
4.135186239622789,41.040963295620486
4.134510145991586,41.060622025647916
4.133834273403813,41.06399911894165
4.133158621751085,41.0674530646979
4.132483190925088,41.070322880968206
4.131807980817579,41.07163188588915
4.131132991320386,41.072940890810095
4.130458222325406,41.07424989573104
4.129783673724608,41.07535895531032
4.129109345410033,41.07684668143864
4.128435237273789,41.07949538325593
4.127761349208057,41.08211819681138
4.127087681105087,41.081327522699944
4.1264142328572015,41.08065615168782
4.12574100435679,41.08038674286426
4.125067995496316,41.08011733404071
4.124395206168309,41.07996914206032
4.123722636265372,41.08127022780282
4.1230502856801765,41.08257131354533
4.122378154305466,41.05239178306815
4.1217062420340485,41.046041039727854
4.121034548758809,41.04264105438359
4.1203630743726976,41.04203579868349
4.119691818768735,41.041402749913075
4.119020781840012,41.039932418640404
4.11834996347969,41.03788658325348
4.117679363580999,41.03584074786656
4.117008982037239,41.03242350296009
4.116338818741778,41.02891305830787
4.115668873588055,40.98131816663488
4.114999146469577,40.964914954233585
4.114329637279923,40.952273004435824
4.113660345912738,40.9105518930069
4.112991272261738,40.89489020657448
4.112322416220708,40.878946796079134
4.111653777683502,40.86967408684417
4.110985356544043,40.8655947826167
4.110317152696321,40.86151547838922
4.109649166034399,40.85724434068436
4.108981396452405,40.85288804529337
4.108313843844539,40.84853174990239
4.107646508105066,40.8441754545114
4.106979389128324,40.83981915912041
4.106312486808717,40.83341329608639
4.105645801040717,40.82284682909116
4.104979331718867,40.811348339379094
4.104313078737775,40.782376389706286
4.1036470419921205,40.77071947609315
4.102981221376651,40.75684953620325
4.102315616786181,40.74250619536913
4.101650228115593,40.72504935106416
4.100985055259841,40.70534363564612
4.100320098113942,40.69379504986125
4.099655356572984,40.68224646407638
4.0989908305321245,40.661003578790435
4.0983265198865855,40.636585455932774
4.097662424531659,40.63105850803496
4.096998544362705,40.62553156013715
4.096334879275151,40.620004612239335
4.095671429164492,40.61447766434152
4.095008193926289,40.60891403521803
4.094345173456175,40.600522796931635
4.093682367649846,40.59213155864525
4.093019776403068,40.568707828826874
4.092357399611674,40.55436158083955
4.091695237171565,40.54123205859645
4.091033288978708,40.53262332505592
4.090371554929138,40.52447410319208
4.089710034918958,40.51683716435802
4.089048728844336,40.50939102373797
4.08838763660151,40.50208844260866
4.0877267580867835,40.4951799999042
4.087066093196527,40.48857950716648
4.086405641827178,40.48184318103593
4.085745403875243,40.475017528262484
4.085085379237291,40.46819187548904
4.084425567809962,40.46079980996132
4.08376596948996,40.451801530916356
4.083106584174058,40.438864719370684
4.0824474117590945,40.4274409966918
4.081788452141974,40.41635153336321
4.081129705219668,40.405262070034624
4.080471170889216,40.376013942025956
4.0798128490477215,40.37066377459176
4.079154739592355,40.36531360715756
4.078496842420355,40.35996343972336
4.077839157429025,40.354613272289164
4.077181684515735,40.348467875280015
4.07652442357792,40.338458522196014
4.075867374513083,40.3107963750898
4.075210537218793,40.303331059024416
4.074553911592683,40.297173841145664
4.073897497532453,40.291016623266906
4.073241294935871,40.28524732692355
4.072585303700767,40.27989299676548
4.071929523725039,40.2485787206028
4.071273954906652,40.24351835978493
4.070618597143635,40.23891134999562
4.069963450334081,40.235280986973024
4.069308514376153,40.23282831548362
4.068653789168075,40.2282683596943
4.067999274608139,40.22370840390498
4.0673449705947045,40.21826862184568
4.06669087702619,40.21181168069194
4.066036993801085,40.205354739538194
4.065383320817943,40.19889779838445
4.064729857975381,40.19385852246796
4.064076605172084,40.18652583670192
4.063423562306799,40.17798543399104
4.062770729278339,40.16944503128015
4.062118105985585,40.16333208422316
4.061465692327478,40.15882140661506
4.060813488203028,40.15431072900697
4.060161493511307,40.149800051398884
4.059509708151455,40.145449201849175
4.0588581320226735,40.14028987254901
4.05820676502423,40.13143720139049
4.057555607055457,40.122584530231975
4.056904658015752,40.106096689042424
4.056253917804576,40.10561855522823
4.055603386321454,40.10514042141405
4.054953063465977,40.104662287599865
4.054302949137799,40.10418415378568
4.0536530432366416,40.10370601997149
4.053003345662285,40.1032278861573
4.0523538563145785,40.102749752343115
4.051704575093433,40.10870825580591
4.051055501898825,40.108166845682234
4.050406636630794,40.10762543555856
4.049757979189444,40.10708402543489
4.0491095294749435,40.105707736549604
4.048461287387524,40.09904195489234
4.047813252827482,40.092376173235074
4.047165425695177,40.06557999759552
4.046517805891031,40.06198181967805
4.045870393315533,40.05807356676405
4.045223187869232,40.05416531385005
4.044576189452744,40.04563773195183
4.043929397966747,40.028757407521496
4.043282813311982,40.02826881003443
4.0426364353892525,40.02778021254736
4.04199026409943,40.0271060044505
4.041344299343444,40.02649500488862
4.04069854102229,40.02660782421489
4.040052989037027,40.02672064354117
4.039407643288776,40.026833462867444
4.038762503678722,40.02758490567226
4.038117570108114,40.028393694172365
4.037472842478261,40.02920248267246
4.036828320690538,40.030011271172555
4.0361840046463815,40.03069321930367
4.035539894247292,40.03134248161341
4.034895989394832,40.03168203141003
4.034252289990627,40.02959179230447
4.033608795936365,40.0269411356181
4.032965507133797,40.02359810016901
4.032322423484737,40.015324127412356
4.031679544891062,39.992412950293485
4.0310368712547096,39.985479237859415
4.030394402477681,39.9809727183827
4.029752138462041,39.97619369325106
4.029110079109916,39.9709436939674
4.028468224323494,39.96636152225342
4.027826574005027,39.96214167537045
4.027185128056826,39.9580571480663
4.026543886381268,39.953527615698434
4.025902848880792,39.94890139966144
4.025262015457894,39.94435877655505
4.024621386015139,39.93981615344866
4.023980960455149,39.93527353034227
4.023340738680611,39.92560032646617
4.0227007205942735,39.916873615980435
4.022060906098943,39.88846976452497
4.021421295097493,39.88259427659224
4.020781887492857,39.87671878865952
4.02014268318803,39.87084330072679
4.019503682086066,39.865022859938136
4.018864884090086,39.8592095889684
4.018226289103269,39.85153991675731
4.017587897028856,39.84372300392357
4.0169497077701495,39.83720198870287
4.016311721230514,39.83219282898625
4.015673937313377,39.82718366926963
4.015036355922222,39.81009358269138
4.014398976960599,39.80200529284042
4.013761800332118,39.79400148821956
4.013124825940448,39.785997683598694
4.012488053689323,39.77799387897784
4.011851483482534,39.72613305007513
4.011215115223935,39.71261087355184
4.010578948817443,39.70095618308733
4.009942984167031,39.69109468322743
4.009307221176738,39.686708698027154
4.00867165975066,39.682322712826874
4.008036299792956,39.6779367276266
4.007401141207846,39.673550742426315
4.006766183899609,39.66859738609902
4.006131427772585,39.66333641143039
4.005496872731176,39.65807543676177
4.004862518679844,39.65281446209315
4.00422836552311,39.64755348742452
4.003594413165557,39.64220771011085
4.002960661511829,39.63550126527254
4.002327110466629,39.62728664898438
4.00169375993472,39.61894174618932
4.001060609820927,39.61013324424199
4.000427660030135,39.601324742294665
3.9997949104672856,39.55896458102801
3.999162361037386,39.53973194233831
3.9985300116454994,39.5180059656483
3.997897862196751,39.5004107856671
3.9972659125963257,39.4899594620518
3.9966341627494684,39.4795081384365
3.9960026125614827,39.474727216884276
3.995371261937734,39.46811336247062
3.994740110783646,39.45788268822948
3.9941091590047018,39.45371502868165
3.993478406506446,39.44954736913382
3.9928478531944815,39.44537970958599
3.992217498974471,39.44123585604097
3.991587343752138,39.43747105289256
3.990957387433263,39.43370624974415
3.9903276299236894,39.42805106458443
3.989698071129316,39.418900285490935
3.9890687109561034,39.409667084596386
3.9884395493100717,39.40041253534531
3.9878105860972997,39.392790144367126
3.9871818212239254,39.38640298947497
3.9865532545961457,39.380015834582814
3.9859248861202174,39.373628679690654
3.9852967157024572,39.3413695685184
3.9846687432492374,39.335336061197545
3.984040968666992,39.32970763347177
3.9834133918622148,39.32407920574599
3.982786012741456,39.318634149021236
3.982158831211326,39.31325738039328
3.981531847178495,39.30788061176532
3.9809050605496896,39.30415521443436
3.9802784712316974,39.300365949839005
3.9796520791313625,39.29576898165486
3.9790258841555897,39.291172013470714
3.9783998862113408,39.286575045286575
3.9777740852056374,39.28105784313133
3.9771484810455586,39.273512785031286
3.976523073638243,39.26596772693126
3.9758978628908856,39.25979972344582
3.975272848710744,39.25580188994798
3.9746480310051275,39.251450357187615
3.9740234096814095,39.24709882442725
3.973398984647019,39.24274729166688
3.972774755809444,39.210839458274535
3.97215072307623,39.20200655839543
3.971526886354981,39.19317365851633
3.970903245553359,39.185995367183644
3.9702798005790845,39.1809837951519
3.969656551339934,39.17521394582083
3.9690334977437436,39.16944409648975
3.9684106396984076,39.16367424715867
3.9677879771118767,39.1568136187565
3.9671655098921605,39.14732807323696
3.966543237947326,39.13784252771743
3.9659211611854976,39.127881451662994
3.9652992795148583,39.11256274977478
3.9646775928436457,39.09322994175855
3.9640561010801587,39.08346308273909
3.963434804132752,39.07400361409764
3.9628137019098375,39.060280227774186
3.962192794319885,39.052704448378265
3.9615720812714215,39.046910628869384
3.9609515626730314,39.04177789964454
3.9603312384333567,39.03736522824083
3.959711108461095,39.0329525568371
3.9590911726650035,39.028539885433375
3.958471430953894,39.021268688436436
3.9578518832366383,39.01039387575986
3.9572325294221624,38.9995914482426
3.956613369419451,38.98822394940901
3.955994403137545,38.976695441060016
3.955375630485544,38.96486086397783
3.9547570513726007,38.94878194080588
3.954138665707928,38.932703017633926
3.953520473400794,38.92156419703919
3.9529024743605246,38.91979946443807
3.9522846684965014,38.91788865888837
3.951667055718163,38.915600039337775
3.9510496359350054,38.91331141978717
3.95043240905658,38.911022800236566
3.949815374992494,38.90873418068597
3.9491985336524134,38.90644556113536
3.9485818849460586,38.90892336932592
3.9479654287832076,38.90997312435544
3.947349165073694,38.899320545068335
3.946733093727408,38.886389083435134
3.9461172146542967,38.84598816453619
3.9455015277643626,38.82929551534092
3.944886032967663,38.81881213711566
3.9442707301743143,38.811458860654874
3.9436556192944865,38.80455677129957
3.9430407002384076,38.801963451718116
3.94242597291636,38.799370132136666
3.941811437238682,38.799861180411995
3.9411970931157696,38.80073843351467
3.940582940458074,38.798189634820545
3.9399689791760992,38.7929596852091
3.9393552091804094,38.78936704991965
3.9387416303816214,38.791579069719454
3.93812824269041,38.79379108951927
3.9375150460175035,38.796003109319074
3.936902040273687,38.80110128751552
3.9362892253698014,38.80744225273797
3.935676601216743,38.81378321796042
3.9350641677254616,38.81801788874384
3.934451924806965,38.82170017860864
3.9338398723723147,38.825382468473435
3.933228010332629,38.829021672785004
3.9326163385990807,38.832196290784275
3.932004857082897,38.835370908783545
3.931393565695362,38.83499636806241
3.930782464347815,38.83348807425327
3.930171552951647,38.833656711018804
3.929560831418308,38.8301774483445
3.9289502996593018,38.80934112311613
3.9283399575861866,38.83138443620279
3.927729805110576,38.82996546333204
3.9271198421441387,38.82854649046128
3.926510068598598,38.827127517590526
3.925900484385733,38.825904290915574
3.9252910894173745,38.825235847390715
3.9246818836054116,38.824567403865856
3.924072866861786,38.82389896034099
3.9234640390984956,38.86266449431039
3.9228554002275913,38.87208123413029
3.922246950161179,38.85071934460237
3.9216386888114205,38.85421728886314
3.9210306160905306,38.85767762385616
3.920422731910778,38.8611379588492
3.9198150361844877,38.86415456308832
3.9192075288240376,38.86675917499167
3.9186002097418604,38.869363786895015
3.917993078850443,38.87196839879836
3.917386136062327,38.87442339156998
3.9167793812901075,38.87697097907306
3.916172814446435,38.8799502345266
3.915566435444011,38.88292948998018
3.9149602441955946,38.887991567656364
3.9143542406139966,38.887753019781954
3.9137484246120837,38.88751447190754
3.913142796102775,38.88727592403313
3.9125373549990434,38.887037376158716
3.9119321012139174,38.88613630631509
3.911327034660478,38.88368331309778
3.910722155251859,38.88123031988047
3.91011746290125,38.88386909430417
3.9095129575218928,38.88997815604972
3.9089086390270835,38.89325051480286
3.9083045073301714,38.888971213321035
3.9077005623445604,38.88320973915821
3.907096803983707,38.88098554807637
3.906493232161121,38.87693845490348
3.905889846790366,38.87280225451535
3.9052866477850587,38.86866605412721
3.90468363505887,38.86452985373907
3.9040808085255225,38.85773770641567
3.9034781680987938,38.84682323384588
3.9028757136925143,38.83592615813316
3.9022734452205667,38.825864794967444
3.901671362596889,38.81425551980926
3.901069465735468,38.80204839958199
3.9004677545503483,38.791517206921775
3.899866228955625,38.78127609451903
3.8992648888654466,38.77090167398647
3.8986637341940154,38.759077102138065
3.8980627648555846,38.74725253028966
3.897461980764463,38.73625333445008
3.8968613818350106,38.72418805375902
3.8962609679816387,38.70705404934022
3.8956607391188145,38.687367100507885
3.895060695161056,38.66661673728251
3.8944608360229336,38.650410560614745
3.893861161619072,38.632555516876465
3.8932616718641473,38.58479239618513
3.8926623666728877,38.57144350732392
3.8920632459600757,38.55809461846272
3.891464309640543,38.50934002968259
3.890865557629177,38.49650469842935
3.890266989840916,38.48366936717612
3.889668606190751,38.47083403592289
3.8890704065937247,38.457998704669656
3.888472390964933,38.44344953177567
3.8878745592195236,38.41916122165544
3.887276911272697,38.39487291153523
3.886679447039703,38.370395341398726
3.886082166435847,38.349229750792105
3.8854850693764846,38.32806416018548
3.8848881557770243,38.30689856957886
3.884291425552926,38.28592340238531
3.8836948786197016,38.264912035936746
3.883098514892915,38.24381711355928
3.882502334288183,38.22272219118183
3.8819063367211717,38.20162071197423
3.8813105221076007,38.180783643034985
3.880714890363241,38.16096435303682
3.880119441403916,38.14114506303865
3.8795241751455,38.12132577304048
3.8789290915039185,38.08486009172033
3.8783341903951496,38.04080190256312
3.877739471735223,38.008443224319606
3.877144935440218,37.97608454607609
3.876550581426267,37.94155062946116
3.8759564096095542,37.90351709054498
3.8753624199063146,37.8654835516288
3.8747686122328333,37.84216240477466
3.874174986505449,37.823393411934376
3.87358154264055,37.80462441909408
3.8729882805545772,37.78585542625379
3.8723952001640205,37.76876931211454
3.8718023013854226,37.73597227456057
3.871209584135377,37.721747357577016
3.8706170483305287,37.70752244059345
3.8700246938875726,37.6932975236099
3.869432520723256,37.62185484680337
3.8688405287543755,37.60335474123042
3.868248717897781,37.58485463565748
3.86765708807037,37.54847464863854
3.8670656391890934,37.53494896763664
3.8664743711709524,37.524528600542475
3.8658832839329977,37.51410823344831
3.8652923773923327,37.503727307773815
3.8647016514661097,37.4935521662928
3.8641111060715327,37.483377024811794
3.863520741125857,37.47320188333079
3.8629305565463854,37.462823726222766
3.8623405522504743,37.44909774173357
3.8617507281555294,37.43112209243883
3.8611610841790074,37.41304899901551
3.860571620238414,37.393224200639644
3.8599823362513077,37.34630121827236
3.859393232135295,37.33417978453694
3.8588043078080343,37.32466641049652
3.8582155631872324,37.31515303645609
3.8576269981906477,37.30563966241566
3.8570386127360887,37.297456302068326
3.856450406741414,37.28956192031678
3.8558623801245324,37.244862323009414
3.8552745328034024,37.23509860676548
3.854686864696032,37.225274792224056
3.8540993757204816,37.21538699713567
3.853512065794858,37.205499202047264
3.8529249348373193,37.19665020634551
3.8523379827660755,37.18932282674693
3.8517512094993838,37.18199544714835
3.851164614955552,37.176400268450024
3.8505781990529386,37.17132355444332
3.849991961709951,37.166246840436614
3.8494059028450467,37.161170126429916
3.8488200223767306,37.15609341242321
3.8482343202235607,37.15101669841651
3.8476487963041426,37.10802806155698
3.847063450537132,37.094723596256614
3.8464782828412334,37.08141913095625
3.8458932931352017,37.06055797518082
3.84530848133784,37.03850751458695
3.8447238473680034,37.03351690497125
3.844139391144592,37.02852629535555
3.843555112586559,37.028647708300554
3.8429710116129057,37.02490234758664
3.8423870881426816,37.021156986872725
3.841803342094987,37.01812352757765
3.841219773388971,37.01509646427048
3.8406363819438303,37.00771720772018
3.840053167678813,36.99927939912523
3.839470130513214,36.99084159053027
3.838887270366379,36.98699169719657
3.838304587157701,36.98424732487369
3.837722080806624,36.98421044651562
3.8371397512326393,36.98345035014551
3.8365575983552875,36.97919997221774
3.835975622094158,36.972983832499764
3.8353938223688897,36.9616960047031
3.8348121990991686,36.95040817690641
3.8342307522047303,36.9401220795067
3.83364948160536,36.93344756629679
3.83306838722089,36.926773053086876
3.8324874689712023,36.92009853987696
3.8319067267762272,36.91342402666705
3.8313261605559426,36.90608370103661
3.8307457702303775,36.898484113098576
3.830165555719605,36.904958513483635
3.8295855169437503,36.90167258214644
3.829005653822986,36.89787637841965
3.8284259662775324,36.89613241631487
3.827846454227659,36.89636805812924
3.827267117593683,36.89985299460254
3.8266879562959697,36.9032583507569
3.8261089702549342,36.906663706911246
3.825530159391036,36.90891362499406
3.8249515236247866,36.91100454604977
3.824373062876744,36.91249105590254
3.8237947770675143,36.91070534639202
3.823216666117751,36.908431822309616
3.822638729948158,36.90615829822722
3.8220609684794833,36.90501002700549
3.821483381632527,36.904126424271176
3.8209059693281335,36.90302234478648
3.8203287314871965,36.901918265301774
3.819751668030658,36.87926647726981
3.819174778879507,36.87873069731337
3.8185980639547807,36.877217026805184
3.818021523177564,36.875703356297
3.8174451564689886,36.8739091819897
3.8168689637502355,36.871827319101286
3.816292944942531,36.88205502934608
3.8157170999671504,36.87860540857009
3.8151414287454166,36.87736455842929
3.8145659311987,36.8761237082885
3.813990607248417,36.87483262447857
3.8134154568160334,36.87211067118052
3.8128404798230613,36.86938871788247
3.812265676191061,36.8659953193712
3.8116910458416373,36.8600700742427
3.811116588696446,36.854144829114205
3.810542304677188,36.83376268536513
3.809968193705612,36.831016597677575
3.809394255703513,36.82827050999002
3.8088204905927348,36.81730904045244
3.808246898295167,36.81241591976803
3.807673478732747,36.80203755329947
3.8071002318274574,36.790929494379775
3.8065271575013298,36.77156093499235
3.805954255676442,36.7658234902181
3.8053815262749193,36.75954740836446
3.8048089692189326,36.75112763613767
3.8042365844307007,36.74491213528772
3.803664371832489,36.739652452607146
3.80309233134661,36.73719060460974
3.802520462895421,36.73472875661232
3.8019487664013285,36.73208339544176
3.801377241786784,36.72940908342369
3.8008058889742866,36.72673477140563
3.800234707886382,36.72406045938756
3.7996636984456615,36.7213861473695
3.7990928605747634,36.718711835351435
3.798522194196374,36.71603752333337
3.797951699233222,36.687110972641904
3.797381375608087,36.68219572887377
3.7968112232437923,36.67728048510564
3.796241242063209,36.67242159121687
3.7956714319892533,36.66828395552359
3.7951017929448887,36.66555878863312
3.7945323248531238,36.6631563135635
3.7939630276370155,36.66132830793423
3.793393901219664,36.65950030230495
3.7928249455242167,36.6631838612896
3.7922561604738685,36.66250980635695
3.7916875459918593,36.639854928822416
3.791119102001475,36.63627012745453
3.790550828426047,36.63352114228851
3.789982725188954,36.62985848161449
3.7894147922136203,36.62109958592116
3.788847029423514,36.61007822843503
3.788279436742151,36.60557374223785
3.7877120140930938,36.601069256040674
3.7871447613999494,36.596564769843496
3.78657767858637,36.59206028364632
3.7860107655760546,36.58755579744914
3.785444022292748,36.582774536073956
3.7848774486602412,36.57622778901441
3.7843110446023673,36.569681041954865
3.783744810043009,36.5628327887339
3.7831787449060936,36.5550580148543
3.7826128491155924,36.54723519162222
3.7820471225955234,36.540342716802016
3.7814815652699503,36.5359031393634
3.780916177062981,36.53146356192478
3.7803509578987713,36.52702398448618
3.7797859077015183,36.512733046836935
3.779221026395468,36.507696284283895
3.77865631390491,36.50273989719396
3.7780917701541794,36.49790390562222
3.777527395067657,36.49306791405049
3.776963188569768,36.48823192247876
3.776399150584984,36.48339593090703
3.7758352810378204,36.478435583584144
3.775271579852838,36.470835708579855
3.774708046954642,36.46231135500685
3.7741446822678846,36.45378700143383
3.773581485717261,36.445262647860815
3.773018457227513,36.437694972130274
3.7724555967234257,36.430619752878684
3.77189290412983,36.423065045745176
3.771330379371602,36.41487725233
3.770768022373661,36.3995902621121
3.7702058330609725,36.37357286150518
3.7696438113585464,36.367443722157105
3.769081957191437,36.36131458280903
3.7685202704847445,36.3439664376445
3.767958751163612,36.34250078582227
3.7673973991532277,36.34127796162936
3.7668362143788263,36.340055137436444
3.7662751967656836,36.33960021617718
3.765714346239122,36.33966790825172
3.765153662724509,36.33973560032625
3.7645931461472544,36.33980329240079
3.7640327964328146,36.339870984475326
3.763472613506689,36.33550986318491
3.7629125972944224,36.33889700290541
3.7623527477216037,36.34314635064614
3.7617930647138635,36.34739569838686
3.7612335481968806,36.3513751826884
3.760674198096375,36.35531256551669
3.7601150143381132,36.35881729592067
3.7595559968479044,36.363527462629506
3.7589971455516022,36.36879959042628
3.758438460375104,36.375785661526436
3.757879941244353,36.38273634495067
3.757321588085333,36.38968702837492
3.7567634008240747,36.39663771179917
3.756205379386652,36.432009571208894
3.755647523699182,36.436158077555376
3.7550898336878262,36.44030658390186
3.754532309278791,36.44445509024833
3.7539749503983244,36.448603596594815
3.753417756972721,36.456670372351724
3.752860728928316,36.46192103408096
3.7523038661914896,36.46717169581019
3.751747168688667,36.47240657505592
3.751190636346316,36.51310633700186
3.750634269090947,36.52326740757917
3.7500780668491163,36.53342847815648
3.7495220295474216,36.54336370785565
3.7489661571125064,36.55312611158122
3.748410449471054,36.56288851530681
3.747854906549795,36.56980912168012
3.7472995282755015,36.575003381848774
3.7467443145749892,36.58019764201742
3.746189265375118,36.59132028589353
3.74563438060279,36.596373201032264
3.7450796601849516,36.60159341271063
3.744525104048592,36.60863281041634
3.7439707121207424,36.615672208122064
3.7434164843284794,36.62271160582779
3.7428624205989216,36.629870214717926
3.742308520859231,36.63712834998637
3.7417547850366124,36.644386485254806
3.7412012130583143,36.648476212713824
3.7406478048516276,36.65036495907133
3.7400945603438878,36.65225370542883
3.7395414794624693,36.65414245178634
3.7389885621347942,36.65603119814385
3.738435808288325,36.660926989672504
3.737883217850568,36.66168513444016
3.737330790749071,36.66189587323553
3.736778526911427,36.66114554525929
3.736226426265269,36.65926469540529
3.7356744887382765,36.65604180186436
3.7351227142581664,36.65125989953259
3.7345711027527027,36.646477997200805
3.7340196541496904,36.64232067846126
3.7334683683769776,36.63821415799129
3.732917245362455,36.634107637521325
3.7323662850340553,36.63000111705136
3.731815487319754,36.624631232305504
3.73126485214757,36.61907132750262
3.7307143794455633,36.613511422699716
3.7301640691418365,36.6070998330752
3.7296139211645354,36.6005204232862
3.729063935441848,36.59398740870565
3.728514111902004,36.587840761769826
3.7279644504732774,36.581694114833994
3.727414951083981,36.575547467898176
3.726865613662474,36.57104801308016
3.7263164381371534,36.56666775308706
3.725767424436462,36.550955237373444
3.725218572488883,36.53672023350853
3.7246698822229427,36.52606122478821
3.724121353567208,36.51472029500753
3.7235729864502902,36.49835389608484
3.7230247808008405,36.47250208643993
3.722476736547554,36.45721293311665
3.721928853619165,36.42901900392407
3.7213811319444514,36.41650531289734
3.7208335714522347,36.40021270472193
3.7202861720713756,36.38265418486106
3.7197389337307776,36.3650956650002
3.719191856359387,36.35218097582583
3.7186449398861896,36.33975060980488
3.7180981842402168,36.327320243783944
3.7175515893505366,36.31727154467443
3.717005155146263,36.31038531994
3.7164588815565494,36.303499095205574
3.7159127685105915,36.296612870471144
3.7153668159376276,36.28972664573671
3.7148210237669357,36.28284042100228
3.7142753919278366,36.27195009924996
3.713729920349693,36.25766577254301
3.713184608961907,36.24338144583606
3.712639457693925,36.191238356020776
3.7120944664752313,36.18393156471289
3.711549635235356,36.176688993131
3.711004963903867,36.16944642154911
3.710460452410375,36.16220384996721
3.709916100684531,36.155098523095894
3.709371908656031,36.14759529343643
3.708827876254605,36.13787810102094
3.7082840034100317,36.12816090860544
3.7077402900521266,36.12443382819843
3.7071967361107476,36.11444919466747
3.706653341515794,36.10426538463095
3.7061101061972055,36.096250435308185
3.7055670300849637,36.09361102987522
3.7050241131090913,36.09092414210526
3.70448135519965,36.0882372543353
3.7039387562867447,36.08537715784048
3.703396316300521,36.082296385827824
3.702854035171164,36.079215613815165
3.702311912828901,36.07373537292973
3.701769949204,36.06798910675477
3.701228144226769,36.05986011786111
3.7006864978275593,36.054312720202404
3.7001450099367585,36.05000606596427
3.6996036804847985,36.04569941172615
3.6990625094021508,36.041392757488026
3.698521496619328,36.015827275155885
3.697980642066883,36.014716504537304
3.697439945675409,36.01360573391872
3.69689940737554,36.012494963300156
3.6963590270979516,36.011384192681575
3.6958188047733582,36.010273422062994
3.6952787403325154,36.00916265144441
3.6947388337062192,36.00805188082584
3.694199084825307,36.00694111020726
3.6936594936206553,36.006806404994535
3.693120060023182,35.99802300931791
3.692580783963844,35.99706354868852
3.6920416653736408,35.99581404897786
3.691502704183609,35.99424172032923
3.690963900324828,35.99273253278598
3.690425253728417,35.99118377650825
3.689886764325534,35.988755961224086
3.6893484320473795,35.98122781973807
3.688810256825192,35.97748984115064
3.6882722385902516,35.973751862563205
3.687734377273878,35.97140865055231
3.6871966728074304,35.96971392212811
3.6866591251223078,35.967559629616744
3.6861217341499506,35.963909263704494
3.6855844998218386,35.95969341272581
3.6850474220694913,35.95519879559484
3.6845105008244676,35.95070417846385
3.6839737360183675,35.94788710114235
3.683437127582831,35.94531131263855
3.682900675449535,35.942735524134754
3.6823643795501995,35.94015973563096
3.6818282398165834,35.93637938564702
3.6812922561804844,35.930937563420215
3.680756428573741,35.92524811746467
3.6802207569282306,35.91955867150912
3.679685241175871,35.91386922555357
3.6791498812486196,35.907960748244804
3.6786146770784716,35.90099143345236
3.6780796285974637,35.89400144112779
3.6775447357376723,35.88742435035338
3.6770099984312115,35.882943542926306
3.676475416610237,35.87846273549924
3.675940990206942,35.87398192807217
3.675406719153561,35.85376692832654
3.6748726033823664,35.848778009651
3.6743386428256706,35.84378909097546
3.6738048374158248,35.83880017229991
3.6732711870852204,35.833811253624376
3.6727376917662875,35.828822334948825
3.6722043513914957,35.809489259605485
3.671671165893353,35.80421657850988
3.6711381352044086,35.7746857052784
3.670605259257249,35.7669661025502
3.6700725379845,35.759246499822
3.6695399713188266,35.751526897093804
3.6690075591929334,35.74358620199358
3.6684753015395644,35.73104550007635
3.667943198291501,35.71522668462855
3.667411249381566,35.69940786918073
3.666879454742619,35.6881502710492
3.6663478143075596,35.68084731739493
3.6658163280093254,35.673544363740646
3.665284995780894,35.666241410086364
3.664753817555281,35.65893845643208
3.6642227932655413,35.6516355027778
3.663691922844769,35.63379474696118
3.6631612062260963,35.61756552937651
3.662630643342694,35.601336311791854
3.6621002341277724,35.58515719486357
3.661569978514579,35.573729875435184
3.661039876436402,35.56242284468859
3.660509927826566,35.55111581394199
3.6599801326184362,35.5398087831954
3.659450490745416,35.527639750346
3.658921002140946,35.513445799076806
3.6583916667385066,35.49927604900256
3.6578624844716168,35.485106298928336
3.657333455273832,35.47093654885409
3.656804579078749,35.41550167706015
3.656275855820001,35.40710283803136
3.6557472854312603,35.39870399900257
3.6552188678462376,35.39030515997378
3.654690602998681,35.381906320944985
3.654162490822379,35.37378728424707
3.6536345312511567,35.366039940865015
3.653106724218876,35.358292597482944
3.6525790696594407,35.35054525410088
3.6520515675067897,35.342797910718815
3.6515242176949014,35.335174439119186
3.6509970201577926,35.32767548506778
3.6504699748295173,35.32017653101637
3.6499430816441683,35.312794780350245
3.649416340535877,35.305472657780896
3.6488897514388094,35.29815053521153
3.648363314287174,35.287808582056144
3.6478370290152147,35.2770441054494
3.647310895557214,35.26627962884265
3.646784913847493,35.25555256375056
3.6462590838204085,35.244945659432986
3.6457334054103576,35.18951154286009
3.645207878551775,35.18199030244557
3.6446825031791303,35.17446906203105
3.6441572792269343,35.17030967325227
3.643632206629734,35.162257232051275
3.6431072853221145,35.15041710587714
3.642582515238698,35.13648490021549
3.6420578963141454,35.122552694553846
3.641533428483154,35.10959986242341
3.641009111680461,35.097532150052615
3.6404849458408366,35.08546443768181
3.6399609308990937,35.07468434883262
3.63943706679008,35.06780318024326
3.638913353448681,35.0609220116539
3.63838979080982,35.05398440471329
3.6378663788084578,35.04603071062975
3.6373431173795923,35.03802941340113
3.6368200064582594,35.03001555452374
3.636297045979531,35.02124892463647
3.635774235878518,35.01017757520684
3.635251576090367,34.99776069386847
3.634729066550264,34.985910142192
3.6342067071934303,34.97463381996982
3.6336844979551253,34.965609155031885
3.633162438770645,34.95648634027415
3.632640529575325,34.94702686819697
3.632118770304533,34.9375673961198
3.6315971608936786,34.89877199404812
3.6310757012782067,34.891187321366985
3.6305543913935994,34.88343329936107
3.630033231175376,34.87584536505672
3.629512220559092,34.87125814854193
3.628991359480341,34.86667093202715
3.628470647874754,34.86208371551236
3.627950085677996,34.856098477135575
3.6274296728257722,34.84986173530169
3.6269094092538237,34.8436249934678
3.6263892948979275,34.83781151151702
3.6258693296938986,34.83353500360624
3.625349513577588,34.829258495695456
3.624829846484884,34.82498198778467
3.6243103283517124,34.820705479873894
3.623790959114033,34.817743786169345
3.6232717387078455,34.81515318029298
3.622752667069184,34.81256257441661
3.6222337441341206,34.79102073518302
3.621714969838764,34.78128173859271
3.621196344119258,34.773679282478696
3.6206778669117847,34.769887491318755
3.6201595381525626,34.766095700158814
3.6196413577778452,34.76134930877649
3.619123325723924,34.755656340935545
3.6186054419271256,34.75489845912165
3.618087706323815,34.754199943803485
3.6175701188503924,34.753501428485336
3.617052679443294,34.75280291316717
3.6165353880389928,34.75217658834051
3.6160182445739992,34.751898949287
3.6155012489848577,34.75256365084766
3.6149844012081505,34.753228352408314
3.614467701180496,34.75373265077366
3.613951148838549,34.753807392885236
3.613434744119,34.75353975411841
3.6129184869585753,34.754137179396224
3.612402377294039,34.75539433251322
3.61188641506219,34.75665148563021
3.6113706001998622,34.758041647999775
3.6108549326439285,34.759321914431965
3.610339412331295,34.76060218086417
3.6098240391989065,34.76188244729636
3.609308813183741,34.76316271372856
3.6087937342228154,34.76444298016075
3.6082788022531793,34.765982912887395
3.607764017211922,34.76753440876392
3.607249379036165,34.7687273931099
3.6067348876630674,34.772518627106564
3.6062205430298246,34.77538035654542
3.605706345073667,34.77696629276993
3.6051922937318617,34.77848097836759
3.6046783889417098,34.779473244514676
3.6041646306405504,34.780465510661756
3.603651018765757,34.78145777680884
3.6031375532547387,34.78093981697155
3.6026242340449404,34.78070559772302
3.6021110610738427,34.780993101738105
3.601598034278963,34.78128060575319
3.601085153597852,34.79540678120995
3.6005724189680977,34.79658017173769
3.6000598303273232,34.797753562265434
3.5995473876131876,34.79892695279318
3.599035090763384,34.79635521470662
3.5985229397156417,34.79484699203596
3.5980109344077267,34.79695087329651
3.5974990747774385,34.79965839563965
3.596987360762613,34.80236591798281
3.5964757923011215,34.805073440325955
3.5959643693308707,34.807062518816295
3.5954530917898024,34.80886695672551
3.594941959615893,34.81067139463472
3.594430972747155,34.812475832543925
3.593920131121636,34.81427391296273
3.593409434677419,34.81598891892129
3.5928988833526216,34.81770392487985
3.592388477085397,34.81636242603986
3.591878215813934,34.81415015067636
3.591368099476456,34.824182387374364
3.5908581280112206,34.82689136587773
3.5903483013565216,34.82960034438108
3.589838619450688,34.832309322884434
3.5893290822320827,34.83177014167761
3.588819689639105,34.82807909850009
3.588310441610188,34.82382028366
3.5878013380838,34.81956146881991
3.5872923789984457,34.811105502673286
3.586783564292661,34.801296245486014
3.586274893905021,34.79084105001239
3.5857663677741334,34.78032064014849
3.58525798583864,34.77112013357835
3.5847497480372192,34.76991239968767
3.5842416543085838,34.77189566356811
3.58373370459148,34.77387892744855
3.5832258988246903,34.77564227141103
3.5827182369470303,34.77723316084429
3.5822107188973518,34.778824050277564
3.5817033446145405,34.78041493971082
3.581196114037517,34.7820058291441
3.5806890271052363,34.78336453647891
3.580182083756688,34.78470965645215
3.579675283930896,34.78605477642539
3.5791686275669203,34.78635856125811
3.5786621146038518,34.78568137642641
3.5781557449808195,34.784635868539816
3.5776495186369854,34.78359036065322
3.577143435511546,34.78254485276663
3.5766374955437317,34.78149934488003
3.5761316986728082,34.780453836993445
3.5756260448380757,34.779520924447
3.575120533978868,34.77956466264773
3.574615166034552,34.77960840084847
3.5741099409445316,34.734059823720045
3.573604858648243,34.73363795771326
3.573099919085158,34.75141277665243
3.572595122194781,34.74859000374851
3.572090467916652,34.74576723084459
3.5715859561903436,34.742944457940666
3.5710815869554655,34.740121685036755
3.5705773601516575,34.73729891213283
3.5700732757185962,34.7344761392289
3.5695693335959913,34.73550327490171
3.5690655337235873,34.700755861416184
3.568561876041162,34.690149341771985
3.5680583604885276,34.67923669724711
3.5675549870055305,34.66840274510618
3.5670517555320496,34.66571226583051
3.5665486660079986,34.663021786554836
3.566045718373326,34.66033130727916
3.565542912568013,34.66658955527021
3.565040248532075,34.66361287252744
3.5645377262055615,34.66063618978466
3.5640353455285565,34.63139828153051
3.5635331064411746,34.62963664957415
3.5630310088835677,34.6278750176178
3.56252905279592,34.62611338566143
3.5620272381184495,34.62435175370507
3.561525564791408,34.622590121748715
3.56102403275508,34.62082848979235
3.560522641949786,34.61934688157307
3.5600213923158774,34.61810698592327
3.559520283793741,34.61686709027347
3.5590193163237958,34.61467420801187
3.558518489846495,34.61198500717987
3.5580178043023265,34.60930898130736
3.5575172596318096,34.60663295543485
3.5570168557754984,34.60321665801081
3.5565165926739795,34.60019506373871
3.556016470267875,34.59717346946661
3.555516488497837,34.59415187519451
3.5550166473045537,34.591130280922414
3.5545169466287456,34.58804531929563
3.554017386411167,34.58477553094748
3.5535179665926053,34.58203673869666
3.5530186871138807,34.57929794644585
3.5525195479158476,34.57553845861692
3.5520205489393923,34.5721512061402
3.5515216901254365,34.570243943314814
3.551022971414932,34.56833668048943
3.550524392748866,34.56642941766404
3.5500259540682593,34.56553009445607
3.5495276553141633,34.56475095324665
3.5490294964276647,34.56397181203723
3.548531477349883,34.56347724491155
3.54803359802197,34.56289271121206
3.54753585838511,34.56230817751258
3.547038258380522,34.55613344608581
3.5465407979494565,34.55451893393922
3.5460434770331983,34.553067463500284
3.545546295573064,34.55175469842467
3.545049253510404,34.55044193334906
3.5445523507865997,34.54906903246964
3.544055587343068,34.547512993020284
3.543558963121258,34.546092063551825
3.543062478062649,34.545242263927
3.5425661321087563,34.54439246430217
3.542069925201126,34.54354266467734
3.541573857281339,34.5426928650525
3.541077928291006,34.54193365707117
3.5405821381717733,34.54129420455174
3.540086486865319,34.54065475203231
3.5395909743133513,34.54001529951287
3.539095600457615,34.53937584699345
3.5386003652398843,34.538909824976116
3.538105268601969,34.53870349325099
3.5376103104857086,34.53849716152587
3.537115490832977,34.538290829800744
3.53662080958568,34.53785007976218
3.536126266685755,34.53735140653997
3.5356318620751748,34.53685273331776
3.5351375956959403,34.532569116727586
3.5346434674900884,34.527367361770544
3.534149477399686,34.522165606813516
3.533655625366835,34.516016340049994
3.5331619113336674,34.508696595023196
3.5326683352423482,34.50015673891747
3.532174897035076,34.48975231968393
3.5316815966540784,34.48663836180566
3.531188434041619,34.483524403927404
3.530695409139991,34.480410446049135
3.5302025218915216,34.477445073805015
3.5297097722385695,34.47482985195262
3.529217160123525,34.47218601614449
3.5287246854888115,34.464435635557585
3.528232348276884,34.46375960972655
3.52774014843023,34.463083583895525
3.5272480858913684,34.4624075580645
3.5267561606028504,34.46169984922531
3.5262643725072595,34.46043069052749
3.5257727215472117,34.459161531829665
3.525281207665354,34.45789237313184
3.524789830804366,34.456865185784324
3.5242985909069597,34.456274415955605
3.5238074879158767,34.455683646126886
3.5233165217738938,34.455092876298174
3.522825692423817,34.454502106469455
3.5223349998084865,34.45391133664074
3.521844443870772,34.453604331672324
3.5213540245535766,34.45394192324532
3.5208637417998347,34.454031031891056
3.520373595552513,34.45341629216138
3.519883585754609,34.4541188109135
3.519393712349152,34.45586377549833
3.5189039752792035,34.45760874008317
3.5184143744878575,34.47649172066956
3.517924909918238,34.47875979148638
3.517435581513501,34.48101838242949
3.516946389216836,34.48299606969736
3.516457332971462,34.48497375696523
3.515968412720629,34.48682689499924
3.515479628407621,34.48841077935114
3.514990979975752,34.48999466370306
3.5145024673683682,34.49157854805496
3.514014090528846,34.490844665042516
3.513525849400595,34.48853898602667
3.5130377439270553,34.48902839882439
3.512549774051698,34.49156734142322
3.5120619397180275,34.50780619057352
3.5115742408695767,34.51723106454746
3.5110866774499114,34.52032840500192
3.51059924940263,34.52342574545637
3.51011195667136,34.523438499857235
3.509624799199761,34.523260985224965
3.509137776931525,34.52346113302461
3.508650889810374,34.524325845660044
3.5081641377800605,34.52519055829546
3.50767752078437,34.5260552709309
3.507191038767118,34.52810007049028
3.506704691672152,34.55862974142184
3.50621847944335,34.56395458938569
3.505732402024621,34.569279437349536
3.505246459359906,34.57456188751219
3.5047606513931764,34.5762135030528
3.5042749780684352,34.57786511859342
3.5037894393297147,34.579081442808786
3.50330403512108,34.579718427508936
3.502818765386627,34.58035541220907
3.5023336300704817,34.58099239690922
3.5018486291168025,34.58251324893533
3.501363762469777,34.581613790013506
3.5008790300736257,34.57299322606511
3.5003944318725977,34.572499691970265
3.499909967810974,34.56940626393657
3.4994256378330673,34.56400438646942
3.4989414418832196,34.55497585605522
3.4984573799058056,34.54435720112711
3.4979734518452283,34.531968124671934
3.497489657645924,34.51873828859769
3.4970059972523573,34.51181903047192
3.4965224706090265,34.50572764323006
3.496039077660457,34.49963625598819
3.495555818351207,34.46505522825224
3.495072692625866,34.48109457295833
3.4945897004290525,34.486727155451725
3.494106841705417,34.489822912587044
3.493624116399639,34.49291866972236
3.4931415244564303,34.496014426857684
3.4926590658205314,34.496798626621455
3.4921767404367148,34.49734701448698
3.491694548249783,34.4978954023525
3.4912124892045693,34.49844379021801
3.490730563245937,34.49899217808353
3.49024877031878,34.49954056594905
3.4897671103680223,34.49936214459248
3.489285583338619,34.51156970016002
3.488804189175556,34.510332577937334
3.4883229278238472,34.50909545571464
3.487841799228539,34.50721674133412
3.4873608033347074,34.50385341284769
3.486879940087459,34.49894887383853
3.4863992094319305,34.4931914118464
3.4859186113132887,34.48743394985428
3.4854381456767314,34.48164752310676
3.484957812467485,34.47379440693635
3.4844776116308074,34.46594129076594
3.483997543111986,34.45808817459553
3.4835176068563394,34.43714955922971
3.483037802809215,34.4237865901528
3.4825581309159914,34.422329981957816
3.482078591122076,34.42087337376283
3.481599183372908,34.418465768013924
3.481119907613956,34.4158092140815
3.4806407637907166,34.413114280440794
3.4801617518487196,34.41041934680008
3.479682871733522,34.407724413159386
3.4792041233907134,34.405029479518674
3.4787255067659117,34.40233454587798
3.4782470218047643,34.399639612237266
3.4777686684529505,34.39635973169928
3.477290446656177,34.39193045279095
3.4768123563601816,34.38629203564212
3.476334397510733,34.379166864247836
3.475856570053627,34.3724579572444
3.4753788739346922,34.366239337398305
3.474901309099785,34.36002071755221
3.474423875494792,34.33023109566555
3.4739465730656303,34.31457912783074
3.4734694017582464,34.30932324028806
3.4729923615186147,34.30517867126036
3.4725154522927415,34.301034102232656
3.472038674026662,34.296889533204954
3.471562026666441,34.292744964177245
3.471085510158174,34.2764351838939
3.470609124447983,34.27328756911701
3.470132869482024,34.27013995434012
3.469656745206479,34.266992339563224
3.46918075156756,34.26314458249364
3.46870488851151,34.258716011687724
3.4682291559846004,34.25428744088181
3.467753553933133,34.24985887007589
3.4672780823034377,34.24543029926998
3.4668027410418754,34.241001728464056
3.466327530094835,34.23657315765814
3.4658524494087355,34.20347438637006
3.4653774989300254,34.19490396409093
3.4649026786051813,34.186333541811806
3.464427988380711,34.17776311953267
3.463953428203151,34.170540320641564
3.4634789980190663,34.16417306386964
3.4630046977750517,34.15697575432046
3.4625305274177323,34.149778444771286
3.4620564868937596,34.142581135222116
3.4615825761498167,34.13538382567293
3.4611087951326156,34.12818651612376
3.4606351437888967,34.11963465593652
3.4601616220654305,34.10881883848489
3.459688229909016,34.09470744535595
3.459214967266482,34.08280870700696
3.4587418340846843,34.07315277577857
3.4582688303105114,34.06375335038336
3.457795955890876,34.054433329251644
3.457323210772725,34.04511330811994
3.456850594903031,34.03579328698822
3.456378108228796,34.02883207575158
3.455905750697052,34.02158707311585
3.4554335222548596,34.01332032422057
3.4549614228493084,34.0058993626639
3.454489452427515,33.99969261486343
3.4540176109366283,33.994225054436804
3.4535458983238234,33.98903329073056
3.4530743145363054,33.98577093324447
3.4526028595213076,33.98231213769186
3.452131533226093,33.978379570933825
3.4516603355979534,33.974232842357004
3.4511892665842074,33.96948221953877
3.450718326132206,33.96473159672054
3.4502475141893245,33.959980973902304
3.4497768307029704,33.95523035108407
3.449306275620578,33.95047972826583
3.4488358488896114,33.91768731311758
3.448365550457563,33.915856260424704
3.4478953802719534,33.913902339037236
3.4474253382803335,33.909906224661654
3.446955424430279,33.90591011028607
3.4464856386693983,33.90227004043301
3.4460159809453264,33.899122014843826
3.445546451205727,33.89597398925464
3.445077049398292,33.89282596366546
3.4446077754707436,33.890060711400395
3.44413862937083,33.88725704246832
3.443669611046329,33.883046079262286
3.443200720445048,33.87883511605626
3.44273195751482,33.87483638431934
3.4422633222035093,33.87396193218613
3.4417948144590067,33.87403266137001
3.441326434229232,33.87384439863705
3.4408581814621337,33.87298808653121
3.4403900561056884,33.87213177442537
3.439922058107901,33.87127546231952
3.439454187416804,33.87041915021368
3.4389864439804585,33.870500296831516
3.4385188277469547,33.87102944491511
3.4380513386644105,33.87160812075602
3.4375839766809717,33.87364542096856
3.4371167417448127,33.87568272118109
3.436649633804136,33.87772002139363
3.4361826528071715,33.87929209423049
3.4357157987021796,33.8806304277724
3.4352490714374446,33.88196876131431
3.434782470961283,33.88330709485622
3.4343159972220376,33.88736219176947
3.433849650168079,33.891682190644545
3.4333834297478067,33.89139985456886
3.4329173359096474,33.88512957504044
3.4324513686020577,33.87885929551201
3.4319855277735183,33.87258901598358
3.4315198133725415,33.86559133310505
3.4310542253476664,33.853629947522705
3.4305887636474597,33.8412556653232
3.430123428220516,33.828427956195476
3.4296582190154585,33.82032070889686
3.4291931359809373,33.81813569746049
3.428728179065631,33.81623840222396
3.4282633482182465,33.81423059472054
3.427798643387517,33.810727421801815
3.427334064522204,33.80533874061967
3.4268696115710986,33.79995005943752
3.4264052844830166,33.79459222387976
3.4259410832068045,33.789254467173706
3.425477007691334,33.78391671046764
3.425013057885507,33.77791720574808
3.4245492337382504,33.77642784538857
3.4240855351985204,33.77531924993966
3.4236219622153006,33.77421065449077
3.4231585147376022,33.773102059041875
3.4226951927144644,33.77199346359298
3.4222319960949528,33.77088486814408
3.4217689248281618,33.770224733326025
3.4213059788632125,33.76982198757463
3.420843158149255,33.76941924182323
3.4203804626354644,33.76882304919592
3.419917892271045,33.76780558652464
3.4194554470052285,33.76368563083372
3.4189931267872735,33.75918489018093
3.418530931566467,33.754205695440106
3.4180688612921224,33.748671357258075
3.4176069159135816,33.743137019076045
3.417145095380212,33.70689814524907
3.4166833996414097,33.69250595399211
3.416221828646598,33.677379558229035
3.4157603823452285,33.664832589748926
3.4152990606867784,33.65733399883095
3.4148378636207526,33.65233481592044
3.4143767910966836,33.647335633009945
3.413915843064132,33.64233645009944
3.4134550194726843,33.63719691419249
3.412994320271954,33.632035373859324
3.4125337454115834,33.626743805306546
3.4120732948412407,33.62145211397936
3.411612968510621,33.61616042265217
3.411152766369448,33.610868731324985
3.4106926883674715,33.60452177817378
3.410232734454469,33.59783065424286
3.4097729045802434,33.59007387917512
3.409313198694627,33.582317104107375
3.4088536167474777,33.57456032903964
3.408394158688681,33.54605920769653
3.407934824468149,33.54042476518121
3.407475614035821,33.53479032266588
3.407016527341664,33.52915588015054
3.406557564335671,33.52352143763522
3.406098724967862,33.517886995119895
3.405640009188284,33.512252552604565
3.405181416947011,33.504441850582666
3.404722948194144,33.49208413691274
3.4042646028798114,33.47972642324281
3.4038063809541668,33.468505726268745
3.403348282367393,33.46051260947484
3.402890307069698,33.45298132618032
3.402432455011316,33.445506089417314
3.401974726142509,33.438030852654315
3.4015171204135664,33.43055561589131
3.4010596377748032,33.422876346174576
3.4006022781765615,33.413980269449056
3.4001450415692105,33.40498924279054
3.399687927903145,33.395998216132014
3.3992309371287877,33.38700718947349
3.3987740691965884,33.37801616281497
3.3983173240570204,33.367898060809935
3.397860701660587,33.355854580807815
3.397404201957817,33.343811100805695
3.3969478248992653,33.331767620803575
3.3964915704355136,33.30658461795502
3.396035438517171,33.29807095144504
3.3955794290948726,33.29254387348618
3.3951235421192782,33.28701679552732
3.3946677775410774,33.28148971756847
3.3942121353109833,33.27596263960961
3.3937566153797376,33.27043556165076
3.3933012176981077,33.2649084836919
3.3928459422168866,33.258288257286196
3.392390788886895,33.25137748987634
3.3919357576589793,33.24446672246648
3.3914808484840124,33.23755595505662
3.3910260613128935,33.23064518764676
3.3905713960965476,33.222276474695036
3.390116852785927,33.21234553586784
3.38966243133201,33.20241459704066
3.389208131685801,33.19248365821346
3.388753953798331,33.18255271938628
3.3882998976206564,33.14141087702892
3.3878459631038607,33.13540230124434
3.387392150199053,33.1281356559533
3.386938458857369,33.12234501242891
3.386484889029971,33.11655436890451
3.3860314406680456,33.110763725380124
3.3855781137228087,33.104764152411235
3.385124908145499,33.098591003622616
3.384671823887383,33.092417854834004
3.3842188608997548,33.086244706045385
3.3837660191339305,33.08007155725677
3.3833132985412555,33.07389840846815
3.3828606990731007,33.06358710005354
3.382408220680862,33.05321648629712
3.3819558633159623,33.0428458725407
3.38150362692985,33.03455123566861
3.381051511474001,33.02773758955321
3.3805995168999137,33.02082565049747
3.380147643159115,33.013515040983435
3.3796958902031573,33.00676972450355
3.3792442579836193,33.00059664877728
3.378792746452105,32.994423573051016
3.3783413555602437,32.98825049732475
3.3778900852596916,32.98281471263846
3.37743893550213,32.97504276146285
3.376987906239268,32.96310852335405
3.376536997422836,32.951174285245244
3.376086209004595,32.94255684891086
3.3756355409363286,32.934003202731574
3.375184993169848,32.92544955655229
3.3747345656569894,32.916895910373
3.3742842583496144,32.90834226419371
3.373834071199611,32.8998611550947
3.373384004158892,32.895214966145545
3.3729340571793966,32.89021488108976
3.3724842302130895,32.88499483904113
3.3720345232119606,32.87977479699249
3.3715849361280257,32.87455475494386
3.371135468913326,32.87049502535091
3.3706861215199293,32.8664779221543
3.370236893899927,32.861872869695716
3.369787786005439,32.85726781723713
3.3693387977886067,32.85266276477854
3.3688899292016004,32.84805771231995
3.368441180196614,32.84345265986136
3.3679925507258677,32.83982591298242
3.367544040741607,32.83653971056687
3.367095650196103,32.83325350815133
3.3666473790416527,32.829967305735785
3.3661992272305765,32.82675064370066
3.3657511947152217,32.82361720200241
3.3653032814479613,32.82048376030415
3.364855487381193,32.81010325066408
3.3644078124673396,32.80784578740679
3.3639602566588502,32.805588324149504
3.3635128199081983,32.80370858006532
3.3630655021678826,32.80252842479899
3.3626183033904287,32.80194445187243
3.362171223528384,32.80136047894587
3.3617242625343247,32.800776506019304
3.361277420360851,32.80019253309273
3.360830696960587,32.800038413532434
3.3603840922861843,32.800073297680356
3.3599376062903175,32.800183957659314
3.359491238925689,32.80029461763826
3.359044990145022,32.80774443678678
3.358598859901069,32.80877639969019
3.3581528481466063,32.8098083625936
3.3577069548344345,32.8113564849426
3.35726117991738,32.81313443862703
3.3568155233482937,32.814346786712804
3.356369985080052,32.815422326249326
3.355924565065557,32.81652099459765
3.355479263257734,32.81764619622633
3.355034079609535,32.818771397855
3.354589014073935,32.819896599483684
3.3541440666039364,32.82102180111236
3.353699237152565,32.82197773984394
3.3532545256728716,32.82280824465705
3.3528099321179323,32.823638749470156
3.3523654564408485,32.82446925428326
3.3519210985947447,32.82529975909637
3.351476858532772,32.82613026390948
3.351032736208106,32.83191140504223
3.3505887315739464,32.83453970530576
3.3501448445835185,32.83716800556929
3.349701075190072,32.83979630583282
3.3492574233468817,32.84075908441345
3.3488138890072463,32.84043067721455
3.3483704721244907,32.83960023912905
3.347927172651963,32.83876980104355
3.347483990543036,32.83793936295805
3.347040925751109,32.83710892487255
3.346597978229604,32.83627848678705
3.346155147931969,32.834035717135684
3.345712434811676,32.82861590673868
3.3452698388222215,32.82318378585546
3.3448273599171268,32.817751664972235
3.344384998049938,32.8147572400507
3.343942753174225,32.81281825315797
3.3435006252435833,32.81087926626523
3.3430586142116328,32.8089402793725
3.3426167200320167,32.80700129247977
3.342174942658404,32.80506230558703
3.3417332820444883,32.80312331869429
3.341291738143987,32.800642815138566
3.3408503109106413,32.79835212311592
3.340409000298218,32.792859160307785
3.3399678062605083,32.787366197499644
3.3395267287513275,32.78187323469151
3.3390857677245145,32.776380271883376
3.3386449231339346,32.77094266408853
3.3382041949334758,32.76556794524752
3.33776358307705,32.76019322640651
3.337323087518595,32.75296335366076
3.3368827082120727,32.74707048171152
3.3364424451114676,32.74117760976227
3.3360022981707904,32.736676209548655
3.3355622673440757,32.733386224944255
3.335122352585381,32.73009624033985
3.33468255384879,32.72680625573544
3.33424287108841,32.72323850030435
3.3338033042583706,32.719151237992506
3.333363853312828,32.71506397568066
3.3329245182059615,32.71097671336881
3.332485298891975,32.704676616122235
3.332046195325096,32.69817527169047
3.331607207459577,32.69391754709228
3.331168335249694,32.68965982249411
3.330729578649746,32.685402097895924
3.3302909376140586,32.67973661503099
3.3298524120969786,32.67134779547118
3.3294140020528795,32.662958975911366
3.3289757074361574,32.654570156351554
3.328537528201232,32.64578088433751
3.3280994643025483,32.63630284987216
3.327661515694574,32.62642280927273
3.3272236823318027,32.61654276867331
3.3267859641687485,32.606662728073886
3.326348361159953,32.552676932179395
3.32591087325998,32.53345228134895
3.325473500423417,32.525812362152706
3.325036242604876,32.51816563021773
3.324599099758993,32.510518898282754
3.3241620718404286,32.50287216634778
3.323725158803864,32.4952254344128
3.3232883606040073,32.487578702477826
3.32285167719559,32.47993197054285
3.3224151085333666,32.47228087381891
3.3219786545721153,32.46288258393405
3.3215423152666395,32.45355170600096
3.321106090571764,32.44422082806787
3.3206699804423394,32.436342174977895
3.32023398483324,32.42867489509393
3.319798103699361,32.42100761520995
3.319362336995625,32.41334033532598
3.318926684676976,32.405673055442
3.3184911466983817,32.398005775558026
3.318055723014835,32.39033849567406
3.3176204135813507,32.3825043365515
3.317185218352969,32.36355546395213
3.3167501372847505,32.337605049492886
3.316315170331783,32.31801802433577
3.3158803174491753,32.3034687280323
3.315445578592062,32.289664100952564
3.315010953715599,32.275861928424256
3.314576442774967,32.252201274289256
3.31414204572537,32.22596620163124
3.3137077625220352,32.210676969431624
3.313273593120214,32.17010222095544
3.31283953747518,32.15679066187548
3.3124055955422302,32.143479102795524
3.3119717672766873,32.131067898860465
3.3115380526338947,32.118833430375894
3.311104451569221,32.10659896189132
3.310670964038057,32.09271483207987
3.3102375899958183,32.04752873276297
3.309804329397941,32.037854163192186
3.309371182199888,32.02817959362141
3.308938148357144,32.02035670122573
3.308505227825216,32.01477869179048
3.3080724205596352,32.00920068235524
3.307639726515957,32.00362267292001
3.3072071456497585,31.99804466348477
3.306774677916641,31.990868858233718
3.306342323272229,31.982805893187727
3.3059100816721685,31.974742928141737
3.3054779530721308,31.966539193209158
3.3050459374278103,31.95755635321948
3.304614034694923,31.948573513229803
3.3041822448292093,31.939590673240122
3.303750567786433,31.931298417524367
3.30331900352238,31.92401553526319
3.3028875519928587,31.916732653002008
3.3024562131537025,31.909449770740824
3.302024986960767,31.902148368278127
3.3015938733699306,31.89481622381807
3.301162872337095,31.88797246073638
3.300731983818185,31.881828425396222
3.3003012077691483,31.876166472439188
3.299870544145955,31.871411887980052
3.2994399929046,31.866657303520917
3.299009554001098,31.861902719061774
3.2985792273914902,31.85574764904618
3.2981490130318383,31.84685250782183
3.297718910878228,31.83795736659748
3.2972889208867677,31.829062225373136
3.2968590430135887,31.82328251700359
3.296429277214845,31.81812802298907
3.295999623446713,31.812973528974545
3.295570081665393,31.807858458036872
3.295140651827107,31.804688696003975
3.2947113338881016,31.80190574448305
3.2942821278046437,31.799122792962127
3.2938530335330256,31.796339841441203
3.29342405102956,31.78620805632205
3.292995180250584,31.78723298482134
3.2925664211524577,31.788257913320628
3.2921377736915614,31.78928284181992
3.2917092378243007,31.79030777031921
3.291280813507103,31.790032308249664
3.290852500696418,31.792384857218774
3.2904242993487194,31.79473740618789
3.2899962094205013,31.81642244039446
3.2895682308682836,31.82197212989333
3.289140363648605,31.827521819392196
3.2887126077180295,31.83230100172463
3.2882849630331434,31.835813904544388
3.287857429550555,31.839326807364138
3.2874300072268947,31.842839710183895
3.2870026960188166,31.846352613003646
3.286575495882997,31.849865515823403
3.286148406776134,31.8536595883538
3.2857214286549494,31.860177501432638
3.2852945614761864,31.867014768648538
3.2848678051966105,31.874263480150635
3.284441159773011,31.88151219165273
3.284014625162199,31.88876090315482
3.2835882013210074,31.895798098105786
3.2831618882062923,31.90083250270393
3.2827356857749326,31.90595983685028
3.2823095939838276,31.91124252852172
3.281883612789901,31.91652522019316
3.2814577421500988,31.921807911864605
3.2810319820213873,31.927090603536044
3.280606332360758,31.932373295207487
3.2801807931252225,31.93949962541307
3.279755364271815,31.951693101115517
3.2793300457575936,31.96461729311404
3.2789048375396375,31.989460473794423
3.278479739575047,32.03440992245558
3.2780547518209464,32.041419982238835
3.277629874234482,32.048430042022105
3.2772051067728216,32.0538343305815
3.2767804493931556,32.0591799747031
3.2763559020526967,32.06452561882469
3.27593146470868,32.069871262946286
3.2755071373183613,32.07521690706788
3.275082919839021,32.08056255118947
3.2746588122279587,32.08590819531108
3.2742348144424986,32.09996508901301
3.273810926439986,32.12601877300572
3.2733871481777888,32.13780596465969
3.272963479613296,32.14500175969505
3.272539920703919,32.15219755473041
3.2721164714070925,32.159393349765764
3.2716931316802706,32.16658914480113
3.2712699014809314,32.17378493983649
3.2708467807665755,32.18116034679268
3.2704237694947236,32.188575310692706
3.2700008676229197,32.195990274592724
3.2695780751087296,32.205092977236426
3.269155391909741,32.214348667768036
3.2687328179835626,32.223501466557764
3.268310353287826,32.230450548483844
3.2678879977801847,32.23857110817096
3.2674657514183134,32.246741765659976
3.2670436141599097,32.25491242314899
3.266621585962693,32.263083080638
3.266199666784402,32.26863048503094
3.265777856582802,32.27411230839609
3.2653561553156756,32.27959413176124
3.2649345629408293,32.28569503572785
3.264513079416091,32.29184701867851
3.2640917046993105,32.29791514803799
3.2636704387483597,32.30373219935416
3.2632492815211314,32.30954925067033
3.2628282329755405,32.315366301986494
3.262407293069525,32.321183353302665
3.2619864617610412,32.32700040461883
3.261565739008071,32.36585120909016
3.2611451247686145,32.37447196026942
3.2607246190006967,32.38309271144868
3.260304221662362,32.391445486865464
3.2598839327116766,32.400722301434534
3.25946375210673,32.40882268712839
3.2590436798056315,32.41686165782667
3.2586237157665128,32.42490062852496
3.2582038599475265,32.427816233333076
3.257784112306848,32.430603165213995
3.257364472802673,32.43331736460342
3.256944941393219,32.435600425347
3.256525518036726,32.43788348609058
3.2561062026914547,32.44016654683415
3.2556869953156875,32.44244960757773
3.2552678958677275,32.4447326683213
3.2548489043059003,32.458920326073695
3.2544300205885524,32.460727418746075
3.2540112446740523,32.462534511418454
3.253592576520789,32.46434160409083
3.2531740160871743,32.46614559907199
3.25275556333164,32.467945916301325
3.2523372182126398,32.46878789566505
3.2519189806886497,32.469389175782794
3.251500850718165,32.46988604748672
3.2510828282597037,32.46996343661979
3.2506649132718053,32.470040825752875
3.25024710571303,32.47011821488596
3.24982940554196,32.47019560401904
3.2494118127171983,32.470272993152115
3.2489943271973694,32.46969412354981
3.248576948941118,32.46868910241036
3.2481596779071116,32.46768408127092
3.2477425140540377,32.46667906013147
3.2473254573406063,32.46567403899202
3.2469085077255477,32.46466901785258
3.2464916651676137,32.456355785936374
3.2460749296255766,32.454515290305345
3.245658301058231,32.452674794674316
3.2452417794243926,32.450834299043294
3.2448253646828964,32.448993803412264
3.244409056792601,32.447153307781235
3.243992855712384,32.445312812150206
3.2435767614011453,32.44321257842783
3.2431607738178063,32.440954449817745
3.2427448929213085,32.43869632120766
3.242329118670615,32.43643819259758
3.241913451024709,32.432726520503294
3.2414978899425955,32.415616778358846
3.2410824353833014,32.411802150240746
3.2406670873058725,32.40896865629521
3.240251845669378,32.40613516234967
3.2398367104329058,32.40330166840414
3.2394216815555663,32.40046817445861
3.23900675899649,32.39763468051308
3.2385919427148298,32.3948614365397
3.2381772326697567,32.39217387056342
3.2377626288204655,32.38826296194101
3.2373481311261703,32.383901669447724
3.236933739546106,32.37954037695444
3.2365194540395303,32.37517908446114
3.2361052745657193,32.37118302812345
3.2356912010839713,32.36766804523223
3.2352772335536044,32.364153062341
3.234863371933959,32.349949236622535
3.234449616184395,32.340469729991675
3.234035966264294,32.330990223360814
3.233622422133058,32.325381962481494
3.2332089837501092,32.32303851343546
3.2327956510748916,32.32069506438944
3.2323824240668695,32.3183516153434
3.231969302685528,32.31600816629738
3.2315562868903718,32.31366471725135
3.231143376640928,32.31132126820532
3.230730571896743,32.30897781915929
3.230317872617386,32.30663437011326
3.2299052787624434,32.30429092106723
3.2294927902915256,32.30016495170005
3.2290804071642625,32.291710840214456
3.2286681293403032,32.286957973509985
3.2282559567793188,32.28486875338613
3.227843889441001,32.28277953326227
3.227431927285062,32.28069031313841
3.227020070271234,32.27860109301455
3.2266083183592706,32.25927093834187
3.226196671508945,32.25395189428193
3.225785129680052,32.24863285022199
3.225373692832407,32.24331380616205
3.2249623609258427,32.23799476210211
3.224551133920217,32.23182622555846
3.2241400117754053,32.205097401968814
3.2237289944513043,32.198105704230265
3.223318081907831,32.191114006491716
3.2229072741049234,32.18411564228697
3.2224965710025395,32.1778261803684
3.2220859725606568,32.17172832190299
3.2216754787392747,32.16563046343757
3.221265089498412,32.159962013220515
3.2208548047981083,32.15575998729976
3.2204446245984237,32.15224033225862
3.220034548859438,32.14872067721748
3.219624577541252,32.145201022176344
3.219214710603987,32.14168136713521
3.218804948007784,32.138161712094075
3.218395289712803,32.13464205705294
3.2179857356792274,32.13112240201181
3.2175762858672585,32.10342549768066
3.2171669402371186,32.099872499922114
3.21675769874905,32.09631950216357
3.2163485613633163,32.09276650440502
3.2159395280401997,32.08921350664647
3.215530598740003,32.08584389506265
3.21512177342305,32.082603575112906
3.214713052049684,32.07936325516315
3.2143044345802685,32.076122935213405
3.213895920975188,32.07311661224847
3.2134875111948458,32.070277957481316
3.2130792051996657,32.06743930271416
3.212671002950093,32.06460064794701
3.2122629044065913,32.06176199317986
3.2118549095296443,32.058923338412704
3.2114470182797574,32.05197543604335
3.2110392306174544,32.04423198487284
3.2106315465032806,32.03861427341211
3.2102239658978,32.033081380349785
3.209816488761597,32.027548487287476
3.2094091150552773,32.02201559422516
3.2090018447394644,31.990104173169144
3.208594677774803,31.981782302270936
3.2081876141219583,31.972226658266756
3.207780653741614,31.961896590389244
3.207373796594475,31.951520489153285
3.2069670426412658,31.9410850578188
3.2065603918427303,31.930707796909346
3.2061538441596333,31.92051848401487
3.205747399552759,31.878439246349565
3.2053410579829107,31.868729198227562
3.2049348194109126,31.859019150105564
3.204528683797608,31.849309101983565
3.2041226511038614,31.84048061454991
3.2037167212905557,31.831754290531975
3.203310894318594,31.823078036526887
3.2029051701489,31.814484678163403
3.2024995487424155,31.805891319799912
3.202094030060104,31.797297961436428
3.201688614062947,31.788704603072937
3.2012833007119474,31.780111244709445
3.200878089968127,31.769278049365923
3.2004729817925273,31.75350897732718
3.2000679761462094,31.738015730025616
3.199663072990255,31.7279086341051
3.1992582722857645,31.719215062090264
3.1988535739938575,31.710521490075426
3.1984489780756755,31.70182791806059
3.198044484492377,31.693134346045756
3.1976400932051425,31.68444077403092
3.1972358041751705,31.672125957885896
3.1968316173636793,31.657573946049553
3.1964275327319083,31.61383638002437
3.1960235502411143,31.598727094548572
3.1956196698525745,31.536863908229876
3.195215891527587,31.525065150142236
3.1948122152274676,31.513266392054597
3.1944086409135526,31.50146763396696
3.1940051685471977,31.48966887587932
3.193601798089778,31.475859554608654
3.193198529502688,31.461330259260272
3.192795362747343,31.4468009639119
3.1923922977851755,31.432184637155725
3.1919893345776384,31.417595347600674
3.1915864730862054,31.40316064567614
3.1911837132723675,31.388725943751606
3.1907810550976365,31.374291241827073
3.1903784985235437,31.357477807686315
3.1899760435116398,31.33727044009045
3.1895736900234932,31.31527101618745
3.1891714380206935,31.29045611729302
3.1887692874648494,31.265641218398585
3.1883672383175887,31.220696052041752
3.1879652905405584,31.209650418939162
3.1875634440954252,31.19860478583657
3.1871616989438754,31.146462313554167
3.186760055047613,31.13403784674416
3.186358512368364,31.12161337993416
3.185957070867871,31.10918891312415
3.1855557305078968,31.100253622487905
3.1851544912502243,31.09211589314124
3.184753353056655,31.083978163794573
3.1843523158890097,31.075840434447905
3.183951379709128,31.06770270510124
3.1835505444788708,31.059564975754576
3.183149810160114,31.051427246407904
3.1827491767147564,31.043289517061236
3.182348644104715,31.03485412238731
3.1819482122919256,31.025012004380773
3.1815478812383433,31.015169886374238
3.1811476509059426,31.003980264127957
3.1807475212567167,30.99217275301779
3.180347492252678,30.983667974449503
3.1799475638558587,30.975163195881226
3.1795477360283084,30.966658417312942
3.179148008732098,30.958153638744655
3.178748381929316,30.949648860176374
3.17834885558207,30.941144081608083
3.1779494296524873,30.916395333982386
3.177550104102714,30.903334451465085
3.177150878894916,30.890273568947798
3.1767517539912755,30.877212686430493
3.176352729353997,30.860614872523197
3.1759538049453018,30.839974876702726
3.175554980727431,30.77510609779417
3.175156256662645,30.76357645649082
3.1747576327132223,30.752046815187473
3.174359108841461,30.740517173884122
3.173960685009678,30.728987532580778
3.1735623611802097,30.717457891277444
3.173164137315409,30.7059282499741
3.1727660133776507,30.700703010197493
3.172367989329327,30.695738434704708
3.171970065132849,30.690773859211923
3.171572240750647,30.685809283719145
3.1711745161451694,30.67913632195636
3.1707768912788854,30.67220916036007
3.1703793661142803,30.665876933795
3.1699819406138596,30.66214652625444
3.169584614740148,30.65841611871388
3.169187388455689,30.65468571117332
3.1687902617230432,30.650930843254173
3.168393234504792,30.647153561303064
3.1679963067635346,30.64217987873489
3.167599478461889,30.62749100002882
3.167202749562492,30.61280212132277
3.1668061200279993,30.598113242616698
3.1664095898210847,30.583424363910623
3.166013158904441,30.571860366602007
3.1656168272407803,30.56397100223731
3.1652205947928325,30.557035802204734
3.1648244615233465,30.550104839920472
3.1644284273950904,30.543173877636224
3.1640324923708496,30.536268941722554
3.1636366564134293,30.52854616913718
3.1632409194856526,30.518491696744775
3.162845281550362,30.508437224352367
3.1624497425704177,30.49838275195996
3.1620543025086993,30.48821346416155
3.1616589613281043,30.482937421314084
3.161263718991549,30.47766137846662
3.1608685754619685,30.472385335619165
3.1604735307023155,30.4671092927717
3.160078584675562,30.461833249924233
3.1596837373446993,30.45655720707677
3.1592889886727353,30.4512811642293
3.158894338622698,30.446005121381837
3.158499787157633,30.436089564071953
3.158105334240605,30.424309487595536
3.157710979834696,30.41324515001731
3.157316723903007,30.402766852123282
3.1569225664086584,30.396957455316972
3.156528507314788,30.38708906775222
3.1561345465845525,30.377220680187477
3.155740684181126,30.367352292622726
3.1553469200677027,30.35748390505798
3.1549532542074936,30.34761551749323
3.154559686563729,30.337747129928495
3.154166217099656,30.329432892082657
3.1537728457785423,30.321122191281756
3.153379572563672,30.312706673207398
3.1529863974183496,30.304013197869512
3.1525933203058956,30.295319722531623
3.1522003411896504,30.286626247193738
3.1518074600329724,30.27445379753228
3.1514146767992366,30.26098778206761
3.1510219914518385,30.247395765022425
3.1506294039541913,30.23380374797724
3.1502369142697253,30.221329725415877
3.1498445223618905,30.215826725436294
3.1494522281941544,30.21032372545671
3.149060031730002,30.204815894908375
3.148667932932938,30.19927500500824
3.148275931766485,30.193734115108114
3.1478840281941816,30.188193225207975
3.147492222179587,30.18265233530784
3.147100513686278,30.177111445407704
3.1467089026778488,30.169361216642294
3.146317389117913,30.15443657654369
3.1459259729701,30.139511936445093
3.145534654198061,30.124587296346512
3.1451434327654613,30.117057438814598
3.1447523086359865,30.10596174134075
3.1443612817733397,30.100941330396285
3.1439703521412423,30.09592091945182
3.143579519703434,30.090900508507357
3.1431887844236717,30.085880097562892
3.1427981462657306,30.080859686618428
3.1424076051934047,30.075753334654955
3.142017161170505,30.07056358038546
3.1416268141608605,30.065373826115962
3.141236564128319,30.059611249600543
3.1408464110367453,30.05381249316322
3.1404563548500226,30.048013736725895
3.1400663955320525,30.0077617180755
3.139676533046754,29.994357675544215
3.1392867673580644,29.98478994366495
3.1388970984299376,29.982349146770787
3.138507526226347,29.979908349876624
3.1381180507112836,29.977467552982457
3.1377286718487554,29.97502675608829
3.137339389602789,29.972585959194127
3.136950203937429,29.970145162299964
3.136561114816737,29.96764535282294
3.136172122204793,29.964908079058745
3.1357832260656955,29.962170805294555
3.135394426363559,29.959910871014614
3.1350057230625175,29.95766285586307
3.1346171161267216,29.9549227365992
3.1342286055203403,29.952182617335332
3.133840191207561,29.949811995122296
3.1334518731525876,29.947445956094818
3.1330636513196426,29.945079917067346
3.132675525672965,29.94271387803987
3.1322874961768132,29.940347839012396
3.131899562795462,29.937981799984925
3.1315117254932052,29.915948701437102
3.1311239842343523,29.911904429558614
3.130736338983233,29.90829965762278
3.1303487897041924,29.904962972573934
3.1299613363615943,29.901449147863087
3.129573978919821,29.89916831211159
3.12918671734327,29.896908922401636
3.1287995515963583,29.89464953269168
3.1284124816435206,29.892390142981725
3.128025507449208,29.89013075327177
3.127638628977891,29.887871363561814
3.127251846194055,29.88487171480297
3.126865159062206,29.880765285042912
3.1264785675468647,29.87665885528285
3.1260920716125713,29.87255242552279
3.125705671223883,29.86912959781062
3.1253193663453747,29.867901168380047
3.1249331569416383,29.866672738949475
3.1245470429772833,29.8654443095189
3.124161024416937,29.864215880088324
3.123775101225244,29.86338594677319
3.123389273366867,29.862779394933312
3.1230035408064847,29.862403573014767
3.122617903508794,29.86241199209261
3.1222323614385097,29.862850926637584
3.121846914560364,29.864278899347
3.121461562839106,29.865122628564794
3.121076306239502,29.86537401713483
3.120691144726337,29.86562540570487
3.120306078264411,29.865876794274904
3.119921106818544,29.865876859742997
3.1195362303535714,29.865398373260504
3.1191514488343475,29.864792526171357
3.1187667622257425,29.863767058570005
3.118382170492645,29.862622433861763
3.11799767359996,29.861849631987297
3.1176132715126115,29.8611583081151
3.117228964195539,29.860466984242905
3.1168447516136992,29.85977566037071
3.1164606337320673,29.859084336498505
3.1160766105156354,29.85839301262631
3.1156926819294126,29.85780831543319
3.115308847938425,29.85738997546911
3.114925108507717,29.856971635505026
3.1145414636023494,29.856553295540948
3.1141579131873995,29.85613495557687
3.113774457227963,29.85571661561279
3.113391095689152,29.855298275648707
3.113007828536097,29.854922057420932
3.1126246557339448,29.854646220077615
3.112241577247859,29.8543703827343
3.1118585930430207,29.854094545390986
3.111475703084628,29.853818708047665
3.1110929073378975,29.853574269118212
3.11071020576806,29.85341586863145
3.110327598340366,29.852627957457074
3.1099450850200823,29.850603071428356
3.1095626657724926,29.84883141792703
3.1091803405628977,29.847579722183234
3.1087981093566155,29.84632802643944
3.1084159721189817,29.845076330695647
3.108033928815347,29.834981308458243
3.1076519794110817,29.835202297093154
3.107270123871571,29.834559902178917
3.1068883621622185,29.833917507264673
3.1065066942484445,29.833275112350428
3.1061251200956854,29.83231334711482
3.105743639669396,29.83112564101801
3.1053622529350466,29.82993416276341
3.104980959858126,29.82874268450881
3.104599760404139,29.81999298900632
3.104218654538607,29.819958977449026
3.1038376422270684,29.819924965891737
3.1034567234350803,29.819890954334447
3.103075898128214,29.819856942777157
3.1026951662720603,29.81986998485332
3.102314527832225,29.821626215547347
3.101933982774331,29.823382446241375
3.101553531064019,29.825138676935396
3.1011731726669454,29.826894907629423
3.100792907548785,29.82733222242605
3.1004127356752273,29.82775170031295
3.100032657011981,29.828171178199852
3.09965267152477,29.82857417425403
3.0992727791793353,29.827880033108737
3.0988929799414353,29.827185891963445
3.098513273776844,29.826491750818157
3.098133660651353,29.82579760967286
3.0977541405307707,29.825901092831433
3.0973747133809217,29.827515360417554
3.096995379167649,29.829129628003674
3.0966161378568096,29.830743895589794
3.09623698941428,29.83235816317591
3.095857933805951,29.834517202812037
3.0954789709977315,29.837314575863097
3.095100100955547,29.840111948914156
3.0947213236453393,29.842909321965216
3.094342639033067,29.8451068300775
3.093964047084706,29.846633545026844
3.0935855477662475,29.84816025997619
3.0932071410437003,29.84875996573185
3.09282882688309,29.849456363317394
3.0924506052504577,29.850576958059015
3.0920724761118623,29.85169755280064
3.091694439433379,29.852818147542266
3.091316495181099,29.853938742283887
3.090938643321131,29.85505933702551
3.0905608838195997,29.880810487193642
3.090183216642646,29.87401952176626
3.0898056417564286,29.877739731081512
3.0894281591271207,29.881459940396766
3.0890507687209143,29.885005976343734
3.088673470504016,29.888485258348563
3.088296264442651,29.891964540353396
3.0879191505030588,29.895444116715517
3.0875421286514966,29.90316741070515
3.0871651988542377,29.91543655166708
3.086788361077573,29.92458467874674
3.0864116152878074,29.929376499849123
3.0860349614512645,29.934168320951507
3.0856583995342834,29.93896014205389
3.0852819295032194,29.94431265841503
3.0849055513244457,29.951437454401177
3.08452926496435,29.95764238860593
3.084153070389337,29.95801800628832
3.0837769675658286,29.95580198045151
3.0834009564602622,29.953585954614702
3.0830250370390915,29.951369928777893
3.082649209268787,29.949734133387963
3.082273473115836,29.948419782180032
3.081897828546741,29.9471054309721
3.081522275528022,29.94579107976417
3.081146814026214,29.94447672855624
3.08077144400787,29.943162377348308
3.0803961654395566,29.941848026140377
3.0800209782878603,29.940533674932446
3.0796458825193804,29.93921932372452
3.0792708781007354,29.93789578898211
3.078895964998558,29.936562672985424
3.0785211431794983,29.93628564951961
3.078146412610222,29.937732538706193
3.077771773257411,29.939179427892775
3.0773972250877635,29.940626317079364
3.0770227680679945,29.94207320626595
3.0766484021648344,29.92287754395482
3.0762741273450307,29.922774509269274
3.075899943575346,29.92267147458373
3.07552585082256,29.922568439898193
3.0751518490534675,29.922465405212648
3.0747779382348814,29.922362370527104
3.0744041183336277,29.92225933584156
3.0740303893165515,29.923478500441934
3.073656751150512,29.92461231862768
3.0732832038023865,29.92574613681342
3.072909747239066,29.926879954999162
3.0725363814274593,29.928577410297784
3.072163106334491,29.932120400027053
3.071789921927101,29.934240898731034
3.071416828172246,29.933654879320557
3.0710438250368988,29.93306885991008
3.0706709124880476,29.931681922871512
3.070298090492697,29.92762161908274
3.0699253590178683,29.922822925886607
3.069552718030598,29.91802423269047
3.069180167497938,29.913225539494334
3.0688077073869584,29.908426846298198
3.0684353376647424,29.90398066507901
3.068063058298391,29.89958062072282
3.067690869255021,29.895180576366627
3.0673187705017653,29.89078053201043
3.0669467620057715,29.86869223175122
3.066574843734205,29.865657388421003
3.0662030156542457,29.86262254509079
3.0658312777330896,29.859587701760578
3.065459629937949,29.856552858430362
3.065088072236052,29.85351801510015
3.0647166045946426,29.850446443892963
3.0643452269809806,29.847281554386495
3.063973939362342,29.837114740268653
3.063602741706018,29.83282671603888
3.0632316339793157,29.8285386918091
3.0628606161495595,29.824250667579328
3.0624896881840873,29.819962643349548
3.0621188500502545,29.81567461911977
3.0617481017154313,29.809676329549582
3.0613774431470047,29.802719285831216
3.061006874312377,29.795762242112847
3.060636395178966,29.788805198394478
3.060266005714207,29.785471433529814
3.059895705885547,29.782788898742638
3.0595254956604525,29.780106363955465
3.059155375006405,29.777457458622933
3.0587853438909014,29.775020934062866
3.058415402281454,29.772584409502795
3.0580455501455908,29.770147884942723
3.057675787450856,29.767711360382652
3.0573061141648097,29.76527483582258
3.056936530255027,29.762838311262513
3.0565670356890986,29.760401786702445
3.056197630434631,29.75796526214237
3.055828314459247,29.739538511778072
3.055459087730585,29.73574513012447
3.0550899502162983,29.723675332754247
3.054720901884056,29.71160553538402
3.0543519427015435,29.707006011332396
3.0539830726364605,29.70325158696718
3.053614291656524,29.699497162601965
3.0532455997294647,29.695741687592985
3.0528769968230307,29.69198037002151
3.052508482904985,29.688219052450034
3.052140057943105,29.684457734878556
3.051771721905186,29.678936969230776
3.051403474759036,29.673336033823894
3.051035316472482,29.667735098417012
3.050667247013363,29.662075332068625
3.0502992663495356,29.657918804583694
3.0499313744488714,29.654545287221126
3.0495635712792573,29.65117176985855
3.0491958568085966,29.64779825249598
3.0488282310048063,29.644644160747077
3.0484606938358216,29.642028323665464
3.0480932452695897,29.639412486583847
3.0477258852740756,29.63679664950223
3.0473586138172597,29.634180812420617
3.046991430867137,29.63101387159921
3.0466243363917185,29.626695280374047
3.0462573303590297,29.622376689148883
3.045890412737113,29.61805809792372
3.045523583494025,29.613788964385677
3.045156842597838,29.61139648432986
3.0447901900166396,29.60993742857997
3.0444236257185335,29.608478372830074
3.0440571496716373,29.60701931708018
3.0436907618440854,29.60556026133029
3.043324462204027,29.6041012055804
3.0429582507196264,29.60264214983051
3.0425921273590637,29.60118309408061
3.0422260920905333,29.59972403833072
3.041860144882246,29.597911240064818
3.041494285702427,29.595881597470274
3.0411285145193188,29.59385195487573
3.040762831301176,29.591822312281188
3.040397236016271,29.589792669686645
3.0400317286328904,29.5877630270921
3.0396663091193368,29.58573338449756
3.0393009774439266,29.56834331286739
3.0389357335749927,29.56475529686428
3.0385705774808827,29.561167280861174
3.0382055091299596,29.557579264858063
3.0378405284906016,29.55429711793924
3.037475635531202,29.551495520303263
3.0371108302201697,29.54869392266729
3.036746112525928,29.545892325031318
3.0363814824169157,29.543090727395345
3.036016939861587,29.540289129759373
3.0356524848284105,29.5374875321234
3.0352881172858712,29.534685934487428
3.0349238372024683,29.526165272198316
3.0345596445467167,29.517240896386667
3.0341955392871456,29.51408772974375
3.0338315213922997,29.51222679969232
3.03346759083074,29.510365869640896
3.0331037475710394,29.50850493958947
3.0327399915817894,29.506644009538046
3.032376322831595,29.50478307948662
3.032012741289076,29.50284993989321
3.0316492469228673,29.500757865751318
3.03128583970162,29.498610009348205
3.0309225195939993,29.49455078066441
3.030559286568684,29.490491551980618
3.030196140594371,29.486432323296825
3.02983308163977,29.48237309461303
3.029470109673606,29.479146781503793
3.02910722466462,29.47668614534134
3.028744426581567,29.474225509178886
3.0283817153932167,29.471764873016433
3.0280190910683547,29.46930423685398
3.0276565535757816,29.467445859139787
3.0272941028843117,29.46752014935941
3.0269317389627752,29.46803112802218
3.0265694617800167,29.46854210668495
3.0262072713048966,29.46905308534772
3.0258451675062896,29.46956406401049
3.025483150353085,29.470124854884027
3.025121219814188,29.470687326913303
3.024759375858517,29.471249798942583
3.024397618455007,29.471812270971867
3.0240359475726066,29.472374743001147
3.0236743631802803,29.472937215030424
3.0233128652470067,29.47422007996426
3.022951453741779,29.478068567944966
3.0225901286336065,29.481498060578556
3.022228889891512,29.48082004117869
3.021867737484534,29.47980610534431
3.0215066713817254,29.475326917515524
3.0211456915521526,29.470847729686742
3.0207847979649,29.46828881608215
3.020423990589063,29.467249928605078
3.020063269393755,29.466211041128005
3.0197026343481017,29.465172153650936
3.019342085421246,29.464281515846636
3.018981622582343,29.464474299846373
3.018621245800564,29.464667083846106
3.0182609550450943,29.464859867845846
3.0179007502851345,29.465052651845582
3.0175406314899,29.465459147830657
3.01718059862862,29.466901310952196
3.0168206516705403,29.468373881931477
3.0164607905849183,29.469846452910765
3.0161010153410293,29.471319023890047
3.0157413259081607,29.472791594869328
3.015381722255616,29.474264165848613
3.0150222043527126,29.479504840142873
3.0146627721687835,29.481721555082565
3.0143034256731753,29.484242324503256
3.01394416483525,29.486763093923944
3.0135849896243836,29.48928386334463
3.013225900009967,29.49168758700059
3.012866895961405,29.493578434856403
3.0125079774481183,29.495469282712214
3.012149144439541,29.497360130568026
3.011790396905123,29.499250978423838
3.0114317348143267,29.500599073356184
3.0110731581366315,29.501403317550995
3.0107146668415297,29.502207561745806
3.0103562608985293,29.50301180594061
3.00999794027715,29.50381605013542
3.0096397049469306,29.50462029433023
3.00928155487742,29.50542453852504
3.0089234900381845,29.506228782719845
3.008565510398804,29.507033026914655
3.008207615928872,29.507864356515864
3.0078498065979984,29.508867160726588
3.007492082375805,29.51113973714562
3.00713444323193,29.51370758128177
3.0067768891360256,29.516275425417923
3.006419420057758,29.518388673212065
3.0060620359668087,29.527791923721885
3.0057047368328726,29.530288008061298
3.0053475226256596,29.532784092400718
3.0049903933148934,29.534476729342558
3.0046333488703136,29.53578508104684
3.004276389261672,29.53687100313649
3.0039195144587367,29.537052238458266
3.003562724431289,29.536829530331904
3.003206019149124,29.536606822205535
3.0028493985820535,29.53638411407917
3.002492862699902,29.536161405952804
3.0021364114725078,29.53593869782644
3.0017800448697245,29.53570291789802
3.0014237628614198,29.527442572097357
3.001067565417476,29.526629567780837
3.0007114525077885,29.525816563464314
3.0003554241022687,29.525003559147798
2.999999480170841,29.524190554831275
2.999643620683445,29.523377550514756
2.999287845610033,29.522564546198236
2.998932154920574,29.52190202918158
2.9985765485850484,29.521276372698168
2.9982210265734532,29.520650716214753
2.9978655888557983,29.52002505973134
2.9975102354021086,29.519399403247924
2.9971549661824226,29.51877374676451
2.9967997811667932,29.51815677691134
2.9964446803252884,29.50457253563767
2.996089663627988,29.502640849741724
2.995734731044988,29.50070916384577
2.995379882546399,29.498777477949822
2.995025118102344,29.496845792053875
2.9946704376829607,29.49521817608253
2.994315841258402,29.49381412424163
2.9939613287988336,29.492406076297403
2.9936069002744365,29.490995816508864
2.993252555655405,29.48958555672033
2.992898294911947,29.489194219083693
2.992544118014286,29.48897198527313
2.9921900249326585,29.488749751462564
2.991836015637315,29.488527517651995
2.991482090098522,29.502537048209007
2.9911282482865564,29.503559344911714
2.9907744901717135,29.504581641614422
2.9904208157242986,29.505603938317137
2.990067224914634,29.506626235019844
2.9897137177130544,29.506851674324587
2.9893602940899093,29.50577136478759
2.9890069540155615,29.504439552363287
2.9886536974603892,29.502747217557058
2.9883005243947833,29.501054882750832
2.987947434789149,29.499962970648667
2.9875944286139053,29.49943326051095
2.987241505839486,29.498903550373228
2.9868886664363377,29.49837384023551
2.986535910374922,29.497844130097786
2.9861832376257142,29.495427844947677
2.985830648159203,29.490699494537616
2.9854781419458916,29.47462915865396
2.985125718956297,29.47448420369568
2.98477337916095,29.4743392487374
2.984421122530395,29.47419429377912
2.984068949035191,29.47404933882084
2.983716858645911,29.474602768914412
2.9833648513331408,29.47653901057599
2.983012927067481,29.478475252237573
2.9826610858195455,29.48073228692455
2.982309327559963,29.486006341786677
2.9819576522593754,29.491280396648804
2.9816060598884375,29.49655445151093
2.98125455041782,29.501828506373055
2.9809031238182055,29.505487214616373
2.980551780060292,29.508974127187816
2.9802005191147902,29.51246103975926
2.9798493409524247,29.5159479523307
2.979498245543935,29.519434864902145
2.9791472328600728,29.52292177747359
2.9787963028716047,29.52640869004503
2.97844545554931,29.530060660436348
2.978094690863984,29.533926989786977
2.977744008786433,29.53660374082272
2.9773934092874783,29.538599244398423
2.9770428923379555,29.540594747974126
2.976692457908713,29.542590251549825
2.976342105970614,29.54458575512553
2.9759918364945332,29.54658125870123
2.975641649451362,29.551024413805898
2.9752915448120034,29.55716505706382
2.9749415225473745,29.562915523689224
2.9745915826284066,29.568665990314628
2.9742417250260442,29.56984006692592
2.973891949711246,29.568701335910994
2.9735422566549836,29.567562604896068
2.9731926458282425,29.56642387388114
2.972843117202022,29.563030437548814
2.9724936707473355,29.558499967197115
2.9721443064352093,29.553969496845415
2.9717950242366835,29.51559868348008
2.971445824122812,29.51372324988504
2.971096706064662,29.511847816289993
2.9707476700333153,29.536471826148556
2.970398715999865,29.534141954350602
2.97004984393542,29.53163428949266
2.9697010538111024,29.52907291166668
2.9693523455980464,29.526511533840697
2.969003719267402,29.52395015601472
2.968655174790331,29.521388778188737
2.96830671213801,29.520571083386393
2.967958331281628,29.5227197024642
2.967610032192387,29.52486832154201
2.9672618148415046,29.527016940619813
2.9669136792002107,29.529165559697617
2.9665656252397485,29.529987319961915
2.9662176529313755,29.530563311079753
2.9658697622463617,29.531139302197595
2.965521953155991,29.531715293315436
2.9651742256315616,29.532291284433278
2.9648265796443836,29.53286727555112
2.9644790151657814,29.53344326666896
2.964131532167093,29.53363315460775
2.9637841306196697,29.533581021317563
2.9634368104948763,29.53352888802738
2.9630895717640904,29.533476754737194
2.962742414398704,29.5332656087623
2.962395338370121,29.530881486575616
2.962048343649761,29.527653957908285
2.9617014302090547,29.524426429240954
2.961354598019448,29.521198900573623
2.961007847052398,29.51797137190629
2.960661177279378,29.51474384323896
2.960314588671872,29.51151631457163
2.9599680812013798,29.5082887859043
2.9596216548394123,29.50506125723697
2.9592753095574946,29.501576031371727
2.9589290453271655,29.49683301438491
2.958582862119977,29.49169345946613
2.958236759907494,29.486553904547353
2.957890738661295,29.481414349628576
2.9575447983529717,29.47630889542984
2.95719893895413,29.471944001840853
2.9568531604363866,29.46757910825186
2.9565074627713743,29.463214214662873
2.9561618459307373,29.458849321073885
2.955816309886134,29.454484427484893
2.955470854609236,29.441389772572546
2.9551254800717275,29.42796832847531
2.9547801862453063,29.42624656975616
2.954434973101684,29.42452481103701
2.954089840612585,29.422803052317864
2.953744788749746,29.42108129359871
2.9533998174849176,29.419359534879565
2.9530549267898643,29.417637776160415
2.952710116636363,29.415916017441265
2.9523653869962043,29.400290443872514
2.952020737841191,29.39635849460246
2.9516761691431403,29.39242654533241
2.951331680873882,29.388494596062355
2.950987273005258,29.3845626467923
2.950642945509125,29.375853818061724
2.9502986983573525,29.36674495612957
2.949954531521822,29.35891515797219
2.94961044497443,29.35459613031685
2.949266438687084,29.350277102661515
2.9489225126317065,29.34595807500618
2.9485786667802323,29.341639047350846
2.9482349011046085,29.31385227299578
2.947891215576796,29.308925288006037
2.947547610168769,29.30399830301629
2.9472040848525145,29.29907131802654
2.946860639600033,29.294144333036797
2.946517274383337,29.286180097964483
2.946173989174454,29.275284200868377
2.9458307839454214,29.265453035800356
2.9454876586682923,29.253951342605397
2.945144613315132,29.241950902897777
2.9448016478580192,29.231554883754182
2.9444587622690443,29.22334122709389
2.9441159565203123,29.215669820265934
2.94377323058394,29.210472935226086
2.9434305844320585,29.205276050186235
2.9430880180368106,29.200079165146388
2.9427455313703517,29.19488228010654
2.942403124404852,29.18968539506669
2.942060797112493,29.18448851002684
2.94171854946547,29.17929162498699
2.941376381435991,29.1738443195575
2.9410342929962763,29.16725319736853
2.9406922841185614,29.160662075179562
2.9403503547750915,29.15407095299059
2.9400085049381266,29.147479830801622
2.9396667345799394,29.14088870861265
2.9393250436728158,29.134297586423678
2.9389834321890533,29.12770646423471
2.9386419001009636,29.120901658973054
2.9383004473808705,29.112739497576747
2.9379590740011112,29.099810540487162
2.9376177799340364,29.086881583397584
2.9372765651520067,29.079521862274834
2.936935429627399,29.061701870455266
2.9365943733326016,29.057262239873896
2.9362533962400152,29.052822609292527
2.9359124983220535,29.04838297871116
2.935571679551144,29.043943348129794
2.9352309398997263,29.039503717548428
2.934890279340252,29.03506408696706
2.934549697845187,29.030624456385695
2.9342091953870084,29.02618482580433
2.9338687719382075,29.01887325461901
2.933528427471288,29.007525068971056
2.9331881619587654,28.996176883323102
2.932847975373169,28.984828697675148
2.932507867687041,28.973480512027194
2.9321678388729358,28.965319833720322
2.9318278889034195,28.95965847796841
2.931488017751073,28.953997122216496
2.9311482253884886,28.94833576646458
2.9308085117882716,28.942674410712666
2.9304688769230403,28.93701305496075
2.930129320765425,28.93135169920884
2.9297898432880696,28.925466927238503
2.9294504444636296,28.91895898504289
2.9291111242647743,28.912451042847287
2.928771882664184,28.905254698044757
2.9284327196345545,28.895499739910093
2.928093635148591,28.885744781775422
2.9277546291790135,28.87322773443038
2.9274157016985543,28.867801606246644
2.9270768526799573,28.841132232762522
2.9267380820959805,28.839818784911856
2.9263993899193927,28.838505337061186
2.9260607761229767,28.83719188921052
2.9257222406795282,28.835878441359853
2.9253837835618537,28.834564993509183
2.9250454047427747,28.833251545658516
2.924707104195123,28.83193809780785
2.9243688818917444,28.83062464995718
2.9240307378054964,28.829311202106517
2.92369267190925,28.827997754255847
2.9233546841758877,28.826684306405177
2.923016774578305,28.82537085855451
2.9226789430894105,28.824057410703844
2.922341189682124,28.822743962853178
2.9220035143293797,28.82143051500251
2.921665917004122,28.82011706715184
2.9213283976793103,28.81880361930118
2.9209909563279144,28.817858460318895
2.920653592922917,28.81732948156803
2.9203163074373144,28.816800502817166
2.9199790998441144,28.816271524066302
2.9196419701163374,28.81574254531544
2.919304918227017,28.816305784948174
2.9189679441491982,28.797105574853667
2.9186310478559383,28.79279262588915
2.9182942293203085,28.788002676906736
2.9179574885153907,28.783925409940476
2.917620825414281,28.782349822608083
2.917284239990086,28.78077423527569
2.9169477322159265,28.78002581384903
2.9166113020649345,28.78029368209969
2.916274949510255,28.77954558307894
2.915938674525045,28.776553549469547
2.9156024770824738,28.77257125175734
2.9152663571557236,28.772304202707037
2.914930314717988,28.772037153656733
2.914594349742475,28.771770104606432
2.914258462202403,28.771503055556124
2.9139226520710024,28.771236006505823
2.9135869193215185,28.770968957455516
2.913251263927206,28.770701908405215
2.912915685861334,28.771113675458487
2.912580185097182,28.772233087785033
2.9122447616080445,28.77380063530898
2.9119094153672256,28.775368182832928
2.9115741463480433,28.776935730356875
2.9112389545238275,28.778503277880823
2.91090383986792,28.78007082540477
2.910568802353676,28.781638372928718
2.9102338419544607,28.782950345282494
2.909898958643654,28.783814856997672
2.909564152394647,28.78467936871285
2.9092294231808427,28.78554388042803
2.908894770975657,28.78640839214321
2.9085601957525182,28.78727290385839
2.908225697484866,28.788137415573566
2.9078912761461524,28.789001927288748
2.907556931709842,28.789866439003923
2.907222664149412,28.790730950719105
2.906888473438351,28.791595462434284
2.90655435955016,28.792459974149466
2.9062203224583527,28.793324485864645
2.905886362136454,28.794188997579823
2.905552478558002,28.795053509295002
2.9052186716965465,28.807169496728136
2.904884941525649,28.80950586579623
2.904551288018884,28.811842234864322
2.9042177111498377,28.814227809919657
2.9038842108921084,28.816965974191184
2.9035507872193063,28.819299729217455
2.9032174401050543,28.820603101779646
2.9028841695229874,28.821906474341844
2.9025509754467516,28.825860138121957
2.902217857850007,28.82863037169907
2.9018848167064233,28.83140060527618
2.901551851989684,28.833401766399938
2.901218963673485,28.83532148672404
2.9008861517315334,28.837241207048145
2.9005534161375475,28.839160927372244
2.90022075686526,28.840956727997323
2.8998881738884137,28.84268894029315
2.8995556671807634,28.845136155641804
2.8992232367160775,28.847583370990456
2.898890882468135,28.85003058633911
2.898558604410728,28.852477801687765
2.89822640251766,28.8542374580884
2.8978942767627456,28.85553671945283
2.897562227119814,28.85683598081726
2.897230253562703,28.858135242181692
2.896898356065265,28.86916615958858
2.8965665346013636,28.87077328814809
2.8962347891448745,28.8723804167076
2.8959031196696845,28.873987545267106
2.895571526149694,28.875501561473506
2.895240008558813,28.876914286280865
2.894908566870966,28.87806430378312
2.8945772010600885,28.879168550796393
2.8942459111001266,28.880272797809667
2.89391469696504,28.881377044822944
2.8935835586287997,28.88248129183622
2.8932524960653883,28.883585538849495
2.892921509248801,28.884552338159658
2.892590598153045,28.88548654947403
2.892259762752139,28.886420760788404
2.891929003020112,28.887355697471186
2.891598318931008,28.8883050203978
2.8912677104588806,28.88925434332441
2.890937177577796,28.890203666251026
2.8906067202618324,28.891086326636085
2.8902763384850796,28.891556333017505
2.8899460322216397,28.891762729844963
2.8896158014456255,28.891969126672425
2.889285646131163,28.892175523499883
2.888955566252389,28.892381920327345
2.8886255617834524,28.892588317154804
2.8882956326985143,28.887647333991097
2.8879657789717474,28.88744794597115
2.887636000577336,28.887248557951203
2.8873062974894763,28.887049169931256
2.886976669682377,28.88684978191131
2.8866471171302566,28.88665039389136
2.886317639807347,28.886451005871415
2.8859882376878923,28.88625161785147
2.8856589107461468,28.88605222983152
2.8853296589563775,28.885852841811577
2.885000482292863,28.891406519376776
2.8846713807298943,28.89113088389055
2.884342354241772,28.890539365530238
2.884013402802811,28.88994784716993
2.8836845263873365,28.88935632880962
2.883355724969685,28.88878214462307
2.883026998524206,28.888239889675425
2.8826983470252605,28.888287000215634
2.88236977044722,28.888334110755842
2.8820412687644685,28.888381221296047
2.8817128419514026,28.889147247208
2.881384489982428,28.890346873429635
2.881056212831965,28.891546499651273
2.8807280104744435,28.893203562356298
2.880399882884306,28.894898016505635
2.880071830036006,28.89578437031281
2.87974385190401,28.89483073120941
2.8794159484627944,28.89387709210601
2.879088119686848,28.89292345300261
2.878760365550672,28.891969813899202
2.8784326860287774,28.890860119704644
2.8781050810956885,28.87086995736219
2.87777755072594,28.867026660982727
2.877450094894079,28.863183364603266
2.877122713574664,28.859340068223805
2.876795406742265,28.855496771844344
2.876468174371464,28.851653475464886
2.876141016436853,28.849044837466664
2.875813932913037,28.846552006449848
2.8754869237746323,28.84405917543303
2.875159988996267,28.841566344416208
2.8748331285525803,28.83907351339939
2.8745063424182233,28.83658068238257
2.8741796305678573,28.83408785136575
2.873852992976157,28.83159502034893
2.8735264296178085,28.82910218933211
2.8731999404675075,28.826609358315295
2.872873525499962,28.822276678025688
2.872547184689893,28.816942839369588
2.8722209180120317,28.811568010781443
2.8718947254411207,28.805219820039877
2.871568606951914,28.798871629298304
2.8712425625191784,28.79311522673853
2.8709165921176902,28.787399829995692
2.870590695722238,28.781684433252863
2.8702648733076224,28.775376711651337
2.869939124848655,28.769065012268946
2.8696134503201587,28.762753312886552
2.8692878496969683,28.75644161350416
2.8689623229539287,28.750129914121768
2.868636870065898,28.743818214739374
2.8683114910077454,28.737506515356984
2.8679861857543494,28.73209729058628
2.8676609542806024,28.724874721326486
2.8673357965614077,28.717652152066695
2.8670107125716786,28.710429582806903
2.8666857022863415,28.703207013547107
2.8663607656803327,28.69409831477045
2.8660359027286018,28.68102635034272
2.865711113406107,28.667954385914967
2.8653863976878196,28.632898733967338
2.865061755548723,28.628335500108818
2.86473718696381,28.623772266250306
2.864412691908086,28.608702527795447
2.8640882703565675,28.593344881341558
2.8637639222842823,28.58210446832323
2.863439647666269,28.57681797178688
2.8631154464775785,28.571531475250534
2.862791318693272,28.566244978714188
2.8624672642884224,28.56095848217784
2.862143283238114,28.55567198564149
2.861819375517442,28.55038548910514
2.861495541101514,28.54509899256879
2.861171779965447,28.53981249603244
2.860848092084371,28.534525999496097
2.8605244774334264,28.528477426291253
2.8602009359877645,28.521573644813987
2.8598774677225487,28.514669863336717
2.859554072612953,28.50776608185945
2.8592307506341634,28.50086230038218
2.8589075017613763,28.49395851890491
2.858584325969799,28.48012910987532
2.8582612232346523,28.46353726246337
2.857938193531165,28.449182617021687
2.857615236834579,28.438815276159694
2.857292353120147,28.428447935297697
2.8569695423631334,28.418080594435697
2.8566468045388125,28.40816712341791
2.856324139622471,28.398476336154435
2.8560015475894063,28.388785548890958
2.855679028414927,28.379094761627485
2.8553565820743527,28.36979430794269
2.8550342085430143,28.362054536773336
2.8547119077962537,28.35581756268166
2.854389679809424,28.349580588589983
2.8540675245578897,28.343343614498306
2.853745442017026,28.337106640406628
2.85342343216222,28.33086966631495
2.8531014949688682,28.324632692223272
2.852779630412381,28.3183957181316
2.852457838468176,28.31215874403992
2.8521361191116856,28.30592176994824
2.851814472318351,28.299549878954032
2.8514928980636265,28.293037052851524
2.851171396322975,28.285968300993048
2.8508499670718717,28.278470892019477
2.850528610285804,28.27097348304591
2.850207325940268,28.26347607407234
2.8498861140107725,28.255978665098773
2.8495649744728366,28.24871597525692
2.8492439073019913,28.24242468450486
2.8489229124737774,28.235678584965164
2.8486019899637482,28.22893248542547
2.848281139747466,28.222186385885777
2.8479603618005065,28.21544028634608
2.847639656098455,28.208694186806394
2.847319022616907,28.2019480872667
2.846998461331471,28.195201987727003
2.846677972217765,28.155895952488063
2.8463575552514184,28.150095945206527
2.846037210408072,28.14457779973696
2.8457169376633766,28.139216035594306
2.845396736992995,28.133854271451654
2.8450766083726005,28.128492507309
2.844756551777877,28.123130743166346
2.8444365671845198,28.11825925415044
2.844116654568235,28.114396303950297
2.8437968139047394,28.110533353750153
2.8434770451697617,28.106670403550005
2.84315734833904,28.10280745334986
2.8428377233883246,28.098944503149717
2.8425181702933764,28.09508155294958
2.842198689029966,28.091218602749436
2.8418792795738765,28.090299494876092
2.841559941900901,28.08777527910553
2.8412406759868443,28.08525106333496
2.8409214818075212,28.082726847564395
2.8406023593387575,28.08020263179383
2.8402833085563906,28.077678416023268
2.839964329436267,28.075154200252705
2.839645421954246,28.072629984482138
2.8393265860861976,28.07055636101218
2.839007821808001,28.066725050256807
2.8386891290955476,28.062619329875268
2.8383705079247394,28.058513609493726
2.8380519582714894,28.054407889112188
2.83773348011172,28.049968022325693
2.8374150734213677,28.047393728840788
2.837096738176375,28.04567898952652
2.836778474352699,28.043964250212248
2.8364602819263065,28.04224951089798
2.836142160873175,28.04053477158371
2.8358241111692926,28.03882003226944
2.835506132790658,28.037105292955175
2.835188225713282,28.03539055364091
2.834870389913184,28.03367581432664
2.8345526253663955,28.032086102266852
2.834234932048959,28.030899854273066
2.833917309936927,28.028447169802906
2.8335997590063626,28.025994485332745
2.833282279233341,28.02354180086259
2.8329648705939467,28.021089116392428
2.832647533064275,28.018026950965158
2.8323302666204335,28.01164617302032
2.8320130712385376,28.003749056043667
2.8316959468947163,27.99585193906701
2.831378893565107,27.993853878489887
2.83106191122586,27.993199651219555
2.830744999853135,27.992545423949224
2.8304281594231018,27.991891196678893
2.8301113899119423,27.99091492708223
2.829794691295848,27.98986864317707
2.8294780635510213,27.988822359271904
2.8291615066536755,27.98777607536674
2.828845020580034,27.986729791461578
2.828528605306332,27.985683507556413
2.8282122608088143,27.984637223651248
2.827895987063736,27.983476295283115
2.8275797840473644,27.981583918591433
2.827263651735976,27.977098247035446
2.826947590105858,27.971380528233468
2.8266315991333086,27.966952301528202
2.8263156787946366,27.964809049957495
2.825999829066162,27.962770377229177
2.8256840499242135,27.96080611299932
2.8253683413451323,27.958841848769467
2.82505270330527,27.956877584539615
2.824737135780987,27.955205124745184
2.8244216387486563,27.953722759644446
2.8241062121846605,27.95224039454371
2.8237908560653926,27.950758029442973
2.8234755703672567,27.949275664342238
2.8231603550666673,27.948220241396882
2.822845210140049,27.947587201198353
2.822530135563837,27.94696537504107
2.8222151313144783,27.946521513746738
2.821900197368428,27.94607765245241
2.821585333702154,27.945633791158077
2.8212705402921334,27.945189929863744
2.820955817114854,27.944746068569412
2.820641164146815,27.944644487203774
2.820326581364524,27.944674329914676
2.8200120687445023,27.944704172625574
2.8196976262632782,27.944734015336472
2.8193832538973926,27.944763858047374
2.819068951623396,27.94479370075827
2.818754719417851,27.94482354346917
2.8184405572573272,27.945069309095103
2.818126465118408,27.946247938567556
2.8178124429776865,27.947426568040008
2.8174984908117646,27.948394302816197
2.8171846085972567,27.948293297898005
2.816870796310786,27.94819229297981
2.816557053928987,27.94809128806162
2.816243381428505,27.947990283143426
2.8159297787859936,27.947889278225233
2.81561624597812,27.94778827330704
2.815302782981559,27.93122306443877
2.8149893897729976,27.928710731658605
2.814676066329132,27.926198398878437
2.814362812626669,27.92368606609827
2.814049628642327,27.921173733318103
2.8137365143528323,27.917739665998266
2.8134234697349245,27.91328351586331
2.813110494765351,27.909088529393827
2.8127975894208714,27.892218713662594
2.812484753678254,27.890918313480213
2.81217198751428,27.88961791329784
2.811859290905737,27.88831751311546
2.811546663829426,27.887017112933083
2.811234106262158,27.8859969811879
2.8109216181807533,27.885337190678115
2.810609199562043,27.885252074193854
2.8102968503828683,27.88526146660002
2.809984570620082,27.88518555617383
2.8096723602505445,27.885036853895727
2.8093602192511287,27.885779118412216
2.809048147598717,27.886521382928706
2.808736145270202,27.88675777378546
2.808424212242488,27.886872833126056
2.808112348492487,27.886987892466646
2.8078005539971223,27.887102951807236
2.807488828733329,27.88721801114783
2.8071771726780503,27.887333070488424
2.8068655858082407,27.887448129829014
2.8065540681008647,27.887563189169605
2.8062426195328967,27.8876782485102
2.805931240081322,27.887793307850792
2.8056199297231363,27.887908367191383
2.805308688435344,27.888023426531973
2.8049975161949616,27.888138485872567
2.8046864129790143,27.88830328354074
2.804375378764538,27.888472280482098
2.804064413528579,27.888641277423453
2.803753517248194,27.88881747178135
2.8034426899004488,27.889061813870363
2.803131931462421,27.889319129634803
2.8028212419111966,27.889584063623396
2.802510621223873,27.889848997611985
2.802200069377558,27.890113931600574
2.801889586349368,27.891742462488175
2.80157917211643,27.893498892171934
2.8012688266558827,27.895155538059086
2.8009585499448733,27.896061883584508
2.8006483419605597,27.896968229109927
2.8003382026801096,27.897874574635345
2.800028132080702,27.902815236055357
2.799718130139524,27.904154284960264
2.7994081968337743,27.905493333865167
2.799098332140661,27.90683238277007
2.798788536037403,27.90819698395505
2.798478808501228,27.90965617093948
2.7981691495093757,27.91111535792391
2.7978595590390944,27.91257454490834
2.797550037067643,27.91403373189277
2.79724058357229,27.915522321702287
2.7969311985303142,27.917173828310624
2.7966218819190045,27.918825334918957
2.7963126337156603,27.92047684152729
2.7960034538975904,27.922128348135622
2.795694342442114,27.923779854743955
2.79538529932656,27.925438643145
2.7950763245282677,27.927144269501543
2.794767418024586,27.92884989585809
2.7944585797928734,27.930813107341777
2.7941498098105004,27.93298375332355
2.793841108054845,27.935154399305333
2.793532474503297,27.941540716794826
2.7932239091332556,27.943316620102287
2.792915411922129,27.94509252340975
2.7926069828473374,27.946868426717206
2.79229862188631,27.948644330024663
2.7919903290164845,27.965962683783435
2.791682104215311,27.969910789998323
2.7913739474602473,27.97385889621321
2.7910658587287633,27.977807002428094
2.790757837998338,27.981755108642986
2.7904498852464594,27.985040935508643
2.7901420004506274,27.986764333788877
2.7898341835883493,27.98840813926944
2.789526434637144,27.99005194475
2.7892187535745405,27.991695750230562
2.7889111403780773,27.993339555711124
2.788603595025302,27.99490474206585
2.7882961174937733,27.996334389368485
2.787988707761059,27.99776403667112
2.7876813658047377,27.999193683973758
2.787374091602397,28.000623331276394
2.787066885131634,28.00205297857903
2.7867597463700573,28.003482625881666
2.7864526752952843,28.004912273184303
2.7861456718849418,28.00634192048694
2.785838736116667,28.005936160049053
2.7855318679681083,28.00730955944782
2.7852250674169214,28.008682958846585
2.784918334440773,28.01005635824535
2.7846116690173406,28.01142975764412
2.78430507112431,28.033232108497387
2.7839985407393777,28.03545395830016
2.7836920778402496,28.037675808102932
2.7833856824046417,28.04000150591378
2.78307935441028,28.042414006218138
2.7827730938349,28.044826506522504
2.782466900656247,28.047239006826864
2.7821607748520756,28.049651507131223
2.7818547164001513,28.052620029741888
2.7815487252782485,28.0563867418114
2.7812428014641517,28.060153453880915
2.780936944935655,28.064066762356013
2.780631155670563,28.068056570706446
2.7803254336466896,28.07204637905687
2.780019778841857,28.079618924562666
2.7797141912338996,28.08741256297953
2.77940867080066,28.095457687498218
2.7791032175199915,28.104066150088705
2.7787978313697557,28.112674612679186
2.7784925123278255,28.12180018887662
2.778187260372083,28.123853444264114
2.777882075480419,28.125853042860392
2.7775769576307363,28.127852641456673
2.777271906800945,28.129852240052955
2.776966922968965,28.131851838649236
2.7766620061127285,28.141980140933608
2.7763571562101754,28.14379146078368
2.7760523732392546,28.14560278063375
2.7757476571779263,28.147414100483825
2.7754430080041605,28.149225420333895
2.7751384256959346,28.15103674018397
2.7748339102312376,28.152848060034042
2.7745294615880685,28.154659379884116
2.774225079744434,28.156470699734186
2.773920764678353,28.15828201958426
2.7736165163678517,28.160093339434333
2.773312334790967,28.161712846051586
2.773008219925746,28.163311336088675
2.7727041717502443,28.164909826125765
2.7724001902425273,28.166508316162854
2.7720962753806706,28.168106806199944
2.771792427142759,28.169705296237034
2.7714886455068877,28.17370394929937
2.77118493045116,28.180226207608577
2.77088128195369,28.186748465917788
2.770577699992601,28.19327072422699
2.770274184546026,28.1997929825362
2.7699707355921075,28.22322928479507
2.7696673531089973,28.22586515869694
2.769364037074857,28.228501032598807
2.7690607874678586,28.241463672250198
2.768757604266182,28.24428698642093
2.7684544874480177,28.247110300591665
2.7681514369915656,28.249933614762398
2.767848452875036,28.252756928933124
2.7675455350766462,28.255580243103857
2.7672426835746258,28.25840355727459
2.766939898347213,28.261226871445324
2.7666371793726543,28.264148542375285
2.7663345266292074,28.267260169237648
2.7660319400951394,28.270371796100015
2.765729419748726,28.290146755160734
2.7654269655682517,28.293894294058006
2.765124577532013,28.297524436860137
2.764822255618314,28.300432307152256
2.7645199998054686,28.303340177444376
2.7642178100718007,28.306248047736496
2.763915686395643,28.31064480957202
2.763613628755338,28.316047566230473
2.7633116371292377,28.320791580910353
2.763009711495704,28.321560505440615
2.762707851833107,28.32232942997087
2.7624060581198275,28.323098354501134
2.762104330334255,28.32386727903139
2.7618026684547887,28.32463620356165
2.7615010724598377,28.32540512809191
2.7611995423278195,28.326174052622168
2.7608980780371626,28.327047366898828
2.760596679566303,28.328681871680494
2.7602953468936864,28.330316376462164
2.75999407999777,28.332026787044725
2.7596928788570185,28.332437738440028
2.759391743449906,28.33284868983533
2.759090673754917,28.333259641230633
2.758789669750544,28.333670592625932
2.758488731415291,28.33408154402123
2.7581878587276694,28.334492495416534
2.7578870516662004,28.334903446811836
2.757586310209415,28.335259068589608
2.7572856343358536,28.335415156394298
2.7569850240240656,28.33557124419898
2.7566844792526104,28.335742237234136
2.7563840000000557,28.33603199924449
2.7560835862449795,28.336321761254844
2.755783237965968,28.336611523265198
2.7554829551416185,28.33690128527555
2.7551827377505353,28.337191047285906
2.754882585771335,28.334390427393462
2.7545824991826406,28.3333215604361
2.754282477963086,28.33225269347874
2.7539825220913143,28.33118382652138
2.7536826315459773,28.330114959564018
2.753382806305737,28.329046092606657
2.7530830463492637,28.327977225649295
2.752783351655238,28.326908358691934
2.752483722202348,28.325839491734573
2.7521841579692934,28.324760514761326
2.7518846589347814,28.32368136329683
2.75158522507753,28.322602211832336
2.7512858563762657,28.320203222108837
2.750986552809723,28.316667688152464
2.7506873143566475,28.313132154196087
2.750388140995793,28.30959662023971
2.7500890327059233,28.306061086283336
2.7497899894658113,28.302643196285555
2.7494910112542383,28.299851409560276
2.7491920980499955,28.297059622835
2.748893249831884,28.294267836109725
2.7485944665787123,28.29147604938445
2.7482957482692996,28.281396143657116
2.7479970948824737,28.276782190798137
2.747698506397072,28.272168237939162
2.747399982791941,28.267121889263205
2.7471015240459353,28.26033315933081
2.7468031301379208,28.253544429398417
2.7465048010467714,28.246421342454973
2.7462065367513695,28.23906869089319
2.7459083372306075,28.231716039331406
2.7456102024633866,28.22436338776962
2.745312132428618,28.21701073620784
2.7450141271052217,28.209658084646055
2.7447161864721257,28.200782024228154
2.7444183105082685,28.19055948388842
2.7441204991925976,28.18033694354869
2.743822752504069,28.170114403208963
2.743525070421648,28.15989186286923
2.7432274529243097,28.14971232816341
2.742929899991037,28.14084778674704
2.7426324116008236,28.13198324533068
2.7423349877326713,28.123164828166423
2.7420376283655905,28.114391465726023
2.7417403334786026,28.10561810328563
2.7414431030507354,28.096844740845228
2.741145937061028,28.088071378404827
2.7408488354885274,28.079298015964422
2.740551798312291,28.070524653524018
2.7402548255113834,28.061751291083617
2.7399579170648805,28.052977928643216
2.7396610729518645,28.017509365350023
2.7393642931514295,28.008060727739164
2.7390675776426767,27.99861209012831
2.738770926404717,27.989163452517452
2.738474339416671,27.97971481490659
2.7381778166576667,27.970266177295727
2.7378813581068426,27.961725241956078
2.737584963743346,27.955223346451216
2.737288633546333,27.94872145094635
2.736992367494969,27.942219555441497
2.736696165568427,27.935717659936635
2.736400027745891,27.92678141341302
2.7361039540065533,27.91464508817726
2.7358079443296144,27.9025087629415
2.7355119986942853,27.890372437705743
2.735216117079785,27.878236112469985
2.7349202994653408,27.866099787234223
2.734624545830191,27.779604041302434
2.7343288561535815,27.77038568863831
2.7340332304147665,27.76116733597418
2.733737668593011,27.751948983310044
2.7334421706675873,27.742730630645905
2.7331467366177784,27.733512277981774
2.7328513664228744,27.72429392531764
2.7325560600621754,27.68331221810082
2.732260817514991,27.67232910551739
2.7319656387606375,27.661361223890296
2.731670523778443,27.650395503346992
2.7313754725477426,27.63942978280369
2.7310804850478805,27.628464062260385
2.730785561258211,27.61749834171708
2.730490701158096,27.606532621173777
2.7301959047269073,27.59556641702828
2.7299011719440247,27.58459247790005
2.7296065027888377,27.570528842570027
2.729311897240744,27.546144581514497
2.729017355279151,27.52176032045897
2.7287228768834737,27.501387771734386
2.728428462033137,27.491148419647825
2.728134110707576,27.480909067561264
2.727839822886231,27.470669715474706
2.7275455985485553,27.460015022491362
2.7272514376740076,27.448421293958944
2.7269573402420577,27.436827565426523
2.726663306232183,27.4252338368941
2.726369335623871,27.413640108361683
2.7260754283966167,27.402046379829265
2.7257815845299245,27.390452651296847
2.725487804003308,27.378858922764426
2.72519408679629,27.367265194232004
2.7249004328884006,27.35688188843157
2.724606842259179,27.280943876757263
2.724313314888175,27.268603542086908
2.7240198507549453,27.25626320741656
2.7237264498390563,27.243922872746207
2.723433112120083,27.231582538075855
2.7231398375776092,27.219242203405503
2.722846626191228,27.208615026449536
2.7225534779405396,27.199514933019955
2.722260392805155,27.190414839590375
2.721967370764693,27.18131474616079
2.7216744117987814,27.17221465273121
2.7213815158870567,27.15748175396032
2.721088683009164,27.14241441259884
2.720795913144757,27.12734707123736
2.7205032062734995,27.112279729875876
2.7202105623750623,27.09744330914838
2.7199179814291257,27.089489687993055
2.7196254634153787,27.081536066837725
2.719333008313519,27.06824828427424
2.7190406161032534,27.053844351102352
2.718748286764297,27.039440417930464
2.7184560202763737,27.025036484758576
2.718163816619216,27.01063255158671
2.717871675772565,27.001750754469956
2.717579597716172,26.995322547559937
2.717287582429794,26.98889434064992
2.7169956298931996,26.982466133739898
2.716703740086165,26.976037926829882
2.7164119129884745,26.96960971991986
2.7161201485799222,26.963181513009843
2.7158284468403098,26.956753306099827
2.715536807749449,26.95032509918981
2.7152452312871587,26.943896892279795
2.7149537174332665,26.937468685369776
2.7146622661676107,26.927470086077754
2.714370877470036,26.909899246437472
2.714079551320397,26.89041262136958
2.713788287698556,26.870783918067232
2.7134970865843857,26.85669225282107
2.713205947957765,26.848798295256927
2.7129148717985827,26.84090433769279
2.712623858086737,26.833010380128655
2.7123329068021333,26.82511642256452
2.7120420179246865,26.81722246500038
2.7117511914343195,26.80932850743624
2.7114604273109646,26.79360323237747
2.7111697255345626,26.77624372345711
2.710879086085062,26.762541792476902
2.7105885089424206,26.752144725294244
2.7102979940866043,26.741747658111585
2.7100075414975886,26.66027084944445
2.7097171511553566,26.647330749505997
2.7094268230399003,26.634390649567546
2.7091365571312207,26.59855130421358
2.7088463534093266,26.588170929572676
2.7085562118542357,26.57779055493176
2.7082661324459743,26.567410180290842
2.707976115164577,26.55702980564993
2.7076861599900877,26.546913181105474
2.7073962669025584,26.537582209363077
2.7071064358820487,26.52893154210483
2.7068166669086287,26.520280874846577
2.706526959962375,26.511630207588325
2.706237315023375,26.502979540330088
2.705947732071722,26.494328873071836
2.7056582110875196,26.48567820581359
2.7053687520508793,26.47702753855534
2.705079354941921,26.468291412714564
2.7047900197407744,26.459581944213234
2.7045007464275757,26.45156078845301
2.704211534982471,26.443539632692797
2.703922385385614,26.43551847693257
2.7036332976171678,26.427497321172346
2.703344271657303,26.419476165412124
2.703055307486199,26.4114550096519
2.7027664050840454,26.403433853891677
2.702477564431037,26.33796517760711
2.7021887855073796,26.331950666029613
2.7019000682932863,26.32593615445212
2.70161141276898,26.319921642874633
2.7013228189146896,26.31390713129714
2.7010342867106547,26.307892619719645
2.7007458161371223,26.301878108142148
2.7004574071743486,26.295863596564654
2.700169059802597,26.28984908498716
2.6998807740021404,26.283834573409663
2.6995925497532607,26.277820061832177
2.6993043870362454,26.271805550254683
2.6990162858313935,26.260653146909917
2.698728246119011,26.248026748601976
2.6984402678794126,26.235400350294036
2.6981523510929213,26.220809254824893
2.6978644957398683,26.205225091824413
2.6975767018005934,26.191493254375473
2.697288969255445,26.180127302417347
2.6970012980847806,26.168761350459235
2.6967136882689635,26.15739539850111
2.6964261397883678,26.122554427442875
2.6961386526233753,26.108248086461188
2.695851226754376,26.093941745479498
2.695563862161768,26.085837850280704
2.6952765588259586,26.079550451590812
2.694989316727363,26.073263052900927
2.6947021358464043,26.06697565421103
2.6944150161635148,26.060688255521143
2.6941279576591337,26.054400856831247
2.6938409603137106,26.049502305773057
2.693554024107702,26.04491786051582
2.6932671490215725,26.040333415258583
2.6929803350357964,26.035748970001347
2.692693582130855,26.031164524744113
2.692406890287239,26.026823529312864
2.6921202594854465,26.023030508268654
2.691833689705984,26.019237487224437
2.691547180929366,26.002862491995884
2.6912607331361174,25.999824491865542
2.6909743463067683,25.9967864917352
2.6906880204218595,25.99374849160486
2.6904017554619393,25.99071049147452
2.6901155514075636,25.987672491344178
2.689829408239297,25.984634491213836
2.689543325937713,25.981596491083494
2.6892573044833927,25.97855849095315
2.6889713438569256,25.97552049082281
2.688685444038909,25.972482490692467
2.68839960500995,25.969444490562125
2.688113826750662,25.966406490431783
2.6878281092416683,25.963368490301445
2.6875424524635987,25.960330490171103
2.6872568563970924,25.956738018485737
2.686971321022797,25.929012772949065
2.6866858463213683,25.924109357284344
2.686400432273469,25.919205941619623
2.686115078859771,25.91430252595491
2.685829786060956,25.909399110290195
2.6855445538577105,25.904495694625474
2.685259382230732,25.901081551355674
2.684974271160724,25.89784017371094
2.6846892206284005,25.88928839925281
2.6844042306144824,25.886856891805145
2.6841193010996993,25.884425384357478
2.6838344320647876,25.88199387690981
2.6835496234904936,25.879562369462143
2.6832648753575716,25.877130862014482
2.6829801876467827,25.874699354566815
2.682695560338897,25.872267847119147
2.6824109934146936,25.869836802252856
2.682126486854958,25.867406532843432
2.6818420406404853,25.863643515815994
2.681557654752078,25.85987009329537
2.681273329170548,25.856096670774747
2.680989063876713,25.852323248254123
2.6807048588514,25.848549825733496
2.6804207140754457,25.8445192012765
2.6801366295296924,25.839485534627634
2.6798526051949922,25.83445186797877
2.679568641052204,25.82947821548231
2.6792847370821966,25.824514208881652
2.6790008932658447,25.819550202280993
2.6787171095840336,25.815384669119304
2.678433386017654,25.8129698421831
2.678149722547607,25.810555015246905
2.6778661191548,25.808140188310702
2.6775825758201504,25.805725361374506
2.677299092524582,25.803196814772896
2.6770156692490272,25.800507967751933
2.676732305974427,25.79781912073097
2.67644900268173,25.795130273710004
2.6761657593518917,25.77348940341237
2.6758825759658786,25.76945996347125
2.6755994525046622,25.765430523530124
2.6753163889492244,25.76199814912094
2.6750333852805532,25.758586560841167
2.6747504414796466,25.755174972561395
2.6744675575275085,25.7490968001348
2.674184733405153,25.742183846306077
2.6739019690936,25.735270892477338
2.673619264573879,25.725692345390712
2.673336619827028,25.71474295347163
2.6730540348340908,25.703793561552555
2.6727715095761213,25.69730042732288
2.6724890440341804,25.696014740725445
2.672206638189338,25.694729054128015
2.6719242920226702,25.693443367530584
2.6716420055152623,25.69215768093315
2.671359778648208,25.69085232823857
2.6710776114026085,25.688750389029284
2.670795503759572,25.686648449819998
2.6705134557002164,25.684564114554682
2.670231467205667,25.682873519722804
2.6699495382570557,25.681182924890923
2.6696676688355248,25.67949233005904
2.6693858589222224,25.677801735227163
2.669104108498306,25.676111140395285
2.66882241754494,25.674420545563407
2.6685407860432977,25.672729950731522
2.6682592139745593,25.671039355899644
2.667977701319914,25.669348761067766
2.667696248060559,25.667658166235885
2.667414854177698,25.665967571404007
2.6671335196525434,25.65692435574987
2.666852244466316,25.654065419842322
2.6665710286002446,25.65120648393478
2.666289872035565,25.647724662614454
2.6660087747535215,25.64252421210277
2.665727736735366,25.637323761591084
2.6654467579623593,25.632753840375223
2.665165838415769,25.62873429083624
2.66488497807687,25.624714741297247
2.664604176926947,25.62069519175826
2.664323434947291,25.61667564221927
2.6640427521192023,25.612656092680282
2.6637621284239876,25.60863654314129
2.663481563842962,25.604616993602303
2.6632010583574495,25.600597444063318
2.6629206119487803,25.564893839259668
2.662640224598293,25.55542993910951
2.662359896287335,25.545966038959346
2.66207962699726,25.53609410954686
2.6617994167094317,25.524494095246148
2.6615192654052193,25.512894080945443
2.661239173066001,25.471572117683593
2.6609591396731633,25.463982732322336
2.6606791652080997,25.456393346961086
2.6603992496522113,25.448803961599825
2.660119392986908,25.441214576238565
2.6598395951936067,25.433625190877308
2.6595598562537326,25.429145724415548
2.6592801761487186,25.423091218850626
2.6590005548600057,25.417036713285704
2.6587209923690422,25.411226865596994
2.6584414886572842,25.407467381542745
2.6581620437061955,25.403707897488488
2.6578826574972485,25.399948413434238
2.657603330011923,25.39618892937999
2.657324061231706,25.39242944532574
2.6570448511380924,25.388791947864874
2.656765699712586,25.385599969265584
2.6564866069366975,25.382407990666294
2.656207572791945,25.379216012067005
2.655928597259855,25.376024033467715
2.655649680321962,25.372832054868425
2.655370821959807,25.354737365756975
2.6550920221549394,25.35265026748914
2.6548132808889178,25.3505631692213
2.6545345981433064,25.348476070953463
2.6542559738996787,25.34638897268563
2.653977408139614,25.344301874417795
2.6536989008447014,25.342214776149955
2.653420451996537,25.340127677882123
2.6531420615767245,25.338040579614287
2.652863729566875,25.33595348134645
2.6525854559486075,25.33386638307861
2.6523072407035495,25.331779284810775
2.6520290838133356,25.32969218654294
2.6517509852596075,25.326150480430872
2.6514729450240155,25.321269505418357
2.6511949630882174,25.31638853040584
2.650917039433878,25.311507555393327
2.6506391740426714,25.306626580380808
2.650361366896277,25.27263411931766
2.6500836179763847,25.265567477659065
2.6498059272646897,25.260411890821388
2.6495282947428955,25.255511682507922
2.6492507203927143,25.250611474194454
2.6489732041958645,25.24571126588099
2.648695746134073,25.24081105756752
2.648418346189075,25.235910849254054
2.648141004342612,25.23101064094059
2.6478637205764333,25.226110432627124
2.647586494872297,25.21624101031982
2.6473093272119677,25.205209021906175
2.647032217577218,25.194177033492515
2.646755165949828,25.18998960164201
2.6464781723115856,25.185952412356194
2.646201236644287,25.181734025373387
2.6459243589297343,25.177515638390584
2.645647539149739,25.17329725140778
2.6453707772861197,25.169078864424982
2.6450940733207013,25.164860477442176
2.6448174272353184,25.16064209045937
2.6445408390118113,25.15642370347657
2.6442643086320294,25.152205316493763
2.643987836077829,25.14798692951096
2.6437114213310733,25.143768542528157
2.6434350643736346,25.13955015554535
2.6431587651873922,25.135331768562548
2.642882523754232,25.126043767813144
2.642606340056049,25.116014233012777
2.642330214074744,25.105984698212414
2.6420541457922275,25.10097456399364
2.6417781351904157,25.07430516775259
2.6415021822512332,25.070553820671535
2.6412262869566123,25.066802473590474
2.6409504492884928,25.06305112650942
2.640674669228821,25.059299779428365
2.6403989467595523,25.055548432347305
2.6401232818626488,25.051797085266244
2.63984767452008,25.048045738185188
2.639572124713823,25.04429439110413
2.639296632425863,25.040543044023075
2.6390211976381925,25.036791696942018
2.6387458203328107,25.033040349860958
2.6384705004917257,25.029289002779905
2.638195238096952,25.025537655698848
2.6379200331305115,25.021786308617788
2.6376448855744346,25.018034961536728
2.637369795410758,24.98334877693378
2.637094762621528,24.976966747409044
2.6368197871887955,24.954432188750125
2.636544869094621,24.946666148882997
2.6362700083210715,24.93890010901587
2.635995204850222,24.931134069148737
2.6357204586641543,24.923368029281608
2.6354457697449587,24.915601989414476
2.6351711380747322,24.908335127421
2.6348965636355794,24.901412626046334
2.6346220464096124,24.894859764193875
2.6343475863789507,24.88886777397615
2.634073183525722,24.882875783758426
2.6337988378320594,24.8768837935407
2.633524549280106,24.87089180332297
2.6332503178520104,24.865576211772993
2.6329761435299295,24.86039142521998
2.632702026296028,24.85520663866697
2.632427966132477,24.850021852113954
2.632153963021456,24.844873225450147
2.6318800169451513,24.839761627956705
2.6316061278857563,24.83465003046326
2.631332295825473,24.829538432969812
2.63105852074651,24.824426835476373
2.6307848026310823,24.819315237982927
2.630511141461415,24.814203640489485
2.630237537219738,24.809092042996042
2.6299639898882905,24.803897758376458
2.6296904994493175,24.79842253207545
2.6294170658850717,24.792947305774444
2.6291436891778144,24.78747207947344
2.628870369309813,24.78199685317243
2.6285971062633426,24.774850672841175
2.628323900020686,24.767685488215733
2.628050750564133,24.760950064690846
2.6277776578759813,24.754214641165966
2.627504621938535,24.74747921764108
2.627231642734106,24.74074379411619
2.626958720245014,24.728299057428412
2.626685854453586,24.71168317508124
2.6264130453421553,24.698823993919824
2.626140292893064,24.694448357725598
2.6258675970886602,24.690072721531376
2.6255949579113005,24.685697085337154
2.6253223753433486,24.681321449142928
2.6250498493671737,24.67694581294871
2.6247773799651553,24.672570176754483
2.6245049671196776,24.668194540560258
2.624232610813134,24.663818904366035
2.6239603110279246,24.6593997409689
2.623688067746456,24.6537002540353
2.6234158809511436,24.648000767101703
2.623143750624408,24.642301280168105
2.6228716767486797,24.63688214331292
2.622599659306394,24.631470753189745
2.6223276982799955,24.626059363066567
2.622055793651935,24.62170631176418
2.62178394540467,24.61847667904617
2.621512153520667,24.615247046328165
2.6212404179823983,24.612017413610157
2.620968738772345,24.60878778089215
2.620697115872993,24.605563529719063
2.6204255492668374,24.602376593025816
2.6201540389363807,24.59918965633257
2.619882584864131,24.596002719639323
2.6196111870326058,24.592815782946076
2.6193398454243275,24.589628846252836
2.6190685600218284,24.58644190955959
2.618797330807645,24.583254972866342
2.6185261577643235,24.57800696436163
2.6182550408744167,24.570699410829352
2.6179839801204836,24.565160855282997
2.617712975485092,24.559622299736642
2.6174420269508154,24.554083744190287
2.6171711345002353,24.55081628424724
2.616900298115941,24.54911874579671
2.616629517780528,24.547421207346176
2.616358793476599,24.545714383896396
2.6160881251867645,24.543984521980462
2.615817512893642,24.54225466006453
2.615546956579856,24.5405247981486
2.6152764562280386,24.53879493623267
2.6150060118208285,24.537065074316736
2.6147356233408723,24.535335212400803
2.6144652907708226,24.533605350484873
2.6141950140933403,24.531875488568943
2.6139247932910936,24.53014562665301
2.6136546283467568,24.528415764737076
2.6133845192430116,24.526685902821146
2.6131144659625485,24.524956040905217
2.6128444684880625,24.52330587813684
2.6125745268022578,24.52174265699399
2.612304640887845,24.52017943585114
2.6120348107275415,24.517683549866938
2.6117650363040723,24.51408404028276
2.61149531760017,24.510484530698584
2.6112256545985733,24.506973079337882
2.6109560472820283,24.503605553168278
2.610686495633289,24.50023802699867
2.6104169996351163,24.496680417112188
2.6101475592702768,24.491720329407578
2.609878174521546,24.486760241702967
2.6096088453717052,24.481800153998357
2.6093395718035444,24.478910119560695
2.6090703537998587,24.476348823384562
2.6088011913434523,24.47378752720843
2.608532084417135,24.471226231032297
2.6082630330037238,24.46866493485616
2.607994037086044,24.46618416732284
2.6077250966469268,24.463349311033973
2.6074562116692106,24.460269194900786
2.6071873821357414,24.4571890787676
2.6069186080293725,24.455080648581735
2.606649889332963,24.45453464253142
2.60638122602938,24.4539886364811
2.606112618101498,24.453442630430786
2.6058440655321973,24.452896624380465
2.605575568304366,24.452350618330147
2.6053071264009007,24.45180461227983
2.6050387398047024,24.451258606229512
2.60477040849868,24.450712600179195
2.604502132465751,24.450166594128877
2.604233911688838,24.450223446843502
2.6039657461508714,24.45043521607831
2.6036976358347896,24.450916453362034
2.6034295807235353,24.451819368960898
2.6031615808000614,24.45272228455976
2.6028936360473254,24.453625200158623
2.6026257464482936,24.46038277054071
2.602357911985938,24.4607670974314
2.602090132643238,24.46115142432209
2.601822408403181,24.461535751212775
2.6015547392487597,24.46192007810346
2.601287125162975,24.46230440499415
2.6010195661288336,24.46268873188484
2.600752062129351,24.463073058775528
2.600484613147548,24.46345738566621
2.600217219166454,24.4638417125569
2.599949880169104,24.46422603944759
2.5996825961385395,24.464610366338277
2.5994153670578117,24.464944197115333
2.5991481929099756,24.465130237390536
2.5988810736780947,24.465316277665742
2.5986140093452397,24.465502317940945
2.5983469998944875,24.46568835821615
2.5980800453089223,24.46587439849135
2.597813145571636,24.466060438766558
2.597546300665726,24.466246479041757
2.5972795105742974,24.466432519316964
2.5970127752804624,24.466618400616085
2.5967460947673398,24.46656988453615
2.5964794690180555,24.46642357929054
2.596212898015742,24.466277274044927
2.59594638174354,24.468916719973432
2.595679920184595,24.470026973643158
2.595413513322061,24.471137227312887
2.595147161139099,24.472108750092858
2.5948808636188754,24.473033599798292
2.594614620744565,24.473958449503733
2.5943484324993493,24.47487383141022
2.594082298866416,24.475727650387814
2.59381621982896,24.476581469365406
2.593550195370183,24.477442889414682
2.5932842254732953,24.47843437698117
2.5930183101215105,24.479425864547657
2.5927524492980525,24.480417352114145
2.59248664298615,24.48140883968063
2.59222089116904,24.482400327247117
2.5919551938299654,24.483373302054364
2.591689550952176,24.483817270459376
2.591423962518929,24.48426123886439
2.591158428513488,24.4847052072694
2.590892948919124,24.484999825523158
2.590627523719114,24.485048637262707
2.5903621528967427,24.48509744900226
2.590096836435301,24.485146260741807
2.589831574318087,24.48519507248136
2.5895663665284063,24.48524388422091
2.5893012130495694,24.48529023969327
2.5890361138648963,24.485305410166184
2.588771068957711,24.485320580639094
2.5885060783113465,24.485417433228545
2.5882411419091413,24.486139861188036
2.587976259734442,24.48686228914753
2.5877114317706007,24.48758471710702
2.5874466580009767,24.488307145066514
2.5871819384089374,24.489029573026002
2.5869172729778547,24.4898407088073
2.5866526616911094,24.486152710646
2.5863881045320873,24.487355363718912
2.5861236014841826,24.488558016791828
2.5858591525307952,24.488633379046668
2.585594757655332,24.48852122774008
2.585330416841208,24.488409076433484
2.585066130071843,24.488296925126896
2.5848018973306646,24.488184773820308
2.5845377186011067,24.48807262251372
2.58427359386661,24.487960471207124
2.5840095231106233,24.488031293912947
2.5837455063166006,24.48815774370467
2.583481543468003,24.488284193496384
2.5832176345482987,24.488410643288105
2.5829537795409623,24.48853709307982
2.582689978429476,24.488762534531013
2.5824262311973274,24.489228405958393
2.5821625378280113,24.48969427738577
2.58189889830503,24.490160148813146
2.5816353126118923,24.490626020240523
2.5813717807321126,24.4910918916679
2.581108302649213,24.49155776309528
2.5808448783467233,24.489597479748742
2.580581507808178,24.490254309159937
2.580318191017119,24.49091113857113
2.5800549279570957,24.491567967982327
2.5797917186116632,24.49222479739352
2.5795285629643843,24.492881626804717
2.5792654609988275,24.49353845621591
2.579002412698569,24.49439833337364
2.5787394180471908,24.49526480646486
2.578476477028282,24.496075072896993
2.578213589625439,24.496828226044187
2.5779507558222634,24.49758137919138
2.5776879756023643,24.498334532338575
2.5774252489493583,24.499087685485776
2.5771625758468675,24.49984083863297
2.5768999562785213,24.500593991780164
2.576637390227955,24.50134714492736
2.5763748776788122,24.50210029807456
2.5761124186147413,24.502853451221753
2.575850013019398,24.503807159791165
2.5755876608764448,24.505216383241923
2.5753253621695515,24.50662560669268
2.5750631168823936,24.508034830143433
2.574800924998654,24.509444053594187
2.574538786502021,24.510853277044944
2.5742767013761902,24.512262500495698
2.5740146696048654,24.516734762535023
2.5737526911717548,24.521454165635305
2.5734907660605737,24.526052447369807
2.5732288942550445,24.529943813187423
2.5729670757388967,24.533835179005035
2.572705310495865,24.537726544822647
2.5724435985096927,24.562366696083146
2.572181939764128,24.563039269653242
2.5719203342429258,24.563711843223338
2.5716587819298486,24.564384416793438
2.5713972828086646,24.565056990363537
2.57113583686315,24.565729563933637
2.570874444077085,24.566402137503736
2.5706131044342593,24.567074711073833
2.5703518179184677,24.567747284643932
2.5700905845135114,24.5681898416282
2.569829404203199,24.567871172065253
2.569568276971344,24.56755250250231
2.569307202801769,24.567233832939365
2.569046181678302,24.56686725204785
2.568785213584776,24.56591685473898
2.5685242985050336,24.56496645743011
2.5682634364229218,24.56401606012124
2.5680026273222953,24.561961360513266
2.5677418711870135,24.55866616748704
2.5674811680009446,24.5559732632005
2.567220517747962,24.55598966358744
2.5669599204119464,24.556006063974387
2.5666993759767847,24.556022464361327
2.56643888442637,24.556038864748274
2.5661784457446024,24.556055265135214
2.565918059915389,24.556071665522158
2.5656577269226424,24.5560880659091
2.565397446750282,24.556104466296045
2.565137219382234,24.55612086668299
2.564877044802431,24.55772149198402
2.5646169229948126,24.559341446050027
2.564356853943324,24.560961400116035
2.5640968376319173,24.562581354182043
2.563836874044552,24.56420130824805
2.563576963165192,24.56582126231406
2.5633171049778096,24.567441216380068
2.5630572994663834,24.569061170446076
2.562797546614897,24.569212409289968
2.562537846407343,24.56837137688887
2.562278198827718,24.56753034448777
2.5620186038600266,24.566878239924577
2.561759061488279,24.56964912424224
2.561499571696493,24.57439686243353
2.5612401344686915,24.57914460062483
2.5609807497889046,24.583892338816135
2.5607214176411692,24.61271923686335
2.560462138009528,24.614945140868507
2.5602029108780306,24.617171044873665
2.5599437362307333,24.61939694887882
2.559684614051698,24.621622852883966
2.559425544324993,24.623971421020794
2.5591665270346944,24.62669890729578
2.5589075621648836,24.629426393570764
2.5586486496996486,24.632153879845745
2.558389789623084,24.634906229293584
2.558130981919291,24.638414586590685
2.5578722265723774,24.641922943887792
2.5576135235664563,24.645431301184892
2.557354872885649,24.648939658481993
2.5570962745140813,24.652448015779097
2.556837728435887,24.6559563730762
2.5565792346352048,24.657643015420817
2.5563207930961815,24.657715407621875
2.5560624038029696,24.642655673901857
2.5558040667397273,24.6421433085684
2.5555457818906206,24.641630943234937
2.55528754923982,24.64111857790148
2.555029368771504,24.64060621256802
2.5547712404698575,24.64009384723456
2.554513164319071,24.639581481901104
2.554255140303341,24.639069116567647
2.553997168406872,24.638556751234184
2.5537392486138732,24.638044385900727
2.5534813809085617,24.63753202056727
2.55322356527516,24.63701965523381
2.5529658016978964,24.63650728990035
2.552708090161007,24.635994924566894
2.5524504306487334,24.635482559233434
2.552192823145324,24.634970193899974
2.551935267635033,24.63426527662849
2.5516777641021213,24.632463981609355
2.551420312530857,24.63066268659022
2.5511629129055122,24.628861391571085
2.5509055652103676,24.627060096551954
2.5506482694297095,24.628156065311693
2.5503910255478304,24.614845026830004
2.5501338335490287,24.623095419881253
2.5498766934176107,24.62997265524521
2.5496196051378877,24.63216957297762
2.549362568694177,24.634366490710033
2.5491055840708037,24.636563408442438
2.5488486512520976,24.638760326174847
2.5485917702223957,24.64095724390726
2.548334940966042,24.64315416163967
2.548078163467385,24.64535107937208
2.547821437710781,24.64754799710449
2.547564763680592,24.6497449148369
2.547308141361187,24.651180770440476
2.5470515707369397,24.65232555311615
2.5467950517922318,24.653470335791816
2.5465385845114503,24.65461511846749
2.546282168878989,24.655759901143156
2.546025804879248,24.65690468381883
2.5457694924966328,24.6580494664945
2.545513231715556,24.65919424917017
2.545257022520437,24.66033903184584
2.5450008648957003,24.64626965484217
2.5447447588257766,24.649470016738775
2.5444887042951043,24.652828631888717
2.544232701288127,24.656187247038662
2.5439767497892944,24.659545862188605
2.5437208497830635,24.660978157767165
2.5434650012538955,24.66150913046656
2.5432092041862613,24.66204010316595
2.542953458564634,24.662571075865344
2.5426977643734956,24.66310204856474
2.542442121597334,24.663633021264133
2.542186530220642,24.66416399396353
2.541930990227921,24.66469496666292
2.5416755016036756,24.66522593936232
2.54142006433242,24.665756912061713
2.5411646783986717,24.666287884761108
2.5409093437869563,24.66667307744956
2.540654060481805,24.66691581358331
2.540398828467754,24.667158549717055
2.540143647729348,24.667401285850804
2.539888518251136,24.66764402198455
2.539633440017675,24.6678867581183
2.539378413013526,24.668168198901874
2.539123437223259,24.669034975929385
2.538868512631447,24.669901752956903
2.538613639222671,24.670573149534533
2.538358816981519,24.67121170482976
2.5381040458925828,24.671850260124984
2.537849325940463,24.67248881542021
2.5375946571097643,24.673127370715434
2.5373400393850987,24.67376592601066
2.537085472751084,24.674404481305885
2.5368309571923446,24.67605229135267
2.5365764926935097,24.67734676647823
2.536322079239217,24.678641241603792
2.536067716814108,24.679935716729354
2.5358134054028323,24.68123019185491
2.535559144990044,24.682524666980477
2.5353049355604047,24.683819142106035
2.5350507770985815,24.68440526396484
2.534796669589247,24.684986591964567
2.5345426130170816,24.685567919964292
2.5342886073667703,24.686149247964018
2.5340346526230046,24.686730575963743
2.5337807487704835,24.68731190396347
2.53352689579391,24.687893231963194
2.5332730936779946,24.688474559962916
2.533019342407454,24.689055887962642
2.5327656419670097,24.689604858910386
2.532511992341391,24.689711860612405
2.5322583935153316,24.689818862314425
2.532004845473573,24.68992586401644
2.531751348200862,24.69015271158183
2.531497901681951,24.69073119794885
2.5312445059016,24.691309684315875
2.530991160844574,24.691888170682894
2.530737866495643,24.692466657049916
2.530484622839586,24.69304514341694
2.5302314298611854,24.692637546361116
2.529978287545231,24.690951855421538
2.5297251958765186,24.689266164481964
2.5294721548398496,24.68758047354239
2.529219164420032,24.68895830336823
2.5289662246018803,24.690866936565328
2.5287133353702136,24.692775569762425
2.5284604967098576,24.694901365887514
2.5282077086056454,24.698321603993946
2.5279549710424147,24.701741842100375
2.5277022840050094,24.704445116678293
2.52744964747828,24.704445249732785
2.527197061447083,24.70444538278728
2.526944525896281,24.70444330760885
2.5266920408107416,24.7043581294353
2.52643960617534,24.704272951261743
2.5261872219749564,24.70418777308819
2.5259348881944774,24.704102594914637
2.5256826048187957,24.70401741674108
2.52543037183281,24.703932238567525
2.5251781892214242,24.703847060393972
2.52492605696955,24.704102585386654
2.5246739750621043,24.704496086160916
2.524421943484009,24.704889586935177
2.524169962220193,24.70528308770944
2.523918031255591,24.705676588483698
2.5236661505751443,24.70607008925796
2.5234143201637997,24.7042954009618
2.5231625400065094,24.699722818762396
2.522910810088233,24.695150236563002
2.5226591303939343,24.690864735585215
2.522407500908585,24.691943459560395
2.5221559216171614,24.694461497764674
2.5219043925046467,24.696979535968957
2.5216529135560295,24.698180409086756
2.521401484756305,24.698219874454445
2.521150106090473,24.698259339822137
2.520898777543541,24.698298805189825
2.520647499100522,24.698338270557517
2.520396270746434,24.698377735925206
2.5201450924663016,24.698417201292898
2.519893964245156,24.698456666660586
2.5196428860680338,24.69849613202828
2.519391857919977,24.698535597395967
2.5191408797860344,24.698536870307066
2.5188899516512615,24.69767919098748
2.518639073500717,24.696580686231435
2.518388245319468,24.69548218147539
2.5181374670925876,24.694383676719347
2.517886738805153,24.693285171963304
2.517636060442249,24.69218666720726
2.5173854319889655,24.691088162451216
2.5171348534303988,24.689989657695172
2.516884324751651,24.688891152939128
2.5166338459378306,24.687781885686903
2.51638341697405,24.687214269042023
2.5161330378454303,24.686646652397144
2.5158827085370965,24.686079035752265
2.5156324290341807,24.68551141910739
2.5153821993218206,24.684943802462513
2.5151320193851596,24.684376185817634
2.514881889209347,24.683808569172758
2.5146318087795376,24.683240952527882
2.5143817780808937,24.682673335883003
2.5141317970985813,24.665851070450238
2.513881865817774,24.665670383046617
2.5136319842236508,24.665489695643
2.5133821523013964,24.665309008239383
2.5131323700362014,24.665128320835763
2.5128826374132625,24.664947633432146
2.512632954417782,24.66476694602853
2.512383321034968,24.664586258624908
2.5121337372500356,24.664405571221295
2.511884203048204,24.664224883817674
2.5116347184146997,24.664044196414057
2.5113852833347536,24.663863509010437
2.5111358977936047,24.66368282160682
2.510886561776496,24.663502134203203
2.510637275268677,24.663321446799586
2.5103880382554027,24.663140759395965
2.5101388507219347,24.662960071992348
2.509889712653539,24.66277938458873
2.50964062403549,24.658682547850937
2.509391584853065,24.654101047832004
2.509142595091549,24.649633864288468
2.508893654736233,24.63122166129699
2.5086447637724123,24.63163792326875
2.508395922185389,24.632054185240513
2.5081471299604714,24.632470447212278
2.5078983870829727,24.632886709184035
2.507649693538213,24.6333029711558
2.5074010493115173,24.633719233127557
2.507152454388217,24.634135495099322
2.506903908753649,24.634551757071087
2.506655412393156,24.63543463498473
2.506406965292086,24.6389375838604
2.5061585674357945,24.64244053273607
2.505910218809641,24.64594348161174
2.505661919398992,24.647646012453052
2.5054136691892186,24.648243144605225
2.5051654681656994,24.648840276757397
2.504917316313817,24.64943740890957
2.5046692136189614,24.64803107596078
2.5044211600665265,24.64645932406252
2.504173155641914,24.644887572164258
2.5039252003305297,24.654514292216433
2.5036772941177867,24.65189449306905
2.5034294369891024,24.64927469392167
2.503181628929901,24.646654894774287
2.502933869925613,24.64517812575001
2.5026861599616725,24.643848633603042
2.502438499023521,24.642519141456077
2.502190887096606,24.641189649309105
2.5019433241663793,24.63986015716214
2.5016958102183007,24.638530665015168
2.501448345237833,24.637201172868203
2.501200929210447,24.635871680721234
2.500953562121618,24.634542188574265
2.5007062439568286,24.6332126964273
2.5004589747015644,24.631439156762237
2.5002117543413194,24.62909261604252
2.4999645828615917,24.626746075322806
2.499717460247886,24.624399534603086
2.4994703864857124,24.622052993883372
2.4992233615605866,24.619706453163655
2.498976385458031,24.61735991244394
2.498729458163572,24.615013371724224
2.498482579662743,24.61266683100451
2.4982357499410823,24.61032104336875
2.497988968984135,24.6079816392892
2.497742236777451,24.605642235209658
2.4974955533065866,24.60330283113011
2.4972489185571027,24.600963427050566
2.497002332514567,24.59862402297102
2.496755795164553,24.59628461889148
2.4965093064926385,24.59394521481193
2.4962628664844084,24.59160581073239
2.4960164751254523,24.589266406652843
2.4957701324013666,24.586927002573297
2.4955238382977525,24.584637679217124
2.495277592800217,24.582353249776773
2.4950313958943733,24.58006882033642
2.4947852475658396,24.578287870443212
2.49453914780024,24.577002191054955
2.4942930965832044,24.5757165116667
2.4940470939003685,24.574242788678667
2.4938011397373736,24.57215076268085
2.493555234079866,24.570058736683034
2.4933093769134986,24.56796671068522
2.4930635682239295,24.565971186187966
2.492817807996823,24.56425837693253
2.492572096217848,24.562545567677084
2.4923264328726793,24.56089827400197
2.492080817946998,24.5596785905917
2.4918352514264908,24.558458907181432
2.4915897332968493,24.557239223771163
2.491344263543772,24.555357194593647
2.4910988421529616,24.55336306862894
2.4908534691101267,24.551368942664233
2.4906081444009827,24.549374816699526
2.4903628680112493,24.547380690734816
2.4901176399266522,24.545386564770105
2.489872460132924,24.543369719396075
2.4896273286158,24.51537467020318
2.4893822453610244,24.51178183128756
2.4891372103543445,24.50818899237194
2.4888922235815154,24.50459615345633
2.4886472850282955,24.50100331454071
2.4884023946804503,24.497410475625095
2.4881575525237505,24.49383291383012
2.4879127585439726,24.491332783928417
2.4876680127268984,24.488832654026716
2.4874233150583156,24.48633252412501
2.487178665524018,24.483832394223313
2.4869340641098026,24.481332264321612
2.4866895108014746,24.47883213441991
2.4864450055848444,24.476332004518206
2.4862005484457264,24.473831874616508
2.4859561393699425,24.471331744714803
2.485711778343319,24.468831614813098
2.485467465351688,24.46094827188309
2.485223200380888,24.45497140724971
2.4849789834167613,24.44899454261634
2.484734814445157,24.44302514825941
2.4844906934519297,24.440016010532723
2.4842466204229394,24.437006872806034
2.4840025953440517,24.433997735079345
2.4837586182011377,24.43098859735266
2.4835146889800743,24.42797945962597
2.483270807666744,24.424970321899284
2.483026974247033,24.4219611841726
2.4827831887068363,24.41895204644591
2.4825394510320518,24.415942908719224
2.482295761208584,24.413851971920224
2.482052119222343,24.412512112211743
2.4818085250592445,24.411172252503263
2.481564978705209,24.409832392794783
2.481321480146163,24.408492533086303
2.4810780293680392,24.407152673377826
2.4808346263567747,24.40581281366935
2.480591271098312,24.40447295396087
2.4803479635786,24.40313309425239
2.4801047037835935,24.398873691497933
2.479861491699251,24.397388961069236
2.4796183273115386,24.395904230640543
2.4793752106064266,24.39441950021185
2.479132141569891,24.392934769783157
2.4788891201879126,24.3914720388099
2.4786461464464797,24.390016018780905
2.4784032203315847,24.3885599987519
2.478160341829225,24.387103978722898
2.477917510925405,24.385647958693895
2.477674727606133,24.384191938664895
2.4774319918574244,24.382582598988208
2.4771893036652988,24.38095215055899
2.4769466630157813,24.380250150874225
2.4767040698949034,24.379683175786035
2.476461524288701,24.379116200697837
2.476219026183217,24.378549225609646
2.4759765755644976,24.377982250521452
2.4757341724185964,24.377390357534765
2.475491816731572,24.376786950815994
2.475249508489487,24.376183544097223
2.4750072476784117,24.37558013737845
2.4747650342844207,24.374976730659675
2.4745228682935934,24.374690182364702
2.474280749692016,24.374715509505542
2.474038678465779,24.37474083664638
2.4737966546009793,24.37476616378722
2.4735546780837185,24.37479149092806
2.473312748900105,24.374816376720776
2.47307086703625,24.37470554485993
2.4728290324782725,24.374594712999084
2.472587245212296,24.374483881138232
2.4723455052244496,24.374373049277388
2.4721038125008676,24.375343127395173
2.4718621670276906,24.37810947569446
2.4716205687910633,24.38087582399374
2.4713790177771364,24.396958251817164
2.4711375139720664,24.40322732749778
2.4708960573620145,24.409414769706743
2.470654647933148,24.41517906947541
2.470413285671639,24.42033409625961
2.4701719705636656,24.422044861433292
2.4699307025954105,24.423755626606983
2.469689481753063,24.425466391780667
2.4694483080228165,24.42717715695435
2.4692071813908707,24.42888792212804
2.46896610184343,24.43048181597628
2.4687250693667044,24.431965620547615
2.4684840839469104,24.43344942511895
2.468243145570268,24.434933229690287
2.468002254223004,24.435783059342334
2.4677614098913496,24.435064606275294
2.4675206125615423,24.434346153208246
2.467279862219824,24.433627700141205
2.4670391588524425,24.432909247074164
2.4667985024456516,24.43219079400712
2.4665578929857097,24.431472340940076
2.46631733045888,24.43075388787303
2.4660768148514323,24.430035434805987
2.465836346149641,24.429316981738946
2.465595924339786,24.42793578115164
2.465355549408153,24.425993101453557
2.4651152213410317,24.42405042175548
2.464874940124719,24.4221077420574
2.4646347057455156,24.420165062359324
2.4643945181897284,24.418222382661245
2.46415437744367,24.416279702963166
2.463914283493657,24.414156792925336
2.463674236326012,24.411966743613135
2.463434235927063,24.40977669430093
2.463194282283144,24.40758664498873
2.462954375380593,24.405396595676528
2.4627145152057546,24.403206546364324
2.462474701744977,24.401016497052122
2.462234934984616,24.39882644773992
2.4619952149110307,24.396636398427717
2.461755541510587,24.394446349115515
2.461515914769655,24.392443126668955
2.4612763346746105,24.39061846762634
2.4610368012118347,24.38879380858372
2.460797314367714,24.386969149541102
2.4605578741286407,24.385144490498483
2.460318480481011,24.383319831455868
2.460079133411228,24.382618754878507
2.4598398329056987,24.382148690527558
2.4596005789508366,24.381678626176605
2.4593613715330593,24.38120856182565
2.4591222106387907,24.380738497474702
2.458883096254459,24.352421513996624
2.4586440283664994,24.352165901224488
2.4584050069613506,24.351945100754516
2.4581660320254564,24.351985084681317
2.457927103545268,24.352025068608114
2.4576882215072398,24.35206505253491
2.4574493858978324,24.352105036461715
2.457210596703511,24.352145020388512
2.4569718539107472,24.352185004315313
2.4567331575060165,24.352224988242114
2.456494507475801,24.354028705043802
2.4562559038065874,24.356349296914072
2.4560173464848667,24.35866988878435
2.455778835497137,24.359817839938778
2.4555403708299,24.359196656213385
2.4553019524696644,24.35857489034735
2.455063580402942,24.357953124481313
2.4548252546162517,24.357331358615273
2.4545869750961167,24.356709592749237
2.4543487418290653,24.356087826883197
2.4541105548016318,24.365659631785576
2.453872414000355,24.363821434754538
2.453634319411779,24.3619832377235
2.4533962710224535,24.360145040692466
2.453158268818933,24.358306843661428
2.452920312787778,24.35646864663039
2.4526824029155536,24.354630449599355
2.4524445391888303,24.35279225256832
2.4522067215941825,24.342207252666448
2.451968950118192,24.330339224297386
2.451731224747445,24.318471195928325
2.4514935454685323,24.30686877782341
2.4512559122680497,24.303791033754873
2.4510183251326,24.300713289686332
2.450780784048789,24.297635545617794
2.4505432890032295,24.294557801549253
2.450305839982538,24.29148005748071
2.450068436973337,24.28840231341217
2.4498310799622542,24.28532456934363
2.449593768935922,24.282246825275088
2.449356503880979,24.279169081206547
2.4491192847840675,24.276091337138006
2.4488821116318364,24.27239801142787
2.448644984410939,24.26792372481633
2.448407903108033,24.26344943820479
2.448170867709783,24.25902747556755
2.4479338782028575,24.25461554935245
2.4476969345739312,24.250203623137352
2.447460036809683,24.24579169692225
2.4472231848967967,24.241379770707148
2.446986378821963,24.23696784449205
2.4467496185718756,24.232555918276947
2.446512904133235,24.2278251440585
2.4462762354927463,24.22262144691159
2.4460396126371187,24.217417749764678
2.445803035553068,24.212214052617767
2.4455665042273154,24.20701035547086
2.445330018646585,24.201806658323953
2.4450935787976085,24.196602961177042
2.444857184667122,24.191270503703258
2.4446208362418655,24.185690831132902
2.444384533508585,24.18008395962501
2.4441482764540328,24.174477088117108
2.4439120650649646,24.168870216609214
2.4436758993281416,24.16326334510132
2.4434397792303306,24.157608888714805
2.4432037047583033,24.15170956342378
2.442967675898837,24.148361730819587
2.442731692638713,24.14586646921739
2.442495754964718,24.14337120761519
2.4422598628636445,24.140875946012986
2.4420240163222897,24.138380684410787
2.441788215327456,24.135863784540092
2.441552459865951,24.1327482125588
2.441316749924586,24.129632640577505
2.4410810854901808,24.126517068596215
2.440845466549556,24.123454790865438
2.4406098930895403,24.12060748746653
2.4403743650969663,24.11776018406762
2.440138882558672,24.114912880668708
2.4399034454615003,24.112065577269796
2.4396680537922997,24.109218273870887
2.4394327075379234,24.10637097047198
2.4391974066852287,24.103523667073066
2.4389621512210806,24.09830441864618
2.4387269411323453,24.08721158018583
2.438491776405898,24.07611874172548
2.4382566570286164,24.065025903265127
2.438021582987384,24.053851499816318
2.43778655426909,24.04296464439839
2.437551570860628,24.032084673575532
2.4373166327488964,24.021204702752676
2.437081739920799,24.01032473192982
2.4368468923632443,23.999444761106965
2.436612090063147,23.98856479028411
2.4363773330074254,23.978792292714346
2.4361426211830035,23.969482791360612
2.4359079545768108,23.96017329000688
2.4356733331757807,23.950863788653145
2.4354387569668523,23.941457051023907
2.4352042259369706,23.931794838516957
2.434969740073084,23.92213262601
2.4347352993621465,23.913682937312018
2.4345009037911174,23.905685823794208
2.4342665533469607,23.89768871027639
2.4340322480166465,23.88969159675858
2.4337979877871483,23.88169448324077
2.4335637726454453,23.873898283216327
2.4333296025785223,23.866105083774023
2.4330954775733677,23.858311884331727
2.4328613976169766,23.85389846669891
2.4326273626963477,23.850253538457025
2.432393372798486,23.84660861021514
2.4321594279104,23.842963681973252
2.4319255280191046,23.839318753731362
2.4316916731116183,23.83567382548948
2.4314578631749666,23.832028897247596
2.4312240981961777,23.828383969005706
2.430990378162286,23.82473904076382
2.4307567030603305,23.821094112521934
2.430523072877356,23.817185453921468
2.430289487600412,23.81304746350046
2.4300559472165517,23.808909473079453
2.4298224517128353,23.804771482658445
2.4295890010763257,23.796994879609848
2.429355595294093,23.786965172981944
2.42912223435321,23.776935466354043
2.4288889182407574,23.767012778972223
2.428655646943818,23.761657446782387
2.4284224204494818,23.75806147340826
2.4281892387448414,23.754465500034136
2.427956101816996,23.75086952666001
2.4277230096530507,23.74727355328589
2.427489962240113,23.743677579911765
2.4272569595652964,23.74008160653764
2.4270240016157203,23.736485633163515
2.426791088378508,23.732889659789393
2.4265582198407887,23.729293686415268
2.4263253959896947,23.72565547243735
2.4260926168123658,23.72151597595555
2.425859882295944,23.71737647947375
2.4256271924275783,23.71323698299195
2.425394547194422,23.709097486510153
2.425161946583633,23.704957990028355
2.4249293905823746,23.70081849354655
2.424696879177815,23.69667899706475
2.4244644123571266,23.69397885636598
2.4242319901074874,23.69155178939159
2.4239996124160808,23.689124722417198
2.4237672792700935,23.679159848141026
2.4235349906567185,23.676938871910707
2.4233027465631536,23.67471789568038
2.4230705469766005,23.672496919450058
2.4228383918842673,23.670275943219735
2.4226062812733655,23.66805496698941
2.4223742151311134,23.66583399075909
2.422142193444732,23.663613014528764
2.4219102162014474,23.66139203829844
2.421678283388493,23.65917106206812
2.4214463949931053,23.656950085837792
2.421214551002525,23.65287006163966
2.420982751403999,23.64799664601851
2.4207509961847786,23.643123230397357
2.4205192853321202,23.639018174693458
2.4202876188332856,23.6318944883709
2.420055996675539,23.630780154220048
2.4198244188461526,23.6296658200692
2.4195928853324014,23.628551485918344
2.419361396121567,23.627437151767495
2.4191299512009334,23.626322817616643
2.4188985505577922,23.62520848346579
2.418667194179439,23.624094149314942
2.418435882053172,23.622979815164086
2.418204614166297,23.621865481013238
2.4179733905061243,23.620751146862382
2.4177422110599682,23.61944614431571
2.4175110758151477,23.618128135602916
2.417279984758988,23.61681012689013
2.417048937878817,23.615532182512254
2.41681793516197,23.614417187525458
2.4165869765957857,23.613302192538665
2.4163560621676066,23.61218719755187
2.4161251918647824,23.611270165598903
2.415894365674666,23.610733586882468
2.4156635835846156,23.610197008166033
2.4154328455819947,23.609660429449598
2.4152021516541704,23.609123850733162
2.414971501788516,23.60858727201673
2.414740895972409,23.6080506933003
2.414510334193231,23.607514114583864
2.4142798164383694,23.60697753586743
2.4140493426952165,23.606440957150994
2.413818912951169,23.605932430115566
2.4135885271936286,23.605697883066014
2.4133581854100012,23.605448612363844
2.4131278875876983,23.605199341661677
2.4128976337141363,23.60495007095951
2.4126674237767354,23.60470080025734
2.4124372577629214,23.604451529555174
2.4122071356601245,23.604202258853007
2.4119770574557804,23.603952988150837
2.4117470231373286,23.60370371744867
2.4115170326922137,23.603454446746504
2.411287086107887,23.603205176044334
2.4110571833718,23.6031772032835
2.410827324471414,23.603461792596235
2.4105975093941923,23.603746381908966
2.4103677381276034,23.604030971221697
2.410138010659121,23.60431556053443
2.4099083269762236,23.604600149847165
2.4096786870663935,23.604884739159896
2.409449090917119,23.605169328472627
2.4092195385158934,23.60545391778536
2.4089900298502127,23.605738507098096
2.4087605649075794,23.606023096410826
2.4085311436755004,23.607132991080242
2.408301766141488,23.60832412382586
2.408072432293057,23.60951525657147
2.40784314211773,23.610706389317087
2.407613895603033,23.6118975220627
2.4073846927364957,23.613088654808315
2.407155533505654,23.61427978755393
2.406926417898047,23.61598583350462
2.4066973459012213,23.618014394849634
2.406468317502725,23.620042956194645
2.4062393326901135,23.62207151753966
2.406010391450945,23.623332800672358
2.405781493772784,23.623727695130093
2.4055526396431994,23.624122589587824
2.405323829049763,23.62438475153803
2.405095061980054,23.62412451910371
2.4048663384216553,23.623864286669395
2.4046376583621534,23.62360405423508
2.4044090217891414,23.623343821800763
2.4041804286902155,23.623083589366445
2.4039518790529777,23.62282335693213
2.4037233728650342,23.622563124497816
2.403494910113996,23.615824185438143
2.4032664907874786,23.615462488168163
2.403038114873103,23.61510079089819
2.4028097823584944,23.614739093628213
2.402581493231282,23.614377396358236
2.402353247479101,23.614015699088263
2.40212504508959,23.613654001818286
2.401896886050394,23.613449636546484
2.401668770349161,23.61384931924473
2.401440697973544,23.614249001942973
2.4012126689112017,23.614648684641217
2.400984683149796,23.615048367339462
2.400756740676995,23.615448050037706
2.400528841480471,23.61584773273595
2.4003009855479003,23.616247415434195
2.4000731728669646,23.61664709813244
2.3998454034253496,23.617046780830684
2.3996176772107463,23.61744646352893
2.3993899942108503,23.618126097564197
2.3991623544133613,23.618641405289367
2.3989347578059848,23.616614119045956
2.39870720437643,23.614586832802548
2.398479694112411,23.61263080327676
2.3982522270016466,23.612521515022415
2.3980248030318605,23.612412226768072
2.3977974221907803,23.611989737481103
2.3975700844661385,23.61123673723945
2.397342789845674,23.6104837369978
2.397115538317127,23.60973073675615
2.3968883298682453,23.608977736514497
2.3966611644867806,23.608781731613345
2.396434042160488,23.609103008908598
2.3962069628771285,23.609424286203847
2.3959799266244675,23.609745563499096
2.3957529333902747,23.610066840794346
2.3955259831623246,23.610388118089595
2.3952990759283965,23.61070939538485
2.3950722116762746,23.61090393720267
2.3948453903937468,23.610857192931974
2.394618612068607,23.610810448661276
2.3943918766886516,23.61076370439058
2.394165184241684,23.61071696011988
2.39393853471551,23.610670215849183
2.393711928097942,23.61062347157849
2.3934853643767964,23.61057672730779
2.3932588435398934,23.610529983037097
2.3930323655750585,23.610483238766395
2.392805930470122,23.610436494495698
2.392579538212918,23.610389750225
2.392353188791286,23.610343005954306
2.3921268821930695,23.610296261683608
2.3919006184061176,23.61024951741291
2.391674397418283,23.615547749468313
2.3914482192174225,23.61560873950625
2.391222083791399,23.615669729544194
2.39099599112808,23.615730719582135
2.3907699412153356,23.615791709620076
2.390543934041042,23.615767847119344
2.39031796959308,23.6143694966374
2.390092047859335,23.612894852255064
2.389866168827696,23.611200491479227
2.389640332486058,23.609506130703387
2.3894145388223196,23.60781176992755
2.389188787824384,23.606117409151715
2.388963079480159,23.604423048375875
2.388737413777558,23.602186163696594
2.388511790704497,23.598843749012595
2.3882862102488986,23.595501334328603
2.388060672398689,23.592158919644607
2.3878351771417985,23.573814355949224
2.387609724466163,23.5716343933437
2.387384314359722,23.569687948588616
2.38715894681042,23.5677514511452
2.386933621806207,23.565814953701786
2.3867083393350352,23.563878456258372
2.386483099384863,23.561941958814963
2.386257901943654,23.560005461371546
2.386032746999375,23.55780409528841
2.3858076345399972,23.555557858141427
2.3855825645534976,23.553311620994435
2.385357537027857,23.55106538384745
2.3851325519510596,23.54879736681675
2.384907609311097,23.546367639705835
2.3846827090959626,23.54393791259492
2.3844578512936554,23.542646556407803
2.3842330358921795,23.541537079034946
2.3840082628795423,23.540427601662092
2.383783532243757,23.539318124289238
2.38355884397284,23.53820864691638
2.3833341980548126,23.537183188436643
2.383109594477702,23.536205418898724
2.382885033229538,23.535227649360806
2.382660514298356,23.53424987982289
2.3824360376721954,23.533272110284976
2.3822116033391008,23.532294340747058
2.3819872112871203,23.531316571209143
2.381762861504307,23.530329462129284
2.381538553978719,23.52898773298275
2.3813142886984178,23.5279700611815
2.381090065651471,23.52751655294132
2.380865884825949,23.527063044701144
2.3806417462099274,23.52660953646096
2.3804176497914864,23.526156028220782
2.380193595558711,23.5257025199806
2.37996958349969,23.525249011740424
2.3797456136025166,23.524795503500243
2.3795216858552894,23.524341995260066
2.3792978002461105,23.523888487019885
2.3790739567630874,23.523434978779704
2.378850155394331,23.522981470539527
2.3786263961279577,23.522527962299346
2.378402678952088,23.522093928610122
2.378179003854846,23.521692406393854
2.377955370824362,23.521290884177585
2.377731779848769,23.520889361961316
2.377508230916206,23.520487839745048
2.377284724014815,23.52008631752878
2.3770612591327445,23.51968479531251
2.3768378362581446,23.519283273096242
2.3766144553791726,23.518660143135396
2.3763911164839886,23.51799845199179
2.376167819560757,23.517336760848185
2.3759445645976482,23.516675069704576
2.375721351582836,23.516013378560974
2.3754981805044983,23.515351687417365
2.375275051350818,23.51468999627376
2.375051964109983,23.514028305130154
2.3748289187701843,23.51336661398655
2.3746059153196177,23.512704922842943
2.3743829537464847,23.512043231699337
2.3741600340389892,23.511381540555732
2.3739371561853413,23.51067587468735
2.3737143201737547,23.50975296128499
2.373491525992448,23.508830047882626
2.373268773629643,23.507907134480263
2.3730460630735677,23.5069842210779
2.372823394312453,23.481490328946094
2.372600767334535,23.4753993708728
2.3723781821280543,23.469308412799506
2.3721556386812552,23.463217454726212
2.371933136982387,23.456621966606576
2.3717106770197036,23.446874873086266
2.371488258781463,23.437127779565955
2.371265882255927,23.428031182112385
2.371043547431363,23.420904491604933
2.370821254296042,23.41377780109748
2.3705990028382393,23.406651110590026
2.370376793046235,23.400541970095944
2.370154624908314,23.394985979032477
2.3699324984127643,23.38942998796901
2.36971041354788,23.383873996905542
2.3694883703019576,23.377277590151984
2.3692663686632995,23.370357907769602
2.3690444086202125,23.363438225387213
2.368822490161006,23.35534070189786
2.3686006132739963,23.34537189855328
2.3683787779475027,23.332595092866647
2.3681569841698487,23.319818287180016
2.3679352319293625,23.282802183814553
2.3677135212143767,23.272157731393207
2.367491852013228,23.26156910082056
2.3672702243142587,23.250980470247907
2.3670486381058136,23.243568422225522
2.3668270933762425,23.238342772034276
2.3666055901139007,23.23311712184303
2.3663841283071463,23.22789147165178
2.366162707944343,23.22365969136304
2.3659413290138573,23.22017333813269
2.365719991504062,23.21668698490233
2.365498695403333,23.213200631671977
2.36527744070005,23.209714278441623
2.3650562273825995,23.206227925211266
2.3648350554393693,23.202741571980912
2.3646139248587534,23.199255218750558
2.3643928356291504,23.19374455243454
2.364171787738961,23.187922268144632
2.363950781176593,23.182099983854723
2.363729815930457,23.176277699564814
2.363508891988969,23.171371580109067
2.363288009340547,23.16877841044956
2.363067167973616,23.16618524079005
2.3628463678766036,23.163592071130537
2.3626256090379427,23.160998901471025
2.362404891446071,23.158405731811516
2.362184215089428,23.155812562152008
2.3619635799564604,23.153219392492495
2.3617429860356176,23.150626222832983
2.361522433315354,23.14803305317347
2.361301921784128,23.145439883513962
2.361081451430402,23.142846713854453
2.360861022242644,23.14025354419494
2.3606406342093242,23.13766037453543
2.360420287318919,23.135067204875917
2.360199981559908,23.132061629421727
2.359979716920776,23.12890479607682
2.359759493390011,23.12547537332767
2.3595393109561065,23.120230732781664
2.3593191696075593,23.114986092235654
2.359099069332871,23.109741451689647
2.3588790101205475,23.10449681114364
2.3586589919590986,23.099252170597637
2.3584390148370384,23.094740435177158
2.358219078742886,23.090642409786042
2.3579991836651644,23.08654438439492
2.3577793295924,23.082446359003804
2.357559516513125,23.07834833361268
2.3573397444158752,23.074250308221565
2.3571200132891903,23.06993494852892
2.3569003231216143,23.064801921001347
2.356680673901696,23.059668893473777
2.3564610656179887,23.054535865946207
2.356241498259049,23.049402838418636
2.3560219718134383,23.044269810891066
2.3558024862697224,23.039136783363492
2.355583041616471,23.03400375583592
2.355363637842258,23.02632635157093
2.355144274935663,23.0115760774662
2.3549249528852667,22.99699354521723
2.3547056716796573,22.982411012968257
2.354486431307426,22.971949558318844
2.3542672317571673,22.964319022211257
2.354048073017482,22.956688486103666
2.3538289550769735,22.94905794999609
2.35360987792425,22.94154513861291
2.353390841547923,22.934542173730463
2.35317184593661,22.927539208848017
2.352952891078932,22.920536243965568
2.352733976963514,22.91352703913826
2.352515103578985,22.90573864741812
2.3522962709139783,22.89795025569797
2.352077478957132,22.89016186397783
2.351858727697089,22.882373472257697
2.351640017122494,22.874585080537553
2.351421347221998,22.86679668881741
2.351202717984256,22.859008297097265
2.3509841293979266,22.85718522547265
2.350765581451673,22.85574342927055
2.3505470741341625,22.85430163306845
2.3503286074340672,22.85285983686635
2.350110181340062,22.851418040664246
2.349891795840827,22.849976244462145
2.3496734509250468,22.84853444826004
2.349455146581409,22.847777192112122
2.349236882798607,22.848409597395225
2.3490186595653375,22.84904200267833
2.348800476870301,22.84967440796143
2.348582334702203,22.850306813244536
2.348364233049753,22.85197425771041
2.348146171901664,22.853880402811512
2.347928151246654,22.85578654791261
2.3477101710734454,22.85769269301371
2.347492231370764,22.85798473952896
2.3472743321273395,22.857948071134835
2.3470564733319073,22.857911402740708
2.3468386549732063,22.857874734346588
2.346620877039978,22.857838065952464
2.346403139520971,22.857801397558337
2.3461854424049355,22.857764729164213
2.345967785680627,22.857728060770086
2.3457501693368057,22.857691392375962
2.3455325933622344,22.857654723981838
2.345315057745682,22.857628063437733
2.3450975624759196,22.801943982135555
2.3448801075417243,22.80076131312267
2.344662692931876,22.79957864410978
2.344445318635159,22.798395975096884
2.3442279846403626,22.79721330608399
2.3440106909362797,22.796030637071098
2.3437934375117067,22.794847968058207
2.343576224355445,22.793665299045315
2.343359051456301,22.79248263003243
2.3431419188030826,22.79129996101954
2.342924826384604,22.79011729200665
2.3427077741896833,22.78893764884397
2.342490762207142,22.787763969771405
2.342273790425806,22.786590290698847
2.3420568588345065,22.78541661162629
2.341839967422077,22.784242932553724
2.341623116177356,22.783069253481166
2.3414063050891865,22.78189557440861
2.341189534146415,22.78072189533605
2.340972803337892,22.77931632453975
2.340756112652473,22.77721039361777
2.340539462079017,22.775104462695797
2.340322851606387,22.77299853177382
2.340106281223451,22.77089260085184
2.33988975091908,22.768786669929867
2.3396732606821495,22.766680739007892
2.3394568105015394,22.764574808085918
2.339240400366134,22.76246887716394
2.33902403026482,22.760362946241962
2.3388077001864906,22.758257015319984
2.338591410120042,22.756151084398006
2.3383751600543734,22.716849193522833
2.3381589499783906,22.716232083424266
2.337942779881001,22.715614973325707
2.3377266497511178,22.71499786322714
2.337510559577657,22.720685499448507
2.33729450934954,22.72809170157749
2.3370784990556914,22.735497903706474
2.3368625286850406,22.742904105835457
2.3366465982265203,22.750881273047604
2.336430707669068,22.759074964653813
2.336214857001624,22.767268656260022
2.3359990462131344,22.774094735957476
2.335783275292549,22.77395639684864
2.33556754422882,22.773818057739803
2.3353518530109065,22.77367971863097
2.335136201627769,22.773541379522133
2.3349205900683736,22.7734030404133
2.3347050183216904,22.773264701304463
2.334489486376693,22.77312636219563
2.3342739942223596,22.772988023086796
2.334058541847672,22.773397395148756
2.333843129241616,22.773890465597894
2.333627756393182,22.774383536047033
2.3334124232913647,22.77487660649617
2.333197129925162,22.77536967694531
2.332981876283576,22.775862747394452
2.3327666623556134,22.77635581784359
2.3325514881302847,22.77815891475972
2.3323363535966037,22.780856084155417
2.33212125874359,22.78355325355112
2.3319062035602656,22.786250422946814
2.3316911880356574,22.788947592342517
2.331476212158796,22.791644761738212
2.3312612759187163,22.794341931133914
2.331046379304457,22.797039100529613
2.330831522305061,22.844309536501775
2.3306167049095743,22.810152097738296
2.330401927107049,22.808162883300938
2.33018718888654,22.806173668863575
2.3299724902371057,22.804184454426217
2.329757831147809,22.802195239988855
2.329543211607718,22.800206025551503
2.329328631605903,22.798216811114145
2.3291140911314385,22.798677243647766
2.3288995901734046,22.799269145730772
2.3286851287208843,22.79986104781378
2.3284707067629644,22.80045294989679
2.3282563242887364,22.801090190161396
2.3280419812872952,22.801741494459456
2.3278276777477407,22.80239279875752
2.3276134136591753,22.803044103055583
2.327399189010707,22.80369540735365
2.327185003791446,22.80434671165171
2.3269708579905086,22.80499801594977
2.3267567515970136,22.805528596797203
2.326542684600084,22.8056341403742
2.326328656988848,22.805739683951195
2.326114668752436,22.805845227528195
2.325900719879984,22.806133353565578
2.3256868103606303,22.807448208870156
2.325472940183519,22.808763064174734
2.325259109337797,22.810077919479312
2.3250453178126156,22.811392774783894
2.32483156559713,22.81270763008847
2.3246178526804995,22.814022485393053
2.3244041790518875,22.81533734069763
2.324190544700461,22.816314248841536
2.3239769496153913,22.815730134225717
2.323763393785853,22.815282964919597
2.323549877201026,22.814835795613476
2.323336399850093,22.814388626307355
2.323122961722241,22.813941457001235
2.3229095628066614,22.813494287695114
2.3226962030925495,22.813047118388997
2.3224828825691035,22.812599949082873
2.3222696012255266,22.812152779776756
2.322056359051026,22.811705610470636
2.321843156034813,22.811258441164515
2.3216299921661014,22.810811271858395
2.3214168674341105,22.809691650505876
2.3212037818280638,22.807447754610802
2.320990735337187,22.805203858715725
2.3207777279507114,22.80295996282065
2.3205647596578713,22.800716066925578
2.320351830447905,22.7984721710305
2.320138940310056,22.796228275135427
2.3199260892335705,22.79977350673075
2.3197132772076983,22.79749571728249
2.3195005042216943,22.7936268660719
2.319287770264817,22.789758014861327
2.319075075326328,22.780771401289762
2.3188624193954945,22.77951331549675
2.3186498024615854,22.77825522970373
2.318437224513876,22.77699714391072
2.3182246855416433,22.7757390581177
2.3180121855341698,22.77448097232469
2.317799724480741,22.77322288653167
2.3175873023706473,22.771964800738658
2.3173749191931825,22.770706714945646
2.3171625749376434,22.769448629152627
2.316950269593332,22.768190543359616
2.3167380031495535,22.766932457566597
2.316525775595618,22.76567437177358
2.316313586920838,22.764416285980566
2.3161014371145314,22.76315820018755
2.3158893261660194,22.761900114394543
2.3156772540646267,22.71872564097376
2.315465220799682,22.716566958756722
2.315253226360519,22.714408276539686
2.315041270736474,22.712249594322653
2.3148293539168874,22.710090912105617
2.3146174758911044,22.707932229888584
2.314405636648473,22.705773547671548
2.314193836178346,22.70361486545451
2.3139820744700796,22.701456183237482
2.313770351513034,22.699297501020446
2.313558667296573,22.69713881880341
2.313347021810065,22.694980136586373
2.3131354150428813,22.692821454369337
2.3129238469843987,22.6906627721523
2.3127123176239954,22.70570097755177
2.312500826951056,22.70295677474504
2.312289374954968,22.700307633803696
2.3120779616251217,22.699261429611965
2.311866586950913,22.698215225420242
2.3116552509217407,22.697169021228515
2.3114439535270077,22.696122817036787
2.3112326947561215,22.695076612845064
2.3110214745984914,22.694030408653333
2.3108102930435335,22.69298420446161
2.310599150080665,22.691938000269886
2.310388045699309,22.69089179607816
2.3101769798888907,22.68986572279185
2.309965952638841,22.690519067430817
2.3097549639385933,22.691172412069783
2.3095440137775856,22.691825756708745
2.3093331021452594,22.69114264713212
2.3091222290310602,22.689320604194727
2.308911394424437,22.68749856125733
2.308700598314843,22.68567651831993
2.308489840691735,22.68385447538253
2.308279121544575,22.682032432445133
2.3080684408628263,22.680210389507735
2.307857798635958,22.678388346570337
2.307647194853443,22.67656630363294
2.307436629504757,22.628749842414503
2.30722610257938,22.623525075722334
2.307015614066796,22.61830030903016
2.3068051639564926,22.613075542337988
2.3065947522379617,22.607488878039717
2.306384378900699,22.601851224012524
2.3061740439342024,22.59621356998533
2.3059637473279766,22.590575915958134
2.305753489071528,22.584938261930944
2.305543269154367,22.57916199233457
2.305333087566008,22.573182195784163
2.3051229442959698,22.567202399233757
2.3049128393337743,22.56122260268335
2.304702772668948,22.555242806132945
2.3044927442910206,22.54926300958254
2.304282754189525,22.54328321303213
2.304072802354,22.537303416481723
2.303862888773986,22.53350275325795
2.3036530134390283,22.53106895738572
2.303443176338676,22.528635161513492
2.303233377462481,22.526201365641263
2.3030236168000005,22.523767569769035
2.3028138943407948,22.521333773896806
2.302604210074428,22.518899978024578
2.3023945639904686,22.51646618215235
2.302184956078487,22.51403238628012
2.30197538632806,22.511598590407893
2.3017658547287656,22.509164794535664
2.301556361270188,22.506730998663436
2.301346905941914,22.504297202791207
2.301137488733534,22.50186340691898
2.300928109634642,22.49942961104675
2.3007187686348374,22.49699581517452
2.3005094657237217,22.492617120101766
2.3003002008909004,22.488054701586197
2.3000909741259834,22.483380532797334
2.2998817854185845,22.47781258985243
2.2996726347583203,22.472244646907527
2.2994635221348116,22.466686312330825
2.2992544475376837,22.461155684554495
2.2990454109565657,22.455625056778175
2.298836412381088,22.45064396449797
2.298627451800888,22.44756169136733
2.2984185292056054,22.44447941823669
2.298209644584883,22.441397145106045
2.2980007979283696,22.438314871975404
2.297791989225715,22.42135499630447
2.297583218466574,22.416234294111007
2.2973744856406064,22.411113591917548
2.297165790737474,22.405992889724082
2.2969571337468424,22.400872187530624
2.296748514658382,22.39584721469253
2.2965399334617667,22.390967192873678
2.2963313901466735,22.386087171054825
2.2961228847027835,22.381207149235976
2.2959144171197816,22.376327127417127
2.2957059873873567,22.37144710559828
2.295497595495201,22.36653051193193
2.2952892414330104,22.35985544711947
2.2950809251904856,22.35537474701433
2.294872646757329,22.35089404690919
2.294664406123249,22.346413346804045
2.294456203277956,22.341932646698904
2.294248038211165,22.33745194659376
2.294039910912595,22.33297124648862
2.2938318213719677,22.304231194785864
2.293623769579009,22.302520671364185
2.293415755523449,22.300810147942506
2.293207779195021,22.299099624520828
2.292999840583463,22.29738910109915
2.2927919396785144,22.29567857767747
2.2925840764699204,22.293968054255792
2.29237625094743,22.292257530834117
2.292168463100795,22.290547007412435
2.29196071291977,22.288836483990757
2.291753000394116,22.28712596056908
2.2915453255135954,22.285415437147403
2.2913376882679755,22.283704913725725
2.2911300886470265,22.281994390304046
2.290922526640523,22.280283866882368
2.290715002238243,22.27857334346069
2.2905075154299683,22.276862820039014
2.2903000662054844,22.27461121523161
2.29009265455458,22.271694934276148
2.289885280467048,22.268778653320688
2.289677943932686,22.265862372365227
2.2894706449412925,22.262946091409766
2.2892633834826728,22.260029810454306
2.289056159546634,22.257113529498852
2.2888489731229873,22.25419724854339
2.2886418242015476,22.25128096758793
2.288434712772134,22.24877522027539
2.288227638824568,22.246952234013364
2.2880206023486767,22.245129247751336
2.2878136033342895,22.24330626148931
2.2876066417712395,22.24148327522728
2.2873997176493637,22.237009590006082
2.287192830958504,22.229648481546896
2.2869859816885034,22.22228737308771
2.2867791698292104,22.214926264628524
2.2865723953704773,22.18633862640556
2.286365658302159,22.182362402275487
2.2861589586141147,22.178386178145416
2.2859522962962076,22.174138921231567
2.285745671338304,22.169652954174673
2.2855390837302734,22.16516698711777
2.2853325334619905,22.160681020060874
2.285126020523332,22.156195053003977
2.284919544904179,22.151471860445703
2.2847131065944173,22.14660461522213
2.284506705583934,22.141513242809463
2.2843003418626218,22.134129254336543
2.284094015420376,22.126745265863626
2.283887726247097,22.119361277390716
2.283681474332687,22.114046101682206
2.2834752596670524,22.110498060749958
2.283269082240104,22.107055795836946
2.2830629420417554,22.103713672030665
2.2828568390619246,22.10037154822438
2.282650773290533,22.097029424418103
2.2824447447175045,22.09368730061182
2.2822387533327686,22.09034517680554
2.282032799126257,22.087003052999258
2.281826882087905,22.083660929192977
2.281621002207653,22.08151770437459
2.2814151594754435,22.07954346376406
2.281209353881223,22.077569223153528
2.281003585414942,22.075910915544274
2.280797854066555,22.07425661424455
2.2805921598260186,22.072602312944827
2.2803865026832946,22.0709480116451
2.2801808826283474,22.069293710345377
2.2799752996511455,22.067639409045654
2.279769753741661,22.06598510774593
2.2795642448898694,22.064330806446208
2.2793587730857503,22.062676505146484
2.279153338319287,22.06102220384676
2.2789479405804642,22.059367902547038
2.2787425798592733,22.057713601247315
2.2785372561457082,22.056190733142074
2.2783319694297655,22.05458719089325
2.2781267197014468,22.052767514237868
2.2779215069507557,22.050947837582484
2.277716331167701,22.049128160927097
2.2775111923422946,22.047308484271717
2.2773060904645512,22.04548880761633
2.27710102552449,22.04366913096095
2.2768959975121335,22.041849454305567
2.2766910064175074,22.040029777650183
2.276486052230642,22.038210100994796
2.2762811349415704,22.036390424339416
2.276076254540329,22.034715334126183
2.275871411016959,22.007154580497144
2.2756666043615037,22.005966741209146
2.275461834564011,22.004778901921153
2.2752571016145327,22.003591062633156
2.2750524055031227,22.002403223345162
2.2748477462198395,22.00121538405716
2.2746431237547458,22.000027544769168
2.2744385380979057,21.998839705481174
2.2742339892393897,21.997651866193177
2.27402947716927,21.99646402690518
2.2738250018776225,21.995276187617186
2.2736205633545272,21.994181329386226
2.273416161590067,21.993168326115175
2.27321179657433,21.992143053351462
2.2730074682974055,21.991110004640245
2.2728031767493886,21.990076955929023
2.272598921920376,21.989043907217802
2.2723947038004693,21.98801085850658
2.272190522379773,21.986977809795363
2.2719863776483957,21.985944761084138
2.2717822695964487,21.98491171237292
2.271578198214048,21.9838786636617
2.2713741634913127,21.982845614950477
2.2711701654183645,21.981812566239256
2.27096620398533,21.980913650012035
2.270762279182339,21.979868999725966
2.270558390999524,21.978824349439897
2.270354539427022,21.97777969915383
2.270150724454973,21.976735048867766
2.2699469460735213,21.975690398581698
2.269743204272814,21.974645748295632
2.2695394990430016,21.973601098009567
2.2693358303742386,21.9725564477235
2.2691321982566834,21.97151179743743
2.2689286026804965,21.970467147151364
2.2687250436358437,21.9694224968653
2.268521521112893,21.96837784657923
2.268318035101817,21.96777321903128
2.2681145855927904,21.967535849515137
2.2679111725759933,21.96729847999899
2.2677077960416074,21.967061110482845
2.26750445597982,21.966823740966703
2.267301152380819,21.966586371450557
2.267097885234799,21.96634900193441
2.266894654531956,21.96611163241827
2.26669146026249,21.965874262902123
2.2664883024166054,21.965636893385977
2.266285180984509,21.965399523869834
2.266082095956412,21.965162154353685
2.265879047322528,21.964924784837542
2.2656760350730747,21.964687415321396
2.265473059198274,21.96724291062815
2.26527011968835,21.970120674667797
2.2650672165335313,21.972998438707442
2.26486434972405,21.958129700130318
2.2646615192501405,21.95988016073416
2.264458725102042,21.961630621338003
2.2642559672699973,21.963381081941844
2.2640532457442513,21.96442316817297
2.263850560515053,21.963954187490224
2.263647911572656,21.96348520680748
2.263445298907316,21.963016226124733
2.2632427225092933,21.962547245441986
2.2630401823688504,21.962078264759242
2.2628376784762545,21.961609284076495
2.2626352108217755,21.961140303393748
2.2624327793956867,21.96071977160339
2.262230384188266,21.96037456880999
2.262028025189793,21.96002936601659
2.2618257023905524,21.959684163223187
2.261623415780832,21.95933896042979
2.2614211653509226,21.958993757636385
2.2612189510911183,21.958648554842988
2.261016772991718,21.958303352049587
2.2608146310430217,21.957958149256186
2.2606125252353357,21.957612946462785
2.2604104555589677,21.957267743669384
2.2602084220042293,21.956922540875986
2.2600064245614364,21.956577338082585
2.2598044632209078,21.955770451506833
2.2596025379729654,21.95465566908639
2.259400648807935,21.953540886665944
2.2591987957161455,21.952426104245504
2.2589969786879296,21.95131132182506
2.2587951977136234,21.950196539404615
2.2585934527835665,21.94908175698417
2.258391743888102,21.947966974563727
2.2581900710175757,21.93605271229547
2.257988434162338,21.935741620278037
2.2577868333127427,21.935430528260603
2.2575852684591453,21.93511943624317
2.2573837395919067,21.936048403436786
2.2571822467013902,21.93760566274511
2.2569807897779635,21.939162922053434
2.2567793688119964,21.940720181361762
2.2565779837938633,21.942277440670086
2.2563766347139413,21.94383469997841
2.2561753215626115,21.945391959286738
2.255974044330258,21.946949218595062
2.255772803007268,21.94825761803761
2.2555715975840336,21.948416345598545
2.2553704280509486,21.948575073159482
2.2551692943984114,21.94873380072042
2.2549681966168227,21.948892528281355
2.254767134696588,21.948493478285922
2.2545661086281155,21.947940280465552
2.2543651184018167,21.947387082645186
2.254164164008106,21.946833884824816
2.253963245437403,21.946280687004446
2.253762362680129,21.94572748918408
2.2535615157267097,21.945174291363713
2.2533607045675734,21.944621093543343
2.2531599291931528,21.958535006595064
2.2529591895938825,21.95899417820678
2.2527584857602023,21.9594533498185
2.252557817682554,21.95991252143022
2.252357185351384,21.960371693041935
2.252156588757141,21.960830864653655
2.2519560278902775,21.961290036265375
2.25175550274125,21.961749207877094
2.2515550133005178,21.962208379488814
2.2513545595585436,21.96295219017159
2.251154141505793,21.96371752116483
2.2509537591327358,21.964482852158078
2.2507534124298454,21.965248183151324
2.250553101387598,21.96609967820983
2.2503528259964733,21.966963378587998
2.2501525862469545,21.967827078966167
2.249952382129528,21.96869077934433
2.2497522136346833,21.970638348477436
2.2495520807529146,21.972712168729302
2.2493519834747175,21.974785988981168
2.249151921790593,21.976714642788995
2.248951895691044,21.976155472630573
2.248751905166577,21.97559630247215
2.2485519502077036,21.97503713231373
2.2483520308049356,21.974477962155312
2.2481521469487915,21.973918791996887
2.2479522986297904,21.97335962183847
2.2477524858384563,21.972800451680044
2.2475527085653164,21.972241281521626
2.247352966800901,21.97092001172903
2.247153260535744,21.967675853227338
2.2469535897603823,21.96443169472564
2.246753954465357,21.961187536223946
2.2465543546412112,21.958539316995648
2.2463547902784926,21.957652877792807
2.246155261367752,21.956766438589963
2.245955767899542,21.955879999387122
2.2457563098644218,21.954993560184278
2.2455568872529508,21.95410712098144
2.245357500055693,21.953220681778596
2.245158148263217,21.952334242575752
2.244958831866092,21.951447803372915
2.244759550854893,21.95056136417007
2.2445603052201966,21.94967492496723
2.2443610949525845,21.948788485764386
2.24416192004264,21.947902046561545
2.2439627804809508,21.9470156073587
2.2437636762581077,21.946129168155863
2.243564607364705,21.94524272895302
2.2433655737913396,21.944356289750175
2.2431665755286128,21.926320439876033
2.2429676125671287,21.924590496799574
2.2427686848974946,21.922860553723112
2.242569792510321,21.92113061064665
2.2423709353962225,21.919400667570187
2.2421721135458164,21.917670724493725
2.241973326949723,21.915940781417266
2.2417745755985674,21.9142108383408
2.241575859482976,21.91257294261994
2.2413771785935803,21.911496505092884
2.2411785329210137,21.91042006756583
2.240979922455914,21.909343630038776
2.240781347188922,21.908267192511722
2.2405828071106817,21.90715657033912
2.24038430221184,21.905825793726507
2.240185832483048,21.90449501711389
2.2399873979149594,21.903164240501276
2.2397889984982315,21.901833463888664
2.239590634223525,21.900502687276045
2.2393923050815037,21.899171910663433
2.2391940110628346,21.897841134050818
2.2389957521581887,21.896569871194263
2.2387975283582393,21.89513105852862
2.2385993396536645,21.89354371461937
2.2384011860351434,21.891956370710126
2.23820306749336,21.89036902680088
2.2380049840190024,21.888781682891633
2.2378069356027597,21.887194338982386
2.2376089222353257,21.88560699507314
2.2374109439073977,21.883954650534836
2.2372130006096755,21.882119990585043
2.237015092332863,21.880285330635246
2.2368172190676665,21.878450670685453
2.2366193808047963,21.876616010735653
2.2364215775349656,21.87494096723335
2.2362238092488913,21.87331107318554
2.236026075937293,21.87168117913773
2.2358283775908943,21.87005128508992
2.2356307142004215,21.86826828784872
2.235433085756604,21.86637371469022
2.235235492250175,21.86447914153171
2.235037933671871,21.862584568373205
2.2348404100124317,21.8606899952147
2.234642921262599,21.85879542205619
2.2344454674131207,21.856900848897684
2.2342480484547447,21.85500627573918
2.2340506643782243,21.85311170258067
2.2338533151743154,21.851217129422167
2.233656000833777,21.849322556263658
2.2334587213473713,21.84742798310515
2.233261476705865,21.84549127854194
2.2330642669000262,21.842243654612297
2.2328670919206277,21.838619290486278
2.2326699517584445,21.833368839808706
2.2324728464042556,21.828118389131138
2.2322757758488434,21.8229652950601
2.2320787400829927,21.818965699804732
2.2318817390974917,21.814966104549363
2.231684772883133,21.810966509293994
2.2314878414307113,21.806966914038625
2.2312909447310245,21.803460508427374
2.2310940827748746,21.80145310278457
2.2308972555530664,21.79944569714177
2.2307004630564076,21.797438291498967
2.2305037052757095,21.795430885856163
2.2303069822017867,21.793423480213363
2.2301102938254567,21.79141607457056
2.229913640137541,21.789408668927756
2.2297170211288635,21.787401263284956
2.2295204367902515,21.78539385764215
2.229323887112536,21.78338645199935
2.229127372086551,21.781379046356548
2.228930891703133,21.77937164071374
2.228734445953123,21.77736423507094
2.2285380348273645,21.77535682942814
2.228341658316704,21.773349423785334
2.228145316411992,21.771342018142533
2.227949009104082,21.769348296939977
2.22775273638383,21.76721559256551
2.2275564982420955,21.764979946971245
2.227360294669742,21.762744301376973
2.2271641256576356,21.760508655782708
2.2269679911966453,21.75827301018844
2.226771891277644,21.75603736459417
2.2265758258915076,21.753801718999902
2.226379795029115,21.751566073405634
2.226183798681349,21.749330427811365
2.225987836839094,21.747094782217097
2.2257919094932395,21.744859136622832
2.2255960166346767,21.74262349102856
2.2254001582543013,21.740204936092255
2.2252043343430112,21.737642640762544
2.225008544891708,21.720308360485006
2.224812789891297,21.71818909363582
2.224617069332685,21.716069826786633
2.2244213832067836,21.713950559937448
2.2242257315045073,21.71183129308826
2.2240301142167733,21.709712026239075
2.2238345313345023,21.707592759389886
2.2236389828486183,21.7054734925407
2.223443468750048,21.703354225691513
2.2232479890297223,21.701234958842328
2.223052543678574,21.69911569199314
2.2228571326875404,21.696454892871202
2.2226617560475606,21.693731846499972
2.222466413749578,21.690944621687215
2.2222711057845386,21.68814539566726
2.222075832143392,21.685346169647307
2.2218805928170906,21.68254694362735
2.2216853877965903,21.6797477176074
2.22149021707285,21.676948491587446
2.2212950806368315,21.66245468476577
2.2210999784795,21.66058199185676
2.220904910591824,21.65870929894775
2.2207098769647757,21.6570565790336
2.2205148775893293,21.655427999421665
2.2203199124564628,21.653799419809726
2.2201249815571575,21.652170840197787
2.2199300848823973,21.65054226058585
2.2197352224231706,21.648913680973912
2.219540394170467,21.647285101361973
2.2193456001152803,21.645656521750034
2.219150840248608,21.644027942138095
2.2189561145614496,21.642399362526156
2.218761423044809,21.640770782914217
2.218566765689692,21.639251224966355
2.2183721424871092,21.63778025070988
2.218177553428072,21.636461214300063
2.217982998503597,21.635335975248218
2.217788477704703,21.634210736196373
2.2175939910224125,21.633085497144524
2.2173995384477503,21.631960258092676
2.2172051199717453,21.63083501904083
2.2170107355854287,21.629709779988985
2.216816385279836,21.628584540937137
2.2166220690460046,21.627459301885292
2.2164277868749758,21.626334062833443
2.216233538757793,21.6252088237816
2.2160393246855046,21.624083584729753
2.2158451446491605,21.62295321905608
2.215650998639814,21.621747708780944
2.2154568866485227,21.62054219850581
2.215262808666346,21.61738647278247
2.2150687646843465,21.61168217977265
2.214874754693591,21.60597788676283
2.214680778685149,21.60027359375301
2.214486836650092,21.59722908401094
2.2142929285794954,21.595871140250974
2.214099054464439,21.594513196491008
2.2139052142960036,21.59359483477251
2.213711408065275,21.592735763096982
2.2135176357633406,21.59187669142146
2.213323897381291,21.591017619745934
2.2131301929102216,21.59015854807041
2.212936522341229,21.589299476394885
2.212742885665414,21.588440404719357
2.2125492828738795,21.587581333043836
2.2123557139577334,21.58672226136831
2.2121621789080854,21.585863189692784
2.2119686777160474,21.58500411801726
2.211775210372736,21.58414504634173
2.2115817768692705,21.583285974666207
2.2113883771967733,21.582428932745852
2.211195011346369,21.581569972870195
2.2110016793091867,21.580709521348126
2.210808381076358,21.57984906982606
2.2106151166390178,21.578988618303992
2.2104218859883034,21.578128166781923
2.2102286891153553,21.577267715259858
2.2100355260113185,21.57640726373779
2.209842396667339,21.57554681221572
2.2096493010745677,21.574686360693654
2.2094562392241577,21.573825909171585
2.209263211107265,21.572965457649516
2.2090702167150496,21.572104655263953
2.2088772560386736,21.57124382047607
2.208684329069303,21.57038298568819
2.2084914357981056,21.569522150900312
2.2082985762162544,21.56866131611243
2.2081057503149233,21.567800481324547
2.2079129580852905,21.566067996032245
2.2077201995185374,21.562203169590212
2.207527474605848,21.558338343148186
2.2073347833384096,21.55447351670616
2.2071421257074118,21.550496315092083
2.206949501704048,21.549010436854758
2.2067569113195153,21.547721679632495
2.2065643545450127,21.546432922410226
2.206371831371743,21.545144165187963
2.2061793417909117,21.543855407965694
2.2059868857937275,21.54256665074343
2.205794463371402,21.541277893521162
2.2056020745151503,21.539989136298896
2.2054097192161906,21.53870037907663
2.2052173974657427,21.537411621854364
2.2050251092550317,21.536122864632098
2.2048328545752844,21.53483410740983
2.2046406334177306,21.533545350187566
2.204448445773604,21.532256592965297
2.204256291634141,21.530967835743034
2.2040641709905797,21.529679078520765
2.2038720838341637,21.521669516585757
2.203680030156138,21.52013041194258
2.2034880099477507,21.518591307299406
2.203296023200254,21.515526659597057
2.2031040699049025,21.511800781381638
2.202912150052953,21.508074903166225
2.202720263635667,21.504349024950805
2.202528410644307,21.500623146735386
2.202336591070141,21.496897268519966
2.2021448049044388,21.493171390304546
2.2019530521384723,21.489445512089127
2.2017613327635175,21.486516016420325
2.2015696467708543,21.484391141792422
2.2013779941517635,21.48226626716452
2.201186374897531,21.480141392536616
2.200994788999444,21.478016517908713
2.2008032364487944,21.47589164328081
2.2006117172368755,21.473766768652908
2.2004202313549848,21.471641894025005
2.200228778794422,21.469517019397102
2.200037359546491,21.4673921447692
2.1998459736024976,21.4652672701413
2.199654620953751,21.463142395513398
2.199463301591563,21.46101752088549
2.1992720155072494,21.437960654701243
2.199080762692129,21.436388437701908
2.198889543137522,21.434816220702572
2.198698356834753,21.433244003703237
2.19850720377515,21.4316717867039
2.1983160839500426,21.430099569704566
2.1981249973507646,21.426808128686012
2.1979339439686525,21.423493605055384
2.197742923795045,21.420179081424756
2.1975519368212852,21.416864557794128
2.197360983038718,21.4135500341635
2.1971700624386923,21.410235510532875
2.196979175012559,21.406920986902247
2.1967883207516734,21.40360646327162
2.196597499647392,21.400257006205933
2.1964067116910755,21.395972323744353
2.1962159568740875,21.391687641282772
2.1960252351877942,21.387402958821195
2.195834546623565,21.38267266075151
2.1956438911727734,21.3767703376597
2.1954532688267934,21.371620112827557
2.195262679577004,21.36646988799542
2.195072123414787,21.361319663163286
2.194881600331526,21.356169438331143
2.1946911103186086,21.351019213499008
2.1945006533674256,21.345868988666865
2.1943102294693704,21.341186962059403
2.194119838615839,21.33732944806939
2.1939294807982312,21.33337335998926
2.193739156007949,21.32915732603155
2.193548864236398,21.324941292073838
2.1933586054749856,21.320725258116127
2.1931683797151242,21.316509224158413
2.1929781869482277,21.3122931902007
2.192788027165713,21.308077156242987
2.1925979003590004,21.283509743754497
2.1924078065195136,21.281159903535787
2.192217745638678,21.27881006331708
2.192027717707924,21.276460223098375
2.1918377227186827,21.27411038287967
2.191647760662389,21.271595554656827
2.1914578315304816,21.26903031704102
2.191267935314401,21.26646507942522
2.1910780720055913,21.26389984180942
2.1908882415954998,21.261334604193618
2.1906984440755766,21.258769366577816
2.1905086794372735,21.256204128962015
2.190318947672047,21.253638891346213
2.190129248771356,21.251073653730412
2.1899395827266623,21.24850841611461
2.1897499495294306,21.245943178498806
2.189560349171128,21.243377940883008
2.189370781643226,21.240812703267203
2.1891812469371974,21.238247465651405
2.1889917450445195,21.202836160238647
2.188802275956671,21.199727500628256
2.1886128396651348,21.196618841017862
2.188423436161396,21.19351018140747
2.188234065436943,21.190401521797078
2.1880447274832675,21.18729286218668
2.187855422291863,21.18418420257629
2.1876661498542274,21.18110621661708
2.1874769101618603,21.17941721422912
2.1872877032062648,21.17772821184116
2.187098528978947,21.1760392094532
2.1869093874714154,21.17435020706524
2.1867202786751827,21.172661204677276
2.186531202581763,21.170972202289313
2.1863421591826744,21.169283199901354
2.186153148469437,21.167594197513395
2.1859641704335755,21.165905195125433
2.1857752250666156,21.164216192737474
2.1855863123600865,21.16252719034951
2.185397432305521,21.160838187961552
2.1852085848944545,21.15914918557359
2.185019770118425,21.157460183185627
2.184830987968974,21.15484269349481
2.1846422384376454,21.149864303659463
2.184453521515986,21.144885913824115
2.1842648371955455,21.139907523988768
2.1840761854678776,21.134929134153417
2.183887566324537,21.130153421596
2.1836989797570836,21.12707880679855
2.183510425757078,21.124004192001102
2.183321904316085,21.120929577203654
2.1831334154256723,21.117854962406206
2.18294495907741,21.114780347608757
2.1827565352628713,21.11170573281131
2.1825681439736324,21.10863111801386
2.182379785201272,21.10555650321641
2.182191458937373,21.087998571663142
2.182003165173519,21.08419824516406
2.181814903901299,21.080397918664985
2.1816266751123035,21.076597592165903
2.181438478798125,21.073057106411817
2.181250314950361,21.071039226444157
2.1810621835606105,21.069021346476504
2.1808740846204757,21.067003466508844
2.180686018121562,21.064985586541184
2.180497984055478,21.06287463909751
2.1803099824138332,21.059296202317768
2.180122013188243,21.05571776553802
2.179934076370323,21.05213932875828
2.179746171951694,21.048560891978532
2.1795582999239773,21.044982455198788
2.179370460278799,21.041404018419044
2.1791826530077874,21.037825581639297
2.178994878102573,21.03424714485955
2.178807135554791,21.030414253480238
2.1786194253560778,21.026839034213914
2.178431747498073,21.023263814947587
2.1782441019724197,21.01968859568126
2.178056488770763,21.016113376414932
2.177868907884752,21.012538157148605
2.1776813593060376,21.00896293788228
2.1774938430262742,21.005387718615953
2.1773063590371193,21.001812499349626
2.177118907330232,20.999514012326635
2.176931487897276,20.99770799899469
2.1767441007299166,20.99590198566274
2.176556745819822,20.99409597233079
2.1763694231586643,20.98639606064623
2.1761821327381177,20.984902455878697
2.1759948745498594,20.98340885111117
2.175807648585569,20.981915246343643
2.1756204548369302,20.980421641576118
2.175433293295628,20.97892803680859
2.175246163953352,20.977434432041065
2.175059066801792,20.975940827273533
2.174872001832644,20.974447222506008
2.174684969037605,20.972953617738483
2.174497968408374,20.97146001297095
2.174310999936655,20.969966408203426
2.1741240636141534,20.9684728034359
2.173937159432578,20.966979198668373
2.1737502873836396,20.964823577271353
2.1735634474590535,20.96085429680725
2.1733766396505363,20.956885016343143
2.173189863949808,20.952915735879042
2.173003120348592,20.94894645541494
2.1728164088386133,20.944977174950836
2.172629729411601,20.941007894486738
2.1724430820592864,20.937038614022633
2.1722564667734034,20.93308443223784
2.172069883545689,20.930862501602192
2.171883332367884,20.929466092128635
2.1716968132317302,20.928069682655078
2.171510326128974,20.926673273181514
2.171323871051363,20.925276863707957
2.1711374479906493,20.9238804542344
2.170951056938587,20.922484044760843
2.170764697886932,20.92108763528728
2.1705783708274446,20.91969122581372
2.1703920757518875,20.918294816340165
2.1702058126520263,20.9168984068666
2.170019581519629,20.915501997393044
2.169833382346466,20.914105587919487
2.169647215124313,20.91270917844593
2.169461079844945,20.911312768972365
2.1692749765001422,20.90991635949881
2.169088905081687,20.90851995002525
2.1689028655813645,20.907123540551694
2.168716857990962,20.904553125784666
2.1685308823022718,20.901342738118082
2.1683449385070865,20.89813235045149
2.1681590265972024,20.894921962784903
2.1679731465644196,20.89171157511832
2.167787298400539,20.88850118745173
2.167601482097367,20.885290799785146
2.1674156976467094,20.882080412118555
2.1672299450403782,20.87887002445197
2.167044224270186,20.877019661151795
2.1668585353279495,20.87553316181001
2.1666728782054876,20.874046662468228
2.166487252894621,20.872560163126444
2.166301659387175,20.871073663784664
2.1661160976749763,20.869587164442876
2.165930567749856,20.868100665101096
2.1657450696036467,20.86661416575931
2.1655596032281834,20.86512766641753
2.1653741686153056,20.863641167075745
2.1651887657568536,20.86215466773396
2.165003394644673,20.860668168392177
2.164818055270609,20.859181669050393
2.1646327476265124,20.833857508969928
2.164447471704235,20.832189394026837
2.1642622274956325,20.830521279083747
2.1640770149925626,20.828853164140654
2.1638918341868867,20.829492816987234
2.1637066850704683,20.828069613321148
2.1635215676351733,20.82664640965506
2.163336481872871,20.82522320598897
2.163151427775434,20.823800002322876
2.1629664053347364,20.822376798656787
2.162781414542656,20.807124551480403
2.162596455391073,20.80557061869841
2.1624115278718707,20.804016685916416
2.1622266319769348,20.802462753134424
2.1620417676981543,20.80086631765578
2.1618569350274197,20.799232754098572
2.161672133956626,20.797599190541362
2.16148736447767,20.79596562698415
2.1613026265824518,20.794332063426936
2.161117920262873,20.791658269226062
2.160933245510839,20.78888496003478
2.160748602318259,20.7861116508435
2.160563990677043,20.783338341652218
2.1603794105791043,20.780565032460935
2.1601948620163594,20.779421476768643
2.1600103449807273,20.77926051052991
2.15982585946413,20.779099544291178
2.1596414054584923,20.778938578052447
2.1594569829557417,20.778777611813716
2.1592725919478077,20.778616645574985
2.159088232426624,20.77845567933625
2.158903904384125,20.77829471309752
2.15871960781225,20.77813374685879
2.1585353427029403,20.777972780620054
2.158351109048139,20.777811814381323
2.1581669068397935,20.777650848142592
2.157982736069853,20.77748988190386
2.1577985967302697,20.77732891566513
2.1576144888129978,20.777167949426396
2.157430412309996,20.777006983187665
2.1572463672132236,20.77684601694893
2.1570623535146445,20.777095465968976
2.1568783712062247,20.777439651346626
2.156694420279932,20.77778383672428
2.1565105007277383,20.77812802210193
2.1563266125416174,20.77847220747958
2.1561427557135464,20.77881639285723
2.155958930235505,20.779160578234887
2.155775136099475,20.779504763612536
2.155591373297441,20.779848948990185
2.1554076418213923,20.78019313436784
2.1552239416633183,20.786486156832368
2.1550402728152123,20.78681485939976
2.1548566352690703,20.78714356196716
2.154673029016891,20.78747226453455
2.154489454050676,20.787800967101948
2.154305910362429,20.78812966966934
2.1541223979441573,20.788458372236736
2.15393891678787,20.78878707480413
2.15375546688558,20.789115777371524
2.1535720482293015,20.789444479938922
2.153388660811053,20.789773182506313
2.153205304622855,20.79010188507371
2.1530219796567303,20.790430587641104
2.1528386859047046,20.790863671892254
2.152655423358807,20.790385072568107
2.1524721920110683,20.78987182445256
2.152288991853523,20.789358576337012
2.1521058228782075,20.788845328221463
2.1519226850771616,20.788332080105917
2.151739578442427,20.78781883199037
2.151556502966049,20.787305583874822
2.1513734586400752,20.786792335759277
2.1511904454565554,20.786279087643727
2.151007463407543,20.78544847738538
2.1508245124850935,20.78455395143152
2.1506415926812656,20.783659425477662
2.1504587039881202,20.7827648995238
2.150275846397721,20.781831130418198
2.1500930199021346,20.78053601825267
2.1499102244934303,20.779240906087143
2.1497274601636795,20.777945793921617
2.1495447269049577,20.7768427159357
2.1493620247093412,20.77638740681443
2.1491793535689108,20.77593209769316
2.1489967134757486,20.775476788571893
2.14881410442194,20.775021479450622
2.148631526399573,20.774566170329354
2.1484489794007393,20.774110861208083
2.148266463417531,20.773655552086815
2.148083978442045,20.773200242965544
2.1479015244663797,20.772548189194154
2.147719101482637,20.771617810870282
2.1475367094829205,20.77068743254641
2.147354348459338,20.769757054222538
2.1471720184039977,20.768826675898662
2.146989719309013,20.76285538255354
2.146807451166498,20.763286381369
2.14662521396857,20.76371738018446
2.1464430077073504,20.76414837899992
2.1462608323749617,20.76457937781538
2.146078687963529,20.76501037663084
2.1458965744651812,20.766660373339505
2.1457144918720483,20.768815355874167
2.145532440176265,20.770970338408823
2.145350419369967,20.773125320943485
2.145168429445293,20.775280303478148
2.144986470394385,20.77701258971364
2.1448045422093873,20.777931058183412
2.1446226448824466,20.778849526653186
2.1444407784057127,20.77976799512296
2.144258942771338,20.780686463592733
2.144077137971477,20.781604932062507
2.1438953639982876,20.78252340053228
2.1437136208439296,20.783441869002054
2.1435319085005666,20.784360337471828
2.1433502269603637,20.7852788059416
2.1431685762154897,20.78619727441137
2.142986956258115,20.78711574288115
2.1428053670804124,20.788034211350922
2.1426238086745593,20.788952679820696
2.142442281032734,20.78987114829047
2.142260784147118,20.790789616760243
2.1420793180098956,20.791708085230013
2.1418978826132533,20.79262655369979
2.1417164779493807,20.793545022169564
2.14153510401047,20.794463490639338
2.1413537607887156,20.795381959109108
2.1411724482763153,20.80935509830794
2.140991166465468,20.80959855585806
2.140809915348378,20.809842013408183
2.1406286949172495,20.810085470958306
2.1404475051642904,20.810328928508426
2.140266346081712,20.81057238605855
2.140085217661727,20.810815843608673
2.139904119896551,20.811059301158792
2.1397230527784026,20.811302758708912
2.139542016299503,20.811546216259035
2.139361010452076,20.81178967380916
2.1391800352283483,20.81203313135928
2.1389990906205485,20.812276588909402
2.138818176620908,20.812520046459525
2.1386372932216613,20.812859392054726
2.1384564404150455,20.813316801463728
2.1382756181932994,20.813774210872726
2.1380948265486657,20.814231620281728
2.1379140654733892,20.814689029690726
2.137733334959717,20.815146439099728
2.1375526349998997,20.815603848508726
2.137371965586189,20.816061257917724
2.137191326710841,20.816518667326726
2.137010718366113,20.816976076735727
2.136830140544265,20.817433486144722
2.136649593237561,20.817972029362103
2.136469076438267,20.81851125385407
2.13628859013865,20.819050478346036
2.1361081343309816,20.819589702838
2.1359277090075355,20.820128927329968
2.135747314160588,20.820668151821934
2.1355669497824175,20.821207376313897
2.135386615865305,20.821746600805863
2.1352063124015355,20.822285825297826
2.1350260393833946,20.82282504978979
2.1348457968031718,20.823364274281758
2.134665584653159,20.823903498773724
2.134485402925651,20.82444272326569
2.1343052516129437,20.824981947757657
2.134125130707338,20.82552117224962
2.1339450402011346,20.826361396040177
2.1337649800866396,20.827453798289596
2.1335849503561595,20.828546200539012
2.1334049510020052,20.83024217048458
2.1332249820164884,20.83194592557883
2.133045043391925,20.833649680673073
2.132865135120632,20.835353435767317
2.13268525719493,20.83705719086156
2.132505409607142,20.838760945955805
2.132325592349594,20.840464701050053
2.1321458054146136,20.842564218272187
2.1319660487945318,20.854353239666892
2.1317863224816813,20.856775269469523
2.131606626468399,20.859197299272147
2.131426960747022,20.861619329074777
2.131247325309893,20.8633327109467
2.131067720149354,20.86449209359666
2.130888145257752,20.86565147624662
2.130708600627436,20.86681085889657
2.1305290862507573,20.86797024154653
2.1303496021200696,20.869129624196482
2.1301701482277293,20.87028900684644
2.129990724566096,20.871448389496397
2.1298113311275304,20.872607772146353
2.129631967904398,20.87376715479631
2.1294526348890646,20.874926537446264
2.1292733320739,20.876108334149336
2.129094059451276,20.877364244713654
2.128914817013568,20.878620155277968
2.128735604753152,20.87413462486684
2.128556422662408,20.873824783379348
2.128377270733718,20.873514941891855
2.1281981489594672,20.873205100404366
2.1280190573320428,20.872895258916873
2.1278399958438343,20.87293591293328
2.127660964487235,20.873403222370193
2.1274819632546396,20.87387053180711
2.1273029921384454,20.874337841244028
2.1271240511310534,20.874805150680942
2.1269451402248647,20.875272460117856
2.1267662594122863,20.87573976955477
2.1265874086857246,20.877114157426913
2.126408588037591,20.87872696994505
2.126229797460298,20.880339782463185
2.126051036946261,20.88195259498132
2.125872306487899,20.883565407499454
2.125693606077631,20.885178220017586
2.125514935707881,20.886791032535726
2.125336295371074,20.888462064300416
2.1251576850596394,20.890238390601077
2.124979104766007,20.892014716901734
2.1248005544826105,20.89379104320239
2.124622034201886,20.89556736950305
2.124443543916271,20.89609946647957
2.1242650836182078,20.89654895368959
2.1240866533001386,20.89699844089961
2.12390825295451,20.897447928109635
2.12372988257377,20.897897415319655
2.123551542150371,20.899595631344027
2.123373231676765,20.90131307462523
2.123194951145409,20.903030517906437
2.123016700548762,20.90474796118764
2.1228384798792845,20.907231072827663
2.122660289129441,20.909786996239916
2.122482128291697,20.911791079780492
2.1223039973585216,20.91322611033927
2.122125896322386,20.914661140898048
2.121947825175765,20.91609617145683
2.121769783911134,20.91753120201561
2.1215917725209716,20.918966232574387
2.1214137909977606,20.920401263133165
2.121235839333984,20.921836293691946
2.1210579175221285,20.923271324250727
2.120880025554683,20.9247063548095
2.120702163424139,20.925987904004153
2.120524331122991,20.92629813277506
2.120346528643735,20.926919632662056
2.1201687559788707,20.927541132549052
2.1199910131208988,20.92816263243605
2.119813300062324,20.928784132323045
2.119635616795653,20.92940563221004
2.1194579633133945,20.930027132097038
2.1192803396080606,20.930648631984035
2.119102745672165,20.931270131871035
2.118925181498225,20.93189163175803
2.118747647078759,20.93251313164503
2.1185701424062895,20.933134631532027
2.11839266747334,20.93375613141902
2.118215222272438,20.93437763130602
2.1180378067961114,20.934999131193017
2.117860421036893,20.935620631080013
2.117683064987317,20.93624213096701
2.117505738639919,20.93686363085401
2.11732844198724,20.937485130741003
2.1171511750218195,20.938106630628
2.116973937736203,20.938728130515
2.1167967301229376,20.939349630401995
2.1166195521745714,20.939971130288995
2.116442403883657,20.940592630175992
2.116265285242748,20.94121413006299
2.116088196244401,20.91996701657364
2.115911136881176,20.917215919872127
2.1157341071456335,20.914464823170608
2.1155571070303383,20.912921604208364
2.1153801365278566,20.91179041096487
2.1152031956307584,20.91177894935783
2.115026284331614,20.9120792597719
2.114849402622999,20.91237957018597
2.1146725504974886,20.912679880600045
2.114495727947663,20.912980191014107
2.1143189349661022,20.91328050142818
2.114142171545392,20.91358081184225
2.1139654376781176,20.914042344261674
2.1137887333568686,20.914707697288893
2.113612058574236,20.915373050316113
2.113435413322814,20.916038403343336
2.1132587975951993,20.91670375637056
2.11308221138399,20.917369109397775
2.1129056546817884,20.917963125245265
2.112729127481198,20.918439414725597
2.1125526297748243,20.918915704205926
2.112376161555277,20.919391993686254
2.1121997228151668,20.91924485776086
2.1120233135471076,20.918606885291553
2.111846933743716,20.917968912822246
2.11167058339761,20.91733094035294
2.111494262501411,20.916692967883634
2.1113179710477423,20.916054995414328
2.1111417090292304,20.915451962805943
2.110965476438503,20.91529248548536
2.110789273268192,20.91513300816478
2.1106130995109305,20.9149735308442
2.110436955159354,20.91481405352362
2.110260840206101,20.91465457620304
2.1100847546438124,20.914495098882455
2.1099086984651314,20.914335621561875
2.109732671662704,20.914176144241296
2.109556674229178,20.914312562979493
2.1093807061572036,20.9150768949463
2.1092047674394343,20.915841226913106
2.109028858068526,20.91660555887991
2.1088529780371363,20.91736989084671
2.1086771273379257,20.918134222813514
2.1085013059635567,20.91889855478032
2.1083255139066948,20.919662886747126
2.1081497511600076,20.920427218713932
2.1079740177161654,20.92119155068074
2.1077983135678413,20.921955882647545
2.10762263870771,20.921315565913176
2.1074469931284487,20.920609832464248
2.1072713768227382,20.919904099015312
2.10709578978326,20.91814874743764
2.106920232002699,20.916392553449192
2.106744703473743,20.914636359460747
2.1065692041890816,20.912880165472302
2.106393734141407,20.911123971483857
2.1062182933234133,20.90939799958116
2.1060428817277983,20.90832833523597
2.105867499347261,20.90725867089079
2.1056921461745026,20.90618900654561
2.1055168222022282,20.90511934220043
2.105341527423145,20.904049677855248
2.1051662618299614,20.902980013510067
2.104991025415389,20.901910349164886
2.104815818172142,20.900840684819705
2.104640640092937,20.92789375460169
2.104465491170493,20.9276752486968
2.1042903713975307,20.927456742791914
2.1041152807667745,20.927238236887028
2.10394021927095,20.927019730982142
2.103765186902786,20.926801225077256
2.1035901836550135,20.926735836645747
2.1034152095203655,20.928532721326967
2.103240264491579,20.93032960600818
2.103065348561391,20.9321264906894
2.1028904617225423,20.933923375370618
2.1027156039677766,20.935720260051838
2.102540775289839,20.937517144733054
2.1023659756814768,20.93931402941427
2.1021912051354414,20.940823904928536
2.102016463644485,20.941475347173316
2.1018417512013627,20.942126789418094
2.1016670677988323,20.94277823166287
2.1014924134296535,20.943429673907644
2.1013177880865883,20.944081116152425
2.101143191762402,20.9447325583972
2.1009686244498615,20.94538400064198
2.1007940861417365,20.946035442886753
2.1006195768307987,20.946686885131534
2.100445096509823,20.947338327376308
2.1002706451715856,20.947989769621085
2.1000962228088658,20.948641211865862
2.0999218294144453,20.94929265411064
2.0997474649811076,20.949944096355416
2.09957312950164,20.950595538600197
2.0993988229688307,20.95230272697205
2.0992245453754705,20.95455975825016
2.099050296714353,20.95681678952827
2.0988760769782755,20.959073820806374
2.0987018861600344,20.961330852084487
2.0985277242524316,20.9635878833626
2.0983535912482694,20.96584491464071
2.0981794871403543,20.968101945918818
2.098005411921493,20.97035897719693
2.0978313655844967,20.97261600847504
2.097657348122178,20.973149957634085
2.0974833595273514,20.97336999957546
2.0973093997928345,20.973590041516836
2.097135468911447,20.973810083458204
2.0969615668760118,20.97403012539958
2.0967876936793526,20.96753653146076
2.0966138493142967,20.95952924361844
2.0964400337736735,20.95152195577613
2.0962662470503144,20.943514667933812
2.0960924891370545,20.935507380091494
2.0959187600267284,20.930020746950877
2.0957450597121765,20.924592520584763
2.0955713881862392,20.919164294218653
2.0953977454417605,20.91373606785254
2.095224131471586,20.908307841486426
2.0950505462685642,20.902879615120312
2.094876989825546,20.8974513887542
2.094703462135384,20.892023162388085
2.094529963190934,20.88659493602197
2.094356492985054,20.90163251027187
2.0941830515106035,20.894110916190975
2.094009638760445,20.886589322110083
2.093836254727444,20.879067728029188
2.0936628994044675,20.871546133948293
2.0934895727843847,20.865827004201023
2.0933162748600687,20.864707998136048
2.0931430056243925,20.863588992071072
2.0929697650702335,20.8624699860061
2.09279655319047,20.86135097994113
2.092623369977985,20.859579812358888
2.092450215425661,20.857422450091544
2.092277089526384,20.855265087824197
2.092103992273043,20.85310772555685
2.091930923658529,20.850950363289506
2.0917578836757342,20.84879300102216
2.091584872317555,20.84663563875481
2.0914118895768894,20.844478276487465
2.091238935446637,20.842320914220117
2.091066009919701,20.837751172069126
2.0908931129889856,20.828378564462522
2.0907202446473985,20.819005956855918
2.09054740488785,20.80963334924931
2.0903745937032503,20.80026074164271
2.0902018110865153,20.79374814690768
2.0900290570305606,20.79354943537326
2.089856331528306,20.79335072383884
2.089683634572672,20.79315201230442
2.0895109661565834,20.79295330077
2.0893383262729652,20.792810586414284
2.0891657149147465,20.79285765547875
2.088993132074857,20.792904724543217
2.0888205777462305,20.792951793607685
2.088648051921802,20.79299886267215
2.0884755545945093,20.793045931736614
2.0883030857572926,20.793093000801083
2.088130645403094,20.793140069865547
2.0879582335248585,20.793187138930016
2.087785850115533,20.79323420799448
2.0876134951680663,20.793281277058945
2.0874411686754106,20.79332834612341
2.0872688706305196,20.793375415187878
2.08709660102635,20.793422484252343
2.08692435985586,20.79346955331681
2.0867521471120107,20.793516622381276
2.086579962787766,20.79356369144574
2.0864078068760907,20.793610760510205
2.086235679369953,20.79365782957467
2.0860635802623233,20.793704898639138
2.085891509546174,20.793751967703606
2.08571946721448,20.79379903676807
2.0855474532602187,20.793846105832536
2.0853754676763696,20.793893174897004
2.0852035104559143,20.793940243961472
2.085031581591837,20.793987313025934
2.0848596810771247,20.794034382090402
2.084687808904765,20.794081451154867
2.0845159650677503,20.79412852021933
2.0843441495590733,20.79458715900047
2.08417236237173,20.795650222211993
2.084000603498718,20.79671328542352
2.0838288729330388,20.79777634863504
2.0836571706676934,20.798839411846565
2.0834854966956877,20.79990247505809
2.0833138510100286,20.800965538269615
2.083142233603726,20.802028601481137
2.0829706444697917,20.803091664692666
2.0827990836012398,20.804154727904187
2.0826275509910865,20.80521779111571
2.082456046632351,20.80639889763914
2.082284570518054,20.807640816470272
2.082113122641219,20.80888273530141
2.0819417029948717,20.81012465413255
2.08177031157204,20.803666740544557
2.081598948365754,20.790757675015087
2.081427613369047,20.777848609485616
2.0812563065749528,20.764939543956146
2.081085027976509,20.752030478426676
2.080913777566755,20.745867850449038
2.0807425553387326,20.740929693759576
2.080571361285486,20.735991537070117
2.0804001954000606,20.731053380380658
2.080229057675506,20.726115223691195
2.0800579481048724,20.7200849966569
2.0798868666812136,20.714044262910967
2.0797158133975846,20.708003529165026
2.0795447882470435,20.701962795419085
2.0793737912226495,20.69623560435619
2.0792028223174657,20.694687652086433
2.079031881524556,20.693139699816676
2.078860968836988,20.691591747546923
2.0786900842478304,20.690043795277163
2.0785192277501547,20.68849584300741
2.0783483993370346,20.68694789073765
2.078177599001546,20.68539993846789
2.078006826736767,20.683851986198135
2.0778360825357782,20.68230403392838
2.0776653663916624,20.705751402023697
2.077494678297505,20.704497881966113
2.0773240182463932,20.70324436190853
2.077153386231416,20.701990841850943
2.0769827822456666,20.700737321793362
2.076812206282238,20.635799545778344
2.0766416583342266,20.62778988210573
2.0764711383947314,20.619780218433114
2.0763006464568536,20.611770554760497
2.076130182513696,20.60376089108788
2.0759597465583646,20.594768709891248
2.0757893385839665,20.538418412884646
2.075618958583612,20.536633196638277
2.0754486065504136,20.534847980391913
2.0752782824774854,20.533062764145548
2.0751079863579442,20.53127754789918
2.0749377181849096,20.529492331652815
2.0747674779515024,20.52770711540645
2.0745972656508465,20.525921899160082
2.0744270812760672,20.524136682913717
2.0742569248202933,20.522351466667352
2.0740867962766547,20.520566250420984
2.073916695638284,20.518781034174616
2.073746622898316,20.516995817928255
2.0735765780498876,20.515210601681886
2.0734065610861383,20.51342538543552
2.0732365720002104,20.511640169189157
2.0730666107852467,20.50985495294279
2.072896677434394,20.50806973669642
2.0727267719408,20.506284520450055
2.0725568942976156,20.50449930420369
2.0723870444979937,20.50258179703161
2.0722172225350897,20.50065153393604
2.07204742840206,20.498721270840473
2.071877662092065,20.496791007744903
2.0717079235982663,20.494860744649337
2.0715382129138273,20.49293048155377
2.0713685300319153,20.491000218458197
2.0711988749456984,20.48906995536263
2.071029247648347,20.48713969226706
2.0708596481330344,20.485209429171494
2.0706900763929355,20.435849885152475
2.0705205324212286,20.433692612439174
2.0703510162110925,20.43153533972587
2.0701815277557096,20.429287488269978
2.070012067048264,20.426305793910235
2.0698426340819416,20.42332409955049
2.0696732288499318,20.420342405190752
2.069503851345425,20.417360710831005
2.0693345015616145,20.414379016471266
2.0691651794916956,20.41139732211152
2.0689958851288655,20.40841562775178
2.0688266184663244,20.40543393339204
2.068657379497274,20.402452239032293
2.0684881682149188,20.399251657857757
2.068318984612465,20.393638023917205
2.0681498286831212,20.387648444370896
2.0679807004200983,20.38165886482459
2.0678115998166096,20.375669285278285
2.0676425268658702,20.369679705731976
2.0674734815610982,20.363690126185674
2.0673044638955127,20.357700546639368
2.0671354738623355,20.351710967093062
2.0669665114547913,20.345721387546757
2.0667975766661066,20.339845638884483
2.0666286694895097,20.336047925285214
2.0664597899182318,20.332336123014503
2.0662909379455052,20.328624320743796
2.066122113564566,20.324912518473088
2.0659533167686512,20.321200716202384
2.065784547551001,20.317488913931676
2.0656158059048564,20.31377711166097
2.065447091823462,20.31006530939026
2.065278405300064,20.306353507119553
2.065109746327911,20.302641704848845
2.064941114900254,20.298929902578138
2.0647725110103456,20.29521810030743
2.0646039346514407,20.291506298036722
2.064435385816797,20.287794495766015
2.064266864499674,20.284082693495307
2.064098370693333,20.279642623692226
2.0639299043910384,20.275170360890336
2.063761465586056,20.270199695378437
2.0635930542716543,20.264527069663927
2.063424670441104,20.258854443949417
2.063256314087678,20.25318181823491
2.06308798520465,20.247509192520404
2.0629196837852986,20.24183656680589
2.0627514098229023,20.236163941091384
2.0625831633107423,20.230491315376874
2.062414944242103,20.224818689662364
2.06224675261027,20.219146063947854
2.0620785884085318,20.213473438233347
2.0619104516301774,20.207800812518837
2.061742342268501,20.202128186804327
2.0615742603167955,20.19645556108982
2.0614062057683586,20.18929581829031
2.061238178616489,20.180612376855812
2.0610701788544885,20.171928935421317
2.06090220647566,20.162530632969457
2.0607342614733093,20.15078494056456
2.0605663438407436,20.13903924815967
2.0603984535712736,20.131450146594997
2.0602305906582106,20.12434864896885
2.060062755094869,20.117247151342706
2.0598949468745658,20.1101185608349
2.059727165990619,20.102882543438835
2.0595594124363505,20.09564652604277
2.0593916862050823,20.088410508646717
2.0592239872901392,20.081174491250653
2.0590563156848494,20.07393847385459
2.058888671382542,20.06670245645853
2.058721054376549,20.05946643906247
2.058553464660204,20.05223042166641
2.058385902226843,20.044994404270344
2.058218367069804,20.03892012720813
2.058050859182428,20.033103582454178
2.0578833785580573,20.027287037700233
2.0577159251900357,20.022043027829284
2.0575484990717112,20.016921630524195
2.0573811001964324,20.011800233219105
2.0572137285575502,20.006678835914016
2.0570463841484186,20.001557438608927
2.056879066962393,19.996436041303838
2.0567117769928305,19.991314643998752
2.0565445142330914,19.98772431753505
2.0563772786765373,19.985355371204243
2.0562100703165327,19.982986424873438
2.0560428891464437,19.98061747854263
2.0558757351596393,19.978248532211822
2.0557086083494895,19.975879585881017
2.0555415087093674,19.97351063955021
2.055374436232648,19.9711416932194
2.055207390912708,19.968772746888597
2.0550403727429267,19.966403800557792
2.054873381716686,19.964034854226984
2.054706417827369,19.961665907896176
2.0545394810683617,19.959296961565368
2.054372571433052,19.955660795426347
2.0542056889148292,19.94993146126591
2.0540388335070863,19.94420212710547
2.0538720052032167,19.938472792945028
2.0537052039966177,19.93274345878459
2.053538429880687,19.930791942377986
2.0533716828488267,19.928890742558337
2.053204962894438,19.92698954273868
2.0530382700109273,19.925088342919032
2.052871604191701,19.923187143099383
2.0527049654301686,19.921285943279727
2.0525383537197412,19.91938474346008
2.052371769053833,19.91748354364043
2.0522052114258593,19.915582343820777
2.052038680829238,19.913681144001124
2.051872177257389,19.911779944181472
2.0517057007037347,19.90987874436182
2.051539251161699,19.90797754454217
2.051372828624709,19.90607634472252
2.0512064330861923,19.90417514490287
2.05104006453958,19.90235738113747
2.0508737229783045,19.900555406334178
2.0507074083958012,19.898753431530885
2.050541120785507,19.893797037126394
2.050374860140861,19.886338082062316
2.0502086264553046,19.87887912699824
2.050042419722281,19.87142017193416
2.0498762399352364,19.863961216870095
2.0497100870876177,19.856502261806018
2.049543961172875,19.84904330674194
2.04937786218446,19.84158435167786
2.049211790115827,19.834598472956046
2.0490457449604325,19.82985819784369
2.048879726711734,19.82606046253575
2.048713735363193,19.82226272722781
2.0485477709082707,19.818464991919868
2.0483818333404322,19.814667256611926
2.048215922653145,19.81086952130398
2.048050038839877,19.807071785996037
2.0478841818941,19.803274050688096
2.0477183518092867,19.799476315380154
2.047552548578912,19.79567858007221
2.0473867721964543,19.791880844764265
2.047221022655392,19.785432034640046
2.047055299949207,19.776492826254227
2.046889604071383,19.76755361786841
2.0467239350154056,19.75861440948259
2.046558292774763,19.752237825181837
2.0463926773429453,19.748114109884824
2.046227088713444,19.74399039458782
2.046061526879754,19.739866679290813
2.0458959918353714,19.736220384395835
2.045730483573794,19.73260173439612
2.045565002088523,19.728983084396404
2.045399547373061,19.72536443439669
2.0452341194209125,19.721745784396973
2.0450687182255844,19.71812713439726
2.0449033437805855,19.713629668939767
2.0447379960794274,19.70576254309117
2.0445726751156226,19.69789541724258
2.0444073808826864,19.69002829139398
2.0442421133741364,19.682225728298597
2.044076872583492,19.67454922394471
2.0439116585042743,19.66747233838418
2.0437464711300075,19.667290302152022
2.0435813104542166,19.667108265919865
2.0434161764704304,19.666926229687707
2.043251069172178,19.66674419345555
2.043085988552991,19.66656215722339
2.0429209346064043,19.666380120991235
2.042755907325954,19.666198084759074
2.042590906705178,19.666016048526913
2.042425932737617,19.665834012294756
2.042260985416813,19.6656519760626
2.0420960647363104,19.66546993983044
2.041931170689657,19.665287903598283
2.0417663032704,19.665105867366123
2.0416014624720904,19.66492383113397
2.0414366482882818,19.664741794901808
2.0412718607125284,19.66455975866965
2.0411070997383876,19.664377722437493
2.040942365359418,19.66419782240562
2.040777657569182,19.664521689227882
2.0406129763612415,19.664845556050146
2.040448321729162,19.66516942287241
2.0402836936665114,19.665493289694673
2.040119092166859,19.665817156516937
2.0399545172237765,19.6661410233392
2.0397899688308367,19.666464890161464
2.0396254469816166,19.666788756983728
2.039460951669693,19.66711262380599
2.039296482888646,19.667436490628255
2.0391320406320577,19.667716329328606
2.0389676248935116,19.667962192577132
2.0388032356665944,19.668208055825662
2.038638872944894,19.66845391907419
2.0384745367219996,19.66869978232272
2.038310226991505,19.668945645571245
2.0381459437470038,19.669191508819775
2.0379816869820924,19.669437372068305
2.037817456690369,19.669683235316832
2.0376532528654345,19.669929098565362
2.037489075500891,19.67017496181389
2.037324924590344,19.670420825062415
2.0371608001273995,19.670666688310945
2.0369967021056663,19.670912551559475
2.036832630518755,19.635653519689818
2.0366685853602795,19.63217573781011
2.0365045666238535,19.628694582552455
2.0363405743030945,19.625213427294796
2.0361766083916217,19.621732272037143
2.036012668883056,19.618251116779486
2.0358487557710205,19.61476996152183
2.0356848690491405,19.611288806264177
2.0355210087110436,19.607807651006524
2.0353571747503585,19.605028791615737
2.0351933671607165,19.604330306871006
2.0350295859357517,19.603631822126278
2.034865831069099,19.60293333738155
2.034702102554396,19.60223485263682
2.034538400385282,19.60153636789209
2.0343747245554,19.60083788314736
2.0342110750583915,19.614608862253363
2.034047451887904,19.614224231295303
2.033883855037584,19.613839600337243
2.033720284501082,19.613454969379184
2.03355674027205,19.61307033842112
2.0333932223441407,19.61268570746306
2.033229730711011,19.612301076505
2.033066265366319,19.61191644554694
2.032902826303724,19.61153181458888
2.0327394135168886,19.61114718363082
2.032576026999476,19.61076255267276
2.0324126667451536,19.61026103662165
2.0322493327475883,19.609235590176937
2.032086025000451,19.608077308490042
2.0319227434974136,19.60682020343541
2.0317594882321504,19.605563098380784
2.031596259198338,19.604305993326157
2.031433056389654,19.60304888827153
2.0312698797997792,19.601791783216896
2.031106729422396,19.60053467816227
2.030943605251189,19.599277573107642
2.0307805072798435,19.598020468053008
2.0306174355020494,19.59676336299838
2.030454389911496,19.595506257943754
2.0302913705018772,19.594249152889127
2.030128377266886,19.592992047834493
2.02996541020022,19.591734942779865
2.0298024692955767,19.59047783772524
2.029639554546658,19.589220732670608
2.0294766659471657,19.58801629859103
2.0293138034908043,19.5870438001154
2.0291509671712813,19.586406083332975
2.028988156982305,19.58576836655055
2.0288253729175856,19.585130649768132
2.0286626149708367,19.584492932985704
2.028499883135772,19.583855216203283
2.028337177406109,19.583217499420858
2.0281744977755665,19.582579782638433
2.028011844237865,19.581942065856012
2.0278492167867275,19.581304349073584
2.0276866154158784,19.580890734057448
2.027524040119045,19.581074654274758
2.0273614908899558,19.58125857449207
2.0271989677223416,19.581442494709385
2.0270364706099357,19.581626414926696
2.026873999546473,19.580502827028006
2.02671155452569,19.57696278330446
2.0265491355413254,19.573422739580913
2.0263867425871203,19.569882695857366
2.026224375656818,19.566342652133827
2.026062034744163,19.562802608410284
2.025899719842902,19.559262564686737
2.025737430946785,19.55572252096319
2.0255751680495613,19.552182477239647
2.0254129311449844,19.5486424335161
2.02525072022681,19.51400507882598
2.0250885352887944,19.512428920473596
2.0249263763246965,19.510852762121207
2.0247642433282773,19.509276603768818
2.0246021362932995,19.507700445416432
2.024440055213528,19.50612428706404
2.0242780000827305,19.504548128711654
2.024115970894675,19.50281612498024
2.023953967643133,19.501073238765482
2.0237919903218766,19.49933035255072
2.023630038924682,19.49758746633597
2.0234681134453245,19.49584458012121
2.023306213877584,19.49410169390645
2.023144340215241,19.492358807691694
2.0229824924520785,19.490615921476937
2.0228206705818814,19.48887303526218
2.022658874598436,19.487130149047424
2.022497104495532,19.485387262832667
2.02233536026696,19.48364437661791
2.0221736419065115,19.481901490403153
2.022011949407983,19.480158604188397
2.0218502827651705,19.478644456667638
2.0216886419718727,19.477294377709352
2.0215270270218904,19.475596718178814
2.0213654379090262,19.473770083669866
2.021203874627085,19.471943449160914
2.021042337169874,19.470116814651966
2.0208808255312003,19.468290180143015
2.0207193397048755,19.466463545634067
2.020557879684713,19.46463691112512
2.0203964454645256,19.462810276616167
2.0202350370381312,19.460983642107216
2.020073654399348,19.459151299993717
2.0199122975419965,19.457303219842483
2.019750966459899,19.455455139691246
2.01958966114688,19.45360705954001
2.019428381596766,19.45175897938877
2.019267127803386,19.449910899237533
2.0191058997605693,19.448062819086296
2.0189446974621488,19.44621473893506
2.018783520901959,19.44436665878382
2.0186223700738353,19.44246890001778
2.0184612449716175,19.438476930216495
2.0183001455891443,19.4344849604152
2.0181390719202588,19.430492990613907
2.0179780239588045,19.426501020812616
2.017817001698628,19.42250905101132
2.0176560051335772,19.418517081210027
2.0174950342575024,19.414525111408736
2.017334089064255,19.410471771753997
2.0171731695476898,19.406287924277592
2.017012275701662,19.402104076801194
2.0168514075200297,19.398227544265346
2.016690564996653,19.39571142658326
2.0165297481253934,19.393195308901184
2.0163689569001146,19.390679191219107
2.016208191314683,19.388163073537022
2.016047451362965,19.385646955854945
2.015886737038832,19.383130838172868
2.015726048336154,19.380614720490783
2.015565385248805,19.378098602808706
2.0154047477706607,19.375582485126625
2.0152441358955984,19.373066367444544
2.015083549617498,19.370550249762463
2.01492298893024,19.368034132080382
2.0147624538277085,19.353814583034534
2.014601944303788,19.350890383121055
2.0144414603523657,19.347966183207575
2.0142810019673316,19.345041983294095
2.014120569142576,19.342117783380615
2.0139601618719922,19.33919358346714
2.0137997801494754,19.336269383553656
2.013639423968922,19.33334518364018
2.0134790933242317,19.3304209837267
2.013318788209305,19.327496783813224
2.0131585086180435,19.27267142766852
2.012998254544353,19.262955823139176
2.012838025982141,19.253240218609832
2.0126778229253137,19.243524614080485
2.0125176453677835,19.233809009551145
2.0123574933034627,19.22420112299861
2.012197366726265,19.214757755971654
2.012037265630107,19.20531438894469
2.0118771900089074,19.195871021917725
2.0117171398565854,19.187857975500343
2.011557115167064,19.182551869626273
2.011397115934267,19.177245763752197
2.0112371421521202,19.171939657878127
2.011077193814552,19.166633552004054
2.010917270915492,19.16132744612998
2.010757373448872,19.156021340255915
2.010597501408626,19.150715234381842
2.010437654788689,19.145409128507772
2.010277833582999,19.140103022633696
2.0101180377854955,19.134796916759626
2.0099582673901195,19.131881420579237
2.009798522390815,19.12927494386971
2.0096388027815277,19.126268103708313
2.0094791085562034,19.12326080230079
2.009319439708792,19.120253500893263
2.009159796233245,19.117246199485738
2.009000178123515,19.114238898078213
2.0088405853735565,19.11123159667069
2.0086810179773265,19.108224295263163
2.0085214759287844,19.10521699385564
2.0083619592218898,19.102209692448113
2.0082024678506065,19.09947090340395
2.008043001808898,19.097097319999122
2.0078835610907313,19.094723736594297
2.0077241456900743,19.092350153189468
2.0075647556008973,19.089976569784643
2.0074053908171727,19.087602986379814
2.0072460513328747,19.08522940297499
2.0070867371419787,19.082855819570163
2.0069274482384634,19.080482236165338
2.006768184616308,19.07810865276051
2.0066089462694943,19.07573506935568
2.006449733192006,19.073361485950855
2.006290545377829,19.07098790254603
2.00613138282095,19.068614319141197
2.005972245515359,19.066240735736372
2.0058131334550473,19.063569711997864
2.005654046634008,19.060336968052248
2.0054949850462354,19.05710422410663
2.0053359486857274,19.05387148016101
2.0051769375464823,19.05063873621539
2.0050179516225017,19.047405992269773
2.0048589909077874,19.04405842986013
2.0047000553963445,19.040499981354237
2.0045411450821793,19.036941532848356
2.0043822599593004,19.033383084342468
2.0042234000217176,19.029824635836583
2.0040645652634437,19.026266187330698
2.0039057556784923,19.022707738824806
2.0037469712608798,19.01914929031892
2.003588212004624,19.015590841813033
2.0034294779037443,19.012032393307145
2.003270768952263,19.00830404401021
2.003112085144203,19.002647687013386
2.0029534264735904,18.996993824290747
2.002794792934452,18.99133996156811
2.0026361845208176,18.98568609884547
2.0024776012267176,18.980032236122835
2.0023190430461857,18.9743783734002
2.002160509973257,18.96872451067756
