1/B (1/T),Oscillatory MR (%)
0.030184123151222455,-23.548022123739887
0.030223667798749316,-19.25453373954113
0.030263212446276177,-19.328525417793408
0.030302757093803038,-23.044234906672997
0.0303423017413299,-9.978280037206329
0.03038184638885676,-0.3348549573801982
0.03042139103638362,-9.65219640904467
0.030460935683910482,4.681867757323861
0.030500480331437343,14.795687517093352
0.030540024978964204,-5.624429647841321
0.030579569626491065,-8.396924572466261
0.030619114274017926,8.468320607831963
0.030658658921544787,-0.02974356157497482
0.030698203569071648,5.072442165269727
0.03073774821659851,17.712355213595
0.03077729286412537,16.225254873663598
0.03081683751165223,-6.3322590989645136
0.03085638215917909,0.003140284654854497
0.030895926806705953,14.167684452824457
0.030935471454232814,-2.247969053542562
0.030975016101759675,-4.310861864020318
0.031014560749286536,3.4173827539504273
0.031054105396813397,-15.153471849507586
0.031093650044340258,-6.628997526070538
0.03113319469186712,4.715063569701179
0.03117273933939398,12.302937691398725
0.03121228398692084,23.833064635147345
0.0312518286344477,14.84241730493033
0.031291373281974566,-0.38044703379522105
0.03133091792950142,-5.655159794150784
0.03137046257702829,-1.487971344472168
0.03141000722455514,-1.7005452780651567
0.03144955187208201,12.360817691370354
0.031489096519608864,12.080259588138802
0.03152864116713573,10.851252757082598
0.031568185814662586,13.584732338836588
0.031607730462189454,13.644523111565896
0.03164727510971631,8.44188187359342
0.031686819757243176,14.15297528357123
0.03172636440477003,6.354973395176554
0.0317659090522969,3.1416859549119387
0.03180545369982375,-1.0502386171168325
0.03184499834735062,8.062668599520077
0.031884542994877474,3.1409073699169845
0.03192408764240434,9.599568381069897
0.031963632289931196,-11.291529096291203
0.032003176937458064,-2.2360354864189063
0.03204272158498492,7.2114158449481565
0.032082266232511786,11.432508315223235
0.03212181088003864,7.5335674770731025
0.03216135552756551,-3.6441093027284204
0.03220090017509236,-5.122616963681246
0.03224044482261923,4.4217841506085485
0.032279989470146084,3.5139263242332532
0.03231953411767295,14.587263237639863
0.032359078765199806,4.38886962198022
0.032398623412726674,12.087522253288466
0.03243816806025353,3.0745632297513446
0.032477712707780396,-5.38841662373386
0.03251725735530725,-6.243107326883088
0.03255680200283412,-7.512520475225433
0.03259634665036097,-11.597428931501376
0.03263589129788784,-14.360313585208264
0.032675435945414694,-30.484419314546027
0.03271498059294156,-16.700449561522436
0.032754525240468416,-21.766233061032338
0.032794069887995284,8.215797345831863
0.03283361453552214,-0.47808228486146476
0.032873159183049006,-3.009720822777634
0.03291270383057586,7.227100258882555
0.03295224847810273,4.703443476851792
0.03299179312562958,8.369033118034352
0.03303133777315645,0.6448790606653674
0.033070882420683304,14.57837744380312
0.03311042706821017,28.121883235404887
0.033149971715737026,11.240682356376308
0.03318951636326389,-2.127276037678346
0.03322906101079075,4.888667109428042
0.033268605658317615,-1.58230899022562
0.03330815030584447,-11.354085174791642
0.03334769495337134,-1.394428010391838
0.03338723960089819,-3.7755991530895976
0.03342678424842506,-2.998947202046658
0.03346632889595191,-5.665950908986741
0.03350587354347878,-10.28066763865646
0.033545418191005635,-3.9400384349461604
0.0335849628385325,-0.18699112742641688
0.03362450748605936,4.738931493426975
0.033664052133586225,-0.8834863701263664
0.03370359678111308,12.76695105756902
0.03374314142863995,-4.917892669214062
0.0337826860761668,-5.641647547161082
0.03382223072369367,-0.21405915529701858
0.03386177537122052,7.021808120942286
0.03390132001874739,12.059006561285223
0.033940864666274245,16.586886520583832
0.03398040931380111,-4.3129287415977835
0.03401995396132797,-15.959490001795167
0.034059498608854835,-12.45895523721397
0.03409904325638169,-7.8352010625317625
0.03413858790390856,-5.0036846321022885
0.03417813255143541,-9.815129046986037
0.03421767719896228,-25.70507593477901
0.03425722184648913,-19.056615150946328
0.034296766494016,-8.021144318284847
0.034336311141542855,3.4368541282826683
0.03437585578906972,7.8825280261474155
0.03441540043659658,-2.8205144876677686
0.034454945084123445,-11.055552111471549
0.0344944897316503,-13.019234298903697
0.03453403437917717,-17.994737374560042
0.03457357902670402,-17.92635575995522
0.03461312367423089,-10.025977905638719
0.03465266832175774,-2.1907928903380594
0.03469221296928461,2.7226820184546696
0.034731757616811465,7.116571924463848
0.03477130226433833,3.0095620019681775
0.03481084691186519,18.891970301899043
0.034850391559392055,16.156428662234973
0.03488993620691891,6.574300432974628
0.03492948085444578,4.565304518695928
0.03496902550197263,4.238578268997831
0.0350085701494995,-14.920162023876976
0.03504811479702635,-16.573839937782953
0.03508765944455322,-15.444145529183022
0.035127204092080075,-14.587848956551866
0.03516674873960694,-21.404819866293465
0.0352062933871338,3.1900937845441
0.035245838034660665,-3.9719608540575173
0.03528538268218752,6.98526860982976
0.03532492732971439,4.288592757281776
0.03536447197724124,8.592376666733362
0.03540401662476811,-0.17543251372652335
0.03544356127229496,-4.625770296340036
0.03548310591982183,1.9406086794770374
0.035522650567348685,3.1526028071901386
0.03556219521487555,6.78339420816728
0.03560173986240241,1.9921900862531103
0.035641284509929275,-0.12755924676589458
0.03568082915745613,9.718911662416634
0.035720373804983,12.190196012946117
0.03575991845250985,9.53135930335824
0.03579946310003672,-0.13480275262124053
0.03583900774756357,-11.664641700525046
0.03587855239509044,-11.292963398889825
0.035918097042617295,-9.926324192233768
0.03595764169014416,-20.006489058974637
0.03599718633767102,-25.796909031042933
0.036036730985197885,-32.27124380058666
0.03607627563272474,-13.99652063696631
0.036115820280251607,-6.999639630651345
0.03615536492777846,-4.336816598875956
0.03619490957530533,-2.8532423528463653
0.03623445422283218,0.8379829498718401
0.03627399887035905,0.9542182336282004
0.036313543517885905,3.1615182319611073
0.03635308816541277,13.623071254440003
0.036392632812939626,18.05550010613208
0.036432177460466494,12.59944306768789
0.03647172210799335,6.827549722676668
0.036511266755520216,5.897545426002223
0.03655081140304707,2.5544632947980315
0.03659035605057394,1.0063000964892996
0.03662990069810079,2.5424095158398963
0.03666944534562766,2.6107842875213016
0.036708989993154514,-10.89790399150365
0.03674853464068138,-7.444234933162752
0.036788079288208236,-13.026715921305913
0.036827623935735104,-5.1662242772105085
0.03686716858326196,0.3395730582705436
0.036906713230788826,-5.903426183640168
0.03694625787831568,4.66898461224341
0.03698580252584255,9.33076791198508
0.0370253471733694,4.612275771508141
0.03706489182089627,5.071702288931991
0.037104436468423124,9.651677212027112
0.03714398111594999,-0.13488966009352943
0.037183525763476846,-20.267001763044316
0.037223070411003714,-18.60586702163785
0.03726261505853057,-9.349186817980112
0.037302159706057436,6.61965893861481
0.03734170435358429,6.48311428805753
0.03738124900111116,2.595509526618983
0.03742079364863801,1.1981172547374488
0.03746033829616488,4.8491784853934945
0.037499882943691734,9.894028561708827
0.0375394275912186,14.276301011216916
0.037578972238745456,7.706836069761767
0.037618516886272324,10.26197374270716
0.03765806153379918,14.11916423949504
0.037697606181326046,9.519018102910167
0.0377371508288529,4.769439788544153
0.03777669547637977,5.132056539544546
0.03781624012390662,4.05131746443201
0.03785578477143349,-0.09266323748746075
0.037895329418960344,-6.395465618168714
0.03793487406648721,-2.5279668320898807
0.037974418714014066,-5.0860984238312525
0.038013963361540934,-1.1669755939393234
0.03805350800906779,8.895357164963574
0.038093052656594656,7.473244225671088
0.03813259730412151,7.75685280822875
0.03817214195164838,13.204919957386258
0.03821168659917523,18.992921055118963
0.0382512312467021,23.446524098492866
0.038290775894228954,15.191557309161396
0.03833032054175582,3.4352114165777845
0.038369865189282676,-1.2655694907010933
0.038409409836809544,1.0754475360704028
0.0384489544843364,-13.383837841101817
0.038488499131863266,-13.188377204841832
0.03852804377939012,1.757803662574501
0.03856758842691699,5.243249281203374
0.03860713307444384,13.747378252541012
0.03864667772197071,1.794754952713003
0.038686222369497564,-0.4065832495340871
0.03872576701702443,2.5737306562232334
0.038765311664551286,-0.34697924152605353
0.038804856312078154,-0.307456842114604
0.03884440095960501,-3.6849429878124518
0.038883945607131876,3.4955601430641803
0.03892349025465873,4.297439105683075
0.0389630349021856,9.592746714078505
0.03900257954971245,14.709332921224101
0.03904212419723932,3.7764768994532716
0.039081668844766174,-11.340478840258584
0.03912121349229304,-5.638834140960796
0.039160758139819896,-3.057866102531783
0.039200302787346764,4.111946450281103
0.03923984743487362,12.402547206498236
0.039279392082400486,4.616180275567569
0.03931893672992734,1.8361039552484275
0.03935848137745421,-1.6356045898603035
0.03939802602498106,-9.947665847468514
0.03943757067250793,-18.878754664224886
0.039477115320034784,-20.136392687962797
0.03951665996756165,-14.248073451985023
0.039556204615088505,-13.493946100756814
0.03959574926261537,-4.389618885610062
0.03963529391014223,-5.761176517938415
0.039674838557669095,-20.40988708805046
0.03971438320519595,-20.90262687865753
0.03975392785272282,-1.2569434660706804
0.03979347250024967,14.674501220719637
0.03983301714777654,7.414995288598206
0.03987256179530339,3.151193783201922
0.03991210644283026,7.988275234697973
0.039951651090357115,8.383677804525746
0.03999119573788398,8.17929137646739
0.04003074038541084,12.956245215174034
0.040070285032937705,18.44211544020372
0.04010982968046456,9.133226852573024
0.04014937432799143,-0.6245815558381089
0.04018891897551828,-14.663171099399294
0.04022846362304515,-16.968545730816025
0.040268008270572,-18.782956944351206
0.04030755291809887,-6.78263158254261
0.040347097565625725,-0.8443564581131966
0.04038664221315259,-0.22463154256724138
0.04042618686067945,-4.508418919771181
0.040465731508206315,0.983417693700348
0.04050527615573317,7.167797371668559
0.04054482080326004,-3.413031758588062
0.04058436545078689,-12.342839265286276
0.04062391009831376,2.1279433986064724
0.04066345474584061,13.111965125503605
0.04070299939336748,4.865441211969252
0.040742544040894335,1.0418840783496286
0.0407820886884212,2.2455914869846136
0.04082163333594806,-2.313680506892707
0.040861177983474925,1.2552777548835934
0.04090072263100178,-0.10038369904804867
0.04094026727852865,0.4144339178359502
0.0409798119260555,-0.1197217478486472
0.04101935657358237,5.810744306880247
0.04105890122110922,-3.4952342186571723
0.04109844586863609,-8.89959478879751
0.041137990516162945,-7.743678374566233
0.04117753516368981,-8.373424581139723
0.04121707981121667,-3.724423814225574
0.041256624458743535,-1.380143838876883
0.04129616910627039,-2.141880501373432
0.04133571375379726,5.2597995957483015
0.04137525840132411,3.1203665365398177
0.04141480304885098,0.6005464676384129
0.04145434769637783,-3.7736998355603326
0.0414938923439047,-5.789944024121045
0.041533436991431555,-3.024940176729025
0.04157298163895842,-4.1095064115214015
0.04161252628648528,-7.4093950658222205
0.041652070934012145,-0.09805757718732266
0.041691615581539,15.489716326327292
0.04173116022906587,18.171500214772152
0.04177070487659272,10.618735728210101
0.04181024952411959,22.290262245844524
0.04184979417164644,20.008136719308883
0.04188933881917331,20.35531060446227
0.041928883466700165,24.78081865231454
0.04196842811422703,16.460831238421207
0.04200797276175389,2.272582568038862
0.042047517409280755,-4.63318048756364
0.04208706205680761,-11.89676820500233
0.04212660670433448,-3.357061093273586
0.04216615135186133,0.7766105308690605
0.0422056959993882,-4.334344526911458
0.04224524064691505,10.91794072419375
0.04228478529444192,20.43217773244917
0.042324329941968775,16.142080689591708
0.04236387458949564,20.94390460680471
0.0424034192370225,22.348358492566913
0.042442963884549365,26.6591344635938
0.04248250853207622,35.194474911986184
0.042522053179603087,32.776913306930645
0.04256159782712994,24.540655141544438
0.04260114247465681,17.57178981651589
0.04264068712218366,10.557077116811811
0.04268023176971053,0.3118695537091245
0.042719776417237385,0.1456792097165085
0.04275932106476425,10.983492341573692
0.042798865712291106,-2.6680068279971163
0.042838410359817974,-9.241810721833016
0.04287795500734483,-6.6408196336271
0.042917499654871696,-5.982761129743299
0.04295704430239855,-14.085442264869926
0.04299658894992542,-7.692317039601077
0.04303613359745227,4.776956331902646
0.04307567824497914,0.3969726059239562
0.043115222892505994,-1.9216304445450696
0.04315476754003286,-12.345629428207697
0.043194312187559716,-16.323184304211768
0.043233856835086584,-20.418812419647356
0.04327340148261344,-20.836524426216656
0.043312946130140306,-20.644702900936387
0.04335249077766716,-14.663654540815148
0.04339203542519403,-7.44817459442142
0.04343158007272088,1.0210696694162777
0.04347112472024775,10.100384682750427
0.043510669367774604,12.413534087727847
0.04355021401530147,7.866964586546461
0.043589758662828326,2.128431759623755
0.043629303310355194,-2.2748725821687543
0.04366884795788205,-2.777781995571889
0.043708392605408916,-1.2280738540627034
0.04374793725293577,-0.1710694666230168
0.04378748190046264,-2.256975735292075
0.04382702654798949,-8.713301032235883
0.04386657119551636,-4.0944374659892055
0.043906115843043214,-8.929067778030607
0.04394566049057008,-8.522328949705248
0.043985205138096936,-4.2540676686437315
0.044024749785623804,-3.908426277742624
0.04406429443315066,-12.061121159522536
0.044103839080677526,-13.730963400807585
0.04414338372820438,-6.16293891383901
0.04418292837573125,-0.1308491694603653
0.0442224730232581,4.565093358388925
0.04426201767078497,8.786166014434176
0.044301562318311824,10.734028200323845
0.04434110696583869,11.342111731981952
0.044380651613365546,10.412411938367262
0.044420196260892414,13.635848879533398
0.04445974090841927,-1.3860314841672992
0.044499285555946136,-14.383746051212826
0.04453883020347299,-18.65830171241926
0.04457837485099986,-8.062955478857221
0.04461791949852671,-2.0127499143801835
0.04465746414605358,-0.6120850096386903
0.044697008793580434,6.4404174238270855
0.0447365534411073,16.74151937290715
0.044776098088634156,22.186320414362314
0.044815642736161024,20.144997386757307
0.04485518738368788,23.20772215171803
0.044894732031214746,29.41799996215155
0.0449342766787416,27.14835780105993
0.04497382132626847,12.766863652062206
0.04501336597379532,1.9882556794581259
0.04505291062132219,-4.436773057011671
0.045092455268849044,-9.283902673579131
0.04513199991637591,-15.173893624819318
0.045171544563902766,-14.972329594960378
0.045211089211429634,-9.432639459950213
0.04525063385895649,-14.579056513083941
0.045290178506483356,-12.623692922158995
0.04532972315401021,-5.2644348874243505
0.04536926780153708,2.822586467653604
0.04540881244906393,6.349124384920314
0.0454483570965908,10.27642748612833
0.045487901744117654,8.932238699226705
0.04552744639164452,-1.755799621981737
0.045566991039171376,-16.251329834528775
0.045606535686698244,-24.854672113446647
0.0456460803342251,-21.766637810470804
0.045685624981751966,-19.60398001036359
0.04572516962927882,-16.75774557490818
0.04576471427680569,-15.589816564202021
0.04580425892433254,-13.76042238617553
0.04584380357185941,-17.403255696333296
0.045883348219386264,-24.627193467267286
0.04592289286691313,-28.409719860997658
0.045962437514439985,-29.502909129553267
0.04600198216196685,-24.954261947716937
0.04604152680949371,-13.719718983291953
0.046081071457020575,-8.24399301542596
0.04612061610454743,0.04315020467273811
0.0461601607520743,4.280272525310483
0.04619970539960115,1.3766875193597574
0.04623925004712802,7.194310063103163
0.04627879469465487,9.683509096552912
0.04631833934218174,0.017648332537374856
0.046357883989708595,-16.957164297940075
0.04639742863723546,-18.40460665325091
0.04643697328476232,-7.863531723655132
0.046476517932289185,1.942172932076705
0.04651606257981604,9.169592079553967
0.04655560722734291,4.967222312424006
0.04659515187486976,8.91392983621162
0.04663469652239663,12.21813240660676
0.04667424116992348,12.513333687853233
0.04671378581745035,12.928698694638094
0.046753330464977205,4.442138177595876
0.04679287511250407,0.041627245368312416
0.04683241976003093,-1.1619018439821787
0.046871964407557795,-5.736053834859673
0.04691150905508465,-8.398114196697172
0.04695105370261152,-7.371086230112393
0.04699059835013837,-14.06514919230203
0.04703014299766524,-17.183990569300953
0.04706968764519209,-3.9871515239623605
0.04710923229271896,1.6635918739509528
0.047148776940245815,-3.604368240498321
0.04718832158777268,-8.751020992408318
0.04722786623529954,-13.072626658640544
0.047267410882826405,-19.001276051109382
0.04730695553035326,-20.281211043552894
0.04734650017788013,-13.286325163905513
0.04738604482540698,-4.183910933996945
0.04742558947293385,8.60091544917167
0.0474651341204607,14.518371807653395
0.04750467876798757,17.125165350375745
0.047544223415514425,5.5672336447993125
0.04758376806304129,-2.998773068611099
0.04762331271056815,-4.209089412928066
0.047662857358095015,-0.48764297616540553
0.04770240200562187,7.085182515975681
0.04774194665314874,13.850029666659548
0.04778149130067559,18.304038091659486
0.04782103594820246,16.94278071667779
0.04786058059572931,8.67373375678921
0.04790012524325618,5.784385549039639
0.047939669890783035,3.444193313864437
0.0479792145383099,-0.11963435342865303
0.04801875918583676,-3.345051688669134
0.048058303833363625,-5.035594686947141
0.04809784848089048,-6.417368046923325
0.04813739312841735,-6.79964172355076
0.0481769377759442,-14.42595041158323
0.04821648242347107,-20.04244015835561
0.04825602707099792,-12.410821805589585
0.04829557171852479,-0.8096563305387043
0.048335116366051645,8.076192871995627
0.04837466101357851,9.583704049844812
0.04841420566110537,10.469275067590722
0.048453750308632235,5.857458249301171
0.04849329495615909,-4.279188160743333
0.04853283960368596,-2.462968054815189
0.04857238425121281,-0.3991889447536696
0.04861192889873968,-4.962506401648806
0.04865147354626653,-13.108768886728651
0.0486910181937934,-21.064429907118612
0.048730562841320255,-19.758456058090687
0.04877010748884712,-8.035376467784953
0.04880965213637398,-4.84415786842067
0.048849196783900845,-6.434565089180692
0.0488887414314277,-8.008750809842395
0.048928286078954566,-8.76417866205383
0.04896783072648142,-9.53392331285529
0.04900737537400829,-7.52255486829422
0.04904692002153514,-5.682286390390505
0.04908646466906201,-1.1755425331611207
0.049126009316588864,4.8208994080152365
0.04916555396411573,11.326791088928356
0.049205098611642586,16.029472396980093
0.049244643259169454,18.19106546028022
0.04928418790669631,4.616898487296284
0.049323732554223176,-6.874320763889656
0.04936327720175003,-26.76713551227678
0.0494028218492769,-27.418913345896712
0.04944236649680375,-19.8685717566877
0.04948191114433062,-15.62353598952874
0.049521455791857474,-15.895664727790894
0.04956100043938434,-6.809853197672844
0.049600545086911196,5.582999461738773
0.049640089734438064,18.33655660262082
0.04967963438196492,33.5466020027236
0.049719179029491786,34.286943934500634
0.04975872367701864,27.29935807612413
0.04979826832454551,22.887263971864577
0.04983781297207236,22.849717507668288
0.04987735761959923,22.328563939044002
0.049916902267126084,13.33260961010792
0.04995644691465295,2.0584633399575143
0.049995991562179806,-13.780805669967997
0.050035536209706674,-24.57032584799942
0.05007508085723353,-28.42754961521902
0.050114625504760396,-27.932749860848894
0.05015417015228725,-21.56134955925335
0.05019371479981412,-15.188139268700695
0.05023325944734097,-10.217030576733896
0.05027280409486784,-7.923721447703558
0.050312348742394694,-4.942022561844336
0.05035189338992156,2.019880381322448
0.050391438037448416,7.894755552447455
0.050430982684975284,2.9812862107703655
0.05047052733250214,1.1602273059025254
0.050510071980029006,12.71350498589346
0.05054961662755586,15.35472991539969
0.05058916127508273,14.543183905417404
0.05062870592260958,12.870542314190352
0.05066825057013645,13.158366768875
0.050707795217663304,8.518746627212614
0.05074733986519017,-0.005653150204476987
0.050786884512717026,-2.2714065718524292
0.050826429160243894,1.6591681965633107
0.05086597380777075,9.832511815614604
0.050905518455297616,18.738350023755544
0.05094506310282447,19.2028485436122
0.05098460775035134,13.82161678524298
0.05102415239787819,13.515052865316044
0.05106369704540506,12.85759143229222
0.051103241692931914,4.063131047911474
0.05114278634045878,-0.7254081078075725
0.051182330987985636,3.260978904649088
0.051221875635512504,12.329538597902623
0.05126142028303936,16.431631809049087
0.051300964930566226,15.925326090685855
0.05134050957809308,11.771635088927066
0.05138005422561995,6.957635961149235
0.0514195988731468,7.925306444408081
0.05145914352067367,7.414972624698146
0.051498688168200524,10.63826698910129
0.05153823281572739,13.462172619817252
0.051577777463254246,13.371372629628317
0.051617322110781114,11.25492917590965
0.05165686675830797,7.014073901112848
0.051696411405834836,5.212265549416134
0.05173595605336169,6.2918055741963705
0.05177550070088856,3.4625215512833893
0.05181504534841541,2.5347492750246943
0.05185458999594228,-7.590367338326653
0.051894134643469134,-15.72770791187725
0.051933679290996,-22.222236926749332
0.051973223938522856,-21.02397895672016
0.052012768586049724,-15.215007339047567
0.05205231323357658,-10.516737360362635
0.052091857881103446,-9.032135534755442
0.0521314025286303,-8.099657458901323
0.05217094717615717,-2.180275531065444
0.05221049182368402,-2.813192087812581
0.05225003647121089,-5.007477055906266
0.052289581118737744,-4.210772307673228
0.05232912576626461,-4.692446382255595
0.052368670413791465,-14.440171284954612
0.05240821506131833,-17.120433512552076
0.05244775970884519,-12.722348574098719
0.052487304356372055,-7.548474644901654
0.05252684900389891,-2.381340491804071
0.05256639365142578,-6.60673180812868
0.05260593829895263,-14.271440060987048
0.0526454829464795,-23.252135577377004
0.05268502759400635,-24.131836852433644
0.05272457224153322,-14.934523391137782
0.052764116889060075,-11.456012832957553
0.05280366153658694,-7.312256521659023
0.0528432061841138,-4.2149516578583235
0.052882750831640665,1.992955710990719
0.05292229547916752,2.6592626154610617
0.05296184012669439,-0.597286345548433
0.05300138477422124,-0.4825870861299819
0.05304092942174811,-1.3204109503154484
0.05308047406927496,-0.08119293088188861
0.05312001871680183,-5.94253804565459
0.053159563364328685,-13.982904732240966
0.05319910801185555,-17.946074225534772
0.05323865265938241,-16.407701687487766
0.053278197306909275,-15.907989418384208
0.05331774195443613,-15.047623391711712
0.053357286601963,-13.548994048012029
0.05339683124948985,-8.768128622675514
0.05343637589701672,-1.3668079387159207
0.05347592054454357,-0.8008102077505583
0.05351546519207044,-2.7139735586776244
0.053555009839597295,-2.9666019341561327
0.05359455448712416,2.5599380743067606
0.05363409913465102,4.408010172155084
0.053673643782177885,0.8448146785936625
0.05371318842970474,-0.6827522525393697
0.05375273307723161,5.3465104858099295
0.05379227772475846,15.124718573708154
0.05383182237228533,16.76563758423604
0.05387136701981218,11.972414171764052
0.05391091166733905,11.311763200425032
0.053950456314865905,15.412339394654802
0.05399000096239277,20.65108904724851
0.05402954560991963,23.475443332990423
0.054069090257446495,24.78072673575084
0.05410863490497335,22.180039720822343
0.05414817955250022,18.480681540519363
0.05418772420002707,10.232587800456656
0.05422726884755394,5.322245151185619
0.05426681349508079,-0.055213440844083195
0.05430635814260766,-2.8032700946709497
0.054345902790134515,-2.9090387531565014
0.05438544743766138,0.49644881272780594
0.05442499208518824,6.758304390981401
0.054464536732715105,10.21214421356418
0.05450408138024196,14.026381334055408
0.05454362602776883,17.366428293134895
0.05458317067529568,17.964788806358207
0.05462271532282255,14.698618151700936
0.0546622599703494,11.545704040094757
0.05470180461787627,6.857426291156727
0.054741349265403125,0.1794772787515182
0.05478089391292999,-0.29401878701432516
0.05482043856045685,-4.8041141520476565
0.054859983207983715,-12.288830298892764
0.05489952785551057,-16.9774526852875
0.05493907250303744,-24.2354040792476
0.05497861715056429,-22.843922625933267
0.05501816179809116,-18.676116639138733
0.05505770644561801,-12.36361304223069
0.05509725109314488,-5.476728058081619
0.055136795740671735,-3.4440685184927275
0.0551763403881986,-7.519789772424227
0.05521588503572546,-14.313029432366525
0.055255429683252325,-19.486317023021293
0.05529497433077918,-21.218401185780365
0.055334518978306046,-18.371515547150146
0.0553740636258329,-13.803958374370568
0.05541360827335977,-8.170598508656754
0.05545315292088662,-1.1715409966232038
0.05549269756841349,-2.528229571821786
0.055532242215940344,-0.948539136902923
0.05557178686346721,0.5109991109862424
0.055611331510994066,0.4018470319126113
0.055650876158520934,4.7772943780678805
0.05569042080604779,9.904164257578588
0.055729965453574656,11.698374756203288
0.05576951010110151,15.582995270111779
0.05580905474862838,12.566646626951108
0.05584859939615523,12.276520216252681
0.0558881440436821,14.09523483377607
0.055927688691208954,15.797347985972246
0.05596723333873582,11.623055320030355
0.056006777986262676,5.788895779517453
0.056046322633789544,-0.10156679338282082
0.0560858672813164,-6.944726973659835
0.056125411928843266,-5.63139980780414
0.05616495657637012,0.226330512576995
0.05620450122389699,3.699061687394714
0.05624404587142384,-1.9545875057932918
0.05628359051895071,-7.807825182650149
0.056323135166477564,-8.16395477688123
0.05636267981400443,-2.8768543260168116
0.056402224461531286,5.363116674953613
0.056441769109058154,12.887224922747595
0.05648131375658501,13.794660619435875
0.056520858404111876,17.083516575105605
0.05656040305163873,22.398143575033394
0.0565999476991656,22.22777714254226
0.05663949234669245,18.196244249563005
0.05667903699421932,12.964819710904326
0.056718581641746174,6.156711048284498
0.05675812628927304,1.1890830026403467
0.056797670936799896,1.1697783477909578
0.056837215584326764,-1.8724432288052224
0.05687676023185362,0.011045417303387595
0.056916304879380486,1.3403073842897157
0.05695584952690734,-2.164891156867471
0.05699539417443421,-6.065378919292314
0.05703493882196106,-9.08306577411401
0.05707448346948793,-6.940948026697836
0.057114028117014784,-0.7199319890274225
0.05715357276454165,3.1762605345041806
0.057193117412068506,9.623470562043353
0.057232662059595374,13.765018648733626
0.05727220670712223,13.63401569799396
0.057311751354649096,10.249632545286797
0.05735129600217595,5.014470686636695
0.05739084064970282,1.7270229263700951
0.05743038529722967,1.6365348425747221
0.05746992994475654,0.5597526123069798
0.057509474592283394,-1.2113795989372065
0.05754901923981026,2.0453132977492388
0.057588563887337116,10.251436679369595
0.057628108534863984,15.171673356276626
0.05766765318239084,15.72288350414889
0.057707197829917706,16.136824731565955
0.05774674247744456,14.942998614268937
0.05778628712497143,10.38454174459949
0.05782583177249828,7.1090648101677925
0.05786537642002515,3.2382031014504946
0.057904921067552004,0.04136345871897795
0.05794446571507887,-3.85546329439107
0.057984010362605726,-11.084544251635743
0.058023555010132594,-16.970898893856926
0.05806309965765945,-20.860130272119086
0.058102644305186316,-23.043250781194793
0.05814218895271317,-23.362194518810835
0.05818173360024004,-22.37056055820087
0.05822127824776689,-18.92199209406305
0.05826082289529376,-14.869381506574154
0.058300367542820614,-12.523932273752031
0.05833991219034748,-10.776328071998952
0.058379456837874336,-5.933182866721111
0.058419001485401204,0.3865573762887724
0.05845854613292806,6.371558908862605
0.058498090780454925,8.68672448971718
0.05853763542798178,9.350782333498696
0.05857718007550865,8.164854015377525
0.0586167247230355,5.654455916649246
0.05865626937056237,0.12374615965901548
0.058695814018089223,-4.175600497531299
0.05873535866561609,-6.078885604021906
0.058774903313142945,-6.979860452818954
0.05881444796066981,-7.678114696373152
0.05885399260819667,-6.754348698695349
0.058893537255723535,-11.035687914271477
0.05893308190325039,-13.957794888124031
0.05897262655077726,-14.683455327941278
0.05901217119830411,-13.09319564346071
0.05905171584583098,-10.445462474201019
0.05909126049335783,-6.909463520984948
0.0591308051408847,-1.4102760553132203
0.059170349788411555,2.9828391354928367
0.05920989443593842,7.568996512851067
0.05924943908346528,12.704396155566437
0.059288983730992145,11.960458509122013
0.059328528378519,8.404711858956098
0.05936807302604587,6.252984261820309
0.05940761767357272,5.425685796455287
0.05944716232109959,7.799148305964028
0.05948670696862644,7.936213289484771
0.05952625161615331,6.026885113680853
0.059565796263680165,5.00194187772343
0.05960534091120703,8.042917448605403
0.05964488555873389,14.529534042681663
0.059684430206260755,19.16069131267114
0.05972397485378761,24.693425402232506
0.05976351950131448,27.60574851825923
0.05980306414884133,26.777041390341388
0.0598426087963682,21.647431098321697
0.05988215344389505,13.595312722150464
0.05992169809142192,6.891345281690226
0.059961242738948775,4.02433691213073
0.06000078738647564,3.0962448509249967
0.0600403320340025,7.877134749892631
0.060079876681529365,15.148493287497896
0.06011942132905622,22.68862069026771
0.06015896597658309,26.411222520712617
0.06019851062410994,24.107586025426944
0.06023805527163681,17.916562634394484
0.06027759991916366,16.542792249699993
0.06031714456669053,14.213215481483394
0.060356689214217385,10.210735402631878
0.06039623386174425,4.782442948516062
0.06043577850927111,-0.4701516711830305
0.060475323156797975,-2.3091686311731667
0.06051486780432483,-4.660122418510719
0.0605544124518517,-6.281956212794524
0.06059395709937855,-8.478526157906686
0.06063350174690542,-8.032885296837593
0.06067304639443227,-8.285510355351501
0.06071259104195914,-9.757984225916022
0.060752135689485995,-9.65335733202178
0.06079168033701286,-4.869979414391432
0.06083122498453972,0.22752154111617529
0.060870769632066585,2.397472992330737
0.06091031427959344,4.750979370024627
0.06094985892712031,3.9545433300637125
0.06098940357464716,0.2702192569009991
0.06102894822217403,-2.8072870328285564
0.06106849286970088,-7.065880593024129
0.06110803751722775,-14.770221555167758
0.061147582164754605,-19.46696661503832
0.06118712681228147,-22.237564156767405
0.06122667145980833,-23.922466652178745
0.061266216107335195,-26.398092258651097
0.06130576075486205,-27.449857835627448
0.06134530540238892,-22.982973296753645
0.06138485004991577,-16.84653604727587
0.06142439469744264,-15.934852455949438
0.06146393934496949,-13.97299191030153
0.06150348399249636,-10.228190014045639
0.061543028640023215,-3.313856201001405
0.06158257328755008,0.7155750468289135
0.06162211793507694,3.3599473809507465
0.061661662582603805,4.343941021779608
0.06170120723013066,3.6147844123248998
0.061740751877657526,-0.549143148958807
0.06178029652518438,-4.600328805649156
0.06181984117271125,-4.50246915461196
0.0618593858202381,-3.167226347533955
0.06189893046776497,-6.9633886461727545
0.061938475115291824,-9.416775689998781
0.06197801976281869,-10.961578229006411
0.062017564410345546,-13.333687432542153
0.062057109057872414,-14.212733404010931
0.06209665370539927,-14.378321662363934
0.062136198352926136,-12.759382462147295
0.06217574300045299,-7.98482539336263
0.06221528764797986,-2.4579137406455533
0.06225483229550671,2.2181413804401906
0.06229437694303358,8.174520397130909
0.062333921590560434,7.268074859233161
0.0623734662380873,5.727594321719371
0.062413010885614156,4.585701337628906
0.062452555533141024,6.696964248620805
0.06249210018066788,9.129807025445707
0.06253164482819475,10.93480464520132
0.0625711894757216,12.041735764790921
0.06261073412324847,15.021808606941132
0.06265027877077532,16.05842469292056
0.06268982341830219,20.368881580849376
0.06272936806582904,16.88558300590715
0.06276891271335591,16.030416048500847
0.06280845736088277,13.172480432113977
0.06284800200840963,11.662089230257848
0.06288754665593649,9.352628868300414
0.06292709130346336,5.94872703220257
0.06296663595099021,0.9439607763069091
0.06300618059851708,-5.4682981797861
0.06304572524604393,-11.189950389513978
0.0630852698935708,-14.284190814631756
0.06312481454109765,-11.295580842093521
0.06316435918862452,-4.358014746123893
0.06320390383615138,1.5844635234221798
0.06324344848367824,6.565084136474198
0.0632829931312051,9.017566548467157
0.06332253777873197,12.840331444317115
0.06336208242625882,16.60848049531529
0.06340162707378569,18.073274118486417
0.06344117172131254,17.3179382052664
0.06348071636883941,13.743475315386583
0.06352026101636626,9.922013990876293
0.06355980566389313,6.965677171466067
0.06359935031141999,7.556648200242074
0.06363889495894685,8.093540890849933
0.06367843960647371,9.178020937748766
0.06371798425400058,8.919306554836563
0.06375752890152743,7.1021773541141995
0.0637970735490543,4.1053973322552215
0.06383661819658115,1.3821661970416956
0.06387616284410802,0.3404081210098582
0.06391570749163487,-0.7111154256704584
0.06395525213916174,-5.960337427007845
0.0639947967866886,-12.847363870123884
0.06403434143421546,-21.241865174656695
0.06407388608174232,-22.982829254705877
0.06411343072926919,-22.78774782422307
0.06415297537679604,-24.04997837964745
0.06419252002432291,-18.774144560859952
0.06423206467184976,-18.74668106021545
0.06427160931937663,-16.588973708915766
0.06431115396690348,-11.955615465147343
0.06435069861443035,-13.632138741628218
0.0643902432619572,-11.86345107015319
0.06442978790948407,-7.007616046730127
0.06446933255701093,-1.7601806567762326
0.0645088772045378,4.988369748796293
0.06454842185206465,13.36240264344891
0.06458796649959152,15.371937233744063
0.06462751114711837,13.451884824707772
0.06466705579464524,9.152014282837676
0.0647066004421721,3.318031188325313
0.06474614508969896,-0.14707672113557457
0.06478568973722582,-2.1321896215855283
0.06482523438475268,-4.172497910421541
0.06486477903227954,-8.559921865134235
0.0649043236798064,-13.038790839849785
0.06494386832733326,-15.098526127799916
0.06498341297486013,-17.353130979963815
0.06502295762238698,-15.981301329308838
0.06506250226991385,-11.366190676490792
0.0651020469174407,-9.145598720290106
0.06514159156496757,-9.55959056697803
0.06518113621249443,-7.984925433565103
0.0652206808600213,-3.871707316729707
0.06526022550754815,-0.4574172088780797
0.06529977015507502,3.154384987108368
0.06533931480260187,6.697703348045821
0.06537885945012874,7.922605804800495
0.06541840409765559,6.909436701527404
0.06545794874518246,5.071667633874202
0.06549749339270931,-0.26365070376447974
0.06553703804023618,-2.678532432086663
0.06557658268776304,-3.511282806171927
0.0656161273352899,-1.2296677034522752
0.06565567198281676,2.425199717581436
0.06569521663034363,6.30573115490641
0.06573476127787048,10.713949723335517
0.06577430592539735,11.77278286340163
0.0658138505729242,11.637320333576007
0.06585339522045107,7.29073444444704
0.06589293986797792,3.226895593748167
0.06593248451550479,1.9627875935417283
0.06597202916303165,1.2793601994180248
0.06601157381055851,-0.035348309291936886
0.06605111845808537,-1.5170915956748763
0.06609066310561224,-5.727600806595683
0.06613020775313909,-5.944498260070852
0.06616975240066596,-4.524502246677958
0.06620929704819281,-1.5454124527842712
0.06624884169571968,0.917463901893603
0.06628838634324653,3.545158219930922
0.0663279309907734,4.345759505228409
0.06636747563830026,5.330040437607028
0.06640702028582712,3.412690843604727
0.06644656493335398,2.875710537695987
0.06648610958088084,1.7687362903322796
0.0665256542284077,1.6911925023065804
0.06656519887593457,0.43795011145122675
0.06660474352346142,-3.758816526427358
0.06664428817098829,-8.309809928056833
0.06668383281851514,-11.637464111618954
0.06672337746604201,-14.331409999245698
0.06676292211356886,-14.740784439928515
0.06680246676109573,-15.167586615775724
0.06684201140862259,-13.552502868418099
0.06688155605614945,-10.415958391135552
0.06692110070367631,-8.028467711778472
0.06696064535120318,-6.899120110723352
0.06700018999873003,-6.99682392493609
0.0670397346462569,-8.611130969967423
0.06707927929378375,-11.937887937949743
0.06711882394131062,-17.863260184332226
0.06715836858883747,-20.75786309978919
0.06719791323636434,-19.596121173900496
0.0672374578838912,-17.171574687852534
0.06727700253141806,-15.060383684886212
0.06731654717894492,-11.4529015250451
0.06735609182647179,-4.601330056253995
0.06739563647399864,-0.21112181504261596
0.06743518112152551,3.6632209136298375
0.06747472576905236,6.743333239251646
0.06751427041657923,8.000773734352766
0.06755381506410608,8.514777136518713
0.06759335971163295,8.582718740783921
0.0676329043591598,7.433564818310693
0.06767244900668667,6.312191007800644
0.06771199365421353,3.0700024467913183
0.0677515383017404,0.8099427433489419
0.06779108294926725,-0.8717520161261776
0.06783062759679412,-4.289658780682289
0.06787017224432097,-6.50216680086535
0.06790971689184784,-9.482207232783551
0.0679492615393747,-13.800361202355997
0.06798880618690156,-16.491965132564836
0.06802835083442842,-15.385231255708337
0.06806789548195528,-13.743464566958611
0.06810744012948214,-9.64689075416463
0.068146984777009,-6.250981508079336
0.06818652942453586,-3.24816266859197
0.06822607407206273,0.40169757892119673
0.06826561871958958,3.8401958249610795
0.06830516336711645,6.188759388028967
0.0683447080146433,8.247517915531887
0.06838425266217017,8.308366437874227
0.06842379730969703,7.13743116132555
0.0684633419572239,5.666302601448596
0.06850288660475075,2.9237944195394725
0.06854243125227762,1.8151003567512136
0.06858197589980447,2.4246655605419702
0.06862152054733134,4.733089949785077
0.06866106519485819,8.362753747508034
0.06870060984238506,11.442018383752014
0.06874015448991191,11.90109467980823
0.06877969913743878,12.48050261023695
0.06881924378496564,12.999268706508023
0.0688587884324925,11.415439069238566
0.06889833308001936,10.535993250812687
0.06893787772754623,8.216871262059598
0.06897742237507308,5.539733104872823
0.06901696702259995,2.8994982082927123
0.0690565116701268,-0.4927513847143059
0.06909605631765367,-3.722463542407305
0.06913560096518052,-6.325069264838892
0.06917514561270739,-6.744769196275431
0.06921469026023425,-5.077870993072505
0.06925423490776111,-2.6293256395257902
0.06929377955528797,1.098320661789538
0.06933332420281484,3.4909774316540547
0.06937286885034169,7.68516350702022
0.06941241349786856,10.527604520457372
0.06945195814539541,12.815859899388897
0.06949150279292228,14.808048997072902
0.06953104744044913,14.993502590325186
0.069570592087976,12.597041404377741
0.06961013673550286,10.273905571600231
0.06964968138302972,8.317800937122149
0.06968922603055658,5.714911703486706
0.06972877067808345,3.163111113622228
0.0697683153256103,1.8386393625692143
0.06980785997313717,1.3180027767666775
0.06984740462066402,0.06720278048458717
0.06988694926819089,-3.753674885785279
0.06992649391571774,-5.049435486881203
0.06996603856324461,-6.774598180816553
0.07000558321077147,-8.181218697847957
0.07004512785829833,-9.056115413897796
0.07008467250582519,-10.221011373709558
0.07012421715335206,-13.88650581995248
0.07016376180087891,-15.737116360272612
0.07020330644840578,-18.29534727230133
0.07024285109593263,-17.306182525990295
0.0702823957434595,-16.69138058287579
0.07032194039098635,-14.74708608059545
0.07036148503851322,-12.105642353343416
0.07040102968604008,-8.666829419927836
0.07044057433356694,-5.430107093903187
0.0704801189810938,-2.499385662249294
0.07051966362862067,0.02774009538648503
0.07055920827614752,2.5943893443144175
0.07059875292367439,6.943082483525712
0.07063829757120124,9.0948732246979
0.07067784221872811,9.48178297818378
0.07071738686625496,10.014686338500564
0.07075693151378183,8.014629312520682
0.07079647616130869,6.291018618703455
0.07083602080883555,3.1315861573852315
0.07087556545636241,-0.8096385687783227
0.07091511010388928,-6.5941971380523485
0.07095465475141613,-11.959904354052288
0.070994199398943,-16.165459181709956
0.07103374404646985,-16.564138468940843
0.07107328869399672,-15.223721158688342
0.07111283334152357,-12.815915149721008
0.07115237798905044,-9.20170720122837
0.0711919226365773,-5.2314076443260165
0.07123146728410416,-0.5975221864644373
0.07127101193163102,4.1698072417993535
0.07131055657915789,7.043010872101328
0.07135010122668474,8.077441260881393
0.07138964587421161,6.568968805710007
0.07142919052173846,6.39805646980993
0.07146873516926533,5.433529736944846
0.07150827981679218,3.3987016887449926
0.07154782446431905,2.9187722578329023
0.0715873691118459,0.3752501914164883
0.07162691375937277,-1.8922085253331709
0.07166645840689963,-3.1782532289840395
0.0717060030544265,-2.019781229630823
0.07174554770195335,1.0229725257285427
0.07178509234948022,5.849339528561247
0.07182463699700707,9.19592063029204
0.07186418164453394,14.253721126982532
0.0719037262920608,15.605657415319286
0.07194327093958766,18.303035199282498
0.07198281558711452,16.335643327602657
0.07202236023464138,14.527351927729253
0.07206190488216824,11.658260889749286
0.0721014495296951,11.061873177303777
0.07214099417722196,10.387049143528934
0.07218053882474883,10.870320790609776
0.07222008347227568,11.895526489076126
0.07225962811980255,15.11081299225053
0.0722991727673294,15.616821844590415
0.07233871741485627,14.959801980761947
0.07237826206238313,14.811012642248798
0.07241780670991,12.95376741469837
0.07245735135743685,10.690085599912553
0.07249689600496372,8.148191243890595
0.07253644065249057,5.657532305318762
0.07257598530001744,3.266550603879738
0.07261552994754429,-0.04645373957964516
0.07265507459507116,-3.9440744970835713
0.07269461924259801,-8.426508083998801
0.07273416389012488,-10.255988694930677
0.07277370853765174,-12.332719378711104
0.0728132531851786,-12.987312450920339
0.07285279783270546,-13.101050628335823
0.07289234248023232,-12.456321428789149
0.07293188712775918,-11.686307833600996
0.07297143177528605,-10.68135097221405
0.0730109764228129,-8.942292667906058
0.07305052107033977,-8.605577478482669
0.07309006571786662,-9.358638188014456
0.07312961036539349,-10.049260699008379
0.07316915501292034,-12.495329494410122
0.07320869966044721,-13.97706327110048
0.07324824430797407,-14.92350205203275
0.07328778895550093,-16.2802756135154
0.07332733360302779,-16.940983909185828
0.07336687825055466,-15.957062582027728
0.07340642289808151,-12.783564239550927
0.07344596754560838,-10.624271279867227
0.07348551219313523,-7.130202138343882
0.0735250568406621,-1.9085832044419933
0.07356460148818895,1.0554957518468342
0.07360414613571582,5.0308606780130205
0.07364369078324268,6.734750397912626
0.07368323543076954,6.6520608288697005
0.0737227800782964,5.284324847870775
0.07376232472582327,1.9598314649989792
0.07380186937335012,-1.4585183735342104
0.07384141402087699,-6.017918145280849
0.07388095866840384,-9.543482285822515
0.07392050331593071,-12.577212788905985
0.07396004796345756,-13.833093217643626
0.07399959261098443,-14.54894027453918
0.07403913725851129,-12.647452411017142
0.07407868190603815,-9.364566505281928
0.07411822655356501,-6.658206143618628
0.07415777120109188,-1.9265094477678693
0.07419731584861873,-0.40435012515883084
0.0742368604961456,0.8947433671569289
0.07427640514367245,2.7667780838929774
0.07431594979119932,5.223668421822024
0.07435549443872617,7.654315928189423
0.07439503908625304,9.161470524319054
0.0744345837337799,12.316227649922084
0.07447412838130676,13.416938143074859
0.07451367302883362,13.775809144087422
0.07455321767636049,12.922509664452893
0.07459276232388734,10.713406470328977
0.07463230697141421,8.898940126186943
0.07467185161894106,7.655992865201477
0.07471139626646793,6.776415910751027
0.07475094091399478,6.4859654815471774
0.07479048556152165,7.123571622715943
0.0748300302090485,9.091067153421825
0.07486957485657537,10.40661895367343
0.07490911950410223,10.95591234818494
0.0749486641516291,9.811122796255091
0.07498820879915595,8.486776304793501
0.07502775344668282,7.48619147617839
0.07506729809420967,6.580956731760987
0.07510684274173654,5.571342069938573
0.0751463873892634,5.597126270441473
0.07518593203679026,5.834044473888747
0.07522547668431712,6.0229270355199365
0.07526502133184398,5.904359468231808
0.07530456597937084,6.895914683903837
0.0753441106268977,6.485866192328769
0.07538365527442456,5.657329212205064
0.07542319992195143,5.269277571527299
0.07546274456947828,4.511094071198487
0.07550228921700515,3.4476552008309547
0.075541833864532,3.243513441530272
0.07558137851205887,2.871916651102568
0.07562092315958573,2.661415629482595
0.0756604678071126,1.5634798575965982
0.07570001245463945,-0.4574841358692767
0.07573955710216632,-1.5550044707004345
0.07577910174969317,-2.888239249672809
0.07581864639722004,-3.6848135163484272
0.07585819104474689,-5.18007848309178
0.07589773569227376,-8.104339242083187
0.07593728033980061,-8.882684098002262
0.07597682498732748,-8.251516114386604
0.07601636963485434,-6.892527631947481
0.0760559142823812,-6.318905647238343
0.07609545892990806,-4.344644069623646
0.07613500357743493,-4.005101980226815
0.07617454822496178,-4.512768609209575
0.07621409287248865,-4.560913598092118
0.0762536375200155,-3.500536925320085
0.07629318216754237,-2.079748071205227
0.07633272681506922,-0.5342562256949845
0.07637227146259609,1.7188126413419234
0.07641181611012295,3.837034125503221
0.07645136075764981,6.576025056185778
0.07649090540517667,6.356365055713285
0.07653045005270354,4.471136842757474
0.07656999470023039,2.329649871051452
0.07660953934775726,0.17541598908472888
0.07664908399528411,-1.542149488659824
0.07668862864281098,-3.0777705594410163
0.07672817329033783,-3.09343903318097
0.0767677179378647,-4.014700812645927
0.07680726258539156,-5.099529229447013
0.07684680723291842,-6.497084180552321
0.07688635188044528,-8.552704061359702
0.07692589652797215,-10.426399503794785
0.076965441175499,-12.51732271023965
0.07700498582302587,-12.805380412359334
0.07704453047055272,-11.666197255905399
0.07708407511807959,-8.928723864432756
0.07712361976560644,-4.651543889813022
0.07716316441313331,-1.1576529018284738
0.07720270906066017,1.6257404451032338
0.07724225370818703,3.4754147713546555
0.07728179835571389,5.067484894268904
0.07732134300324076,7.28307973782479
0.07736088765076761,9.887017285988925
0.07740043229829448,11.238833711273124
0.07743997694582133,10.45920526094028
0.0774795215933482,9.103420453398225
0.07751906624087505,5.2489154388515145
0.07755861088840192,3.2742038569964755
0.07759815553592878,-0.5341356473499657
0.07763770018345564,-3.1744084433532445
0.0776772448309825,-6.145235759655561
0.07771678947850937,-7.534008230776073
0.07775633412603622,-6.860449153730621
0.07779587877356309,-3.706605262842709
0.07783542342108994,-0.04206147927195225
0.07787496806861681,3.6663177873948234
0.07791451271614366,7.503578836437732
0.07795405736367053,11.010863487332834
0.07799360201119739,12.804485423439335
0.07803314665872425,16.004592785715147
0.07807269130625111,18.641406194570123
0.07811223595377798,19.870868367960234
0.07815178060130483,19.702991420980634
0.0781913252488317,20.073853386019906
0.07823086989635855,17.99133345927082
0.07827041454388542,15.66906908325521
0.07830995919141227,12.699514293015095
0.07834950383893914,9.644853997675588
0.078389048486466,7.1886146729940315
0.07842859313399286,5.162436051403931
0.07846813778151972,5.120408054248238
0.07850768242904659,5.752823968766787
0.07854722707657344,5.8782372974775985
0.07858677172410031,6.020855361457013
0.07862631637162716,6.8032000430203805
0.07866586101915403,7.454108786678873
0.07870540566668088,6.1064002348085324
0.07874495031420775,3.472664536990493
0.0787844949617346,1.4985417465996766
0.07882403960926147,-1.3846800020004668
0.07886358425678833,-4.34954742723849
0.0789031289043152,-6.504095512570721
0.07894267355184205,-11.673680473004405
0.07898221819936892,-14.557457722354698
0.07902176284689577,-17.234184103020198
0.07906130749442264,-18.62145639634088
0.0791008521419495,-16.88502730333002
0.07914039678947636,-17.836852884823614
0.07917994143700322,-15.719481522461063
0.07921948608453008,-15.054835904276256
0.07925903073205694,-15.101458070410839
0.0792985753795838,-12.713369530886595
0.07933812002711066,-11.304887851503043
0.07937766467463753,-9.181807305076287
0.07941720932216438,-6.3531362728868945
0.07945675396969125,-5.657604438347851
0.0794962986172181,-4.898059855413352
0.07953584326474497,-4.069783255051028
0.07957538791227182,-3.258155539773205
0.07961493255979869,-1.9906332938407978
0.07965447720732555,-1.610632046431042
0.07969402185485241,-1.8216371107828842
0.07973356650237927,-2.203519318070124
0.07977311114990614,-2.704995372168378
0.07981265579743299,-2.5190130101991635
0.07985220044495986,-2.1677136160463144
0.07989174509248671,-1.6570686453900452
0.07993128974001358,-0.3391177430659216
0.07997083438754043,-0.08111881843918844
0.0800103790350673,-0.3479088496091709
0.08004992368259416,-0.78973786562144
0.08008946833012102,-1.0130872286290806
0.08012901297764788,-0.8773510280983494
0.08016855762517475,0.4253474667792645
0.0802081022727016,1.9454797949394687
0.08024764692022847,3.4407132288435553
0.08028719156775532,4.729640225369761
0.08032673621528219,5.141977677426952
0.08036628086280904,5.7775507748150075
0.08040582551033591,5.172231818347619
0.08044537015786277,5.664576729105846
0.08048491480538963,6.228236624056389
0.08052445945291649,8.13867495538088
0.08056400410044336,9.639749802696478
0.08060354874797021,11.65777929634612
0.08064309339549708,12.336838436867746
0.08068263804302393,12.210717579827396
0.0807221826905508,10.59239148585441
0.08076172733807765,9.468988962489181
0.08080127198560452,9.193856394156374
0.08084081663313138,9.422066222842673
0.08088036128065824,8.894205949263961
0.0809199059281851,8.089458276556227
0.08095945057571197,7.821062880338649
0.08099899522323882,6.7622194522641905
0.08103853987076569,6.4743080920725244
0.08107808451829254,7.499934081236542
0.08111762916581941,8.19725926720291
0.08115717381334626,8.092847275725426
0.08119671846087313,8.236897167065976
0.08123626310839999,7.687370599691331
0.08127580775592685,6.256851973188517
0.08131535240345371,4.413558111478807
0.08135489705098058,2.5768212156457464
0.08139444169850743,1.3218716857344024
0.0814339863460343,0.7063379556155276
0.08147353099356115,0.45846483468792165
0.08151307564108802,0.3231192058326666
0.08155262028861487,0.5414981351510759
0.08159216493614174,0.9932024919198525
0.0816317095836686,2.1838146104916527
0.08167125423119546,3.1598864187233353
0.08171079887872232,3.926112654096775
0.08175034352624919,3.6459400273259366
0.08178988817377604,2.581267180470939
0.08182943282130291,-0.06382548048000736
0.08186897746882976,-3.6211084538796747
0.08190852211635663,-7.118869645395855
0.08194806676388348,-11.77741732228111
0.08198761141141035,-14.718018764157094
0.0820271560589372,-16.305269757716985
0.08206670070646407,-16.95193882725352
0.08210624535399093,-15.278862000658645
0.0821457900015178,-15.568275391870564
0.08218533464904465,-14.78516207122622
0.08222487929657152,-13.444789375099685
0.08226442394409837,-14.088555806834858
0.08230396859162524,-15.204929329776764
0.0823435132391521,-16.61168185604326
0.08238305788667896,-15.89821813309222
0.08242260253420582,-14.0725241795469
0.08246214718173268,-12.827324972589832
0.08250169182925954,-10.321117195308936
0.0825412364767864,-7.038463094372003
0.08258078112431326,-3.8207529011786105
0.08262032577184013,-0.4601551712807552
0.08265987041936698,3.019708438735214
0.08269941506689385,4.793887807047464
0.0827389597144207,5.950522169950028
0.08277850436194757,6.095081544724291
0.08281804900947443,5.355300626579944
0.0828575936570013,5.273057872538326
0.08289713830452815,5.403212304838505
0.08293668295205502,5.20656180818901
0.08297622759958187,4.804755616931752
0.08301577224710874,4.32702263065563
0.08305531689463559,3.7177501595767675
0.08309486154216246,3.1680031043270374
0.08313440618968931,2.3703151696847238
0.08317395083721618,1.8821283485439633
0.08321349548474304,1.7931390743962394
0.0832530401322699,2.451439311670404
0.08329258477979676,3.202781994179448
0.08333212942732363,4.677398040808898
0.08337167407485048,5.282751128688336
0.08341121872237735,6.673256973215221
0.0834507633699042,7.566153477966557
0.08349030801743107,7.386603937543377
0.08352985266495792,7.157635703737099
0.08356939731248479,8.146879468938817
0.08360894196001165,7.7354729549163235
0.08364848660753851,6.5713900988042955
0.08368803125506537,5.741492599664462
0.08372757590259224,3.068589984454415
0.08376712055011909,0.12034305360653974
0.08380666519764596,-2.223738043899167
0.08384620984517281,-3.716173966725533
0.08388575449269968,-3.4729640341273393
0.08392529914022653,-2.832403693610484
0.0839648437877534,-1.785179230312055
0.08400438843528026,0.7363066602626311
0.08404393308280712,3.3042918607047183
0.08408347773033398,7.3346124288349985
0.08412302237786085,11.836792069693328
0.0841625670253877,14.184261393744048
0.08420211167291457,15.059653262988288
0.08424165632044142,14.706195208417574
0.08428120096796829,14.27182962837459
0.08432074561549514,13.527549704224944
0.08436029026302201,10.468161754523955
0.08439983491054887,9.134776069149048
0.08443937955807573,7.6275493521112
0.08447892420560259,6.150413824375619
0.08451846885312946,5.869960277816992
0.08455801350065631,5.8257704677396625
0.08459755814818318,6.032758045633343
0.08463710279571003,6.324097422723758
0.0846766474432369,5.5484627929436785
0.08471619209076375,5.473600073353673
0.08475573673829062,4.868841572552951
0.08479528138581748,3.8271162393525593
0.08483482603334434,2.3328198739902914
0.0848743706808712,-0.43604088227259474
0.08491391532839807,-4.4072118540391285
0.08495345997592492,-8.947891355583016
0.08499300462345179,-13.082024724181247
0.08503254927097864,-16.429132443805536
0.08507209391850551,-18.56004838301965
0.08511163856603236,-18.5099234879248
0.08515118321355923,-18.19305009358338
0.08519072786108609,-20.741665160556355
0.08523027250861295,-18.666073111561467
0.08526981715613981,-17.438241841101892
0.08530936180366668,-14.37116058300073
0.08534890645119353,-13.05853490606917
0.0853884510987204,-11.253252674171144
0.08542799574624725,-8.986555938567601
0.08546754039377412,-7.369821590353981
0.08550708504130097,-5.11574050687058
0.08554662968882784,-3.225523594757224
0.0855861743363547,-2.1256218148820905
0.08562571898388156,-1.5796740616032743
0.08566526363140842,-1.4791557204061352
0.08570480827893528,-1.8168839458192707
0.08574435292646214,-3.3477205127704863
0.08578389757398901,-5.311395854144922
0.08582344222151586,-8.203848866835258
0.08586298686904273,-10.23636322273677
0.08590253151656958,-12.361905317938099
0.08594207616409645,-12.857454321780068
0.0859816208116233,-11.878211322290806
0.08602116545915017,-10.428955611802863
0.08606071010667703,-8.276717894295942
0.0861002547542039,-6.22390477222699
0.08613979940173075,-4.304303534520745
0.08617934404925762,-1.8995455216515778
0.08621888869678447,0.3053221861695947
0.08625843334431134,2.5096125396996696
0.08629797799183819,4.723800371810353
0.08633752263936506,6.495610942418737
0.08637706728689191,7.9007348486985824
0.08641661193441878,8.666677229288414
0.08645615658194564,8.380470219208938
0.0864957012294725,8.471041962386629
0.08653524587699936,9.73138305304236
0.08657479052452623,9.711088403302115
0.08661433517205308,9.740606559781558
0.08665387981957995,10.245560855669533
0.0866934244671068,11.140393480232753
0.08673296911463367,11.024762299317441
0.08677251376216052,10.376570270385482
0.08681205840968739,10.896546093476662
0.08685160305721425,8.698545601689565
0.08689114770474111,6.790759357282857
0.08693069235226797,4.50581008220553
0.08697023699979484,3.4161699514771957
0.08700978164732169,3.3940380366419998
0.08704932629484856,3.3480040929985924
0.08708887094237541,4.365496519735477
0.08712841558990228,5.58310541312157
0.08716796023742913,6.769493241230355
0.087207504884956,7.9342309004815235
0.08724704953248286,7.617978049303812
0.08728659418000972,7.346036721262537
0.08732613882753658,6.266585204753812
0.08736568347506345,5.05126224927444
0.0874052281225903,3.738458956998435
0.08744477277011717,1.6381080483299604
0.08748431741764402,-0.2990927487531918
0.08752386206517089,-2.2931493829721683
0.08756340671269774,-3.3521690728281257
0.08760295136022461,-4.504780937294307
0.08764249600775147,-4.7285883099168595
0.08768204065527833,-4.660067652125873
0.08772158530280519,-4.127303120928416
0.08776112995033206,-3.468983514163372
0.08780067459785891,-3.185690653347142
0.08784021924538578,-3.06585064465576
0.08787976389291263,-3.4253946680850866
0.0879193085404395,-4.580099763781927
0.08795885318796635,-6.192410465590015
0.08799839783549322,-9.409286256200584
0.08803794248302008,-11.664591067817238
0.08807748713054694,-14.07506661081035
0.0881170317780738,-16.236114144960315
0.08815657642560067,-17.28013363321858
0.08819612107312752,-16.389497462487213
0.08823566572065439,-15.21920407396875
0.08827521036818124,-13.850202285000286
0.08831475501570811,-10.93635554176661
0.08835429966323496,-8.379242714328495
0.08839384431076183,-5.9274904422327435
0.08843338895828869,-5.178045019419302
0.08847293360581555,-5.033149957034344
0.08851247825334241,-4.992539455785
0.08855202290086928,-4.87596635637226
0.08859156754839613,-4.910951133517135
0.088631112195923,-5.634752767288197
0.08867065684344985,-6.381921261154663
0.08871020149097672,-7.539376049368607
0.08874974613850357,-7.745609362974864
0.08878929078603044,-8.79973035526758
0.0888288354335573,-9.803476390621414
0.08886838008108416,-10.466244972162121
0.08890792472861102,-12.294586909910624
0.08894746937613789,-11.842712361982983
0.08898701402366474,-9.792792154073393
0.08902655867119161,-8.672210401847543
0.08906610331871846,-6.97533176943252
0.08910564796624533,-4.940439686974082
0.08914519261377218,-2.9037361661368095
0.08918473726129905,-1.5553646473021852
0.0892242819088259,-0.9013727002442469
0.08926382655635277,-0.07005078123251973
0.08930337120387963,1.110068273641625
0.0893429158514065,2.3657577679546344
0.08938246049893335,4.175948406542418
0.08942200514646022,5.657433431124068
0.08946154979398707,7.786378434596429
0.08950109444151394,8.632003900974102
0.0895406390890408,8.374826670874743
0.08958018373656766,10.097699445170758
0.08961972838409452,9.588317656858745
0.08965927303162138,12.418878014411197
0.08969881767914824,13.047955040624498
0.0897383623266751,13.090437177948392
0.08977790697420196,12.133652075517729
0.08981745162172883,11.491775655859804
0.08985699626925568,13.76185807173651
0.08989654091678255,13.488531426801957
0.0899360855643094,11.649314908614269
0.08997563021183627,9.895181526626407
0.09001517485936313,8.926507463812698
0.09005471950689,6.361116670303207
0.09009426415441685,4.292809643332225
0.09013380880194372,3.243355853135707
0.09017335344947057,2.3074463622919383
0.09021289809699744,2.1640363534950797
0.09025244274452429,2.3059170339151107
0.09029198739205116,2.1640850992538008
0.09033153203957801,1.9745268556311677
0.09037107668710488,1.8070689503840347
0.09041062133463174,1.4092861791378208
0.0904501659821586,0.9124735740882741
0.09048971062968546,-0.528214838013839
0.09052925527721233,-1.1366864461666122
0.09056879992473918,-1.3066970354600107
0.09060834457226605,-1.17566071093841
0.0906478892197929,-1.2668244165930043
0.09068743386731977,-0.736579247575265
0.09072697851484662,-0.04563972527306426
0.09076652316237349,0.5977424077030138
0.09080606780990035,0.9850810191276267
0.09084561245742721,1.2832810660709546
0.09088515710495407,1.4332656794244985
0.09092470175248094,1.0633368469296531
0.09096424640000779,-0.3214817467395763
0.09100379104753466,-1.2818509212187355
0.09104333569506151,-2.92498035758993
0.09108288034258838,-4.914411548022715
0.09112242499011523,-6.704961360064043
0.0911619696376421,-7.7432191812915265
0.09120151428516896,-8.521542232771989
0.09124105893269582,-9.070768904934846
0.09128060358022268,-9.01805016735075
0.09132014822774955,-8.186889071989278
0.0913596928752764,-6.395399880707896
0.09139923752280327,-5.693977390767924
0.09143878217033012,-5.33920823465599
0.09147832681785699,-4.635355200710844
0.09151787146538384,-3.9293686197788045
0.09155741611291071,-3.8823340495092706
0.09159696076043757,-3.908788120506311
0.09163650540796443,-4.1397803612729716
0.09167605005549129,-4.2232060186483285
0.09171559470301816,-4.773272100831267
0.09175513935054501,-5.417337421621821
0.09179468399807188,-6.1200528155172265
0.09183422864559873,-6.537051428295486
0.0918737732931256,-7.413014581942106
0.09191331794065245,-7.54003015708076
0.09195286258817932,-7.445061727214086
0.09199240723570618,-7.388235560820996
0.09203195188323304,-6.63981381301692
0.0920714965307599,-4.799963623123359
0.09211104117828676,-1.437955982225012
0.09215058582581362,0.002296715643479885
0.09219013047334049,3.088656111176019
0.09222967512086734,5.07282165377376
0.09226921976839421,6.107883951594718
0.09230876441592106,6.904791044026434
0.09234830906344793,6.873123798339276
0.09238785371097478,7.0231496025633415
0.09242739835850165,7.614950361060873
0.0924669430060285,8.809261013158775
0.09250648765355537,8.537605331324471
0.09254603230108223,8.511473823440248
0.0925855769486091,9.184066828529549
0.09262512159613595,9.246481684813464
0.09266466624366282,9.759573660287485
0.09270421089118969,10.070983121232693
0.09274375553871654,11.947831845239737
0.0927833001862434,12.871386037188635
0.09282284483377026,13.697605562069926
0.09286238948129713,14.189146528587937
0.09290193412882398,13.67277312829944
0.09294147877635084,12.77203862548819
0.0929810234238777,11.124841335524957
0.09302056807140457,9.628508052772148
0.09306011271893143,7.15070316414206
0.09309965736645828,6.804954244364037
0.09313920201398515,6.493495668359356
0.09317874666151202,6.375927644934226
0.09321829130903887,6.524297884810391
0.09325783595656573,6.100512417030643
0.0932973806040926,6.5084611576538105
0.09333692525161946,6.5006287975623565
0.09337646989914632,5.580361214255257
0.09341601454667317,3.7096220434535
0.09345555919420004,2.3928677403135614
0.0934951038417269,0.9639242302035234
0.09353464848925376,-0.35589146719814035
0.09357419313678061,-1.2393343307122056
0.09361373778430748,-2.567028806702404
0.09365328243183435,-3.775810556889417
0.0936928270793612,-4.536364975614965
0.09373237172688806,-4.488798351633498
0.09377191637441493,-4.721077422714835
0.0938114610219418,-5.13174501029846
0.09385100566946865,-5.639737914355231
0.0938905503169955,-5.826028942721296
0.09393009496452237,-6.060889009149857
0.09396963961204924,-5.6756335104614095
0.09400918425957609,-6.323780791519657
0.09404872890710295,-6.6332903937903325
0.09408827355462981,-8.11342564424389
0.09412781820215668,-8.280615871255112
0.09416736284968354,-8.865765573302642
0.09420690749721039,-10.703150617509056
0.09424645214473726,-10.406131139241015
0.09428599679226413,-10.310504608686841
0.09432554143979098,-8.743869594066737
0.09436508608731783,-7.671742108568234
0.0944046307348447,-6.597074002049151
0.09444417538237157,-5.055851158004792
0.09448372002989842,-4.068249707152413
0.09452326467742528,-2.804247168638393
0.09456280932495215,-1.7633548525836575
0.09460235397247901,-0.8545921256580957
0.09464189862000587,-0.5879865799372217
0.09468144326753272,-0.8719504161289695
0.09472098791505959,-1.7804060638634542
0.09476053256258646,-3.0950577693146055
0.09480007721011331,-4.788229201931944
0.09483962185764017,-6.18190960509653
0.09487916650516703,-6.976088935821496
0.0949187111526939,-9.206598523629026
0.09495825580022076,-9.77616983156501
0.09499780044774761,-10.942560692787122
0.09503734509527448,-10.722329898362036
0.09507688974280135,-9.762631226773678
0.0951164343903282,-8.830850132480691
0.09515597903785505,-6.844481930662767
0.09519552368538192,-5.111438186049702
0.09523506833290879,-3.171384983311073
0.09527461298043564,-0.7306940043751293
0.0953141576279625,1.2678234547234606
0.09535370227548937,2.8267329282428584
0.09539324692301623,4.715410500962051
0.09543279157054309,6.061127487838056
0.09547233621806994,7.204689290075252
0.09551188086559681,8.656267567129714
0.09555142551312368,9.391826261723047
0.09559097016065053,10.656523782985062
0.09563051480817739,11.642394341737418
0.09567005945570425,11.854025091136805
0.09570960410323112,12.555879720536073
0.09574914875075798,13.546217480144884
0.09578869339828483,14.401553796636712
0.0958282380458117,14.312050587618756
0.09586778269333857,13.154588794527701
0.09590732734086542,13.581168367269058
0.09594687198839227,13.67011128918207
0.09598641663591914,11.821513692642604
0.09602596128344601,10.887205135495389
0.09606550593097286,9.943153713714512
0.09610505057849972,8.481022532912476
0.09614459522602659,7.309201868714004
0.09618413987355345,6.455752147454118
0.09622368452108031,5.980793516116388
0.09626322916860716,5.66210814182664
0.09630277381613403,5.508757074519436
0.0963423184636609,5.792332736101148
0.09638186311118775,6.131675707463927
0.0964214077587146,5.892001821333372
0.09646095240624147,4.931857016657067
0.09650049705376834,3.852064659951952
0.0965400417012952,1.9720342101105057
0.09657958634882205,0.38490321823775453
0.09661913099634892,-1.032854623528051
0.09665867564387579,-2.245088436760393
0.09669822029140264,-4.580237408093247
0.0967377649389295,-6.900815449189889
0.09677730958645636,-9.176400092106363
0.09681685423398323,-10.87421424839041
0.09685639888151008,-12.6609835012443
0.09689594352903694,-13.234006613116811
0.0969354881765638,-13.641761257823015
0.09697503282409067,-13.307571580372242
0.09701457747161753,-14.528122209237683
0.09705412211914438,-15.663634051324742
0.09709366676667125,-14.670737428141823
0.09713321141419812,-14.358454938874136
0.09717275606172497,-13.976283365983518
0.09721230070925183,-13.111685488320724
0.0972518453567787,-11.546365724688432
0.09729139000430556,-10.001641970757033
0.09733093465183242,-8.035522687960405
0.09737047929935927,-5.84473836248765
0.09741002394688614,-3.3572054744358493
0.097449568594413,-1.521752422640252
0.09748911324193986,-0.35455278561953474
0.09752865788946671,1.2108126508582782
0.09756820253699358,2.0012015091489284
0.09760774718452045,2.578865694767166
0.0976472918320473,3.11128227888422
0.09768683647957416,2.8949260439822897
0.09772638112710103,2.4989452633897358
0.0977659257746279,1.4588408540672848
0.09780547042215475,0.581920702626114
0.0978450150696816,-0.403774367478424
0.09788455971720847,-1.835132943689838
0.09792410436473534,-2.5805127338906066
0.09796364901226219,-3.343022703638261
0.09800319365978905,-3.6459647276226654
0.09804273830731591,-4.225595297643669
0.09808228295484278,-3.7443645927061198
0.09812182760236964,-2.9395652175729907
0.09816137224989649,-1.6130921635422535
0.09820091689742336,-0.3518662448654819
0.09824046154495022,1.2610380820604288
0.09828000619247708,2.214786824112336
0.09831955084000393,2.883300544803439
0.0983590954875308,3.191900329883474
0.09839864013505767,3.220502855017397
0.09843818478258452,3.135462115094943
0.09847772943011138,3.048566770092565
0.09851727407763824,2.7473782176502164
0.09855681872516511,2.455852716200873
0.09859636337269197,2.300045094953158
0.09863590802021882,2.117149699820196
0.09867545266774569,2.1284159286969775
0.09871499731527256,2.1771771098632495
0.09875454196279941,2.9271756928016748
0.09879408661032626,3.4471532339268336
0.09883363125785313,4.830175244381734
0.09887317590538,5.8653562284194285
0.09891272055290685,6.568715355909107
0.09895226520043371,7.650332537777235
0.09899180984796058,9.101020146847006
0.09903135449548744,11.03304631991317
0.0990708991430143,11.717720154860157
0.09911044379054115,12.093606796956966
0.09914998843806802,12.095188532828779
0.09918953308559489,11.649274188632821
0.09922907773312174,10.284469354729978
0.0992686223806486,9.16148159590663
0.09930816702817546,8.679407837506758
0.09934771167570233,7.9256396367274835
0.09938725632322919,7.2798818774580285
0.09942680097075604,6.582441972459555
0.09946634561828291,5.542398239227588
0.09950589026580978,4.484221710793076
0.09954543491333663,3.3922552097165983
0.09958497956086348,2.005814115560585
0.09962452420839035,0.3601629079410156
0.09966406885591722,-0.9807510234197849
0.09970361350344407,-4.078771902926528
0.09974315815097093,-6.291524133813125
0.0997827027984978,-8.173249579369033
0.09982224744602466,-10.488080527976276
0.09986179209355152,-12.445286105019983
0.09990133674107837,-12.519933637064833
0.09994088138860524,-12.239788327083218
0.09998042603613211,-13.651500760829247
0.10001997068365896,-14.967828789158702
0.10005951533118582,-15.569218919422337
0.10009905997871268,-14.405624411469507
0.10013860462623955,-13.87020167452558
0.1001781492737664,-12.438692202751502
0.10021769392129326,-11.322842385458554
0.10025723856882013,-9.50554073410028
0.100296783216347,-8.445694533469796
0.10033632786387385,-7.1231503341450395
0.1003758725114007,-5.682463663334458
0.10041541715892757,-4.595693993416729
0.10045496180645444,-3.309464530835818
0.1004945064539813,-2.5772124306670285
0.10053405110150815,-1.4961193549627536
0.10057359574903502,-0.608497805919753
0.10061314039656188,0.07454785721269275
0.10065268504408874,0.7042477864477386
0.10069222969161559,0.9800533428180005
0.10073177433914246,1.0597340664044301
0.10077131898666933,0.7787792413957533
0.10081086363419618,-0.020744715408162584
0.10085040828172304,-0.7380065954414539
0.1008899529292499,-1.3862653038584751
0.10092949757677677,-1.557786253896933
0.10096904222430363,-1.6011310107487384
0.10100858687183048,-1.9256039720631
0.10104813151935735,-1.7656721848430657
0.10108767616688422,-1.6356215824187226
0.10112722081441107,-0.8850969166700482
0.10116676546193792,-0.5432322632124125
0.10120631010946479,0.2724447600281783
0.10124585475699166,0.8304689372828467
0.10128539940451851,1.7417447199798222
0.10132494405204537,2.717524374551312
0.10136448869957224,3.529713019322476
0.1014040333470991,4.676785375082714
0.10144357799462596,4.781448219606696
0.10148312264215281,4.580348455821458
0.10152266728967968,3.9872812247909364
0.10156221193720655,3.8609293437925416
0.1016017565847334,3.4803603352417207
0.10164130123226026,3.017810081180974
0.10168084587978712,2.8687280821355055
0.10172039052731399,2.8716878653718547
0.10175993517484085,2.9975351447839644
0.1017994798223677,3.7154793943584448
0.10183902446989457,4.401109577372443
0.10187856911742144,4.629834005579244
0.10191811376494829,5.141250453582415
0.10195765841247514,5.823343018208889
0.10199720306000201,5.817327000928818
0.10203674770752888,5.746069334816656
0.10207629235505573,5.759925223060511
0.10211583700258259,6.076762301499129
0.10215538165010946,5.773785246523844
0.10219492629763632,5.729807953195042
0.10223447094516318,5.489970945973398
0.10227401559269003,5.4760222004678285
0.1023135602402169,5.299661783438368
0.10235310488774377,4.955780335160599
0.10239264953527062,5.118826749538775
0.10243219418279748,5.206663901792492
0.10247173883032434,5.761126225015614
0.10251128347785121,6.2883637169129525
0.10255082812537807,6.8157698205686135
0.10259037277290492,6.841337339716582
0.10262991742043179,7.398243329989416
0.10266946206795866,7.322891130300163
0.10270900671548551,6.741717318959624
0.10274855136301236,5.49269419030278
0.10278809601053923,3.502702751577428
0.1028276406580661,2.2297207532681957
0.10286718530559295,0.5090166454510241
0.10290672995311981,-2.35991598075518
0.10294627460064668,-4.974532405301901
0.10298581924817354,-7.330668934943746
0.1030253638957004,-9.531675372253996
0.10306490854322725,-10.880230667278264
0.10310445319075412,-11.128055990972737
0.10314399783828099,-12.482248778431176
0.10318354248580784,-12.52919650799316
0.1032230871333347,-14.165995995238521
0.10326263178086156,-14.088326070850083
0.10330217642838843,-12.897650624943955
0.10334172107591529,-12.987036953308706
0.10338126572344214,-12.406055050290616
0.10342081037096901,-10.9660525054549
0.10346035501849588,-9.652828108665952
0.10349989966602273,-7.959871454376688
0.10353944431354958,-6.671197009797803
0.10357898896107645,-5.400532243949231
0.10361853360860332,-4.115325548602739
0.10365807825613017,-2.6775016102295783
0.10369762290365703,-1.6182939640466838
0.1037371675511839,-0.8455306747628786
0.10377671219871076,-0.07924416430698589
0.10381625684623762,0.3166388398150657
0.10385580149376447,0.31634034938724565
0.10389534614129134,0.46037016297299704
0.10393489078881821,0.6508854001549542
0.10397443543634506,1.2040029130580923
0.10401398008387192,1.9280360855727956
0.10405352473139878,2.704459846468132
0.10409306937892565,3.8587846653914797
0.1041326140264525,4.8197642240893455
0.10417215867397936,5.6458948582128325
0.10421170332150623,6.192388368335347
0.1042512479690331,6.64487555589185
0.10429079261655995,7.977026171067765
0.1043303372640868,10.511301497064764
0.10436988191161367,11.281002759492281
0.10440942655914054,12.18451668117703
0.1044489712066674,12.241876000632868
0.10448851585419425,12.390198053857924
0.10452806050172112,11.752183977556172
0.10456760514924798,11.125209267790353
0.10460714979677484,9.089839752502744
0.10464669444430169,8.443280518374067
0.10468623909182856,7.28519856800363
0.10472578373935543,5.43469190664325
0.10476532838688228,4.096323169610147
0.10480487303440914,3.048066087688426
0.104844417681936,2.393390998398104
0.10488396232946287,1.9331775708806784
0.10492350697698972,2.019743206606752
0.10496305162451658,2.1375762653664756
0.10500259627204345,2.5665037952667014
0.10504214091957031,2.8109508939077266
0.10508168556709717,3.428024475468799
0.10512123021462402,3.589666498108782
0.10516077486215089,3.4160056765165416
0.10520031950967776,3.058391542680022
0.10523986415720461,2.8880105024127047
0.10527940880473147,2.675786321659296
0.10531895345225833,2.45213104048206
0.1053584980997852,2.242577855536081
0.10539804274731206,2.2662592330154006
0.10543758739483891,2.557253646091767
0.10547713204236578,2.3120617133448595
0.10551667668989265,2.1159832153625118
0.1055562213374195,1.9742065012731382
0.10559576598494635,1.7789763355856563
0.10563531063247322,1.3974243198676577
0.10567485528000009,1.3026474252527178
0.10571439992752694,0.004256871956169306
0.1057539445750538,-0.9371254356346341
0.10579348922258067,-2.120913150084065
0.10583303387010753,-3.6046344128210475
0.10587257851763439,-5.115364916862787
0.10591212316516124,-6.671738952669458
0.10595166781268811,-7.177659481029464
0.10599121246021498,-7.849109095917002
0.10603075710774183,-9.164865631181222
0.10607030175526869,-9.630090844726666
0.10610984640279555,-10.254565203737647
0.10614939105032242,-10.42666323492944
0.10618893569784928,-10.233808295606389
0.10622848034537613,-9.281058434677831
0.106268024992903,-8.442614343764216
0.10630756964042987,-7.82493602781133
0.10634711428795672,-7.52255481154403
0.10638665893548357,-6.8355053913950785
0.10642620358301044,-7.139971520004257
0.10646574823053731,-7.1365098342588364
0.10650529287806416,-6.934054790522922
0.10654483752559102,-7.4877586770147495
0.10658438217311789,-7.390009264861723
0.10662392682064475,-8.643468573419693
0.10666347146817161,-8.736172899905196
0.10670301611569846,-9.07977732248403
0.10674256076322533,-9.95984934129448
0.1067821054107522,-10.146273644588554
0.10682165005827905,-10.766186621669014
0.1068611947058059,-9.318231666818328
0.10690073935333277,-8.759211703817437
0.10694028400085964,-8.455864037413768
0.1069798286483865,-6.927404662726415
0.10701937329591335,-5.807300613907655
0.10705891794344022,-4.177134467008735
0.10709846259096709,-2.95636801053808
0.10713800723849394,-0.847856748591429
0.1071775518860208,1.0565597761761154
0.10721709653354766,2.9387763240631983
0.10725664118107453,4.835892703953718
0.10729618582860138,5.975330972295211
0.10733573047612824,6.84488503913364
0.1073752751236551,8.166293351021102
0.10741481977118197,8.41798799445796
0.10745436441870883,8.851954285231788
0.10749390906623568,8.880164074029665
0.10753345371376255,8.83490444836726
0.10757299836128942,9.157439239801485
0.10761254300881627,9.381180011909898
0.10765208765634313,8.629937858307272
0.10769163230387,8.176475751388212
0.10773117695139686,7.829077348748314
0.10777072159892372,7.605875117776307
0.10781026624645057,7.591321279413273
0.10784981089397744,7.352681314258618
0.1078893555415043,6.721652758529226
0.10792890018903116,6.9499536493160505
0.10796844483655801,6.736892831683113
0.10800798948408488,6.466818552585784
0.10804753413161175,6.327479930482474
0.1080870787791386,6.1158265599570045
0.10812662342666546,5.774566946392462
0.10816616807419233,5.294578851048248
0.1082057127217192,4.776883903317115
0.10824525736924605,4.249856593284724
0.1082848020167729,3.0535978974294204
0.10832434666429977,2.638946652677424
0.10836389131182664,1.7686520821614584
0.10840343595935349,0.9877194484738849
0.10844298060688035,0.41957781158211205
0.10848252525440721,0.03191766537059415
0.10852206990193408,-0.5094657135810747
0.10856161454946094,-0.6276326812320647
0.10860115919698779,-0.9455432458827753
0.10864070384451466,-1.030353557214208
0.10868024849204153,-1.0832308333172547
0.10871979313956838,-1.1326442888855892
0.10875933778709523,-1.2779149333011421
0.1087988824346221,-1.60561369951224
0.10883842708214897,-2.1709045165705643
0.10887797172967582,-2.8430961249113658
0.10891751637720268,-3.7399772110002862
0.10895706102472955,-4.409755072482834
0.10899660567225641,-4.272900693862385
0.10903615031978327,-5.961021325370153
0.10907569496731012,-6.619847866977442
0.10911523961483699,-6.856886851522072
0.10915478426236386,-7.203770137503408
0.10919432890989071,-6.999219867484482
0.10923387355741757,-6.724131816114265
0.10927341820494443,-5.782194604526015
0.1093129628524713,-5.452714202128444
0.10935250749999816,-4.7712426454358585
0.10939205214752501,-4.315074292418204
0.10943159679505188,-3.8539639290021466
0.10947114144257875,-3.74165427495664
0.1095106860901056,-3.8574329403154843
0.10955023073763245,-4.18439972158325
0.10958977538515932,-4.619710354042133
0.10962932003268619,-5.294109513411402
0.10966886468021304,-5.689768346258756
0.1097084093277399,-5.8903524954291955
0.10974795397526677,-6.095696417259298
0.10978749862279363,-6.64000538735087
0.10982704327032049,-7.115870360291749
0.10986658791784734,-6.993005373455031
0.10990613256537421,-5.721059476627438
0.10994567721290108,-4.570316359172051
0.10998522186042793,-4.486037477491323
0.11002476650795479,-4.190481559440614
0.11006431115548165,-3.0579866848212154
0.11010385580300852,-1.7587112598274706
0.11014340045053538,-0.4109610183564545
0.11018294509806223,1.2458252719592648
0.1102224897455891,3.381560313491037
0.11026203439311597,5.060708404767436
0.11030157904064282,6.377505679993079
0.11034112368816967,7.707822864668655
0.11038066833569654,8.798885841814883
0.11042021298322341,10.000070423411483
0.11045975763075026,10.657496514556513
0.11049930227827712,11.636591923221083
0.11053884692580399,11.795027731389258
0.11057839157333085,12.633470522065405
0.11061793622085771,12.41711573391688
0.11065748086838456,12.135489112272342
0.11069702551591143,11.415447858674924
0.1107365701634383,10.974617394864453
0.11077611481096515,10.077770835571664
0.110815659458492,9.056406236977951
0.11085520410601887,8.369787642323768
0.11089474875354574,7.523079711344965
0.1109342934010726,6.717709502565503
0.11097383804859945,6.186978017786332
0.11101338269612632,5.732446746974951
0.11105292734365318,5.072894965455816
0.11109247199118004,4.624231482347612
0.1111320166387069,4.035647590847184
0.11117156128623376,4.228957190074109
0.11121110593376063,3.533628960680521
0.11125065058128748,3.3595561144040076
0.11129019522881434,2.8812016457381464
0.1113297398763412,2.5028254644278523
0.11136928452386807,2.250919732225702
0.11140882917139493,1.8059480297238704
0.11144837381892178,1.3886353005444718
0.11148791846644865,0.7885669934256345
0.11152746311397552,0.580120891011898
0.11156700776150237,0.4840677754146592
0.11160655240902922,0.5708831536162418
0.11164609705655609,0.4697934086210367
0.11168564170408296,0.29900343567040455
0.11172518635160981,0.10910798456608184
0.11176473099913667,-0.0288090719125913
0.11180427564666354,-0.38783859029580636
0.1118438202941904,-0.7369482648195786
0.11188336494171726,-1.310315553015636
0.11192290958924411,-1.7127986215324027
0.11196245423677098,-2.4645515715313397
0.11200199888429785,-2.8721030565039323
0.1120415435318247,-3.6305000725670133
0.11208108817935156,-4.1519620287029335
0.11212063282687842,-4.503540768834699
0.11216017747440529,-4.955855708290454
0.11219972212193215,-4.9159287886269105
0.112239266769459,-5.1015687088400385
0.11227881141698587,-4.549712603332665
0.11231835606451274,-4.2037394099515835
0.11235790071203959,-3.3824147418811625
0.11239744535956644,-2.8411812378162207
0.11243699000709331,-2.711353550725745
0.11247653465462018,-2.3660769787585805
0.11251607930214703,-2.305668764766571
0.11255562394967389,-2.513222861365504
0.11259516859720076,-2.7454541557208785
0.11263471324472762,-3.2655041374025897
0.11267425789225448,-3.667491391586772
0.11271380253978133,-4.1776413263487235
0.1127533471873082,-3.828761559568518
0.11279289183483507,-5.103111203591825
0.11283243648236192,-5.5736530199390435
0.11287198112988878,-5.836512643959565
0.11291152577741564,-6.350214506620545
0.11295107042494251,-6.633589504554893
0.11299061507246937,-6.7332298355667355
0.11303015971999622,-6.329642669501245
0.11306970436752309,-6.0713076626399465
0.11310924901504996,-5.327040134127292
0.11314879366257681,-5.081847526488647
0.11318833831010366,-4.89753775510984
0.11322788295763053,-4.166003062101564
0.1132674276051574,-3.505166811420895
0.11330697225268425,-2.607888338143124
0.11334651690021111,-1.8566971631581106
0.11338606154773798,-0.8822841043185798
0.11342560619526484,0.5308133334380409
0.1134651508427917,1.6988377004342485
0.11350469549031855,2.6593799861479095
0.11354424013784542,4.062386704493561
0.11358378478537229,5.123430703096329
0.11362332943289914,6.14541812773216
0.113662874080426,6.8527811790454045
0.11370241872795286,7.442718698933422
0.11374196337547973,7.913204304047587
0.11378150802300659,7.718157855142048
0.11382105267053344,8.206994486916525
0.11386059731806031,8.891815746370785
0.11390014196558718,9.242735649633364
0.11393968661311403,9.180453592408156
0.11397923126064088,9.021000656418309
0.11401877590816775,8.938678537318562
0.11405832055569462,9.08849323334357
0.11409786520322147,9.600846126663779
0.11413740985074833,9.62347630039725
0.1141769544982752,9.896390216002539
0.11421649914580206,9.321784477874091
0.11425604379332892,8.901477728905103
0.11429558844085577,8.257434375895226
0.11433513308838264,7.4465726604379245
0.11437467773590951,6.454159067417385
0.11441422238343636,5.024016081131802
0.11445376703096322,3.9279748641317678
0.11449331167849008,3.1575875906191566
0.11453285632601695,1.8448467292846038
0.1145724009735438,0.6954327340507582
0.11461194562107066,-0.8205236325332894
0.11465149026859753,-2.394102216851108
0.1146910349161244,-3.5075663256076073
0.11473057956365125,-4.426414173728581
0.1147701242111781,-6.218923954529902
0.11480966885870497,-7.029106070498348
0.11484921350623184,-7.806655096724813
0.1148887581537587,-8.507008268268834
0.11492830280128555,-9.329800691075919
0.11496784744881242,-10.223509532821044
0.11500739209633928,-10.60570440469836
0.11504693674386614,-11.799000269976426
0.11508648139139299,-10.496225446453101
0.11512602603891986,-10.42610948188063
0.11516557068644673,-10.06267352661426
0.11520511533397358,-9.74852434616798
0.11524465998150044,-9.47500148394403
0.1152842046290273,-9.503256244981342
0.11532374927655417,-8.756060318804334
0.11536329392408103,-8.049334722890976
0.11540283857160788,-6.2787446016443
0.11544238321913475,-5.688391919337819
0.11548192786666162,-5.233893996540337
0.11552147251418847,-4.476688387207605
0.11556101716171532,-3.8505769635416165
0.11560056180924219,-3.5125566603524856
0.11564010645676906,-3.3066175189815814
0.11567965110429591,-3.196152481733451
0.11571919575182277,-3.1417959664475266
0.11575874039934964,-3.0183619859553037
0.1157982850468765,-2.733830762381455
0.11583782969440336,-2.7387108309297314
0.11587737434193021,-2.3248098032488835
0.11591691898945708,-2.091090456837792
0.11595646363698395,-1.3698253244728553
0.1159960082845108,-0.3734501951394176
0.11603555293203766,0.8747121655630776
0.11607509757956452,1.2642367403460888
0.11611464222709139,2.3092707429897974
0.11615418687461825,3.1524495069052287
0.1161937315221451,4.0291791879805
0.11623327616967197,4.954743225807254
0.11627282081719884,5.630019571078062
0.11631236546472569,6.3996958687250975
0.11635191011225254,7.014991535717116
0.11639145475977941,7.141972558897666
0.11643099940730628,7.226690152759769
0.11647054405483313,7.647495496094368
0.11651008870235999,7.699765612504876
0.11654963334988686,7.697578664014465
0.11658917799741372,8.117540750545515
0.11662872264494058,8.919779770939776
0.11666826729246743,9.086081620776369
0.1167078119399943,8.77745169403571
0.11674735658752117,8.66783264004351
0.11678690123504802,8.246108018243998
0.11682644588257488,8.08088345217384
0.11686599053010174,7.287618599782337
0.11690553517762861,6.742782342931327
0.11694507982515547,5.9564596838610155
0.11698462447268232,5.495593873352933
0.11702416912020919,4.98908671634004
0.11706371376773606,4.5579759713616745
0.11710325841526291,3.885346542966939
0.11714280306278976,3.4828705456261595
0.11718234771031663,2.8606285996905925
0.1172218923578435,2.5871005455480676
0.11726143700537035,2.457623096327234
0.11730098165289721,2.2318004772767237
0.11734052630042408,2.1639662447449384
0.11738007094795094,1.830033011918644
0.1174196155954778,1.4070067979340042
0.11745916024300465,0.9698283393411185
0.11749870489053152,0.5178613141299309
0.11753824953805839,-0.3662931766438273
0.11757779418558524,-0.9503337840992296
0.1176173388331121,-1.603386740422235
0.11765688348063896,-2.3932685808796776
0.11769642812816583,-3.0752731537415388
0.11773597277569268,-3.54845341985495
0.11777551742321954,-3.879633973170428
0.1178150620707464,-4.528469137261195
0.11785460671827327,-4.944272466663087
0.11789415136580013,-5.402294266249751
0.11793369601332698,-5.6585487558459935
0.11797324066085385,-6.27796611036377
0.11801278530838072,-6.590125813240022
0.11805232995590757,-6.873806551510028
0.11809187460343443,-7.094998748332665
0.1181314192509613,-7.149372110146023
0.11817096389848816,-6.919026614707445
0.11821050854601502,-7.326219965160232
0.11825005319354187,-7.382095373216883
0.11828959784106874,-6.726008919571998
0.1183291424885956,-6.0345578749541415
0.11836868713612246,-5.577042906970236
0.11840823178364931,-5.085634639450862
0.11844777643117618,-4.05012099899948
0.11848732107870305,-3.802400268593261
0.1185268657262299,-3.35039501942767
0.11856641037375676,-2.682407095724197
0.11860595502128363,-2.4444101338517736
0.1186454996688105,-2.4675502116180636
0.11868504431633735,-2.6199212361300033
0.1187245889638642,-3.1932686622813806
0.11876413361139107,-3.770303646314102
0.11880367825891794,-4.509230975715871
0.11884322290644479,-5.04900239379328
0.11888276755397165,-5.487081387751456
0.11892231220149851,-6.0761973609657485
0.11896185684902538,-6.656104180926392
0.11900140149655224,-7.30765656019859
0.11904094614407909,-6.607102677923709
0.11908049079160596,-6.352357980448928
0.11912003543913283,-5.522367926554823
0.11915958008665968,-4.7865528221448335
0.11919912473418653,-3.8172590401516207
0.1192386693817134,-3.228752122760108
0.11927821402924027,-2.298588368337234
0.11931775867676712,-1.238351506359126
0.11935730332429398,-0.3504613079093861
0.11939684797182085,0.48279444903705926
0.11943639261934771,1.0256546895723186
0.11947593726687457,1.4777191574110562
0.11951548191440142,1.718551532380042
0.11955502656192829,2.1110651167052747
0.11959457120945516,2.4948646520558446
0.11963411585698201,3.062323825008204
0.11967366050450887,3.8578290395904764
0.11971320515203573,4.244421694123346
0.1197527497995626,4.9986001644567
0.11979229444708946,5.394359435030915
0.11983183909461631,6.364121496322093
0.11987138374214318,6.9558893284362
0.11991092838967005,7.474855546981048
0.1199504730371969,7.765998056258235
0.11999001768472375,7.9666811688343255
0.12002956233225062,8.14823937404875
0.12006910697977749,8.002506544406744
0.12010865162730434,7.983000227623136
0.1201481962748312,8.102875949739028
0.12018774092235807,8.667467758062301
0.12022728556988493,8.461813058890293
0.12026683021741179,8.221805138503802
0.12030637486493864,7.5464672763926055
0.12034591951246551,6.377316337384815
0.12038546415999238,5.314894538712891
0.12042500880751923,4.944421185058503
0.12046455345504609,3.234852728409704
0.12050409810257295,1.8363284852619257
0.12054364275009982,0.5724435377715977
0.12058318739762668,-0.7782696374350273
0.12062273204515353,-2.6791916021647673
0.1206622766926804,-3.99535789107924
0.12070182134020727,-6.1177052555253395
0.12074136598773412,-7.209968418656795
0.12078091063526097,-8.659014374326135
0.12082045528278784,-8.906450964851203
0.12085999993031471,-10.253283768505904
0.12089954457784156,-11.163476466218848
0.12093908922536842,-11.582250504401678
0.12097863387289529,-12.50940410626687
0.12101817852042215,-12.533074677158469
0.12105772316794901,-12.193533648533922
0.12109726781547586,-12.375396824583792
0.12113681246300273,-12.119028677847975
0.1211763571105296,-12.341876229520434
0.12121590175805645,-12.069235171544971
0.1212554464055833,-10.91672205202576
0.12129499105311017,-10.041060848612027
0.12133453570063704,-9.2627514781361
0.1213740803481639,-8.974146531346472
0.12141362499569075,-8.075733995442793
0.12145316964321762,-7.499025754530842
0.12149271429074449,-6.887916349118551
0.12153225893827134,-6.288287081969408
0.1215718035857982,-4.990528978338568
0.12161134823332506,-3.9183299326335517
0.12165089288085193,-2.672182132715286
0.12169043752837878,-1.6884164883966744
0.12172998217590564,-0.943451429133936
0.1217695268234325,0.06267559106465548
0.12180907147095937,1.399903065395275
0.12184861611848623,2.1973340880153307
0.12188816076601308,2.636701770217658
0.12192770541353995,3.2619414613999176
0.12196725006106682,4.02524075864575
0.12200679470859367,4.425915066936563
0.12204633935612053,5.098514556592828
0.1220858840036474,5.668068869762578
0.12212542865117426,5.928687768787303
0.12216497329870112,6.1137024921995335
0.12220451794622797,6.167992232586437
0.12224406259375484,6.1581715813272195
0.1222836072412817,6.160007692130717
0.12232315188880856,5.675378263699409
0.12236269653633541,5.754657794941526
0.12240224118386228,5.251787954393065
0.12244178583138915,5.043820102570954
0.122481330478916,4.903539459141081
0.12252087512644286,4.897823166475719
0.12256041977396973,4.5550617608707356
0.1225999644214966,3.972923341175844
0.12263950906902345,3.801200212881758
0.1226790537165503,3.585382119404983
0.12271859836407717,3.3582803581661365
0.12275814301160404,3.0408026678112163
0.12279768765913089,2.6925252355076275
0.12283723230665775,2.6087184546736424
0.12287677695418461,2.0783356085778317
0.12291632160171148,1.662062948007022
0.12295586624923834,1.5169073266378055
0.12299541089676519,0.8356129860600943
0.12303495554429206,0.416824124097535
0.12307450019181893,-0.015120380702558833
0.12311404483934578,-0.12762960333329332
0.12315358948687263,-0.09770015387956033
0.1231931341343995,-0.1605771623030483
0.12323267878192637,0.1467631658027413
0.12327222342945322,0.44195430972159766
0.12331176807698008,0.7241073771842599
0.12335131272450695,1.0371589979840552
0.12339085737203381,1.3516829693279275
0.12343040201956067,1.5042085729822405
0.12346994666708752,2.0316628776139583
0.12350949131461439,2.6036265831722085
0.12354903596214126,2.881220234733723
0.12358858060966811,3.240654155509171
0.12362812525719497,3.0793291510497127
0.12366766990472183,2.7903635097194126
0.1237072145522487,2.678733686341249
0.12374675919977556,1.7957165267843473
0.12378630384730241,1.2456728831780683
0.12382584849482928,0.2121846291287035
0.12386539314235614,-1.2635869985641603
0.123904937789883,-1.847602293838679
0.12394448243740985,-2.932801633423427
0.12398402708493672,-4.032111554479723
0.12402357173246359,-5.14748694396846
0.12406311637999044,-6.17855072116402
0.1241026610275173,-6.654386545460667
0.12414220567504416,-7.1249248368391624
0.12418175032257103,-7.619931679634242
0.12422129497009789,-8.480556913205906
0.12426083961762474,-8.162213436305596
0.12430038426515161,-9.199051402828038
0.12433992891267848,-9.288035484463022
0.12437947356020533,-9.353553789578715
0.12441901820773218,-8.493963823362517
0.12445856285525905,-7.6100709198464225
0.12449810750278592,-6.700751125704325
0.12453765215031277,-6.331527716057842
0.12457719679783963,-6.5422113434355165
0.1246167414453665,-5.419011967345373
0.12465628609289336,-5.104310134319852
0.12469583074042022,-4.007036805261668
0.12473537538794707,-3.7494112402629565
0.12477492003547394,-3.4305366437623936
0.12481446468300081,-2.7880846276513385
0.12485400933052766,-2.6528054266747416
0.12489355397805452,-2.124500741336715
0.12493309862558138,-1.6031070227132513
0.12497264327310825,-1.353118085115538
0.1250121879206351,-0.6153344777703964
0.12505173256816196,-0.24932595655991552
0.12509127721568883,0.3807265651367988
0.1251308218632157,1.1632195325296353
0.12517036651074254,1.8116928263408854
0.1252099111582694,2.7392891818306655
0.12524945580579627,3.307004412720283
0.12528900045332314,4.001558830776626
0.12532854510084998,4.577549868844948
0.12536808974837685,4.946656406460902
0.12540763439590372,5.583118003525914
0.12544717904343058,5.82276897563468
0.12548672369095742,5.739122901039497
0.1255262683384843,6.770212184974019
0.12556581298601116,6.88493932959211
0.12560535763353803,7.275681369378054
0.12564490228106487,7.647038138638084
0.12568444692859174,7.91207300931443
0.1257239915761186,7.6097897804619805
0.12576353622364547,7.181389233086443
0.1258030808711723,7.157062008455637
0.12584262551869918,7.006604707830402
0.12588217016622605,7.243272946565014
0.12592171481375292,7.127551591849335
0.12596125946127976,7.581742110256495
0.12600080410880662,7.571624799624002
0.1260403487563335,7.407546744392747
0.12607989340386036,7.054585155462484
0.1261194380513872,6.822467204247888
0.12615898269891407,6.295061983932643
0.12619852734644094,5.970755372767121
0.1262380719939678,5.695768319060225
0.12627761664149464,5.0701955450925675
0.1263171612890215,4.531067524673611
0.12635670593654838,4.119908118172473
0.12639625058407525,3.640948983965445
0.1264357952316021,3.688788216620507
0.12647533987912896,3.256350291610689
0.12651488452665582,2.8759665959696106
0.1265544291741827,1.996018308949803
0.12659397382170953,1.639294613379449
0.1266335184692364,0.945935782190741
0.12667306311676327,-0.11757515097944626
0.12671260776429014,-1.5167570626455191
0.12675215241181698,-2.4188363778279056
0.12679169705934384,-3.5575226330984027
0.1268312417068707,-5.097611184940534
0.12687078635439758,-6.081104789370655
0.12691033100192442,-7.192457301243819
0.1269498756494513,-7.765514700714505
0.12698942029697816,-9.03133354599938
0.12702896494450502,-9.541501466546677
0.12706850959203186,-10.132208805613335
0.12710805423955873,-10.519296628968352
0.1271475988870856,-10.45116694438148
0.12718714353461247,-10.251137036299216
0.1272266881821393,-10.115136588483857
0.12726623282966618,-10.208012616106288
0.12730577747719304,-9.665058052156677
0.1273453221247199,-9.247361414464667
0.12738486677224675,-8.35765576763976
0.12742441141977362,-8.010830183095749
0.1274639560673005,-7.967071452485158
0.12750350071482736,-7.292342855199772
0.1275430453623542,-6.974194810336442
0.12758259000988106,-5.881816803067955
0.12762213465740793,-5.2482333418181355
0.1276616793049348,-4.29671494141546
0.12770122395246164,-3.4128495535512027
0.1277407685999885,-2.5629180669881153
0.12778031324751538,-1.5488352861294405
0.12781985789504224,-0.7842215203585399
0.12785940254256908,-0.08072626690259188
0.12789894719009595,0.6770405037209573
0.12793849183762282,1.6906019136140031
0.1279780364851497,2.704751047093434
0.12801758113267653,3.3943382555705135
0.1280571257802034,4.328835998135216
0.12809667042773026,5.092977098001781
0.12813621507525713,5.999913638054466
0.12817575972278397,7.064106627260378
0.12821530437031084,7.585568513593476
0.1282548490178377,8.743539148933465
0.12829439366536458,9.189333137147113
0.12833393831289142,9.47485377117255
0.12837348296041828,10.658131117561947
0.12841302760794515,10.476394661139572
0.12845257225547202,10.46548246923945
0.12849211690299886,10.519223584431916
0.12853166155052573,10.216208832352725
0.1285712061980526,9.648236282471236
0.12861075084557946,9.357840942468824
0.1286502954931063,8.328650217191267
0.12868984014063317,7.932597842439331
0.12872938478816004,7.090768097940786
0.1287689294356869,6.257912653752588
0.12880847408321375,5.2461645790182825
0.12884801873074062,4.435112785383342
0.12888756337826748,3.6657700456110893
0.12892710802579435,3.349982678621002
0.1289666526733212,2.9820780747917057
0.12900619732084806,2.627584084329773
0.12904574196837493,2.4709377270461976
0.1290852866159018,2.3341861319105606
0.12912483126342864,2.1638138549173984
0.1291643759109555,1.9049163347640166
0.12920392055848237,1.4511500659849865
0.12924346520600924,0.9626227162282888
0.12928300985353608,1.0046834407604033
0.12932255450106295,0.927836710339645
0.12936209914858982,1.1383784562275157
0.12940164379611668,1.4974133062909623
0.12944118844364352,1.6254438995796905
0.1294807330911704,1.9265321090714096
0.12952027773869726,2.0875486879168053
0.12955982238622413,2.1763362201856298
0.12959936703375097,2.4072243340244217
0.12963891168127784,2.5038540036840953
0.1296784563288047,2.5150835069250252
0.12971800097633157,2.3898729004620165
0.1297575456238584,2.509363139263332
0.12979709027138528,2.4114916827538133
0.12983663491891215,2.381133413570642
0.12987617956643902,2.271936556403441
0.12991572421396586,1.9924877227957039
0.12995526886149272,1.846498693991526
0.1299948135090196,1.3999589600085667
0.13003435815654646,1.0245377052435076
0.1300739028040733,0.7352420496278045
0.13011344745160017,0.23513358113111593
0.13015299209912704,-0.005485459356078692
0.1301925367466539,-0.29792752446777193
0.13023208139418074,-0.8649494158561746
0.1302716260417076,-0.95006843856196
0.13031117068923448,-1.0790985011644612
0.13035071533676135,-1.7957930466709513
0.1303902599842882,-2.248466180501615
0.13042980463181506,-2.7714243435934423
0.13046934927934192,-3.6962883129377015
0.1305088939268688,-4.190080713822463
0.13054843857439563,-4.702139116362469
0.1305879832219225,-5.4297124349612735
0.13062752786944937,-5.6584378862995806
0.13066707251697623,-6.060440682954773
0.13070661716450307,-6.591160222105624
0.13074616181202994,-6.8194703818724935
0.1307857064595568,-6.637991194081676
0.13082525110708368,-6.080073840579988
0.13086479575461052,-5.719462682717454
0.1309043404021374,-5.318538558369226
0.13094388504966425,-4.938988480636474
0.13098342969719112,-4.123463843428626
0.13102297434471796,-3.4144020927035355
0.13106251899224483,-2.455483004134779
0.1311020636397717,-1.433875477949056
0.13114160828729857,-0.698201201388903
0.1311811529348254,0.5386295399944272
0.13122069758235227,1.719595411207763
0.13126024222987914,3.0548466430668775
0.131299786877406,4.114557258239556
0.13133933152493285,5.0527460698400555
0.13137887617245972,6.225496952729235
0.1314184208199866,8.065732151007268
0.13145796546751345,8.873737631895846
0.1314975101150403,9.189806491372753
0.13153705476256716,9.918613808954117
0.13157659941009403,10.448149066102413
0.1316161440576209,10.700020353006968
0.13165568870514774,11.452552231063628
0.1316952333526746,11.758602709881822
0.13173477800020147,11.398272787185501
0.13177432264772834,11.031554364383659
0.13181386729525518,10.725835743705938
0.13185341194278205,10.373667517810322
0.13189295659030892,9.989893803361532
0.1319325012378358,9.456168022391369
0.13197204588536263,8.85546464408467
0.1320115905328895,8.01934805924892
0.13205113518041636,7.302649855886714
0.13209067982794323,6.186724445446763
0.13213022447547007,5.388912551812922
0.13216976912299694,4.053343904006157
0.1322093137705238,3.254518275251396
0.13224885841805067,2.4549652228093635
0.13228840306557751,0.8988675829513122
0.13232794771310438,0.17974922977024388
0.13236749236063125,-0.9636981381516092
0.13240703700815812,-1.636787659397168
0.13244658165568496,-2.1267407592184027
0.13248612630321183,-3.230136084549472
0.1325256709507387,-3.9191555590415152
0.13256521559826556,-4.664884700609517
0.1326047602457924,-4.839492190661708
0.13264430489331927,-5.031187173245033
0.13268384954084614,-5.616382883749474
0.132723394188373,-6.049820408755739
0.13276293883589985,-6.468967535947635
0.13280248348342671,-7.207193392596598
0.13284202813095358,-7.485614614371375
0.13288157277848045,-8.006308847872049
0.1329211174260073,-8.323142030549564
0.13296066207353416,-8.698014120897646
0.13300020672106103,-9.050514905136934
0.1330397513685879,-8.87151212700268
0.13307929601611473,-8.745064328981034
0.1331188406636416,-8.101820908067102
0.13315838531116847,-7.914592349935274
0.13319792995869534,-7.014946799403218
0.13323747460622218,-6.589073752550963
0.13327701925374905,-6.260322089231464
0.13331656390127591,-5.947511885676004
0.13335610854880278,-5.178009126714835
0.13339565319632962,-5.024961967630609
0.1334351978438565,-4.572113320875441
0.13347474249138336,-4.17471627585748
0.13351428713891023,-3.8534870467526092
0.13355383178643707,-3.5843831189123883
0.13359337643396393,-3.278732429495129
0.1336329210814908,-2.9972517299533905
0.13367246572901767,-3.332718140410379
0.1337120103765445,-3.378501373237465
0.13375155502407138,-3.4390520675179603
0.13379109967159825,-3.3461304953752515
0.1338306443191251,-3.4666240501176784
0.13387018896665195,-3.5699337821085075
0.13390973361417882,-3.4295526714507236
0.1339492782617057,-3.102040644705607
0.13398882290923256,-2.8331000394568733
0.1340283675567594,-2.3486581640282562
0.13406791220428627,-1.6844690354282363
0.13410745685181313,-1.147837005058384
0.13414700149934,-0.6614481138539992
0.13418654614686684,0.13054363477810504
0.1342260907943937,0.7454569058499976
0.13426563544192058,1.2531961635012436
0.13430518008944745,1.9405042726470931
0.13434472473697429,2.170441333429258
0.13438426938450115,2.626210713723122
0.13442381403202802,2.8597322760942117
0.1344633586795549,3.135189569941179
0.13450290332708173,3.9969994589327467
0.1345424479746086,5.00284914604228
0.13458199262213547,5.896013244426629
0.13462153726966233,6.115715098132431
0.13466108191718917,6.262605127098781
0.13470062656471604,6.838044454844832
0.1347401712122429,6.970889898371787
0.13477971585976978,7.038384257603361
0.13481926050729662,7.47437391334776
0.13485880515482349,7.5590923838179265
0.13489834980235035,7.384325545850336
0.13493789444987722,7.286235793613446
0.13497743909740406,7.3468826029199334
0.13501698374493093,7.257902801311712
0.1350565283924578,6.701615737945564
0.13509607303998467,6.310525011089335
0.1351356176875115,5.906598702414301
0.13517516233503837,5.309788353142793
0.13521470698256524,4.807822115989577
0.1352542516300921,4.21726523683609
0.13529379627761895,3.4586351652660827
0.13533334092514582,2.1934130104444387
0.13537288557267269,1.5580430898452953
0.13541243022019955,1.1035926503049511
0.1354519748677264,0.5046429393623262
0.13549151951525326,-0.04948389379213225
0.13553106416278013,-1.0847417804810089
0.135570608810307,-1.5354892356492806
0.13561015345783384,-1.9884237559695537
0.1356496981053607,-2.230243353899289
0.13568924275288757,-2.489866728898975
0.13572878740041444,-2.764825889976091
0.13576833204794128,-3.0388184911454363
0.13580787669546815,-3.2834923715426374
0.13584742134299502,-3.4797405172994385
0.13588696599052189,-3.70401736708945
0.13592651063804873,-3.841513071910824
0.1359660552855756,-4.053233036709227
0.13600559993310246,-3.550877735136993
0.13604514458062933,-3.966386180474542
0.13608468922815617,-3.6294905094716903
0.13612423387568304,-3.36786383634907
0.1361637785232099,-3.5316447641561215
0.13620332317073677,-3.744578846234151
0.1362428678182636,-3.7900108763037386
0.13628241246579048,-3.6442907800228115
0.13632195711331735,-3.548702190573751
0.13636150176084422,-3.4660603500331453
0.13640104640837106,-3.526426146952571
0.13644059105589793,-3.5741697577897016
0.1364801357034248,-3.8287596826301566
0.13651968035095166,-3.714871976791633
0.1365592249984785,-3.7766844828502277
0.13659876964600537,-3.697625476369234
0.13663831429353224,-3.700572767043739
0.1366778589410591,-3.9391262726219827
0.13671740358858595,-4.2710754351433495
0.1367569482361128,-4.416699799324208
0.13679649288363968,-4.539554373093118
0.13683603753116655,-4.530983150100253
0.1368755821786934,-4.48884520609147
0.13691512682622026,-4.457442042361149
0.13695467147374712,-4.065053331346928
0.136994216121274,-4.169706835794424
0.13703376076880083,-3.900497300279521
0.1370733054163277,-3.623668805922894
0.13711285006385457,-3.114805364123306
0.13715239471138144,-2.567211233418762
0.13719193935890828,-2.059628438166687
0.13723148400643514,-1.4752284300765242
0.137271028653962,-0.383599205917843
0.13731057330148888,0.2621708561007976
0.13735011794901572,0.9900139414566205
0.1373896625965426,1.7526650950315332
0.13742920724406946,1.989739091185788
0.13746875189159632,3.3874316605081773
0.13750829653912316,4.593961549881633
0.13754784118665003,5.487691417386881
0.1375873858341769,5.956090674170628
0.13762693048170377,6.713554340616125
0.1376664751292306,7.267697787476702
0.13770601977675748,7.447152200750497
0.13774556442428434,8.101066247032133
0.1377851090718112,8.389266939055265
0.13782465371933805,8.627431156587793
0.13786419836686492,8.816229822695778
0.1379037430143918,8.824514783429596
0.13794328766191866,7.820134072930213
0.1379828323094455,7.815570477241496
0.13802237695697236,7.32627471881299
0.13806192160449923,6.783275935490642
0.1381014662520261,6.4649750945745765
0.13814101089955294,6.139437810057966
0.1381805555470798,5.688970020751021
0.13822010019460668,4.660104487902415
0.13825964484213354,4.123627778804699
0.13829918948966038,3.1478957154554195
0.13833873413718725,2.5369536360005247
0.13837827878471412,1.8626984030926295
0.138417823432241,1.4363984264860594
0.13845736807976783,-0.18167984044527952
0.1384969127272947,-1.3164921658879685
0.13853645737482156,-2.3907961362243704
0.13857600202234843,-2.668144057068785
0.13861554666987527,-3.8254665196141584
0.13865509131740214,-5.051046545013274
0.138694635964929,-5.993727840985137
0.13873418061245588,-6.882589065154756
0.13877372525998272,-7.600991570601267
0.13881326990750958,-8.02888740718813
0.13885281455503645,-9.10982807093372
0.13889235920256332,-9.572383448555161
0.13893190385009016,-9.780496150736731
0.13897144849761703,-10.048160416326583
0.1390109931451439,-10.68250063851805
0.13905053779267076,-10.93574755010472
0.1390900824401976,-10.939087232498773
0.13912962708772447,-11.032855453798728
0.13916917173525134,-10.3458710307327
0.1392087163827782,-10.059588273642834
0.13924826103030505,-9.922912108116797
0.13928780567783192,-8.868597508809728
0.13932735032535878,-8.299733685043716
0.13936689497288565,-7.408928792966848
0.1394064396204125,-6.60864682468686
0.13944598426793936,-6.004970950371444
0.13948552891546623,-5.359165992926758
0.1395250735629931,-4.53429457146316
0.13956461821051994,-3.832472741906023
0.1396041628580468,-3.3901444465321324
0.13964370750557367,-2.7913081383581275
0.13968325215310054,-2.6712596264946384
0.13972279680062738,-2.514918704862067
0.13976234144815425,-2.3251983315360123
0.13980188609568112,-2.2730292397519936
0.13984143074320798,-2.2289122708185856
0.13988097539073482,-2.184899412489571
0.1399205200382617,-1.8412566987475047
0.13996006468578856,-1.645993687877402
0.13999960933331543,-1.3323610319663786
0.14003915398084227,-1.317749967149937
0.14007869862836914,-1.3161545271059865
0.140118243275896,-1.2902236876980302
0.14015778792342287,-1.274103795183711
0.1401973325709497,-1.2563927370376007
0.14023687721847658,-1.1055999726130574
0.14027642186600345,-0.8128701546376673
0.14031596651353032,-0.4003001733433882
0.14035551116105716,0.06462947087366633
0.14039505580858402,0.41517748092790097
0.1404346004561109,0.6805990189268192
0.14047414510363776,1.3128815268177272
0.1405136897511646,1.5406588483906232
0.14055323439869147,2.0947223205201704
0.14059277904621834,2.7846569223263815
0.1406323236937452,3.2580870123241557
0.14067186834127204,3.713716519732057
0.1407114129887989,4.241994975087455
0.14075095763632578,4.50351534071255
0.14079050228385265,5.185421236763662
0.1408300469313795,5.705119091092675
0.14086959157890636,5.934604590054108
0.14090913622643322,6.417945385371434
0.1409486808739601,6.663590961394983
0.14098822552148693,6.736896115635574
0.1410277701690138,7.046289489222655
0.14106731481654067,7.220444294531243
0.14110685946406754,7.477048528302867
0.14114640411159438,7.743719171605664
0.14118594875912124,7.840006568309815
0.1412254934066481,7.673655472470836
0.14126503805417498,7.500099443359853
0.14130458270170182,7.393277176085726
0.1413441273492287,7.0233184684306265
0.14138367199675556,6.614401153241782
0.14142321664428242,6.231648556694118
0.14146276129180926,5.731349472476392
0.14150230593933613,5.019538621510421
0.141541850586863,4.19607741459213
0.14158139523438987,3.078854696216786
0.1416209398819167,2.0571481061113506
0.14166048452944358,1.2157425372574613
0.14170002917697044,-0.09830280560450344
0.1417395738244973,-1.3954759391051956
0.14177911847202415,-2.358012202685063
0.14181866311955102,-3.170368310363126
0.1418582077670779,-3.886981340166064
0.14189775241460476,-5.234335728062787
0.1419372970621316,-5.917379632495274
0.14197684170965846,-6.759422158573542
0.14201638635718533,-7.214033603019501
0.1420559310047122,-7.731948341947545
0.14209547565223904,-7.523132394128268
0.1421350202997659,-8.127322761598863
0.14217456494729278,-8.108955220629646
0.14221410959481964,-8.08824265148263
0.14225365424234648,-7.966155980784676
0.14229319888987335,-7.799095445807051
0.14233274353740022,-7.468490360145781
0.1423722881849271,-6.98053208991708
0.14241183283245393,-7.00306810760005
0.1424513774799808,-6.428772100190499
0.14249092212750766,-6.12169995914878
0.14253046677503453,-5.582651484358258
0.14257001142256137,-5.213729322423148
0.14260955607008824,-4.464314913139799
0.1426491007176151,-4.164162641445127
0.14268864536514198,-3.6075027194893226
0.14272819001266882,-3.0934496166157004
0.14276773466019568,-2.6896477481868777
0.14280727930772255,-2.154466185294339
0.14284682395524942,-1.8731151057343522
0.14288636860277626,-1.4577385503777984
0.14292591325030313,-0.5960727775677848
0.14296545789783,-0.16148802764501724
0.14300500254535686,0.8550675916890587
0.1430445471928837,1.369860538577683
0.14308409184041057,1.8051494249986613
0.14312363648793744,2.255939960162559
0.1431631811354643,2.8727220741625237
0.14320272578299115,3.358369594534902
0.14324227043051802,3.8274071897663253
0.14328181507804488,3.984239709539507
0.14332135972557175,4.156783558592341
0.1433609043730986,4.439322197927179
0.14340044902062546,4.55783231042954
0.14343999366815233,4.573414244120721
0.1434795383156792,4.53286629476002
0.14351908296320603,4.447795900502436
0.1435586276107329,4.2432770014934444
0.14359817225825977,4.080473938691304
0.14363771690578664,3.9025289900609925
0.14367726155331348,3.712636225013931
0.14371680620084035,3.606103913087783
0.14375635084836721,3.3712449816625822
0.14379589549589408,3.3413171780878947
0.14383544014342092,3.2733984335794073
0.1438749847909478,3.2902568190327983
0.14391452943847466,3.297521542850606
0.14395407408600153,3.3357798297707744
0.14399361873352837,3.3561880692577937
0.14403316338105523,3.4601904500528846
0.1440727080285821,3.535975151174009
0.14411225267610897,3.7013684049530777
0.1441517973236358,3.7165225130380444
0.14419134197116268,3.7377692898237873
0.14423088661868955,3.751002191655556
0.14427043126621641,3.7260105543630244
0.14430997591374325,3.777432961840007
0.14434952056127012,3.777132161458285
0.144389065208797,3.646854162190224
0.14442860985632386,3.4253733081484796
0.1444681545038507,3.2347664111285157
0.14450769915137757,2.981105926583294
0.14454724379890443,2.678043711692932
0.1445867884464313,2.1700464191452005
0.14462633309395814,1.6022183267481722
0.144665877741485,1.3245656317940613
0.14470542238901188,0.42165984654191035
0.14474496703653875,-0.4808285972245123
0.1447845116840656,-1.1729808759944014
0.14482405633159245,-2.1091565246603823
0.14486360097911932,-3.0811122340744213
0.1449031456266462,-3.6737111685456227
0.14494269027417303,-4.188708520953031
0.1449822349216999,-4.897310231974416
0.14502177956922677,-5.534535172486383
0.14506132421675363,-6.1769899774281765
0.14510086886428047,-6.913601118035342
0.14514041351180734,-7.241584957291933
0.1451799581593342,-7.676944420881708
0.14521950280686108,-7.847829190780746
0.14525904745438792,-8.032413207412514
0.1452985921019148,-8.818756586790165
0.14533813674944165,-8.362721703837252
0.14537768139696852,-8.239679855263423
0.14541722604449536,-8.114651078854088
0.14545677069202223,-7.744288910068128
0.1454963153395491,-7.447638523661432
0.14553585998707597,-6.902412023995494
0.1455754046346028,-6.648084856159673
0.14561494928212967,-6.342205873442194
0.14565449392965654,-5.547130359099022
0.1456940385771834,-5.144513405012761
0.14573358322471025,-4.658801635595307
0.14577312787223712,-4.200255115570307
0.145812672519764,-3.7611233190240085
0.14585221716729085,-3.5043001316403934
0.1458917618148177,-2.816264754419909
0.14593130646234456,-2.1880565146391575
0.14597085110987143,-1.8013534368990012
0.1460103957573983,-1.466444364458738
0.14604994040492514,-0.7341883775598088
0.146089485052452,-0.438886076179557
0.14612902969997887,0.17898425802109763
0.14616857434750574,0.8066832567455293
0.14620811899503258,1.5822127852325423
0.14624766364255945,1.6068735085480563
0.14628720829008632,1.9473118036303978
0.14632675293761319,2.2073488479256334
0.14636629758514003,2.4682779046774126
0.1464058422326669,3.0315225092501157
0.14644538688019376,3.4067857702286863
0.14648493152772063,3.6145518133816656
0.14652447617524747,3.672100665597637
0.14656402082277434,3.581038462480474
0.1466035654703012,3.532241169064764
0.14664311011782807,3.5242194060333265
0.14668265476535491,3.5240387333699177
0.14672219941288178,3.5440457665767076
0.14676174406040865,3.349940533790072
0.14680128870793552,3.505078851719725
0.14684083335546236,3.4500315159369688
0.14688037800298923,3.5336914939524666
0.1469199226505161,3.5545169542446633
0.14695946729804296,3.582308492755364
0.1469990119455698,3.629372098975451
0.14703855659309667,3.6398985934606847
0.14707810124062354,3.628429720874954
0.1471176458881504,3.5290179863600786
0.14715719053567725,3.565259980246064
0.1471967351832041,3.430570661083946
0.14723627983073098,3.427650747741092
0.14727582447825785,3.4010345215591746
0.1473153691257847,3.3291890129315727
0.14735491377331156,3.144182131033004
0.14739445842083843,3.0700383141277294
0.1474340030683653,2.9963378120299753
0.14747354771589213,2.892852085674778
0.147513092363419,2.5848859440123366
0.14755263701094587,2.2793960335536116
0.14759218165847274,1.938548081972094
0.14763172630599958,1.5000346243016054
0.14767127095352645,1.1717144211226458
0.1477108156010533,0.3107705379256753
0.14775036024858018,-0.06919239248322295
0.14778990489610702,-0.3706853358887017
0.1478294495436339,-1.3770149677367023
0.14786899419116076,-2.3219796722525015
0.14790853883868763,-2.699784666371814
0.14794808348621447,-3.056649384878427
0.14798762813374133,-3.480065961669106
0.1480271727812682,-3.2826399830952697
0.14806671742879507,-3.796378596341018
0.1481062620763219,-3.9835602670070545
0.14814580672384878,-4.213192111947279
0.14818535137137565,-4.258476620334519
0.1482248960189025,-4.325419567438109
0.14826444066642935,-4.557519303393888
0.14830398531395622,-4.501197743409369
0.1483435299614831,-4.637155012349024
0.14838307460900996,-4.476555926096473
0.1484226192565368,-4.428229994293082
0.14846216390406367,-4.365410559315984
0.14850170855159053,-3.7928584555576244
0.1485412531991174,-3.314180332464363
0.14858079784664424,-2.7721225781626755
0.1486203424941711,-2.4605551633294125
0.14865988714169798,-2.275849926436634
0.14869943178922485,-2.23314699752627
0.14873897643675169,-2.013232744592613
0.14877852108427855,-1.675788161590865
0.14881806573180542,-1.2059589694559616
0.1488576103793323,-0.7066686536046562
0.14889715502685913,-0.26436182721963775
0.148936699674386,0.45971780427924713
0.14897624432191287,1.2717787568277874
0.14901578896943973,1.9360398517570108
0.14905533361696657,2.3540056708055124
0.14909487826449344,2.754485292223973
0.1491344229120203,3.4465922634586876
0.14917396755954718,4.4522955315655945
0.14921351220707402,5.339964619691925
0.14925305685460089,5.736219877350242
0.14929260150212775,6.0474492121606644
0.14933214614965462,6.768323131447261
0.14937169079718146,6.9398656137159405
0.14941123544470833,6.954836759181811
0.1494507800922352,6.925388507012244
0.14949032473976206,7.0643139306815
0.1495298693872889,6.892919467098145
0.14956941403481577,6.938069464735792
0.14960895868234264,6.516208918965473
0.1496485033298695,6.417078721523805
0.14968804797739635,6.3158957387863435
0.14972759262492322,6.146710027866734
0.14976713727245008,5.770923562488669
0.14980668191997695,5.504252721411725
0.1498462265675038,5.281161844381101
0.14988577121503066,4.7353778015598955
0.14992531586255753,4.379125467842605
0.1499648605100844,4.03648095842167
0.15000440515761124,3.6522010247593855
0.1500439498051381,3.2469120441204335
0.15008349445266497,3.367515805898731
0.15012303910019184,3.084274802507709
0.15016258374771868,2.6094302012116763
0.15020212839524555,2.435230281884005
0.15024167304277242,2.2656218753344657
0.15028121769029928,1.9463902422870207
0.15032076233782612,1.8014409155431261
0.150360306985353,1.6165596105989302
0.15039985163287986,1.470161151661702
0.15043939628040673,1.325572840310448
0.15047894092793357,1.240800523050316
0.15051848557546044,1.0277985640734038
0.1505580302229873,0.9949749802727599
0.15059757487051417,0.8622220873512569
0.150637119518041,0.8556280990141287
0.15067666416556788,0.7957018339313464
0.15071620881309475,0.6805463990554257
0.15075575346062162,0.5232930219096481
0.15079529810814846,-0.007557519208259755
0.15083484275567532,0.15459898320248744
0.1508743874032022,-0.15188819353825167
0.15091393205072906,-0.5433714961715941
0.1509534766982559,-0.6184140915785061
0.15099302134578277,-0.6810020695911119
0.15103256599330964,-0.7453305659238083
0.1510721106408365,-0.8922566105703424
0.15111165528836334,-1.0547278128502224
0.1511511999358902,-1.2091120147569372
0.15119074458341708,-1.3667873751425308
0.15123028923094395,-1.655769045024801
0.1512698338784708,-1.9414034776256175
0.15130937852599766,-1.8121412530429817
0.15134892317352452,-2.774589970772255
0.1513884678210514,-3.1459168817796446
0.15142801246857823,-3.4123911234477404
0.1514675571161051,-3.817926757121528
0.15150710176363197,-4.105107104163675
0.15154664641115884,-4.406621570466778
0.15158619105868568,-4.622618831228494
0.15162573570621254,-4.95056838670001
0.1516652803537394,-5.048423456668332
0.15170482500126628,-4.869658153587935
0.15174436964879312,-4.733774180785298
0.15178391429632,-4.539449208573887
0.15182345894384686,-4.612425376300203
0.15186300359137372,-4.2472734939321075
0.15190254823890056,-3.984805366319174
0.15194209288642743,-3.8736395192159296
0.1519816375339543,-3.4878417988025374
0.15202118218148117,-3.080816124039476
0.152060726829008,-2.5012943349772634
0.15210027147653488,-1.8796056100784346
0.15213981612406174,-1.3431189341210956
0.1521793607715886,-0.7049752700364591
0.15221890541911545,0.09281082625604142
0.15225845006664232,1.0514169253363024
0.1522979947141692,1.6392062067091455
0.15233753936169606,2.3058200421665545
0.1523770840092229,2.840129805852741
0.15241662865674976,3.2660264797085663
0.15245617330427663,3.8934898988833773
0.1524957179518035,4.420251692933554
0.15253526259933034,5.274308958188012
0.1525748072468572,5.906995275420874
0.15261435189438408,6.222065877119284
0.15265389654191094,6.405357091275761
0.15269344118943778,6.635543190433728
0.15273298583696465,6.856967381856829
0.15277253048449152,6.939131389747645
0.1528120751320184,6.7437756019302295
0.15285161977954523,6.814028026842233
0.1528911644270721,6.733410938060022
0.15293070907459896,6.704488581277477
0.15297025372212583,6.4504965112575245
0.15300979836965267,6.191277695836956
0.15304934301717954,6.010758457901308
0.1530888876647064,5.574114821308564
0.15312843231223328,4.290727409255188
0.15316797695976012,4.431519790523344
0.15320752160728698,3.8122973039843266
0.15324706625481385,3.2281168106853126
0.15328661090234072,2.9630907824309363
0.15332615554986756,2.6755247245596125
0.15336570019739443,2.298887765132741
0.1534052448449213,1.8771931661800156
0.15344478949244816,1.3472304418392032
0.153484334139975,0.9011292121479508
0.15352387878750187,0.7586970943556777
0.15356342343502874,0.43603604758619685
0.1536029680825556,-0.03974154247411743
0.15364251273008245,-0.6683145207959349
0.15368205737760932,-1.2726920210779147
0.15372160202513618,-2.0090368884498213
0.15376114667266305,-2.5941892211700512
0.1538006913201899,-2.832760772123299
0.15384023596771676,-3.335503531647671
0.15387978061524363,-3.6936370506810388
0.1539193252627705,-3.9158627464545095
0.15395886991029734,-3.9882716719800024
0.1539984145578242,-4.498478206565625
0.15403795920535107,-4.488069161200614
0.15407750385287794,-4.403277598694205
0.15411704850040478,-4.120058460345587
0.15415659314793165,-4.104982670922422
0.15419613779545852,-4.113250885536151
0.15423568244298538,-4.3395113609903015
0.15427522709051222,-4.262726158312159
0.1543147717380391,-3.992480203423362
0.15435431638556596,-3.5602527914991624
0.15439386103309283,-3.2198535429250006
0.15443340568061967,-2.996095155966419
0.15447295032814654,-2.7726193896229434
0.1545124949756734,-2.6256631105936483
0.15455203962320027,-2.376337318334995
0.1545915842707271,-2.1653948126059586
0.15463112891825398,-1.9737180789457813
0.15467067356578085,-1.781263557791009
0.15471021821330772,-1.5742854676223796
0.15474976286083456,-1.3412969770798755
0.15478930750836142,-1.1722438712155787
0.1548288521558883,-1.017590991324795
0.15486839680341516,-0.9319339152776553
0.154907941450942,-0.7018284116573934
0.15494748609846887,-0.5039129549390235
0.15498703074599574,-0.36066882602686423
0.1550265753935226,-0.020518545363678697
0.15506612004104944,0.32629207174997
0.1551056646885763,0.61597838494417
0.15514520933610318,0.9437109582286611
0.15518475398363005,1.253936401592303
0.15522429863115692,1.6730818067864481
0.15526384327868376,1.97289012105486
0.15530338792621062,2.114900940475553
0.1553429325737375,2.2865085643488765
0.15538247722126433,2.5209161203697903
0.1554220218687912,2.7385837634720254
0.15546156651631807,3.0248236505754607
0.15550111116384494,3.0706602197784925
0.1555406558113718,3.2312598935481054
0.15558020045889864,3.164800220069771
0.1556197451064255,3.421908539469669
0.15565928975395238,3.41420705635855
0.15569883440147922,3.407233305587546
0.1557383790490061,3.3998606472769097
0.15577792369653296,3.1919994507059553
0.15581746834405982,2.982326536400209
0.1558570129915867,2.7940025727525626
0.15589655763911353,2.5978745139350092
0.1559361022866404,2.537977880564574
0.15597564693416727,2.4102735449469135
0.1560151915816941,2.27144358598032
0.15605473622922097,2.405867526711261
0.15609428087674784,2.198060544764818
0.1561338255242747,1.9498098040540013
0.15617337017180158,1.938789962577296
0.15621291481932842,1.4383762711134347
0.1562524594668553,1.2737113335853865
0.15629200411438215,1.0831668153401983
0.156331548761909,0.8732027890487855
0.15637109340943586,0.7368478299727625
0.15641063805696273,0.5435703319687564
0.1564501827044896,0.3155571984858563
0.15648972735201647,0.20022645427960128
0.1565292719995433,0.0461449163246499
0.15656881664707017,-0.24290983365943042
0.15660836129459704,-0.6584264572797398
0.15664790594212388,-0.8441388719852192
0.15668745058965075,-1.0373732593934202
0.15672699523717762,-1.2670446455004507
0.1567665398847045,-1.4323495717867285
0.15680608453223135,-1.5950572539413326
0.1568456291797582,-1.8824535714170665
0.15688517382728506,-2.1118760194159805
0.15692471847481193,-2.2752743335562897
0.15696426312233877,-2.5769172628516026
0.15700380776986564,-2.9462280232052915
0.1570433524173925,-3.215833281975435
0.15708289706491937,-2.9260572914919925
0.15712244171244624,-3.14275374365699
0.15716198635997308,-3.2868298600650476
0.15720153100749995,-3.4540715330333143
0.15724107565502682,-3.757001801620164
0.15728062030255366,-3.8487755433530255
0.15732016495008053,-3.9493810895019257
0.1573597095976074,-4.045512062162158
0.15739925424513426,-4.126289938097623
0.15743879889266113,-4.581979438521383
0.15747834354018797,-4.67445354108702
0.15751788818771484,-4.738055125250017
0.1575574328352417,-5.172726486625066
0.15759697748276855,-5.424775496128067
0.15763652213029541,-5.633574427211711
0.15767606677782228,-5.7716101275432115
0.15771561142534915,-5.830262171545298
0.15775515607287602,-5.700588441750939
0.15779470072040286,-5.7458990703226185
0.15783424536792973,-5.761464958488893
0.1578737900154566,-5.405451621869597
0.15791333466298343,-5.120898399396089
0.1579528793105103,-4.914441606522487
0.15799242395803717,-4.553107403035789
0.15803196860556404,-4.072710748874663
0.1580715132530909,-3.59570644414587
0.15811105790061775,-2.5994484778927136
0.15815060254814461,-1.989709142873954
0.15819014719567148,-1.3126921155272173
0.15822969184319832,-0.6938617860996459
0.1582692364907252,-0.18733529222549183
0.15830878113825206,0.15152879063238966
0.15834832578577893,0.6622406041707452
0.1583878704333058,1.128557734868032
0.15842741508083263,1.5611914758129233
0.1584669597283595,1.9537661282702343
0.15850650437588637,2.290928543470792
0.1585460490234132,2.691999508650076
0.15858559367094008,3.170830662017469
0.15862513831846695,3.4185775763442514
0.15866468296599381,3.99096760676309
0.15870422761352068,4.564051422488412
0.15874377226104752,4.83919370729068
0.1587833169085744,5.407798843827929
0.15882286155610126,5.539209835227439
0.1588624062036281,5.720566551671389
0.15890195085115497,5.704294900401653
0.15894149549868183,5.590761213180951
0.1589810401462087,5.6527228340400555
0.15902058479373557,5.39880061609523
0.1590601294412624,5.149852985358298
0.15909967408878928,4.968432970335385
0.15913921873631615,4.7014519356207325
0.15917876338384299,4.385774362849697
0.15921830803136985,3.9313959007820847
0.15925785267889672,3.434761337668795
0.1592973973264236,2.9475781728623724
0.15933694197395046,2.2620613666161695
0.1593764866214773,1.4822798392947192
0.15941603126900417,0.395882675460852
0.15945557591653103,-0.32451377951584703
0.15949512056405787,-0.2795759611140083
0.15953466521158474,-0.7869561390556292
0.1595742098591116,-1.2941086721136505
0.15961375450663848,-2.1896867777975757
0.15965329915416535,-2.978370416134461
0.15969284380169219,-3.367063365654909
0.15973238844921905,-3.6247404822751754
0.15977193309674592,-4.472393346209086
0.15981147774427276,-4.639184073170641
0.15985102239179963,-4.745302733136733
0.1598905670393265,-4.650563426135225
0.15993011168685337,-4.783980550239385
0.15996965633438023,-5.160940188988571
0.16000920098190707,-5.310781451814634
0.16004874562943394,-4.892117527437011
0.1600882902769608,-4.992158874156522
0.16012783492448765,-4.879902618032834
0.16016737957201452,-5.341697378941705
0.16020692421954139,-5.164705698001501
0.16024646886706825,-4.825188771363226
0.16028601351459512,-4.486323257529578
0.16032555816212196,-4.077735802826615
0.16036510280964883,-3.7251700982945346
0.1604046474571757,-3.3790436199816885
0.16044419210470254,-2.8484167742186903
0.1604837367522294,-2.4829013669266917
0.16052328139975627,-2.2878078643828594
0.16056282604728314,-2.10358895481808
0.16060237069481,-1.8814490978244942
0.16064191534233685,-1.6065793718487207
0.16068145998986372,-1.1689810358123989
0.16072100463739059,-0.9177439868534716
0.16076054928491743,-0.7172391324328578
0.1608000939324443,-0.5082431792953814
0.16083963857997116,-0.2355619905729549
0.16087918322749803,0.03653664043025717
0.1609187278750249,0.2041922003478156
0.16095827252255174,0.39901838842177373
0.1609978171700786,0.5409224394539267
0.16103736181760547,1.0552786774672498
0.1610769064651323,1.1468928829170073
0.16111645111265918,1.2372984591769471
0.16115599576018605,1.3280284220313376
0.16119554040771292,1.419296113841054
0.16123508505523979,1.5310711282558698
0.16127462970276663,1.6510954892453604
0.1613141743502935,1.9196263766385542
0.16135371899782036,1.8134678001625
0.1613932636453472,2.3864441050516003
0.16143280829287407,2.504624127771474
0.16147235294040094,2.9340002115372936
0.1615118975879278,2.9875633685256826
0.16155144223545467,3.188137936920267
0.1615909868829815,3.428067477434664
0.16163053153050838,3.561982471930098
0.16167007617803525,3.5735322311424316
0.1617096208255621,3.697823853970945
0.16174916547308896,3.8746152767154403
0.16178871012061583,3.9122926635452906
0.1618282547681427,3.9216043196201937
0.16186779941566956,3.856934150753151
0.1619073440631964,3.8397873579411836
0.16194688871072327,3.8574408567323477
0.16198643335825014,3.7008849472473226
0.16202597800577698,3.575143474751168
0.16206552265330385,3.376912172160657
0.1621050673008307,3.3442270160120264
0.16214461194835758,3.258707150222671
0.16218415659588445,2.999872795185728
0.1622237012434113,2.833569757364649
0.16226324589093816,2.7143970654856924
0.16230279053846502,2.46830013915229
0.16234233518599187,2.2248322824882534
0.16238187983351873,2.0014041926819264
0.1624214244810456,1.726377503883369
0.16246096912857247,1.415024214553406
0.16250051377609934,1.0684351531423104
0.16254005842362618,0.939307076471759
0.16257960307115304,0.6483979382841527
0.1626191477186799,0.4036287401469174
0.16265869236620675,0.07441489467879325
0.16269823701373362,-0.23835727726018163
0.1627377816612605,-0.4712390857235542
0.16277732630878736,-0.6247266876387627
0.16281687095631422,-0.7532227390790629
0.16285641560384106,-0.8528675001501655
0.16289596025136793,-1.0870302686092241
0.1629355048988948,-1.313921555904015
0.16297504954642164,-1.893275918896018
0.1630145941939485,-2.009939226674363
0.16305413884147538,-2.284688740442961
0.16309368348900224,-2.6030109839224496
0.1631332281365291,-2.6662231565464465
0.16317277278405595,-2.7443725223197113
0.16321231743158282,-2.7741113369531663
0.1632518620791097,-2.8605594649006454
0.16329140672663653,-2.8371013845790403
0.1633309513741634,-2.878243949954263
0.16337049602169026,-2.983548298916509
0.16341004066921713,-2.802481942572844
0.163449585316744,-3.0830579504484437
0.16348912996427084,-2.9787156747164394
0.1635286746117977,-2.9562301172694756
0.16356821925932458,-2.9671172924702596
0.16360776390685142,-3.112365471936174
0.16364730855437828,-3.145187031800109
0.16368685320190515,-3.3463067795862607
0.16372639784943202,-3.502352300381096
0.1637659424969589,-3.409530357034641
0.16380548714448573,-3.205959139537466
0.1638450317920126,-3.164582572775198
0.16388457643953946,-3.1011453313426154
0.1639241210870663,-2.7984437930178157
0.16396366573459317,-2.56963035407144
0.16400321038212004,-2.4386964700392246
0.1640427550296469,-1.7199315337421277
0.16408229967717378,-1.7489735645035038
0.16412184432470062,-1.6676265457705428
0.16416138897222748,-1.1693909330482137
0.16420093361975435,-0.8465641433128059
0.1642404782672812,-0.3950410743261461
0.16428002291480806,-0.025425960100981193
0.16431956756233493,0.41378905575496017
0.1643591122098618,0.9065594585023593
0.16439865685738866,1.2475337488542566
0.1644382015049155,1.6465618468433538
0.16447774615244237,2.17159681703383
0.16451729079996924,2.4220439629126194
0.16455683544749608,2.8227344019918066
0.16459638009502295,3.2968920263339845
0.16463592474254982,3.6448329732709537
0.16467546939007668,3.9889841653641014
0.16471501403760355,4.389681467393377
0.1647545586851304,4.5643171325892755
0.16479410333265726,4.795466526759357
0.16483364798018413,5.113819901136319
0.16487319262771097,5.310921010018922
0.16491273727523784,5.463555570875067
0.1649522819227647,5.585204811804304
0.16499182657029157,5.696982766986004
0.16503137121781844,5.527148410744675
0.16507091586534528,5.3735461775213125
0.16511046051287215,5.179880959674267
0.16515000516039902,5.029432760518089
0.16518954980792586,4.717048183630487
0.16522909445545272,4.454830810844178
0.1652686391029796,4.094125248526299
0.16530818375050646,3.799432180491877
0.16534772839803333,3.5228704880315576
0.16538727304556017,3.22607437251063
0.16542681769308704,2.747197912240204
0.1654663623406139,2.179853251580238
0.16550590698814074,1.6480497629447663
0.1655454516356676,1.1477830486691438
0.16558499628319448,0.5936958083204127
0.16562454093072135,-0.07113887392213325
0.16566408557824822,-0.9519536714809824
0.16570363022577506,-1.4088468081278185
0.16574317487330192,-1.7551953993441414
0.1657827195208288,-2.257526869111814
0.16582226416835563,-3.0299860735615107
0.1658618088158825,-3.308621011759791
0.16590135346340937,-3.5344862039353053
0.16594089811093624,-3.8728352695418344
0.1659804427584631,-4.274509458479101
0.16601998740598994,-4.448746402341429
0.1660595320535168,-4.589169257032932
0.16609907670104368,-4.736170619060901
0.16613862134857052,-4.881552907241671
0.1661781659960974,-5.119415254237782
0.16621771064362426,-4.8717209514392446
0.16625725529115112,-4.464384638820853
0.166296799938678,-4.103307948768441
0.16633634458620483,-3.748915575883612
0.1663758892337317,-3.5412312896377998
0.16641543388125857,-3.429801701682061
0.1664549785287854,-3.3372452267424215
0.16649452317631228,-3.2514146152078247
0.16653406782383914,-2.94158069240905
0.166573612471366,-2.7507859672551582
0.16661315711889288,-2.4250025097047203
0.16665270176641972,-2.1024511994910693
0.1666922464139466,-1.7835644515375577
0.16673179106147346,-1.456903546527073
0.1667713357090003,-1.0378511624935243
0.16681088035652716,-0.3475478826225107
0.16685042500405403,0.013968388304086865
0.1668899696515809,0.08704911314811614
0.16692951429910777,1.0219004488036587
0.1669690589466346,1.2566086940579604
0.16700860359416148,1.4779233483580203
0.16704814824168834,1.6767631125750455
0.16708769288921518,1.848586807370718
0.16712723753674205,1.9869421370908391
0.16716678218426892,2.20277922247657
0.1672063268317958,2.310706399181675
0.16724587147932266,2.4174673865179264
0.1672854161268495,2.4909813429610894
0.16732496077437636,2.507396313884766
0.16736450542190323,2.5066299840244977
0.16740405006943007,2.6269542713919316
0.16744359471695694,2.5760164848594576
0.1674831393644838,2.564325421881887
0.16752268401201068,2.465759283047504
0.16756222865953754,2.379307893940588
0.16760177330706438,2.3393553519460317
0.16764131795459125,2.133189751081667
0.16768086260211812,2.144319336919292
0.16772040724964496,2.121683057306792
0.16775995189717183,2.0435223723610125
0.1677994965446987,1.979849230272663
0.16783904119222556,2.0067959334592658
0.16787858583975243,1.9968644754397253
0.16791813048727927,1.9857677203604034
0.16795767513480614,1.929611172756906
0.167997219782333,1.729117492103831
0.16803676442985985,1.797677666007469
0.16807630907738672,1.7771919629050013
0.16811585372491358,1.757249024046244
0.16815539837244045,1.7373349714879378
0.16819494301996732,1.7708969808096562
0.16823448766749416,1.7347157138221867
0.16827403231502103,1.5425851867113565
0.1683135769625479,1.2239864104063747
0.16835312161007474,1.2415880870786156
0.1683926662576016,1.116397662007107
0.16843221090512847,0.9667958243647687
0.16847175555265534,0.7829425462549722
0.1685113002001822,0.5887969405775992
0.16855084484770905,0.5141493714654564
0.16859038949523591,0.2967709156277296
0.16862993414276278,0.09143954626023287
0.16866947879028962,-0.12287991887594085
0.1687090234378165,-0.340144950293114
0.16874856808534336,-0.5216852544734705
0.16878811273287023,-0.7466901946761517
0.1688276573803971,-1.02584193791769
0.16886720202792393,-1.2035955803964944
0.1689067466754508,-1.3791991707795548
0.16894629132297767,-1.580954065969654
0.1689858359705045,-1.7278307363304704
0.16902538061803138,-1.9482298908592588
0.16906492526555825,-2.2961426570977883
0.16910446991308511,-2.9710269428700222
0.16914401456061198,-2.9727364011076354
0.16918355920813882,-3.89373546860981
0.1692231038556657,-3.8534906038964722
0.16926264850319256,-3.813624090804068
0.1693021931507194,-3.797107936719277
0.16934173779824627,-3.910642269500487
0.16938128244577313,-4.069427002350445
0.1694208270933,-4.251302457839182
0.16946037174082687,-4.4509178460366785
0.1694999163883537,-4.496573647743872
0.16953946103588058,-4.199300811406654
0.16957900568340745,-4.054903762319414
0.1696185503309343,-3.91912212323707
0.16965809497846115,-3.755509349257701
0.16969763962598802,-3.6867121074268914
0.1697371842735149,-3.6751834606918328
0.16977672892104176,-3.574310815932985
0.1698162735685686,-2.4950148189603274
0.16985581821609547,-2.56910384943124
0.16989536286362233,-2.711290158623078
0.16993490751114917,-2.7190259506983967
0.16997445215867604,-2.48325157642995
0.1700139968062029,-2.2481354525222565
0.17005354145372978,-1.7710914109576352
0.17009308610125665,-0.9112317181332603
0.1701326307487835,-0.5826930141246871
0.17017217539631035,-0.31401011411378743
0.17021172004383722,-0.0026849079745758786
0.17025126469136406,0.28890192114065094
0.17029080933889093,0.7031031113775814
0.1703303539864178,1.1326147677520328
0.17036989863394467,1.4227852405989596
0.17040944328147153,1.6634484744404148
0.17044898792899837,2.0136414053010014
0.17048853257652524,2.2163103993784707
0.1705280772240521,2.391202985762942
0.17056762187157895,2.5257895341421115
0.17060716651910582,2.6229279906456338
0.1706467111666327,2.7276654728450227
0.17068625581415955,2.867626564491238
0.17072580046168642,2.931909086081948
0.17076534510921326,2.911386833774129
0.17080488975674013,2.836901858133161
0.170844434404267,2.7581496771893645
0.17088397905179384,2.758409415540016
0.1709235236993207,2.627156080145041
0.17096306834684757,2.3714419704492036
0.17100261299437444,2.1945005351007785
0.1710421576419013,2.035477818156763
0.17108170228942815,1.8100798064812418
0.17112124693695502,1.378791756009301
0.1711607915844819,1.0682837241769523
0.17120033623200873,0.8445071572139744
0.1712398808795356,0.6151995156536989
0.17127942552706246,0.3839039025847413
0.17131897017458933,-0.031121470704364107
0.1713585148221162,-0.4133618002521393
0.17139805946964304,-0.6335364096799303
0.1714376041171699,-0.8579495440226141
0.17147714876469677,-1.297730630725594
0.17151669341222361,-1.5935115045219144
0.17155623805975048,-1.8606010342342119
0.17159578270727735,-2.131060287524085
0.17163532735480422,-2.4534005427300736
0.17167487200233109,-2.635865770629061
0.17171441664985793,-2.808923752991885
0.1717539612973848,-3.0573829082548523
0.17179350594491166,-3.393748682009182
0.1718330505924385,-3.607544821883872
0.17187259523996537,-3.810323343337317
0.17191213988749224,-4.148955208648971
0.1719516845350191,-4.523859484166662
0.17199122918254597,-4.749477921847521
0.17203077383007281,-4.444351196768372
0.17207031847759968,-3.8717957040180027
0.17210986312512655,-4.73825593518108
0.1721494077726534,-4.843556116749268
0.17218895242018026,-5.209937495815428
0.17222849706770713,-4.9322031236000345
0.172268041715234,-4.9850634015438455
0.17230758636276086,-5.039414612335078
0.1723471310102877,-5.154972720730641
0.17238667565781457,-5.094556107160552
0.17242622030534144,-4.820966341126028
0.17246576495286828,-4.48248271994727
0.17250530960039515,-4.135969634824732
0.172544854247922,-3.9771952706645513
0.17258439889544888,-3.8182115758413078
0.17262394354297575,-3.7022478288023217
0.1726634881905026,-3.6009469967449856
0.17270303283802946,-3.486890678484439
0.17274257748555633,-3.269484380715352
0.17278212213308317,-3.0147208838036654
0.17282166678061003,-2.805096734316831
0.1728612114281369,-2.4453213792797106
0.17290075607566377,-2.1787353871155313
0.17294030072319064,-1.918968530025695
0.17297984537071748,-1.2665443100066005
0.17301939001824435,-0.8366083647902904
0.1730589346657712,-0.3631404003282235
0.17309847931329805,-0.03408706836842157
0.17313802396082492,0.21734525732252497
0.1731775686083518,0.49324091975522766
0.17321711325587866,0.7698547809661331
0.17325665790340553,1.016917777083587
0.17329620255093237,1.36179554498107
0.17333574719845923,1.6287251308543311
0.1733752918459861,1.853950931530866
0.17341483649351294,2.0976122696876542
0.1734543811410398,2.320522971964837
0.17349392578856668,2.511356168476997
0.17353347043609355,2.577501380329225
0.1735730150836204,2.621259635782228
0.17361255973114725,2.6656396661598016
0.17365210437867412,2.784366926599075
0.173691649026201,2.9348758590354826
0.17373119367372783,3.0672737383451496
0.1737707383212547,3.1248541873029776
0.17381028296878157,3.108441823181055
0.17384982761630843,3.104160071302876
0.1738893722638353,3.024822458016663
0.17392891691136214,2.8530907892556066
0.173968461558889,2.7560820956536647
0.17400800620641588,2.6766404950026974
0.17404755085394272,2.69957402620558
0.17408709550146959,2.60637582938901
0.17412664014899645,2.492933666270985
0.17416618479652332,2.4178974712790664
0.1742057294440502,2.380274915824777
0.17424527409157703,2.2705818250653076
0.1742848187391039,2.168409968221109
0.17432436338663077,1.9375370559931575
0.1743639080341576,1.5995012468797185
0.17440345268168447,1.5657475228816153
0.17444299732921134,1.4978805716936066
0.1744825419767382,1.3491951500964987
0.17452208662426508,1.1688914250875575
0.17456163127179192,1.110714630582775
0.17460117591931879,1.0724830682187836
0.17464072056684565,1.1057850133236338
0.1746802652143725,0.9866775624463164
0.17471980986189936,0.9512108796053633
0.17475935450942623,0.8743222254001379
0.1747988991569531,0.8016448365447646
0.17483844380447996,0.6814053366797275
0.1748779884520068,0.5094410942005965
0.17491753309953367,0.30799498787974766
0.17495707774706054,0.13824428768911012
0.17499662239458738,0.18130587187855074
0.17503616704211425,-0.09135393498345223
0.17507571168964112,-0.15130401392515136
0.17511525633716798,-0.2263930978746478
0.17515480098469485,-0.3270303625145905
0.1751943456322217,-0.3882748213037104
0.17523389027974856,-0.45494686470235024
0.17527343492727543,-0.42612399327061556
0.17531297957480227,-0.5116431907536976
0.17535252422232914,-0.6350114158989975
0.175392068869856,-0.6499888085433305
0.17543161351738287,-0.6616441290462127
0.17547115816490974,-0.6735396918144856
0.17551070281243658,-0.6871697796884231
0.17555024745996345,-0.7037624943839331
0.17558979210749032,-0.7196309400218679
0.17562933675501716,-0.6404196128443678
0.17566888140254402,-0.5204373543559804
0.1757084260500709,-0.4575675736250435
0.17574797069759776,-0.42493281317115184
0.17578751534512463,-0.3041887939204564
0.17582705999265147,-0.12010968070388106
0.17586660464017834,0.09380708589269915
0.1759061492877052,0.3127023983472572
0.17594569393523204,0.41948874639218925
0.1759852385827589,0.7631133451938803
0.17602478323028578,1.088621862418182
0.17606432787781265,1.4285931697615677
0.17610387252533952,1.7617678340636607
0.17614341717286636,2.1950503174180067
0.17618296182039322,2.6485938339596817
0.1762225064679201,2.8311434953660886
0.17626205111544693,3.033012653889287
0.1763015957629738,3.424821591035734
0.17634114041050067,3.855745074971309
0.17638068505802754,4.029043157827538
0.1764202297055544,4.227977780256186
0.17645977435308124,4.493585193295894
0.1764993190006081,4.748777537820626
0.17653886364813498,4.962996672883885
0.17657840829566182,5.052288107648484
0.1766179529431887,5.101030739946023
0.17665749759071556,5.149900862870883
0.17669704223824242,5.16304136696356
0.1767365868857693,4.832603497755814
0.17677613153329613,4.751768063188759
0.176815676180823,4.68943604347296
0.17685522082834987,4.534090335832186
0.1768947654758767,4.366452753190091
0.17693431012340358,4.178983614147598
0.17697385477093044,3.982782505498439
0.1770133994184573,3.7687558658321345
0.17705294406598418,3.5119831271560553
0.17709248871351102,3.1626773396201404
0.1771320333610379,2.824849915641413
0.17717157800856476,2.607297116167471
0.1772111226560916,2.29392094617271
0.17725066730361846,1.7774340780218063
0.17729021195114533,1.2987383867906077
0.1773297565986722,1.0275244002155768
0.17736930124619907,0.756302811345055
0.1774088458937259,0.5130485193000327
0.17744839054125278,0.16711858344384645
0.17748793518877964,-0.19131248231094045
0.17752747983630648,-0.5283098765452889
0.17756702448383335,-0.8943335786064495
0.17760656913136022,-1.5826978806230283
0.1776461137788871,-2.002772345390788
0.17768565842641396,-2.236921702631827
0.1777252030739408,-2.4184465009297256
0.17776474772146766,-2.601790816436025
0.17780429236899453,-2.758830355499766
0.17784383701652137,-2.934388292439203
0.17788338166404824,-3.118513877572245
0.1779229263115751,-3.289759698519524
0.17796247095910198,-3.1782778173561477
0.17800201560662884,-3.1675888973213784
0.17804156025415568,-3.284857977364653
0.17808110490168255,-3.4032373919587107
0.17812064954920942,-3.3451114749311355
0.17816019419673626,-3.2774371487631617
0.17819973884426313,-3.2282409085084067
0.17823928349179,-3.1797722353765057
0.17827882813931686,-3.2671046337871505
0.17831837278684373,-3.285415873239031
0.17835791743437057,-3.235601811529869
0.17839746208189744,-2.4255288119904623
0.1784370067294243,-2.768630868806076
0.17847655137695115,-2.6554957331479816
0.17851609602447802,-2.562975970899682
0.17855564067200488,-2.3046542319050767
0.17859518531953175,-2.0549636657014174
0.17863472996705862,-2.0022574102272293
0.17867427461458546,-2.127517828158494
0.17871381926211233,-2.0392932749735317
0.1787533639096392,-1.9411469690456755
0.17879290855716604,-1.766555461564585
0.1788324532046929,-1.3706409039475735
0.17887199785221977,-1.2171144941157301
0.17891154249974664,-1.0746751574105478
0.1789510871472735,-0.9166588793619663
0.17899063179480035,-0.7108197215766543
0.17903017644232722,-0.49587905235484353
0.17906972108985408,-0.2253670697808401
0.17910926573738092,0.07715154661527013
0.1791488103849078,0.2784532226673715
0.17918835503243466,0.5625957853954304
0.17922789967996153,0.8874539423761014
0.1792674443274884,1.2090342972822326
0.17930698897501524,1.4064496582743944
0.1793465336225421,1.6178221629219056
0.17938607827006897,1.8426765571410355
0.1794256229175958,2.082627509199262
0.17946516756512268,2.3136546835125475
0.17950471221264955,2.5859174877047497
0.17954425686017642,2.7349576256115444
0.17958380150770328,2.8320592549228527
0.17962334615523012,2.9634965976711403
0.179662890802757,3.1800968736116033
0.17970243545028386,3.316156426216444
0.1797419800978107,3.3757501344907217
0.17978152474533757,3.358454775557825
0.17982106939286444,3.322391172061254
0.1798606140403913,3.3639887599009155
0.17990015868791817,3.370964230500375
0.179939703335445,3.3552823178375295
0.17997924798297188,3.129241370702527
0.18001879263049875,2.833114505274799
0.1800583372780256,2.6739090550192213
0.18009788192555246,2.5105847484111026
0.18013742657307932,2.346518356100556
0.1801769712206062,2.114968621598524
0.18021651586813306,1.8658560682999505
0.1802560605156599,1.6055265986581775
0.18029560516318677,1.4133151547606184
0.18033514981071364,1.096796515096485
0.18037469445824048,0.6327545682365026
0.18041423910576734,0.17167491000487
0.1804537837532942,-0.08289582455097744
0.18049332840082108,-0.3258522111961337
0.18053287304834795,-0.5755479910842061
0.1805724176958748,-0.8204073545867203
0.18061196234340166,-1.0499841075781822
0.18065150699092852,-1.2743072893319294
0.18069105163845536,-1.4992096880803674
0.18073059628598223,-1.688438808837672
0.1807701409335091,-2.0381779104407594
0.18080968558103597,-1.8887152543349597
0.18084923022856284,-2.150878574946246
0.18088877487608968,-2.4130404238784005
0.18092831952361654,-2.5705514842728654
0.1809678641711434,-2.5626529890688667
0.18100740881867025,-2.5506919702154427
0.18104695346619712,-2.525388805568852
0.181086498113724,-2.479523085607795
0.18112604276125086,-2.4618683110460644
0.18116558740877772,-2.376840630267653
0.18120513205630456,-2.2039310131886323
0.18124467670383143,-1.9260559453231432
0.1812842213513583,-1.8980145101954298
0.18132376599888514,-1.8903622045799908
0.181363310646412,-1.8537917629970497
0.18140285529393887,-1.599773396436876
0.18144239994146574,-1.5403670781699637
0.1814819445889926,-1.5527667302035892
0.18152148923651945,-1.63506468846872
0.18156103388404632,-1.430008535514192
0.1816005785315732,-1.2388268700053127
0.18164012317910003,-1.0107626264807035
0.1816796678266269,-0.9602612459115649
0.18171921247415376,-0.9101989541065976
0.18175875712168063,-0.41793491465008437
0.1817983017692075,-0.7586569560269476
0.18183784641673434,-0.42246108611290634
0.1818773910642612,-0.17779519697282176
0.18191693571178807,0.06635908798995604
0.18195648035931491,0.20815363574408519
0.18199602500684178,0.18949693902113207
0.18203556965436865,0.19182683431774272
0.18207511430189552,0.2834693347052619
0.1821146589494224,0.37524408882146254
0.18215420359694923,0.5201420105901677
0.1821937482444761,0.7109913246141
0.18223329289200296,0.9021951999428541
0.1822728375395298,1.2142542951563904
0.18231238218705667,1.525519800278266
0.18235192683458354,1.713974891594897
0.1823914714821104,1.9519812845305209
0.18243101612963727,2.204265701641197
0.18247056077716411,2.506440571254471
0.18251010542469098,2.613554005700191
0.18254965007221785,3.3488120474564758
0.1825891947197447,3.5539981883585634
0.18262873936727156,3.722514307738412
0.18266828401479843,3.911855628996517
0.1827078286623253,4.170879228611442
0.18274737330985216,4.512171273150494
0.182786917957379,4.6567831317191395
0.18282646260490587,4.715554220345288
0.18286600725243274,4.768056813925541
0.18290555189995958,4.767555666582785
0.18294509654748645,4.751153340318681
0.18298464119501331,4.719116268891398
0.18302418584254018,4.645912104394332
0.18306373049006705,4.389794768456136
0.1831032751375939,4.0939716551224565
0.18314281978512076,3.9016400312073323
0.18318236443264763,3.5669535162293817
0.18322190908017447,3.212522062152213
0.18326145372770133,2.9476589320668847
0.1833009983752282,2.470807335314258
0.18334054302275507,2.1051844246931006
0.18338008767028194,1.937580969598959
0.18341963231780878,1.691394080997985
0.18345917696533565,1.4195159994844193
0.18349872161286251,1.085413221041752
0.18353826626038935,0.5494756441514657
0.18357781090791622,0.058201236337138695
0.1836173555554431,-0.6660264175690518
0.18365690020296996,-1.315122986156835
0.18369644485049683,-1.1215384972911675
0.18373598949802367,-1.5656895826530492
0.18377553414555053,-2.009980520504188
0.1838150787930774,-2.385018641615896
0.18385462344060424,-2.557757242688604
0.1838941680881311,-2.7305851367739153
0.18393371273565798,-3.0392837975213807
0.18397325738318485,-3.437406968794103
0.18401280203071171,-3.6951309202444627
0.18405234667823855,-3.9444027488914895
0.18409189132576542,-3.8783840508267318
0.1841314359732923,-3.7735241741136116
0.18417098062081913,-3.755522743660789
0.184210525268346,-3.6967566428451786
0.18425006991587287,-3.102824293519065
0.18428961456339973,-3.25446236103949
0.1843291592109266,-3.3637707157784913
0.18436870385845344,-3.2828459879732366
0.1844082485059803,-3.1563421892576953
0.18444779315350718,-2.9917309810387733
0.18448733780103402,-2.742816637589085
0.18452688244856089,-2.3952193788731506
0.18456642709608775,-2.2628166697428904
0.18460597174361462,-2.180209727526126
0.1846455163911415,-2.104016605198491
0.18468506103866833,-2.021528330311842
0.1847246056861952,-1.9394820049902517
0.18476415033372207,-1.7472635873938902
0.1848036949812489,-1.4081307273705956
0.18484323962877577,-1.406869721887901
0.18488278427630264,-1.416162851669795
0.1849223289238295,-1.3486533524762496
0.18496187357135638,-1.046699618703367
0.18500141821888322,-0.8920073515990357
0.18504096286641009,-0.8187442655355337
0.18508050751393695,-0.7575222814206253
0.1851200521614638,-0.6012939823692633
0.18515959680899066,-0.41090625470141706
0.18519914145651753,0.312071352829312
0.1852386861040444,0.175430803427151
0.18527823075157127,0.3978020984458608
0.1853177753990981,0.6207998906937311
0.18535732004662497,0.845264764949996
0.18539686469415184,1.010840968541916
0.18543640934167868,1.0264278193651801
0.18547595398920555,1.1025512125918056
0.18551549863673242,1.1999454251464972
0.18555504328425929,1.2263164699652433
0.18559458793178615,1.2344937206650917
0.185634132579313,1.3603022215638862
0.18567367722683986,1.6336974511376763
0.18571322187436673,1.8121160413178723
0.18575276652189357,1.963384424336743
0.18579231116942044,2.086691053090494
0.1858318558169473,2.2070234300462435
0.18587140046447417,2.3618866081917558
0.18591094511200104,2.533857738395061
0.18595048975952788,2.7060835557900917
0.18599003440705475,2.8039205300643815
0.18602957905458162,2.8393578313060264
0.18606912370210846,2.7199801564130253
0.18610866834963533,2.637431675827454
0.1861482129971622,2.605522738502871
0.18618775764468906,2.6158246468653203
0.18622730229221593,2.563987859411718
0.18626684693974277,2.286276388952495
0.18630639158726964,2.043180607309055
0.1863459362347965,1.9444577451936986
0.18638548088232335,1.8849428119956153
0.1864250255298502,1.7308476503863695
0.18646457017737708,1.3969481498316112
0.18650411482490395,1.0711604289115755
0.18654365947243082,0.8096015318311762
0.18658320411995766,0.547220776622587
0.18662274876748453,0.3286902194077763
0.1866622934150114,0.12286146825200994
0.18670183806253823,-0.23510280232723257
0.1867413827100651,-0.6581850842063002
0.18678092735759197,-0.9310559118972632
0.18682047200511884,-1.2005894126878065
0.1868600166526457,-1.4222347071257682
0.18689956130017255,-1.4769747325314224
0.1869391059476994,-1.6000232495659503
0.18697865059522628,-1.9430690895802307
0.18701819524275312,-2.071298363893713
0.18705773989028,-2.0954299758183828
0.18709728453780686,-2.2347642681458932
0.18713682918533373,-2.528888826082377
0.1871763738328606,-2.645727767891284
0.18721591848038743,-2.5818728838100498
0.1872554631279143,-2.5181519361574622
0.18729500777544117,-2.435879316892569
0.187334552422968,-2.349486141821547
0.18737409707049488,-2.258450175158111
0.18741364171802175,-2.167316462904349
0.1874531863655486,-2.0779107446610077
0.18749273101307548,-1.9921511632734195
0.18753227566060232,-1.883559353162922
0.1875718203081292,-1.7116707644031663
0.18761136495565606,-1.4062848817683467
0.1876509096031829,-1.1012915887567267
0.18769045425070977,-1.1159897040578937
0.18772999889823663,-0.3711621641148186
0.1877695435457635,-0.19286358037099305
0.18780908819329037,-0.07860548668131351
0.1878486328408172,0.07619255813389447
0.18788817748834408,0.26461958405016794
0.18792772213587094,0.4083069985654051
0.18796726678339779,0.4403603257374824
0.18800681143092465,0.5077421840429572
0.18804635607845152,0.5895607756377919
0.1880859007259784,0.6716397372051013
0.18812544537350526,0.6398852811074365
0.1881649900210321,0.6463157315581753
0.18820453466855896,0.7505313795772883
0.18824407931608583,0.9021393205933448
0.18828362396361267,1.1379688088229516
0.18832316861113954,1.3331379208733294
0.1883627132586664,1.4247962508974696
0.18840225790619328,1.43702580550457
0.18844180255372014,1.4419771495345222
0.18848134720124698,1.501942795673111
0.18852089184877385,1.6204325867957046
0.18856043649630072,1.7917273996183214
0.18859998114382756,1.7704339257445678
0.18863952579135443,1.7802513072175623
0.1886790704388813,1.8488414952773704
0.18871861508640816,1.9178378785545531
0.18875815973393503,2.035515280162028
0.18879770438146187,2.1939610196677197
0.18883724902898874,2.2438060561664717
0.1888767936765156,2.249627591789231
0.18891633832404245,2.239270930997418
0.18895588297156932,2.2225307894981174
0.18899542761909618,2.19638188892237
0.18903497226662305,2.1892252598913515
0.18907451691414992,2.1841481110298124
0.18911406156167676,2.1795621823084153
0.18915360620920363,2.121825019208714
0.1891931508567305,2.088442680817515
0.18923269550425734,2.1363088587228294
0.1892722401517842,2.184364671328365
0.18931178479931107,2.130694811475296
0.18935132944683794,2.0672957384258
0.1893908740943648,1.9945117627807738
0.18943041874189165,1.7559825398093363
0.18946996338941852,1.5246508113840447
0.18950950803694538,1.2936077315272705
0.18954905268447222,1.0623183031046164
0.1895885973319991,0.7443005454583451
0.18962814197952596,0.2898683961157076
0.18966768662705283,-0.17275484088716375
0.1897072312745797,-0.3915361758708755
0.18974677592210654,-0.8428410640588098
0.1897863205696334,-1.4341355854367235
0.18982586521716027,-1.8834601131717585
0.1898654098646871,-2.28388630306163
0.18990495451221398,-2.5828311522062206
0.18994449915974085,-2.8880702355701713
0.18998404380726772,-3.2304838886263347
0.19002358845479458,-3.573316195074784
0.19006313310232142,-2.9802431548573054
0.1901026777498483,-3.3264068140287035
0.19014222239737516,-3.6858537357835672
0.190181767044902,-4.059601134188254
0.19022131169242887,-3.8295532117424704
0.19026085633995574,-3.962205594066675
0.1903004009874826,-4.060258103097588
0.19033994563500947,-4.1457852455046424
0.1903794902825363,-4.230330086998966
0.19041903493006318,-4.28081813420813
0.19045857957759005,-4.275846738918904
0.1904981242251169,-4.252497789689268
0.19053766887264376,-4.08761163847258
0.19057721352017062,-3.8177298952078633
0.1906167581676975,-3.5940611279138466
0.19065630281522436,-4.017879993364341
0.1906958474627512,-3.463505409823134
0.19073539211027807,-2.9338264033725467
0.19077493675780494,-2.7782673509307765
0.19081448140533178,-2.6788104122682093
0.19085402605285864,-2.4876244222355286
0.1908935707003855,-2.2084707154338314
0.19093311534791238,-1.7328021177110493
0.19097265999543925,-1.420543544670994
0.1910122046429661,-1.166152917393008
0.19105174929049296,-0.9085652193223108
0.19109129393801982,-0.6424293493722324
0.19113083858554666,-0.3634651856245217
0.19117038323307353,0.13366338753949947
0.1912099278806004,0.4534453985104703
0.19124947252812727,0.5137513623211332
0.19128901717565414,0.5746544679057433
0.19132856182318098,0.6489468594744627
0.19136810647070784,0.7501031910096989
0.1914076511182347,0.9096689957762782
0.19144719576576155,1.1056353074628271
0.19148674041328842,1.2729257542558479
0.1915262850608153,1.2249903557654562
0.19156582970834216,1.1353269237867716
0.19160537435586902,1.2134266478405795
0.19164491900339586,1.2119826580968516
0.19168446365092273,1.1128835344133963
0.1917240082984496,1.0143299807854316
0.19176355294597644,0.881797636039507
0.1918030975935033,0.6420266277273345
0.19184264224103018,0.44624671732045584
0.19188218688855704,0.281687514994184
0.1919217315360839,0.16948558622636956
0.19196127618361075,0.0005518875681476132
0.19200082083113762,-0.16675992956600005
0.1920403654786645,-0.2826895321582814
0.19207991012619133,-0.3669191267273382
0.1921194547737182,-0.386175367537426
0.19215899942124506,-0.40507354330408063
0.19219854406877193,-0.43363088842078845
0.1922380887162988,-0.48653760986830363
0.19227763336382564,-0.6902179608505454
0.1923171780113525,-0.8944036138665998
0.19235672265887938,-0.886742191857584
0.19239626730640622,-0.8859499075488415
0.19243581195393308,-0.945164717080555
0.19247535660145995,-0.906354231425019
0.19251490124898682,-1.059955499011628
0.1925544458965137,-1.0596238633304864
0.19259399054404053,-1.1051605826606412
0.1926335351915674,-1.1389867815327985
0.19267307983909426,-1.1251380233577528
0.1927126244866211,-1.1283967485167512
0.19275216913414797,-1.1885812326916918
0.19279171378167484,-1.4417361787797365
0.1928312584292017,-1.5979509021363283
0.19287080307672858,-1.6876159892418396
0.19291034772425542,-1.7620104541282071
0.19294989237178228,-1.7874504543097132
0.19298943701930915,-1.824610514236129
0.193028981666836,-1.8237655589450643
0.19306852631436286,-1.8022923107149547
0.19310807096188973,-1.7812145572283127
0.1931476156094166,-1.7849496890646934
0.19318716025694346,-2.0012534126991923
0.1932267049044703,-2.3042028137843698
0.19326624955199717,-2.6078112436956724
0.19330579419952404,-2.8494623012372875
0.19334533884705088,-3.007953759351661
0.19338488349457775,-3.1640315397253307
0.19342442814210462,-3.2194469372452668
0.19346397278963148,-3.2996811168036526
0.19350351743715835,-3.380237262800555
0.1935430620846852,-3.3761791697478074
0.19358260673221206,-3.3072019360480747
0.19362215137973893,-3.1610353582267186
0.19366169602726577,-3.0051360362160233
0.19370124067479264,-2.9212135857411274
0.1937407853223195,-2.8433713088182726
0.19378032996984637,-2.6402443961325712
0.19381987461737324,-2.318404702084755
0.19385941926490008,-2.284125357900912
0.19389896391242695,-2.2704483878096164
0.19393850855995381,-2.187606728098287
0.19397805320748066,-2.1359963893590876
0.19401759785500752,-2.068163593968322
0.1940571425025344,-1.8886261255227028
0.19409668715006126,-1.6526855049409441
0.19413623179758813,-1.3872478768159375
0.19417577644511497,-0.7406058852174917
0.19421532109264183,-0.45345619030832385
0.1942548657401687,-0.19754189428168356
0.19429441038769554,-0.026106115233812233
0.1943339550352224,0.2278648454183969
0.19437349968274928,0.4935128589544604
0.19441304433027615,0.8217427286717953
0.19445258897780301,1.2254759317427704
0.19449213362532985,1.383165771245702
0.19453167827285672,1.5753928489808233
0.1945712229203836,1.8310188750887617
0.19461076756791043,2.0624952324271213
0.1946503122154373,2.269344829749447
0.19468985686296417,2.2644115871380412
0.19472940151049103,2.2393901734420263
0.1947689461580179,2.238062327951429
0.19480849080554474,2.323873596059518
0.1948480354530716,2.3805644518958866
0.19488758010059848,2.358532960920126
0.19492712474812532,2.3143950729811618
0.1949666693956522,2.2254366290858663
0.19500621404317905,2.034226790997498
0.19504575869070592,1.8539225584400851
0.1950853033382328,1.8087469476086104
0.19512484798575963,1.725569200212142
0.1951643926332865,1.5535964454647067
0.19520393728081337,1.3588354611808127
0.1952434819283402,1.1794107195916963
0.19528302657586707,1.0001707280308851
0.19532257122339394,0.8458009308097925
0.1953621158709208,1.1640429696644006
0.19540166051844768,0.6710789899477847
0.19544120516597452,0.24591911833095814
0.1954807498135014,-0.12192587743068461
0.19552029446102825,-0.23495448702642818
0.1955598391085551,-0.32856732007647693
0.19559938375608196,-0.4220568653152812
0.19563892840360883,-0.4947232864546365
0.1956784730511357,-0.5268691367444909
0.19571801769866257,-0.8061592233090806
0.1957575623461894,-1.0479837146338014
0.19579710699371627,-1.1261735906379693
0.19583665164124314,-1.204359892530987
0.19587619628876998,-1.2731805392660958
0.19591574093629685,-1.2768784509491393
0.19595528558382372,-1.28186370930859
0.1959948302313506,-1.3309293726871747
0.19603437487887745,-1.371392235650335
0.1960739195264043,-1.4094890096460029
0.19611346417393116,-1.4358445468797818
0.19615300882145803,-1.868566752025755
0.19619255346898487,-1.8744412003377082
0.19623209811651174,-1.8757667272051561
0.1962716427640386,-1.8786830563896864
0.19631118741156547,-1.885270352905546
0.19635073205909234,-1.749267311049831
0.19639027670661918,-1.3438408532662303
0.19642982135414605,-1.723924340907156
0.19646936600167292,-1.7642131700407155
0.19650891064919976,-1.44265040311309
0.19654845529672663,-1.4134189789692506
0.1965879999442535,-1.3842394794984578
0.19662754459178036,-1.465537424353096
0.19666708923930723,-1.5794421102126615
0.19670663388683407,-1.5956319962805336
0.19674617853436094,-1.6118804902439061
0.1967857231818878,-1.628161550324907
0.19682526782941465,-1.6444259863785433
0.19686481247694151,-1.6169045950713778
0.19690435712446838,-1.423269639050039
0.19694390177199525,-1.2174720665965983
0.19698344641952212,-1.0038136913564522
0.19702299106704896,-0.7662701494912891
0.19706253571457583,-0.42785647317683484
0.1971020803621027,-0.07227013997934595
0.19714162500962953,-0.3689837901529156
0.1971811696571564,-0.07355947980822641
0.19722071430468327,0.22221400457208063
0.19726025895221014,0.5183636906398705
0.197299803599737,0.8148652173360436
0.19733934824726385,0.474877610581836
0.19737889289479071,0.6840198521902652
0.19741843754231758,0.9104030490534907
0.19745798218984442,1.160423481682737
0.1974975268373713,1.447802116487515
0.19753707148489816,1.6630008029969439
0.19757661613242503,1.7531262613319756
0.1976161607799519,1.885052785396467
0.19765570542747873,2.0156870854281443
0.1976952500750056,2.146792661082432
0.19773479472253247,2.29232066198412
0.1977743393700593,2.421717274725097
0.19781388401758618,2.4400603836970784
0.19785342866511305,2.4170684037509265
0.1978929733126399,2.358816357572419
0.19793251796016678,2.412798979259148
0.19797206260769362,2.510320376456442
0.1980116072552205,2.468109465706048
0.19805115190274736,2.296098903295631
0.1980906965502742,2.1245401718548322
0.19813024119780107,1.9434768584865463
0.19816978584532793,1.7416211365360246
0.1982093304928548,1.5801711760056003
0.19824887514038167,1.4807728845667638
0.1982884197879085,1.3814464314748864
0.19832796443543538,1.116668651584301
0.19836750908296225,0.7358515124222507
0.19840705373048909,0.5715758141943077
0.19844659837801595,0.45975246552301474
0.19848614302554282,0.39374447282726965
0.1985256876730697,0.19630696951323579
0.19856523232059656,-0.13567158348340147
0.1986047769681234,-0.3318481201925607
0.19864432161565027,-0.5111025577814479
0.19868386626317713,-0.601771004416146
0.19872341091070397,-0.6645310092571215
0.19876295555823084,-0.7066289675220707
0.1988025002057577,-0.7511806725591867
0.19884204485328458,-0.8349529345020015
0.19888158950081145,-0.934839368301386
0.19892113414833829,-0.9518112231661497
0.19896067879586515,-0.9786689504802828
0.19900022344339202,-1.1929614479562058
0.19903976809091886,-1.2046953926935444
0.19907931273844573,-1.2167073279349285
0.1991188573859726,-1.2314619275185557
0.19915840203349947,-1.2724414366593066
0.19919794668102633,-1.313899891499032
0.19923749132855317,-1.3448278623543137
0.19927703597608004,-1.2222233422697473
0.1993165806236069,-1.0734976927859554
0.19935612527113375,-1.1546620874682807
0.19939566991866062,-1.1511194061045638
0.19943521456618749,-1.083910402381031
0.19947475921371435,-1.0052720364553505
0.19951430386124122,-0.8938303542162718
0.19955384850876806,-0.723635395350672
0.19959339315629493,-0.5891611817990343
0.1996329378038218,-0.5311488768716801
0.19967248245134864,-0.5091091313062037
0.1997120270988755,-0.4816382179577303
0.19975157174640237,-0.26392183663060464
0.19979111639392924,-0.0533063216747669
0.1998306610414561,0.09337731026848406
0.19987020568898295,0.24018566165089883
0.19990975033650982,0.2913444817818318
0.19994929498403669,0.3063870911735487
0.19998883963156353,0.3599446638513557
0.2000283842790904,0.5797170451660394
0.20006792892661726,0.7620150472372842
0.20010747357414413,0.9057550824025649
0.200147018221671,1.0521615583020916
0.20018656286919784,1.1939009674223824
0.2002261075167247,1.3547055126392458
0.20026565216425157,1.4902934353989545
0.2003051968117784,1.6025849780813042
0.20034474145930528,1.8564654905424751
0.20038428610683215,2.165350382414953
0.20042383075435902,2.724312694204463
0.20046337540188588,2.550499594538416
0.20050292004941273,2.68456254476912
0.2005424646969396,2.888134157762982
0.20058200934446646,3.119839255774724
0.2006215539919933,3.2893372260895255
0.20066109863952017,3.4455173318848287
0.20070064328704704,3.6018487782121174
0.2007401879345739,3.7636252980538787
0.20077973258210077,3.932401642151537
0.2008192772296276,4.135329222710802
0.20085882187715448,4.346758222277411
0.20089836652468135,4.514784798879757
0.2009379111722082,4.389205631887468
0.20097745581973506,4.490158816983034
0.20101700046726192,4.547982523293598
0.2010565451147888,4.477353508088318
0.20109608976231566,4.386149475426829
0.2011356344098425,4.264788844610235
0.20117517905736937,4.098618341610672
0.20121472370489624,3.932929328628301
0.20125426835242308,3.76778960875958
0.20129381299994994,3.9496717265802346
0.2013333576474768,3.9044402568752155
0.20137290229500368,3.226145454641265
0.20141244694253055,2.818274349884012
0.2014519915900574,2.437106144618082
0.20149153623758426,2.2174875649974757
0.20153108088511112,2.0487665697154966
0.20157062553263796,1.8573598741763426
0.20161017018016483,1.6256395332590712
0.2016497148276917,1.2026554881231597
0.20168925947521857,0.811276861792817
0.20172880412274544,0.6827138852830847
0.20176834877027228,0.5445902996775231
0.20180789341779914,0.3885392896661637
0.201847438065326,0.23253120772510982
0.20188698271285285,0.09554988812231269
0.20192652736037972,-0.14610536045807798
0.2019660720079066,-0.3576446407432661
0.20200561665543346,-0.4272617324822727
0.20204516130296032,-0.5269589137679533
0.20208470595048716,-0.665076547335957
0.20212425059801403,-0.9110719664968219
0.2021637952455409,-1.1556795232562207
0.20220333989306774,-1.1277475729495219
0.2022428845405946,-1.060314517353187
0.20228242918812148,-1.014313937624662
0.20232197383564834,-1.0035306508946054
0.2023615184831752,-1.0142463859140234
0.20240106313070205,-0.9854179630427033
0.20244060777822892,-0.85663438741389
0.2024801524257558,-0.6606831776119435
0.20251969707328263,-0.4143339174369247
0.2025592417208095,-0.2488246995519363
0.20259878636833636,-0.1493274253182495
0.20263833101586323,-0.12599771443349184
0.2026778756633901,-0.10282661901091217
0.20271742031091694,-0.08022455608398893
0.2027569649584438,-0.025923764588352327
0.20279650960597068,0.028215965033401957
0.20283605425349752,0.08247356483053281
0.20287559890102438,0.1430530977747848
0.20291514354855125,0.2055807370718341
0.20295468819607812,0.24286743868743077
0.202994232843605,0.3981313089022782
0.20303377749113183,0.5537176447929726
0.2030733221386587,0.49655461597242656
0.20311286678618556,0.6798593014539724
0.2031524114337124,0.8520662719854881
0.20319195608123927,0.9890405608266546
0.20323150072876614,1.1257643260833365
0.203271045376293,1.262253795770543
0.20331059002381988,1.3705707117912445
0.20335013467134672,1.4744803587980124
0.20338967931887358,1.3621179227047078
0.20342922396640045,1.4513517627008605
0.2034687686139273,1.4130031212010348
0.20350831326145416,1.43365388590483
0.20354785790898103,1.5116327506292269
0.2035874025565079,1.529622888428392
0.20362694720403476,1.5322162223820932
0.2036664918515616,1.5658119399811987
0.20370603649908847,1.605153701104471
0.20374558114661534,1.645771673335684
0.20378512579414218,1.6035910504134536
0.20382467044166905,1.4985803499640546
0.20386421508919592,1.5276687724940636
0.20390375973672278,1.5973189228681326
0.20394330438424965,1.6672146536089363
0.2039828490317765,1.7006269873255846
0.20402239367930336,1.6232257242632118
0.20406193832683023,1.5302477542533603
0.20410148297435707,1.3928463539151759
0.20414102762188394,1.2815742616672825
0.2041805722694108,1.1760750851300497
0.20422011691693767,1.070459717575888
0.20425966156446454,0.9564721462584194
0.20429920621199138,0.7538086357435878
0.20433875085951825,0.5769514904899955
0.20437829550704512,0.4562980313751197
0.20441784015457196,0.5191526445190418
0.20445738480209882,0.4011827362475824
0.2044969294496257,0.28176506970285686
0.20453647409715256,0.16036279144130638
0.20457601874467943,0.00611687766443314
0.20461556339220627,-0.26077172421320416
0.20465510803973314,-0.34309990961235926
0.20469465268726,-0.5650269719474492
0.20473419733478684,-0.5377568602867644
0.2047737419823137,-0.5105843746595156
0.20481328662984058,-0.4834057356917283
0.20485283127736745,-0.6935609479353602
0.20489237592489432,-0.8677600848353819
0.20493192057242116,-0.9691717740386903
0.20497146521994802,-1.0746147992481774
0.2050110098674749,-1.1646129010204955
0.20505055451500173,-1.2549760723803542
0.2050900991625286,-1.3457486489433874
0.20512964381005547,-1.5380084856288523
0.20516918845758234,-1.7749057715079788
0.2052087331051092,-1.7763530135503736
0.20524827775263604,-1.7354507234422032
0.2052878224001629,-1.694670661008578
0.20532736704768978,-1.6539697886809845
0.20536691169521662,-1.576573209538088
0.2054064563427435,-1.2406453190065774
0.20544600099027036,-1.1824775649479715
0.20548554563779722,-1.194910518832101
0.2055250902853241,-1.2010070773596864
0.20556463493285093,-1.185191054936947
0.2056041795803778,-1.1696738447590311
0.20564372422790467,-1.1544891611175494
0.2056832688754315,-0.8335094867177144
0.20572281352295838,-0.9679105761731526
0.20576235817048524,-0.9819945023395862
0.2058019028180121,-0.8189695720566776
0.20584144746553898,-0.6560585253696507
0.20588099211306582,-0.3886423432740722
0.2059205367605927,-0.1648035538017787
0.20596008140811956,-0.12328343603957315
0.2059996260556464,-0.013291203968535115
0.20603917070317326,0.05563822809228203
0.20607871535070013,0.10964365870676751
0.206118259998227,0.2192135699463087
0.20615780464575387,0.3965028117070677
0.2061973492932807,0.49005997165328985
0.20623689394080758,0.5688656849794134
0.20627643858833444,0.7227547733087718
0.20631598323586128,0.8497945781235989
0.20635552788338815,0.9926092589812026
0.20639507253091502,1.13124411512573
0.2064346171784419,1.3145597877057682
0.20647416182596876,1.517805041571246
0.2065137064734956,1.7107687721969667
0.20655325112102246,1.736938843566004
0.20659279576854933,1.6976488711557494
0.20663234041607617,1.8037983971148668
0.20667188506360304,1.9823369222138254
0.2067114297111299,2.0770950721903914
0.20675097435865677,2.125577907124767
0.20679051900618364,2.174387092415036
0.20683006365371048,2.1423914872540433
0.20686960830123735,2.132035709104829
0.20690915294876422,2.1274607042478983
0.20694869759629106,2.1465327592152663
0.20698824224381793,2.139166383781628
0.2070277868913448,2.089821020747177
0.20706733153887166,1.9583151360207598
0.20710687618639853,1.7587643211977406
0.20714642083392537,1.64892939667559
0.20718596548145224,1.5460695066610777
0.2072255101289791,1.4486083841780282
0.20726505477650595,1.5071512076477278
0.20730459942403281,1.4298318225963813
0.20734414407155968,1.352288035546099
0.20738368871908655,1.2017548785020686
0.20742323336661342,0.9543340865903218
0.20746277801414026,0.8445063741217282
0.20750232266166713,0.8557144529129417
0.207541867309194,0.8665293974568131
0.20758141195672083,0.8338746114020523
0.2076209566042477,0.7874235411010879
0.20766050125177457,0.7268197449174645
0.20770004589930144,0.49448947221717354
0.2077395905468283,0.2610237475612296
0.20777913519435515,0.02707944447446753
0.20781867984188201,-0.17853387186897063
0.20785822448940888,-0.3244128002204958
0.20789776913693572,-0.4485960785550329
0.2079373137844626,-0.5727314215514001
0.20797685843198946,-0.7451097882452045
0.20801640307951633,-0.9298309515681158
0.2080559477270432,-1.1150547678078837
0.20809549237457003,-1.3525871389953519
0.2081350370220969,-1.4822535025862065
0.20817458166962377,-1.5985799814606345
0.2082141263171506,-1.69262642743604
0.20825367096467748,-1.795886440274745
0.20829321561220435,-1.9090980794583539
0.20833276025973121,-2.024634778779208
0.20837230490725808,-2.0760978158302823
0.20841184955478492,-2.0719608656622706
0.2084513942023118,-2.0471949165084835
0.20849093884983866,-2.0194127282046974
0.2085304834973655,-1.9781465421746889
0.20857002814489237,-1.9263601163052426
0.20860957279241923,-1.830128669259813
0.2086491174399461,-1.672678699739527
0.20868866208747297,-1.4602366502427229
0.2087282067349998,-1.2491796362961711
0.20876775138252668,-1.0553448276676098
0.20880729603005355,-0.8865293626495578
0.2088468406775804,-0.7179866914392257
0.20888638532510725,-0.5521033235346167
0.20892592997263412,-0.40344626876865775
0.208965474620161,-0.26645394886332685
0.20900501926768786,0.3891767968494282
0.2090445639152147,0.42533358688685396
0.20908410856274157,0.532924921469613
0.20912365321026843,0.6236890478570993
0.20916319785779527,0.7131483390787787
0.20920274250532214,0.8172016201055063
0.209242287152849,0.9906812563553462
0.20928183180037588,1.1645646543933683
0.20932137644790275,1.2540235512892703
0.2093609210954296,1.2744853577780617
0.20940046574295645,1.2955281071465041
0.20944001039048332,1.3171767542884414
0.20947955503801016,1.3182267620783472
0.20951909968553703,1.3075723007470579
0.2095586443330639,1.3274848699777513
0.20959818898059077,1.384717534713177
0.20963773362811763,1.4426400663126397
0.20967727827564447,1.501174657971359
0.20971682292317134,1.5384608165578335
0.2097563675706982,1.55977806399971
0.20979591221822505,1.5964637577235052
0.20983545686575192,1.6033786922990902
0.20987500151327879,1.4791054605338232
0.20991454616080565,1.3537896396782232
0.20995409080833252,1.229091355245119
0.20999363545585936,1.104330697055813
0.21003318010338623,0.9252514651388948
0.2100727247509131,1.0917807037352416
0.21011226939843994,0.5852005223130918
0.2101518140459668,0.40435982268529713
0.21019135869349367,0.35479796636043837
0.21023090334102054,0.28187399784598455
0.2102704479885474,0.014637729925889964
0.21030999263607425,-0.3080295220315721
0.21034953728360112,-0.4521645276587396
0.21038908193112799,-0.5706207364700155
0.21042862657865483,-0.6467131690791508
0.2104681712261817,-0.710137767140723
0.21050771587370856,-0.7832362109584352
0.21054726052123543,-0.8564719638987128
0.2105868051687623,-0.9320581217657269
0.21062634981628914,-1.064962151566342
0.210665894463816,-1.213032377857406
0.21070543911134287,-1.361745206942956
0.21074498375886971,-1.4771317390425267
0.21078452840639658,-1.6530641422498968
0.21082407305392345,-1.8452226912451213
0.21086361770145032,-1.9550794051382363
0.21090316234897719,-1.99444828917835
0.21094270699650403,-2.0772630885776033
0.2109822516440309,-2.1879320583709436
0.21102179629155776,-2.2328336976488368
0.2110613409390846,-2.1802172059378
0.21110088558661147,-2.0645262340472517
0.21114043023413834,-2.119560381378239
0.2111799748816652,-2.2849585542124693
0.21121951952919207,-2.450688536478186
0.2112590641767189,-2.5984059408526265
0.21129860882424578,-2.5464367596671407
0.21133815347177265,-2.4894831046780235
0.2113776981192995,-2.3801698120439596
0.21141724276682636,-2.3372343250050234
0.21145678741435323,-2.4207911772947925
0.2114963320618801,-2.509696067274737
0.21153587670940696,-2.563093424092134
0.2115754213569338,-2.4750477942954525
0.21161496600446067,-2.3306685002625693
0.21165451065198754,-2.2042396493459933
0.21169405529951438,-2.1266357491493597
0.21173359994704125,-2.053394238304615
0.2117731445945681,-1.9791940398743062
0.21181268924209498,-1.8911657325247884
0.21185223388962185,-1.8030951553012864
0.2118917785371487,-1.6689484708302214
0.21193132318467556,-1.4321074072784405
0.21197086783220243,-1.1954095976899417
0.21201041247972927,-1.0498738937673053
0.21204995712725613,-0.954876260903351
0.212089501774783,-0.8903928745830791
0.21212904642230987,-0.6929561348903652
0.21216859106983674,-0.44238991287001816
0.21220813571736358,-0.3706676497575607
0.21224768036489045,-0.31243587494884384
0.2122872250124173,-0.25402957792881153
0.21232676965994415,-0.19567817231451912
0.21236631430747102,-0.13731189064898253
0.2124058589549979,-0.07644185849687002
0.21244540360252476,0.03022956042001823
0.21248494825005163,0.06833017836285471
0.21252449289757847,0.13093677339876209
0.21256403754510533,0.23911309238927814
0.2126035821926322,0.3244113686065555
0.21264312684015904,0.3832757971336509
0.2126826714876859,0.42521431850924696
0.21272221613521278,0.44249518106890484
0.21276176078273965,0.43589403173484254
0.2128013054302665,0.4293293196811012
0.21284085007779335,0.42459609462567993
0.21288039472532022,0.4496018352620448
0.2129199393728471,0.4883581229163019
0.21295948402037393,0.45060191096312696
0.2129990286679008,0.24601154932127756
0.21303857331542767,0.025093396319372907
0.21307811796295453,0.01016227374026446
0.2131176626104814,0.020197499176942024
0.21315720725800824,0.030641671427324546
0.2131967519055351,0.018667799666896023
0.21323629655306198,-0.03243428977772034
0.21327584120058882,-0.08318794012552999
0.21331538584811569,-0.13372155191694457
0.21335493049564255,-0.22188691307385966
0.21339447514316942,-0.3772090910770247
0.2134340197906963,-0.48276569490815646
0.21347356443822313,-0.5661006714703367
0.21351310908575,-0.6306420070101586
0.21355265373327686,-0.6953645228012624
0.2135921983808037,-0.8635369026248041
0.21363174302833057,-1.085892988336977
0.21367128767585744,-0.9715105213017399
0.2137108323233843,-1.1970287394896024
0.21375037697091118,-1.2257446448666238
0.21378992161843802,-1.2725359392746247
0.21382946626596488,-1.3273277635590874
0.21386901091349175,-1.3824015426764742
0.2139085555610186,-1.617804371456569
0.21394810020854546,-1.9259302691435645
0.21398764485607233,-2.034423984820763
0.2140271895035992,-2.081083283908834
0.21406673415112606,-2.1279673020477556
0.2141062787986529,-2.1751947041756647
0.21414582344617977,-2.2025836683060085
0.21418536809370664,-2.2188892275296084
0.21422491274123348,-2.215446148668799
0.21426445738876035,-2.189976127035794
0.21430400203628722,-2.16479301156261
0.21434354668381408,-2.140081656611356
0.21438309133134095,-1.8833864902590864
0.2144226359788678,-1.7100947925258998
0.21446218062639466,-1.8970516172566212
0.21450172527392153,-1.8996746339673694
0.21454126992144837,-1.8729460158175426
0.21458081456897524,-1.8030140713486125
0.2146203592165021,-1.7108762293090667
0.21465990386402897,-1.602948394756785
0.21469944851155584,-1.4837964249639866
0.21473899315908268,-1.074547282898135
0.21477853780660955,-1.0807579510697876
0.21481808245413642,-1.1069948115780814
0.21485762710166326,-1.1312134792993662
0.21489717174919012,-0.9534175235318161
0.214936716396717,-0.7295403250686148
0.21497626104424386,-0.5611484809244942
0.21501580569177073,-0.4625482686800808
0.21505535033929757,-0.3638262478040106
0.21509489498682444,-0.275142098781636
0.2151344396343513,-0.22501827867356017
0.21517398428187814,-0.17447661692833005
0.215213528929405,-0.12250442406349471
0.21525307357693188,-0.06995743353514072
0.21529261822445875,0.00786962182090889
0.21533216287198562,0.14975956717027028
0.21537170751951246,0.4205303370172295
0.21541125216703932,0.6248869609387837
0.2154507968145662,0.6586647756125945
0.21549034146209303,0.6929285494643489
0.2155298861096199,0.7274879158173482
0.21556943075714677,0.7918850415039307
0.21560897540467364,0.8752129367029875
0.2156485200522005,0.9512423228537976
0.21568806469972734,1.0052296736723028
0.2157276093472542,1.056616266707862
0.21576715399478108,1.0672302308170023
0.21580669864230792,1.0301838218116446
0.2158462432898348,0.9915606961239636
0.21588578793736166,1.0162937412000037
0.21592533258488852,1.117440325041568
0.2159648772324154,1.221935907955042
0.21600442187994223,1.2127117726222734
0.2160439665274691,1.1146657321286204
0.21608351117499597,1.0281830447117724
0.2161230558225228,0.9774376431626761
0.21616260047004968,0.9262596425211775
0.21620214511757654,0.8709157262134593
0.2162416897651034,0.8291863898684353
0.21628123441263028,0.7953704450366264
0.21632077906015712,0.7618003020803332
0.216360323707684,0.7196583885796963
0.21639986835521086,0.5585458835146495
0.2164394130027377,0.19285676315518607
0.21647895765026456,-0.06844666696617274
0.21651850229779143,-0.2639319761323673
0.2165580469453183,-0.4642310733766992
0.21659759159284517,-0.6789211390808267
0.216637136240372,-0.8149402447179632
0.21667668088789888,-0.8751044369564829
0.21671622553542574,-0.9800659941864529
0.21675577018295258,-1.0853683838110841
0.21679531483047945,-1.191049797194287
0.21683485947800632,-1.2952833839854483
0.2168744041255332,-1.2378365953583215
0.21691394877306006,-1.1685208516944288
0.2169534934205869,-1.2331010572471985
0.21699303806811376,-1.364788278887942
0.21703258271564063,-1.4969909395487893
0.21707212736316747,-1.6296882203925378
0.21711167201069434,-1.702716032248837
0.2171512166582212,-1.4427961551617141
0.21719076130574808,-1.717467858734791
0.21723030595327494,-1.9397446662741702
0.21726985060080178,-1.9909071859981964
0.21730939524832865,-2.0425130105130096
0.21734893989585552,-1.934599658217592
0.21738848454338236,-1.8578484546708651
0.21742802919090923,-1.7882673012637493
0.2174675738384361,-1.7063152976016251
0.21750711848596296,-1.6468497909676794
0.21754666313348983,-1.6146501447160464
0.21758620778101667,-1.575113217804609
0.21762575242854354,-1.5184040411412614
0.2176652970760704,-1.4013882188484743
0.21770484172359725,-1.2726024734990915
0.21774438637112412,-1.1520518088050968
0.21778393101865098,-1.019091105124165
0.21782347566617785,-0.8605562009400431
0.21786302031370472,-0.7018236394104846
0.21790256496123156,-0.5416075266589351
0.21794210960875843,-0.3804418094837576
0.2179816542562853,-0.3154325995360372
0.21802119890381214,-0.26194208575951805
0.218060743551339,-0.1500996779324213
0.21810028819886587,-0.028552547006914786
0.21813983284639274,0.03634329945629222
0.2181793774939196,0.07788619130283081
0.21821892214144645,0.12424713031572843
0.21825846678897332,0.1705730486851973
0.21829801143650018,0.21669252091335522
0.21833755608402702,0.31834455083698554
0.2183771007315539,0.48528465281261823
0.21841664537908076,0.6981092455751412
0.21845619002660763,0.9676144594701483
0.2184957346741345,1.0428913197813232
0.21853527932166134,1.0750567325374334
0.2185748239691882,1.1073272865152193
0.21861436861671507,1.1397360322386758
0.2186539132642419,1.1136803059745661
0.21869345791176878,1.078200858066669
0.21873300255929565,1.0426906471033295
0.21877254720682252,1.0552589577702243
0.21881209185434938,1.0923146987594272
0.21885163650187622,1.1295323866383082
0.2188911811494031,1.1009681742399966
0.21893072579692996,1.0494027527529957
0.2189702704444568,0.9980038910548288
0.21900981509198367,1.040819008069068
0.21904935973951054,1.1402913453910921
0.2190889043870374,1.2118026248504652
0.21912844903456427,1.2197285406073615
0.2191679936820911,1.2278291319026602
0.21920753832961798,1.267538531791108
0.21924708297714485,1.3786535256763663
0.2192866276246717,1.3476787512298696
0.21932617227219856,1.2619812744170922
0.21936571691972542,1.176214008962405
0.2194052615672523,1.090488483777742
0.21944480621477916,1.0048375601868154
0.219484350862306,0.9003745603540256
0.21952389550983287,1.0552120776125866
0.21956344015735973,0.5126892855730647
0.21960298480488658,0.45427483403768054
0.21964252945241344,0.3958251719429562
0.2196820740999403,0.33747972407203086
0.21972161874746718,0.25403435546224973
0.21976116339499405,0.0902591802859467
0.2198007080425209,-0.08428081904299312
0.21984025269004775,-0.29996649983549606
0.21987979733757462,-0.5303463691148176
0.21991934198510146,-0.7442500863505659
0.21995888663262833,-0.8733285741044483
0.2199984312801552,-0.9538367735070787
0.22003797592768207,-0.9744599234894089
0.22007752057520893,-0.9533160443846311
0.22011706522273577,-0.9439155904303727
0.22015660987026264,-0.9558369408059217
0.2201961545177895,-0.9686568558712256
0.22023569916531635,-0.9733285522525854
0.22027524381284322,-0.9290747468733933
0.2203147884603701,-1.120838115614828
0.22035433310789695,-1.3777653932400238
0.22039387775542382,-1.262485523772928
0.22043342240295066,-1.3696599185391394
0.22047296705047753,-1.4762879341557351
0.2205125116980044,-1.5327833080024424
0.22055205634553124,-1.477837234481247
0.2205916009930581,-1.3792804418184117
0.22063114564058497,-1.2620882152507864
0.22067069028811184,-1.1471762342127567
0.2207102349356387,-1.034049351771202
0.22074977958316555,-0.9213195645752545
0.22078932423069242,-0.8089220568620679
0.2208288688782193,-0.7341652771748048
0.22086841352574613,-0.673659664448663
0.220907958173273,-0.6927533548564258
0.22094750282079986,-0.6996069500879569
0.22098704746832673,-0.349557776861654
0.2210265921158536,-0.021719762665739495
0.22106613676338044,0.11735526778153016
0.2211056814109073,0.24284841678813684
0.22114522605843417,0.27294308054198524
0.22118477070596101,0.2988355073696285
0.22122431535348788,0.32104018369149045
0.22126386000101475,0.3425671082720383
0.22130340464854162,0.42652268068318655
0.2213429492960685,0.6634922716683267
0.22138249394359533,0.8850277251130327
0.2214220385911222,0.9483947898946115
0.22146158323864906,0.9665147588306819
0.2215011278861759,0.9616161518640496
0.22154067253370277,0.9686265950125073
0.22158021718122964,1.080590235686051
0.2216197618287565,1.2151126586590761
0.22165930647628337,1.2733959435144415
0.22169885112381021,1.2962078830370034
0.22173839577133708,1.3100010129754
0.22177794041886395,1.3211528231063694
0.2218174850663908,1.3256010824027635
0.22185702971391766,1.3303927807075775
0.22189657436144453,1.3353781452362181
0.2219361190089714,1.3405119267465873
0.22197566365649826,1.3456788511750135
0.2220152083040251,1.3499708007841695
0.22205475295155197,1.3408540648920093
0.22209429759907884,1.13437708552165
0.22213384224660568,0.9544006471417772
0.22217338689413255,0.8717576924036257
0.22221293154165941,0.7893525193674931
0.22225247618918628,0.7179465005093153
0.22229202083671315,0.6534951724579381
0.22233156548424,0.6234639792736916
0.22237111013176686,0.5883400093975881
0.22241065477929373,0.5349375080574523
0.22245019942682057,0.47719759488130986
0.22248974407434743,0.41387731793465043
0.2225292887218743,0.2776380745570046
0.22256883336940117,0.1413182353288125
0.22260837801692804,0.004905975270660612
0.22264792266445488,-0.09580082950174784
0.22268746731198175,-0.3860504030476948
0.22272701195950861,-0.41045545349326495
0.22276655660703545,-0.4350976541930489
0.22280610125456232,-0.4650136551312052
0.2228456459020892,-0.5100061754433378
0.22288519054961606,-0.5434238728881766
0.22292473519714293,-0.5018536575263974
0.22296427984466977,-0.4605301201788903
0.22300382449219663,-0.4439161589214651
0.2230433691397235,-0.48711863421519297
0.22308291378725034,-0.515444139067343
0.2231224584347772,-0.570939358253507
0.22316200308230408,-0.6837260565339127
0.22320154772983095,-0.7731794863071695
0.2232410923773578,-0.7799323732143906
0.22328063702488465,-0.7867315433342696
0.22332018167241152,-0.7936628806138639
0.2233597263199384,-0.799186291604066
0.22339927096746523,-0.7423626327626094
0.2234388156149921,-0.6455012606979116
0.22347836026251897,-0.36483899872967296
0.22351790491004583,0.04557453279467527
0.2235574495575727,-0.4540891099471498
0.22359699420509954,-0.36191477187494847
0.2236365388526264,-0.24740418680244503
0.22367608350015328,-0.10548712859465326
0.22371562814768012,0.03257533267872326
0.22375517279520699,0.16800532509777266
0.22379471744273385,0.3005731612771889
0.22383426209026072,0.30662213815664785
0.2238738067377876,0.2917884578974803
0.22391335138531443,0.2768491929516683
0.2239528960328413,0.2696030072132478
0.22399244068036817,0.3385621442020774
0.224031985327895,0.4076785898691657
0.22407152997542187,0.4700160492150891
0.22411107462294874,0.49674040139934394
0.2241506192704756,0.5263008388640564
0.22419016391800248,0.5778112542782949
0.22422970856552932,0.6294947762641794
0.22426925321305619,0.7427578697690604
0.22430879786058305,0.8580494621908459
0.2243483425081099,0.9736637471107166
0.22438788715563676,1.0580764276030088
0.22442743180316363,1.1323171360195863
0.2244669764506905,1.2164183119424843
0.22450652109821737,1.3100038898668034
0.2245460657457442,1.4110602811101725
0.22458561039327107,1.501447765375211
0.22462515504079794,1.5746996925431516
0.22466469968832478,1.6481395906775749
0.22470424433585165,1.754181460479014
0.22474378898337852,1.8347946663478396
0.22478333363090539,1.8662281086008026
0.22482287827843225,1.8732971716109716
0.2248624229259591,1.8531478992512795
0.22490196757348596,1.8332780030200864
0.22494151222101283,1.8514929356729946
0.22498105686853967,1.9091229445169935
0.22502060151606654,1.962009338396605
0.2250601461635934,2.0125895358879884
0.22509969081112027,2.0209839666739793
0.22513923545864714,1.8874773354345251
0.22517878010617398,1.7444571338281705
0.22521832475370085,1.6355393295490934
0.22525786940122772,1.5720749279902755
0.22529741404875456,1.509465176818935
0.22533695869628143,1.454526453682548
0.2253765033438083,1.4087837773781455
0.22541604799133516,1.3758806448917937
0.22545559263886203,1.2731453367302459
0.22549513728638887,1.1706501701904362
0.22553468193391574,1.0783764675455298
0.2255742265814426,0.9157329866693784
0.22561377122896945,0.7529063296513323
0.2256533158764963,0.6508443564226747
0.22569286052402318,0.5620100009478817
0.22573240517155005,0.47323431824892737
0.22577194981907692,0.3851159994770086
0.22581149446660376,0.2815697433322182
0.22585103911413063,0.1779268075630398
0.2258905837616575,0.07556693490896915
0.22593012840918433,-0.026127761538631056
0.2259696730567112,-0.045992611744158474
0.22600921770423807,-0.0222362757199992
0.22604876235176494,0.017946102331136693
0.2260883069992918,0.03894779130310955
0.22612785164681865,-0.2530390410680221
0.2261673962943455,-0.1716985424827353
0.22620694094187238,0.0013966125125062234
0.22624648558939922,-0.17222795519653644
0.2262860302369261,-0.1380533102823689
0.22632557488445296,-0.10388995444798965
0.22636511953197982,-0.07219890013288488
0.2264046641795067,-0.045775234200980286
0.22644420882703353,-0.019719684815509453
0.2264837534745604,0.006258791244348139
0.22652329812208727,0.05241010717210859
0.2265628427696141,0.12024907400003482
0.22660238741714098,0.19973554447521025
0.22664193206466784,0.3012751942501195
0.2266814767121947,0.3934529843769541
0.22672102135972158,0.4394381342378555
0.22676056600724842,0.7871171653104954
0.2268001106547753,0.8720641424978126
0.22683965530230216,0.9850582068055065
0.226879199949829,1.0186476926601156
0.22691874459735586,1.0335506083168458
0.22695828924488273,1.0485641664970355
0.2269978338924096,1.0637308856619185
0.22703737853993647,1.0788186994891973
0.2270769231874633,1.0940310621002514
0.22711646783499018,1.1093688439288618
0.22715601248251704,1.1207422409656438
0.22719555713004388,1.1313964483558339
0.22723510177757075,1.142258009766203
0.22727464642509762,1.1644366006014657
0.2273141910726245,1.0907006064687144
0.22735373572015136,1.1829718501623852
0.2273932803676782,1.2843224787259615
0.22743282501520506,1.3448745740331205
0.22747236966273193,1.36591661284558
0.22751191431025877,1.3875028466869956
0.22755145895778564,1.409385338845781
0.2275910036053125,1.403632717686948
0.22763054825283938,1.4694847204803922
0.22767009290036624,1.557023821366906
0.22770963754789308,1.6232493992859665
0.22774918219541995,1.684285339374492
0.22778872684294682,1.732225766542629
0.22782827149047366,1.7060006714135127
0.22786781613800053,1.688283302051941
0.2279073607855274,1.6758451502314138
0.22794690543305426,1.6451342785769913
0.22798645008058113,1.598089906326713
0.22802599472810797,1.5512984165650137
0.22806553937563484,1.5135781939318287
0.2281050840231617,1.487002325354302
0.22814462867068855,1.4172530339039922
0.22818417331821542,1.2971879005456106
0.22822371796574228,1.0395231498713393
0.22826326261326915,0.8244757404492784
0.22830280726079602,0.7845001530908151
0.22834235190832286,0.7445204561159242
0.22838189655584973,0.7044679407812184
0.2284214412033766,0.6670475859402902
0.22846098585090344,0.581316399174959
0.2285005304984303,0.434381579210096
0.22854007514595717,0.2754169360474643
0.22857961979348404,0.11501374181044444
0.2286191644410109,-0.049781361382937206
0.22865870908853775,-0.2090048660975432
0.22869825373606462,-0.35349466342153146
0.22873779838359148,-0.49820898969942196
0.22877734303111832,-0.42584948554066937
0.2288168876786452,-0.3589154743052809
0.22885643232617206,-0.7978038326808692
0.22889597697369893,-0.7570127650168814
0.2289355216212258,-0.7163368511652477
0.22897506626875264,-0.6758395491087095
0.2290146109162795,-0.6356638110271522
0.22905415556380637,-0.5958122074514955
0.2290937002113332,-0.5858952626447724
0.22913324485886008,-0.6599816035501123
0.22917278950638695,-0.7342344108557048
0.22921233415391382,-0.80579408777563
0.22925187880144068,-0.8670863298380871
0.22929142344896752,-0.9263282383890248
0.2293309680964944,-0.9348349776443765
0.22937051274402126,-0.9434112844629956
0.2294100573915481,-0.9181079446364455
0.22944960203907497,-0.8462443213139368
0.22948914668660184,-0.7745770941542789
0.2295286913341287,-0.7030807442498723
0.22956823598165557,-0.7194811017570393
0.2296077806291824,-0.7375797179982619
0.22964732527670928,-0.7517822552666038
0.22968686992423615,-0.765614260103189
0.229726414571763,-0.7745414364435321
0.22976595921928986,-0.6322468341063825
0.22980550386681672,-0.48984510227202804
0.2298450485143436,-0.4595968283989471
0.22988459316187046,-0.44364723071865964
0.2299241378093973,-0.42752127198418677
0.22996368245692417,-0.16732755598837823
0.23000322710445104,-0.37566577198264284
0.23004277175197788,-0.352812040381405
0.23008231639950474,-0.33111921959034785
0.2301218610470316,-0.26120228206382023
0.23016140569455848,-0.1856871386299357
0.23020095034208535,-0.11013500537388321
0.2302404949896122,-0.05918979816061487
0.23028003963713906,-0.017634025335190984
0.23031958428466592,0.02408942346071541
0.23035912893219276,0.058499544824381466
0.23039867357971963,0.07308912532599621
0.2304382182272465,0.10867794883845239
0.23047776287477337,0.14382637655157016
0.23051730752230024,0.15789091882476036
0.23055685216982708,0.2097029560437642
0.23059639681735394,0.2742103866975256
0.2306359414648808,0.3009813222029525
0.23067548611240765,0.22499921238560905
0.23071503075993452,0.1425131986312751
0.2307545754074614,0.1540887455561144
0.23079412005498826,0.16573409453083876
0.23083366470251512,0.17730231927183926
0.23087320935004196,0.1886976617461853
0.23091275399756883,0.20020143559676207
0.2309522986450957,0.19902398517481856
0.23099184329262254,0.19011751788757092
0.2310313879401494,0.1842350194829896
0.23107093258767628,0.18176957343411626
0.23111047723520314,0.15780767641650506
0.23115002188273,0.13046877043958727
0.23118956653025685,0.10310203476206592
0.23122911117778372,0.10408768038256344
0.2312686558253106,0.0895511282571766
0.23130820047283743,0.0581287481511481
0.2313477451203643,-0.009059574982619445
0.23138728976789116,-0.07637606324636081
0.23142683441541803,-0.14379437799682293
0.2314663790629449,-0.23808264771094656
0.23150592371047174,-0.30940864905502785
0.2315454683579986,-0.3807637417443841
0.23158501300552548,-0.4397067185914194
0.23162455765305232,-0.506038760754933
0.23166410230057918,-0.5871654474290668
0.23170364694810605,-0.6726781698939748
0.23174319159563292,-0.8124228487942746
0.2317827362431598,-0.9557464485070453
0.23182228089068663,-1.0991302928652216
0.2318618255382135,-1.235568604688022
0.23190137018574036,-1.2361831201904048
0.2319409148332672,-1.224267443395763
0.23198045948079407,-1.2390059352199962
0.23202000412832094,-1.2898801309624677
0.2320595487758478,-1.3551902183348927
0.23209909342337467,-1.4208487907707346
0.23213863807090152,-1.4867499274122942
0.23217818271842838,-1.5528069198642926
0.23221772736595525,-1.619081431858957
0.2322572720134821,-1.680693040707843
0.23229681666100896,-1.637752573442934
0.23233636130853583,-1.5618728346465298
0.2323759059560627,-1.532337512554399
0.23241545060358956,-1.5502299864857552
0.2324549952511164,-1.55607809386209
0.23249453989864327,-1.562050503132828
0.23253408454617014,-1.5680593489531525
0.23257362919369698,-1.5783559969998953
0.23261317384122385,-1.5846211786625712
0.23265271848875071,-1.5008227898342748
0.23269226313627758,-1.417101952153958
0.23273180778380445,-1.2832340461533418
0.2327713524313313,-1.1383069376686574
0.23281089707885816,-1.0427202647577536
0.23285044172638503,-0.9642794094425993
0.23288998637391187,-0.8846426975932733
0.23292953102143873,-0.8050577412780795
0.2329690756689656,-0.7179632598575374
0.23300862031649247,-0.6017914986865431
0.23304816496401934,-0.4855758757684985
0.23308770961154618,-0.369451078113034
0.23312725425907305,-0.3044947045737567
0.23316679890659991,-0.2792076855139545
0.23320634355412675,-0.25388011642476727
0.23324588820165362,-0.21476314597405466
0.2332854328491805,-0.15035978271914097
0.23332497749670736,-0.0928089330560633
0.23336452214423423,-0.03511375353964663
0.23340406679176107,-0.001676262281748997
0.23344361143928793,0.05334475920137738
0.2334831560868148,0.10866185976769671
0.23352270073434164,0.16722856876688574
0.2335622453818685,0.22540401636859642
0.23360179002939538,0.26345330601872696
0.23364133467692225,0.3016707973500541
0.23368087932444911,0.4004323270583354
0.23372042397197595,0.5136786027029956
0.23375996861950282,0.58866374659911
0.2337995132670297,0.6218442295645357
0.23383905791455653,0.6552162435185407
0.2338786025620834,0.6946594442707363
0.23391814720961027,0.7206177354812038
0.23395769185713713,0.7372763096553099
0.233997236504664,0.6700441968806814
0.23403678115219084,0.6686067327436556
0.2340763257997177,0.6977647085662415
0.23411587044724458,0.6692147884270749
0.23415541509477142,0.6548043614430981
0.2341949597422983,0.6401214923198495
0.23423450438982515,0.6208411072823132
0.23427404903735202,0.28000890355836283
0.2343135936848789,0.23867839321682727
0.23435313833240573,0.19733676779532328
0.2343926829799326,0.13232041177800546
0.23443222762745947,0.052801235743190844
0.2344717722749863,-0.026835956714023723
0.23451131692251317,-0.09582080912715085
0.23455086157004004,-0.11303993859515682
0.2345904062175669,-0.15314001745791117
0.23462995086509378,-0.1931925660956768
0.23466949551262062,-0.2847233460635943
0.2347090401601475,-0.41564742358511797
0.23474858480767435,-0.5398727159136669
0.2347881294552012,-0.6339695607823383
0.23482767410272806,-0.7281549941983041
0.23486721875025493,-0.8224156088881296
0.2349067633977818,-0.8406116007367492
0.23494630804530867,-0.833376963087276
0.2349858526928355,-0.826275917930956
0.23502539734036237,-0.8193087179817926
0.23506494198788924,-0.7955124696738674
0.23510448663541608,-0.7483192910781673
0.23514403128294295,-0.7015633954209068
0.23518357593046982,-0.6551316591451135
0.23522312057799669,-0.5482621729355657
0.23526266522552355,-0.5175533523883136
0.2353022098730504,-0.5788128684211342
0.23534175452057726,-0.70483336589509
0.23538129916810413,-0.8310496084796091
0.23542084381563097,-0.9573779152599391
0.23546038846315784,-1.08377457901579
0.2354999331106847,-0.38017734808870873
0.23553947775821157,-1.141181979807163
0.23557902240573844,-1.1166535191792413
0.23561856705326528,-1.0546910378063412
0.23565811170079215,-0.9928268973339796
0.23569765634831902,-0.9312187134150882
0.23573720099584586,-0.9034003101579415
0.23577674564337273,-0.9099204451220162
0.2358162902908996,-0.9163166312821165
0.23585583493842646,-0.8834352390394509
0.23589537958595333,-0.8270262318034147
0.23593492423348017,-0.7278177991277834
0.23597446888100704,-0.6286221690475813
0.2360140135285339,-0.5283471113004854
0.23605355817606075,-0.36555110383824996
0.23609310282358761,-0.18361508843060292
0.23613264747111448,-0.06825698869021668
0.23617219211864135,-0.0320593787154424
0.23621173676616822,0.004719083503705868
0.23625128141369506,0.0490459696228438
0.23629082606122193,0.1407342833310583
0.2363303707087488,0.2388237337965542
0.23636991535627563,0.337147170214406
0.2364094600038025,0.4062822926604852
0.23644900465132937,0.4286185674827845
0.23648854929885624,0.4390156394530571
0.2365280939463831,0.4271141767007176
0.23656763859390995,0.41532433878707575
0.2366071832414368,0.47317822122116837
0.23664672788896368,0.5689388066277088
0.23668627253649052,0.6499293830131254
0.2367258171840174,0.605086625467055
0.23676536183154426,0.5609330884500547
0.23680490647907113,0.5292164189113873
0.236844451126598,0.5144104399065137
0.23688399577412483,0.5055966175126434
0.2369235404216517,0.49549384512264005
0.23696308506917857,0.4863299160999395
0.2370026297167054,0.47589111370698944
0.23704217436423228,0.44168283462905666
0.23708171901175915,0.38628334385703056
0.237121263659286,0.30369952220535446
0.23716080830681288,0.25309459596529305
0.23720035295433972,0.23377809169830854
0.2372398976018666,0.21857833258214665
0.23727944224939346,0.19379519153380453
0.2373189868969203,0.09322959301196487
0.23735853154444717,-0.024494323604893786
0.23739807619197403,-0.14219752865466084
0.2374376208395009,-0.18308332892686607
0.23747716548702777,-0.18990941764089353
0.2375167101345546,-0.19684832829795607
0.23755625478208148,-0.20586654521131553
0.23759579942960835,-0.22569697162488556
0.23763534407713519,-0.2457958687987718
0.23767488872466205,-0.38571099989493085
0.23771443337218892,-0.6157844830077259
0.2377539780197158,-0.7480592889139697
0.23779352266724266,-0.878520644021366
0.2378330673147695,-0.8594481278855888
0.23787261196229637,-0.8750303515434297
0.23791215660982323,-0.8906505864764007
0.23795170125735007,-0.9063402885481038
0.23799124590487694,-0.9221297022837378
0.2380307905524038,-1.0497898528174083
0.23807033519993068,-1.1815321186079126
0.23810987984745755,-1.2881023408987415
0.23814942449498439,-1.2573512065737855
0.23818896914251125,-1.2204932753346664
0.23822851379003812,-1.1628569010013026
0.23826805843756496,-1.0643762865226911
0.23830760308509183,-0.9659842258669844
0.2383471477326187,-0.9589504332798073
0.23838669238014557,-0.969480468396906
0.23842623702767243,-0.9799075304782532
0.23846578167519927,-1.2601132875242138
0.23850532632272614,-1.3296736363660022
0.238544870970253,-1.1575801076787542
0.23858441561777985,-0.9856148840535184
0.23862396026530672,-0.9099140352979074
0.23866350491283359,-0.8583827044771075
0.23870304956036045,-0.8068638275291651
0.23874259420788732,-0.7553577677055303
0.23878213885541416,-0.7192886164465522
0.23882168350294103,-0.675520292739634
0.2388612281504679,-0.6279093221645358
0.23890077279799474,-0.5762562352447294
0.2389403174455216,-0.46942697981587944
0.23897986209304847,-0.3608481946528208
0.23901940674057534,-0.25259166816244427
0.2390589513881022,-0.2213103783830901
0.23909849603562905,-0.13637962732717934
0.23913804068315592,-0.051354260607796576
0.23917758533068278,0.033767109853926947
0.23921712997820962,0.10635422553656415
0.2392566746257365,0.17645348840169017
0.23929621927326336,0.24634537996897432
0.23933576392079023,0.3173706315340459
0.2393753085683171,0.407757823448744
0.23941485321584394,0.5438774790934975
0.2394543978633708,0.6796949732526238
0.23949394251089767,0.7842338968427844
0.2395334871584245,0.8634747318450895
0.23957303180595138,0.9430284136860312
0.23961257645347825,1.0229301959337551
0.23965212110100512,1.065910400458801
0.23969166574853198,1.0868154155754883
0.23973121039605882,1.137353757806233
0.2397707550435857,1.2236743451980052
0.23981029969111256,1.276755452152627
0.2398498443386394,1.329809449450643
0.23988938898616627,1.3828534336948852
0.23992893363369314,1.4233125976401029
0.23996847828122,1.4271613359273054
0.24000802292874687,1.4729053401030763
0.2400475675762737,1.411180199562617
0.24008711222380058,1.3596863266257158
0.24012665687132745,1.3085823076675736
0.2401662015188543,1.2573375179677528
0.24020574616638116,1.2075680648276794
0.24024529081390802,1.1586452163629222
0.2402848354614349,1.1100168438812927
0.24032438010896176,1.0545890777532163
0.2403639247564886,0.9586351203126462
0.24040346940401547,0.8575282031185001
0.24044301405154234,0.7433964257205599
0.24048255869906918,0.6309922927331311
0.24052210334659604,0.5210300376605144
0.2405616479941229,0.4109110678375494
0.24060119264164978,0.3006869491276385
0.24064073728917665,0.24922278127665543
0.2406802819367035,0.21823151307733824
0.24071982658423036,0.1873199710099529
0.24075937123175722,0.1559497243768817
0.24079891587928406,0.151842396115053
0.24083846052681093,0.19602695704717288
0.2408780051743378,0.24010467844019523
0.24091754982186467,0.2841892576726197
0.24095709446939154,0.2818278256690929
0.24099663911691838,0.2607474708360016
0.24103618376444524,0.1277742596688567
0.2410757284119721,-0.0023614616025682267
0.24111527305949895,-0.11129126572880566
0.24115481770702582,-0.2204866170684472
0.2411943623545527,-0.3296971952073955
0.24123390700207956,-0.42012344832899107
0.24127345164960642,-0.4434944683150883
0.24131299629713326,0.03892899111272641
0.24135254094466013,-0.3016895847446488
0.241392085592187,-0.6164569278298186
0.24143163023971384,-0.6525442605416902
0.2414711748872407,-0.68866781119503
0.24151071953476758,-0.7140707660774979
0.24155026418229444,-0.6390719932080255
0.2415898088298213,-0.5641081273641904
0.24162935347734815,-0.5227990229510651
0.24166889812487502,-0.5254708845873397
0.2417084427724019,-0.5096223875327137
0.24174798741992873,-0.4719258926976604
0.2417875320674556,-0.42481954420351364
0.24182707671498246,-0.3730403464627621
0.24186662136250933,-0.321332919087574
0.2419061660100362,-0.32887682443925126
0.24194571065756304,-0.317144634916521
0.2419852553050899,-0.0656283741069359
0.24202479995261678,0.0332768555194507
0.24206434460014362,0.04735857513562092
0.24210388924767048,0.061395169663057025
0.24214343389519735,0.07536150070304615
0.24218297854272422,0.08928680712007075
0.2422225231902511,0.10955528461859565
0.24226206783777793,0.2020155713122218
0.2423016124853048,0.27337298789501574
0.24234115713283166,0.28825736537862046
0.2423807017803585,0.29630287733124483
0.24242024642788537,0.3236282804121302
0.24245979107541224,0.3515090527244924
0.2424993357229391,0.37949863118383576
0.24253888037046598,0.3960055293102238
0.24257842501799282,0.4123351835480502
0.24261796966551968,0.46516474814515885
0.24265751431304655,0.5365193289508143
0.2426970589605734,0.5569416730026822
0.24273660360810026,0.5545417399800785
0.24277614825562713,0.552097896368072
0.242815692903154,0.5466780464430574
0.24285523755068086,0.525490984658707
0.2428947821982077,0.4695671676351374
0.24293432684573457,0.39976238885088655
0.24297387149326144,0.3282768728522507
0.24301341614078828,0.31850805734268217
0.24305296078831515,0.3325766919968336
0.24309250543584202,0.3466557399557013
0.24313205008336888,0.3607543484868714
0.24317159473089575,0.3479426091981903
0.2432111393784226,0.21315125384689804
0.24325068402594946,0.042282019170701624
0.24329022867347633,-0.11272453066767252
0.24332977332100317,-0.16678154207771723
0.24336931796853004,-0.22086398845378685
0.2434088626160569,-0.26728131073989037
0.24344840726358377,-0.3108029689038059
0.24348795191111064,-0.38344620824553743
0.24352749655863748,-0.45634790193992103
0.24356704120616435,-0.5295053531423237
0.24360658585369122,-0.6007012833107792
0.24364613050121806,-0.6711036446077578
0.24368567514874492,-0.8469504064937015
0.2437252197962718,-0.8540767934969118
0.24376476444379866,-0.8613440577039739
0.24380430909132553,-0.8688050548985302
0.24384385373885237,-0.8827272668585024
0.24388339838637924,-0.9339771790906113
0.2439229430339061,-0.9853410723570963
0.24396248768143294,-1.0368521685455114
0.2440020323289598,-1.045164792264682
0.24404157697648668,-1.0341171039693995
0.24408112162401355,-1.008293668268359
0.24412066627154042,-0.9567109075374489
0.24416021091906726,-0.9053324098032558
0.24419975556659412,-0.9181132033061612
0.244239300214121,-0.9439184966740797
0.24427884486164783,-0.974936495064787
0.2443183895091747,-1.006100573021441
0.24435793415670157,-1.0373965269365497
0.24439747880422844,-1.1396168745765891
0.2444370234517553,-1.2093514071385547
0.24447656809928214,-1.0856594388776966
0.244516112746809,-1.02360982023374
0.24455565739433588,-0.9618513604586205
0.24459520204186272,-0.9407656797815838
0.2446347466893896,-0.9714774832457254
0.24467429133691646,-1.002296596146107
0.24471383598444332,-0.9433517424255644
0.2447533806319702,-0.8807245855825148
0.24479292527949703,-0.7980018130226023
0.2448324699270239,-0.7061269294633412
0.24487201457455077,-0.6170867489009284
0.2449115592220776,-0.5946120356937383
0.24495110386960448,-0.571986043931461
0.24499064851713134,-0.549257584954014
0.2450301931646582,-0.526492934041892
0.24506973781218508,-0.5053195206990448
0.24510928245971192,-0.4850536792597975
0.2451488271072388,-0.42834787754982173
0.24518837175476565,-0.3191044151573772
0.2452279164022925,-0.2097377793187949
0.24526746104981936,-0.19033615331363762
0.24530700569734623,-0.2551071572850354
0.2453465503448731,-0.2177021741793732
0.24538609499239997,-0.1800896926895037
0.2454256396399268,-0.1674010740174614
0.24546518428745367,-0.08998755723968266
0.24550472893498054,-0.004248520062877681
0.24554427358250738,0.08526505588100886
0.24558381823003425,0.1134104479777811
0.24562336287756112,0.1417655035523282
0.245662907525088,0.17036347541343755
0.24570245217261485,0.19717581184341082
0.2457419968201417,0.22569988626190085
0.24578154146766856,0.2542319878285104
0.24582108611519543,0.2718076308567232
0.24586063076272227,0.2687476588429458
0.24590017541024914,0.2686896877039979
0.245939720057776,0.26853952755698085
0.24597926470530287,0.2811476360157732
0.24601880935282974,0.32309986364975707
0.24605835400035658,0.368042685750785
0.24609789864788345,0.4129609289774052
0.24613744329541032,0.44087928151016875
0.24617698794293716,0.07227556603655838
0.24621653259046403,0.028736089808575116
0.2462560772379909,-0.0032390963987749544
0.24629562188551776,-0.03527070910126806
0.24633516653304463,-0.06752422500785915
0.24637471118057147,-0.10001704825767721
0.24641425582809834,-0.13278249693950883
0.2464538004756252,-0.1640818908808539
0.24649334512315205,-0.19524771769296478
0.24653288977067891,-0.22555697434097777
0.24657243441820578,-0.2537311823971109
0.24661197906573265,-0.28230652076747464
0.24665152371325952,-0.31088882059459344
0.24669106836078636,-0.3394508636497138
0.24673061300831323,-0.3556441593103381
0.2467701576558401,-0.33896515897143953
0.24680970230336693,-0.3208915972323334
0.2468492469508938,-0.302802768278168
0.24688879159842067,-0.2847006988359908
0.24692833624594754,-0.25636564802783646
0.2469678808934744,-0.21898553135967092
0.24700742554100125,-0.1816509121818859
0.24704697018852811,-0.14437887513333614
0.24708651483605498,-0.10744091867336625
0.24712605948358182,-0.07214839898191183
0.2471656041311087,-0.03703779501631921
0.24720514877863556,-0.0020488310281567834
0.24724469342616243,0.005380456726670424
0.2472842380736893,-0.026481217210462482
0.24732378272121613,-0.058504442241567034
0.247363327368743,-0.09064638546378312
0.24740287201626987,-0.1081498995147836
0.2474424166637967,-0.11755461602062045
0.24748196131132358,-0.12362719764477426
0.24752150595885045,-0.06800742787035752
0.24756105060637731,0.23739226505153344
0.24760059525390418,-0.05110254565802741
0.24764013990143102,-0.34148593604184896
0.2476796845489579,-0.32652274657498026
0.24771922919648476,-0.3114292456595802
0.2477587738440116,-0.2815160492797668
0.24779831849153847,-0.23087394390853522
0.24783786313906533,-0.1801968984351756
0.2478774077865922,-0.13632795542378773
0.24791695243411907,-0.09460243735419294
0.2479564970816459,0.01138181791004289
0.24799604172917278,0.2952707404474557
0.24803558637669965,0.3589527595703199
0.2480751310242265,0.4015706870767666
0.24811467567175335,0.4441660466507358
0.24815422031928022,0.48673531276055293
0.2481937649668071,0.5541160904618208
0.24823330961433396,0.6693971752275178
0.2482728542618608,0.787805338345021
0.24831239890938767,0.8541039342431329
0.24835194355691453,0.9136127705869352
0.24839148820444137,0.9733267622480017
0.24843103285196824,1.0333305870696714
0.2484705774994951,1.0847385539696308
0.24851012214702198,1.091905612114794
0.24854966679454885,1.0990515697324197
0.24858921144207569,1.1061827963043598
0.24862875608960255,1.1279230166629306
0.24866830073712942,1.1758885122168081
0.24870784538465626,1.2206526888904108
0.24874739003218313,1.2385222269245242
0.24878693467971,1.2315314895925926
0.24882647932723687,1.2245626055145857
0.24886602397476373,1.217662557587353
0.24890556862229057,1.205983816761723
0.24894511326981744,1.1521409433528644
0.2489846579173443,1.0984742565598946
0.24902420256487115,1.0449658120894387
0.24906374721239802,0.9947920418906362
0.24910329185992489,0.9585675275931269
0.24914283650745175,1.0020571576566555
0.24918238115497862,0.9547476863916238
0.24922192580250546,0.7490227550065285
0.24926147045003233,0.6851296084193912
0.2493010150975592,0.6212121798759815
0.24934055974508604,0.5574044137441927
0.2493801043926129,0.4937081806160899
0.24941964904013977,0.4231017244915458
0.24945919368766664,0.5701041293664728
0.2494987383351935,0.44702554284960705
0.24953828298272035,0.33245043746769554
0.24957782763024722,0.2426155167623527
0.24961737227777409,0.15320812644936943
0.24965691692530093,0.06376878908066708
0.2496964615728278,0.01014511632985915
0.24973600622035466,-0.031378463336229956
0.24977555086788153,-0.07793952615593014
0.2498150955154084,-0.15773943896380516
0.24985464016293524,-0.26243160664056653
0.2498941848104621,-0.39366908605721296
0.24993372945798897,-0.5249693778089375
0.2499732741055158,-0.5849262595785856
0.25001281875304265,-0.5233228693363685
0.2500523634005695,-0.4018280033359849
0.2500919080480964,-0.37101157943927543
0.25013145269562326,-0.34024572400526765
0.2501709973431501,-0.3432211621798045
0.250210541990677,-0.3348186498846628
0.25025008663820386,-0.32652862651211745
0.2502896312857307,-0.32529416295221214
0.25032917593325754,-0.3591640019508944
0.2503687205807844,-0.34776986424958345
0.2504082652283113,-0.24905896151952955
0.25044780987583815,-0.15023166068868132
0.250487354523365,-0.13342203130505315
0.2505268991708919,-0.1464750320961894
0.25056644381841875,-0.16096415464241964
0.25060598846594556,-0.17600415621709775
0.25064553311347243,-0.1912484212763994
0.2506850777609993,-0.18950074359856828
0.25072462240852617,-0.13588763772065082
0.25076416705605303,-0.07543916247949056
0.2508037117035799,-0.015860985123874904
0.25084325635110677,0.02901542782077815
0.25088280099863364,0.07395441638248901
0.25092234564616045,0.10508283497791382
0.2509618902936873,0.11556461979835664
0.2510014349412142,0.11707402878824258
0.25104097958874105,0.09632194447017817
0.2510805242362679,0.07572208766536193
0.2511200688837948,0.0699607756746845
0.25115961353132166,0.11342256871157108
0.2511991581788485,0.15809268766373652
0.25123870282637534,0.2128072327928301
0.2512782474739022,0.2574588685767383
0.2513177921214291,0.30228789132871636
0.25135733676895594,0.34727611044570494
0.2513968814164828,0.3899312560044006
0.2514364260640097,0.4307048936484854
0.25147597071153655,0.4735736801985482
0.2515155153590634,0.5167235376705879
0.2515550600065902,0.5504654010300909
0.2515946046541171,0.6097305682115959
0.25163414930164396,0.6692067445620209
0.25167369394917083,0.6938585946220011
0.2517132385966977,0.7371127262194683
0.25175278324422456,0.7853036698397391
0.25179232789175143,0.8335569818547972
0.2518318725392783,0.8818956100749
0.2518714171868051,0.8700586034448081
0.251910961834332,0.8432205208879182
0.25195050648185885,0.8165372432557882
0.2519900511293857,0.7953064274800479
0.2520295957769126,0.8302817848649386
0.25206914042443945,0.866417082241985
0.2521086850719663,0.9024900021952753
0.2521482297194932,0.917702683023732
0.25218777436702,0.8773606085313466
0.25222731901454687,0.8321571487346464
0.25226686366207374,0.7871283108160663
0.2523064083096006,0.7765745030808455
0.2523459529571275,0.7788337233168967
0.25238549760465434,0.7575561438626375
0.2524250422521812,0.7106923999499459
0.2524645868997081,0.7168782760442971
0.2525041315472349,0.7741148162099565
0.25254367619476176,0.8312480642941438
0.2525832208422886,0.7348230914324612
0.2526227654898155,0.7225827350794516
0.25266231013734236,0.7090186812232924
0.25270185478486923,0.6954400936281484
0.2527413994323961,0.6818488861621255
0.25278094407992296,0.6682118928126783
0.2528204887274498,0.6538737145170455
0.25286003337497664,0.5483955464718315
0.2528995780225035,0.4170314100770236
0.2529391226700304,0.28838579976457
0.25297866731755725,0.20845073945624382
0.2530182119650841,0.12845223441482467
0.253057756612611,0.04838231806885496
0.25309730126013785,-0.03173498190140922
0.25313684590766466,-0.1119009487548972
0.25317639055519153,-0.17893846045502215
0.2532159352027184,-0.24540269182377106
0.25325547985024527,-0.2872984683415343
0.25329502449777214,-0.23492564117608605
0.253334569145299,-0.18264205874645434
0.2533741137928259,-0.13041803504560345
0.25341365844035274,-0.08851128786071438
0.25345320308787955,-0.08916029347134025
0.2534927477354064,-0.08990659851257998
0.2535322923829333,-0.09069476041268487
0.25357183703046016,-0.08862306935890452
0.253611381677987,-0.029240555101091026
0.2536509263255139,0.014975679042508183
0.25369047097304076,0.03230976094534288
0.25373001562056763,0.04960517080759974
0.25376956026809444,0.06820515014081874
0.2538091049156213,0.08681159137755667
0.2538486495631482,0.10529967137232799
0.25388819421067504,0.12375663359271183
0.2539277388582019,0.11267756907183646
0.2539672835057288,0.09113620057446248
0.25400682815325565,0.19152226674328432
0.2540463728007825,0.11260221443014107
0.25408591744830933,0.16319517429259722
0.2541254620958362,0.21387694330600038
0.25416500674336306,0.26468347630327216
0.25420455139088993,0.3018822322028756
0.2542440960384168,0.3351865055790908
0.25428364068594367,0.3421602671597732
0.25432318533347054,0.34694544902693103
0.2543627299809974,0.35178052939691096
0.2544022746285242,0.3563425132565383
0.2544418192760511,0.3363135754811619
0.25448136392357795,0.3209446657755519
0.2545209085711048,0.3197428455529927
0.2545604532186317,0.3635819401559548
0.25459999786615856,0.40777414391983946
0.2546395425136854,0.45221035086427275
0.2546790871612123,0.48858287421216495
0.2547186318087391,0.45810811004880847
0.254758176456266,0.4275983616336907
0.25479772110379284,0.39711097608341106
0.2548372657513197,0.3666200483290183
0.2548768103988466,0.33612792992451457
0.25491635504637344,0.32373717004173397
0.2549558996939003,0.32241852724041387
0.2549954443414272,0.31297631057754227
0.255034988988954,0.21896268706367206
0.25507453363648086,0.0854630902001361
0.25511407828400773,-0.02763586006246399
0.2551536229315346,-0.0655114306292921
0.25519316757906146,-0.05396829128862812
0.25523271222658833,-0.034154738892941516
0.2552722568741152,-0.015324410643405173
0.25531180152164207,-0.05260257064345364
0.2553513461691689,-0.09347968656753469
0.25539089081669575,-0.12425861097282098
0.2554304354642226,-0.15510591241929994
0.2554699801117495,-0.1499742871272156
0.25550952475927635,-0.1426586114756514
0.2555490694068032,-0.1352685811919221
0.2555886140543301,-0.14018564988086002
0.25562815870185696,-0.17406806253839768
0.25566770334938377,-0.20955213635600867
0.25570724799691064,-0.24484209866431605
0.2557467926444375,-0.303014942190436
0.25578633729196437,-0.36802477165637715
0.25582588193949124,-0.39614701720967194
0.2558654265870181,-0.378924665857193
0.255904971234545,-0.3595833875362855
0.25594451588207184,-0.3403466794419181
0.25598406052959866,-0.32126667366046036
0.2560236051771255,-0.33870455874226213
0.2560631498246524,-0.45086006986330496
0.25610269447217926,-0.5632329363000528
0.2561422391197061,-0.6383282415701386
0.256181783767233,-0.6972780666853904
0.25622132841475986,-0.7534949054175355
0.25626087306228673,-0.8069698339377105
0.25630041770981354,-0.8604774893754108
0.2563399623573404,-0.91624328912284
0.2563795070048673,-1.0027579179876414
0.25641905165239415,-1.0895324448160206
0.256458596299921,-0.9132358613448961
0.2564981409474479,-0.8685603472055181
0.25653768559497475,-0.7928458645105758
0.2565772302425016,-0.7171536664441458
0.25661677489002843,-0.6966993281997977
0.2566563195375553,-0.6808558264892604
0.25669586418508217,-0.6609811955521412
0.25673540883260904,-0.5790435527144986
0.2567749534801359,-0.35945787842348587
0.25681449812766277,-0.26528559651083317
0.25685404277518964,-0.24592305258111757
0.2568935874227165,-0.22645822525815085
0.2569331320702433,-0.20693791644834114
0.2569726767177702,-0.18740835286915924
0.25701222136529706,-0.1806821090350086
0.2570517660128239,-0.1773533944427994
0.2570913106603508,-0.17390303028394438
0.25713085530787766,-0.17030331898562867
0.2571703999554045,-0.11609053313515183
0.2572099446029314,-0.010644700358659165
0.2572494892504582,0.09470321857914765
0.2572890338979851,0.12993942767807898
0.25732857854551194,0.13627304626782877
0.2573681231930388,0.0951143275201094
0.2574076678405657,0.06852195618711043
0.25744721248809255,0.06731923269152063
0.2574867571356194,0.07440691120281961
0.2575263017831463,0.11086883811837112
0.2575658464306731,0.15016339920889354
0.25760539107819996,0.2161540453240658
0.25764493572572683,0.2821199845619411
0.2576844803732537,0.3248923186029957
0.25772402502078057,0.3238550541776899
0.25776356966830744,0.3076924046655547
0.2578031143158343,0.29174591223403024
0.25784265896336117,0.2760235098342898
0.257882203610888,0.260488967022785
0.25792174825841485,0.26364746501438674
0.2579612929059417,0.26947569244852687
0.2580008375534686,0.27559747602225837
0.25804038220099546,0.2642849366244322
0.2580799268485223,0.24873681602576614
0.2581194714960492,0.23316364854500193
0.25815901614357606,0.21757999717954846
0.25819856079110287,0.27149683463249463
0.25823810543862974,0.3244909161377061
0.2582776500861566,0.36745902613585546
0.2583171947336835,0.33114851244808197
0.25835673938121034,0.293450682188789
0.2583962840287372,0.2556578539228722
0.2584358286762641,0.21783477947443775
0.25847537332379095,0.1669521005490493
0.25851491797131776,0.11484933440337741
0.2585544626188446,0.08044109705308156
0.2585940072663715,0.046033849663733584
0.25863355191389836,0.03582503636598755
0.25867309656142523,0.05760124242685727
0.2587126412089521,0.07924714166694002
0.25875218585647897,0.11673451315645966
0.25879173050400583,0.02201326335068554
0.25883127515153265,0.006565037468782009
0.2588708197990595,-0.00900320673813848
0.2589103644465864,-0.02469283793171151
0.25894990909411325,-0.040621075558091135
0.2589894537416401,-0.056665632142535394
0.259028998389167,-0.07256791585555344
0.25906854303669385,-0.05234980485408425
0.2591080876842207,0.16356707324790332
0.25914763233174753,0.37927196173426125
0.2591871769792744,-0.0019174332026086205
0.25922672162680127,0.026669647194635715
0.25926626627432814,0.055134783970409273
0.259305810921855,0.08362718809006964
0.2593453555693819,0.11199403798528529
0.25938490021690874,0.1207086025393247
0.2594244448644356,0.08440960758615468
0.2594639895119624,0.0480949563903561
0.2595035341594893,0.06999096846528463
0.25954307880701616,0.10342263999695422
0.259582623454543,0.09119244320757058
0.2596221681020699,0.0788585635492467
0.25966171274959676,0.06642028235067077
0.25970125739712363,0.053885953183967494
0.2597408020446505,0.04115929359784154
0.2597803466921773,0.028319687388237647
0.2598198913397042,0.01483208060549046
0.25985943598723105,-0.016949058132081696
0.2598989806347579,-0.031116097224821893
0.2599385252822848,-0.027154430659583007
0.25997806992981165,-0.023158014055224108
0.2600176145773385,0.06707997417995593
0.2600571592248654,0.1904054415442351
0.2600967038723922,0.313776953516828
0.26013624851991907,0.3234322063363875
0.26017579316744593,0.3216089094143184
0.2602153378149728,0.31985577205191085
0.26025488246249967,0.31817268035175594
0.26029442711002654,0.31655841420575825
0.2603339717575534,0.31960629651369743
0.2603735164050803,0.3209221925038337
0.2604130610526071,0.3442230436773457
0.26045260570013395,0.388976239459244
0.2604921503476608,0.43385314441580114
0.2605316949951877,0.47885728033731567
0.26057123964271456,0.527526612631994
0.2606107842902414,0.5914683679224266
0.2606503289377683,0.6554133519972103
0.26068987358529516,0.7000186340696288
0.260729418232822,0.8877706414118105
0.26076896288034884,0.8393366046444912
0.2608085075278757,0.8245270438582066
0.2608480521754026,0.8362521119469095
0.26088759682292945,0.8481312501786231
0.2609271414704563,0.9090815986905829
0.2609666861179832,0.9806984788632445
0.26100623076551005,1.0526048170511153
0.26104577541303686,1.014504770640194
0.26108532006056373,0.9320948661370556
0.2611248647080906,0.8502067053865483
0.26116440935561747,0.8245957877797387
0.26120395400314433,0.8340979376102133
0.2612434986506712,0.8531934792785307
0.26128304329819807,0.8723173920300464
0.26132258794572494,0.8913435646972294
0.26136213259325175,0.8928424055498603
0.2614016772407786,0.9076678728748151
0.2614412218883055,0.87679937660329
0.26148076653583235,0.8207331367095048
0.2615203111833592,0.7646749868843115
0.2615598558308861,0.708626823673205
0.26159940047841296,0.65259883796059
0.2616389451259398,0.4129196225127245
0.26167848977346664,0.28480103520926114
0.2617180344209935,0.2681999962050723
0.2617575790685204,0.25122620273431373
0.26179712371604724,0.23410597043126113
0.2618366683635741,0.2163065318902504
0.261876213011101,0.16168146319717724
0.26191575765862785,0.08463048845606469
0.2619553023061547,0.007829343485323825
0.2619948469536815,-0.06974422437921213
0.2620343916012084,-0.09381915672195085
0.26207393624873526,-0.09722472583088493
0.26211348089626213,-0.08249767152906173
0.262153025543789,-0.01323274362460758
0.26219257019131587,0.055981185739679695
0.26223211483884273,0.13115328390362002
0.2622716594863696,0.17343190996801727
0.2623112041338964,0.19198357911604447
0.2623507487814233,0.1844815678430054
0.26239029342895015,0.16206992514829643
0.262429838076477,0.14289557096219063
0.2624693827240039,0.12352890231269864
0.26250892737153075,0.10411380288095984
0.2625484720190576,0.08465074483462764
0.2625880166665845,0.13840569237196831
0.2626275613141113,0.26016688153666045
0.26266710596163817,0.38196347856499724
0.26270665060916504,0.5038182329371779
0.2627461952566919,0.30625010814003595
0.2627857399042188,0.29924088295621143
0.26282528455174564,0.29220746219625493
0.2628648291992725,0.2851496699400231
0.2629043738467994,0.2855327963951506
0.2629439184943262,0.29341516024649295
0.26298346314185306,0.3015387291831466
0.2630230077893799,0.3099510664535279
0.2630625524369068,0.35461895683072164
0.26310209708443366,0.430333017515383
0.26314164173196053,0.5061572582577352
0.2631811863794874,0.5815437517364428
0.26322073102701427,0.5876415744525021
0.2632602756745411,0.5582671612524033
0.26329982032206795,0.5289012547542074
0.2633393649695948,0.4994844311664721
0.2633789096171217,0.4708763973596426
0.26341845426464855,0.45787172196474035
0.2634579989121754,0.47258526897337294
0.2634975435597023,0.4871778334439849
0.26353708820722915,0.4706473421236188
0.26357663285475597,0.41914924046653557
0.26361617750228283,0.3675703507512864
0.2636557221498097,0.3224645059051934
0.26369526679733657,0.2838714706380374
0.26373481144486344,0.24525926240058116
0.2637743560923903,0.20758035098234018
0.2638139007399172,0.17112607238367428
0.26385344538744404,0.12842221107355378
0.26389299003497085,0.08560583875115135
0.2639325346824977,0.04263963770045187
0.2639720793300246,-0.0003797241459757572
0.26401162397755146,0.0027529405258519546
0.2640511686250783,0.017968341538002974
0.2640907132726052,0.03322057247130594
0.26413025792013206,0.04851049693742038
0.26416980256765893,0.047561179200704906
0.26420934721518574,0.01941938204649052
0.2642488918627126,-0.09283929729967078
0.2642884365102395,-0.2431215250775134
0.26432798115776635,-0.39351524844542674
0.2643675258052932,-0.4906174979424289
0.2644070704528201,-0.5732698201822926
0.26444661510034695,-0.6558128535053296
0.2644861597478738,-0.7037654762262084
0.26452570439540063,-0.7337132217453766
0.2645652490429275,-0.7402108465156143
0.26460479369045437,-0.7411220510346217
0.26464433833798123,-0.7407082572204553
0.2646838829855081,-0.7410853957355537
0.26472342763303497,-0.7765878699274129
0.26476297228056184,-0.8120489294985376
0.2648025169280887,-0.8474695581043479
0.2648420615756155,-0.8870543422424619
0.2648816062231424,-0.9304687944059022
0.26492115087066925,-0.9633906084309594
0.2649606955181961,-0.9913957686185482
0.265000240165723,-1.013141698196919
0.26503978481324986,-1.0349699144227484
0.2650793294607767,-1.0661145076596972
0.2651188741083036,-1.0976205142306696
0.2651584187558304,-1.1292007642030004
0.2651979634033573,-1.1682023387224172
0.26523750805088414,-1.216563628097056
0.265277052698411,-1.2639075202496866
0.2653165973459379,-1.2907902309268664
0.26535614199346474,-1.2727035032713152
0.2653956866409916,-1.2509528493981774
0.2654352312885185,-1.206408318513029
0.2654747759360453,-1.1619822027977724
0.26551432058357216,-1.1561651353403253
0.26555386523109903,-1.1546978892816844
0.2655934098786259,-1.1304671193670055
0.26563295452615276,-1.02686612348937
0.26567249917367963,-0.9906993978517908
0.2657120438212065,-0.9854773398095604
0.26575158846873337,-0.9804438903695392
0.2657911331162602,-0.9756412557087213
0.26583067776378705,-0.9709052780399823
0.2658702224113139,-0.9661372133887127
0.2659097670588408,-0.9613130388327633
0.26594931170636765,-0.9520463747878729
0.2659888563538945,-0.8698382634429214
0.2660284010014214,-0.8200760245930825
0.26606794564894826,-0.819011921427931
0.26610749029647507,-0.9061475284100036
0.26614703494400194,-0.9931677959221403
0.2661865795915288,-1.080072752692482
0.2662261242390557,-0.812417820288724
0.26626566888658254,-0.8739608856826768
0.2663052135341094,-0.8923966835734083
0.2663447581816363,-0.5574184968737361
0.26638430282916314,-0.7069482637012818
0.26642384747668996,-0.6730689199136579
0.2664633921242168,-0.6391216680631571
0.2665029367717437,-0.6051237847042792
0.26654248141927056,-0.5711222545091408
0.26658202606679743,-0.5371182187354826
0.2666215707143243,-0.5042498234419588
0.26666111536185116,-0.47219501257952956
0.26670066000937803,-0.4401496065341881
0.26674020465690484,-0.4071470022618966
0.2667797493044317,-0.41837493233613543
0.2668192939519586,-0.4294913836629437
0.26685883859948545,-0.44049776838487364
0.2668983832470123,-0.4513921642988059
0.2669379278945392,-0.46228082531754744
0.26697747254206605,-0.473180977556777
0.2670170171895929,-0.5477647630120339
0.26705656183711973,-0.6257244392216021
0.2670961064846466,-0.703569327515285
0.26713565113217347,-0.7812979717235322
0.26717519577970034,-0.8067825995708215
0.2672147404272272,-0.7898728339796186
0.26725428507475407,-0.7728859731037803
0.26729382972228094,-0.7559960482829515
0.2673333743698078,-0.7395851844581687
0.2673729190173346,-0.7227624377635111
0.2674124636648615,-0.6572121888663611
0.26745200831238836,-0.5906137046499227
0.2674915529599152,-0.5239741041322175
0.2675310976074421,-0.5118704672902208
0.26757064225496896,-0.5173396623900812
0.26761018690249583,-0.5227710961131624
0.2676497315500227,-0.5504025074764822
0.2676892761975495,-0.6341286468863974
0.2677288208450764,-0.717975766101361
0.26776836549260324,-0.7406365964849968
0.2678079101401301,-0.724597196402148
0.267847454787657,-0.7086348586593996
0.26788699943518385,-0.7664130632526858
0.2679265440827107,-0.8276303723769933
0.2679660887302376,-0.8889661316691972
0.2680056333777644,-0.4225514191550994
0.26804517802529126,-0.9911443439259209
0.26808472267281813,-1.3403502928761846
0.268124267320345,-1.3851474024492312
0.26816381196787187,-1.4300724439011745
0.26820335661539874,-1.4146852891416897
0.2682429012629256,-1.379158813755926
0.26828244591045247,-1.3406031211508536
0.2683219905579793,-1.3022214529886424
0.26836153520550615,-1.2640124838100526
0.268401079853033,-1.2259341400259283
0.2684406245005599,-1.2324048662770988
0.26848016914808676,-1.2718469701729571
0.2685197137956136,-1.3225606979214737
0.2685592584431405,-1.353177436231272
0.26859880309066736,-1.3192387241577226
0.26863834773819417,-1.2828436564455847
0.26867789238572104,-1.246199799592536
0.2687174370332479,-1.2097495719623739
0.2687569816807748,-1.18331792155755
0.26879652632830164,-1.158704548801917
0.2688360709758285,-1.1156919828613914
0.2688756156233554,-1.0338044084405205
0.26891516027088225,-0.9584101070179116
0.26895470491840906,-0.8947743597007314
0.26899424956593593,-0.8257764478522773
0.2690337942134628,-0.7965264205609577
0.26907333886098966,-0.7541629146553266
0.26911288350851653,-0.7094299040994487
0.2691524281560434,-0.6646234662950956
0.26919197280357027,-0.6197318859611975
0.26923151745109714,-0.5750818076295134
0.26927106209862395,-0.5302679228905323
0.2693106067461508,-0.490195376337657
0.2693501513936777,-0.4742740999940329
0.26938969604120455,-0.16387965767895274
0.2694292406887314,-0.17285542821875843
0.2694687853362583,-0.1817751281084634
0.26950832998378516,-0.19065893682994428
0.269547874631312,-0.1610067487953355
0.26958741927883884,-0.12723022266837614
0.2696269639263657,-0.09332609589981722
0.26966650857389257,-0.059201266969831856
0.26970605322141944,-0.025586658503361726
0.2697455978689463,-0.005093775272194456
0.2697851425164732,0.015441410765384411
0.26982468716400004,0.03592646727197657
0.2698642318115269,0.056483447133572895
0.2699037764590537,0.060141909472621435
0.2699433211065806,0.04921603334484992
0.26998286575410746,0.011664520349903285
0.2700224104016343,-0.02599546079296644
0.2700619550491612,-0.06375065062609409
0.27010149969668806,-0.10143195572406238
0.27014104434421493,-0.337127037599279
0.2701805889917418,-0.33648672449535955
0.2702201336392686,-0.33574622221375616
0.2702596782867955,-0.3347856085479002
0.27029922293432235,-0.3335625609044488
0.2703387675818492,-0.33207946753417605
0.2703783122293761,-0.36160112484305884
0.27041785687690295,-0.489518729582068
0.2704574015244298,-0.6021479485364605
0.2704969461719567,-0.7093058737947331
0.2705364908194835,-0.45506396954044526
0.27057603546701037,-0.4418604688358183
0.27061558011453724,-0.4286670619751414
0.2706551247620641,-0.41548498574852655
0.27069466940959097,-0.40229455560646965
0.27073421405711784,-0.3890254513518103
0.2707737587046447,-0.6802498689634664
0.2708133033521716,-0.6173736873549025
0.2708528479996984,-0.5543741487811422
0.27089239264722526,-0.5092779620360215
0.2709319372947521,-0.5603514831686454
0.270971481942279,-0.6397303857238645
0.27101102658980586,-0.6969656681487129
0.2710505712373327,-0.6619227846251485
0.2710901158848596,-0.6269762077339385
0.27112966053238646,-0.5921480706193085
0.2711692051799133,-0.5564159868136809
0.27120874982744014,-0.5021223994031718
0.271248294474967,-0.44794373696671297
0.2712878391224939,-0.4140315609869045
0.27132738377002075,-0.42742654005219105
0.2713669284175476,-0.4414218855476264
0.2714064730650745,-0.45550535902234035
0.27144601771260135,-0.47079323880800406
0.27148556236012816,-0.49992392711537104
0.27152510700765503,-0.5291576470277617
0.2715646516551819,-0.5584948962014682
0.27160419630270877,-0.5879361742725546
0.27164374095023563,-0.40715857614213835
0.2716832855977625,-0.21762033088049382
0.27172283024528937,-0.19944504210347258
0.27176237489281624,-0.1880838318388145
0.27180191954034305,-0.18755656819507216
0.2718414641878699,-0.18700476863456128
0.2718810088353968,-0.17183941026119065
0.27192055348292365,-0.0762564665979264
0.2719600981304505,0.01935969237025592
0.2719996427779774,0.11465929446873169
0.27203918742550426,0.20999018260236024
0.2720787320730311,0.30530168533995283
0.27211827672055794,0.40356677226760684
0.2721578213680848,0.5276694371106077
0.2721973660156117,0.1721164800331101
0.27223691066313854,0.29085966930252916
0.2722764553106654,0.3586291812198965
0.2723159999581923,0.4252423091485831
0.27235554460571915,0.4908205407656663
0.272395089253246,0.5568706238000969
0.2724346339007728,0.6230077536998024
0.2724741785482997,0.6892233896126179
0.27251372319582656,0.7658463738387216
0.27255326784335343,0.8512760235700281
0.2725928124908803,0.499663412653943
0.27263235713840717,0.5277044837105214
0.27267190178593403,0.5261828563411175
0.2727114464334609,0.5249134574978251
0.2727509910809877,0.5238307848671848
0.2727905357285146,0.5229229091654499
0.27283008037604145,0.5427368444195437
0.2728696250235683,0.5727079958342998
0.2729091696710952,0.6028192741164036
0.27294871431862205,0.633084555980048
0.2729882589661489,0.6618771478880294
0.2730278036136758,0.6686846610777639
0.2730673482612026,0.6755030545690115
0.27310689290872947,0.6823307616138239
0.27314643755625634,0.6891662154412455
0.2731859822037832,0.7165325167810623
0.2732255268513101,0.7753551212197092
0.27326507149883694,0.8344781517311421
0.2733046161463638,0.8937300167545308
0.2733441607938907,0.7965418258574086
0.2733837054414175,0.6548169277536866
0.27342325008894436,0.6250904619335369
0.2734627947364712,0.6171524514426636
0.2735023393839981,0.615220448789886
0.27354188403152496,0.6287378513967266
0.27358142867905183,0.6414484428457206
0.2736209733265787,0.6014714135059576
0.27366051797410557,0.5614798858993
0.2737000626216324,0.7032841990911516
0.27373960726915925,1.0171353572236095
0.2737791519166861,0.667993651942937
0.273818696564213,0.6919368909637864
0.27385824121173985,0.7158102000350484
0.2738977858592667,0.7396127530693395
0.2739373305067936,0.7633437225516495
0.27397687515432045,0.7128711953976339
0.27401641980184727,0.6146370864240414
0.27405596444937413,0.6260944337357879
0.274095509096901,0.6376563550571026
0.27413505374442787,0.6329487305617301
0.27417459839195474,0.6072125814961717
0.2742141430394816,0.5814272090116761
0.2742536876870085,0.555614667166684
0.27429323233453534,0.5298146683154705
0.27433277698206215,0.5039593534605009
0.274372321629589,0.46708151711279555
0.2744118662771159,0.4299678980343762
0.27445141092464276,0.3928148937653928
0.2744909555721696,0.35569521136017634
0.2745305002196965,0.33243455773016883
0.27457004486722336,0.3474046629005709
0.27460958951475023,0.3623823512627986
0.27464913416227704,0.403203455096782
0.2746886788098039,0.4534688349409848
0.2747282234573308,0.5036712211497347
0.27476776810485765,0.5538551241887486
0.2748073127523845,0.6041651147206384
0.2748468573999114,0.6516594784642633
0.27488640204743825,0.6944482986118716
0.2749259466949651,0.7373547376006417
0.27496549134249193,0.7839827958367893
0.2750050359900188,0.834083817236646
0.27504458063754567,0.8841518025604005
0.27508412528507253,0.9342729781884307
0.2751236699325994,0.951426557074921
0.27516321458012627,0.9592386806530246
0.27520275922765314,0.9758699543231701
0.27524230387518,1.0218689417001068
0.2752818485227068,1.0678312709537465
0.2753213931702337,1.1137572044983006
0.27536093781776055,1.0976851384122988
0.2754004824652874,1.0736666654631781
0.2754400271128143,1.0496020792115948
0.27547957176034116,1.28272483580104
0.275519116407868,1.253486750817471
0.2755586610553949,1.2517117049145652
0.2755982057029217,1.2501679045908558
0.2756377503504486,1.2485812043471505
0.27567729499797544,1.2470453839193478
0.2757168396455023,1.2256039783176593
0.2757563842930292,1.1693023667321478
0.27579592894055605,1.1129932311784652
0.2758354735880829,1.0568262755021447
0.2758750182356098,1.0215406209121491
0.2759145628831366,1.000164891156274
0.27595410753066346,0.9790527339634778
0.27599365217819033,0.9581992019017473
0.2760331968257172,0.9375993240860971
0.27607274147324407,0.9169063963754915
0.27611228612077093,0.896376783331668
0.2761518307682978,0.8371465253802857
0.27619137541582467,0.7728014181883731
0.2762309200633515,0.7082703354171906
0.27627046471087835,0.6437483586906696
0.2763100093584052,0.5865061126907252
0.2763495540059321,0.5493577411347719
0.27638909865345895,0.5101742656211563
0.2764286433009858,0.4699376340993746
0.2764681879485127,0.42967010327506294
0.27650773259603956,0.39601359108071676
0.27654727724356637,0.3843741788027746
0.27658682189109324,0.3726332434341204
0.2766263665386201,0.3609018645008861
0.276665911186147,0.3491793768609739
0.27670545583367384,0.3374651154636146
0.2767450004812007,0.32575195765836984
0.2767845451287276,0.3053070598945
0.27682408977625445,0.28574808085016823
0.27686363442378126,0.26616396561065603
0.2769031790713081,0.24652731595909216
0.276942723718835,0.22675606429547202
0.27698226836636186,0.20177703772112388
0.27702181301388873,0.12451539734141281
0.2770613576614156,0.19606841488520388
0.27710090230894246,0.2677097909458608
0.27714044695646933,0.3194296319897525
0.27717999160399615,0.2875062556565693
0.277219536251523,0.2689881671859178
0.2772590808990499,0.2504523754468915
0.27729862554657675,0.2207697748325188
0.2773381701941036,0.1573630049481194
0.2773777148416305,0.09378876479947884
0.27741725948915735,0.04966933721939526
0.2774568041366842,0.03137030718067457
0.27749634878421103,0.022114286151720286
0.2775358934317379,0.02499172460590504
0.27757543807926477,0.02790887408443421
0.27761498272679164,0.030860232002844157
0.2776545273743185,0.03384588604163952
0.2776940720218454,0.06115740189598551
0.27773361666937224,0.10117468290121234
0.2777731613168991,0.1412398918037736
0.2778127059644259,0.18137850031196656
0.2778522506119528,0.2215890222647081
0.27789179525947966,0.20214721265548796
0.2779313399070065,0.17468506904291292
0.2779708845545334,0.14705975823300044
0.27801042920206026,0.11927322904602189
0.27804997384958713,0.09134069880890916
0.278089518497114,0.08561272341350357
0.2781290631446408,0.0867107064295416
0.2781686077921677,0.08792574573139511
0.27820815243969454,0.10901094020211755
0.2782476970872214,0.21924671614560953
0.2782872417347483,0.32962132383598064
0.27832678638227515,0.4401260145911108
0.278366331029802,0.47456477607430525
0.2784058756773289,0.5084072766810248
0.2784454203248557,0.5461918883534294
0.27848496497238256,0.5650250479079988
0.27852450961990943,0.5727430147464023
0.2785640542674363,0.580570909430917
0.27860359891496317,0.5883335886536818
0.27864314356249004,0.5960321146677661
0.2786826882100169,0.603667548576456
0.2787222328575438,0.6192125831845621
0.2787617775050706,0.6692425401328199
0.27880132215259745,0.6865932451760939
0.2788408668001243,0.6593826651970618
0.2788804114476512,0.6149513291618618
0.27891995609517806,0.5700400672800345
0.2789595007427049,0.5774867198210858
0.2789990453902318,0.5848933759918422
0.27903859003775866,0.5922717238392252
0.2790781346852855,0.5996208416372353
0.27911767933281234,0.607016773209323
0.2791572239803392,0.4392081244019703
0.2791967686278661,0.4651142361602041
0.27923631327539294,0.48704768553593514
0.2792758579229198,0.48413126666562345
0.2793154025704467,0.48115252569145195
0.27935494721797355,0.47817955731700756
0.27939449186550036,0.4752124593563396
0.27943403651302723,0.4722513300776301
0.2794735811605541,0.46265375245700113
0.27951312580808096,0.35185387832566306
0.27955267045560783,0.33547302465688045
0.2795922151031347,0.31911338371299536
0.27963175975066157,0.30282465157526506
0.27967130439818844,0.28658035305594165
0.27971084904571525,0.27035297632376754
0.2797503936932421,0.2533469403019142
0.279789938340769,0.23522088968672517
0.27982948298829585,0.21687723709055984
0.2798690276358227,0.1982928934054229
0.2799085722833496,0.17963787933398478
0.27994811693087646,0.116611421494202
0.2799876615784033,0.05151573248658359
0.28002720622593014,-0.013632495988180615
0.280066750873457,-0.07880854511888025
0.2801062955209839,-0.14400733181234582
0.28014584016851074,0.017536908761083936
0.2801853848160376,0.04323457977975398
0.2802249294635645,0.09139431054757274
0.28026447411109134,0.13946802894942234
0.28030401875861816,0.18981799368111574
0.280343563406145,0.24389471838997157
0.2803831080536719,0.2971782507061489
0.28042265270119876,0.3427387550008367
0.28046219734872563,0.346724097883488
0.2805017419962525,0.32899839145572596
0.28054128664377936,0.31134919563645447
0.2805808312913062,0.2937264250296341
0.28062037593883304,0.2760901784343428
0.2806599205863599,0.26603622488710066
0.2806994652338868,0.2946648788819104
0.28073900988141365,0.39185602781954465
0.2807785545289405,0.48887796157781604
0.2808180991764674,0.5873845186557229
0.28085764382399425,0.6014099961221246
0.2808971884715211,0.6076090077766763
0.28093673311904793,0.6137629665642113
0.2809762777665748,0.617549725510103
0.28101582241410167,0.6043901328304102
0.28105536706162854,0.59111987661991
0.2810949117091554,0.5942669466765862
0.28113445635668227,0.6264065040134117
0.28117400100420914,0.6598276111722399
0.28121354565173595,0.7000127988497686
0.2812530902992628,0.7410121278896993
0.2812926349467897,0.7817502943694272
0.28133217959431656,0.834033168238479
0.2813717242418434,0.8987969036235794
0.2814112688893703,0.9636761264430476
0.28145081353689716,1.0285540560422115
0.281490358184424,1.084295839060018
0.2815299028319509,1.0909873394112077
0.2815694474794777,1.0976587480424378
0.2816089921270046,1.104312514443789
0.28164853677453144,1.3114144833523333
0.2816880814220583,1.5338374247666193
0.2817276260695852,1.726483056109112
0.28176717071711205,1.2428795587736783
0.2818067153646389,1.226112729993969
0.28184626001216573,1.2092990897633067
0.2818858046596926,1.1924202939337913
0.28192534930721946,1.1871686724151544
0.28196489395474633,1.1892312945221635
0.2820044386022732,1.1911530647017203
0.28204398324980007,1.1929817733771193
0.28208352789732694,1.194741869142046
0.2821230725448538,1.1528400129856182
0.28216261719238067,1.0486438314576976
0.2822021618399075,0.944445309077893
0.28224170648743435,0.8435907859419727
0.2822812511349612,0.8153498610229715
0.2823207957824881,0.787107980904322
0.28236034043001496,0.7587255885081561
0.2823998850775418,0.7300579645863179
0.2824394297250687,0.7011637573670919
0.2824789743725955,0.6720450544408951
0.28251851902012237,0.6606528154403462
0.28255806366764924,0.6596551754788553
0.2825976083151761,0.658639315049089
0.282637152962703,0.6576054672961451
0.28267669761022984,0.6736799335291144
0.2827162422577567,0.7008602637979147
0.2827557869052836,0.7280005359700477
0.28279533155281045,0.7498318282266618
0.28283487620033726,0.7661947650992671
0.2828744208478641,0.7823525219443379
0.282913965495391,0.798416482520528
0.28295351014291786,0.8143859772950339
0.28299305479044473,0.8303966202560149
0.2830325994379716,0.8464470168042322
0.28307214408549847,0.774584870068252
0.2831116887330253,0.6614599627410209
0.28315123338055215,0.5483552184697986
0.283190778028079,0.43524755134129567
0.2832303226756059,0.3220956214235908
0.28326986732313275,0.22016038887984468
0.2833094119706596,0.13583696516747956
0.2833489566181865,0.05152874523648965
0.28338850126571336,-0.032763773069048874
0.2834280459132402,-0.11705533028915838
0.28346759056076704,-0.20144930250453363
0.2835071352082939,-0.28594360939747077
0.28354667985582077,0.31005275370796426
0.28358622450334764,-0.23772281239094362
0.2836257691508745,-0.47359632224562187
0.2836653137984014,-0.5184627687768364
0.28370485844592824,-0.5881361665450751
0.28374440309345506,-0.6577052589515402
0.2837839477409819,-0.7272394629327925
0.2838234923885088,-0.7834517278254811
0.28386303703603566,-0.8135162715254518
0.2839025816835625,-0.8435917649237563
0.2839421263310894,-0.8255820966350758
0.28398167097861626,-0.7567729740654556
0.28402121562614313,-0.6955069454952927
0.28406076027367,-0.6633178428161193
0.2841003049211968,-0.6958312488463569
0.2841398495687237,-0.7282034677258391
0.28417939421625055,-0.7194889692947282
0.2842189388637774,-0.6967127333964616
0.2842584835113043,-0.6710419701209638
0.28429802815883115,-0.6453259946776759
0.284337572806358,-0.6195997004510989
0.28437711745388483,-0.593893622019519
0.2844166621014117,-0.5682307461469724
0.28445620674893857,-0.5425930471949192
0.28449575139646543,-0.5046326892277744
0.2845352960439923,-0.46665163916614993
0.28457484069151917,-0.42864071702072337
0.28461438533904604,-0.3964088262696057
0.2846539299865729,-0.43202232544596253
0.2846934746340998,-0.47320432559941406
0.2847330192816266,-0.5181083242733271
0.28477256392915345,-0.5629347942709266
0.2848121085766803,-0.6076898052970776
0.2848516532242072,-0.6523591443705881
0.28489119787173406,-0.6976859534426607
0.2849307425192609,-0.720225467303508
0.2849702871667878,-0.7306680194317359
0.2850098318143146,-0.7410236899068634
0.2850493764618415,-0.7512926642744047
0.28508892110936834,-0.7615085304185243
0.2851284657568952,-0.8112114844575711
0.2851680104044221,-0.8733448017083347
0.28520755505194895,-0.9354854075954746
0.2852470996994758,-0.9976344036439553
0.2852866443470027,-1.0597348697349869
0.28532618899452955,-1.1293428055005137
0.28536573364205636,-1.2035536135001257
0.28540527828958323,-0.8101391760475636
0.2854448229371101,-0.9339714697629011
0.28548436758463697,-1.0578242599300474
0.28552391223216383,-1.1816974079549887
0.2855634568796907,-1.3060336699385182
0.28560300152721757,-1.3180606481702597
0.2856425461747444,-1.2634918933822048
0.28568209082227125,-1.2088442449015213
0.2857216354697981,-1.1655482090092155
0.285761180117325,-1.1742881824928766
0.28580072476485185,-1.183027228432283
0.2858402694123787,-1.1917145613002953
0.2858798140599056,-1.18368493910865
0.28591935870743246,-1.1531987480837902
0.2859589033549593,-1.122559040037597
0.28599844800248614,-1.098481427195238
0.286037992650013,-1.09201383368156
0.2860775372975399,-1.0911007695213444
0.28611708194506674,-1.0998937813143383
0.2861566265925936,-1.1084841902413096
0.2861961712401205,-1.1171458830420997
0.28623571588764735,-1.115904996400368
0.28627526053517416,-1.1140753062108324
0.286314805182701,-1.110695060784069
0.2863543498302279,-1.106495612987037
0.28639389447775476,-1.0991254625620073
0.28643343912528163,-1.0918120144571786
0.2864729837728085,-1.0845546225351592
0.28651252842033537,-1.0773243829270562
0.28655207306786223,-1.0508166626722577
0.2865916177153891,-0.9518709037950517
0.2866311623629159,-0.8529431476718452
0.2866707070104428,-0.7528760706936115
0.28671025165796965,-0.7226582881661585
0.2867497963054965,-0.7032793713858165
0.2867893409530234,-0.6693511559356367
0.28682888560055025,-0.6311248867562282
0.2868684302480771,-0.5927803246317076
0.28690797489560393,-0.5532194085933098
0.2869475195431308,-0.5123590066910122
0.28698706419065767,-0.4714813461270735
0.28702660883818454,-0.43058116451701434
0.2870661534857114,-0.44346299928970545
0.2871056981332383,-0.4595125867320222
0.28714524278076514,-0.4755413488635547
0.287184787428292,-0.47478034210883635
0.2872243320758189,-0.46979428676889246
0.2872638767233457,-0.43370027859270177
0.28730342137087256,-0.3634495757957632
0.2873429660183994,-0.2931364155126852
0.2873825106659263,-0.2204932687819019
0.28742205531345316,-0.1440544312905354
0.28746159996098003,-0.10690907516207826
0.2875011446085069,-0.08103445570572898
0.2875406892560337,-0.06481128509318879
0.2875802339035606,-0.06918477517456978
0.28761977855108745,-0.0739023773731935
0.2876593231986143,-0.07852554097693254
0.2876988678461412,-0.08303285701327567
0.28773841249366805,-0.08876975104146823
0.2877779571411949,-0.11747402215234093
0.2878175017887218,-0.16261084027517736
0.28785704643624865,-0.2071928822680098
0.28789659108377547,-0.23434582462660725
0.28793613573130233,-0.25054196039458887
0.2879756803788292,-0.26672728069155127
0.28801522502635607,-0.28256354705895514
0.28805476967388294,-0.34218723169250786
0.2880943143214098,-0.44227553642237716
0.2881338589689367,-0.5425299738164799
0.2881734036164635,-0.6015655185589095
0.28821294826399035,-0.6197424409195387
0.2882524929115172,-0.6085968730742994
0.2882920375590441,-0.5973390730014341
0.28833158220657096,-0.5859987361272765
0.2883711268540978,-0.47746201827332424
0.2884106715016247,-0.3122200675879565
0.28845021614915156,-0.1466990715065739
0.28848976079667843,-0.3188308496074832
0.28852930544420524,-0.27660934838145046
0.2885688500917321,-0.23427226599809892
0.288608394739259,-0.19174750147635677
0.28864793938678585,-0.1490352753146693
0.2886874840343127,-0.10609284268340247
0.2887270286818396,-0.14113260949120132
0.28876657332936645,-0.2156866464183551
0.28880611797689326,-0.32969014824420206
0.28884566262442013,-0.44367329438222747
0.288885207271947,-0.47912551129318004
0.28892475191947387,-0.4930347209688746
0.28896429656700073,-0.5069313873578141
0.2890038412145276,-0.5208589443497633
0.28904338586205447,-0.5348027950429817
0.28908293050958134,-0.567815864685139
0.2891224751571082,-0.6089529497322266
0.289162019804635,-0.650530511084404
0.2892015644521619,-0.6828402312867574
0.28924110909968875,-0.70598613789394
0.2892806537472156,-0.7308170031678287
0.2893201983947425,-0.7609990752694351
0.28935974304226936,-0.7912770755691252
0.2893992876897962,-0.8216511111457265
0.28943883233732304,-0.8178460373192245
0.2894783769848499,-0.7854902962595887
0.2895179216323768,-0.7216048765783469
0.28955746627990364,-0.6448371042932814
0.2895970109274305,-0.5681571914791519
0.2896365555749574,-0.4993432694012361
0.28967610022248425,-0.4975247228227877
0.2897156448700111,-0.5169191453913866
0.289755189517538,-0.5910178735624587
0.2897947341650648,-0.6651238934469514
0.28983427881259166,-0.738036552095882
0.28987382346011853,-0.7336856066712079
0.2899133681076454,-0.6875600938286626
0.28995291275517227,-0.5279560233880192
0.28999245740269913,-0.368352296602497
0.290032002050226,-0.2087488540288378
0.2900715466977528,-0.04914563636619551
0.2901110913452797,0.10890964589613805
0.29015063599280655,0.2262962313182646
0.2901901806403334,-0.6030538554251343
0.2902297252878603,-0.5598629567410702
0.29026926993538715,-0.5195273144563206
0.290308814582914,-0.4845558008057873
0.2903483592304409,-0.4495541778535941
0.29038790387796776,-0.414518625510949
0.29042744852549457,-0.37944980503669434
0.29046699317302144,-0.34434837714105804
0.2905065378205483,-0.28235285591892456
0.2905460824680752,-0.20017867044987891
0.29058562711560204,-0.1181458781545821
0.2906251717631289,-0.055104069856830584
0.2906647164106558,-0.048190573815141136
0.2907042610581826,-0.04124737123935773
0.29074380570570946,-0.03426626881479322
0.2907833503532363,-0.027291435976316336
0.2908228950007632,-0.020460147407733054
0.29086243964829006,-0.03678617231151193
0.29090198429581693,-0.06777863986651766
0.2909415289433438,-0.09891457713272711
0.29098107359087066,-0.13022136236272797
0.29102061823839753,-0.1612127850569136
0.29106016288592435,-0.19284692881128507
0.2910997075334512,-0.2245010533986962
0.2911392521809781,-0.2511864809665756
0.29117879682850495,-0.24826612406510495
0.2912183414760318,-0.2656280595676801
0.2912578861235587,-0.28291124188774397
0.29129743077108555,-0.30011485570908913
0.29133697541861237,-0.3172366488122824
0.29137652006613923,-0.3342764163388532
0.2914160647136661,-0.35156185385110206
0.29145560936119297,-0.36912915395564827
0.29149515400871984,-0.3867401622481532
0.2915346986562467,-0.40159943285358146
0.2915742433037736,-0.3469395331573075
0.29161378795130044,-0.29235588482580344
0.2916533325988273,-0.28137941645421716
0.2916928772463541,-0.29737428828006074
0.291732421893881,-0.31353635480269215
0.29177196654140786,-0.5697926637476716
0.2918115111889347,-0.5960552278665663
0.2918510558364616,-0.6223712639662846
0.29189060048398846,-0.6487476059463084
0.29193014513151533,-0.6752255773937756
0.29196968977904214,-0.7011241901483602
0.292009234426569,-0.7277855036788967
0.2920487790740959,-0.7548384225260945
0.29208832372162274,-0.4325158553605446
0.2921278683691496,-1.2235000892825711
0.2921674130166765,-0.9289324485154857
0.29220695766420335,-0.8907848688833839
0.2922465023117302,-0.8582229826922969
0.2922860469592571,-0.8258190412388213
0.2923255916067839,-0.7935870193202881
0.29236513625431076,-0.7608689026396478
0.29240468090183763,-0.7282310854730385
0.2924442255493645,-0.6956286953991135
0.29248377019689137,-0.662583530200183
0.29252331484441824,-0.6246357777683436
0.2925628594919451,-0.5951052540951594
0.2926024041394719,-0.5908290130521543
0.2926419487869988,-0.5866635877467887
0.29268149343452565,-0.5826404097612876
0.2927210380820525,-0.5569320759741645
0.2927605827295794,-0.5068594950702767
0.29280012737710626,-0.4568633332430352
0.2928396720246331,-0.4069363432514006
0.29287921667216,-0.3570780483707141
0.29291876131968686,-0.307287973319748
0.2929583059672137,-0.6380800235911419
0.29299785061474054,-0.44233826705583557
0.2930373952622674,-0.24965841966026847
0.2930769399097943,-0.17001857606395543
0.29311648455732114,-0.15819267614558719
0.293156029204848,-0.1462045976063635
0.2931955738523749,-0.13388057706121792
0.2932351184999017,-0.1396333404985466
0.29327466314742856,-0.14800169199766877
0.29331420779495543,-0.1563942546678394
0.2933537524424823,-0.16074400750546136
0.29339329709000916,-0.1515828670375603
0.29343284173753603,-0.1438464976239464
0.2934723863850629,-0.1511668193591147
0.29351193103258977,-0.15889971841970585
0.29355147568011664,-0.16605133578959297
0.29359102032764345,-0.18097804694259967
0.2936305649751703,-0.17872574467830304
0.2936701096226972,-0.17640458499469247
0.29370965427022405,-0.17404798700344948
0.2937491989177509,-0.17154997877818978
0.2937887435652778,-0.16617270462678757
0.29382828821280466,-0.08993964216235906
0.29386783286033147,-0.013751413291954506
0.29390737750785834,0.0415510094656808
0.2939469221553852,0.018536033980390165
0.29398646680291207,-0.03215027870936815
0.29402601145043894,-0.06415677675022913
0.2940655560979658,-0.055806875441548165
0.2941051007454927,-0.04741206630541939
0.29414464539301954,-0.038955567175468
0.2941841900405464,-0.03043669278041161
0.2942237346880732,-0.01728505755191101
0.2942632793356001,-0.022320518506104392
0.29430282398312696,-0.046018305994753206
0.29434236863065383,-0.06976085128444431
0.2943819132781807,-0.09356852429104556
0.29442145792570756,-0.11751328186474108
0.29446100257323443,-0.1416092949119987
0.29450054722076124,-0.18513565964943712
0.2945400918682881,-0.20753239149188385
0.294579636515815,-0.2188651433880633
0.29461918116334185,-0.2083406667384331
0.2946587258108687,-0.17245271597502665
0.2946982704583956,-0.13660867104466679
0.29473781510592245,-0.10146621225650065
0.2947773597534493,-0.10836366040094791
0.2948169044009762,-0.1153188126129363
0.294856449048503,-0.12233271321579231
0.29489599369602987,-0.12945463095112597
0.29493553834355674,-0.15903614612927086
0.2949750829910836,-0.18724111531230658
0.29501462763861047,-0.21192706812622397
0.29505417228613734,-0.23663588180299389
0.2950937169336642,-0.26135863766028944
0.295133261581191,-0.28605145900527873
0.2951728062287179,-0.3107429216147244
0.29521235087624476,-0.3860756691259768
0.2952518955237716,-0.4699580263722254
0.2952914401712985,-0.47839325173182967
0.29533098481882536,-0.4827652328900207
0.2953705294663522,-0.4871699950169699
0.2954100741138791,-0.510829987423155
0.29544961876140596,-0.5355760495629527
0.2954891634089328,-0.5649261765277096
0.29552870805645964,-0.5993780504376405
0.2955682527039865,-0.633677487029928
0.2956077973515134,-0.6634521304242895
0.29564734199904025,-0.5973835599214601
0.2956868866465671,-0.492893758426848
0.295726431294094,-0.3883865680752372
0.2957659759416208,-0.28387680678775595
0.29580552058914766,-0.17936400527332186
0.29584506523667453,-0.30662422138312184
0.2958846098842014,-0.2661711657522172
0.29592415453172827,-0.22567421014179878
0.29596369917925514,-0.18513157929290802
0.296003243826782,-0.1445548061522084
0.29604278847430887,-0.10391907814579149
0.29608233312183574,-0.09011920201768753
0.29612187776936255,-0.098280059862204
0.2961614224168894,-0.10636240028542865
0.2962009670644163,-0.11435581261372452
0.29624051171194316,-0.12225999773674712
0.29628005635947,-0.13264202613600062
0.2963196010069969,-0.1182898855121719
0.29635914565452376,-0.09503573308651081
0.29639869030205057,-0.0717435790790546
0.29643823494957744,-0.04841857665271476
0.2964777795971043,-0.02521759320718342
0.2965173242446312,-0.006484828709823809
0.29655686889215804,0.007400419264795843
0.2965964135396849,0.011278232451926051
0.2966359581872118,-0.0031166040785866045
0.29667550283473865,-0.03591807191175356
0.2967150474822655,-0.07296463787587548
0.2967545921297923,-0.06963575893349816
0.2967941367773192,-0.03321998790886127
0.29683368142484606,0.02261202344786284
0.29687322607237293,0.09011788779909047
0.2969127707198998,0.09930131486885863
0.29695231536742667,0.09602711103482608
0.29699186001495353,0.09286575144291742
0.29703140466248035,0.08983801832992544
0.2970709493100072,0.0869598254794699
0.2971104939575341,0.0727748647403903
0.29715003860506095,0.029830853783573197
0.2971895832525878,-0.0042636535155304855
0.2972291279001147,-0.009910411595729585
0.29726867254764155,0.002003968312328297
0.2973082171951684,0.02102654071664123
0.2973477618426953,0.03492481720278828
0.2973873064902221,0.04508745537121239
0.29742685113774897,0.05530142085018053
0.29746639578527584,0.06584430431083543
0.2975059404328027,0.10759978871387332
0.2975454850803296,0.14938635943813416
0.29758502972785644,0.19115401482112837
0.2976245743753833,0.22797935603593356
0.2976641190229101,0.2373381407435602
0.297703663670437,0.24334316009890067
0.29774320831796386,0.1930752763711956
0.2977827529654907,0.14279550600848
0.2978222976130176,0.09250437214216944
0.29786184226054446,0.06074677132246453
0.29790138690807133,0.10489625772429712
0.2979409315555982,0.1490455099088246
0.29798047620312507,0.19317459604897458
0.2980200208506519,0.23714886676698121
0.29805956549817875,0.28096652425100643
0.2980991101457056,0.3364222092286786
0.2981386547932325,0.39497244741700843
0.29817819944075935,0.4534777258105853
0.2982177440882862,0.5079602654531454
0.2982572887358131,0.5222307452112673
0.2982968333833399,0.5364885827806392
0.29833637803086677,0.5203335629189425
0.29837592267839363,0.4658025172412934
0.2984154673259205,0.4112582030958274
0.29845501197344737,0.3567004118050381
0.29849455662097424,0.3295815116769534
0.2985341012685011,0.33444691687733386
0.298573645916028,0.4157416032164072
0.29861319056355484,0.49701332210009763
0.29865273521108165,0.5782695840652101
0.2986922798586085,0.615901956894569
0.2987318245061354,0.6131360568280897
0.29877136915366226,0.6219190005119817
0.2988109138011891,0.6389336873754692
0.298850458448716,0.6560028105940932
0.29889000309624286,0.724599219688808
0.2989295477437697,1.085411454329333
0.29896909239129654,1.0023709427948804
0.2990086370388234,1.007049862737019
0.2990481816863503,1.0117631343774587
0.29908772633387715,1.016510438802304
0.299127270981404,1.0212914580388013
0.2991668156289309,1.0261058750551673
0.29920636027645775,1.030953373760637
0.2992459049239846,1.0431199128110826
0.29928544957151143,1.0563768163704985
0.2993249942190383,1.0697018988655502
0.29936453886656517,1.0844044292118316
0.29940408351409203,1.1139792974724525
0.2994436281616189,1.1436216086997266
0.29948317280914577,1.1733311208244839
0.29952271745667264,1.2030845083258326
0.29956226210419945,1.232846325292675
0.2996018067517263,1.2278326371568404
0.2996413513992532,1.2085356574743207
0.29968089604678005,1.189217119790552
0.2997204406943069,1.1699445540555784
0.2997599853418338,1.1507223853874855
0.29979952998936066,1.1315486029730755
0.2998390746368875,1.128778381514766
0.2998786192844144,1.1340583324004516
0.2999181639319412,1.1390463260372252
0.2999577085794681,1.1439451504524625
0.29999725322699494,1.1487209271938248
0.3000367978745218,1.1533734277075274
0.3000763425220487,1.0673310537152414
0.30011588716957555,1.1060010203404262
0.3001554318171024,1.144633665956496
0.3001949764646292,1.1832406839290508
0.3002345211121561,1.2111083456370242
0.30027406575968296,1.2360728061972779
0.30031361040720983,1.2611103009569424
0.3003531550547367,1.2862205356542429
0.30039269970226357,1.311403217736614
0.30043224434979043,1.3366466047872594
0.3004717889973173,1.3618918458633837
0.30051133364484417,1.3824665549198434
0.300550878292371,1.3654851197374729
0.30059042293989785,1.3182399787800696
0.3006299675874247,1.2464395853010029
0.3006695122349516,1.1907184642237363
0.30070905688247845,1.1545374803616122
0.3007486015300053,1.1183419949568005
0.3007881461775322,1.082125298095308
0.300827690825059,1.0458877917597116
0.30086723547258587,1.0096111965101482
0.30090678012011274,0.9732523134347089
0.3009463247676396,0.9371469744233591
0.3009858694151665,0.9155465820638922
0.30102541406269334,1.4211957156792074
0.3010649587102202,1.3029607323607557
0.3011045033577471,1.1846212190107952
0.30114404800527395,1.045521538062352
0.30118359265280076,0.8961585838527171
0.3012231373003276,0.777101483377086
0.3012626819478545,0.7548806699639252
0.30130222659538136,0.7324090161010943
0.30134177124290823,0.7097184514216472
0.3013813158904351,0.6876501496019021
0.30142086053796197,0.6764771797786233
0.3014604051854888,0.7234047275134747
0.30149994983301565,0.7700863355947787
0.3015394944805425,0.8175380272287622
0.3015790391280694,0.8238523382730154
0.30161858377559625,0.7944250626782772
0.3016581284231231,0.7707955405069171
0.30169767307065,0.758686575913833
0.30173721771817685,0.7465321664304714
0.3017767623657037,0.7343324228023231
0.30181630701323053,0.7215798347380113
0.3018558516607574,0.7015270432150276
0.30189539630828427,0.6865211159479321
0.30193494095581114,0.6729024773769989
0.301974485603338,0.6593650053270528
0.3020140302508649,0.6459167110108757
0.30205357489839174,0.6325340280204452
0.30209311954591855,0.619216940035284
0.3021326641934454,0.5861481012837295
0.3021722088409723,0.5250986430707805
0.30221175348849916,0.5040245108240189
0.302251298136026,0.4854338613796969
0.3022908427835529,0.5318101450608577
0.30233038743107976,0.5768844002129692
0.30236993207860663,0.5662416608244749
0.3024094767261335,0.555581246289881
0.3024490213736603,0.5448060252636662
0.3024885660211872,0.533911585904705
0.30252811066871405,0.5229845866638714
0.3025676553162409,0.506367166201203
0.3026071999637678,0.44266398708078025
0.30264674461129465,0.3885440062331851
0.3026862892588215,0.4092451782835065
0.30272583390634833,0.42990158162918135
0.3027653785538752,0.4722812528183553
0.30280492320140207,0.47821935023080453
0.30284446784892893,0.47107219815229584
0.3028840124964558,0.46408566060140544
0.30292355714398267,0.45727461579638806
0.30296310179150954,0.45067987388593433
0.3030026464390364,0.44430244641427574
0.3030421910865633,0.43812637338078186
0.3030817357340901,0.41333877536813635
0.30312128038161695,0.3805137031264376
0.3031608250291438,0.34729757762358116
0.3032003696766707,0.3100921349155339
0.30323991432419756,0.20960184659434677
0.3032794589717244,0.10932398470418825
0.3033190036192513,0.00828502978269885
0.3033585482667781,-0.05774613462862277
0.303398092914305,-0.028526439525148106
0.30343763756183184,0.0007664544875494173
0.3034771822093587,0.030170603572768684
0.3035167268568856,0.05968688625113927
0.30355627150441244,0.08931618351854276
0.3035958161519393,0.08065396094961486
0.3036353607994662,0.05339420279547369
0.30367490544699305,0.06490383845386294
0.30371445009451986,0.07637333008201885
0.30375399474204673,0.08779134462784643
0.3037935393895736,0.09916792059427593
0.30383308403710046,0.09588293646121127
0.30387262868462733,0.08721564718258001
0.3039121733321542,0.08293428613759612
0.30395171797968107,0.07858152344363578
0.3039912626272079,0.0741603159037032
0.30403080727473475,0.06971353869181218
0.3040703519222616,0.0652406214764012
0.3041098965697885,0.060740993662274256
0.30414944121731535,0.041343354892575235
0.3041889858648422,0.00770542987031142
0.3042285305123691,-0.036664340814520635
0.30426807515989596,-0.09240468623785247
0.3043076198074228,-0.1213990383294421
0.30434716445494964,-0.14490181945688985
0.3043867091024765,-0.16842662019348342
0.3044262537500034,-0.19187197006736678
0.30446579839753024,-0.18006575746794695
0.3045053430450571,-0.13476011702048485
0.304544887692584,-0.11373744393208973
0.30458443234011084,-0.09683934210273115
0.30462397698763766,-0.0799720094552443
0.3046635216351645,-0.06313274216734932
0.3047030662826914,-0.06411617347202458
0.30474261093021826,-0.06827947795617462
0.30478215557774513,-0.06887343332171092
0.304821700225272,-0.06895356525020446
0.30486124487279886,-0.07123748482679737
0.30490078952032573,-0.07093018805514184
0.3049403341678526,-0.04069758913656063
0.3049798788153794,-0.010351631046868093
0.3050194234629063,0.02012837344338614
0.30505896811043315,0.05072921282952869
0.30509851275796,0.08146078959790604
0.3051380574054869,0.11233091194317701
0.30517760205301375,0.14259953117109703
0.3052171467005406,0.1672108131695902
0.30525669134806743,0.1540438190204272
0.3052962359955943,0.1410170482285391
0.30533578064312117,-0.16861056851992107
0.30537532529064804,-0.13621052737273054
0.3054148699381749,-0.10393434185156813
0.3054544145857018,-0.05301474468746914
0.30549395923322864,0.03167556633721347
0.3055335038807555,0.11641388757629034
0.3055730485282824,0.1628845174509328
0.3056125931758092,0.19513893583801156
0.30565213782333606,0.22741606779636037
0.3056916824708629,0.2597211146803078
0.3057312271183898,0.27033458225569884
0.30577077176591666,0.24009318653430167
0.30581031641344353,0.2052305513466628
0.3058498610609704,0.17043115173603063
0.3058894057084972,0.14546427840231146
0.3059289503560241,0.12859647574432742
0.30596849500355094,0.11171689325536427
0.3060080396510778,0.09070290426901195
0.3060475842986047,0.06550532502836415
0.30608712894613155,0.05738927148033035
0.3061266735936584,0.049244139461102066
0.3061662182411853,0.041065273366189814
0.30620576288871215,0.032852835285831716
0.30624530753623896,0.025266299642603407
0.30628485218376583,0.03823693579810339
0.3063243968312927,0.051145480247927644
0.30636394147881957,0.009748259117760227
0.30640348612634644,-0.05489242364286273
0.3064430307738733,-0.11966147707994335
0.30648257542140017,-0.18445567019876652
0.306522120068927,-0.20849928473589774
0.30656166471645385,-0.2103709961279927
0.3066012093639807,-0.2175247252613186
0.3066407540115076,-0.2247180392100594
0.30668029865903446,-0.23196062335201173
0.3067198433065613,-0.2348385568835658
0.3067593879540882,-0.21693340950613305
0.30679893260161506,-0.19521130195736092
0.3068384772491419,-0.1734578042135233
0.30687802189666874,-0.1516680691825254
0.3069175665441956,-0.12985409937582126
0.3069571111917225,-0.10807098261498904
0.30699665583924934,-0.08218340671869306
0.3070362004867762,-0.0522413493218199
0.3070757451343031,-0.022501705849872877
0.30711528978182995,0.0070463590782745555
0.30715483442935676,0.013418055601461809
0.30719437907688363,0.017946932132106852
0.3072339237244105,0.02239757380099583
0.30727346837193736,0.02680295547463807
0.30731301301946423,0.031177332307275485
0.3073525576669911,0.03555151694939074
0.30739210231451797,-0.18712099607285726
0.30743164696204484,-0.19243810857390642
0.3074711916095717,-0.18743848448131395
0.3075107362570985,-0.18042942204015233
0.3075502809046254,-0.17339068925818868
0.30758982555215225,-0.16629569239833675
0.3076293701996791,-0.1591441080437681
0.307668914847206,-0.15195852085132344
0.30770845949473286,-0.14474996537467355
0.3077480041422597,-0.13751817396412047
0.30778754878978654,0.11704519162236249
0.3078270934373134,0.053744596840537895
0.30786663808484027,-0.01593879812744703
0.30790618273236714,-0.10064150905378355
0.307945727379894,-0.1330159608221475
0.3079852720274209,-0.12132363610485797
0.30802481667494774,-0.10961164721311523
0.3080643613224746,-0.09786191841568126
0.3081039059700015,-0.08605821954192727
0.3081434506175283,-0.07429452947682069
0.30818299526505516,-0.05896077820621404
0.308222539912582,-0.021826993536203432
0.3082620845601089,-0.01322154388704444
0.30830162920763576,-0.034521068413105205
0.30834117385516263,0.056043331442295674
0.3083807185026895,0.2144596018261602
0.3084202631502163,0.413837628586915
0.3084598077977432,0.6380584094451018
0.30849935244527005,0.17329615805850374
0.3085388970927969,0.22464601369486648
0.3085784417403238,0.2761468640242217
0.30861798638785065,0.32780065085693355
0.3086575310353775,0.37949184169819006
0.3086970756829044,0.43119348433184257
0.30873662033043126,0.48290596762355253
0.30877616497795807,0.5064965308881479
0.30881570962548494,0.5259166449105983
0.3088552542730118,0.5453774338643234
0.30889479892053867,0.5648918264635041
0.30893434356806554,0.584494196897575
0.3089738882155924,0.5923293023912208
0.3090134328631193,0.5685733802816078
0.3090529775106461,0.5422312603141881
0.30909252215817296,0.5159945493463747
0.3091320668056998,0.489838634404431
0.3091716114532267,0.4637637164741024
0.30921115610075356,0.4377183277116181
0.3092507007482804,0.40431945876746944
0.3092902453958073,0.36924381082138424
0.30932979004333416,0.3340211445975845
0.30936933469086103,0.298673505906466
0.30940887933838784,0.2588144178462448
0.3094484239859147,0.21673668336793295
0.3094879686334416,0.17468905079962482
0.30952751328096845,0.1327542827488637
0.3095670579284953,0.09095525354594614
0.3096066025760222,0.04872625527556096
0.30964614722354905,-0.0006547420735865117
0.30968569187107586,-0.0498148674109693
0.30972523651860273,-0.06646191549557479
0.3097647811661296,-0.0708883677646499
0.30980432581365647,-0.07555936919833961
0.30984387046118333,-0.08047728160670609
0.3098834151087102,-0.08564213820578193
0.30992295975623707,-0.08548617371539446
0.30996250440376394,-0.06128083787877525
0.3100020490512908,-0.03715204215614154
0.3100415936988176,-0.01309564491860371
0.3100811383463445,0.01089550275284612
0.31012068299387135,0.03929119981315754
0.3101602276413982,0.07057618144642763
0.3101997722889251,0.10177723086148927
0.31023931693645196,0.1328941658897831
0.3102788615839788,0.1506652570105924
0.31031840623150564,0.11216655789869723
0.3103579508790325,0.07348518955360905
0.3103974955265594,0.03467408985638709
0.31043704017408624,-0.004174451134678847
0.3104765848216131,-0.043060275828799455
0.31051612946914,-0.10592745736778397
0.31055567411666685,-0.17741226777146935
0.3105952187641937,-0.2489338924585942
0.3106347634117206,-0.32045852363672545
0.3106743080592474,-0.3919718159838821
0.31071385270677426,-0.46347295908697284
0.31075339735430113,-0.5347889281045166
0.310792942001828,-0.28047849970470295
0.31083248664935487,-0.6853134057779782
0.31087203129688173,-0.7242520033131825
0.3109115759444086,-0.713033012566382
0.3109511205919354,-0.7018267088622343
0.3109906652394623,-0.6906023617863157
0.31103020988698915,-0.679358687048504
0.311069754534516,-0.6676984263703325
0.3111092991820429,-0.6546553847984224
0.31114884382956975,-0.641588178938739
0.3111883884770966,-0.6358489419653672
0.3112279331246235,-0.6435917412890877
0.31126747777215036,-0.6629793575217064
0.31130702241967717,-0.682332851525481
0.31134656706720404,-0.7382735572414445
0.3113861117147309,-0.7978415139749746
0.3114256563622578,-0.857347463927919
0.31146520100978464,-0.9167542254309584
0.3115047456573115,-0.9415116805694632
0.3115442903048384,-0.9241792949034382
0.3115838349523652,-0.8725805515035372
0.31162337959989206,-0.8171857985727122
0.3116629242474189,-0.7617348070442551
0.3117024688949458,-0.7062273085554969
0.31174201354247266,-0.6770580020558423
0.31178155818999953,-0.6738327410678933
0.3118211028375264,-0.6729647518871991
0.31186064748505327,-0.7111041295376719
0.31190019213258013,-0.7377628890138759
0.31193973678010695,-0.7647670921390404
0.3119792814276338,-0.7918287428499315
0.3120188260751607,-0.8189401307590298
0.31205837072268755,-0.8460783069111137
0.3120979153702144,-0.8732069528778483
0.3121374600177413,-0.9003270913141588
0.31217700466526815,-0.927255047693353
0.31221654931279497,-0.954598303540422
0.31225609396032183,-0.9593845339235987
0.3122956386078487,-0.6431370675861938
0.31233518325537557,-0.6611244936414833
0.31237472790290244,-0.6791820850878825
0.3124142725504293,-0.7237876697446426
0.3124538171979562,-0.7896337664020177
0.31249336184548304,-0.8555810753657678
0.3125329064930099,-0.9216291828520848
0.3125724511405367,-0.9686555821825333
0.3126119957880636,-1.011252462108466
0.31265154043559046,-1.0539088857242334
0.3126910850831173,-1.0966257469449348
0.3127306297306442,-1.089444251002349
0.31277017437817106,-1.0499222039989906
0.31280971902569793,-1.0106712434826255
0.31284926367322474,-0.9715059134941937
0.3128888083207516,-0.967294006414412
0.3129283529682785,-1.003655640408926
0.31296789761580535,-0.8121614082936617
0.3130074422633322,-0.8166042206958144
0.3130469869108591,-0.8210024910868583
0.31308653155838595,-0.8253640608754775
0.3131260762059128,-0.8297061560322936
0.3131656208534397,-0.83404917001317
0.3132051655009665,-0.8383991106903821
0.31324471014849337,-0.8037182245615639
0.31328425479602023,-0.7636916971926349
0.3133237994435471,-0.7236802800059632
0.31336334409107397,-0.6836718908209756
0.31340288873860084,-0.6197765497462804
0.3134424333861277,-0.5478937025764088
0.3134819780336545,-0.497477241236572
0.3135215226811814,-0.4502504970348573
0.31356106732870825,-0.43461036383570306
0.3136006119762351,-0.45336357028444674
0.313640156623762,-0.4696595741499312
0.31367970127128886,-0.4581898300755993
0.3137192459188157,-0.4466157150968817
0.3137587905663426,-0.4348958240075289
0.31379833521386946,-0.42235776337335373
0.3138378798613963,-0.40863419769440945
0.31387742450892314,-0.40236891820982645
0.31391696915645,-0.39604861302528516
0.3139565138039769,-0.3901078259562887
0.31399605845150375,-0.3841173234620312
0.3140356030990306,-0.38227998253240436
0.3140751477465575,-0.39652931299370664
0.3141146923940843,-0.410675176380745
0.31415423704161116,-0.4383783740383853
0.31419378168913803,-0.48825486711167354
0.3142333263366649,-0.5381203263280998
0.31427287098419177,-0.5879570248083077
0.31431241563171863,-0.6245308552679907
0.3143519602792455,-0.6010740013764417
0.31439150492677237,-0.5798677499991403
0.31443104957429924,-0.5636085005836877
0.31447059422182605,-0.5474248592548419
0.3145101388693529,-0.5313289515884296
0.3145496835168798,-0.5152683044670754
0.31458922816440665,-0.49924239415910243
0.3146287728119335,-0.48325069752789584
0.3146683174594604,-0.5329636634629846
0.31470786210698726,-0.573982315905166
0.31474740675451407,-0.5853023849512784
0.31478695140204094,-0.5966318066344929
0.3148264960495678,-0.5602782033581821
0.3148660406970947,-0.5170890174591394
0.31490558534462154,-0.5061757254264458
0.3149451299921484,-0.5224787922769591
0.3149846746396753,-0.5386870321166564
0.31502421928720215,-0.5547752311749132
0.315063763934729,-0.5708557623105435
0.3151033085822558,-0.5868354585271991
0.3151428532297827,-0.6020883894795563
0.31518239787730956,-0.6114328282130419
0.31522194252483643,-0.6206307943511611
0.3152614871723633,-0.5866194661587318
0.31530103181989017,-0.5329042270226942
0.31534057646741703,-0.4791197639921059
0.31538012111494385,-0.42527225676521585
0.3154196657624707,-0.38505088059116144
0.3154592104099976,-0.35602323873299024
0.31549875505752445,-0.3582689836347468
0.3155382997050513,-0.3707983652153555
0.3155778443525782,-0.3835298501548241
0.31561738900010505,-0.3961221764302607
0.3156569336476319,-0.4088330004193015
0.3156964782951588,-0.43454196981652693
0.3157360229426856,-0.46538421733863533
0.31577556759021247,-0.5049620005698312
0.31581511223773934,-0.5290116804475868
0.3158546568852662,-0.5291599655810995
0.3158942015327931,-0.5293029154834841
0.31593374618031994,-0.5162331237238549
0.3159732908278468,-0.49746719697056285
0.3160128354753736,-0.47870798353382504
0.3160523801229005,-0.45996613368857187
0.31609192477042736,-0.44127833779348347
0.3161314694179542,-0.42262952477116933
0.3161710140654811,-0.4091447043860539
0.31621055871300796,-0.39910816679562
0.31625010336053483,-0.49420517282781873
0.3162896480080617,-0.6020948449923171
0.31632919265558856,-0.6192540958942248
0.3163687373031154,-0.611971251507379
0.31640828195064225,-0.604704518705109
0.3164478265981691,-0.5974254638378786
0.316487371245696,-0.5858530521211032
0.31652691589322285,-0.5704850110430737
0.3165664605407497,-0.555196126754236
0.3166060051882766,-0.5400160360235953
0.3166455498358034,-0.5249630005470083
0.31668509448333027,-0.5099134161695398
0.31672463913085713,-0.49483213981289076
0.316764183778384,-0.43945643121555555
0.31680372842591087,-0.36973311319765223
0.31684327307343774,-0.2999786695389517
0.3168828177209646,-0.2302039411107497
0.3169223623684915,-0.20870225798055753
0.31696190701601834,-0.2129920439693862
0.31700145166354515,-0.21718592316338725
0.317040996311072,-0.23484869684230958
0.3170805409585989,-0.25617704046302947
0.31712008560612576,-0.27753934960584825
0.3171596302536526,-0.29446386703727523
0.3171991749011795,-0.2584596642345769
0.31723871954870636,-0.22248426248693676
0.3172782641962332,-0.17157933737937192
0.31731780884376004,-0.1099826560745818
0.3173573534912869,-0.08092751200603754
0.3173968981388138,-0.06409867390437629
0.31743644278634064,-0.047298457252317405
0.3174759874338675,-0.03052167016261098
0.3175155320813944,-0.013681335386720228
0.31755507672892125,-0.04715531094890668
0.3175946213764481,-0.08076759408140788
0.31763416602397493,-0.1142947339050604
0.3176737106715018,-0.15402035852845053
0.31771325531902866,-0.15230574189824786
0.31775279996655553,-0.14412459705619263
0.3177923446140824,-0.13613918199498087
0.31783188926160927,-0.12833477104024205
0.31787143390913614,-0.12059264734354258
0.31791097855666295,-0.11291855998702705
0.3179505232041898,-0.10531357307805411
0.3179900678517167,-0.09777168464345198
0.31802961249924355,-0.08479463415311006
0.3180691571467704,-0.08066307159847863
0.3181087017942973,-0.0764609447956417
0.31814824644182416,-0.07213067570364107
0.318187791089351,-0.06767194094579043
0.3182273357368779,-0.06311246219084499
0.3182668803844047,-0.05855541186937785
0.3183064250319316,-0.05406083013046015
0.31834596967945844,-0.050363636124188815
0.3183855143269853,-0.08687615073670152
0.3184250589745122,-0.13626714363480197
0.31846460362203904,-0.1856916985786654
0.3185041482695659,-0.23508989448413953
0.3185436929170927,-0.1556839783374846
0.3185832375646196,-0.15731585774286838
0.31862278221214646,-0.10905953698707638
0.31866232685967333,-0.022501911325658597
0.3187018715072002,0.06351038960228106
0.31874141615472706,0.1496411319198332
0.31878096080225393,-0.1808634470479369
0.3188205054497808,-0.15866617243603542
0.31886005009730767,-0.13648258541517588
0.3188995947448345,-0.11431282249248831
0.31893913939236135,-0.09215702021200567
0.3189786840398882,-0.06999164964026505
0.3190182286874151,-0.047772433402347936
0.31905777333494195,-0.024952556081599297
0.3190973179824688,0.006706663659770129
0.3191368626299957,0.03829825454645874
0.3191764072775225,0.06979998614809091
0.31921595192504937,0.10121172270388268
0.31925549657257624,0.13253331453438655
0.3192950412201031,0.14749218578296652
0.31933458586762997,0.1375821387667262
0.31937413051515684,0.1276309698862237
0.3194136751626837,0.10697183739142524
0.3194532198102106,0.0759229564849111
0.31949276445773744,0.044832320952795435
0.31953230910526426,0.0137007975379273
0.3195718537527911,-0.01972417484037159
0.319611398400318,-0.05511700784800766
0.31965094304784486,-0.0905368873506962
0.31969048769537173,-0.125983806472739
0.3197300323428986,-0.16145775865339385
0.31976957699042546,-0.19695873764664285
0.3198091216379523,-0.23248673752146232
0.31984866628547914,-0.23078421038769026
0.319888210933006,-0.22296943264221358
0.3199277555805329,-0.1939389995793075
0.31996730022805975,-0.16406343384546318
0.3200068448755866,-0.13429750925873307
0.3200463895231135,-0.10400597111452026
0.32008593417064035,-0.07059710265482799
0.3201254788181672,-0.037292938903183526
0.32016502346569403,-0.004065146092391281
0.3202045681132209,0.029078560709493217
0.32024411276074777,0.06213813525120315
0.32028365740827464,0.09512041596091958
0.3203232020558015,0.12459450371544722
0.32036274670332837,0.14019402303933948
0.32040229135085524,0.15585675636018514
0.32044183599838205,0.17155987010868223
0.3204813806459089,0.18732213974267076
0.3205209252934358,0.19033286801470162
0.32056046994096266,0.17192855956393238
0.3206000145884895,0.1534960454036689
0.3206395592360164,0.13921371249250836
0.32067910388354326,0.12526956923271904
0.3207186485310701,0.11130061070830166
0.320758193178597,0.09787363577642605
0.3207977378261238,0.08370678431352196
0.3208372824736507,0.06973252744676284
0.32087682712117754,0.06238239763963893
0.3209163717687044,0.06576219866075839
0.3209559164162313,0.06934933190233039
0.32099546106375815,0.0731002474117961
0.321035005711285,0.23427409710510538
0.3210745503588118,0.08849925440291706
0.3211140950063387,-0.03720747464365015
0.32115363965386556,0.01145561093668146
0.32119318430139243,0.06027087810068732
0.3212327289489193,0.10914903213638727
0.32127227359644617,0.15808571301390728
0.32131181824397304,0.20707865482228804
0.3213513628914999,0.25548069307890575
0.32139090753902677,-0.09484269375397769
0.3214304521865536,-0.07270069264436607
0.32146999683408045,-0.08334475040598033
0.3215095414816073,-0.09807279088066867
0.3215490861291342,-0.11280616435929591
0.32158863077666106,-0.1275415458109057
0.3216281754241879,-0.1527019624203465
0.3216677200717148,-0.19214515149460176
0.3217072647192416,-0.23158798021778182
0.32174680936676847,-0.27103012945395744
0.32178635401429534,-0.30311352858327734
0.3218258986618222,-0.27892378135064266
0.3218654433093491,-0.2547482162041552
0.32190498795687594,-0.23056014729240015
0.3219445326044028,-0.21969503146372205
0.3219840772519297,-0.20891157975719654
0.32202362189945655,-0.19813180597364344
0.32206316654698336,-0.18743927269700045
0.3221027111945102,-0.17683255482104876
0.3221422558420371,-0.16622817836123538
0.32218180048956396,-0.17000422783617442
0.32222134513709083,-0.2215480054668344
0.3222608897846177,-0.26509432516610065
0.32230043443214457,-0.25068907578375477
0.3223399790796714,-0.23627608116788856
0.32237952372719825,-0.17497285524079054
0.3224190683747251,-0.11597778877876674
0.322458613022252,-0.11759462770376583
0.32249815766977885,-0.11928399579401461
0.3225377023173057,-0.12107860591425634
0.3225772469648326,-0.12292381577012712
0.32261679161235945,-0.12266335413324203
0.3226563362598863,-0.11746941627736884
0.32269588090741314,-0.10333405073232704
0.32273542555494,-0.06279516430189336
0.32277497020246687,-0.022255817088404406
0.32281451484999374,0.01828420606241732
0.3228540594975206,0.05891327391158896
0.3228936041450475,0.06386645395755952
0.32293314879257434,0.06360325886371765
0.32297269344010116,0.09986457382311453
0.323012238087628,0.15584194707123533
0.3230517827351549,0.21924709820787402
0.32309132738268176,0.3177707039886428
0.3231308720302086,0.38065936580676407
0.3231704166777355,0.39065855170251496
0.32320996132526236,0.40061018622669486
0.32324950597278923,0.4105140083102157
0.3232890506203161,0.42036975570062385
0.3233285952678429,0.43017716496249747
0.3233681399153698,0.4399938378528372
0.32340768456289665,0.43493832949081224
0.3234472292104235,0.4057703150869205
0.3234867738579504,0.39958960070657934
0.32352631850547725,0.4372206182392615
0.3235658631530041,0.4748755492510899
0.32360540780053093,0.5147885611431375
0.3236449524480578,0.55543254431067
0.32368449709558467,0.5706051263791512
0.32372404174311153,0.5362068710813492
0.3237635863906384,0.5176451882369841
0.32380313103816527,0.5314325064661718
0.32384267568569214,0.5450548146962362
0.323882220333219,0.5585139752805368
0.3239217649807459,0.5718342650596204
0.3239613096282727,0.5850391886300779
0.32400085427579955,0.5981965175810098
0.3240403989233264,0.6114799479753135
0.3240799435708533,0.662755736516508
0.32411948821838016,0.7137170834551076
0.324159032865907,0.740827215334459
0.3241985775134339,0.7680170116807403
0.3242381221609607,0.7952305853486843
0.3242776668084876,0.8224082374889825
0.32431721145601444,0.7670945701493244
0.3243567561035413,0.7083067361063211
0.3243963007510682,0.6495277093807372
0.32443584539859505,0.5907570476516879
0.3244753900461219,0.5548232173751346
0.3245149346936488,0.5405519870895814
0.32455447934117565,0.526232469489643
0.32459402398870246,0.5118645234867305
0.32463356863622933,0.4974735660392833
0.3246731132837562,0.4830648932199493
0.32471265793128307,0.46867624557383625
0.32475220257880993,0.48298882270511445
0.3247917472263368,0.5106737933161885
0.32483129187386367,0.5291032935479407
0.3248708365213905,0.5460103445210613
0.32491038116891735,0.5628679318495191
0.3249499258164442,0.5556506157545096
0.3249894704639711,0.5407976901696667
0.32502901511149795,0.5103913215360478
0.3250685597590248,0.4785487708519085
0.3251081044065517,0.44717138522904776
0.32514764905407856,0.4157849363717778
0.3251871937016054,0.38437309192442193
0.32522673834913224,0.3529070315975691
0.3252662829966591,0.3398514825593084
0.325305827644186,0.35984188522098925
0.32534537229171284,0.379781348808514
0.3253849169392397,0.3996906268370255
0.3254244615867666,0.4195553388753579
0.32546400623429345,0.46557481202261286
0.32550355088182026,0.5532332965492346
0.3255430955293471,0.6209286849605613
0.325582640176874,0.6812026540921368
0.32562218482440086,0.7252226507487958
0.32566172947192773,0.6891891839265147
0.3257012741194546,0.6531993315632549
0.32574081876698147,0.6372789100194938
0.32578036341450833,0.6223152895504249
0.3258199080620352,0.6074083821493002
0.325859452709562,0.5925327122188344
0.3258989973570889,0.5776883408521671
0.32593854200461575,0.5628753296406339
0.3259780866521426,0.5480937406735196
0.3260176312996695,0.5333358563480077
0.32605717594719635,0.5185632221480487
0.3260967205947232,0.5037757257636697
0.32613626524225003,0.48904636137014545
0.3261758098897769,0.48968992971114034
0.32621535453730377,0.5071068627255082
0.32625489918483064,0.5244608979699494
0.3262944438323575,0.5418482760455676
0.3263339884798844,0.5592388773992605
0.32637353312741124,0.5766547400077098
0.3264130777749381,0.5940959918089881
0.326452622422465,0.6067128085944056
0.3264921670699918,0.4683011498669005
0.32653171171751866,0.33976161611106726
0.3265712563650455,0.35245724185867644
0.3266108010125724,0.36515697291131044
0.32665034566009926,0.37786025418411295
0.32668989030762613,0.38246564052554266
0.326729434955153,0.3670328032818917
0.3267689796026798,0.35158691650401064
0.3268085242502067,0.31003459828768065
0.32684806889773355,0.24956241153044711
0.3268876135452604,0.1964821234479004
0.3269271581927873,0.1622157394656938
0.32696670284031415,0.1280398236731033
0.327006247487841,0.11836323314307418
0.3270457921353679,0.11906120081876814
0.32708533678289475,0.11979416552933397
0.32712488143042157,0.12056170345534412
0.32716442607794843,0.12170566749895606
0.3272039707254753,0.12290138094684622
0.32724351537300217,0.12326807609149792
0.32728306002052904,0.12032938387172898
0.3273226046680559,0.11742215188806693
0.3273621493155828,0.1145045646164462
0.3274016939631096,0.11127572511198025
0.32744123861063645,0.1098856715750891
0.3274807832581633,0.11172746363715103
0.3275203279056902,0.11355053482899713
0.32755987255321706,0.11498822067216796
0.3275994172007439,0.11651765426564076
0.3276389618482708,0.11814971389257867
0.32767850649579766,0.11990839979663903
0.32771805114332453,0.09243933621852563
0.32775759579085134,0.037325646039473526
0.3277971404383782,0.059632352372801734
0.3278366850859051,0.09433027663432281
0.32787622973343195,0.1403103795395193
0.3279157743809588,0.22202687626676365
0.3279553190284857,0.3037041620445642
0.32799486367601255,0.1886796225669718
0.32803440832353936,0.18459953827104325
0.32807395297106623,0.18053490783610293
0.3281134976185931,0.17631754693604051
0.32815304226611997,0.17184393705105538
0.32819258691364683,0.1670500720223469
0.3282321315611737,0.160287404777689
0.32827167620870057,0.1481724479241313
0.32831122085622744,0.13604853022214147
0.3283507655037543,0.12391423194281792
0.3283903101512811,0.11176813311229505
0.328429854798808,0.10019875392176836
0.32846939944633485,0.09174393323847152
0.3285089440938617,0.08322427473640293
0.3285484887413886,0.0746812620893893
0.32858803338891546,0.06612069391337538
0.3286275780364423,0.057542126807001104
0.32866712268396914,0.04891327331502637
0.328706667331496,0.06270657164545046
0.3287462119790229,0.0859593812085011
0.32878575662654974,0.10920453286052911
0.3288253012740766,0.15453387571629218
0.3288648459216035,0.19136541723685951
0.32890439056913034,0.2118250087994502
0.3289439352166572,0.23237165011422256
0.3289834798641841,0.25300525040339483
0.3290230245117109,0.27373678509724186
0.32906256915923776,0.28194244966125304
0.32910211380676463,0.25994999283062814
0.3291416584542915,0.25333831958130304
0.32918120310181836,0.2552639473630629
0.32922074774934523,0.25729343571937946
0.3292602923968721,0.25942701168983184
0.3292998370443989,0.26166490444401536
0.3293393816919258,0.2785758485820873
0.32937892633945265,0.29916650656728905
0.3294184709869795,0.3991068213328903
0.3294580156345064,0.5943447338070715
0.32949756028203325,0.7896223127535151
0.3295371049295601,0.39309713375736255
0.329576649577087,0.3946862038208714
0.32961619422461386,0.3962953606638875
0.32965573887214067,0.3979245774034563
0.32969528351966754,0.3963636456202142
0.3297348281671944,0.3898745691444425
0.3297743728147213,0.3833566240137971
0.32981391746224814,0.3768094150799115
0.329853462109775,0.37023254663605787
0.3298930067573019,0.35886303014933674
0.3299325514048287,0.3402313080505781
0.32997209605235556,0.3215513513082069
0.3300116406998824,0.30282271050136433
0.3300511853474093,0.28406486619291105
0.33009072999493616,0.25560222058218685
0.33013027464246303,0.21909299322927556
0.3301698192899899,0.19950505569583576
0.33020936393751676,0.1856492105230707
0.33024890858504363,0.1718666819184289
0.33028845323257044,0.15819399861284555
0.3303279978800973,0.14461760193701068
0.3303675425276242,0.1311378594512007
0.33040708717515105,0.11705578569323816
0.3304466318226779,0.09765175519880298
0.3304861764702048,0.07836566864816774
0.33052572111773165,0.05922924601527857
0.33056526576525846,0.03981164808539628
0.33060481041278533,0.02407483853289083
0.3306443550603122,0.020816340279782963
0.33068389970783907,0.017643311255865157
0.33072344435536594,0.014544203233478825
0.3307629890028928,0.011462630992458145
0.3308025336504197,0.0090089874510344
0.33084207829794654,0.009130969226325725
0.3308816229454734,0.009266559348438896
0.3309211675930002,0.009415305246050387
0.3309607122405271,0.00958783851503231
0.33100025688805396,0.009804179325247908
0.3310398015355808,0.010032304605151587
0.3310793461831077,0.018850973852834407
0.33111889083063456,0.07476195036141853
0.33115843547816143,0.13069875758526983
0.33119798012568824,0.1866560982517278
0.3312375247732151,0.24117415384719543
0.331277069420742,0.27288757698368116
0.33131661406826884,0.2862098738751895
0.3313561587157957,0.2994545165815685
0.3313957033633226,0.3126152616186362
0.33143524801084945,0.3256914457201443
0.3314747926583763,0.3386824037745555
0.3315143373059032,0.35162725963694985
0.33155388195343,0.3645658089050716
0.33159342660095686,0.3775033157667842
0.33163297124848373,0.39049800877244945
0.3316725158960106,0.3919992455542838
0.33171206054353747,0.39177207135007386
0.33175160519106434,0.3916022832686732
0.3317911498385912,0.3915354754074931
0.331830694486118,0.4072262808878264
0.3318702391336449,0.4477900621968125
0.33190978378117175,0.48845671599927787
0.3319493284286986,0.6529750615557237
0.3319888730762255,0.41237565212315896
0.33202841772375236,0.36609163515077725
0.3320679623712792,0.32446765369415775
0.3321075070188061,0.2828846976058612
0.33214705166633296,0.24135122864464087
0.33218659631385977,0.19990735774883195
0.33222614096138664,0.15858559447835407
0.3322656856089135,0.11738685173684438
0.3323052302564404,0.1011454296200851
0.33234477490396724,0.11029571573639352
0.3323843195514941,0.12203065586440065
0.332423864199021,0.13529086267829804
0.3324634088465478,0.1487146562694015
0.33250295349407466,0.16222741836244747
0.33254249814160153,0.17577907070888887
0.3325820427891284,0.19162347912944266
0.33262158743665526,0.21960159934060464
0.33266113208418213,0.24759205183332877
0.332700676731709,0.27567602523530077
0.33274022137923587,0.30351838522957486
0.33277976602676274,0.3314114034271798
0.33281931067428955,0.3593548522881864
0.3328588553218164,0.3822532978741835
0.3328983999693433,0.39787388568872384
0.33293794461687015,0.41354422653349676
0.332977489264397,0.423951338908517
0.3330170339119239,0.41352512702570365
0.33305657855945076,0.4030900927324872
0.33309612320697757,0.39264156035449904
0.33313566785450444,0.38217857942447253
0.3331752125020313,0.371664146348885
0.33321475714955817,0.36108486663700123
0.33325430179708504,0.32080455274804986
0.3332938464446119,0.27722034291565834
0.3333333910921388,0.2336521179696618
0.33337293573966564,0.1901508526404161
0.3334124803871925,0.1826156294562704
0.3334520250347193,0.2240900478574357
0.3334915696822462,0.277153034945421
0.33353111432977306,0.33038295505173654
0.3335706589772999,0.3830560284096105
0.3336102036248268,0.43566985086099574
0.33364974827235366,0.4882359692998772
0.33368929291988053,0.540754714679542
0.33372883756740734,0.3026460148434813
0.3337683822149342,0.35439662470609523
0.3338079268624611,0.406154846513731
0.33384747150998795,0.45794499704089464
0.3338870161575148,0.5097672291458739
0.3339265608050417,0.5298664181457449
0.33396610545256855,0.5426694005479566
0.3340056501000954,0.5327800631353492
0.3340451947476223,0.5149948967370248
0.3340847393951491,0.49726535230087254
0.33412428404267597,0.4795001015511273
0.33416382869020284,0.46353467656450853
0.3342033733377297,0.45493001790637155
0.33424291798525657,0.44628136402770746
0.33428246263278344,0.42904015340231627
0.3343220072803103,0.40464938910281223
0.3343615519278371,0.380214724406601
0.334401096575364,0.35573618904566384
0.33444064122289086,0.3299908735774997
0.3344801858704177,0.3028435618422769
0.3345197305179446,0.2756862775887363
0.33455927516547146,0.24851955239361168
0.3345988198129983,0.22127202179405892
0.3346383644605252,0.1939331835896736
0.33467790910805206,0.16655139336907254
0.3347174537555789,0.13916786370066347
0.33475699840310574,0.1276756190868591
0.3347965430506326,0.1239525400042325
0.3348360876981595,0.12026944903549897
0.33487563234568635,0.18303818010277162
0.3349151769932132,0.2528363951717978
0.3349547216407401,0.3241517479166234
0.3349942662882669,0.39873412366312255
0.33503381093579376,0.1739055785048036
0.33507335558332063,0.18424514342140963
0.3351129002308475,0.19455376961718507
0.33515244487837437,0.2048302617533393
0.33519198952590123,0.21509384333404835
0.3352315341734281,0.225360185024992
0.33527107882095497,0.2356753911663656
0.33531062346848184,0.24605438913206612
0.33535016811600865,0.21812509989881246
0.3353897127635355,0.18549909568214318
0.3354292574110624,0.14801733283955176
0.33546880205858925,0.10379944419072817
0.3355083467061161,0.0735102210573304
0.335547891353643,0.07050116417002705
0.33558743600116986,0.06753147665473325
0.33562698064869667,0.06456547852219074
0.33566652529622354,0.06160232981464997
0.3357060699437504,0.05855035563742916
0.3357456145912773,0.05540154273481601
0.33578515923880414,0.04368727242971282
0.335824703886331,0.02196234917546569
0.3358642485338579,0.00017367959097924768
0.33590379318138475,-0.0027200846456914007
0.3359433378289116,-8.397032113016678e-05
0.3359828824764384,0.002528049666457477
0.3360224271239653,0.0052744243644751165
0.33606197177149216,0.008175985965225507
0.33610151641901903,0.017613938455797395
0.3361410610665459,0.02206464221118143
0.33618060571407277,-0.0018885371358265957
0.33622015036159963,-0.02588652183247664
0.33625969500912645,-0.04728748236086311
0.3362992396566533,-0.06442185590345773
0.3363387843041802,-0.08161477308569776
0.33637832895170705,-0.09886599689734243
0.3364178735992339,-0.11590997231684153
0.3364574182467608,-0.10895592925298914
0.33649696289428765,-0.09141009112009879
0.3365365075418145,-0.07398148609272415
0.3365760521893414,-0.05672160422197248
0.3366155968368682,-0.03963070973580862
0.33665514148439507,-0.041468918580158665
0.33669468613192194,-0.07275795846023936
0.3367342307794488,-0.09559740657946403
0.3367737754269757,-0.040099618668810066
0.33681332007450254,0.015362887429962946
0.3368528647220294,-0.025777007912020977
0.3368924093695562,-0.03652153077831333
0.3369319540170831,-0.04719113245335382
0.33697149866460996,-0.057865724142074804
0.3370110433121368,-0.06854617828794218
0.3370505879596637,-0.07928429812242754
0.33709013260719056,-0.09014527943587769
0.33712967725471743,-0.101080676358964
0.3371692219022443,-0.11205683604008332
0.33720876654977117,-0.12305486160594459
0.337248311197298,-0.13407492671245436
0.33728785584482485,-0.14380533995251188
0.3373274004923517,-0.10972840997168465
0.3373669451398786,-0.08718606386500394
0.33740648978740545,-0.0645487311460835
0.3374460344349323,-0.04180692456698676
0.3374855790824592,-0.019022880156872368
0.337525123729986,-0.09136139034977209
0.33756466837751287,-0.17906905993994648
0.33760421302503973,-0.2573309540812021
0.3376437576725666,-0.24446031532712897
0.33768330232009347,-0.23155954490597708
0.33772284696762034,-0.2186573064415649
0.3377623916151472,-0.2050632752699686
0.3378019362626741,-0.17162334042355631
0.33784148091020094,-0.13821021360709818
0.33788102555772775,-0.10482366277330524
0.3379205702052546,-0.07148182925659086
0.3379601148527815,-0.03819666961650903
0.33799965950030836,-0.023759874685207016
0.3380392041478352,-0.05119481118027469
0.3380787487953621,-0.08710772046002369
0.33811829344288896,-0.12886568786812713
0.3381578380904158,-0.17059175959397344
0.33819738273794264,-0.1604202937178716
0.3382369273854695,-0.14225741973902561
0.3382764720329964,-0.12400971278360284
0.33831601668052325,-0.1058705520249692
0.3383555613280501,-0.09242532441939222
0.338395105975577,-0.08901310291967324
0.33843465062310385,-0.08567797720110093
0.3384741952706307,-0.08242166368116788
0.33851373991815753,-0.07924588069652039
0.3385532845656844,-0.07552428471704697
0.33859282921321127,-0.07182408325842182
0.33863237386073813,-0.0681465653536053
0.338671918508265,-0.0645367470593321
0.33871146315579187,-0.06091918183451828
0.33875100780331874,-0.0414383890411365
0.33879055245084555,0.015315078361522794
0.3388300970983724,0.07172910569210877
0.3388696417458993,0.09367956808051403
0.33890918639342615,0.07307081012676164
0.338948731040953,0.052509913734917646
0.3389882756884799,0.031970385824680925
0.33902782033600676,0.011399281070795908
0.3390673649835336,-0.01060507459083837
0.3391069096310605,-0.03257195288745951
0.3391464542785873,-0.055102816129035226
0.3391859989261142,-0.09386170055067478
0.33922554357364104,-0.13258137189214914
0.3392650882211679,-0.17129032578744763
0.3393046328686948,-0.20998773364709944
0.33934417751622165,-0.21976728674091728
0.3393837221637485,-0.2255077874461815
0.3394232668112753,-0.2312277520139867
0.3394628114588022,-0.23692628780767233
0.33950235610632906,-0.24260250206690515
0.33954190075385593,-0.24824983062867112
0.3395814454013828,-0.25383787855038786
0.33962099004890967,-0.2594220663037978
0.33966053469643653,-0.2477860642074594
0.3397000793439634,-0.23222437152702113
0.33973962399149027,-0.26358389279663275
0.3397791686390171,-0.30080759896321485
0.33981871328654395,-0.3380740653361185
0.3398582579340708,-0.37538859223983767
0.3398978025815977,-0.41275167209583596
0.33993734722912455,-0.43128931103601786
0.3399768918766514,-0.4550076301913073
0.3400164365241783,-0.47887579265292946
0.3400559811717051,-0.5028396461377929
0.34009552581923197,-0.5267988435966808
0.34013507046675884,-0.5508308190800539
0.3401746151142857,-0.574935324716165
0.3402141597618126,-0.5991121143737335
0.34025370440933944,-0.591825491838601
0.3402932490568663,-0.6088060834979254
0.3403327937043932,-0.6617741967952089
0.34037233835192005,-0.7147614237256832
0.34041188299944686,-0.7677733090393346
0.3404514276469737,-0.8208097123895648
0.3404909722945006,-0.8738699513125807
0.34053051694202746,-0.5333038190102473
0.34057006158955433,-0.5157300205674549
0.3406096062370812,-0.49816270313805777
0.34064915088460807,-0.48061103662454574
0.3406886955321349,-0.46650299647165827
0.34072824017966175,-0.4734374753154835
0.3407677848271886,-0.4803847808917956
0.3408073294747155,-0.487582113157341
0.34084687412224235,-0.49456899072636684
0.3408864187697692,-0.49999638497135646
0.3409259634172961,-0.4064154921212717
0.34096550806482295,-0.312913193714877
0.3410050527123498,-0.2194642956684847
0.34104459735987663,-0.12754996673215402
0.3410841420074035,-0.035783756332274486
0.34112368665493037,-0.4178812504105496
0.34116323130245724,-0.43194071138600076
0.3412027759499841,-0.44604322887524095
0.341242320597511,-0.4601395251384961
0.34128186524503784,-0.47422309942631546
0.34132140989256465,-0.48651447193480113
0.3413609545400915,-0.4972920248477042
0.3414004991876184,-0.5080398741059318
0.34144004383514526,-0.5187465439680352
0.3414795884826721,-0.5294144985155338
0.341519133130199,-0.540011250946673
0.34155867777772586,-0.550536504737182
0.34159822242525273,-0.561074695611171
0.3416377670727796,-0.5822034278014687
0.3416773117203064,-0.60575720510412
0.3417168563678333,-0.6292598104610878
0.34175640101536015,-0.6527248386779778
0.341795945662887,-0.6743368411011561
0.3418354903104139,-0.6867132501548392
0.34187503495794075,-0.699084212761508
0.3419145796054676,-0.7114499975521973
0.34195412425299443,-0.7237891979106577
0.3419936689005213,-0.7360562640645734
0.34203321354804817,-0.748264436347645
0.34207275819557503,-0.760500247911855
0.3421123028431019,-0.7727281573922982
0.34215184749062877,-0.7850184213329463
0.34219139213815564,-0.8017720680165707
0.3422309367856825,-0.831999142032986
0.3422704814332094,-0.8621960857668123
0.3423100260807362,-0.8923626189683427
0.34234957072826305,-0.9224986137548186
0.3423891153757899,-0.9378129977114025
0.3424286600233168,-0.9475797669308559
0.34246820467084366,-0.9576016911055039
0.3425077493183705,-0.9676569355955422
0.3425472939658974,-0.9777435880760823
0.3425868386134242,-0.9878624986714382
0.3426263832609511,-0.9579265817982971
0.34266592790847794,-0.907788352401
0.3427054725560048,-0.8576223571190109
0.3427450172035317,-0.8071946810647432
0.34278456185105854,-0.7568596380178239
0.3428241064985854,-0.7607463284541742
0.3428636511461123,-0.7718640010331361
0.34290319579363915,-0.7830871223847673
0.34294274044116596,-0.7943368837715479
0.34298228508869283,-0.8056358944441859
0.3430218297362197,-0.8169841899956145
0.34306137438374656,-0.8283816039585714
0.34310091903127343,-0.8398279710758354
0.3431404636788003,-0.851323127299823
0.34318000832632717,-0.8628374135627901
0.343219552973854,-0.8534379685373521
0.34325909762138085,-0.8345498351469969
0.3432986422689077,-0.8156504289538846
0.3433381869164346,-0.7967349183794221
0.34337773156396145,-0.7778079663133095
0.3434172762114883,-0.7621217156243345
0.3434568208590152,-0.7477716071432106
0.34349636550654206,-0.7333015565226058
0.3435359101540689,-0.7187356185572984
0.34357545480159574,-0.23823955566911792
0.3436149994491226,-0.35597047186899733
0.3436545440966495,-0.4741062821239943
0.34369408874417634,-0.5922167827811418
0.3437336333917032,-0.7103026879135985
0.3437731780392301,-0.7953022252367274
0.34381272268675694,-0.776645923092679
0.34385226733428376,-0.7571845157711845
0.3438918119818106,-0.7377584833358641
0.3439313566293375,-0.7183330269083026
0.34397090127686436,-0.6989240376577346
0.34401044592439123,-0.6815278243800531
0.3440499905719181,-0.6701414009343267
0.34408953521944496,-0.6566046586038183
0.34412907986697183,-0.6425055261560839
0.3441686245144987,-0.6283075596109127
0.3442081691620255,-0.6140100967140674
0.3442477138095524,-0.5996468477253449
0.34428725845707925,-0.6359953049869471
0.3443268031046061,-0.6776405568499237
0.344366347752133,-0.7192132407239367
0.34440589239965985,-0.7463288146903304
0.3444454370471867,-0.7675631491452597
0.34448498169471353,-0.7335053143512393
0.3445245263422404,-0.6982901781228081
0.34456407098976727,-0.663068001767372
0.34460361563729414,-0.6591255430980203
0.344643160284821,-0.6691519968072699
0.34468270493234787,-0.6792155576423866
0.34472224957987474,-0.6892802388495554
0.3447617942274016,-0.6993344630676264
0.3448013388749285,-0.7093545167472675
0.3448408835224553,-0.7193377336133278
0.34488042816998216,-0.7283123495525787
0.344919972817509,-0.712669371059226
0.3449595174650359,-0.7074190742754656
0.34499906211256276,-0.702078319575282
0.34503860676008963,-0.696676492915711
0.3450781514076165,-0.6912638633296044
0.3451176960551433,-0.6858412178619275
0.3451572407026702,-0.6804093434096643
0.34519678535019704,-0.6842446391801928
0.3452363299977239,-0.7075665760761343
0.3452758746452508,-0.7309844119194331
0.34531541929277765,-0.46018183701048887
0.3453549639403045,-0.46663450349106306
0.3453945085878314,-0.46124342959338804
0.34543405323535825,-0.45455993314479315
0.34547359788288506,-0.44781609302857817
0.34551314253041193,-0.44103374246601756
0.3455526871779388,-0.4342036592893068
0.34559223182546567,-0.42732602254918994
0.34563177647299254,-0.42040101023911536
0.3456713211205194,-0.4134495167076935
0.34571086576804627,-0.40647918229787994
0.3457504104155731,-0.399489897496661
0.34578995506309995,-0.3970284187113817
0.3458294997106268,-0.39959655536034777
0.3458690443581537,-0.4021454101595543
0.34590858900568056,-0.41036479984344254
0.3459481336532074,-0.42019737709221605
0.3459876783007343,-0.4300523969286507
0.34602722294826116,-0.4399308994850415
0.346066767595788,-0.4498333074895031
0.34610631224331484,-0.45788250179485956
0.3461458568908417,-0.45661344283310434
0.3461854015383686,-0.45536955962153325
0.34622494618589544,-0.4541467371979149
0.3462644908334223,-0.4527193602334769
0.3463040354809492,-0.44407244743894836
0.34634358012847605,-0.4264596145556885
0.34638312477600286,-0.40882876404934
0.3464226694235297,-0.3911805758453557
0.3464622140710566,-0.3735035171926704
0.34650175871858346,-0.35701748331268934
0.34654130336611033,-0.34507261841814785
0.3465808480136372,-0.32034152595307397
0.34662039266116407,-0.256982170181673
0.34665993730869094,-0.1935728508073158
0.3466994819562178,-0.12974885112874368
0.3467390266037446,-0.06557429711349005
0.3467785712512715,-0.0014124024806738689
0.34681811589879835,-0.2945712742159152
0.3468576605463252,-0.26859317543312766
0.3468972051938521,-0.24290261022265902
0.34693674984137896,-0.21721949339043078
0.3469762944889058,-0.1915442502247453
0.34701583913643264,-0.16587563256250526
0.3470553837839595,-0.14020865133446225
0.34709492843148637,-0.1149133471392707
0.34713447307901324,-0.11733708420709199
0.3471740177265401,-0.12545128315259113
0.347213562374067,-0.1335701242627021
0.34725310702159384,-0.14169851680678658
0.3472926516691207,-0.14983651853280744
0.3473321963166476,-0.15389383547593116
0.3473717409641744,-0.15692845059522753
0.34741128561170126,-0.15997284859011263
0.3474508302592281,-0.163027087508266
0.347490374906755,-0.16604709007379892
0.34752991955428186,-0.16899082503381546
0.34756946420180873,-0.17197043580623728
0.3476090088493356,-0.1737543749124315
0.3476485534968624,-0.17326526113709928
0.3476880981443893,-0.17613673421305265
0.34772764279191615,-0.19042043881854553
0.347767187439443,-0.20454911028935285
0.3478067320869699,-0.21868827934947088
0.34784627673449675,-0.23284012919635
0.3478858213820236,-0.24700537312957405
0.3479253660295505,-0.26118388030792783
0.34796491067707735,-0.27537552000606524
0.34800445532460417,-0.27821892893881106
0.34804399997213104,-0.2335704638329208
0.3480835446196579,-0.18892293066043564
0.34812308926718477,-0.14427608254432922
0.34816263391471164,-0.09962967249131882
0.3482021785622385,-0.05736888364023862
0.3482417232097654,-0.04576474294577615
0.3482812678572922,-0.034203015544185256
0.34832081250481906,-0.022708145213415243
0.3483603571523459,-0.011279320491967226
0.3483999017998728,8.42688390489954e-05
0.34843944644739966,-0.009952225183929464
0.3484789910949265,-0.03561810240008523
0.3485185357424534,-0.06131699841748084
0.34855808038998026,-0.08704937969454907
0.34859762503750713,-0.10635308296999924
0.34863716968503394,-0.08749235716674164
0.3486767143325608,-0.05365209621416156
0.3487162589800877,-0.019842863829891755
0.34875580362761455,0.013997476172356471
0.3487953482751414,0.04786786560952638
0.3488348929226683,0.07925747187461596
0.34887443757019515,0.10856813106390373
0.34891398221772196,0.13794815244443548
0.34895352686524883,0.1673743569555617
0.3489930715127757,0.19681779678244382
0.34903261616030257,0.22627809164603097
0.34907216080782943,0.25575486181274076
0.3491117054553563,0.2852257658567412
0.34915125010288317,0.313739800907352
0.34919079475041004,0.3267939210269182
0.3492303393979369,0.3360520975403194
0.3492698840454637,0.3450279059388883
0.3493094286929906,0.3545675822626704
0.34934897334051745,0.3640770478870383
0.3493885179880443,0.37355638532959023
0.3494280626355712,0.3829965623090903
0.34946760728309806,0.3909614934212904
0.3495071519306249,0.3965162999838361
0.34954669657815174,0.4020426415244911
0.3495862412256786,0.4075408343913045
0.3496257858732055,0.4130111946333761
0.34966533052073234,0.4147385490871205
0.3497048751682592,0.41609872992446295
0.3497444198157861,0.4174692633168062
0.34978396446331295,0.41886908838090964
0.3498235091108398,0.4202983237657971
0.3498630537583667,0.4208822019354743
0.3499025984058935,0.43159651178530556
0.34994214305342036,0.44406846785640575
0.34998168770094723,0.45694976400283327
0.3500212323484741,0.4695480343155225
0.35006077699600097,0.48186637575833213
0.35010032164352783,0.4756899872099032
0.3501398662910547,0.46901553841845
0.3501794109385815,0.4610222971157034
0.3502189555861084,0.4409819712979326
0.35025850023363525,0.44618326457445345
0.3502980448811621,0.47218196764563647
0.350337589528689,0.5379779154872715
0.35037713417621585,0.6038362369171448
0.3504166788237427,0.6697381591860943
0.3504562234712696,0.7352061165506614
0.35049576811879646,0.7936956735140539
0.35053531276632327,0.8150940432991929
0.35057485741385014,0.8364834286164742
0.350614402061377,0.8578332886560371
0.3506539467089039,0.8791440043355889
0.35069349135643074,0.900415955844653
0.3507330360039576,0.9216495226447075
0.3507725806514845,0.9428517367137452
0.3508121252990113,0.9309243995412411
0.35085166994653816,0.9000543593655541
0.350891214594065,0.8691207685170239
0.3509307592415919,0.8240452482579057
0.35097030388911876,0.774260235703939
0.35100984853664563,0.7380958889177247
0.3510493931841725,0.7315813041226518
0.35108893783169937,0.7250626658679087
0.35112848247922623,0.7185395641632812
0.35116802712675305,0.7120040884749157
0.3512075717742799,0.7054385609423877
0.3512471164218068,0.6988428207924002
0.35128666106933365,0.6922167068128164
0.3513262057168605,0.68614249435453
0.3513657503643874,0.6810514259188283
0.35140529501191425,0.6759294973845522
0.35144483965944107,0.6707939362292654
0.35148438430696793,0.6656464037563978
0.3515239289544948,0.6698917528284687
0.35156347360202167,0.7043943947273741
0.35160301824954854,0.7388599374837739
0.3516425628970754,0.773284940451715
0.3516821075446023,0.80772868493594
0.35172165219212914,0.841999343909456
0.351761196839656,0.7909258999910529
0.3518007414871828,0.7080467733121827
0.3518402861347097,0.625303560803462
0.35187983078223656,0.6292984258579697
0.3519193754297634,0.638843902220037
0.3519589200772903,0.6484557601385355
0.35199846472481716,0.6581344947644894
0.35203800937234403,0.6678806027984665
0.35207755401987084,0.6776571457899587
0.3521170986673977,0.687426116754807
0.3521566433149246,0.7377872701588473
0.35219618796245145,0.7985798152556907
0.3522357326099783,0.8577878169369413
0.3522752772575052,0.9169695981816579
0.35231482190503205,0.9761249686350055
0.3523543665525589,0.7383756805909591
0.3523939112000858,0.7436317537668495
0.3524334558476126,0.7488608463987694
0.35247300049513947,0.7675126525596356
0.35251254514266633,0.7914998783515106
0.3525520897901932,0.8154581927960018
0.35259163443772007,0.839394510902923
0.35263117908524694,0.8633166703771629
0.3526707237327738,0.887235065365255
0.3527102683803006,0.9111491533528708
0.3527498130278275,0.9350664011312082
0.35278935767535435,0.9611433556743973
0.3528289023228812,0.9916000220497594
0.3528684469704081,1.0195994556773975
0.35290799161793496,1.0476072807381964
0.3529475362654618,1.075623606519578
0.3529870809129887,1.103648542825125
0.35302662556051556,1.13170846026029
0.3530661702080424,1.159803044077325
0.35310571485556924,1.187933146527354
0.3531452595030961,1.21609962087446
0.353184804150623,1.2442491969845424
0.35322434879814985,1.2739787102346263
0.3532638934456767,1.4014915861861743
0.3533034380932036,1.528971082064671
0.3533429827407304,1.1735361237541921
0.35338252738825726,1.1491133278005128
0.35342207203578413,1.124653091377481
0.353461616683311,1.1001540603053694
0.35350116133083787,1.0760529343709129
0.35354070597836473,1.0830337818401858
0.3535802506258916,1.091078428715048
0.35361979527341847,1.0990461178379283
0.35365933992094534,1.1068999578157337
0.35369888456847215,1.1146872576472928
0.353738429215999,1.12241902930755
0.3537779738635259,1.130129605780409
0.35381751851105275,1.1378313568931793
0.3538570631585796,1.1367806506351315
0.3538966078061065,1.1347822459865453
0.35393615245363336,1.1328126020715708
0.35397569710116017,1.1227258475259099
0.35401524174868704,1.108545796744104
0.3540547863962139,1.0944443260106755
0.3540943310437408,1.080391120616893
0.35413387569126764,1.0663862570613603
0.3541734203387945,1.0524298132737995
0.3542129649863214,1.038523861452135
0.35425250963384824,1.021069981106109
0.3542920542813751,1.001111498244743
0.3543315989289019,0.9812049624423596
0.3543711435764288,0.9613500742854502
0.35441068822395566,0.9415469771278548
0.35445023287148253,0.9217480504839699
0.3544897775190094,0.9019537394124306
0.35452932216653626,0.8821335684664904
0.35456886681406313,0.8784531599603662
0.35460841146158995,0.8854334743795329
0.3546479561091168,0.8922580477961164
0.3546875007566437,0.8989158844654748
0.35472704540417055,0.9054041779860045
0.3547665900516974,0.9117174588671784
0.3548061346992243,0.9191589777654805
0.35484567934675115,0.9490173994072366
0.354885223994278,0.9788100232930255
0.3549247686418049,1.0085718719588996
0.3549643132893317,1.0383053317275293
0.35500385793685857,1.0680102612878288
0.35504340258438544,1.0976865191121492
0.3550829472319123,1.1273339634560493
0.3551224918794392,1.1397299873760662
0.35516203652696604,1.1407691487192189
0.3552015811744929,1.1418525657684784
0.3552411258220197,1.1429909941400664
0.3552806704695466,1.1441631518916333
0.35532021511707346,1.1453284947322837
0.3553597597646003,1.1464871016831886
0.3553993044121272,1.1476390519357365
0.35543884905965406,1.148209067227108
0.35547839370718093,1.1006789097086465
0.3555179383547078,1.0531606913645444
0.35555748300223466,1.0268354774388904
0.3555970276497615,1.0010148337111806
0.35563657229728834,0.9752091546218615
0.3556761169448152,0.9628040113218876
0.3557156615923421,0.9547808680712357
0.35575520623986895,0.9466960907392821
0.3557947508873958,0.9385501457121519
0.3558342955349227,0.9303434984109353
0.3558738401824495,0.9220667900005797
0.35591338482997636,0.9137686281595458
0.35595292947750323,0.9054933215910079
0.3559924741250301,0.8780648459338813
0.35603201877255697,0.8490682571888071
0.35607156342008384,0.8201109781724885
0.3561111080676107,0.7911930864979446
0.3561506527151376,0.7623146607842388
0.35619019736266444,0.9112424333177067
0.35622974201019125,0.6250941425709762
0.3562692866577181,0.338931713505608
0.356308831305245,0.3072464877234795
0.35634837595277186,0.25569659460488126
0.3563879206002987,0.204077422532853
0.3564274652478256,0.15241734356995007
0.35646700989535246,0.10076098159771885
0.3565065545428793,0.04909632499036665
0.35654609919040614,-0.002694120855647242
0.356585643837933,-0.054608383199627575
0.3566251884854599,-0.08396752244716854
0.35666473313298674,-0.06232594915435907
0.3567042777805136,-0.0407000167107352
0.3567438224280405,-0.01908932567326982
0.35678336707556735,0.00250780937210493
0.3568229117230942,0.005132553349885605
0.35686245637062103,-0.024506675428199287
0.3569020010181479,-0.054150002346513126
0.35694154566567476,-0.07352127716270118
0.35698109031320163,-0.0802462424997703
0.3570206349607285,-0.08697440153181901
0.35706017960825537,-0.09370029872259344
0.35709972425578224,-0.10047612991781119
0.35713926890330905,-0.09461554942518458
0.3571788135508359,-0.07466547820849279
0.3572183581983628,-0.05473987759562249
0.35725790284588965,-0.034839252693664946
0.3572974474934165,-0.014806196711755426
0.3573369921409434,0.005352517934981371
0.35737653678847026,0.025616272429854092
0.3574160814359971,0.045848990307574056
0.357455626083524,0.06605056564021883
0.3574951707310508,0.06730966448271047
0.35753471537857767,0.04600928594797882
0.35757426002610454,0.024646362850433867
0.3576138046736314,0.0032204774434854144
0.3576533493211583,-0.01826878914333463
0.35769289396868514,-0.0521316495933597
0.357732438616212,-0.0943475750171121
0.3577719832637388,-0.136599815409717
0.3578115279112657,-0.1931873567264244
0.35785107255879256,-0.2537041806459488
0.35789061720631943,-0.314168613009878
0.3579301618538463,-0.3402480703688342
0.35796970650137316,-0.3454194975388365
0.35800925114890003,-0.35061852827086515
0.3580487957964269,-0.35584548094804447
0.35808834044395377,-0.361100674377707
0.3581278850914806,-0.34791005779115736
0.35816742973900745,-0.32307562757973596
0.3582069743865343,-0.29824786994179675
0.3582465190340612,-0.2734282310390421
0.35828606368158805,-0.24862386137640335
0.3583256083291149,-0.22383477479651948
0.3583651529766418,-0.22587707750346997
0.3584046976241686,-0.22856409509935904
0.35844424227169547,-0.26119915911602565
0.35848378691922234,-0.24336689782355503
0.3585233315667492,-0.22551389399956268
0.35856287621427607,-0.20769718223694777
0.35860242086180294,-0.18991765806525152
0.3586419655093298,-0.17162563015748855
0.3586815101568567,-0.11433072896579777
0.35872105480438354,-0.057049066380441715
0.35876059945191036,-0.016602362306892715
0.3588001440994372,-0.005304636364827253
0.3588396887469641,0.005984010434633369
0.35887923339449096,0.01726426142559845
0.3589187780420178,0.02853770652853882
0.3589583226895447,0.0398295825827617
0.35899786733707156,0.03115733680695154
0.3590374119845984,0.0030776268140311203
0.35907695663212524,-0.02496644092741196
0.3591165012796521,-0.053077326212370934
0.359156045927179,-0.08126013302312263
0.35919559057470585,-0.10951396770171051
0.3592351352222327,-0.1378379379776078
0.3592746798697596,-0.1662311529676801
0.35931422451728645,-0.1908929090444378
0.3593537691648133,-0.19519322221842028
0.35939331381234013,-0.19950109726551624
0.359432858459867,-0.20413084932192138
0.35947240310739387,-0.209510522676446
0.35951194775492074,-0.21487313865551805
0.3595514924024476,-0.22020914741944075
0.35959103704997447,-0.22551768917496862
0.35963058169750134,-0.2307979035479315
0.35967012634502815,-0.23604892958322488
0.359709670992555,-0.24129661652304701
0.3597492156400819,-0.27541559298139084
0.35978876028760876,-0.3477940410016682
0.3598283049351356,-0.3842138947638265
0.3598678495826625,-0.35688328985034357
0.35990739423018936,-0.3948281349247065
0.3599469388777162,-0.4327554428636802
0.3599864835252431,-0.4706646042087339
0.3600260281727699,-0.5086025494077884
0.3600655728202968,-0.5465326384723506
0.36010511746782364,-0.5844001503576619
0.3601446621153505,-0.622204045161963
0.3601842067628774,-0.6597460570937743
0.36022375141040425,-0.6971734188713965
0.3602632960579311,-0.7344744811739377
0.3603028407054579,-0.7664456302598017
0.3603423853529848,-0.7937767217993157
0.36038193000051166,-0.8210937299836116
0.36042147464803853,-0.848404938037512
0.3604610192955654,-0.8757274644009891
0.36050056394309227,-0.8993575345681819
0.36054010859061913,-0.9147404877783654
0.360579653238146,-0.9301033311846778
0.36061919788567287,-0.9454460441297625
0.3606587425331997,-0.9607706812895369
0.36069828718072655,-0.9762273394205714
0.3607378318282534,-0.9918178977991854
0.3607773764757803,-0.9902715068604566
0.36081692112330715,-0.9882083646886599
0.360856465770834,-0.9862811723682219
0.3608960104183609,-0.9837771199196101
0.3609355550658877,-0.9870822383883535
0.36097509971341457,-1.0059952154484257
0.36101464436094144,-1.0248794047228165
0.3610541890084683,-1.0437325123178098
0.3610937336559952,-1.0625542350572132
0.36113327830352204,-1.0813467661652822
0.3611728229510489,-1.099943879432396
0.3612123675985758,-1.1253512526313383
0.36125191224610265,-1.1526985439301862
0.36129145689362946,-1.1594525861901914
0.3613310015411563,-1.1590281675848804
0.3613705461886832,-1.1586443849704589
0.36141009083621006,-1.1436136808422663
0.36144963548373693,-1.1124703457912508
0.3614891801312638,-1.0813453733370908
0.36152872477879067,-1.0589490129734713
0.3615682694263175,-1.0573525991609793
0.36160781407384435,-1.0557884541000728
0.3616473587213712,-1.053751465810226
0.3616869033688981,-1.0517295282430625
0.36172644801642495,-1.0497220679547148
0.3617659926639518,-1.0654200464364996
0.3618055373114787,-1.0825460149251471
0.36184508195900555,-1.0996847422872529
0.3618846266065324,-1.092996451491988
0.36192417125405923,-1.085844903379443
0.3619637159015861,-1.0786977602978611
0.36200326054911297,-1.0715332170569356
0.36204280519663984,-1.0643517112770944
0.3620823498441667,-1.0568535093891809
0.3621218944916936,-1.0491369406801567
0.36216143913922044,-1.0414231766717155
0.36220098378674725,-1.033719927775234
0.3622405284342741,-1.0260262607041382
0.362280073081801,-1.01759292748498
0.36231961772932786,-1.0073363354710265
0.3623591623768547,-0.9970876961343391
0.3623987070243816,-0.9869069003825146
0.36243825167190846,-0.9768244339866206
0.36247779631943533,-0.9668406625445805
0.3625173409669622,-0.7633188894242444
0.362556885614489,-0.7751375158396554
0.3625964302620159,-0.7869658656054614
0.36263597490954275,-0.7987929231153732
0.3626755195570696,-0.8106182295990783
0.3627150642045965,-0.8224413264806527
0.36275460885212335,-0.8493701360691572
0.3627941534996502,-0.8764072964391065
0.36283369814717703,-0.9034159917160656
0.3628732427947039,-0.9303960155398805
0.36291278744223077,-0.9573471612394835
0.36295233208975763,-0.979566139816467
0.3629918767372845,-0.9864650662213164
0.36303142138481137,-0.9933805680982042
0.36307096603233824,-0.9527906985668224
0.3631105106798651,-0.908132242654049
0.363150055327392,-0.8634911108989849
0.3631895999749188,-0.8188151594287127
0.36322914462244565,-0.7740892733513007
0.3632686892699725,-0.7293142478544299
0.3633082339174994,-0.6844908773567271
0.36334777856502626,-0.6403222801862238
0.3633873232125531,-0.5959143447444708
0.36342686786008,-0.8533934833268999
0.3634664125076068,-0.8248383650181825
0.3635059571551337,-0.7960938760365508
0.36354550180266054,-0.7672081094416665
0.3635850464501874,-0.7383360372098116
0.3636245910977143,-0.7095093138622302
0.36366413574524115,-0.68073519272148
0.363703680392768,-0.6520136126719303
0.3637432250402949,-0.6333765268712472
0.36378276968782175,-0.6238633134868321
0.36382231433534856,-0.6143904351550749
0.36386185898287543,-0.6049608185146065
0.3639014036304023,-0.5955750194876392
0.36394094827792917,-0.5862329022307033
0.36398049292545603,-0.5769343319844529
0.3640200375729829,-0.5676791750736152
0.36405958222050977,-0.5436480440943905
0.3640991268680366,-0.916394077364961
0.36413867151556345,-0.8844609964966725
0.3641782161630903,-0.8525160587296376
0.3642177608106172,-0.8205675345220129
0.36425730545814405,-0.7886979046640041
0.3642968501056709,-0.7569089367144608
0.3643363947531978,-0.7247428668507707
0.36437593940072466,-0.6928726048130605
0.3644154840482515,-0.6911434894368513
0.36445502869577834,-0.6986796165209439
0.3644945733433052,-0.7061956410672643
0.3645341179908321,-0.7136912649666138
0.36457366263835894,-0.721166190094233
0.3646132072858858,-0.7286201183100793
0.3646527519334127,-0.7075500870841047
0.36469229658093955,-0.6785064778973986
0.36473184122846636,-0.6493688434715246
0.3647713858759932,-0.6208793851087968
0.3648109305235201,-0.593265286043434
0.36485047517104696,-0.5655598391333587
0.36489001981857383,-0.5382711286220534
0.3649295644661007,-0.5109572140433034
0.36496910911362757,-0.48360431226862044
0.36500865376115443,-0.45619368473084254
0.3650481984086813,-0.4287282168095059
0.3650877430562081,-0.41631536816178283
0.365127287703735,-0.4080139794115265
0.36516683235126185,-0.39860181546593854
0.3652063769987887,-0.3891840985650292
0.3652459216463156,-0.3797609201327665
0.36528546629384245,-0.36494888586440677
0.3653250109413693,-0.34299704804032416
0.36536455558889613,-0.32104002421395705
0.365404100236423,-0.2990779066473701
0.36544364488394987,-0.2909916619837585
0.36548318953147674,-0.28804100083965967
0.3655227341790036,-0.285089975915251
0.3655622788265305,-0.28213438548848835
0.36560182347405734,-0.27916657272336565
0.3656413681215842,-0.27618211811005633
0.3656809127691111,-0.2691141603378897
0.3657204574166379,-0.2573581146217707
0.36576000206416476,-0.24988766606651325
0.3657995467116916,-0.24294715628299546
0.3658390913592185,-0.23597171026130237
0.36587863600674536,-0.22896403615867733
0.36591818065427223,-0.22193812427191872
0.3659577253017991,-0.21489402028180837
0.3659972699493259,-0.20970059096947402
0.3660368145968528,-0.20570324943628737
0.36607635924437965,-0.20172956762917948
0.3661159038919065,-0.18337000650885393
0.3661554485394334,-0.1540181871528148
0.36619499318696025,-0.12470331968488058
0.3662345378344871,-0.09542537741189783
0.366274082482014,-0.06617852319338002
0.36631362712954085,-0.04622287798187674
0.36635317177706767,-0.060046710113613955
0.36639271642459453,-0.07590902862684601
0.3664322610721214,-0.09187220485063108
0.36647180571964827,-0.10793754215234763
0.36651135036717514,-0.12410625439669509
0.366550895014702,-0.14037906957680857
0.3665904396622289,0.0499034642439824
0.3666299843097557,0.2473458808537936
0.36666952895728255,0.061943544980844756
0.3667090736048094,0.06235682900545747
0.3667486182523363,0.06250816295501682
0.36678816289986316,0.06264229975127922
0.36682770754739,0.06275883411480176
0.3668672521949169,0.06285791793730411
0.36690679684244376,0.06270955879181805
0.36694634148997063,0.062401836580566084
0.36698588613749744,0.06212673754836917
0.3670254307850243,0.06186409742533616
0.3670649754325512,0.061602123956057575
0.36710452008007805,0.061335076549272394
0.3671440647276049,0.0610538876452944
0.3671836093751318,0.06074630316322693
0.36722315402265865,0.06041287656987038
0.36726269867018546,0.060060379454084156
0.36730224331771233,0.05970698588780543
0.3673417879652392,0.0618967074601402
0.36738133261276607,0.07809070089407832
0.36742087726029293,0.09427935294245327
0.3674604219078198,0.10013367725634748
0.36749996655534667,0.09484680895480135
0.36753951120287354,0.08957750876810433
0.3675790558504004,0.08432625028124008
0.3676186004979272,0.07756393481849777
0.3676581451454541,0.07026566115315358
0.36769768979298095,0.0630099617187998
0.3677372344405078,0.0558343306164053
0.3677767790880347,0.048721512098221176
0.36781632373556156,0.04159960787597061
0.3678558683830884,0.0344676031253659
0.36789541303061524,0.027324482394250893
0.3679349576781421,0.02016922960242873
0.367974502325669,0.012977839103516686
0.36801404697319584,0.005772474996422083
0.3680535916207227,-0.026262042338042413
0.3680931362682496,-0.07511206379697555
0.36813268091577644,-0.12402341092546454
0.3681722255633033,-0.17299562488214182
0.3682117702108302,-0.2219960846120559
0.368251314858357,-0.2405292482939645
0.36829085950588386,-0.23663891080304733
0.36833040415341073,-0.23267403282038934
0.3683699488009376,-0.22864417168396223
0.36840949344846446,-0.2246068051842638
0.36844903809599133,-0.22059434453633298
0.3684885827435182,-0.21635397688889402
0.368528127391045,-0.1702226375301059
0.3685676720385719,-0.12412091420986027
0.36860721668609875,-0.07804553382663748
0.3686467613336256,-0.03199372450300775
0.3686863059811525,0.014037939920491738
0.36872585062867935,0.05352647078473005
0.3687653952762062,0.07410179123542626
0.3688049399237331,0.09471252798880414
0.36884448457125996,0.11535758639717564
0.36888402921878677,0.13603587221125135
0.36892357386631364,0.15674771620513983
0.3689631185138405,0.1774812401261796
0.3690026631613674,0.19822486650702764
0.36904220780889424,0.21781680329561404
0.3690817524564211,0.2088207773381754
0.369121297103948,0.1998339806539544
0.3691608417514748,0.1908561221443117
0.36920038639900166,0.17578011422230855
0.3692399310465285,0.15920849974889073
0.3692794756940554,0.14264227796795836
0.36931902034158226,0.12604852288638746
0.36935856498910913,0.10942327968878551
0.369398109636636,0.09276561600495725
0.36943765428416286,0.07608137502432566
0.36947719893168973,0.05937138291014943
0.36951674357921654,0.055332944661986794
0.3695562882267434,0.06373853298450705
0.3695958328742703,0.07210192098663715
0.36963537752179715,0.080424913600325
0.369674922169324,0.08869280074086205
0.3697144668168509,0.09690330427157345
0.36975401146437775,0.3636806753797952
0.36979355611190456,0.16911927954676997
0.36983310075943143,-0.025439056531618043
0.3698726454069583,-0.17620086325608497
0.36991219005448517,-0.1474294436865229
0.36995173470201204,-0.11862485474210516
0.3699912793495389,-0.08965129744315092
0.37003082399706577,-0.060543867409977636
0.37007036864459264,-0.031350039665870355
0.3701099132921195,-0.0022126983259838084
0.3701494579396463,0.026866801768799853
0.3701890025871732,0.055887104497228
0.37022854723470006,-0.2348666727080051
0.3702680918822269,-0.21889180601576275
0.3703076365297538,-0.20291358681563043
0.37034718117728066,-0.21106579619482346
0.37038672582480753,-0.23726098743190516
0.37042627047233434,-0.2635210495308966
0.3704658151198612,-0.2898460086732273
0.3705053597673881,-0.3162358923465245
0.37054490441491494,-0.3382329885922326
0.3705844490624418,-0.3254401564130607
0.3706239937099687,-0.3126160056422007
0.37066353835749555,-0.2997496393860404
0.3707030830050224,-0.28681936083267257
0.3707426276525493,-0.27381748189503075
0.3707821723000761,-0.26076387465659945
0.37082171694760296,-0.24770272926005532
0.37086126159512983,-0.23463393671395139
0.3709008062426567,-0.2215573879544941
0.37094035089018357,-0.21349845392278244
0.37097989553771044,-0.21705021247898237
0.3710194401852373,-0.22058238566475463
0.3710589848327641,-0.2240949796061802
0.371098529480291,-0.22758710393226345
0.37113807412781785,-0.2310547444483495
0.3711776187753447,-0.23449800405284904
0.3712171634228716,-0.23791698524033933
0.37125670807039846,-0.24199438983010246
0.3712962527179253,-0.24720244729512686
0.3713357973654522,-0.25245379539117874
0.37137534201297906,-0.25777060234753346
0.37141488666050587,-0.24032865462510244
0.37145443130803274,-0.18264420299478967
0.3714939759555596,-0.12756540813007877
0.3715335206030865,-0.07242846902961286
0.37157306525061334,-0.017184304607081202
0.3716126098981402,0.038168482975487805
0.3716521545456671,0.05111287836471057
0.3716916991931939,0.05935960193298584
0.37173124384072076,0.0675775463831183
0.3717707884882476,0.07583430516306322
0.3718103331357745,0.08413505595375081
0.37184987778330136,0.0924790781285596
0.37188942243082823,0.10087993682270646
0.3719289670783551,0.1092897762809315
0.37196851172588197,0.11256228557250303
0.37200805637340884,0.11291991463439732
0.37204760102093565,0.11320101761903256
0.3720871456684625,0.1134045198287641
0.3721266903159894,0.11397688709716203
0.37216623496351625,0.11548086833063209
0.3722057796110431,0.131274368798314
0.37224532425857,0.1470529133377152
0.37228486890609686,0.1627453633547633
0.37232441355362367,0.17831033121922157
0.37236395820115054,0.19881305986485387
0.3724035028486774,0.21985659605147312
0.37244304749620427,0.24089265123482484
0.37248259214373114,0.26192052079701966
0.372522136791258,0.28293950000728074
0.3725616814387849,0.30394567962952834
0.37260122608631174,0.32493177145137153
0.3726407707338386,0.3327103497124284
0.3726803153813654,0.3366046166272376
0.3727198600288923,0.34048018757580767
0.37275940467641916,0.3443362965310426
0.372798949323946,0.3357753577344118
0.3728384939714729,0.32315260963835346
0.37287803861899976,0.31048188067798765
0.37291758326652663,0.2977663283581302
0.37295712791405344,0.28501066849471535
0.3729966725615803,0.2722117924363294
0.3730362172091072,0.27865717163819337
0.37307576185663405,0.31610654974963825
0.3731153065041609,0.35408833568071696
0.3731548511516878,0.3921086320115936
0.37319439579921465,0.4301255246406015
0.3732339404467415,0.46813212301225704
0.3732734850942684,0.5061291239938264
0.3733130297417952,0.5440703135446414
0.37335257438932207,0.5819542607330215
0.37339211903684894,0.5941626544044434
0.3734316636843758,0.5823176577448574
0.37347120833190267,0.5705244857288516
0.37351075297942954,0.5587822527493289
0.3735502976269564,0.5470900744089251
0.3735898422744832,0.5354166303304737
0.3736293869220101,0.5354163967601728
0.37366893156953696,0.5379995438502974
0.3737084762170638,0.5527592976586311
0.3737480208645907,0.605217441535709
0.37378756551211756,0.6577117142636535
0.3738271101596444,0.7056266073711059
0.3738666548071713,0.7263836587075874
0.37390619945469816,0.7471765466759726
0.373945744102225,0.7680056983156236
0.37398528874975184,0.7888733641315406
0.3740248333972787,0.8097848499033748
0.3740643780448056,0.8307439439172963
0.37410392269233245,0.8510346194188445
0.3741434673398593,0.8710739098470341
0.3741830119873862,0.8911545751337488
0.374222556634913,0.8792734080200209
0.37426210128243986,0.8673128553704954
0.37430164592996673,0.8506064919245961
0.3743411905774936,0.8207640570997317
0.37438073522502047,0.7909223847411795
0.37442027987254733,0.7610811137907616
0.3744598245200742,0.7312209663690501
0.37449936916760107,0.7012975998444686
0.37453891381512794,0.6713112864152322
0.37457845846265475,0.6412610120215572
0.3746180031101816,0.6111229561157119
0.3746575477577085,0.5868988332482212
0.37469709240523535,0.5859156935939991
0.3747366370527622,0.5865611070326295
0.3747761817002891,0.5872060511949746
0.37481572634781596,0.5878494502296592
0.37485527099534277,0.5884880689463712
0.37489481564286964,0.5891360066160107
0.3749343602903965,0.5898097544363106
0.3749739049379234,0.5905087998890668
0.37501344958545024,0.5912052125971945
0.3750529942329771,0.591228059079322
0.375092538880504,0.5912746710145846
0.37513208352803085,0.5913308412982223
0.3751716281755577,0.5913824852082934
0.3752111728230845,0.5985313285917293
0.3752507174706114,0.6111435057079531
0.37529026211813826,0.6238246140644428
0.37532980676566513,0.6365432440236081
0.375369351413192,0.6413139146066227
0.37540889606071887,0.6373449548549974
0.37544844070824573,0.6068472553608091
0.37548798535577255,0.5753390023426102
0.3755275300032994,0.5438252233405025
0.3755670746508263,0.5123059950453239
0.37560661929835315,0.4807813944400898
0.37564616394588,0.449250717467117
0.3756857085934069,0.44503825920472906
0.37572525324093375,0.44183605204677434
0.3757647978884606,0.45389153944980976
0.3758043425359875,0.4683176796937847
0.3758438871835143,0.48279170887517964
0.37588343183104117,0.4973138043713021
0.37592297647856804,0.5118841449115834
0.3759625211260949,0.5262189293731954
0.3760020657736218,0.5409493646054937
0.37604161042114864,0.5560816006216136
0.3760811550686755,0.5712402946377617
0.3761206997162023,0.559176880831683
0.3761602443637292,0.5381390175060066
0.37619978901125606,0.5171597663815852
0.3762393336587829,0.4962399932390529
0.3762788783063098,0.4753805652318812
0.37631842295383666,0.4545742977908427
0.37635796760136353,0.4354671756761048
0.3763975122488904,0.4214015037883865
0.37643705689641727,0.4072737116020697
0.3764766015439441,0.39308371804319897
0.37651614619147095,0.3789335374437872
0.3765556908389978,0.365723764862242
0.3765952354865247,0.3582940794989522
0.37663478013405155,0.3510176041779305
0.3766743247815784,0.3438936051070778
0.3767138694291053,0.3369280410833184
0.3767534140766321,0.3301050026098107
0.37679295872415897,0.3234231559817191
0.37683250337168583,0.32165938974427544
0.3768720480192127,0.3278380929023479
0.37691159266673957,0.3345598870718849
0.37695113731426644,0.34715486102433335
0.3769906819617933,0.3597740974929202
0.3770302266093202,0.3724166888674114
0.37706977125684704,0.39477373733089305
0.37710931590437385,0.3965371932957318
0.3771488605519007,0.39312994540710644
0.3771884051994276,0.389742428106409
0.37722794984695446,0.3863717629697341
0.3772674944944813,0.38301220204318653
0.3773070391420082,0.37969744056593235
0.37734658378953506,0.3764275529929586
0.3773861284370619,0.3732026149240042
0.37742567308458874,0.3700227031038965
0.3774652177321156,0.3669064526198831
0.3775047623796425,0.36387858751885105
0.37754430702716935,0.36094618695261094
0.3775838516746962,0.35899710180970157
0.3776233963222231,0.3586116514908939
0.37766294096974995,0.358323427677278
0.3777024856172768,0.3615186033533604
0.37774203026480363,0.3671813595786375
0.3777815749123305,0.37280538579281775
0.37782111955985737,0.37839115926251576
0.37786066420738423,0.38393915664540135
0.3779002088549111,0.38942201435804336
0.37793975350243797,0.3948223671414306
0.37797929814996484,0.4001402366024882
0.37801884279749165,0.40447633276050077
0.3780583874450185,0.4040389718236783
0.3780979320925454,0.4035618949224853
0.37813747674007225,0.40308511109203504
0.3781770213875991,0.40260955494395656
0.378216566035126,0.4021803459007325
0.37825611068265286,0.40434303088827583
0.3782956553301797,0.44408209154321465
0.3783351999777066,0.4837912225386196
0.3783747446252334,0.5234701108428519
0.3784142892727603,0.5205811586206348
0.37845383392028714,0.49901798360800065
0.378493378567814,0.4773477356764957
0.3785329232153409,0.4555950206597288
0.37857246786286775,0.4338032598798973
0.3786120125103946,0.41197238657740076
0.3786515571579214,0.3901023334324316
0.3786911018054483,0.3681930325647178
0.37873064645297516,0.3462444155340183
0.37877019110050203,0.33976586290514366
0.3788097357480289,0.33423815944361124
0.37884928039555577,0.32228821060234125
0.37888882504308263,0.27037350186800335
0.3789283696906095,0.21848069608085474
0.37896791433813637,0.1666103186560699
0.3790074589856632,0.11482330521036488
0.37904700363319005,0.06313074353720971
0.3790865482807169,0.011526715939579546
0.3791260929282438,0.3781938871823014
0.37916563757577065,0.3703817482398284
0.3792051822232975,0.3625763365620047
0.3792447268708244,0.3465255304445183
0.3792842715183512,0.32909907842393515
0.37932381616587807,0.3116803804995305
0.37936336081340494,0.29426943221879753
0.3794029054609318,0.27686520027201933
0.3794424501084587,0.2594655493493425
0.37948199475598554,0.2432381982130858
0.3795215394035124,0.22901776294574105
0.3795610840510393,0.21487266621864531
0.37960062869856614,0.20074098384292594
0.37964017334609296,0.1865275387825731
0.3796797179936198,0.17233070589950827
0.3797192626411467,0.1581514106625992
0.37975880728867356,0.1439905789991105
0.37979835193620043,0.1298491372944941
0.3798378965837273,0.1157280123925144
0.37987744123125416,0.10162813159530604
0.379916985878781,0.0875546673973302
0.37995653052630785,0.20569960434245882
0.3799960751738347,0.22590052604547495
0.3800356198213616,0.25362383464153915
0.38007516446888845,0.28141543533740876
0.3801147091164153,0.3092686722825748
0.3801542537639422,0.3371837942103779
0.38019379841146905,0.36004114476697247
0.3802333430589959,0.36839257766451183
0.38027288770652273,0.37674961137603447
0.3803124323540496,0.3851005609028215
0.38035197700157647,0.3941361182928098
0.38039152164910334,0.4028948669552772
0.3804310662966302,0.41138007202374904
0.3804706109441571,0.4191674129725387
0.38051015559168394,0.4266996433473498
0.38054970023921075,0.4342180730713485
0.3805892448867376,0.4417219080616892
0.3806287895342645,0.4492113259901185
0.38066833418179136,0.4566865040882391
0.3807078788293182,0.4641564195256507
0.3807474234768451,0.4716449086571721
0.38078696812437196,0.4791624070951537
0.38082651277189883,0.4881731981039934
0.3808660574194257,0.499143904623379
0.3809056020669525,0.5101329307777629
0.3809451467144794,0.6324828431605649
0.38098469136200624,0.8350999013828124
0.3810242360095331,1.0377510697165455
0.38106378065706,0.6650538533756043
0.38110332530458685,0.6297270783813795
0.3811428699521137,0.5943789720144457
0.38118241459964053,0.5590349208496947
0.3812219592471674,0.5236702868614049
0.38126150389469426,0.4882845085153953
0.38130104854222113,0.45289015586475934
0.381340593189748,0.4175181241678789
0.38138013783727487,0.382168293429328
0.38141968248480174,0.6847363010100551
0.3814592271323286,0.6632843920256555
0.3814987717798555,0.6418344386287123
0.3815383164273823,0.6204131943974156
0.38157786107490915,0.5990231409947038
0.381617405722436,0.5776625944486806
0.3816569503699629,0.5562941397175489
0.38169649501748976,0.5349171133592572
0.3817360396650166,0.5135315602657027
0.3817755843125435,0.49268073065826634
0.3818151289600703,0.4709707893222532
0.3818546736075972,0.44925200282871014
0.38189421825512404,0.4275358243835594
0.3819337629026509,0.40582711017018447
0.3819733075501778,0.38412097864698325
0.38201285219770464,0.36241360943677137
0.3820523968452315,0.3407038267213327
0.3820919414927584,0.3189888104452665
0.38213148614028525,0.29726847412554047
0.38217103078781206,0.2755427309312699
0.38221057543533893,0.2538114936833358
0.3822501200828658,0.23210048297211916
0.38228966473039266,0.211559545145251
0.38232920937791953,0.19539948997410939
0.3823687540254464,0.17929217544927756
0.38240829867297327,0.16323584317690365
0.3824478433205001,0.14722056716128584
0.38248738796802695,0.13124640245740427
0.3825269326155538,0.11533618089093789
0.3825664772630807,0.1151423688484412
0.38260602191060755,0.1161887558978254
0.3826455665581344,0.11730014711210046
0.3826851112056613,0.11847515812246723
0.38272465585318816,0.11970672051382891
0.382764200500715,0.12095092630678117
0.38280374514824184,0.12217768213201552
0.3828432897957687,0.12331587343455297
0.38288283444329557,0.12435915207236814
0.38292237909082244,0.12530726570865625
0.3829619237383493,0.1579824764449116
0.3830014683858762,0.19974783753049774
0.38304101303340304,0.2414204559517925
0.38308055768092986,0.2830304207442209
0.3831201023284567,0.3245801177159935
0.3831596469759836,0.3660689159541981
0.38319919162351046,0.3265557075816954
0.38323873627103733,0.33135084119320624
0.3832782809185642,0.33611232688419435
0.38331782556609106,0.3408397806878618
0.38335737021361793,0.3455403411641047
0.3833969148611448,0.3300538234081847
0.3834364595086716,0.30968714136446174
0.3834760041561985,0.28929263867224453
0.38351554880372535,0.2688849706729499
0.3835550934512522,0.2484774992069445
0.3835946380987791,0.22807004222980787
0.38363418274630595,0.20765948743877338
0.3836737273938328,0.18723421145691876
0.38371327204135963,0.16679417616805825
0.3837528166888865,0.14633934301583817
0.38379236133641337,0.12586967300410556
0.38383190598394024,0.10536290182061592
0.3838714506314671,0.08541697783636426
0.38391099527899397,0.06541386599794397
0.38395053992652084,0.038845669350742185
0.3839900845740477,0.011977390532904586
0.3840296292215746,-0.014948899162718021
0.3840691738691014,-0.041933433641110796
0.38410871851662826,0.237786113654896
0.3841482631641551,0.038110757429467235
0.384187807811682,-0.16155083079405141
0.38422735245920886,-0.31932974257618696
0.3842668971067357,-0.327118415271447
0.3843064417542626,-0.3348447597158648
0.3843459864017894,-0.34250906248660407
0.3843855310493163,-0.3501116091172509
0.38442507569684314,-0.318073970018693
0.38446462034437,-0.2608887403731339
0.3845041649918969,-0.20369836143231623
0.38454370963942375,-0.14650254514844896
0.3845832542869506,-0.08930065124190989
0.3846227989344775,-0.0320693378914525
0.38466234358200435,-0.314629470698752
0.38470188822953116,-0.3038655615115742
0.38474143287705803,-0.2931023441090925
0.3847809775245849,-0.2894041546676167
0.38482052217211177,-0.28787659734470594
0.38486006681963864,-0.28635981261560417
0.3848996114671655,-0.28489017304019004
0.38493915611469237,-0.2834691088191672
0.3849787007622192,-0.28209640444800854
0.38501824540974605,-0.28077184539661104
0.3850577900572729,-0.2795033337949082
0.3850973347047998,-0.2783014933796384
0.38513687935232666,-0.2771369803846673
0.3851764239998535,-0.2759766339325651
0.3852159686473804,-0.27480013663049885
0.38525551329490726,-0.2736001388009308
0.3852950579424341,-0.2753597910357044
0.38533460258996094,-0.2788414937298427
0.3853741472374878,-0.2823006607547889
0.3854136918850147,-0.2828578249066833
0.38545323653254154,-0.2788951340237471
0.3854927811800684,-0.27492405178679213
0.3855323258275953,-0.2709385154599486
0.38557187047512215,-0.26696255281719594
0.38561141512264896,-0.26299918954664836
0.3856509597701758,-0.25904852722739236
0.3856905044177027,-0.2551106676214303
0.38573004906522956,-0.25118571267346557
0.38576959371275643,-0.2548887594086304
0.3858091383602833,-0.2714873064253531
0.38584868300781017,-0.2887344862378223
0.38588822765533703,-0.3060292501823936
0.3859277723028639,-0.323388324892651
0.3859673169503907,-0.34081197690342346
0.3860068615979176,-0.35830047395369835
0.38604640624544445,-0.3732224132402937
0.3860859508929713,-0.3864888660065393
0.3861254955404982,-0.39974891805269674
0.38616504018802505,-0.46565090664627906
0.3862045848355519,-0.4801095844544303
0.38624412948307874,-0.4945547318554313
0.3862836741306056,-0.5089860512066675
0.38632321877813247,-0.523403244511865
0.38636276342565934,-0.5381167440707353
0.3864023080731862,-0.5531472990305115
0.3864418527207131,-0.550747837798581
0.38648139736823994,-0.5481880940446064
0.3865209420157668,-0.54565762042595
0.3865604866632937,-0.543156196500699
0.3866000313108205,-0.5406836022983059
0.38663957595834736,-0.5382396183199152
0.3866791206058742,-0.5358236164357741
0.3867186652534011,-0.5334350847405025
0.38675820990092796,-0.5310737981785216
0.38679775454845483,-0.5423129365451365
0.3868372991959817,-0.5616569021935822
0.3868768438435085,-0.5810008468801637
0.3869163884910354,-0.6056211718413618
0.38695593313856225,-0.6386029536856883
0.3869954777860891,-0.671602472374536
0.387035022433616,-0.7004528100525631
0.38707456708114285,-0.7174716818433602
0.3871141117286697,-0.7345117656389295
0.3871536563761966,-0.7515940951821225
0.38719320102372345,-0.7687188001936649
0.38723274567125027,-0.7858878903249682
0.38727229031877713,-0.8030924660627203
0.387311834966304,-0.8203320797969083
0.38735137961383087,-0.8376062845271539
0.38739092426135774,-0.8549123280095481
0.3874304689088846,-0.8688417859575521
0.3874700135564115,-0.8706841530113252
0.3875095582039383,-0.8472358893052716
0.38754910285146515,-0.8237630727621488
0.387588647498992,-0.8002657958964523
0.3876281921465189,-0.7767441506176933
0.38766773679404576,-0.7531982282302243
0.3877072814415726,-0.7296281194332641
0.3877468260890995,-0.7238452341698212
0.38778637073662636,-0.733668267923222
0.38782591538415323,-0.775760236369841
0.38786546003168004,-0.8177654099415381
0.3879050046792069,-0.8596832515117159
0.3879445493267338,-0.9015324565103437
0.38798409397426065,-0.9433138513506076
0.3880236386217875,-0.9850726210850294
0.3880631832693144,-0.9792686996250506
0.38810272791684125,-0.9693104464800602
0.38814227256436806,-0.9593630576315482
0.38818181721189493,-0.9494348268109496
0.3882213618594218,-0.9458052444671328
0.38826090650694867,-0.9442669461193853
0.38830045115447553,-0.9428273487388701
0.3883399958020024,-0.9414868821411542
0.38837954044952927,-0.9402459780546542
0.38841908509705614,-0.9391050701209567
0.388458629744583,-0.935453882726244
0.3884981743921098,-0.8928443744234915
0.3885377190396367,-0.8502713910447772
0.38857726368716355,-0.8077352537805833
0.3886168083346904,-0.7652392582335512
0.3886563529822173,-0.7227857354117448
0.38869589762974416,-0.680374958146369
0.388735442277271,-0.6607248613775853
0.38877498692479784,-0.6520722725322585
0.3888145315723247,-0.6434434198822174
0.3888540762198516,-0.6347956331762221
0.38889362086737844,-0.6261289237938632
0.3889331655149053,-0.617443302574026
0.3889727101624322,-0.6087295737273504
0.38901225480995905,-0.5999853847096883
0.3890517994574859,-0.5968740080667239
0.3890913441050128,-0.61569292059934
0.3891308887525396,-0.6372512568367368
0.38917043340006646,-0.6595486656475451
0.38920997804759333,-0.6818179338507502
0.3892495226951202,-0.7040835020049343
0.38928906734264707,-0.7263641261512293
0.38932861199017393,-0.7592483518985187
0.3893681566377008,-0.793306964880915
0.3894077012852276,-0.8273992484619592
0.3894472459327545,-0.8615251972491151
0.38948679058028135,-0.8956848063868597
0.3895263352278082,-0.9302679510559564
0.3895658798753351,-0.9295748924987066
0.38960542452286195,-0.9233631091185588
0.3896449691703888,-0.9169309494256224
0.3896845138179157,-0.9105117203449957
0.38972405846544256,-0.9041061936104642
0.38976360311296937,-0.8189615227324296
0.38980314776049624,-0.7312483186656662
0.3898426924080231,-0.6534730658254713
0.38988223705555,-0.6302630453912199
0.38992178170307684,-0.6070744198065903
0.3899613263506037,-0.5839349847837445
0.3900008709981306,-0.56036092151807
0.3900404156456574,-0.5368031183315081
0.39007996029318426,-0.513261932311214
0.3901195049407111,-0.5131251349540049
0.390159049588238,-0.5345116944337676
0.39019859423576486,-0.5558515178898613
0.39023813888329173,-0.5771443289949287
0.3902776835308186,-0.5983898504042067
0.39031722817834547,-0.6195945238667822
0.39035677282587233,-0.6408106059688974
0.39039631747339915,-0.6504523855400484
0.390435862120926,-0.6531923761830916
0.3904754067684529,-0.655944705518495
0.39051495141597975,-0.6587143686350885
0.3905544960635066,-0.6615035441618726
0.3905940407110335,-0.6643637567233762
0.39063358535856035,-0.667295866815313
0.39067313000608717,-0.6702995949334172
0.39071267465361403,-0.6733670869333217
0.3907522193011409,-0.6754938979451888
0.39079176394866777,-0.6709209129397369
0.39083130859619464,-0.6663812786423797
0.3908708532437215,-0.6606858383572813
0.3909103978912484,-0.6512878668660846
0.39094994253877524,-0.6419220252298548
0.3909894871863021,-0.6322532745408349
0.3910290318338289,-0.6226026844042138
0.3910685764813558,-0.6129682692679381
0.39110812112888266,-0.6082464359378807
0.3911476657764095,-0.617974919768943
0.3911872104239364,-0.6305608420919624
0.39122675507146326,-0.6432573390579517
0.39126629971899013,-0.6560612570031523
0.39130584436651694,-0.6689732276455818
0.3913453890140438,-0.6819949115362274
0.3913849336615707,-0.6951273174248342
0.39142447830909755,-0.7083142821015862
0.3914640229566244,-0.7215549920365625
0.3915035676041513,-0.734849232206706
0.39154311225167815,-0.7029190678229611
0.391582656899205,-0.667128878228918
0.3916222015467319,-0.6313975084650325
0.3916617461942587,-0.5861701467371381
0.39170129084178557,-0.5314917509273389
0.39174083548931243,-0.4768666116505642
0.3917803801368393,-0.4353559571249628
0.39181992478436617,-0.42577249426870445
0.39185946943189304,-0.4162102292316394
0.3918990140794199,-0.40666901435779756
0.3919385587269467,-0.39715009795832934
0.3919781033744736,-0.3876748802490626
0.39201764802200045,-0.3782434432651929
0.3920571926695273,-0.4107915390662882
0.3920967373170542,-0.4711698318192825
0.39213628196458106,-0.531599791441006
0.3921758266121079,-0.5386480950366499
0.3922153712596348,-0.519241771560293
0.39225491590716166,-0.4998885054428417
0.3922944605546885,-0.4805884698332612
0.39233400520221534,-0.4613418388601831
0.3923735498497422,-0.4421487876313863
0.3924130944972691,-0.42298960758483695
0.39245263914479595,-0.4038584489076342
0.3924921837923228,-0.38472062160782183
0.3925317284398497,-0.36556865715308984
0.3925712730873765,-0.36401069171324707
0.39261081773490336,-0.36271142635045006
0.39265036238243023,-0.36137392858816053
0.3926899070299571,-0.3575479258405938
0.39272945167748396,-0.3501643373194936
0.39276899632501083,-0.3422873139523164
0.3928085409725377,-0.3344452432457601
0.39284808562006457,-0.3266851428207538
0.39288763026759144,-0.3190074690660829
0.39292717491511825,-0.31141267979696696
0.3929667195626451,-0.3321167815064676
0.393006264210172,-0.3579377670691093
0.39304580885769885,-0.3838430191214375
0.3930853535052257,-0.4098330011842828
0.3931248981527526,-0.435908178204814
0.39316444280027946,-0.4620303962486023
0.39320398744780627,-0.4328156414540487
0.39324353209533314,-0.385751471059808
0.39328307674286,-0.3386975676511206
0.3933226213903869,-0.2921418475908837
0.39336216603791374,-0.26590272643002866
0.3934017106854406,-0.24917257322399333
0.3934412553329675,-0.23238850471231398
0.39348079998049434,-0.2155424623844091
0.3935203446280212,-0.1986831471642434
0.393559889275548,-0.18181242931637787
0.3935994339230749,-0.16492522079285266
0.39363897857060176,-0.1479823264391209
0.39367852321812863,-0.13098513674976697
0.3937180678656555,-0.11358496092963666
0.39375761251318236,-0.09515501362344647
0.39379715716070923,-0.07678154789301583
0.39383670180823604,-0.05846483100179878
0.3938762464557629,-0.04185562318099567
0.3939157911032898,-0.02783250051520625
0.39395533575081665,-0.01386539044057411
0.3939948803983435,9.36971433294076e-05
0.3940344250458704,0.01404516937321354
0.39407396969339725,0.027996470163332177
0.3941135143409241,0.041967727277648414
0.394153058988451,0.0559594378824384
0.3941926036359778,0.06997209987963426
0.39423214828350467,0.07133156245513206
0.39427169293103154,0.0431173722778837
0.3943112375785584,0.014925631612864976
0.3943507822260853,-0.013239915816011028
0.39439032687361214,-0.03479030431247576
0.394429871521139,-0.042494753871786806
0.3944694161686658,-0.05021293380554148
0.3945089608161927,-0.04447057316994041
0.39454850546371956,-0.006506734746161591
0.3945880501112464,0.03144079947652756
0.3946275947587733,0.06792713494633862
0.39466713940630016,0.09711556857456838
0.39470668405382703,0.12630724812504024
0.3947462287013539,0.1555019508230293
0.39478577334888076,0.18469949555847887
0.3948253179964076,0.21390071263622978
0.39486486264393444,0.24310539117437724
0.3949044072914613,0.2631354092597462
0.3949439519389882,0.273979898983189
0.39498349658651505,0.28481651465742797
0.3950230412340419,0.29563680718276864
0.3950625858815688,0.3064403794101134
0.3951021305290956,0.3172268341675242
0.39514167517662246,0.3271535333303408
0.39518121982414933,0.3270278125982191
0.3952207644716762,0.3269188001616614
0.39526030911920307,0.326800229507457
0.39529985376672994,0.32667296138955937
0.3953393984142568,0.32653785668310586
0.39537894306178367,0.32639577638431394
0.39541848770931054,0.3257240807717441
0.39545803235683735,0.34005166665300557
0.3954975770043642,0.354361309044811
0.3955371216518911,0.3686590339612117
0.39557666629941796,0.3829409610282388
0.3956162109469448,0.39720667681320343
0.3956557555944717,0.41145576780224946
0.39569530024199856,0.4256878204000287
0.3957348448895254,0.42918540692351836
0.39577438953705224,0.41768968734600787
0.3958139341845791,0.40732867245867865
0.395853478832106,0.3991724347743464
0.39589302347963284,0.39104659027719
0.3959325681271597,0.38296469770887587
0.3959721127746866,0.3749268362210838
0.39601165742221345,0.3669330860650488
0.3960512020697403,0.3589835285917484
0.39609074671726713,0.3456825913473045
0.396130291364794,0.3276849507949313
0.39616983601232086,0.30972165936752294
0.39620938065984773,0.29179270237235855
0.3962489253073746,0.2738980660160433
0.39628846995490147,0.32444344554457505
0.39632801460242834,0.4018271078621618
0.39636755924995515,0.4792351887894881
0.396407103897482,0.5566675798680549
0.3964466485450089,0.6341241733424674
0.39648619319253575,0.7264659056440195
0.3965257378400626,0.821688865726836
0.3965652824875895,0.9169423697121344
0.39660482713511636,1.012219996227956
0.3966443717826432,0.25207403637132586
0.3966839164301701,0.2911891815402239
0.3967234610776969,0.33025923140205116
0.39676300572522377,0.36928415833803374
0.39680255037275064,0.4082639340657126
0.3968420950202775,0.4471839187893707
0.3968816396678044,0.4860750148521591
0.39692118431533124,0.5249451818874054
0.3969607289628581,0.5637946311962132
0.3970002736103849,0.6013010577020639
0.3970398182579118,0.6164270943943482
0.39707936290543866,0.631533046181822
0.3971189075529655,0.6466191236445127
0.3971584522004924,0.6616722026291191
0.39719799684801926,0.6766919457946541
0.39723754149554613,0.6916787034927632
0.397277086143073,0.7146491206391898
0.39731663079059987,0.7421493556502856
0.3973561754381267,0.7696163479772844
0.39739572008565355,0.7970482624316224
0.3974352647331804,0.8063703502261275
0.3974748093807073,0.7790253753639016
0.39751435402823415,0.7516549886496566
0.397553898675761,0.7248944631048273
0.3975934433232879,0.6980043079133997
0.3976329879708147,0.6709855580149755
0.39767253261834157,0.6438392460328508
0.39771207726586844,0.6165664022745521
0.3977516219133953,0.5891680547315161
0.39779116656092217,0.5641988526329644
0.39783071120844904,0.565495402707695
0.3978702558559759,0.5667606383252544
0.3979098005035028,0.5680212333563537
0.39794934515102964,0.5692771984817941
0.39798888979855646,0.5705285444249277
0.3980284344460833,0.5717713304546628
0.3980679790936102,0.5729488363831656
0.39810752374113706,0.5740604683653094
0.3981470683886639,0.5751056313915832
0.3981866130361908,0.576167564501505
0.39822615768371766,0.576848953640372
0.3982657023312445,0.5675456885970602
0.39830524697877134,0.5582944921118127
0.3983447916262982,0.5490955028250326
0.3983843362738251,0.5399487740332836
0.39842388092135195,0.5308543602477247
0.3984634255688788,0.5218123171940743
0.3985029702164057,0.5128227018127038
0.39854251486393255,0.5038622369971444
0.3985820595114594,0.49492934669135025
0.39862160415898623,0.48603058756150475
0.3986611488065131,0.4772231773654525
0.39870069345403997,0.46850768890122296
0.39874023810156684,0.45988318101069314
0.3987797827490937,0.49179917906483084
0.39881932739662057,0.531263547568475
0.39885887204414744,0.5707951115141707
0.39889841669167425,0.6026120261735421
0.3989379613392011,0.6069465328278394
0.398977505986728,0.6112779235419508
0.39901705063425486,0.615618831678086
0.3990565952817817,0.619971658514987
0.3990961399293086,0.6243367409962834
0.39913568457683546,0.6287144164826861
0.3991752292243623,0.6324154471562684
0.3992147738718892,0.6346999802729609
0.399254318519416,0.636992215622624
0.3992938631669429,0.6392895630140911
0.39933340781446974,0.6208167983769473
0.3993729524619966,0.5962592453160465
0.3994124971095235,0.5717078054813838
0.39945204175705035,0.5471628130834238
0.3994915864045772,0.5225939646123141
0.399531131052104,0.497995951191073
0.3995706756996309,0.4733694741268053
0.39961022034715776,0.4490994884596544
0.39964976499468463,0.42479720915138675
0.3996893096422115,0.4033073719488298
0.39972885428973837,0.41409994760495294
0.39976839893726523,0.4248089660952177
0.3998079435847921,0.4354234057950537
0.39984748823231897,0.4459433562174375
0.3998870328798458,0.4563689051062596
0.39992657752737265,0.4667001384363223
0.3999661221748995,0.4769448587492411
0.4000056668224264,0.46679824136103854
0.40004521146995325,0.44220410840100577
0.4000847561174801,0.41759858968354013
0.400124300765007,0.855385962877552
0.4001638454125338,0.6532741702525637
0.40020339006006067,0.45118156613368576
0.40024293470758754,0.2873768665331866
0.4002824793551144,0.2725192340392564
0.4003220240026413,0.2576805412273977
0.40036156865016814,0.24286033362641568
0.400401113297695,0.228042419481298
0.4004406579452219,0.21320904138555896
0.40048020259274875,0.19836007914012388
0.40051974724027556,0.18349492112366672
0.4005592918878024,0.17526795656612926
0.4005988365353293,0.18282075708424372
0.40063838118285616,0.18315811791702696
0.40067792583038303,0.16714049722194435
0.4007174704779099,0.15093265612825313
0.40075701512543677,0.13441180059674807
0.4007965597729636,0.11757488558621709
0.40083610442049045,0.09200768697298223
0.4008756490680173,0.05735843377167349
0.4009151937155442,0.03156007352567336
0.40095473836307105,0.03738422765880234
0.4009942830105979,0.04325514205911141
0.4010338276581248,0.049173350462682563
0.40107337230565165,0.0551393877386408
0.4011129169531785,0.061153789889486276
0.40115246160070533,0.06721709405060494
0.4011920062482322,0.0616963377726627
0.40123155089575907,0.05375185522989945
0.40127109554328594,0.04584662361191327
0.4013106401908128,0.03798578250561846
0.4013501848383397,0.030169455305147252
0.40138972948586654,0.021020074837829306
0.40142927413339335,0.0106607136647483
0.4014688187809202,0.00034359393652927395
0.4015083634284471,-0.009931129608435896
0.40154790807597396,-0.02016412005950663
0.4015874527235008,-0.030360739821998273
0.4016269973710277,-0.04053568666120011
0.40166654201855456,-0.04283903809000833
0.40170608666608143,-0.04181117465306006
0.4017456313136083,-0.04394276614880699
0.4017851759611351,-0.04855429010115575
0.401824720608662,-0.05314222806510571
0.40186426525618885,-0.05770619552045542
0.4019038099037157,-0.062245807311195556
0.4019433545512426,-0.0667606776456946
0.40198289919876945,-0.07125035287674386
0.4020224438462963,-0.05841356065998049
0.40206198849382313,-0.04310938433069378
0.40210153314135,-0.027778562278250263
0.40214107778887687,-0.012420884708762792
0.40218062243640373,0.0018668027611559168
0.4022201670839306,0.009607405064694596
0.40225971173145747,0.017421094543432325
0.40229925637898434,0.02530761935876491
0.4023388010265112,0.03322840618421363
0.4023783456740381,0.041181184317078845
0.4024178903215649,0.0491656023301843
0.40245743496909175,0.05606025150503591
0.4024969796166186,0.06279477035065906
0.4025365242641455,0.05545652038138282
0.40257606891167236,0.02783707660232171
0.4026156135591992,-5.994028231093296e-06
0.4026551582067261,-0.027850700044938392
0.4026947028542529,-0.05569705424814497
0.4027342475017798,-0.08359304225978637
0.40277379214930664,-0.11155300274483615
0.4028133367968335,-0.13743891253866014
0.4028528814443604,-0.14303394226417776
0.40289242609188725,-0.1466946235203812
0.4029319707394141,-0.15040496763566225
0.402971515386941,-0.15403695741074142
0.40301106003446785,-0.15765708042066073
0.40305060468199466,-0.16126564328524395
0.40309014932952153,-0.1648629521811653
0.4031296939770484,-0.16340855206618432
0.40316923862457527,-0.16159965868468618
0.40320878327210213,-0.15974241671921607
0.403248327919629,-0.15783675402182862
0.40328787256715587,-0.15588259725111353
0.4033274172146827,-0.15387987187194696
0.40336696186220955,-0.151848848359041
0.4034065065097364,-0.15175703949919583
0.4034460511572633,-0.15932621266319114
0.40348559580479015,-0.16687074241096855
0.403525140452317,-0.17439029951764073
0.4035646850998439,-0.18188455406608206
0.40360422974737076,-0.18935317544679542
0.4036437743948976,-0.1967958323579655
0.40368331904242444,-0.21382906721787354
0.4037228636899513,-0.2309214377109754
0.4037624083374782,-0.24798599490383655
0.40380195298500504,-0.26501542750522944
0.4038414976325319,-0.2820065062243424
0.4038810422800588,-0.29942120965367547
0.40392058692758565,-0.31654107055622926
0.40396013157511246,-0.3148075074631187
0.4039996762226393,-0.28901834996940146
0.4040392208701662,-0.26321485224760455
0.40407876551769306,-0.23739682277318597
0.40411831016521993,-0.21156406978615738
0.4041578548127468,-0.1857164012910273
0.40419739946027367,-0.15991335520732797
0.40423694410780053,-0.13419323594147237
0.4042764887553274,-0.1085622623941962
0.4043160334028542,-0.08302626630656196
0.4043555780503811,-0.05758592737057455
0.40439512269790795,-0.01606452598725383
0.4044346673454348,0.0297435597742135
0.4044742119929617,0.075526768051005
0.40451375664048855,0.0994156911564188
0.4045533012880154,0.11737800824965561
0.40459284593554223,0.13532976882682668
0.4046323905830691,0.13905832023661802
0.40467193523059597,0.11439954303181832
0.40471147987812284,0.08973192308763345
0.4047510245256497,0.06505562958042255
0.4047905691731766,0.04037083141792763
0.40483011382070344,0.015677697239448563
0.4048696584682303,-0.009022189055548857
0.4049092031157572,-0.01406675515158895
0.404948747763284,0.003299431422321142
0.40498829241081086,0.02067589973635009
0.4050278370583377,0.038062634027490105
0.4050673817058646,0.05546411529141437
0.40510692635339146,0.07288300327068686
0.40514647100091833,0.09031935364937294
0.4051860156484452,0.10776888102977278
0.405225560295972,0.12523270252035523
0.4052651049434989,0.1427122554702418
0.40530464959102575,0.1602078568191807
0.4053441942385526,0.16131227330719966
0.4053837388860795,0.16049681669100302
0.40542328353360635,0.1597011006175162
0.4054628281811332,0.1589249295240851
0.4055023728286601,0.1581674961847357
0.40554191747618695,0.1574136811088067
0.40558146212371377,0.15668310256304085
0.40562100677124063,0.14793421498861026
0.4056605514187675,0.1356273765311986
0.40570009606629437,0.12334589525920592
0.40573964071382124,0.11109016637847446
0.4057791853613481,0.09886058549056553
0.405818730008875,0.08665358130800715
0.4058582746564018,0.07446693749720268
0.40589781930392865,0.06704551359999744
0.4059373639514555,0.06198629495593888
0.4059769085989824,0.05691204363792579
0.40601645324650926,0.05182350613863296
0.4060559978940361,0.046721428461457215
0.406095542541563,0.041606556120854954
0.40613508718908986,0.036505679788379375
0.40617463183661673,0.026680396457663846
0.40621417648414354,0.010207460790208067
0.4062537211316704,-0.006216925411176355
0.4062932657791973,-0.02259314064126272
0.40633281042672414,-0.038921562677328936
0.406372355074251,-0.05520256857893102
0.4064118997217779,-0.07143653468797861
0.40645144436930475,-0.08763864232450569
0.40649098901683156,-0.10381885097851384
0.40653053366435843,-0.11997728901049332
0.4065700783118853,-0.13313569345377818
0.40660962295941216,-0.13116915026473652
0.40664916760693903,-0.12914800279664984
0.4066887122544659,-0.12706409737722435
0.40672825690199277,-0.03445113848352044
0.40676780154951964,-0.0431134268191018
0.4068073461970465,-0.05170533176478376
0.4068468908445733,-0.060244367467992
0.4068864354921002,-0.06873036251438691
0.40692598013962705,-0.077163144681899
0.4069655247871539,-0.08554254094079727
0.4070050694346808,-0.10557195181637802
0.40704461408220766,-0.1310398120314078
0.4070841587297345,-0.15650428288031826
0.40712370337726134,-0.1819646767414449
0.4071632480247882,-0.2074203062126827
0.4072027926723151,-0.23287562038279486
0.40724233731984194,-0.2552346000599943
0.4072818819673688,-0.03933496769762623
0.4073214266148957,-0.02651752063515911
0.40736097126242254,-0.01370774028468702
0.4074005159099494,-0.0008846528623083216
0.4074400605574763,0.011951133472684283
0.4074796052050031,0.024799010494557905
0.40751914985252996,0.03768522074343483
0.40755869450005683,0.05063298591403065
0.4075982391475837,0.06369093898553757
0.40763778379511056,0.0768594615526279
0.40767732844263743,0.09012697647406487
0.4077168730901643,0.09056725080801797
0.4077564177376911,0.0900231080224776
0.407795962385218,0.08954077780361569
0.40783550703274485,0.08906082251424063
0.4078750516802717,0.08857732267167151
0.4079145963277986,0.08809028915322248
0.40795414097532545,0.08207064009990361
0.4079936856228523,0.065062939409823
0.4080332302703792,0.0480643697042229
0.40807277491790606,0.031075065297399007
0.40811231956543287,0.014095160307992849
0.40815186421295974,-0.0028752113414309832
0.4081914088604866,-0.019835915923844816
0.40823095350801347,-0.03679075559438516
0.40827049815554034,-0.044978262723610385
0.4083100428030672,-0.04438089795436717
0.4083495874505941,-0.043829684183863016
0.4083891320981209,-0.04531766804523407
0.40842867674564776,-0.04821870822800989
0.4084682213931746,-0.05116762736208624
0.4085077660407015,-0.05429354267792963
0.40854731068822836,-0.04643866089070148
0.40858685533575523,-0.0371867384698632
0.4086263999832821,-0.02795815672869395
0.40866594463080896,-0.018752735921828467
0.40870548927833583,-0.009570297089767088
0.40874503392586264,-0.00038206650973737766
0.4087845785733895,0.008812466843999722
0.4088241232209164,0.01802172473595487
0.40886366786844325,0.027278782704136972
0.4089032125159701,0.03658811597530054
0.408942757163497,0.04760580114126789
0.40898230181102385,0.05512730200616023
0.40902184645855066,0.04623563633659611
0.40906139110607753,0.0373893647361454
0.4091009357536044,0.02860347207142322
0.40914048040113127,0.01988030212811598
0.40918002504865814,0.01122049703364425
0.409219569696185,0.0026246997849854736
0.40925911434371187,-0.005906445751459266
0.40929865899123874,-0.014372294839721356
0.4093382036387656,-0.022824977192429152
0.4093777482862924,-0.03127228339509891
0.4094172929338193,-0.031529906552284714
0.40945683758134616,-0.00831684010831868
0.409496382228873,0.014901725213153583
0.4095359268763999,0.038007107381528016
0.40957547152392676,0.06099261635568087
0.4096150161714536,0.08387073416487567
0.40965456081898044,0.10671913663352672
0.4096941054665073,0.1269316760651238
0.4097336501140342,0.12894398393257767
0.40977319476156104,0.1324347768416807
0.4098127394090879,0.14072750112302668
0.4098522840566148,0.14895195310773968
0.40989182870414165,0.1571576347608321
0.4099313733516685,0.16541984172217017
0.4099709179991954,0.1737530392842226
0.4100104626467222,0.18219431397748398
0.41005000729424906,0.19074349497589704
0.41008955194177593,0.1994004131945628
0.4101290965893028,0.20816490128979126
0.41016864123682967,0.2170193275581873
0.41020818588435654,0.2259017353900088
0.4102477305318834,0.23480634110944543
0.4102872751794102,0.2405944470279362
0.4103268198269371,0.24512186597815688
0.41036636447446395,0.21531371862008974
0.4104059091219908,0.18477119235895234
0.4104454537695177,0.1542231305899362
0.41048499841704456,0.12366380828053547
0.4105245430645714,0.095862421011212
0.4105640877120983,0.07307503369304857
0.41060363235962516,0.05026605492559977
0.41064317700715197,0.027434052388582764
0.41068272165467884,0.004573736395244055
0.4107222663022057,-0.01831460913094496
0.4107618109497326,0.18297688761309594
0.41080135559725944,0.17044139950430637
0.4108409002447863,0.15793949624850967
0.4108804448923132,0.14547884485331508
0.41091998953984,0.13309362884943798
0.41095953418736686,0.12078790619139479
0.4109990788348937,0.1085615454296498
0.4110386234824206,0.09641441624028158
0.41107816812994746,0.08434638942502826
0.41111771277747433,0.07166939234305669
0.4111572574250012,0.05881449495569946
0.41119680207252807,0.04127240961381684
0.41123634672005493,0.019594278234178475
0.41127589136758175,-0.002459609664233753
0.4113154360151086,-0.02447559623592266
0.4113549806626355,-0.04646062569354381
0.41139452531016235,-0.0723882603939714
0.4114340699576892,-0.1093779863782185
0.4114736146052161,-0.14636899845655282
0.41151315925274295,-0.17450319888528654
0.41155270390026977,-0.18450983737401128
0.41159224854779664,-0.19445390203881097
0.4116317931953235,-0.20433610815577286
0.41167133784285037,-0.21415717010436985
0.41171088249037724,-0.2239178013673344
0.4117504271379041,-0.23361871453068694
0.411789971785431,-0.24326062128391346
0.41182951643295784,-0.252790151126141
0.4118690610804847,-0.2621781117686677
0.4119086057280115,-0.2721158595655444
0.4119481503755384,-0.28202905165389147
0.41198769502306526,-0.2919574547769015
0.4120272396705921,-0.3019012735628799
0.412066784318119,-0.3118607133839877
0.41210632896564586,-0.3218359803563331
0.41214587361317273,-0.331827281339919
0.41218541826069954,-0.3418348239386386
0.4122249629082264,-0.3518588165003331
0.4122645075557533,-0.33870956433126587
0.41230405220328015,-0.3203793781452031
0.412343596850807,-0.3020137575269368
0.4123831414983339,-0.28361246239074145
0.41242268614586075,-0.2651756956565352
0.4124622307933876,-0.24670735389685916
0.4125017754409145,-0.22821298199726137
0.4125413200884413,0.09549257570458103
0.41258086473596817,0.08795454502616629
0.41262040938349503,0.080441669601095
0.4126599540310219,0.07295365807822574
0.41269949867854877,0.06549021924531218
0.41273904332607564,0.05809359739066977
0.4127785879736025,0.05077151310409622
0.4128181326211293,0.043499307109458485
0.4128576772686562,0.036260987358551766
0.41289722191618305,0.029057179861958993
0.4129367665637099,0.021888510936125982
0.4129763112112368,0.014672169567450766
0.41301585585876366,0.007381026643251687
0.4130554005062905,1.4607419802636912e-05
0.4130949451538174,-0.334523107022056
0.41313448980134426,-0.2874476087163709
0.4131740344488711,-0.24040334957631337
0.41321357909639794,-0.193390360984794
0.4132531237439248,-0.128220292927125
0.4132926683914517,-0.056862233071484525
0.41333221303897855,0.01444777143490672
0.4133717576865054,0.08570985337920334
0.4134113023340323,0.15692414421943823
0.4134508469815591,0.22809077408476774
0.41349039162908596,0.299209344024705
0.41352993627661283,-0.02933422389480178
0.4135694809241397,-0.03375692476582337
0.41360902557166657,-0.03817913889927649
0.41364857021919343,-0.04259586571180218
0.4136881148667203,-0.04700370871788806
0.41372765951424717,-0.05140304816855501
0.41376720416177404,-0.05579426449994429
0.41380674880930085,-0.060177738333583086
0.4138462934568277,-0.06455385047634721
0.4138858381043546,-0.06892298192036161
0.41392538275188145,-0.07329033154195397
0.4139649273994083,-0.07765749588930593
0.4140044720469352,-0.08200568838780775
0.41404401669446206,-0.08629042367897988
0.41408356134198887,-0.09051138732309827
0.41412310598951574,-0.09249550227833936
0.4141626506370426,-0.09243432394887918
0.4142021952845695,-0.09233929286662335
0.41424173993209634,-0.09221039771676143
0.4142812845796232,-0.09206794331023804
0.4143208292271501,-0.09196071909773895
0.41436037387467695,-0.09188940021647962
0.4143999185222038,-0.09044013856241317
0.4144394631697306,-0.07713264899166106
0.4144790078172575,-0.0638497547551351
0.41451855246478436,-0.050590945957510236
0.41455809711231123,-0.037320768084446065
0.4145976417598381,-0.024040141894131395
0.41463718640736497,-0.01074998816022088
0.41467673105489183,0.002562608167330005
0.41471627570241865,0.0159107161342682
0.4147558203499455,0.029293691244690834
0.4147953649974724,0.0427108895381485
0.41483490964499925,0.05616166758960617
0.4148744542925261,0.06963751185234646
0.414913998940053,0.08312153883226614
0.41495354358757985,0.09662854035000734
0.4149930882351067,0.08966233834614457
0.4150326328826336,0.06372910409482291
0.4150721775301604,0.03781817842688451
0.41511172217768727,0.011929340058820515
0.41515126682521414,-0.013937631942053663
0.415190811472741,-0.03981389642362121
0.4152303561202679,-0.06573896465914242
0.41526990076779474,-0.07193751056629782
0.4153094454153216,-0.05887517706874856
0.4153489900628484,-0.04586150254845833
0.4153885347103753,-0.03289644087278365
0.41542807935790216,-0.01997994697218619
0.415467624005429,-0.007111976840284306
0.4155071686529559,0.005723668525908998
0.41554671330048276,0.018541408511913993
0.41558625794800963,0.03133962010139335
0.4156258025955365,-0.2111589454332945
0.41566534724306337,-0.19535374718086373
0.4157048918905902,-0.17957059150865096
0.41574443653811705,-0.16380902190275126
0.4157839811856439,-0.14806858243039045
0.4158235258331708,-0.13233543432059935
0.41586307048069765,-0.11659158400808511
0.4159026151282245,-0.10082958238350148
0.4159421597757514,-0.08504905254247053
0.4159817044232782,-0.06924961739699942
0.41602124907080507,-0.05343089967526815
0.41606079371833193,-0.037695644554939456
0.4161003383658588,-0.02208491191026063
0.41613988301338567,-0.006599756997480277
0.41617942766091254,0.008758762254635677
0.4162189723084394,0.023989585244659217
0.4162585169559663,0.04006508086430749
0.41629806160349314,0.055873420035998045
0.41633760625101995,0.0758458609630086
0.4163771508985468,0.09615869497234364
0.4164166955460737,0.11227705317624448
0.41645624019360056,0.10291914590337381
0.4164957848411274,0.09336100134809122
0.4165353294886543,0.08360346526374585
0.41657487413618116,0.07365780229551433
0.416614418783708,0.06360630312371107
0.41665396343123484,0.053448878645504294
0.4166935080787617,0.04318543744404568
0.4167330527262886,0.03281588578816841
0.41677259737381545,0.022342121345408472
0.4168121420213423,0.011839038716380479
0.4168516866688692,0.0013422124839284066
0.41689123131639605,-0.009148875106992804
0.4169307759639229,-0.028546221751264866
0.41697032061144973,-0.04835260228115423
0.4170098652589766,-0.06811248255383973
0.41704940990650347,-0.0878388949500728
0.41708895455403033,-0.10754526226161865
0.4171284992015572,-0.12727226829414828
0.41716804384908407,-0.1470205959321378
0.41720758849661094,-0.1615050906942237
0.41724713314413775,-0.16907227876432707
0.4172866777916646,-0.17657924137161007
0.4173262224391915,0.24158622394368923
0.41736576708671835,0.1685878586130256
0.4174053117342452,0.09565014214110068
0.4174448563817721,0.022773217992096306
0.41748440102929896,-0.050042769203838766
0.4175239456768258,-0.1227976736504548
0.4175634903243527,-0.1954951959588369
0.4176030349718795,-0.26817499565539293
0.4176425796194064,-0.2855463613504403
0.41768212426693324,-0.28521369886574366
0.4177216689144601,-0.2848691817441642
0.417761213561987,-0.2845162985175218
0.41780075820951385,-0.2841552508319021
0.4178403028570407,-0.28378624020144017
0.4178798475045675,-0.283408847593015
0.4179193921520944,-0.2830135852993534
0.41795893679962126,-0.2693942595793599
0.41799848144714813,-0.25092053307648854
0.418038026094675,-0.2324234820891924
0.41807757074220186,-0.213839735228599
0.41811711538972873,-0.19518915880937637
0.4181566600372556,-0.17652908177775917
0.41819620468478247,-0.15785941500881773
0.4182357493323093,-0.1391800691942091
0.41827529397983615,-0.12049095484219308
0.418314838627363,-0.10179198227760722
0.4183543832748899,-0.0830830616419016
0.41839392792241675,-0.06635395371303865
0.4184334725699436,-0.051626607585361306
0.4184730172174705,-0.036889042710585684
0.4185125618649973,-0.023151831815478197
0.41855210651252417,-0.026927204470325705
0.41859165116005104,-0.03074668323230334
0.4186311958075779,-0.0346110844904679
0.4186707404551048,-0.03851044342965171
0.41871028510263164,-0.042400647798407576
0.4187498297501585,-0.04627883455478443
0.4187893743976854,-0.05014536791571622
0.41882891904521224,-0.054000611809269294
0.41886846369273906,-0.0578436246609888
0.4189080083402659,-0.0616718084429122
0.4189475529877928,-0.06548452957015449
0.41898709763531966,-0.06572376824486259
0.41902664228284653,-0.07225601118870184
0.4190661869303734,-0.07879538404161224
0.41910573157790026,-0.08531070188987933
0.4191452762254271,-0.09179260544319856
0.41918482087295394,-0.09824082490742114
0.4192243655204808,-0.10465508972061421
0.4192639101680077,-0.13156286997541145
0.41930345481553455,-0.16242329562451907
0.4193429994630614,-0.1932489503317889
0.4193825441105883,0.03341462569735132
0.41942208875811515,0.001736713775577492
0.419461633405642,-0.029909891400181188
0.41950117805316883,-0.06157951100290404
0.4195407227006957,-0.09328737512696961
0.41958026734822257,-0.1250335326291001
0.41961981199574944,-0.15681803307270403
0.4196593566432763,-0.18864092672780597
0.4196989012908032,-0.22050226457118605
0.41973844593833004,-0.252374712303463
0.41977799058585685,-0.2841972065208376
0.4198175352333837,-0.31594839406420405
0.4198570798809106,-0.31258667056462475
0.41989662452843746,-0.2886376416416576
0.4199361691759643,-0.26435693625537304
0.4199757138234912,-0.23973758627147745
0.42001525847101806,-0.2148128695229765
0.42005480311854493,-0.18983312154270493
0.4200943477660718,-0.16482960528186652
0.4201338924135986,-0.13980224340323932
0.4201734370611255,-0.125295451749027
0.42021298170865234,-0.12246427199015297
0.4202525263561792,-0.11960901120921896
0.4202920710037061,-0.11705875616590866
0.42033161565123295,-0.11665811771773793
0.4203711602987598,-0.11626711554483826
0.42041070494628663,-0.11587516610553461
0.4204502495938135,-0.11407674619194452
0.42048979424134036,-0.11184804389783398
0.42052933888886723,-0.10959745669074294
0.4205688835363941,-0.10729568212803997
0.42060842818392097,-0.10492888661747113
0.42064797283144784,-0.10248332406835559
0.4206875174789747,-0.09997214321492631
0.42072706212650157,-0.09744295123976432
0.4207666067740284,-0.09489622680156806
0.42080615142155525,-0.09233244811581276
0.4208456960690821,-0.08975209295477171
0.420885240716609,-0.08715563864742482
0.42092478536413586,-0.08454356207957403
0.4209643300116627,-0.08189956995671999
0.4210038746591896,-0.07922028115773738
0.4210434193067164,-0.06649568469733236
0.4210829639542433,-0.050432288677614956
0.42112250860177014,-0.034364562081437455
0.421162053249297,-0.01903116051110665
0.4212015978968239,-0.0047926886927180945
0.42124114254435074,0.009432706747117159
0.4212806871918776,0.023645323000051732
0.4213202318394045,0.03784545713019494
0.42135977648693135,0.04748168716778256
0.42139932113445816,0.04710382598203644
0.42143886578198503,0.046706608550691975
0.4214784104295119,0.04631328348794117
0.42151795507703876,0.04592845403802581
0.42155749972456563,0.04555574764670123
0.4215970443720925,0.045195056148923385
0.42163658901961937,0.04484627173451461
0.4216761336671462,0.04450357765299007
0.42171567831467305,0.04416348985793306
0.4217552229621999,0.04387103116433089
0.4217947676097268,0.04971143697816505
0.42183431225725365,0.055524406726131126
0.4218738569047805,0.0613096287673045
0.4219134015523074,0.06705853906934411
0.42195294619983426,0.09888247666536998
0.4219924908473611,0.13565324952454372
0.42203203549488794,0.1723774804465954
0.4220715801424148,0.20905527261388723
0.42211112478994167,0.23581917190553892
0.42215066943746854,0.26242946484512863
0.4221902140849954,0.289026791180901
0.4222297587325223,0.31561260814938663
0.42226930338004914,0.3421869877401953
0.42230884802757596,0.3687709777086159
0.4223483926751028,0.39539519646740473
0.4223879373226297,0.25219815301526793
0.42242748197015656,0.2563070574503481
0.4224670266176834,0.2604716565652838
0.4225065712652103,0.26470818877775937
0.42254611591273716,0.2690166552069648
0.42258566056026403,0.2733938344829596
0.4226252052077909,0.2778090115588059
0.4226647498553177,0.282258838726575
0.4227042945028446,0.29802300099188717
0.42274383915037145,0.31791824908801125
0.4227833837978983,0.337847065164274
0.4228229284454252,0.3574611726373593
0.42286247309295205,0.37712206783106605
0.4229020177404789,0.39682168254749683
0.42294156238800573,0.4165590003425912
0.4229811070355326,0.4363334734906177
0.42302065168305947,0.45614455514273633
0.42306019633058634,0.47599169932702345
0.4230997409781132,0.49587436094836335
0.42313928562564007,0.5021598354487411
0.42317883027316694,0.5054059552482943
0.4232183749206938,0.5087005372245894
0.4232579195682207,0.5120431848663873
0.4232974642157475,0.5154335028287962
0.42333700886327436,0.5188678377875844
0.4233765535108012,0.5223447955004099
0.4234160981583281,0.5258640271156496
0.42345564280585496,0.2544751941536445
0.4234951874533818,0.24894853586982002
0.4235347321009087,0.24347739833015236
0.4235742767484355,0.24258214220594443
0.4236138213959624,0.24356665380523346
0.42365336604348924,0.2445428004872685
0.4236929106910161,0.24549072142888928
0.423732455338543,0.24638308246192864
0.42377199998606985,0.24718433743286994
0.4238115446335967,0.247894486833105
0.4238510892811236,0.24851352956060868
0.42389063392865045,0.24904146291993
0.42393017857617726,0.24947828262226945
0.42396972322370413,0.24982596760923848
0.424009267871231,0.25009501116478106
0.42404881251875787,0.24664242162525873
0.42408835716628474,0.23969206994348813
0.4241279018138116,0.23266266942296987
0.42416744646133847,0.22522519952857767
0.4242069911088653,0.21633542567752873
0.42424653575639215,0.20733541020888158
0.424286080403919,0.19825767667588945
0.4243256250514459,0.18918027979045693
0.42436516969897276,0.18024039498121525
0.4244047143464996,0.17213352281435057
0.4244442589940265,0.16410270786815584
0.42448380364155336,0.15614772890179118
0.4245233482890802,0.1482683665105693
0.42456289293660704,0.14046440312595987
0.4246024375841339,0.13273562301552744
0.4246419822316608,0.1259777253039065
0.42468152687918764,0.13053751350693155
0.4247210715267145,0.13505024344160255
0.4247606161742414,0.13951566415658156
0.42480016082176825,0.14393352408860505
0.42483970546929506,0.14830357106233816
0.4248792501168219,0.15262555229039343
0.4249187947643488,0.15689921437339915
0.42495833941187566,0.161124303299931
0.42499788405940253,0.17058974057480203
0.4250374287069294,0.18105880496270554
0.42507697335445627,0.19179099399527555
0.42511651800198313,0.2053378758801152
0.42515606264951,0.21886281663380114
0.4251956072970368,0.23236583488369433
0.4252351519445637,0.24584694919555794
0.42527469659209055,0.25889615313560554
0.4253142412396174,0.25422543206395876
0.4253537858871443,0.2495349572781249
0.42539333053467115,0.2448408568178726
0.425432875182198,0.2401486099718717
0.42547241982972483,0.23540916304661508
0.4255119644772517,0.23061105056002784
0.42555150912477857,0.2257550191062947
0.42559105377230544,0.22084181445781415
0.4256305984198323,0.21588698872694323
0.4256701430673592,0.2109354579368654
0.42570968771488604,0.18292014559440073
0.4257492323624129,0.15158902954294629
0.4257887770099398,0.12025770134573843
0.4258283216574666,0.08892613495661195
0.42586786630499346,0.05759429190990151
0.4259074109525203,0.04371115799704128
0.4259469556000472,0.03897768289431447
0.42598650024757406,0.04059080408255511
0.42602604489510093,0.06689004145870303
0.4260655895426278,0.09320473789740902
0.4261051341901546,0.11953506016650906
0.4261446788376815,0.14588117563842662
0.42618422348520835,0.17224325228999504
0.4262237681327352,0.1887014940952021
0.4262633127802621,0.19865476964120887
0.42630285742778895,0.20858482319311555
0.4263424020753158,0.21848414210121803
0.4263819467228427,0.22833056747188163
0.42642149137036955,0.238124432613942
0.42646103601789637,0.24786607002937
0.42650058066542323,0.25741972926810863
0.4265401253129501,0.2669371325068557
0.42657966996047697,0.2764185315985257
0.42661921460800384,0.2858842576232572
0.4266587592555307,0.29535894639691485
0.4266983039030576,0.3048341523812468
0.4267378485505844,0.3143010625473419
0.42677739319811125,0.31941350454833106
0.4268169378456381,0.2946718324964932
0.426856482493165,0.26994880215697403
0.42689602714069186,0.24524489465574995
0.4269355717882187,0.22056059169055686
0.4269751164357456,0.19589637553088046
0.42701466108327246,0.17124803515408438
0.42705420573079933,0.14625674660268206
0.42709375037832614,0.12122543253973728
0.427133295025853,0.12740626516379372
0.4271728396733799,0.14784758557573685
0.42721238432090675,0.16823325549619472
0.4272519289684336,0.18856332918240337
0.4272914736159605,0.20883785999783555
0.42733101826348735,0.22905690041224958
0.42737056291101416,0.2492442651901463
0.42741010755854103,0.26941913729349665
0.4274496522060679,0.28156738384164015
0.42748919685359477,0.26726153725073853
0.42752874150112163,0.2529632480522448
0.4275682861486485,0.23867234358993894
0.42760783079617537,0.2320101435981794
0.42764737544370224,0.22548709434898484
0.4276869200912291,0.21890614325370183
0.4277264647387559,0.21226100187090147
0.4277660093862828,0.2055664555311747
0.42780555403380965,0.19887776106383637
0.4278450986813365,0.19220848437509552
0.4278846433288634,0.18555885360232693
0.42792418797639026,0.17892909746020358
0.4279637326239171,0.17231944524074283
0.42800327727144394,0.1657301268132878
0.4280428219189708,0.16580640071444552
0.4280823665664977,0.1645138655859224
0.42812191121402454,0.16321647247925153
0.4281614558615514,0.16191947130697049
0.4282010005090783,0.16061469284381857
0.42824054515660515,0.15929124024321784
0.428280089804132,0.15794955416353318
0.4283196344516589,0.15657328153215833
0.4283591790991857,0.14813668345200526
0.42839872374671256,0.12967804245898584
0.42843826839423943,0.11118274904047531
0.4284778130417663,0.09265081266927577
0.42851735768929317,0.09324154707881327
0.42855690233682003,0.09421136629262872
0.4285964469843469,0.09514456752172595
0.4286359916318737,0.09604115793863421
0.4286755362794006,0.0969011441406753
0.42871508092692745,0.09775735830209431
0.4287546255744543,0.09862921771058986
0.4287941702219812,0.09954040019656585
0.42883371486950805,0.0941571489471027
0.4288732595170349,0.08787299244121094
0.4289128041645618,0.08162584441323695
0.42895234881208866,0.0754155147171991
0.42899189345961547,0.0692418141348412
0.42903143810714234,0.06310455437551887
0.4290709827546692,0.05696333145557375
0.4291105274021961,0.05080991089645437
0.42915007204972294,0.04464459452707459
0.4291896166972498,0.03847132052442781
0.4292291613447767,0.032257658310176573
0.4292687059923035,0.026003244380422785
0.42930825063983036,0.019707714611042704
0.4293477952873572,0.01226439868681517
0.4293873399348841,0.003903746502537331
0.42942688458241096,-0.0068759390785704255
0.42946642922993783,-0.04405161471762575
0.4295059738774647,-0.0812389951302892
0.42954551852499157,-0.1184404694554475
0.42958506317251843,-0.15566345987915842
0.42962460782004525,-0.19290811958125698
0.4296641524675721,-0.22082112112798313
0.429703697115099,-0.2203889247517843
0.42974324176262585,-0.21049648031654922
0.4297827864101527,-0.17589006727737555
0.4298223310576796,-0.14128562166498515
0.42986187570520645,-0.10668350623341283
0.42990142035273327,-0.07208408350925666
0.42994096500026013,-0.03748771579159982
0.429980509647787,-0.03719654916059234
0.43002005429531387,-0.040833178487734045
0.43005959894284074,-0.044474205930177035
0.4300991435903676,-0.048120468358487045
0.4301386882378945,-0.05172038984500382
0.43017823288542134,-0.05527253194348525
0.4302177775329482,-0.07782321957891725
0.430257322180475,-0.10446376238653343
0.4302968668280019,-0.13108265990235068
0.43033641147552876,-0.1576869987093117
0.4303759561230556,-0.18427634859731779
0.4304155007705825,-0.21085027879692042
0.43045504541810936,-0.23740835797945614
0.43049459006563623,-0.2639501542568805
0.43053413471316304,-0.29081323149199445
0.4305736793606899,-0.29596816597763453
0.4306132240082168,-0.2819012265340062
0.43065276865574365,-0.2674218690002901
0.4306923133032705,-0.24444265385652209
0.4307318579507974,-0.22145904001296302
0.43077140259832425,-0.19846505974770512
0.4308109472458511,-0.17546055039613417
0.430850491893378,-0.15244534882607663
0.4308900365409048,-0.12940983305833242
0.43092958118843167,-0.10635324076024677
0.43096912583595853,-0.0832682956562234
0.4310086704834854,-0.05251505311520255
0.43104821513101227,-0.3336220541052928
0.43108775977853914,-0.29477846823590337
0.431127304426066,-0.255907136533879
0.4311668490735928,-0.21700176067371135
0.4312063937211197,-0.1780452725235362
0.43124593836864655,-0.1390368799231929
0.4312854830161734,-0.0999890800915546
0.4313250276637003,-0.06092877579312628
0.43136457231122716,-0.021855837085947627
0.431404116958754,0.01722986640880464
0.4314436616062809,0.05632846550661075
0.43148320625380776,0.09544009145980237
0.4315227509013346,0.13456487595739475
0.43156229554886144,0.17370295112510803
0.4316018401963883,0.20673232789762785
0.4316413848439152,0.231260807995322
0.43168092949144204,-0.20778732329356764
0.4317204741389689,-0.21306092645821284
0.4317600187864958,-0.21831033476621098
0.4317995634340226,-0.22335072880532802
0.43183910808154946,-0.22818392929862608
0.43187865272907633,-0.2328117526122675
0.4319181973766032,-0.23789204582428347
0.43195774202413006,-0.243010080724126
0.43199728667165693,-0.24816668362717387
0.4320368313191838,-0.25339614771139196
0.43207637596671067,-0.24956703621480525
0.43211592061423754,-0.23748406419534795
0.43215546526176435,-0.22548097813997625
0.4321950099092912,-0.21355754343701072
0.4322345545568181,-0.20171352694503586
0.43227409920434495,-0.1896827406335504
0.4323136438518718,-0.1781535258110276
0.4323531884993987,-0.1666312447557159
0.43239273314692556,-0.15511568362122485
0.43243227779445237,-0.14360662844252392
0.43247182244197924,-0.13210386513604444
0.4325113670895061,-0.12060717949957844
0.432550911737033,-0.10911635721225643
0.43259045638455984,-0.114293700821265
0.4326300010320867,-0.13049975387769663
0.4326695456796136,-0.14671102660910584
0.43270909032714044,-0.16292730422013868
0.4327486349746673,-0.17914837179694043
0.4327881796221941,-0.19537401430691403
0.432827724269721,-0.2116040165989741
0.43286726891724786,-0.22734506195708803
0.43290681356477473,-0.24316737495548946
0.4329463582123016,-0.2590715503618526
0.43298590285982846,-0.27507451791715276
0.43302544750735533,-0.29120593829272945
0.43306499215488214,-0.314028941958596
0.433104536802409,-0.34168286390348523
0.4331440814499359,-0.3694768970695348
0.43318362609746275,-0.39741183380862566
0.4332231707449896,-0.4254884690882026
0.4332627153925165,-0.45370760049105563
0.43330226004004335,-0.4814676073811679
0.4333418046875702,-0.5088936751037316
0.4333813493350971,-0.5024241839298238
0.4334208939826239,-0.49400592204865035
0.43346043863015077,-0.48559780094794647
0.43349998327767764,-0.4771996451358156
0.4335395279252045,-0.46881127912842313
0.43357907257273137,-0.4604325274498686
0.43361861722025824,-0.452063214632231
0.4336581618677851,-0.4437031652155339
0.4336977065153119,-0.4385801103366971
0.4337372511628388,-0.4343125305975315
0.43377679581036566,-0.4300536879272947
0.4338163404578925,-0.4258034068979262
0.4338558851054194,-0.4215615120893075
0.43389542975294626,-0.4173311035601879
0.43393497440047313,-0.41311503975069375
0.433974519048,-0.4089132079086486
0.43401406369552686,-0.4047254954148025
0.4340536083430537,-0.40055178978276906
0.43409315299058054,-0.3963919786590884
0.4341326976381074,-0.39224594982308414
0.4341722422856343,-0.3881096046081014
0.43421178693316115,-0.3839956472755839
0.434251331580688,-0.37990427902949
0.4342908762282149,-0.3751272788350821
0.4343304208757417,-0.3462403362877753
0.43436996552326856,-0.3173721045981015
0.43440951017079543,-0.28852283145434665
0.4344490548183223,-0.2596927647586451
0.43448859946584917,-0.23088215262694955
0.43452814411337604,-0.20209124338905227
0.4345676887609029,-0.17332028558859136
0.43460723340842977,-0.1445695279829744
0.43464677805595664,-0.121112638686796
0.43468632270348345,-0.10947392925616395
0.4347258673510103,-0.09785616757577653
0.4347654119985372,-0.0862287052970796
0.43480495664606406,-0.07456285714042288
0.4348445012935909,-0.0628551907852044
0.4348840459411178,-0.05110097454505258
0.43492359058864466,-0.03929993765732842
0.43496313523617147,-0.04870951877730523
0.43500267988369834,-0.06941871045029657
0.4350422245312252,-0.09011007398517634
0.4350817691787521,-0.1108127408469688
0.43512131382627894,-0.1315270227060843
0.4351608584738058,-0.15225323128390222
0.4352004031213327,-0.17298991595583146
0.43523994776885955,-0.19373502107155538
0.4352794924163864,-0.21448890007010668
0.43531903706391323,-0.24085270332051234
0.4353585817114401,-0.2674913226150091
0.43539812635896696,-0.29375494679479086
0.43543767100649383,-0.32002952311321575
0.4354772156540207,-0.346315443067267
0.43551676030154757,-0.37261309821317834
0.43555630494907444,-0.3989228801663609
0.43559584959660125,-0.41627815549227076
0.4356353942441281,-0.4272551149825734
0.435674938891655,-0.43824537648105544
0.43571448353918185,-0.44926846494800454
0.4357540281867087,-0.4603478147199773
0.4357935728342356,-0.47149136655036816
0.43583311748176246,-0.4826990087821077
0.4358726621292893,-0.49397063082909565
0.4359122067768162,-0.505306123176327
0.435951751424343,-0.5167053773796759
0.43599129607186987,-0.5281682860662134
0.43603084071939674,0.1275249715539859
0.4360703853669236,0.04866023098805439
0.4361099300144505,-0.05109264872853014
0.43614947466197734,-0.15091652191136884
0.4361890193095042,-0.25080354613726996
0.436228563957031,-0.3507155167734499
0.4362681086045579,-0.4506523733843206
0.43630765325208476,-0.5506137017876647
0.4363471978996116,-0.6436154656144559
0.4363867425471385,-0.6819961892720796
0.43642628719466536,-0.720399930580677
0.43646583184219223,-0.7588262054665931
0.4365053764897191,-0.7972745301763409
0.43654492113724597,-0.835744421276436
0.4365844657847728,-0.8465874955848358
0.43662401043229965,-0.833509596918848
0.4366635550798265,-0.8204518162636028
0.4367030997273534,-0.7921209828987728
0.43674264437488025,-0.7492216598822514
0.4367821890224071,-0.7063681555640189
0.436821733669934,-0.6635544106873468
0.4368612783174608,-0.6244415668617611
0.43690082296498767,-0.6118931632806284
0.43694036761251454,-0.5993737219955966
0.4369799122600414,-0.5868903517462023
0.43701945690756827,-0.5744526506782908
0.43705900155509514,-0.5620599831896049
0.437098546202622,-0.5503533310146089
0.4371380908501489,-0.5385979289655891
0.43717763549767574,-0.5267921703187151
0.43721718014520256,-0.5149344471374615
0.4372567247927294,-0.5030231502723419
0.4372962694402563,-0.49105666936101233
0.43733581408778316,-0.4790333928282715
0.43737535873531,-0.4669643987956409
0.4374149033828369,-0.4549443697588309
0.43745444803036376,-0.4429989266162444
0.4374939926778906,-0.43444665475728517
0.43753353732541744,-0.42809086364874993
0.4375730819729443,-0.42175110739273514
0.4376126266204712,-0.41542718662813805
0.43765217126799805,-0.408703217913315
0.4376917159155249,-0.39549881887453786
0.4377312605630518,-0.38232956830741305
0.43777080521057865,-0.36920275780288137
0.4378103498581055,-0.36243068704875103
0.43784989450563233,-0.36566678528935803
0.4378894391531592,-0.3683330052259013
0.43792898380068607,-0.37104217413695206
0.43796852844821293,-0.37379314122231744
0.4380080730957398,-0.37657365621638217
0.43804761774326667,-0.37938028513088273
0.43808716239079354,-0.38218642203354847
0.43812670703832035,-0.38499259155841337
0.4381662516858472,-0.38779631861349095
0.4382057963333741,-0.3905950649786103
0.43824534098090095,-0.39338929509365617
0.4382848856284278,-0.39280163927478107
0.4383244302759547,-0.38313441628337586
0.43836397492348156,-0.37343589312748726
0.4384035195710084,-0.3637062551991006
0.4384430642185353,-0.35396590807690753
0.4384826088660621,-0.3419415559788961
0.438522153513589,-0.3277766013516912
0.43856169816111584,-0.3136251584720533
0.4386012428086427,-0.2994869631102022
0.4386407874561696,-0.2844872450956615
0.43868033210369645,-0.2675073222383153
0.4387198767512233,-0.2505398555679088
0.4387594213987501,-0.2335899428631265
0.438798966046277,-0.2247260690874242
0.43883851069380386,-0.2236946394372703
0.43887805534133073,-0.22267045227347104
0.4389175999888576,-0.22165320391408105
0.43895714463638447,-0.22064259082126636
0.43899668928391133,-0.2196383096013843
0.4390362339314382,-0.2186091111262174
0.43907577857896507,-0.21754837307854036
0.4391153232264919,-0.2164529703023632
0.43915486787401875,-0.21570145605753321
0.4391944125215456,-0.21490648904394316
0.4392339571690725,-0.21405807428532597
0.43927350181659935,-0.21686849279885045
0.4393130464641262,-0.22969538172263615
0.4393525911116531,-0.24246743697901518
0.4393921357591799,-0.2551841944733386
0.43943168040670677,-0.2678451890508713
0.43947122505423364,-0.28044898615285074
0.4395107697017605,-0.27464337354920865
0.4395503143492874,-0.24817575822868854
0.43958985899681424,-0.22164753695512562
0.4396294036443411,-0.19511217833612982
0.439668948291868,-0.16860173642034137
0.43970849293939485,-0.14211660474067767
0.43974803758692166,-0.11269450903244671
0.4397875822344485,-0.06862284791771778
0.4398271268819754,-0.04303354940442716
0.43986667152950226,-0.03826013647953008
0.43990621617702913,-0.03351401027115397
0.439945760824556,-0.028779671855752476
0.43998530547208287,-0.024039723052100115
0.4400248501196097,-0.01929422744830056
0.44006439476713655,-0.01454275232957336
0.4401039394146634,-0.009782094185091239
0.4401434840621903,-0.0050122788844904065
0.44018302870971715,-0.00023261081733849664
0.440222573357244,-0.004945625658292485
0.4402621180047709,-0.010922417119538785
0.44030166265229775,-0.008822802536499808
0.4403412072998246,0.01281453134093713
0.44038075194735143,0.03443348048174677
0.4404202965948783,0.056034239294932675
0.44045984124240517,0.07761700179484698
0.44049938588993204,0.09918196160114245
0.4405389305374589,0.12073652190103967
0.4405784751849858,0.14228626930070298
0.44061801983251264,0.16383126923866964
0.44065756448003945,0.1853715870135506
0.4406971091275663,0.2070659142736746
0.4407366537750932,0.22877612189344187
0.44077619842262006,0.2505020570436791
0.4408157430701469,0.25956237398203275
0.4408552877176738,0.2649732009651178
0.44089483236520066,0.26618294953103394
0.44093437701272753,0.2526375837994106
0.4409739216602544,0.23906742411044757
0.4410134663077812,0.22547236360303202
0.4410530109553081,0.21185229493101154
0.44109255560283495,0.198207110263521
0.4411321002503618,0.1845435630694423
0.4411716448978887,0.17087669143191686
0.44121118954541555,0.15993270879667953
0.4412507341929424,0.16781215387778747
0.44129027884046923,0.17568860316288948
0.4413298234879961,0.18356216610462006
0.44136936813552297,0.1914329521074416
0.44140891278304983,0.19930107052752088
0.4414484574305767,0.2033413455317934
0.44148800207810357,0.20507821581505592
0.44152754672563044,0.20681267839932804
0.4415670913731573,0.20853556097196702
0.4416066360206842,0.21024103926974202
0.441646180668211,0.21191702511227284
0.44168572531573785,0.20803481121869982
0.4417252699632647,0.1894759179309098
0.4417648146107916,0.17084276076337002
0.44180435925831846,0.15214535833150666
0.4418439039058453,0.13338331158033512
0.4418834485533722,0.11457109566136303
0.441922993200899,0.096689737732218
0.4419625378484259,0.10000905433911011
0.44200208249595274,0.10327760622845883
0.4420416271434796,0.10649513876931849
0.4420811717910065,0.10966139634677052
0.44212071643853335,0.11277612236191459
0.4421602610860602,0.11609512844121905
0.4421998057335871,0.11939870468460256
0.44223935038111395,0.1324358076712553
0.44227889502864076,0.15622813784679312
0.44231843967616763,0.17999500697333026
0.4423579843236945,0.20373660259187343
0.44239752897122137,0.2274531117302745
0.44243707361874823,0.2511447209033193
0.4424766182662751,0.2747946112729709
0.44251616291380197,0.2983966222607153
0.4425557075613288,0.32195070738328635
0.44259525220885565,0.11234858148877347
0.4426347968563825,0.14280651191210758
0.4426743415039094,0.17321637117370337
0.44271388615143625,0.2036236591463414
0.4427534307989631,0.2340388676806997
0.44279297544649,0.2644613781574705
0.44283252009401686,0.29488392855334666
0.4428720647415437,0.32530064695881844
0.44291160938907054,0.35571998397494653
0.4429511540365974,0.38613573783554056
0.4429906986841243,0.4165478847451656
0.44303024333165114,0.4469564008838729
0.443069787979178,0.47736126240724364
0.4431093326267049,0.5055787851437383
0.44314887727423175,0.5330998689637259
0.44318842192175856,0.5606172264882074
0.4432279665692854,0.5885453459409433
0.4432675112168123,0.6164876288627132
0.44330705586433916,0.6442586748017751
0.44334660051186603,0.6720244995774367
0.4433861451593929,0.6958873654204023
0.44342568980691976,0.6812602949343702
0.44346523445444663,0.6530569011107987
0.4435047791019735,0.624875398616294
0.4435443237495003,0.5967156573529904
0.4435838683970272,0.5685775475916941
0.44362341304455405,0.5404609399719087
0.4436629576920809,0.5123657055019537
0.4437025023396078,0.48429171555872763
0.44374204698713465,0.45756869385362275
0.4437815916346615,0.4379156133030273
0.44382113628218833,0.41828888528431474
0.4438606809297152,0.3986935913700149
0.44390022557724207,0.3791297110279004
0.44393977022476894,0.35959203448173405
0.4439793148722958,0.34006979701838436
0.4440188595198227,0.32056318984617427
0.44405840416734954,0.30107240443187067
0.4440979488148764,0.3280024046067238
0.4441374934624033,0.3641603946305585
0.4441770381099301,0.40033338870098767
0.44421658275745696,0.43652156543890985
0.4442561274049838,0.47272510369596077
0.4442956720525107,0.5089441825547247
0.44433521670003756,0.5451789813285757
0.44437476134756443,0.5814296795616727
0.4444143059950913,0.5825157817030018
0.4444538506426181,0.5792189748885672
0.444493395290145,0.5759198972066617
0.44453293993767184,0.5726176705345374
0.4445724845851987,0.5693051386373122
0.4446120292327256,0.5659823773134738
0.44465157388025245,0.5626463818903256
0.4446911185277793,0.5592954463225714
0.4447306631753062,0.5559296945199454
0.44477020782283305,0.5525412764823727
0.44480975247035986,0.5491286488519354
0.44484929711788673,0.5456913678252295
0.4448888417654136,0.5422251746972444
0.44492838641294047,0.5387300481485076
0.44496793106046734,0.5352059661772799
0.4450074757079942,0.5316599248394374
0.4450470203555211,0.528101008619978
0.4450865650030479,0.5245557236054239
0.44512610965057475,0.5224277623085962
0.4451656542981016,0.5229976583811302
0.4452051989456285,0.5235814611135607
0.44524474359315536,0.49122425616871457
0.4452842882406822,0.4507871343067338
0.4453238328882091,0.410393902816657
0.44536337753573596,0.37004435583641104
0.44540292218326283,0.3396592351894361
0.44544246683078964,0.3438047213407547
0.4454820114783165,0.34802804780990737
0.4455215561258434,0.35233435681751235
0.44556110077337024,0.3567140451342068
0.4456006454208971,0.3611632979601831
0.445640190068424,0.3656739313316857
0.44567973471595085,0.36899790153407075
0.44571927936347766,0.3723442197301159
0.44575882401100453,0.37570336154548123
0.4457983686585314,0.37903806091904535
0.44583791330605826,0.3823478727607057
0.44587745795358513,0.3856323513781099
0.445917002601112,0.3888910504767882
0.44595654724863887,0.39212352316014165
0.44599609189616574,0.39534427642514647
0.4460356365436926,0.3985628421737957
0.4460751811912194,0.37518583087228397
0.4461147258387463,0.3493794303458504
0.44615427048627315,0.3235702380979646
0.4461938151338,0.2977458473029264
0.4462333597813269,0.2718940471183009
0.44627290442885376,0.2460191323105727
0.4463124490763806,0.22013057582640094
0.44635199372390744,0.1942282808741682
0.4463915383714343,0.18160541103840977
0.4464310830189612,0.1852797392003147
0.44647062766648804,0.1832499850926803
0.4465101723140149,0.17521248297436998
0.4465497169615418,0.16716733243476822
0.44658926160906864,0.1591595332445639
0.4466288062565955,0.15118950106135953
0.4466683509041224,0.1432576522477138
0.4467078955516492,0.13540319657055466
0.44674744019917606,0.1276270876024661
0.44678698484670293,0.11992934622946638
0.4468265294942298,0.11230999484078907
0.44686607414175666,0.10476905732895059
0.44690561878928353,0.08921326269940622
0.4469451634368104,0.07126064858033221
0.4469847080843372,0.05331665986551881
0.4470242527318641,0.035380639077789766
0.44706379737939095,0.017451928875949818
0.4471033420269178,-0.0004886832894128723
0.4471428866744447,-0.0025430863460438324
0.44718243132197155,0.008345418606237054
0.4472219759694984,0.019210156968780367
0.4472615206170253,0.03009089645852825
0.44730106526455216,0.040987912788126746
0.44734060991207897,0.05190148200511846
0.44738015455960584,0.06282039097816483
0.4474196992071327,0.03525881100473649
0.44745924385465957,0.002405103232982597
0.44749878850218644,-0.04056479196344176
0.4475383331497133,-0.08520747082576108
0.4475778777972402,-0.09342882934796437
0.447617422444767,-0.09279687803465775
0.44765696709229386,-0.09217218003653294
0.4476965117398207,-0.09155444059840612
0.4477360563873476,-0.09094336513463652
0.44777560103487446,-0.09033865922897677
0.4478151456824013,-0.0897454500038033
0.4478546903299282,-0.0891506800848112
0.44789423497745506,-0.08781282198185858
0.44793377962498193,-0.08493823370426856
0.44797332427250874,-0.08888951246263099
0.4480128689200356,-0.1001816299332301
0.4480524135675625,-0.11144631134160754
0.44809195821508935,-0.12268375555321276
0.4481315028626162,-0.13388357267201512
0.4481710475101431,-0.14502869645112382
0.44821059215766995,-0.15611582755142006
0.44825013680519676,-0.1671449602638635
0.44828968145272363,-0.1781449707013043
0.4483292261002505,-0.18911676557389567
0.44836877074777737,-0.20009058998276164
0.44840831539530424,-0.2110801561844995
0.4484478600428311,-0.22208531126062914
0.44848740469035797,-0.2094408521035671
0.44852694933788484,-0.18713752511140047
0.4485664939854117,-0.16530650764926502
0.4486060386329385,-0.1446342112541359
0.4486455832804654,-0.12396568965354948
0.44868512792799226,-0.10330068255518832
0.4487246725755191,-0.08260947871666735
0.448764217223046,-0.061892096888066295
0.44880376187057286,-0.04114857213612533
0.4488433065180997,-0.04732447834516895
0.44888285116562654,-0.05913684633417038
0.4489223958131534,-0.07092317382111801
0.4489619404606803,-0.07198055138280202
0.44900148510820714,-0.07105209708491245
0.449041029755734,-0.07009770053774833
0.4490805744032609,-0.06911739356593438
0.44912011905078775,-0.06810953975865086
0.4491596636983146,-0.0670728335715709
0.4491992083458415,-0.06600369252602079
0.4492387529933683,-0.06486234699411586
0.44927829764089516,-0.06364836459948542
0.44931784228842203,-0.06234359065723716
0.4493573869359489,-0.06093948989576603
0.44939693158347577,-0.059435886198804244
0.44943647623100264,-0.05784670205573805
0.4494760208785295,-0.056227632969249264
0.4495155655260563,-0.04273525273782308
0.4495551101735832,-0.027168805037407484
0.44959465482111005,-0.011635357248514833
0.4496341994686369,0.0038644231462194867
0.4496737441161638,0.019306364646976437
0.44971328876369066,0.0346879981728514
0.4497528334112175,0.05006062024123503
0.4497923780587444,0.06543024675942366
0.44983192270627126,0.07746019099027057
0.44987146735379807,0.0878179251416209
0.44991101200132494,0.09818326606339545
0.4499505566488518,0.10855626981110511
0.4499901012963787,0.10360992810529579
0.45002964594390554,0.09841446245873309
0.4500691905914324,0.09326234499550656
0.4501087352389593,0.08815398131785512
0.4501482798864861,0.0830897778480928
0.45018782453401296,0.07807014182859318
0.4502273691815398,0.07309548132178856
0.4502669138290667,0.06816620521023964
0.45030645847659356,0.06328272319650408
0.45034600312412043,0.05841271764330225
0.4503855477716473,0.053527718555409276
0.45042509241917417,0.04862863322052746
0.45046463706670103,0.04370241435308175
0.45050418171422785,0.04221708105410382
0.4505437263617547,0.04455455748516801
0.4505832710092816,0.04685744156654792
0.45062281565680845,0.049125435203453804
0.4506623603043353,0.05700059004877067
0.4507019049518622,0.06503143717513504
0.45074144959938905,0.07302649501153669
0.45078099424691587,0.08097358294133405
0.45082053889444273,0.08934122841174474
0.4508600835419696,0.09594646340279178
0.45089962818949647,0.09893598075662213
0.45093917283702334,0.10186809122251139
0.4509787174845502,0.10475300698047718
0.4510182621320771,0.10776061354399813
0.45105780677960394,0.11093566821568057
0.4510973514271308,0.11406161792517189
0.4511368960746576,0.11713782387064464
0.4511764407221845,0.12016364622498354
0.45121598536971136,0.12313844413591024
0.4512555300172382,0.12606157572591092
0.4512950746647651,0.12893239809228962
0.45133461931229196,0.13175026730712958
0.45137416395981883,0.1345237676076203
0.45141370860734564,0.13726518069700955
0.4514532532548725,0.1406729490905736
0.4514927979023994,0.14409660745016506
0.45153234254992625,0.1543702962986213
0.4515718871974531,0.2884375172420337
0.45161143184498,0.42248928382330453
0.45165097649250685,0.5565259831087435
0.4516905211400337,0.25099792568326107
0.4517300657875606,0.22013005311737066
0.4517696104350874,0.18825797669946986
0.45180915508261427,0.15637237725997544
0.45184869973014113,0.124459862787627
0.451888244377668,0.0925105429177262
0.45192778902519487,0.060526341377996395
0.45196733367272174,0.028507336019348184
0.4520068783202486,-0.003546396145101216
0.4520464229677754,0.1425743117780014
0.4520859676153023,0.13737567482036006
0.45212551226282915,0.1321674161193096
0.452165056910356,0.12694935650403494
0.4522046015578829,0.12172131647428008
0.45224414620540976,0.116483116200365
0.4522836908529366,0.11123457552304217
0.4523232355004635,0.10597551395367821
0.45236278014799036,0.10073086966884004
0.4524023247955172,0.09551732971249338
0.45244186944304404,0.09033458277421369
0.4524814140905709,0.08516056067486177
0.4525209587380978,0.07999572879283967
0.45256050338562465,0.0748405525482716
0.4526000480331515,0.06969549740287695
0.4526395926806784,0.06456676751356971
0.4526791373282052,0.059460174754569106
0.45271868197573206,0.05437607306735748
0.45275822662325893,0.038371237949843096
0.4527977712707858,0.02117860416637596
0.45283731591831267,0.004019403692915091
0.45287686056583953,-0.013098837320999035
0.4529164052133664,-0.030175594401276484
0.45295594986089327,-0.04721034247083944
0.45299549450842014,-0.06419403037310678
0.45303503915594695,-0.08112414228118547
0.4530745838034738,-0.09800025746197072
0.4531141284510007,0.12524535717927776
0.45315367309852755,0.11990230348783504
0.4531932177460544,0.11455993677556275
0.4532327623935813,0.10921814096762894
0.45327230704110816,0.10387679972923092
0.45331185168863497,0.09853579646575028
0.45335139633616184,0.09319501432259747
0.4533909409836887,0.08784475797916036
0.4534304856312156,0.08248406494260552
0.45347003027874244,0.07711778901436528
0.4535095749262693,0.07174724212846861
0.4535491195737962,0.06636847284452818
0.45358866422132305,0.06097869885924245
0.4536282088688499,0.05557803637489389
0.4536677535163767,0.050166601106548026
0.4537072981639036,0.04474450828210452
0.45374684281143046,0.039352372583621786
0.45378638745895733,0.03412731966509064
0.4538259321064842,0.029067679577733152
0.45386547675401107,0.024171785461873707
0.45390502140153793,0.01943797354686172
0.45394456604906475,0.018401392839421327
0.4539841106965916,0.02083901192114146
0.4540236553441185,0.02328074783939904
0.45406319999164535,0.025725473679712785
0.4541027446391722,0.030583469731328528
0.4541422892866991,0.035989496809213595
0.45418183393422595,0.041361202834140354
0.4542213785817528,0.046698153500290385
0.4542609232292797,0.05199991362534151
0.4543004678768065,0.05726604715061212
0.45434001252433337,0.06249611714091419
0.45437955717186024,0.06768968578466428
0.4544191018193871,0.0728542641524581
0.454458646466914,0.07800727682029951
0.45449819111444084,0.08314854008213945
0.4545377357619677,0.08827786986763009
0.4545772804094945,0.0933950817421354
0.4546168250570214,0.10056916709764563
0.45465636970454826,0.11069063250733002
0.4546959143520751,0.12080428308385827
0.454735458999602,0.1309598973807682
0.45477500364712886,0.14117448554004142
0.45481454829465573,0.15144812324468138
0.4548540929421826,0.16178088725029793
0.45489363758970947,0.1721728553851274
0.4549331822372363,0.18262410655010797
0.45497272688476315,0.19431554432667708
0.45501227153229,0.20766450093101074
0.4550518161798169,0.2210729837038894
0.45509136082734375,0.23452371118676263
0.4551309054748706,0.24801324854323648
0.4551704501223975,0.2615420705331668
0.4552099947699243,0.2751106525604756
0.45524953941745117,0.2887194706734042
0.45528908406497803,0.3023690015643159
0.4553286287125049,0.31605972256982673
0.45536817336003177,0.3297785937456048
0.45540771800755864,0.3435163240723802
0.4554472626550855,0.35727316171488877
0.4554868073026124,0.35821801288684885
0.45552635195013924,0.34360175514254276
0.45556589659766605,0.32364978597400373
0.4556054412451929,0.3037047131812436
0.4556449858927198,0.2837669214430991
0.45568453054024666,0.263836795348515
0.4557240751877735,0.24391471939654075
0.4557636198353004,0.2240010779963697
0.45580316448282726,0.2030904117194705
0.4558427091303541,0.1822803380243827
0.45588225377788094,0.16160361573659277
0.4559217984254078,0.14106193494932295
0.4559613430729347,0.12065698830856775
0.45600088772046155,0.1003868475099039
0.4560404323679884,0.07996251373249263
0.4560799770155153,0.0596202118496274
0.45611952166304215,0.03939845591779134
0.456159066310569,0.019216596195777313
0.45619861095809583,-0.0009244588123631381
0.4562381556056227,-0.021023800154967187
0.45627770025314957,-0.04108051843234595
0.45631724490067643,-0.0610937037970114
0.4563567895482033,-0.08110412557853053
0.45639633419573017,-0.10114738086521768
0.45643587884325704,-0.12122333468836777
0.45647542349078385,-0.14135488683295483
0.4565149681383107,0.5481173098537586
0.4565545127858376,0.5070933915616682
0.45659405743336445,0.469434259565912
0.4566336020808913,0.43726673117675174
0.4566731467284182,0.4050987121994081
0.45671269137594506,0.3729300300521392
0.4567522360234719,0.34076051173367183
0.4567917806709988,0.30858998382316427
0.4568313253185256,0.2764182724802291
0.4568708699660525,0.24426765366005032
0.45691041461357934,0.21215118712422765
0.4569499592611062,0.18006833804602174
0.4569895039086331,0.14801857190093548
0.45702904855615994,0.11600135446669313
0.4570685932036868,0.08401615182331401
0.4571081378512136,0.05206243035302638
0.4571476824987405,0.01163662000577359
0.45718722714626736,-0.037516998250049394
0.45722677179379423,-0.08664073437274755
0.4572663164413211,-0.10983315268918492
0.45730586108884796,-0.1206102252182859
0.45734540573637483,-0.13137203527785024
0.4573849503839017,-0.1421188117051222
0.45742449503142857,-0.15285140996034574
0.4574640396789554,-0.16357985769243566
0.45750358432648225,-0.17430448754969996
0.4575431289740091,-0.18502563236042002
0.457582673621536,-0.19573410935745983
0.45762221826906285,-0.2064151337717668
0.4576617629165897,-0.21706971785500473
0.4577013075641166,-0.22769795903222878
0.4577408522116434,-0.23747561637657633
0.45778039685917027,-0.23895716899627395
0.45781994150669714,-0.23796617945269238
0.457859486154224,-0.2189523570175962
0.4578990308017509,-0.19991267445080885
0.45793857544927774,-0.18085824112849114
0.4579781200968046,-0.1618004949566565
0.4580176647443315,-0.14274037159908426
0.45805720939185834,-0.12369263708484635
0.45809675403938516,-0.10467074345388072
0.458136298686912,-0.08567463910289863
0.4581758433344389,-0.0667042731815628
0.45821538798196576,-0.06130777304123969
0.45825493262949263,-0.058117663385317986
0.4582944772770195,-0.060252624583310155
0.45833402192454636,-0.07131303026370972
0.4583735665720732,-0.08240575813902185
0.45841311121960004,-0.09353214693672784
0.4584526558671269,-0.10469523544620518
0.4584922005146538,-0.11589508895866629
0.45853174516218065,-0.12713177373682294
0.4585712898097075,-0.1383931790241988
0.4586108344572344,-0.14966745545986893
0.45865037910476125,-0.16095443295449652
0.4586899237522881,-0.17225394191321142
0.45872946839981493,-0.18356581323555998
0.4587690130473418,-0.19488007090535842
0.45880855769486867,-0.20617082220306227
0.45884810234239554,-0.21743825669045425
0.4588876469899224,-0.22703894948413827
0.45892719163744927,-0.23064371734519407
0.45896673628497614,-0.2334587859642463
0.45900628093250295,-0.22992623408528834
0.4590458255800298,-0.22636571286461704
0.4590853702275567,-0.2227621727866813
0.45912491487508356,-0.2191155945815888
0.4591644595226104,-0.21543550184439253
0.4592040041701373,-0.21173033647358253
0.45924354881766416,-0.20735109592998047
0.45928309346519103,-0.20105008917929146
0.4593226381127179,-0.19440809349249388
0.4593621827602447,-0.18848965285322627
0.4594017274077716,-0.18349533213050417
0.45944127205529844,-0.17869849781151315
0.4594808167028253,-0.174097903901421
0.4595203613503522,-0.1695834233704141
0.45955990599787905,-0.16512313388119804
0.4595994506454059,-0.16069124254281464
0.45963899529293273,-0.15625682817475983
0.4596785399404596,-0.15181999766248655
0.45971808458798646,-0.14738085807025136
0.45975762923551333,-0.14293951664139826
0.4597971738830402,-0.13849608079828668
0.45983671853056707,-0.13405065814222672
0.45987626317809394,-0.12960335645354215
0.4599158078256208,-0.1251542836916264
0.45995535247314767,-0.1202202525677869
0.4599948971206745,-0.11522384845933242
0.46003444176820135,-0.11020961747540792
0.4600739864157282,-0.10518967080745201
0.4601135310632551,-0.10666157366163187
0.46015307571078196,-0.11872198222314001
0.4601926203583088,-0.13081976974888665
0.4602321650058357,-0.1429551689374713
0.4602717096533625,-0.15512841343298378
0.46031125430088937,-0.16249543607676875
0.46035079894841624,-0.16619247650214275
0.4603903435959431,-0.16988257008707564
0.46042988824347,-0.17356641541363294
0.46046943289099684,-0.0709633719567595
0.4605089775385237,-0.05988430697658842
0.4605485221860506,-0.048805202866284425
0.46058806683357745,-0.03770762245818693
0.46062761148110426,-0.026586538284385508
0.46066715612863113,-0.02351958427495271
0.460706700776158,-0.027056262887841687
0.46074624542368486,-0.030596454141744278
0.46078579007121173,-0.034139732368667186
0.4608253347187386,-0.037685672052792274
0.46086487936626547,-0.041233847830467685
0.4609044240137923,-0.04478383449020695
0.46094396866131915,-0.04833520697273741
0.460983513308846,-0.051891650013453194
0.4610230579563729,-0.05548116111238244
0.46106260260389975,-0.059103639685964104
0.4611021472514266,-0.06275898594938445
0.4611416918989535,-0.06644710091657435
0.46118123654648036,-0.07016788640025329
0.4612207811940072,-0.07391547833700729
0.46126032584153404,-0.0776733585913969
0.4612998704890609,-0.08143426566274004
0.46133941513658777,-0.08519821350978152
0.46137895978411464,-0.09287818848356455
0.4614185044316415,-0.10871018279533073
0.4614580490791684,-0.12453692612053846
0.46149759372669524,-0.14033632810486107
0.46153713837422206,-0.15477414291311442
0.4615766830217489,-0.1622422600750375
0.4616162276692758,-0.16965035584303623
0.46165577231680266,-0.17701327004027512
0.4616953169643295,-0.18434087583014147
0.4617348616118564,-0.19166502335202695
0.46177440625938326,-0.19898584512454232
0.46181395090691013,-0.20630347375823144
0.461853495554437,-0.2136180419554563
0.4618930402019638,-0.2209296825104783
0.4619325848494907,-0.22824318245031927
0.46197212949701755,-0.2355767854195152
0.4620116741445444,-0.2429450923503622
0.4620512187920713,-0.25133767178457855
0.46209076343959815,-0.2657095451147691
0.462130308087125,-0.28013284224103563
0.46216985273465183,-0.29460777967981233
0.4622093973821787,-0.3091345751136898
0.46224894202970557,-0.32370157884490114
0.46228848667723244,-0.3383033872589145
0.4623280313247593,-0.3529403979398551
0.46236757597228617,-0.3672615951118461
0.46240712061981304,-0.38162584088884133
0.4624466652673399,-0.3960336335057324
0.4624862099148668,-0.37996634533103
0.4625257545623936,-0.3565803121513196
0.46256529920992046,-0.3332498677674156
0.4626048438574473,-0.3144266642734337
0.4626443885049742,-0.2992244639938173
0.46268393315250106,-0.29185237849020185
0.4627234778000279,-0.29168173508330053
0.4627630224475548,-0.29156867303244205
0.4628025670950816,-0.2915133559498204
0.4628421117426085,-0.29151408832721204
0.46288165639013534,-0.29156800641756453
0.4629212010376622,-0.2916744624315557
0.4629607456851891,-0.29183384360153397
0.46300029033271595,-0.29204653826178006
0.4630398349802428,-0.2923129358484937
0.4630793796277697,-0.41693309600682404
0.46311892427529655,-0.42709983158254916
0.46315846892282336,-0.4183944553272423
0.46319801357035023,-0.408393679903273
0.4632375582178771,-0.39832630674538994
0.46327710286540397,-0.3881922697840574
0.46331664751293083,-0.3779915016014668
0.4633561921604577,-0.3677239334316118
0.46339573680798457,-0.3573894951602443
0.4634352814555114,-0.34698811532490614
0.46347482610303825,-0.3365197211149056
0.4635143707505651,-0.32602043022403127
0.463553915398092,-0.3155035218226221
0.46359346004561885,-0.3049686722132048
0.4636330046931457,-0.294447184454508
0.4636725493406726,-0.2839423917977446
0.46371209398819946,-0.27723840137175104
0.4637516386357263,-0.2791462568105545
0.46379118328325314,-0.28106876485939436
0.46383072793078,-0.28300524542217875
0.4638702725783069,-0.28502497466148924
0.46390981722583374,-0.2871418578677556
0.4639493618733606,-0.28935605336178716
0.4639889065208875,-0.2916608000840504
0.46402845116841435,-0.29401937013507506
0.46406799581594116,-0.2964323679355134
0.464107540463468,-0.2989003990598107
0.4641470851109949,-0.3014240702361457
0.46418662975852176,-0.30395095610497025
0.46422617440604863,-0.30647453307140493
0.4642657190535755,-0.30899481568199016
0.46430526370110237,-0.31206466705994806
0.46434480834862923,-0.3198934697953759
0.4643843529961561,-0.3276840757947266
0.4644238976436829,-0.33750060167771245
0.4644634422912098,-0.34849382296436104
0.46450298693873665,-0.3594499564716078
0.4645425315862635,-0.37036937035327977
0.4645820762337904,-0.3812524320140116
0.46462162088131725,-0.3920995081092107
0.4646611655288441,-0.4029178734115284
0.46470071017637093,-0.41371399033543454
0.4647402548238978,-0.4244880922799483
0.46477979947142467,-0.43053778613994
0.46481934411895154,-0.4308305567716282
0.4648588887664784,-0.4311020097026126
0.4648984334140053,-0.4313544923357946
0.46493797806153214,-0.4315923029691775
0.464977522709059,-0.4318226607789337
0.4650170673565859,-0.43201394231662693
0.4650566120041127,-0.42723829479996533
0.46509615665163956,-0.40737243893118036
0.4651357012991664,-0.3874536906370083
0.4651752459466933,-0.36749642877326627
0.46521479059422016,-0.34755221440470274
0.46525433524174703,-0.3276351390575143
0.4652938798892739,-0.30775479353673907
0.4653334245368007,-0.29447605932043963
0.4653729691843276,-0.28398426765805196
0.46541251383185445,-0.2735231018415396
0.4654520584793813,-0.2646629522236603
0.4654916031269082,-0.25955303773171634
0.46553114777443505,-0.2544715951220642
0.4655706924219619,-0.24941851858442066
0.4656102370694888,-0.24439370286703177
0.46564978171701565,-0.23939704327660394
0.46568932636454247,-0.23442843567844474
0.46572887101206933,-0.2294877764964265
0.4657684156595962,-0.22457496271283794
0.46580796030712307,-0.21968989186855126
0.46584750495464994,-0.21479237243198623
0.4658870496021768,-0.20987824492788043
0.4659265942497037,-0.20494697160270725
0.4659661388972305,-0.20817332034658875
0.46600568354475735,-0.21949308492156439
0.4660452281922842,-0.2279152225338863
0.4660847728398111,-0.2299249151497742
0.46612431748733796,-0.23187012485981517
0.4661638621348648,-0.2337708071543001
0.4662034067823917,-0.23565166557853612
0.46624295142991856,-0.2375044808922575
0.46628249607744543,-0.23932049036039604
0.46632204072497224,-0.2410998761234575
0.4663615853724991,-0.24284281963126464
0.466401130020026,-0.24455049335743784
0.46644067466755285,-0.24623631391333411
0.4664802193150797,-0.2219088201705639
0.4665197639626066,-0.19693985743916143
0.46655930861013345,-0.17194915008528433
0.46659885325766026,-0.1469367334824896
0.46663839790518713,-0.12189769453614652
0.466677942552714,-0.09681641987943301
0.46671748720024087,-0.07168928081823767
0.46675703184776773,-0.04651623891314971
0.4667965764952946,-0.021297254835492385
0.46683612114282147,0.003953656517456494
0.46687566579034834,0.016781979374892675
0.4669152104378752,0.014191069383274968
0.466954755085402,0.011566846360644423
0.4669942997329289,0.008909283446732807
0.46703384438045575,0.006218353070085669
0.4670733890279826,0.0034940269482079955
0.4671129336755095,0.0007362760874038976
0.46715247832303636,-0.0020549292171563316
0.4671920229705632,-0.0048216016024675845
0.46723156761809004,-0.007548599501287168
0.4672711122656169,-0.010220015150706363
0.4673106569131438,-0.012832605136876563
0.46735020156067064,-0.015440526971274515
0.4673897462081975,-0.018463632160923726
0.4674292908557244,-0.0300891105933343
0.46746883550325125,-0.04172294611399652
0.4675083801507781,-0.05336507912784816
0.467547924798305,-0.06501545030667621
0.4675874694458318,-0.07358114532883153
0.46762701409335866,-0.07488192637019431
0.46766655874088553,-0.07619188696849255
0.4677061033884124,-0.07751329412069685
0.46774564803593927,-0.07883583135497574
0.46778519268346613,-0.0698466652094174
0.467824737330993,-0.053905122647623926
0.4678642819785198,-0.03795121678536617
0.4679038266260467,-0.021984729114616464
0.46794337127357355,-0.004594778200495586
0.4679829159211004,0.014993741106133829
0.4680224605686273,0.03459549850635879
0.46806200521615415,0.054222103451771364
0.468101549863681,0.07387816851366402
0.4681410945112079,0.07349067123196695
0.46818063915873476,0.06393515328707533
0.46822018380626157,0.0544092769129052
0.46825972845378844,0.04487742806743089
0.4682992731013153,0.03532472895798522
0.4683388177488422,0.02575142925626528
0.46837836239636904,0.016158834345436635
0.4684179070438959,0.006546527806902791
0.4684574516914228,-0.0031075906460507063
0.4684969963389496,0.006920828341117513
0.46853654098647646,0.016910276149479042
0.4685760856340033,0.02684949994277197
0.4686156302815302,0.03677899736985957
0.46865517492905706,0.04669485404606721
0.46869471957658393,0.056589915288727255
0.4687342642241108,0.06644861582915018
0.46877380887163766,0.07626840933229406
0.46881335351916453,0.08605841125220204
0.46885289816669135,0.09584631913741015
0.4688924428142182,0.1056321466607284
0.4689319874617451,0.11541590730870199
0.46897153210927195,0.12519761438165755
0.4690110767567988,0.1349772809936325
0.4690506214043257,0.1447549200724123
0.46909016605185255,0.16640374108336475
0.46912971069937937,0.19359681472417645
0.46916925534690623,0.22078789849759195
0.4692087999944331,0.24797700458637717
0.46924834464195997,0.2664847125609824
0.46928788928948684,0.2782451306295499
0.4693274339370137,0.2900483223779511
0.4693669785845406,0.3018934209821271
0.46940652323206744,0.31377956035416554
0.4694460678795943,0.3099584265214128
0.4694856125271211,0.30476492906814556
0.469525157174648,0.29955508295648503
0.46956470182217486,0.294328578478785
0.4696042464697017,0.2931804436733141
0.4696437911172286,0.2948113715189198
0.46968333576475546,0.2964198291677538
0.46972288041228233,0.2980057085218837
0.46976242505980914,0.29959205001659317
0.469801969707336,0.30117941568730133
0.4698415143548629,0.3027679316439329
0.46988105900238974,0.3043577239857074
0.4699206036499166,0.3059489188011084
0.4699601482974435,0.30754164216805346
0.46999969294497035,0.30913602015369523
0.4700392375924972,0.3107321788145332
0.4700787822400241,0.3123302441964091
0.4701183268875509,0.3139303423345039
0.47015787153507776,0.31581710471862223
0.47019741618260463,0.31887128968462397
0.4702369608301315,0.3219253682145542
0.47027650547765837,0.3249729833514121
0.47031605012518524,0.32774590131845693
0.4703555947727121,0.32649439593536433
0.4703951394202389,0.3252308408325879
0.4704346840677658,0.3239467832795846
0.47047422871529265,0.3226372983788748
0.4705137733628195,0.3213019266955204
0.4705533180103464,0.31969143888803453
0.47059286265787326,0.3172198595713063
0.4706324073054001,0.31472500719466634
0.470671951952927,0.3122122840873227
0.47071149660045386,0.31039102021630827
0.4707510412479807,0.3157472748265566
0.47079058589550754,0.32108567601406746
0.4708301305430344,0.3264152322466405
0.4708696751905613,0.3317420044404531
0.47090921983808814,0.33706592309786965
0.470948764485615,0.3423869185916715
0.4709883091331419,0.34770492116525764
0.4710278537806687,0.35301986093252724
0.47106739842819556,0.35833166787788207
0.47110694307572243,0.3636402718563043
0.4711464877232493,0.36894560259329134
0.47118603237077616,0.37424758968491467
0.47122557701830303,0.37952936972832907
0.4712651216658299,0.38275253794567954
0.47130466631335677,0.36937839958355445
0.47134421096088364,0.3509660510112922
0.47138375560841045,0.3323973935895035
0.4714233002559373,0.3136699139604051
0.4714628449034642,0.2954437240171992
0.47150238955099105,0.27723706172710383
0.4715419341985179,0.2590498750661232
0.4715814788460448,0.24088289025160403
0.47162102349357166,0.2227368338940119
0.47166056814109847,0.20624964976411553
0.47170011278862534,0.19103021816907484
0.4717396574361522,0.17585515628229187
0.4717792020836791,0.1607249763689036
0.47181874673120594,0.1558654343987289
0.4718582913787328,0.1574589321116857
0.4718978360262597,0.1590552385718249
0.47193738067378654,0.1606544591397383
0.4719769253213134,0.1622566991968064
0.4720164699688402,0.1638620641450994
0.4720560146163671,0.16547206781622448
0.47209555926389396,0.16709184964560508
0.47213510391142083,0.16872145036615827
0.4721746485589477,0.1703609108612505
0.47221419320647456,0.17164414366792746
0.47225373785400143,0.15798986164447681
0.47229328250152824,0.14434556294870404
0.4723328271490551,0.13071128906583596
0.472372371796582,0.11708708163171933
0.47241191644410885,0.10731793776127363
0.4724514610916357,0.10117960344469612
0.4724910057391626,0.09505146138714204
0.47253055038668945,0.08895005143565715
0.4725700950342163,0.0828774060594415
0.4726096396817432,0.07683375080951338
0.47264918432927,0.07081948557694018
0.47268872897679687,0.06483549074479278
0.47272827362432374,0.05888198509429943
0.4727678182718506,0.05867134269388696
0.47280736291937747,0.059881936346154685
0.47284690756690434,0.06144624711231339
0.4728864522144312,0.06266822059765342
0.472925996861958,0.06388916889346374
0.4729655415094849,0.06510922653453877
0.47300508615701176,0.0663285280711321
0.4730446308045386,0.06754720806886505
0.4730841754520655,0.06876540110860452
0.47312372009959236,0.06998324178667481
0.4731632647471192,0.06478337048197425
0.4732028093946461,0.058952810111383425
0.47324235404217296,0.05312230126005435
0.4732818986896998,0.04729041682858259
0.47332144333722664,0.038769640496625346
0.4733609879847535,0.02831689195761422
0.4734005326322804,0.01785542850422539
0.47344007727980725,0.0073854798416594925
0.4734796219273341,-0.00309272450070619
0.473519166574861,0.013556411745692998
0.4735587112223878,0.12226893354064083
0.47359825586991466,0.2309738871889091
0.47363780051744153,0.33967150151662207
0.4736773451649684,0.4483620051739825
0.47371688981249527,0.18131430771486645
0.47375643446002214,0.18262938343840052
0.473795979107549,0.18392644965117944
0.47383552375507587,0.18520562020849063
0.47387506840260274,0.1864633200877357
0.47391461305012955,0.18770778481317052
0.4739541576976564,0.18896689632773978
0.4739937023451833,0.19024035084018687
0.47403324699271016,0.1915278448079918
0.474072791640237,0.19282917563612223
0.4741123362877639,0.19415292635322512
0.47415188093529076,0.1954987040170657
0.47419142558281757,0.19686611611496296
0.47423097023034444,0.19825477056357022
0.4742705148778713,0.19966427570919087
0.4743100595253982,0.20108399186001558
0.47434960417292504,0.20249145563390147
0.4743891488204519,0.20388348235947307
0.4744286934679788,0.205255513312117
0.47446823811550565,0.2098626961433716
0.4745077827630325,0.22648757577002065
0.4745473274105593,0.24309203415267167
0.4745868720580862,0.2596759287213781
0.47462641670561306,0.2762391165330822
0.47466596135313993,0.29278145427167024
0.4747055060006668,0.30929883860084173
0.47474505064819367,0.32578732310375136
0.47478459529572054,0.3422443967929736
0.47482413994324735,0.35866993325407215
0.4748636845907742,0.35777222978795375
0.4749032292383011,0.35398706218981957
0.47494277388582795,0.3501699746552118
0.4749823185333548,0.34632083845966655
0.4750218631808817,0.3424375422886343
0.47506140782840856,0.33851862819016265
0.4751009524759354,0.3345639990672393
0.4751404971234623,0.3305735571783375
0.4751800417709891,0.3265472041375457
0.47521958641851597,0.32248484091443563
0.47525913106604284,0.31038561199291115
0.4752986757135697,0.29719111848142576
0.4753382203610966,0.2840018451931554
0.47537776500862344,0.2708182992926935
0.4754173096561503,0.25764098810997504
0.4754568543036771,0.24447041914035728
0.475496398951204,0.23130710004442223
0.47553594359873086,0.21815153864826708
0.4755754882462577,0.20500424294326125
0.4756150328937846,0.1918657210861463
0.47565457754131146,0.17873648139903553
0.47569412218883833,0.16561703236943126
0.4757336668363652,0.15250788265014625
0.47577321148389207,0.13700663191721985
0.4758127561314189,0.1154353668629251
0.47585230077894575,0.09391403667592124
0.4758918454264726,0.07244277382005704
0.4759313900739995,0.05102171170182945
0.47597093472152635,0.029650984670404945
0.4760104793690532,0.008330728017589273
0.4760500240165801,-0.012938922022184496
0.4760895686641069,-0.03415782827174807
0.47612911331163377,-0.05532585261139289
0.47616865795916063,-0.07644285597870848
0.4762082026066875,-0.09750869836855802
0.47624774725421437,-0.1185232388332702
0.47628729190174124,-0.14055618847276818
0.4763268365492681,-0.16251695223986173
0.476366381196795,-0.1701224251973601
0.47640592584432184,-0.17069171245493564
0.47644547049184865,-0.17120118733613543
0.4764850151393755,-0.17165054585396522
0.4765245597869024,-0.17203948272511704
0.47656410443442926,-0.1723676913699701
0.4766036490819561,-0.1726348639126205
0.476643193729483,-0.1578039186698046
0.47668273837700986,-0.13390264746429503
0.4767222830245367,-0.10994872331985395
0.47676182767206354,-0.08597029706136405
0.4768013723195904,-0.062010027572874105
0.4768409169671173,-0.0380667842684872
0.47688046161464415,-0.014139436901725144
0.476920006262171,0.00978596289029987
0.4769595509096979,0.033723875629021904
0.47699909555722475,0.05772038444856076
0.4770386402047516,0.06771704064723805
0.47707818485227843,0.07706749198570506
0.4771177294998053,0.08643463546892916
0.47715727414733217,0.0958186945656605
0.47719681879485903,0.10521989295914436
0.4772363634423859,0.11463845454722099
0.47727590808991277,0.1240839597892971
0.47731545273743964,0.13355745735709856
0.47735499738496645,0.14306058125966947
0.4773945420324933,0.1526014247046401
0.4774340866800202,0.16218001496747947
0.47747363132754705,0.17179637993565544
0.4775131759750739,0.18144930540656912
0.4775527206226008,0.19112634101913395
0.47759226527012766,0.20082369166408043
0.4776318099176545,0.21051408335830368
0.4776713545651814,0.2201971024525773
0.4777108992127082,0.22249305123959395
0.4777504438602351,0.21710718801584905
0.47778998850776194,0.21099869288767747
0.4778295331552888,0.19830384953215674
0.4778690778028157,0.18559956121812604
0.47790862245034255,0.17288541265151425
0.4779481670978694,0.160160988263923
0.4779877117453962,0.14744629629409234
0.4780272563929231,0.13474440659728604
0.47806680104044996,0.12206311850000029
0.47810634568797683,0.10952314926647588
0.4781458903355037,0.09717141344400781
0.47818543498303057,0.08500638959646434
0.47822497963055743,0.07301077072528273
0.4782645242780843,0.06116612393101528
0.47830406892561117,0.04871603009242875
0.478343613573138,0.03627506752872378
0.47838315822066485,0.023843521368368314
0.4784227028681917,0.011421676869486141
0.4784622475157186,-0.0009901805802097208
0.47850179216324545,-0.013391765463376615
0.4785413368107723,-0.019211728889983792
0.4785808814582992,-0.0077191946084731455
0.478620426105826,0.0037844695692759167
0.47865997075335287,0.015297071905899351
0.47869951540087974,0.02683494132693598
0.4787390600484066,0.038401401814947445
0.4787786046959335,0.04998678168417747
0.47881814934346034,0.0615908497791513
0.4788576939909872,0.07321337522835902
0.4788972386385141,0.08485412744429821
0.47893678328604095,0.09011863532906705
0.47897632793356776,0.08966685596191759
0.4790158725810946,0.0892316352269158
0.4790554172286215,0.08880983353816196
0.47909496187614836,0.3391867695268007
0.47913450652367523,0.2298872266622194
0.4791740511712021,0.12060219057340493
0.47921359581872897,0.011331412812334296
0.4792531404662558,-0.09792535482447073
0.47929268511378265,-0.1312217408718359
0.4793322297613095,-0.12833083106291143
0.4793717744088364,-0.12631223670555158
0.47941131905636325,-0.12428062259635153
0.4794508637038901,-0.12223623571774267
0.479490408351417,-0.1201793228079282
0.47952995299894385,-0.11811270182768219
0.4795694976464707,-0.11606664291604529
0.47960904229399753,-0.11404135461228337
0.4796485869415244,-0.11203675328647611
0.47968813158905127,-0.11005275572589968
0.47972767623657814,-0.10842004394721227
0.479767220884105,-0.10614460555477345
0.4798067655316319,-0.1038662861248123
0.47984631017915874,-0.1015851189120669
0.47988585482668555,-0.10099191341776725
0.4799253994742124,-0.10741642571449894
0.4799649441217393,-0.1138381899927623
0.48000448876926616,-0.12025723950730871
0.480044033416793,-0.12667360751293444
0.4800835780643199,-0.12400552675244203
0.48012312271184676,-0.0995313196067924
0.48016266735937363,-0.075054530716538
0.4802022120069005,-0.05057519333640137
0.4802417566544273,-0.02609334072113656
0.4802813013019542,-0.0038723514887277766
0.48032084594948105,0.017835799136102892
0.4803603905970079,0.03954636523174804
0.4803999352445348,0.06125931354341052
0.48043947989206165,0.08297461081635316
0.4804790245395885,0.07713736833549856
0.48051856918711533,0.06197122581182768
0.4805581138346422,0.04680733248510638
0.48059765848216907,0.03164565510059747
0.48063720312969593,0.0164861604035047
0.4806767477772228,0.0013288151390753455
0.48071629242474967,-0.013826413947442884
0.48075583707227654,-0.028979560110860447
0.4807953817198034,-0.04413065660588611
0.4808349263673303,-0.059279736687330775
0.4808744710148571,-0.07442683360991786
0.48091401566238395,-0.08957198062845739
0.4809535603099108,-0.1047152109977163
0.4809931049574377,-0.11985655797246197
0.48103264960496456,-0.1263560570109532
0.4810721942524914,-0.1280277517473296
0.4811117389000183,-0.12969766285346518
0.4811512835475451,-0.13136582358414062
0.481190828195072,-0.13303226719413708
0.48123037284259884,-0.13469702693819352
0.4812699174901257,-0.1363601360711053
0.4813094621376526,-0.12281447082189656
0.48134900678517945,-0.10278797967692421
0.4813885514327063,-0.08275993768509293
0.4814280960802332,-0.07265006183398937
0.48146764072776005,-0.0682398912868325
0.48150718537528686,-0.06382826965709043
0.48154673002281373,-0.059415230199586055
0.4815862746703406,-0.05500080616905878
0.48162581931786747,-0.05058503082027466
0.48166536396539433,-0.046167937408001514
0.4817049086129212,-0.044867880257451365
0.48174445326044807,-0.055732176806033706
0.4817839979079749,-0.06659525505538477
0.48182354255550175,-0.07745714826035766
0.4818630872030286,-0.08831788967567533
0.4819026318505555,-0.09917751255610519
0.48194217649808235,-0.11003605015641504
0.4819817211456092,-0.12089353573135675
0.4820212657931361,-0.12379795753422318
0.48206081044066296,-0.12285374618439615
0.4821003550881898,-0.12190858257353021
0.48213989973571664,-0.12096249995633546
0.4821794443832435,-0.12001553158765166
0.4822189890307704,-0.11906771072221467
0.48225853367829724,-0.11811907061480742
0.4822980783258241,-0.12177400721612575
0.482337622973351,-0.1279326659655453
0.48237716762087784,-0.13409060523728122
0.48241671226840466,-0.14024785828610042
0.4824562569159315,-0.14640445836678317
0.4824958015634584,-0.15256043873406888
0.48253534621098526,-0.1587158326427529
0.48257489085851213,-0.16471080514927738
0.482614435506039,-0.16929732893941374
0.48265398015356586,-0.17388336603524834
0.48269352480109273,-0.1784689496915206
0.4827330694486196,-0.1830541131630401
0.4827726140961464,-0.1876388897045178
0.4828121587436733,-0.19222331257074732
0.48285170339120015,-0.19535787619263356
0.482891248038727,-0.17430281997416852
0.4829307926862539,-0.1532475098447712
0.48297033733378075,-0.132191979059181
0.4830098819813076,-0.11113626087219153
0.48304942662883443,-0.09008038853854305
0.4830889712763613,-0.06902439531301496
0.48312851592388817,-0.04796831445039107
0.48316806057141504,-0.026912179205407227
0.4832076052189419,-0.005856022832874785
0.4832471498664688,0.015200121412497047
0.48328669451399564,0.013350533191637481
0.4833262391615225,0.009456540432815963
0.4833657838090494,0.005562435782503705
0.4834053284565762,-0.019522291377056966
0.48344487310410306,-0.04727039848163894
0.4834844177516299,-0.07501871724199649
0.4835239623991568,-0.10276728091292764
0.48356350704668366,-0.13051612274918334
0.48360305169421053,-0.15826527600551632
0.4836425963417374,-0.18601477393672372
0.4836821409892642,-0.21376464979749876
0.4837216856367911,-0.24151493684272474
0.48376123028431794,-0.26462825010036006
0.4838007749318448,-0.26297866179920515
0.4838403195793717,-0.2613295844467718
0.48387986422689855,-0.25968105129777097
0.4839194088744254,-0.25803309560701226
0.4839589535219523,-0.2563857506292484
0.48399849816947915,-0.25473904961924543
0.48403804281700596,-0.25309302583175786
0.48407758746453283,-0.22967658584312023
0.4841171321120597,-0.20416060425488158
0.48415667675958657,-0.1786453996534867
0.48419622140711344,-0.1531310052937025
0.4842357660546403,-0.1276174544302675
0.48427531070216717,-0.1021047803179771
0.484314855349694,-0.07659301621157066
0.48435439999722085,-0.05108219536582759
0.4843939446447477,-0.02557235103551747
0.4844334892922746,-0.004692526303610833
0.48447303393980146,0.012054602352395527
0.4845125785873283,0.028800654728655672
0.4845521232348552,0.045545597570430196
0.48459166788238206,0.062289397622939724
0.48463121252990893,0.07903202163141554
0.48467075717743574,0.0957734363410907
0.4847103018249626,0.11251360849719916
0.4847498464724895,0.12461120074643173
0.48478939112001634,0.12475812091289651
0.4848289357675432,0.12490369876147778
0.4848684804150701,0.12504790103743968
0.48490802506259695,0.1251906944859993
0.48494756971012376,0.12533204585240387
0.48498711435765063,0.12547192188184297
0.4850266590051775,0.11622808148030028
0.48506620365270436,0.10052207236715205
0.48510574830023123,0.08481448815276771
0.4851452929477581,0.071189994920279
0.48518483759528497,0.059285179569309676
0.48522438224281184,0.04737868935280254
0.4852639268903387,0.03547049101600486
0.4853034715378655,0.02356055130414969
0.4853430161853924,0.011648836962427467
0.48538256083291925,-0.0002646852638861219
0.4854221054804461,-0.012180048629586437
0.485461650127973,-0.024097286389427097
0.48550119477549986,-0.03601643179815994
0.4855407394230267,-0.04793751811057945
0.48558028407055354,-0.059860578581411694
0.4856198287180804,-0.07178564646547958
0.48565937336560727,-0.0837127550175083
0.48569891801313414,-0.09564193749227812
0.485738462660661,-0.10602916499919957
0.4857780073081879,-0.10681763495038776
0.48581755195571474,-0.0990610384427173
0.4858570966032416,-0.08045697783835681
0.4858966412507685,-0.06185515743055792
0.4859361858982953,-0.04325561047410176
0.48597573054582216,-0.024658370223771264
0.48601527519334903,-0.006063469934316501
0.4860548198408759,0.012529057139493815
0.48609436448840276,0.031119177742892745
0.48613390913592963,0.049706858621114236
0.4861734537834565,0.06762760781917532
0.4862129984309833,0.07667056966094954
0.4862525430785102,0.08571099201321619
0.48629208772603705,0.09474884162123764
0.4863316323735639,0.10378408523024518
0.4863711770210908,0.11281668958545943
0.48641072166861765,0.12516187372582976
0.4864502663161445,0.13989484481968528
0.4864898109636714,0.15462507689546
0.48652935561119826,0.169352536698387
0.48656890025872507,0.18407719097371267
0.48660844490625194,0.18938193832261163
0.4866479895537788,0.17965463487714484
0.48668753420130567,0.16992442613976166
0.48672707884883254,0.16019127885569695
0.4867666234963594,0.1504551597701962
0.4868061681438863,0.1407160356284658
0.4868457127914131,0.1309738731757646
0.48688525743893996,0.12122863915729987
0.4869248020864668,0.11148030031833045
0.4869643467339937,0.10172882340406364
0.48700389138152056,0.09640172600209684
0.4870434360290474,0.09113039436716974
0.4870829806765743,0.08585582489268617
0.48712252532410116,0.08057798432382146
0.48716206997162803,0.07529683940583709
0.48720161461915484,0.07001235688400964
0.4872411592666817,0.06472450350348602
0.4872807039142086,0.059433246009557905
0.48732024856173545,0.054138551147426384
0.4873597932092623,0.0488403856623707
0.4873993378567892,0.043538716299565294
0.48743888250431605,0.03823350980428586
0.48747842715184286,0.03292473292175213
0.48751797179936973,0.027612352397209605
0.4875575164468966,0.022296334975849597
0.48759706109442347,0.01780058890870606
0.48763660574195034,0.01369278082115688
0.4876761503894772,0.009581236072517818
0.48771569503700407,0.0054659214080228224
0.48775523968453094,0.001346803572888966
0.4877947843320578,-0.0027761506876222697
0.4878343289795846,0.000728731921383563
0.4878738736271115,0.007249899918655878
0.48791341827463836,0.01376713172625088
0.4879529629221652,0.02028039408937321
0.4879925075696921,0.02678965375328346
0.48803205221721896,0.033294877463188044
0.4880715968647458,0.03979603196434667
0.48811114151227264,0.04629308400196397
0.4881506861597995,0.052786000321303206
0.4881902308073264,0.05927474766756724
0.48822977545485324,0.051231222260801346
0.4882693201023801,0.03784405191950668
0.488308864749907,0.024452612840851984
0.48834840939743385,0.011056871770039223
0.4883879540449607,-0.002343204547640809
0.4884274986924876,-0.02427786713017621
0.4884670433400144,-0.05134112165883131
0.48850658798754126,-0.07840881119869803
0.48854613263506813,-0.10548096900454063
0.488585677282595,-0.12670335848277148
0.48862522193012187,-0.1295664926961031
0.48866476657764873,-0.1324341949396981
0.4887043112251756,-0.1353064984683252
0.4887438558727024,-0.13818343653673537
0.4887834005202293,-0.14106504239973816
0.48882294516775615,-0.14395134931205966
0.488862489815283,-0.14684239052848014
0.4889020344628099,-0.14973819930376653
0.48894157911033675,-0.15263880889268577
0.4889811237578636,-0.15554425255000393
0.4890206684053905,-0.1509461210975811
0.48906021305291736,-0.10914306899290072
0.48909975770044417,-0.06734495072092095
0.48913930234797104,-0.025551799536422948
0.4891788469954979,0.016236351305854768
0.4892183916430248,0.05801946855111684
0.48925793629055164,0.06790878677526102
0.4892974809380785,0.07264830291660651
0.4893370255856054,0.07738268569663465
0.4893765702331322,0.08058893491084351
0.48941611488065906,0.07678470519927849
0.4894556595281859,0.07297524236208286
0.4894952041757128,0.06916051314454386
0.48953474882323966,0.06534048429185368
0.48957429347076653,0.061515122549259615
0.4896138381182934,0.05768439466200803
0.48965338276582027,0.05384826737530446
0.48969292741334713,0.05000670743440949
0.48973247206087395,0.046159681584542867
0.4897720167084008,0.042307156570936755
0.4898115613559277,0.038449099138810006
0.48985110600345455,0.03458547603342588
0.4898906506509814,0.030716253999986343
0.4899301952985083,0.02684139978373956
0.48996973994603515,0.022960880129933692
0.49000928459356197,0.017388090030801884
0.49004882924108883,0.010952247516804015
0.4900883738886157,0.004510639800931138
0.49012791853614257,-0.001936766371584575
0.49016746318366944,-0.0083900042555074
0.4902070078311963,-0.01484910710560694
0.4902465524787232,-0.024399353688063563
0.49028609712625004,-0.03427067639165671
0.4903256417737769,-0.04414796382574071
0.4903651864213037,-0.05403124924502567
0.4904047310688306,-0.06392056590436468
0.49044427571635746,-0.07381594705848027
0.4904838203638843,-0.08371742596212606
0.4905233650114112,-0.09362503587008408
0.49056290965893806,-0.10353881003713461
0.49060245430646493,-0.1072639221533862
0.49064199895399174,-0.10692878192426392
0.4906815436015186,-0.10659990571851985
0.4907210882490455,-0.10627732679090762
0.49076063289657235,-0.10596107839622348
0.4908001775440992,-0.10565119378922017
0.4908397221916261,-0.1053477062246495
0.49087926683915295,-0.10505064895729177
0.4909188114866798,-0.10476005524193166
0.4909583561342067,-0.10447595833330503
0.4909979007817335,-0.11544978240878745
0.49103744542926037,-0.09840287175897533
0.49107699007678723,-0.06633008157867248
0.4911165347243141,-0.03426392122418509
0.49115607937184097,-0.002204423950296963
0.49119562401936784,0.02984837698825693
0.4912351686668947,0.061894448336706986
0.4912747133144215,0.04584509830654504
0.4913142579619484,0.028292530078660505
0.49135380260947525,0.01073313249634289
0.4913933472570021,-0.00683312769515787
0.491432891904529,-0.016485533457487378
0.49147243655205586,-0.019597430724107134
0.4915119811995827,-0.022716290364196645
0.4915515258471096,-0.025842145632569036
0.49159107049463646,-0.02897502978394595
0.4916306151421633,-0.032114976073095214
0.49167015978969014,-0.03526201775479887
0.491709704437217,-0.0384161880838505
0.4917492490847439,-0.04157752031497619
0.49178879373227075,-0.044746047702956204
0.4918283383797976,-0.04697815542256123
0.4918678830273245,-0.045835234839985084
0.4919074276748513,-0.04469960917857918
0.49194697232237816,-0.04357131169310868
0.49198651696990503,-0.042450375638313886
0.4920260616174319,-0.04133683426897594
0.49206560626495877,-0.04023072083986001
0.49210515091248563,-0.039132068605749026
0.4921446955600125,-0.0380409108213966
0.49218424020753937,-0.0369572807415528
0.49222378485506624,-0.03588121162100055
0.49226332950259305,-0.03481273671449259
0.4923028741501199,-0.0337518892768367
0.4923424187976468,-0.03269870256276075
0.49238196344517365,-0.03165320982704323
0.4924215080927005,-0.03049897986965977
0.4924610527402274,-0.028913288430385542
0.49250059738775426,-0.02733539073377056
0.49254014203528107,-0.02576532003456844
0.49257968668280794,-0.024203109587574545
0.4926192313303348,0.19347526933480008
0.4926587759778617,0.18928206237633827
0.49269832062538854,0.18508089540138162
0.4927378652729154,0.1808717351551632
0.4927774099204423,0.17665454838291605
0.49281695456796915,0.17242930182988747
0.492856499215496,0.1681959622412812
0.4928960438630228,0.16395449636237558
0.4929355885105497,0.15970487093834418
0.49297513315807656,0.15544705271444847
0.49301467780560343,0.15118100843592241
0.4930542224531303,0.14586031188050352
0.49309376710065717,0.13520500451441642
0.49313331174818403,0.12454137132939813
0.49317285639571085,0.11386937907070926
0.4932124010432377,0.10318899448354202
0.4932519456907646,0.09250018431312768
0.49329149033829145,0.08180291530471351
0.4933310349858183,0.07109715420354767
0.4933705796333452,0.06038286775483481
0.49341012428087205,0.04966002270382042
0.4934496689283989,0.03892858579573932
0.4934892135759258,0.028188523775824592
0.4935287582234526,0.017439803389337705
0.49356830287097947,0.006682391381481523
0.49360784751850634,-0.004083745502538427
0.4936473921660332,-0.014858640517459776
0.4936869368135601,-0.019587781154972284
0.49372648146108694,-0.005628763276092741
0.4937660261086138,0.008321396707599682
0.4938055707561406,0.02226266554132117
0.4938451154036675,0.03626247901726032
0.49388466005119436,0.056207769909786265
0.4939242046987212,0.07614406988805555
0.4939637493462481,0.09607134569728792
0.49400329399377496,0.11598956408268712
0.49404283864130183,0.13589869178954217
0.4940823832888287,0.14893211951759078
0.49412192793635556,0.14709866277795847
0.4941614725838824,0.14525601559546608
0.49420101723140925,0.14340414471532092
0.4942405618789361,0.14154301688276938
0.494280106526463,0.13967259884304362
0.49431965117398985,0.13779285734136337
0.4943591958215167,0.13590375912298924
0.4943987404690436,0.13400527093314096
0.4944382851165704,0.1320973595170667
0.49447782976409727,0.12752698841856613
0.49451737441162413,0.12156559317954763
0.494556919059151,0.11559467494998632
0.49459646370667787,0.10961420047513037
0.49463600835420474,0.10362413650018354
0.4946755530017316,0.09762444977040818
0.4947150976492585,0.09161510703102316
0.49475464229678534,0.08559607502724553
0.49479418694431215,0.07823935221655631
0.494833731591839,0.06996973216351421
0.4948732762393659,0.061690323081808884
0.49491282088689276,0.05340109171667162
0.4949523655344196,0.04510200481329463
0.4949919101819465,0.036793029116951814
0.49503145482947336,0.027378435797121625
0.4950709994770002,0.012314462750191879
0.49511054412452704,-0.0027594988540462495
0.4951500887720539,-0.01784348227033128
0.4951896334195808,-0.03293752075342926
0.49522917806710764,-0.04804164755812401
0.4952687227146345,-0.06315589593915139
0.4953082673621614,-0.07828029915129342
0.49534781200968825,-0.09341489044933038
0.4953873566572151,-0.10855970308800256
0.49542690130474193,-0.12371477032204847
0.4954664459522688,-0.13888012540633365
0.49550599059979566,-0.154055801595554
0.49554553524732253,-0.15257567028927888
0.4955850798948494,-0.14625549260376314
0.49562462454237627,-0.135881501963941
0.49566416918990314,-0.12551796544813776
0.49570371383742995,-0.11516491631110437
0.4957432584849568,-0.10482238780763709
0.4957828031324837,-0.09449041319248686
0.49582234778001055,-0.08416902572040819
0.4958618924275374,-0.07385825864619644
0.4959014370750643,-0.06355814522460435
0.49594098172259116,-0.053268718710382856
0.495980526370118,-0.04299001235833
0.4960200710176449,-0.032722059423196725
0.4960596156651717,-0.022464893159737542
0.4960991603126986,-0.012218546822746035
0.49613870496022544,-0.001983053666974932
0.4961782496077523,0.008241553052807049
0.4962177942552792,0.018455240081834745
0.49625733890280604,0.02865797416533944
0.4962968835503329,0.03884972204857107
0.4963364281978597,0.0490304504767316
0.4963759728453866,0.0592001261950692
0.49641551749291346,0.06594373739958659
0.49645506214044033,0.0697525925921596
0.4964946067879672,0.07355029531059465
0.49653415143549406,0.05820234235228128
0.49657369608302093,0.013795493736270537
0.4966132407305478,-0.03062260711817988
0.49665278537807467,-0.07505199346580671
0.4966923300256015,-0.11949269856132272
0.49673187467312835,-0.1639447556596334
0.4967714193206552,-0.17846262721611073
0.4968109639681821,-0.1834191637421485
0.49685050861570895,-0.1883871520351983
0.4968900532632358,-0.19336662535004212
0.4969295979107627,-0.19835761694144605
0.4969691425582895,-0.203360160064177
0.49700868720581637,-0.20837428797301705
0.49704823185334324,-0.20713118750154003
0.4970877765008701,-0.20528454193185208
0.497127321148397,-0.20243630185696126
0.49716686579592384,-0.19424889156717207
0.4972064104434507,-0.18607323233729733
0.4972459550909776,-0.17790935742212
0.49728549973850444,-0.16975730007640522
0.49732504438603126,-0.1616170935549066
0.4973645890335581,-0.15348877111243375
0.497404133681085,-0.14537236600371006
0.49744367832861186,-0.13726791148351758
0.49748322297613873,-0.12917544080660903
0.4975227676236656,-0.12109498722777978
0.49756231227119246,-0.11302658400178256
0.4976018569187193,-0.1049702643833843
0.49764140156624614,-0.09692606162735196
0.497680946213773,-0.08889400898845246
0.4977204908612999,-0.08087413972145274
0.49776003550882675,-0.07286648708111887
0.4977995801563536,-0.06487108432222044
0.4978391248038805,-0.05688796469952173
0.49787866945140735,0.023049017841693775
0.4979182140989342,0.1351058209712388
0.49795775874646103,0.24715024120028062
0.4979973033939879,0.3486032501377121
0.49803684804151477,0.4386018314428153
0.49807639268904164,0.022570719727180943
0.4981159373365685,0.014014452503157138
0.49815548198409537,0.005445636104797202
0.49819502663162224,-0.0031357627226800133
0.49823457127914905,-0.011729777233984606
0.4982741159266759,-0.020336440683956347
0.4983136605742028,-0.02895578632733109
0.49835320522172966,-0.03758784741889176
0.4983927498692565,-0.04623265721336267
0.4984322945167834,-0.05489024896556671
0.49847183916431026,-0.04676227784316911
0.4985113838118371,-0.035591992636833325
0.498550928459364,-0.02443458915248886
0.4985904731068908,-0.013290100644904435
0.4986300177544177,-0.0021585603688878408
0.49866956240194454,0.008959998420835724
0.4987091070494714,0.020065542469485997
0.4987486516969983,0.031158038522294262
0.49878819634452515,0.042237453324509566
0.498827740992052,0.05330375362132056
0.49886728563957883,0.06435690615800382
0.4989068302871057,0.0753968776797933
0.49894637493463256,0.08642363493187855
0.49898591958215943,0.09743714465953435
0.4990254642296863,0.10843737360798134
0.49906500887721317,0.1194242885224508
0.49910455352474004,0.13039785614819
0.4991440981722669,0.14135804323039114
0.49918364281979377,0.15230481651432903
0.4992231874673206,0.16323814274523585
0.49926273211484745,0.174157988668302
0.4993022767623743,0.18334141242189794
0.4993418214099012,0.17237770144651599
0.49938136605742806,0.1612063250641258
0.4994209107049549,0.1500213353548565
0.4994604553524818,0.1388226990639403
