1/B (1/T),Oscillatory MR (%)
0.030184123151222455,15.909303635835848
0.030223667798749316,10.576557167679873
0.030263212446276177,2.6499204017064413
0.030302757093803038,1.5175048359124697
0.0303423017413299,4.9089234772116175
0.03038184638885676,-0.024623565572509776
0.03042139103638362,-5.009834823902922
0.030460935683910482,-6.806555362504143
0.030500480331437343,-13.969863661579417
0.030540024978964204,-10.975295098475472
0.030579569626491065,-1.39850648954559
0.030619114274017926,1.8839903059903467
0.030658658921544787,4.954541667349867
0.030698203569071648,6.7810491783038875
0.03073774821659851,5.6250578643439555
0.03077729286412537,-5.64160979183608
0.03081683751165223,2.023960339366365
0.03085638215917909,8.804065643345119
0.030895926806705953,4.523843132476787
0.030935471454232814,-2.135412239431955
0.030975016101759675,-5.924400250615835
0.031014560749286536,-13.35895746663855
0.031054105396813397,-6.783751144385653
0.031093650044340258,1.3317547741838816
0.03113319469186712,0.7213200877481825
0.03117273933939398,-3.263765987841123
0.03121228398692084,-5.7735815937583785
0.0312518286344477,-0.4645122865739353
0.031291373281974566,1.996910453840604
0.03133091792950142,2.604234528376545
0.03137046257702829,-4.356785419664891
0.03141000722455514,-13.285011557596697
0.03144955187208201,-17.071382389053454
0.031489096519608864,-7.723022451293733
0.03152864116713573,1.5561289256666822
0.031568185814662586,5.005305666347864
0.031607730462189454,14.23595980599845
0.03164727510971631,10.646666078781418
0.031686819757243176,1.3905829381221855
0.03172636440477003,-6.598967967312486
0.0317659090522969,-17.945194844899824
0.03180545369982375,-21.672616786977528
0.03184499834735062,-18.90111119962139
0.031884542994877474,-6.376785842584857
0.03192408764240434,-9.711947815552922
0.031963632289931196,-11.346442912332506
0.032003176937458064,-10.222175168697872
0.03204272158498492,-13.839219869041527
0.032082266232511786,-3.656588416961278
0.03212181088003864,1.512222347014876
0.03216135552756551,-3.6537948331595453
0.03220090017509236,-9.303497451863892
0.03224044482261923,-7.853284883248393
0.032279989470146084,-1.9399285049997266
0.03231953411767295,0.5547203847931232
0.032359078765199806,5.815948896277872
0.032398623412726674,10.995134495041757
0.03243816806025353,-5.794243727898531
0.032477712707780396,-16.483830118692428
0.03251725735530725,-18.210030046994085
0.03255680200283412,-15.810224710717057
0.03259634665036097,-3.108452587564492
0.03263589129788784,0.27964779279350793
0.032675435945414694,-1.9061749427518837
0.03271498059294156,7.55675615151901
0.032754525240468416,16.626640017220573
0.032794069887995284,17.27729248342044
0.03283361453552214,14.290079329516658
0.032873159183049006,21.855492988652564
0.03291270383057586,23.144281443489596
0.03295224847810273,29.147186485228236
0.03299179312562958,27.48930445508558
0.03303133777315645,23.436824221020487
0.033070882420683304,14.828781848007278
0.03311042706821017,10.569218350906125
0.033149971715737026,6.019761366789346
0.03318951636326389,-4.078336636529938
0.03322906101079075,-7.117875238764595
0.033268605658317615,2.8578918681772736
0.03330815030584447,1.3301267189272687
0.03334769495337134,-8.952753849478944
0.03338723960089819,-14.286499985477668
0.03342678424842506,-18.547821151866383
0.03346632889595191,-16.78009439292557
0.03350587354347878,-18.709470806828726
0.033545418191005635,-17.32425798711599
0.0335849628385325,-4.091274083621893
0.03362450748605936,4.53687766739922
0.033664052133586225,9.904830202070332
0.03370359678111308,8.222279038022338
0.03374314142863995,12.433380546829028
0.0337826860761668,19.16400721972964
0.03382223072369367,16.68230504424846
0.03386177537122052,15.286442859924431
0.03390132001874739,21.682318894870868
0.033940864666274245,29.859998689292603
0.03398040931380111,39.10628289454743
0.03401995396132797,34.82295302824966
0.034059498608854835,23.440044733088396
0.03409904325638169,18.46835754810838
0.03413858790390856,9.450276545199607
0.03417813255143541,1.6555319653535356
0.03421767719896228,-15.031105926046282
0.03425722184648913,-17.669718915361614
0.034296766494016,-16.77685531018728
0.034336311141542855,-18.219388645546104
0.03437585578906972,-26.59610309313622
0.03441540043659658,-24.465265106214673
0.034454945084123445,-11.406778242664961
0.0344944897316503,-7.729936329547716
0.03453403437917717,-3.1845598359137526
0.03457357902670402,-5.433479762522374
0.03461312367423089,-14.30508963478545
0.03465266832175774,-27.315972500263214
0.03469221296928461,-29.918719070768457
0.034731757616811465,-19.14431260012404
0.03477130226433833,-10.461379815157239
0.03481084691186519,-8.397661273018315
0.034850391559392055,-16.506083862056016
0.03488993620691891,-21.23496660573852
0.03492948085444578,-11.10620221574639
0.03496902550197263,-8.309978373732024
0.0350085701494995,4.169817908165392
0.03504811479702635,17.839279197516834
0.03508765944455322,16.95574384001754
0.035127204092080075,8.66578280684112
0.03516674873960694,-1.9079762149934218
0.0352062933871338,-14.367423258740708
0.035245838034660665,-28.37536978407072
0.03528538268218752,-29.361208343128784
0.03532492732971439,-24.813641027082358
0.03536447197724124,-29.658544907816395
0.03540401662476811,-23.029291700903215
0.03544356127229496,-10.541467649240388
0.03548310591982183,11.942254308124106
0.035522650567348685,24.96187181911863
0.03556219521487555,20.165621302430484
0.03560173986240241,15.334426262926165
0.035641284509929275,15.315786377426406
0.03568082915745613,11.925230512916942
0.035720373804983,9.899272668792726
0.03575991845250985,10.799665858006097
0.03579946310003672,15.721749796203778
0.03583900774756357,13.318533145665988
0.03587855239509044,10.36967437821638
0.035918097042617295,13.785359316642761
0.03595764169014416,23.426698257201984
0.03599718633767102,23.70249749657062
0.036036730985197885,12.946007947245672
0.03607627563272474,2.0080260308965077
0.036115820280251607,-0.36363021900384496
0.03615536492777846,0.05232390438231427
0.03619490957530533,-5.415454842033441
0.03623445422283218,-9.757093651618195
0.03627399887035905,-15.70727190583151
0.036313543517885905,-14.056466755685623
0.03635308816541277,-4.903861891958238
0.036392632812939626,7.789716005831735
0.036432177460466494,14.834877059178169
0.03647172210799335,11.436320576962794
0.036511266755520216,11.426935791632404
0.03655081140304707,14.529970495551128
0.03659035605057394,15.336253219024211
0.03662990069810079,16.73755117298588
0.03666944534562766,20.127007736389324
0.036708989993154514,20.97572880470689
0.03674853464068138,15.592463384405404
0.036788079288208236,12.817879559973834
0.036827623935735104,10.208454875276388
0.03686716858326196,5.392537602685595
0.036906713230788826,3.18182090541327
0.03694625787831568,2.6000755081670235
0.03698580252584255,2.646181883310808
0.0370253471733694,2.1997085360229995
0.03706489182089627,-1.4773913776865726
0.037104436468423124,-7.989741153354588
0.03714398111594999,-14.884185432512036
0.037183525763476846,-13.639680702838268
0.037223070411003714,-12.923325334413006
0.03726261505853057,-11.6474162240341
0.037302159706057436,-14.500201435422339
0.03734170435358429,-8.550023547244502
0.03738124900111116,0.3101804165763742
0.03742079364863801,1.7682041830269064
0.03746033829616488,-8.813098087352746
0.037499882943691734,-11.828248189650246
0.0375394275912186,-11.28786385990611
0.037578972238745456,-10.717790209394467
0.037618516886272324,-11.537218126540232
0.03765806153379918,-12.415834447187933
0.037697606181326046,-9.160990217889818
0.0377371508288529,-4.834388730342134
0.03777669547637977,1.490327716959401
0.03781624012390662,1.2701699831934157
0.03785578477143349,-0.18664123528758125
0.037895329418960344,-6.018489969281166
0.03793487406648721,-4.8288847438065545
0.037974418714014066,-2.451171422777149
0.038013963361540934,0.8779010480599005
0.03805350800906779,-0.9614974960846361
0.038093052656594656,-4.418398515825654
0.03813259730412151,-4.901389145279712
0.03817214195164838,-8.466713067984886
0.03821168659917523,-13.38498738705147
0.0382512312467021,-18.068011156401287
0.038290775894228954,-17.581757518835964
0.03833032054175582,-9.350495540770385
0.038369865189282676,-6.52367090778673
0.038409409836809544,-7.10079956462528
0.0384489544843364,0.7923414565582885
0.038488499131863266,4.400674023916483
0.03852804377939012,3.208573994115941
0.03856758842691699,1.4035840480741406
0.03860713307444384,5.82261647479465
0.03864667772197071,12.897884813523566
0.038686222369497564,12.623625508323546
0.03872576701702443,7.089419027757165
0.038765311664551286,8.04185673488097
0.038804856312078154,17.16331574035513
0.03884440095960501,23.009518546626587
0.038883945607131876,25.531375092865776
0.03892349025465873,25.082021615385234
0.0389630349021856,30.67065975902876
0.03900257954971245,36.438824431694584
0.03904212419723932,36.90402226781569
0.039081668844766174,31.159381956354363
0.03912121349229304,17.980425638088732
0.039160758139819896,2.2314080308786632
0.039200302787346764,-5.3859746311630285
0.03923984743487362,-10.113388305213086
0.039279392082400486,-11.316836015434667
0.03931893672992734,-12.025111697192727
0.03935848137745421,-9.25844050315896
0.03939802602498106,-6.913869095078754
0.03943757067250793,-8.362268778009053
0.039477115320034784,-2.4188014194805305
0.03951665996756165,5.191163907539009
0.039556204615088505,9.561800321041844
0.03959574926261537,12.060473061702092
0.03963529391014223,18.863668204993836
0.039674838557669095,21.869011486559586
0.03971438320519595,20.290531466216674
0.03975392785272282,21.37738833220174
0.03979347250024967,16.946046530348795
0.03983301714777654,16.52192867164147
0.03987256179530339,9.76585217988178
0.03991210644283026,-0.09231714745751063
0.039951651090357115,-5.176199501845868
0.03999119573788398,-1.8759413989213378
0.04003074038541084,0.46577480063852406
0.040070285032937705,1.0854154678035357
0.04010982968046456,-4.374060669783637
0.04014937432799143,-9.269418882866896
0.04018891897551828,-10.381980483547192
0.04022846362304515,-8.33719409128155
0.040268008270572,-8.107207435911748
0.04030755291809887,-11.378880009651862
0.040347097565625725,-13.878093085261085
0.04038664221315259,-14.860760424916243
0.04042618686067945,-16.491341578159528
0.040465731508206315,-15.4002177809157
0.04050527615573317,-15.7238562602783
0.04054482080326004,-20.251335940103825
0.04058436545078689,-19.318510015233556
0.04062391009831376,-19.404950475616573
0.04066345474584061,-17.799777731241477
0.04070299939336748,-14.084037601755886
0.040742544040894335,-8.567096509557242
0.0407820886884212,-6.7658833928070266
0.04082163333594806,-5.631330316557557
0.040861177983474925,-5.486611695966289
0.04090072263100178,-7.291672809972642
0.04094026727852865,-9.513487690667116
0.0409798119260555,-12.041295346605486
0.04101935657358237,-13.30859927075745
0.04105890122110922,-10.8070368593244
0.04109844586863609,-7.9061669820934615
0.041137990516162945,-9.425475317739181
0.04117753516368981,-10.792783987605832
0.04121707981121667,-14.538279225440965
0.041256624458743535,-15.566693628371883
0.04129616910627039,-14.770379588090698
0.04133571375379726,-8.187495921820476
0.04137525840132411,0.7101381391148891
0.04141480304885098,3.932135748121798
0.04145434769637783,3.097759239053227
0.0414938923439047,4.177810637463006
0.041533436991431555,9.199631325698068
0.04157298163895842,22.238875972746943
0.04161252628648528,31.104648640258116
0.041652070934012145,33.06915984834502
0.041691615581539,37.362503776499004
0.04173116022906587,35.58462400990235
0.04177070487659272,31.627434336329564
0.04181024952411959,29.719870658864465
0.04184979417164644,24.96788677047972
0.04188933881917331,19.265964048878338
0.041928883466700165,11.148013546164856
0.04196842811422703,3.1927700873893095
0.04200797276175389,-3.0436343816585207
0.042047517409280755,-7.407828312518731
0.04208706205680761,-7.405960103022952
0.04212660670433448,-3.811834461706205
0.04216615135186133,-1.2777022255527495
0.0422056959993882,-2.170350435042943
0.04224524064691505,-6.526975958753495
0.04228478529444192,-7.941985470016753
0.042324329941968775,-6.386689476357455
0.04236387458949564,1.4640001918373056
0.0424034192370225,9.689580092869035
0.042442963884549365,18.553925943648782
0.04248250853207622,21.938578620309748
0.042522053179603087,22.742588520130063
0.04256159782712994,21.998156618830564
0.04260114247465681,22.646176694758537
0.04264068712218366,15.075793100941315
0.04268023176971053,4.214762388775277
0.042719776417237385,1.6016183939644826
0.04275932106476425,3.6675958644611875
0.042798865712291106,2.234228101162934
0.042838410359817974,-0.9705407301870039
0.04287795500734483,-5.511822570814072
0.042917499654871696,-6.0098466007253
0.04295704430239855,-4.3113256465781316
0.04299658894992542,-4.449387566228424
0.04303613359745227,-9.119552937564958
0.04307567824497914,-12.922627102783622
0.043115222892505994,-17.494070385466184
0.04315476754003286,-23.322554351777548
0.043194312187559716,-22.397108000545284
0.043233856835086584,-22.059688084321174
0.04327340148261344,-19.142565449842337
0.043312946130140306,-15.73549182386626
0.04335249077766716,-12.322481956418272
0.04339203542519403,-8.820260260227293
0.04343158007272088,-8.222467185393818
0.04347112472024775,-8.931310060458527
0.043510669367774604,-9.127290420785245
0.04355021401530147,-19.49582638879012
0.043589758662828326,-22.30605454642091
0.043629303310355194,-17.432944921656198
0.04366884795788205,-12.47391604913189
0.043708392605408916,-10.300576192689885
0.04374793725293577,-13.43317576765138
0.04378748190046264,-15.858620654968675
0.04382702654798949,-20.721223445776232
0.04386657119551636,-15.465821111171179
0.043906115843043214,-1.7867833840976761
0.04394566049057008,12.065040522429051
0.043985205138096936,21.933285800224503
0.044024749785623804,24.66434791463126
0.04406429443315066,21.390669153167455
0.044103839080677526,11.262794389692315
0.04414338372820438,-2.5012400467721365
0.04418292837573125,-11.522792485457808
0.0442224730232581,-12.617806554946739
0.04426201767078497,-8.750717659330771
0.044301562318311824,-3.730017013130329
0.04434110696583869,-0.5125020962091469
0.044380651613365546,5.090966884711795
0.044420196260892414,13.097418795696123
0.04445974090841927,16.52266698969364
0.044499285555946136,17.026856080395202
0.04453883020347299,21.564563681900186
0.04457837485099986,26.213665457500003
0.04461791949852671,26.961363312148208
0.04465746414605358,27.443842697730883
0.044697008793580434,23.629187656865952
0.0447365534411073,19.12613442901514
0.044776098088634156,14.102241977983542
0.044815642736161024,7.9007842375001465
0.04485518738368788,1.8482620873958586
0.044894732031214746,-1.6195854364083129
0.0449342766787416,-2.707423484747787
0.04497382132626847,-6.492724253313091
0.04501336597379532,-11.155237309450062
0.04505291062132219,-11.879108253779908
0.045092455268849044,-8.570324668267993
0.04513199991637591,-0.8400102736374526
0.045171544563902766,5.9804959582139405
0.045211089211429634,11.057402127544133
0.04525063385895649,9.683765452431341
0.045290178506483356,5.361190744014525
0.04532972315401021,3.6710597193326144
0.04536926780153708,7.196786796123569
0.04540881244906393,11.937083365779232
0.0454483570965908,17.457984609504926
0.045487901744117654,21.272576143452604
0.04552744639164452,18.433505746790033
0.045566991039171376,7.51192868698906
0.045606535686698244,-1.9244302510167772
0.0456460803342251,-11.063513921314945
0.045685624981751966,-13.381720490544847
0.04572516962927882,-9.326668673996883
0.04576471427680569,-3.7649573555575895
0.04580425892433254,-1.6422653401958227
0.04584380357185941,-5.25566460542617
0.045883348219386264,-14.061283526782164
0.04592289286691313,-20.0438461978625
0.045962437514439985,-19.371026575407846
0.04600198216196685,-18.55099529554041
0.04604152680949371,-13.49500808411182
0.046081071457020575,-7.650946659968278
0.04612061610454743,-6.395128171261504
0.0461601607520743,-7.531679197242939
0.04619970539960115,-7.191215810622804
0.04623925004712802,-9.08416151281832
0.04627879469465487,-11.973635044365336
0.04631833934218174,-14.182493524325078
0.046357883989708595,-20.115445704371478
0.04639742863723546,-27.442720973508273
0.04643697328476232,-32.298329002889645
0.046476517932289185,-34.457089722970665
0.04651606257981604,-29.39441402467036
0.04655560722734291,-17.91332572317203
0.04659515187486976,-7.401338346764381
0.04663469652239663,-1.0599473964295907
0.04667424116992348,3.550924603336547
0.04671378581745035,7.796524081822122
0.046753330464977205,8.955843534988082
0.04679287511250407,5.748938271315521
0.04683241976003093,-3.096944296877421
0.046871964407557795,-11.931536464303488
0.04691150905508465,-15.434786266302154
0.04695105370261152,-11.14661095392171
0.04699059835013837,-4.998878850902666
0.04703014299766524,-0.7842667704155772
0.04706968764519209,3.964907623999748
0.04710923229271896,7.461838499575715
0.047148776940245815,8.323430953192293
0.04718832158777268,10.575397832545882
0.04722786623529954,11.169489599681498
0.047267410882826405,8.361377179595669
0.04730695553035326,8.804727211156333
0.04734650017788013,14.238386392763235
0.04738604482540698,21.170757566901536
0.04742558947293385,29.969252322149583
0.0474651341204607,33.875426934979785
0.04750467876798757,36.637192327641
0.047544223415514425,31.643970860560092
0.04758376806304129,26.75612305711846
0.04762331271056815,17.147399035648164
0.047662857358095015,4.642131625843554
0.04770240200562187,-0.48328638112010136
0.04774194665314874,-1.4901993217967284
0.04778149130067559,-1.2390552079950652
0.04782103594820246,-0.9143606887052975
0.04786058059572931,2.6726373547132667
0.04790012524325618,4.330392261223994
0.047939669890783035,5.051806839393601
0.0479792145383099,3.9644249084714875
0.04801875918583676,1.8532036592382788
0.048058303833363625,1.24206358855072
0.04809784848089048,0.2585444556102052
0.04813739312841735,2.3564762037140294
0.0481769377759442,5.811571412664658
0.04821648242347107,12.60763148776535
0.04825602707099792,15.897323459126284
0.04829557171852479,19.56607100311787
0.048335116366051645,21.025044518882893
0.04837466101357851,20.359050677119022
0.04841420566110537,16.103448914976045
0.048453750308632235,7.994575288555893
0.04849329495615909,1.8240878580013273
0.04853283960368596,-5.219656011317898
0.04857238425121281,-9.682270045209656
0.04861192889873968,-10.33662776644066
0.04865147354626653,-9.289716878485352
0.0486910181937934,-10.602019722932702
0.048730562841320255,-12.211530629785775
0.04877010748884712,-18.481143147875443
0.04880965213637398,-25.035046930244214
0.048849196783900845,-26.253175228202295
0.0488887414314277,-21.664845746193873
0.048928286078954566,-15.343916805261403
0.04896783072648142,-11.788318818221974
0.04900737537400829,-9.02337990410129
0.04904692002153514,-9.539318633497542
0.04908646466906201,-10.825890225649333
0.049126009316588864,-13.059073425564069
0.04916555396411573,-13.903522897802585
0.049205098611642586,-15.844609786087613
0.049244643259169454,-18.495648836731636
0.04928418790669631,-22.69781600893561
0.049323732554223176,-25.243983051237375
0.04936327720175003,-20.319887173989155
0.0494028218492769,-10.046990048054731
0.04944236649680375,-2.845930691145484
0.04948191114433062,-1.7118366109215604
0.049521455791857474,-5.827729196365431
0.04956100043938434,-12.190499317656354
0.049600545086911196,-13.750307734153441
0.049640089734438064,-13.992628579703183
0.04967963438196492,-12.117211261828281
0.049719179029491786,-10.603795002231767
0.04975872367701864,-9.534990953354955
0.04979826832454551,-10.892268511984248
0.04983781297207236,-9.716125114007177
0.04987735761959923,-7.657988623858283
0.049916902267126084,-6.232724814390406
0.04995644691465295,-5.814516874026674
0.049995991562179806,-3.1629912273047722
0.050035536209706674,3.0901258820692084
0.05007508085723353,8.464991368305425
0.050114625504760396,10.184961648843048
0.05015417015228725,12.318103749715355
0.05019371479981412,12.286978950976385
0.05023325944734097,14.072351097402496
0.05027280409486784,22.358739739086232
0.050312348742394694,33.078911656755395
0.05035189338992156,37.644066480145405
0.050391438037448416,36.90422852812201
0.050430982684975284,34.74243104263753
0.05047052733250214,30.29688446804512
0.050510071980029006,21.444519813789427
0.05054961662755586,14.474282281147204
0.05058916127508273,8.948030884159598
0.05062870592260958,4.31772134199572
0.05066825057013645,1.3378402548386266
0.050707795217663304,-1.2015402056443474
0.05074733986519017,-1.0737373221404827
0.050786884512717026,0.37522096301609054
0.050826429160243894,1.5866912606650692
0.05086597380777075,1.500472788929848
0.050905518455297616,-2.3791977509932645
0.05094506310282447,-4.229440335710815
0.05098460775035134,-4.346840519972565
0.05102415239787819,-2.3170815781994136
0.05106369704540506,3.742319965202542
0.051103241692931914,8.1862092333397
0.05114278634045878,12.75121245357927
0.051182330987985636,18.547461980335772
0.051221875635512504,24.85985595918424
0.05126142028303936,25.752308582588768
0.051300964930566226,24.469099637247847
0.05134050957809308,17.16816376635763
0.05138005422561995,8.263206953490126
0.0514195988731468,-0.348517168233764
0.05145914352067367,-5.23384420654109
0.051498688168200524,-11.103074206219716
0.05153823281572739,-16.196579213921055
0.051577777463254246,-17.708790032305775
0.051617322110781114,-19.60179191975416
0.05165686675830797,-17.28966642950136
0.051696411405834836,-14.973267017927679
0.05173595605336169,-12.096360388323834
0.05177550070088856,-10.3912875619758
0.05181504534841541,-12.660079614526857
0.05185458999594228,-15.665659727535076
0.051894134643469134,-19.18399060394875
0.051933679290996,-19.732473556465145
0.051973223938522856,-19.73386971937864
0.052012768586049724,-17.399543247213195
0.05205231323357658,-18.152444275931675
0.052091857881103446,-22.032334597501077
0.0521314025286303,-23.480792643059203
0.05217094717615717,-28.24206932812576
0.05221049182368402,-27.711572295462375
0.05225003647121089,-29.938023371544215
0.052289581118737744,-29.5649626996381
0.05232912576626461,-28.63063294924053
0.052368670413791465,-26.506534347017052
0.05240821506131833,-21.49127077296677
0.05244775970884519,-12.857541753035642
0.052487304356372055,-5.820867813318278
0.05252684900389891,0.3832097399278078
0.05256639365142578,4.2320452445826
0.05260593829895263,7.695718913058516
0.0526454829464795,8.624718380297978
0.05268502759400635,7.580993932571742
0.05272457224153322,3.881217023300235
0.052764116889060075,1.9454295280131628
0.05280366153658694,2.9996857339322025
0.0528432061841138,5.504354353705417
0.052882750831640665,7.732188513335475
0.05292229547916752,7.445355615775871
0.05296184012669439,6.780224997418221
0.05300138477422124,5.736950867561074
0.05304092942174811,8.615569882199267
0.05308047406927496,14.617293778391003
0.05312001871680183,20.72343007681689
0.053159563364328685,25.996206451873316
0.05319910801185555,30.813896552093173
0.05323865265938241,32.4862198714985
0.053278197306909275,29.23506685701165
0.05331774195443613,27.247981795049792
0.053357286601963,24.131841193567507
0.05339683124948985,20.56514646910303
0.05343637589701672,17.42363978854838
0.05347592054454357,15.538848477284342
0.05351546519207044,12.597374796970023
0.053555009839597295,8.759226196800615
0.05359455448712416,3.7946070125784193
0.05363409913465102,1.9937483204949276
0.053673643782177885,1.7152946847757917
0.05371318842970474,2.3836759859358096
0.05375273307723161,3.4535489428836046
0.05379227772475846,2.4047220012871655
0.05383182237228533,0.6877374736661812
0.05387136701981218,-0.07691489215477709
0.05391091166733905,3.542838666835368
0.053950456314865905,8.919049649864533
0.05399000096239277,12.795546154803143
0.05402954560991963,15.649509028484996
0.054069090257446495,17.698702336695504
0.05410863490497335,15.983531883287323
0.05414817955250022,11.813245696313025
0.05418772420002707,5.405557141922465
0.05422726884755394,1.9895971421749126
0.05426681349508079,-0.3613189396942946
0.05430635814260766,-4.002907793575169
0.054345902790134515,-7.83094886047184
0.05438544743766138,-8.30437670165822
0.05442499208518824,-5.118497011756124
0.054464536732715105,-3.5740937755305993
0.05450408138024196,-6.459288236035536
0.05454362602776883,-10.297289726379228
0.05458317067529568,-15.949811394518113
0.05462271532282255,-17.073568547758963
0.0546622599703494,-19.230404393583086
0.05470180461787627,-18.200976651606428
0.054741349265403125,-15.676105185652254
0.05478089391292999,-10.972002811421447
0.05482043856045685,-12.90081676054626
0.054859983207983715,-10.22329367580963
0.05489952785551057,-8.234003832079752
0.05493907250303744,-7.9689958980674955
0.05497861715056429,-9.154987694858
0.05501816179809116,-8.79273592187089
0.05505770644561801,-8.381603122418586
0.05509725109314488,-7.883840655131282
0.055136795740671735,-10.283482910635968
0.0551763403881986,-11.016722568183585
0.05521588503572546,-12.4305676022918
0.055255429683252325,-16.03346850610376
0.05529497433077918,-18.342741684943583
0.055334518978306046,-20.54312158539366
0.0553740636258329,-23.2275168522358
0.05541360827335977,-21.089860517192854
0.05545315292088662,-19.56958130417353
0.05549269756841349,-14.629409289571917
0.055532242215940344,-9.286042749253507
0.05557178686346721,-5.939571018992111
0.055611331510994066,-3.967138696837617
0.055650876158520934,-4.206502371558753
0.05569042080604779,-5.368707885538022
0.055729965453574656,-4.770296681332837
0.05576951010110151,-3.437590977342608
0.05580905474862838,2.328487087296053
0.05584859939615523,9.46857171039451
0.0558881440436821,15.66876744937203
0.055927688691208954,19.585108110587118
0.05596723333873582,21.999026055944075
0.056006777986262676,22.687515375783246
0.056046322633789544,18.56213350048062
0.0560858672813164,27.101601255585727
0.056125411928843266,33.06176933312921
0.05616495657637012,38.494790529288366
0.05620450122389699,40.709818393417244
0.05624404587142384,40.12632248099013
0.05628359051895071,35.63268007890529
0.056323135166477564,27.419851050066235
0.05636267981400443,16.246181189619257
0.056402224461531286,6.459562281160234
0.056441769109058154,-2.4285748341002984
0.05648131375658501,-11.441300365448745
0.056520858404111876,-18.586360392389814
0.05656040305163873,-20.27006816669821
0.0565999476991656,-17.647646459460276
0.05663949234669245,-11.93118822719928
0.05667903699421932,-3.572937715740167
0.056718581641746174,5.292534996515985
0.05675812628927304,10.154079443806435
0.056797670936799896,13.034416075200431
0.056837215584326764,16.145339406927228
0.05687676023185362,19.239094611888376
0.056916304879380486,22.103446730833205
0.05695584952690734,24.638384462847956
0.05699539417443421,29.370205129531435
0.05703493882196106,25.214804630057746
0.05707448346948793,29.34640051713111
0.057114028117014784,23.785895078142033
0.05715357276454165,17.504083310957185
0.057193117412068506,9.026765910615028
0.057232662059595374,2.8711533038163033
0.05727220670712223,-3.6600884944372423
0.057311751354649096,-7.607150476921064
0.05735129600217595,-9.387746619151876
0.05739084064970282,-12.3349227811932
0.05743038529722967,-14.564448695409684
0.05746992994475654,-19.458542838671082
0.057509474592283394,-25.163512654767644
0.05754901923981026,-31.336514207353897
0.057588563887337116,-34.744733311870824
0.057628108534863984,-34.87012885513695
0.05766765318239084,-33.5740875027075
0.057707197829917706,-23.513116672066133
0.05774674247744456,-27.695928196510124
0.05778628712497143,-21.047164235867083
0.05782583177249828,-13.251166791943383
0.05786537642002515,-7.6429863818308315
0.057904921067552004,-3.0998335545883062
0.05794446571507887,-1.5280496429958061
0.057984010362605726,-0.9842294774736082
0.058023555010132594,-0.31751475106190963
0.05806309965765945,-0.8057584519345129
0.058102644305186316,-2.878978632118084
0.05814218895271317,-5.8604778745496615
0.05818173360024004,-9.099078436875025
0.05822127824776689,-11.36313457099822
0.05826082289529376,-11.81442304818761
0.058300367542820614,-10.095902413012304
0.05833991219034748,-9.121101056984777
0.058379456837874336,-7.95673290810373
0.058419001485401204,-8.146050286276092
0.05845854613292806,-8.897080532014513
0.058498090780454925,-7.83856029470071
0.05853763542798178,-8.431105138170295
0.05857718007550865,-9.23248256856655
0.0586167247230355,-9.426314623549317
0.05865626937056237,-8.502055530367922
0.058695814018089223,-6.407622022953571
0.05873535866561609,-3.36954199879463
0.058774903313142945,3.82172295810508
0.05881444796066981,8.957032157709257
0.05885399260819667,13.148461662578692
0.058893537255723535,17.660738742008917
0.05893308190325039,21.242424487846716
0.05897262655077726,32.742020066002496
0.05901217119830411,35.870169859388525
0.05905171584583098,42.33230310498114
0.05909126049335783,40.788050120518186
0.0591308051408847,39.2483654949383
0.059170349788411555,34.474568727846766
0.05920989443593842,24.878697713792157
0.05924943908346528,16.86338970851688
0.059288983730992145,6.299088713553657
0.059328528378519,-0.7804492730353179
0.05936807302604587,-1.4847609019183308
0.05940761767357272,2.5011614615891826
0.05944716232109959,7.291934392232964
0.05948670696862644,11.40402017599876
0.05952625161615331,13.474094330513937
0.059565796263680165,13.101098213685333
0.05960534091120703,13.072805806380416
0.05964488555873389,12.668888166494693
0.059684430206260755,14.633131220535965
0.05972397485378761,17.14135844643893
0.05976351950131448,20.407744983417082
0.05980306414884133,22.251702533610892
0.0598426087963682,19.72313068522133
0.05988215344389505,23.37014138564301
0.05992169809142192,20.286842348739345
0.059961242738948775,19.527558126420836
0.06000078738647564,13.52379157559385
0.0600403320340025,6.868937208543537
0.060079876681529365,1.1224847869830343
0.06011942132905622,-6.365835708141041
0.06015896597658309,-11.715278892940484
0.06019851062410994,-14.960002840447839
0.06023805527163681,-21.29035001538442
0.06027759991916366,-24.82355614375061
0.06031714456669053,-28.102814385702793
0.060356689214217385,-27.902224101368475
0.06039623386174425,-24.935189006157124
0.06043577850927111,-24.15446878221252
0.060475323156797975,-23.665149380851112
0.06051486780432483,-24.534986649715794
0.0605544124518517,-23.78614228032122
0.06059395709937855,-22.897255116075357
0.06063350174690542,-23.215463231449547
0.06067304639443227,-20.681489893970188
0.06071259104195914,-15.116294714883804
0.060752135689485995,-11.314676264087637
0.06079168033701286,-9.809609391469458
0.06083122498453972,-10.699602931397887
0.060870769632066585,-11.330861620642061
0.06091031427959344,-12.065088709136845
0.06094985892712031,-11.296729381376888
0.06098940357464716,-12.17794537727012
0.06102894822217403,-12.533390116654562
0.06106849286970088,-12.921859143454808
0.06110803751722775,-14.896030139291923
0.061147582164754605,-16.497985941430013
0.06118712681228147,-20.568340351592642
0.06122667145980833,-22.245298113734783
0.061266216107335195,-21.215767902840113
0.06130576075486205,-18.245170125255854
0.06134530540238892,-10.783301359528384
0.06138485004991577,-6.748289903871132
0.06142439469744264,1.0542374605073377
0.06146393934496949,6.561974882787051
0.06150348399249636,9.497612530303531
0.061543028640023215,10.879826444751505
0.06158257328755008,13.36898568461034
0.06162211793507694,14.26837630334532
0.061661662582603805,14.419537583741342
0.06170120723013066,18.781192000226056
0.061740751877657526,18.30205924011435
0.06178029652518438,28.74652034240781
0.06181984117271125,33.99645391515327
0.0618593858202381,40.62266594181819
0.06189893046776497,45.28668089595513
0.061938475115291824,46.000047710507175
0.06197801976281869,45.04723915108193
0.062017564410345546,40.51352867368375
0.062057109057872414,33.12872286742507
0.06209665370539927,22.08557623448058
0.062136198352926136,9.324628315113074
0.06217574300045299,3.8447182910361413
0.06221528764797986,-3.5319770075488055
0.06225483229550671,-9.51787710515493
0.06229437694303358,-12.93539099518955
0.062333921590560434,-16.782545685781663
0.0623734662380873,-18.414112029028697
0.062413010885614156,-17.614711180011334
0.062452555533141024,-15.187180431225764
0.06249210018066788,-11.281843358080714
0.06253164482819475,-4.571566664285117
0.0625711894757216,1.0579594318861814
0.06261073412324847,10.13338431696888
0.06265027877077532,17.180382267329563
0.06268982341830219,22.525302411562834
0.06272936806582904,27.358671430016294
0.06276891271335591,28.817612247983938
0.06280845736088277,28.1038784386685
0.06284800200840963,24.01588428825818
0.06288754665593649,16.595699473262304
0.06292709130346336,5.512234946375741
0.06296663595099021,1.3059349504727615
0.06300618059851708,-4.144772005906895
0.06304572524604393,-9.249174768039897
0.0630852698935708,-11.739052440433163
0.06312481454109765,-14.229106035043502
0.06316435918862452,-15.871656691916911
0.06320390383615138,-17.715783629901235
0.06324344848367824,-18.913726919923377
0.0632829931312051,-20.67846807839709
0.06332253777873197,-19.50273567318385
0.06336208242625882,-20.17310090764052
0.06340162707378569,-20.863329392801035
0.06344117172131254,-24.774948396064033
0.06348071636883941,-25.576414362589315
0.06352026101636626,-27.184311445410398
0.06355980566389313,-25.442919271644076
0.06359935031141999,-24.396023967544387
0.06363889495894685,-20.340192818155884
0.06367843960647371,-15.499230728954734
0.06371798425400058,-11.311099248948011
0.06375752890152743,-6.550274354979461
0.0637970735490543,-5.449451068577961
0.06383661819658115,-2.789833469353595
0.06387616284410802,-1.0276361780552046
0.06391570749163487,-0.9184657249069366
0.06395525213916174,-1.7566056515825945
0.0639947967866886,-3.212289229421839
0.06403434143421546,-3.3063897349095024
0.06407388608174232,-1.1941373415847671
0.06411343072926919,2.7888869711742954
0.06415297537679604,6.690886421977194
0.06419252002432291,6.5773282281004475
0.06423206467184976,3.0954457777753026
0.06427160931937663,-3.604228372885655
0.06431115396690348,-9.683292512481351
0.06435069861443035,-16.02966177195129
0.0643902432619572,-17.956086738567198
0.06442978790948407,-16.112061518019885
0.06446933255701093,-10.702053109895946
0.0645088772045378,-4.120630882381622
0.06454842185206465,3.396439715057878
0.06458796649959152,7.958157016886994
0.06462751114711837,14.943506718337904
0.06466705579464524,21.989235176595628
0.0647066004421721,28.349356850098086
0.06474614508969896,34.41976727554818
0.06478568973722582,39.70669155308545
0.06482523438475268,39.69459393634023
0.06486477903227954,43.77590509991478
0.0649043236798064,40.82491776066783
0.06494386832733326,35.27162232391359
0.06498341297486013,30.369893526555323
0.06502295762238698,19.77105862557425
0.06506250226991385,14.583242293242218
0.0651020469174407,11.132762982056935
0.06514159156496757,7.884032391122954
0.06518113621249443,4.918720020921673
0.0652206808600213,1.0268248322593214
0.06526022550754815,-1.7035040288127563
0.06529977015507502,-4.848404818190937
0.06533931480260187,-8.696448887637036
0.06537885945012874,-11.283198100537822
0.06541840409765559,-13.631190132231257
0.06545794874518246,-12.234590169087513
0.06549749339270931,-10.057835278622715
0.06553703804023618,-5.054350365106673
0.06557658268776304,1.684150496093701
0.0656161273352899,9.349824727360879
0.06565567198281676,13.592397842188156
0.06569521663034363,15.610133765432526
0.06573476127787048,17.20645935032858
0.06577430592539735,14.801116892066506
0.0658138505729242,11.008215092368644
0.06585339522045107,6.409424145419249
0.06589293986797792,2.6048557910295624
0.06593248451550479,-1.1104274362596316
0.06597202916303165,-3.4538416041304068
0.06601157381055851,-5.437043670831817
0.06605111845808537,-6.654846739135866
0.06609066310561224,-9.325605107640657
0.06613020775313909,-11.823383626011797
0.06616975240066596,-15.670612718733178
0.06620929704819281,-17.5139432112731
0.06624884169571968,-20.89601372374247
0.06628838634324653,-24.68290220724178
0.0663279309907734,-27.880998060622847
0.06636747563830026,-24.208208923202296
0.06640702028582712,-30.608067453841002
0.06644656493335398,-30.007986519857
0.06648610958088084,-29.017754047915695
0.0665256542284077,-27.943853296145043
0.06656519887593457,-29.883192936675936
0.06660474352346142,-29.385186008290344
0.06664428817098829,-26.312842125695692
0.06668383281851514,-23.86134988747014
0.06672337746604201,-18.14795161781387
0.06676292211356886,-12.65709305261486
0.06680246676109573,-7.738338482102883
0.06684201140862259,-1.0105447906119718
0.06688155605614945,4.155030255660901
0.06692110070367631,7.021253159899352
0.06696064535120318,7.965184639360062
0.06700018999873003,7.051822812896254
0.0670397346462569,4.6258557486650265
0.06707927929378375,2.121884063650337
0.06711882394131062,-0.6395046170701137
0.06715836858883747,-2.6296917858404854
0.06719791323636434,-4.2874896781627685
0.0672374578838912,-5.78136676109936
0.06727700253141806,-5.058185384786548
0.06731654717894492,-5.629210325703636
0.06735609182647179,-4.223607034520855
0.06739563647399864,-2.5986661946971408
0.06743518112152551,-0.18488018630504843
0.06747472576905236,1.6438592526907172
0.06751427041657923,4.412635094184555
0.06755381506410608,9.388411020441303
0.06759335971163295,14.414614349348469
0.0676329043591598,19.44659729301395
0.06767244900668667,23.97403689685264
0.06771199365421353,26.04754322626978
0.0677515383017404,21.63080457771336
0.06779108294926725,26.235063171667186
0.06783062759679412,22.767520344329995
0.06787017224432097,20.1593666042785
0.06790971689184784,17.351923667303
0.0679492615393747,14.527762610227478
0.06798880618690156,11.143151550659805
0.06802835083442842,7.775345688065243
0.06806789548195528,3.6488031838840875
0.06810744012948214,-0.002945741602756513
0.068146984777009,-3.2956871421680667
0.06818652942453586,-6.0639126098187415
0.06822607407206273,-6.699000598599101
0.06826561871958958,-7.373844813273969
0.06830516336711645,-5.282049451186121
0.0683447080146433,-1.6315225946832612
0.06838425266217017,2.9452347594320596
0.06842379730969703,9.422704694917938
0.0684633419572239,14.586964438136782
0.06850288660475075,18.71799513596477
0.06854243125227762,19.4113920736339
0.06858197589980447,19.75840163079621
0.06862152054733134,17.272371074227202
0.06866106519485819,14.674350152683353
0.06870060984238506,8.585445923913525
0.06874015448991191,7.194857359605918
0.06877969913743878,2.5083096033478522
0.06881924378496564,-2.291285226034007
0.0688587884324925,-7.932860582829235
0.06889833308001936,-13.566757612672404
0.06893787772754623,-18.250832785938336
0.06897742237507308,-21.252336070230985
0.06901696702259995,-22.869992955557144
0.0690565116701268,-24.033452814877144
0.06909605631765367,-23.013505066603603
0.06913560096518052,-22.777880237851722
0.06917514561270739,-21.185314509552192
0.06921469026023425,-21.834698349455934
0.06925423490776111,-24.423629615977582
0.06929377955528797,-25.046252525414594
0.06933332420281484,-25.60391066711416
0.06937286885034169,-25.78062974922631
0.06941241349786856,-23.026506880021273
0.06945195814539541,-20.89760655979206
0.06949150279292228,-16.9179309724152
0.06953104744044913,-15.009719897390937
0.069570592087976,-12.74088143816109
0.06961013673550286,-12.249610857105417
0.06964968138302972,-12.592107155831005
0.06968922603055658,-9.649002381344356
0.06972877067808345,-12.397745065348897
0.0697683153256103,-12.311641513989485
0.06980785997313717,-12.33700393515976
0.06984740462066402,-11.91987703278338
0.06988694926819089,-11.616333263957507
0.06992649391571774,-10.1825515880074
0.06996603856324461,-10.036264165828733
0.07000558321077147,-8.857334139370314
0.07004512785829833,-8.992897073890854
0.07008467250582519,-8.934897792846833
0.07012421715335206,-8.780421291740694
0.07016376180087891,-8.68099234099305
0.07020330644840578,-6.5822026231879045
0.07024285109593263,-5.10336503232286
0.0702823957434595,-1.2672107842308309
0.07032194039098635,4.129482725785581
0.07036148503851322,10.661865611432766
0.07040102968604008,17.255701908721356
0.07044057433356694,23.987764328233034
0.0704801189810938,29.79519990584
0.07051966362862067,35.60437463698735
0.07055920827614752,38.72220547373831
0.07059875292367439,39.260451879723895
0.07063829757120124,39.16763876880475
0.07067784221872811,34.56619378550813
0.07071738686625496,24.009347714232327
0.07075693151378183,21.44382014239072
0.07079647616130869,13.523356203452277
0.07083602080883555,7.113460505381554
0.07087556545636241,0.014153414640081685
0.07091511010388928,-4.276829604689803
0.07095465475141613,-6.3184638558111095
0.070994199398943,-7.697687661855354
0.07103374404646985,-7.323573785192936
0.07107328869399672,-6.366965834377551
0.07111283334152357,-5.276929538509438
0.07115237798905044,-3.8635992327723834
0.0711919226365773,-2.256337548577503
0.07123146728410416,-0.10898027250293829
0.07127101193163102,3.9069865288734764
0.07131055657915789,7.011245980289972
0.07135010122668474,10.95092534160473
0.07138964587421161,14.604517581409551
0.07142919052173846,17.97945949138268
0.07146873516926533,18.387360544258602
0.07150827981679218,19.21392058042293
0.07154782446431905,17.316305598131535
0.0715873691118459,13.791445856599523
0.07162691375937277,9.652914154783604
0.07166645840689963,6.3796533797469825
0.0717060030544265,4.284037092961553
0.07174554770195335,1.5384489550278282
0.07178509234948022,0.4420385737312911
0.07182463699700707,-0.6548644034267834
0.07186418164453394,-1.2717070535850965
0.0719037262920608,-2.5492799192901963
0.07194327093958766,-3.5227741373005808
0.07198281558711452,-5.17591326620955
0.07202236023464138,-7.592133160538859
0.07206190488216824,-11.656662500999946
0.0721014495296951,-15.486674991683065
0.07214099417722196,-19.273363490787254
0.07218053882474883,-21.931572300889826
0.07222008347227568,-25.0843997602373
0.07225962811980255,-23.09176271559161
0.0722991727673294,-28.791978426738787
0.07233871741485627,-31.858347418948398
0.07237826206238313,-32.40924380097849
0.07241780670991,-30.11412104371195
0.07245735135743685,-27.274308669066997
0.07249689600496372,-23.099797992500484
0.07253644065249057,-19.41215122160643
0.07257598530001744,-17.617416295125253
0.07261552994754429,-15.619498752858327
0.07265507459507116,-13.859576395208293
0.07269461924259801,-12.450708943531115
0.07273416389012488,-10.750931161325797
0.07277370853765174,-8.996271337067094
0.0728132531851786,-5.780796219780104
0.07285279783270546,-5.449498066336178
0.07289234248023232,-2.984207549453676
0.07293188712775918,-1.4174077646478533
0.07297143177528605,-0.5348206200609535
0.0730109764228129,0.25719016969206
0.07305052107033977,1.394508392139774
0.07309006571786662,2.4543844553804615
0.07312961036539349,4.227259757298031
0.07316915501292034,5.70933280030886
0.07320869966044721,7.80502838575623
0.07324824430797407,10.435536066262056
0.07328778895550093,13.950669436217641
0.07332733360302779,17.595446732888806
0.07336687825055466,18.573288991422785
0.07340642289808151,26.55569147479622
0.07344596754560838,30.766446309156418
0.07348551219313523,35.052518900898065
0.0735250568406621,37.23899913750117
0.07356460148818895,36.3099400064822
0.07360414613571582,34.10399885754527
0.07364369078324268,28.825930922841547
0.07368323543076954,23.752776510593876
0.0737227800782964,16.9275905677784
0.07376232472582327,11.192171764302053
0.07380186937335012,6.36662876788002
0.07384141402087699,1.7458237285283218
0.07388095866840384,-1.357022973788955
0.07392050331593071,-3.2931730137333544
0.07396004796345756,-4.544787380705951
0.07399959261098443,-3.8404893068294292
0.07403913725851129,-1.6321427301393339
0.07407868190603815,2.394159536652504
0.07411822655356501,6.627675856059385
0.07415777120109188,10.42947139372709
0.07419731584861873,14.062762090826698
0.0742368604961456,16.60943794009759
0.07427640514367245,18.170468932129378
0.07431594979119932,16.507325800725898
0.07435549443872617,14.72210464505451
0.07439503908625304,11.369038607510646
0.0744345837337799,9.089393940867682
0.07447412838130676,5.219032864325728
0.07451367302883362,4.226487934041973
0.07455321767636049,2.3466467060580314
0.07459276232388734,0.2501401404628014
0.07463230697141421,-1.3754506170352672
0.07467185161894106,-3.706784464572923
0.07471139626646793,-6.255207816855373
0.07475094091399478,-8.033316867342826
0.07479048556152165,-9.209290705641543
0.0748300302090485,-9.47348386302506
0.07486957485657537,-8.888179102419194
0.07490911950410223,-8.02610953079863
0.0749486641516291,-7.691306909162299
0.07498820879915595,-7.119081024189874
0.07502775344668282,-7.509581229508689
0.07506729809420967,-6.054314519438985
0.07510684274173654,-9.138894839606307
0.0751463873892634,-11.837248650551341
0.07518593203679026,-14.664890642466393
0.07522547668431712,-17.49462377031403
0.07526502133184398,-18.789418574057386
0.07530456597937084,-21.31369972272646
0.0753441106268977,-23.657658349730383
0.07538365527442456,-23.922296452404538
0.07542319992195143,-26.164742700782266
0.07546274456947828,-27.45465940309827
0.07550228921700515,-28.926049126814544
0.075541833864532,-28.9855742936617
0.07558137851205887,-28.281900639090296
0.07562092315958573,-24.7954170380302
0.0756604678071126,-19.46422856254233
0.07570001245463945,-22.253017552327787
0.07573955710216632,-20.893209651640202
0.07577910174969317,-16.667984120416577
0.07581864639722004,-14.360726410645682
0.07585819104474689,-11.730861454572123
0.07589773569227376,-8.83280729979758
0.07593728033980061,-4.998155721852583
0.07597682498732748,-1.441161694439936
0.07601636963485434,2.60973577006407
0.0760559142823812,6.892018730431091
0.07609545892990806,10.740571248811515
0.07613500357743493,15.940524870884122
0.07617454822496178,20.79090222334458
0.07621409287248865,21.93921751005291
0.0762536375200155,23.431754742185674
0.07629318216754237,34.74838485982883
0.07633272681506922,36.45128503109255
0.07637227146259609,36.302611705714085
0.07641181611012295,38.4021556358719
0.07645136075764981,35.20859701138843
0.07649090540517667,31.379968995384598
0.07653045005270354,24.074314070551686
0.07656999470023039,19.047717136321058
0.07660953934775726,13.797437399011715
0.07664908399528411,10.380031484472617
0.07668862864281098,6.683358666507714
0.07672817329033783,4.617440975166129
0.0767677179378647,4.066874897508317
0.07680726258539156,5.924691159115475
0.07684680723291842,6.885175109938743
0.07688635188044528,10.459679765076977
0.07692589652797215,12.49259357281073
0.076965441175499,13.502073154750711
0.07700498582302587,14.623481880812456
0.07704453047055272,15.376125543759262
0.07708407511807959,15.454541513062566
0.07712361976560644,16.00458801106928
0.07716316441313331,16.373108182397175
0.07720270906066017,16.21797979311752
0.07724225370818703,15.207915119695661
0.07728179835571389,14.07575857560014
0.07732134300324076,11.306904783580944
0.07736088765076761,8.013447793113802
0.07740043229829448,4.897640820997954
0.07743997694582133,0.1508232682975983
0.0774795215933482,-3.4208911571225666
0.07751906624087505,-7.342537561188465
0.07755861088840192,-10.408463613081938
0.07759815553592878,-12.619483791408136
0.07763770018345564,-15.422823821973001
0.0776772448309825,-17.233148540484052
0.07771678947850937,-18.088384778862114
0.07775633412603622,-20.420082152753015
0.07779587877356309,-21.03523022962449
0.07783542342108994,-21.06199400395362
0.07787496806861681,-21.03809262959734
0.07791451271614366,-20.74050614645181
0.07795405736367053,-21.87374335431558
0.07799360201119739,-20.912778501543386
0.07803314665872425,-19.801575876144607
0.07807269130625111,-14.955635415053134
0.07811223595377798,-18.24498050822876
0.07815178060130483,-18.28047624519006
0.0781913252488317,-17.908932592812466
0.07823086989635855,-17.621006975845102
0.07827041454388542,-17.420789337497965
0.07830995919141227,-17.20688827045661
0.07834950383893914,-15.023719609327845
0.078389048486466,-13.176985206226247
0.07842859313399286,-12.335439971552566
0.07846813778151972,-11.057275806176815
0.07850768242904659,-9.186640875023087
0.07854722707657344,-8.037410399697137
0.07858677172410031,-6.997426969095153
0.07862631637162716,-6.22922554555196
0.07866586101915403,-5.283848035881491
0.07870540566668088,-3.672334114458338
0.07874495031420775,-3.2379472732446324
0.0787844949617346,-2.247540305375458
0.07882403960926147,-0.632376436125285
0.07886358425678833,0.9408845945773461
0.0789031289043152,3.5243708208355953
0.07894267355184205,5.971312965420729
0.07898221819936892,7.915742475665316
0.07902176284689577,10.471052550383181
0.07906130749442264,13.030493760366012
0.0791008521419495,15.779077727614059
0.07914039678947636,18.205724009831034
0.07917994143700322,21.21991271961045
0.07921948608453008,23.559914365351073
0.07925903073205694,26.3060289725891
0.0792985753795838,27.51844067970435
0.07933812002711066,22.57256674735673
0.07937766467463753,21.339010116363298
0.07941720932216438,22.941842863425098
0.07945675396969125,17.381149419045332
0.0794962986172181,12.915120741685062
0.07953584326474497,9.25905180350911
0.07957538791227182,4.63646127754493
0.07961493255979869,0.984466790164233
0.07965447720732555,-1.5051437630239421
0.07969402185485241,-2.197097579323814
0.07973356650237927,-1.9804884195438435
0.07977311114990614,-0.5322857846004609
0.07981265579743299,2.772067328364722
0.07985220044495986,6.002677764370006
0.07989174509248671,9.289988850575789
0.07993128974001358,12.703205225602671
0.07997083438754043,13.735447637518881
0.0800103790350673,13.638784053792254
0.08004992368259416,18.039990414839977
0.08008946833012102,18.499352061343146
0.08012901297764788,17.305886170331224
0.08016855762517475,14.117423940753465
0.0802081022727016,10.64226474379291
0.08024764692022847,5.866605195435298
0.08028719156775532,0.8732382075002656
0.08032673621528219,-2.5641364945477703
0.08036628086280904,-5.318731149761813
0.08040582551033591,-7.637746677071916
0.08044537015786277,-8.841127332302197
0.08048491480538963,-8.563838704862432
0.08052445945291649,-7.798583219936263
0.08056400410044336,-6.999987098380981
0.08060354874797021,-6.89691337207009
0.08064309339549708,-6.301983141825701
0.08068263804302393,-6.955894335746256
0.0807221826905508,-10.448634108452627
0.08076172733807765,-10.922598870228263
0.08080127198560452,-12.080993536379642
0.08084081663313138,-12.900985599729331
0.08088036128065824,-13.285189667393242
0.0809199059281851,-14.594854700965833
0.08095945057571197,-16.293386591767273
0.08099899522323882,-16.66938757329926
0.08103853987076569,-19.390955432212504
0.08107808451829254,-19.6296483219934
0.08111762916581941,-21.337622497041586
0.08115717381334626,-24.02909483614946
0.08119671846087313,-24.791051561898247
0.08123626310839999,-24.54806696191288
0.08127580775592685,-26.994914426966908
0.08131535240345371,-21.968776413355137
0.08135489705098058,-22.8230727317354
0.08139444169850743,-26.154398781519912
0.0814339863460343,-24.159053606037006
0.08147353099356115,-22.07283937713518
0.08151307564108802,-19.07902075953203
0.08155262028861487,-13.749607520670143
0.08159216493614174,-11.8752610605473
0.0816317095836686,-8.695192819197745
0.08167125423119546,-5.11408945513798
0.08171079887872232,-1.5590876165417535
0.08175034352624919,2.4676270252112236
0.08178988817377604,5.23146985841486
0.08182943282130291,9.558042030027682
0.08186897746882976,13.079823875201047
0.08190852211635663,17.044238970821812
0.08194806676388348,19.47710615783216
0.08198761141141035,20.834845451755736
0.0820271560589372,19.292668275723923
0.08206670070646407,24.809694026884223
0.08210624535399093,24.405456954052145
0.0821457900015178,23.495378310123407
0.08218533464904465,24.549376334563878
0.08222487929657152,22.660562842778184
0.08226442394409837,18.94015783754693
0.08230396859162524,15.843380909604107
0.0823435132391521,11.225584486066644
0.08238305788667896,8.183672649468763
0.08242260253420582,5.455212922313417
0.08246214718173268,3.6192355880779274
0.08250169182925954,3.02011498618129
0.0825412364767864,2.7246957426999945
0.08258078112431326,3.3801278969564796
0.08262032577184013,4.173588446508815
0.08265987041936698,5.550112533777637
0.08269941506689385,6.1287653520913405
0.0827389597144207,6.606114234898299
0.08277850436194757,9.973396447841726
0.08281804900947443,11.374479352188647
0.0828575936570013,12.594849681527396
0.08289713830452815,14.625032097941013
0.08293668295205502,15.168263896277267
0.08297622759958187,17.67660164055086
0.08301577224710874,17.48369293931288
0.08305531689463559,16.063460210095588
0.08309486154216246,14.117593664290283
0.08313440618968931,11.038769425805453
0.08317395083721618,6.798856744693918
0.08321349548474304,2.137878690800033
0.0832530401322699,-2.483724456921509
0.08329258477979676,-6.136841791425653
0.08333212942732363,-10.433947435967617
0.08337167407485048,-11.697271602584236
0.08341121872237735,-10.440509821480783
0.0834507633699042,-10.831081447297787
0.08349030801743107,-14.51719037339669
0.08352985266495792,-15.565144427093031
0.08356939731248479,-16.557418335995997
0.08360894196001165,-16.15938642852971
0.08364848660753851,-15.55543211244397
0.08368803125506537,-15.116224395009578
0.08372757590259224,-13.84408199362949
0.08376712055011909,-12.353945702513514
0.08380666519764596,-11.67282622561192
0.08384620984517281,-10.776951937072793
0.08388575449269968,-10.070384893899574
0.08392529914022653,-9.331588403000001
0.0839648437877534,-9.175498834049481
0.08400438843528026,-8.847256264262295
0.08404393308280712,-9.514082203651787
0.08408347773033398,-9.933954895054292
0.08412302237786085,-8.245717099959483
0.0841625670253877,-8.602361013128593
0.08420211167291457,-11.408780278025244
0.08424165632044142,-11.992943247247695
0.08428120096796829,-13.19259772177304
0.08432074561549514,-14.221851218659395
0.08436029026302201,-14.172253417475297
0.08439983491054887,-14.312738797589954
0.08443937955807573,-14.106161246655947
0.08447892420560259,-14.097787341954163
0.08451846885312946,-11.702274241453155
0.08455801350065631,-10.133388035204245
0.08459755814818318,-8.125677823287091
0.08463710279571003,-5.877484290504782
0.0846766474432369,-4.269507779548517
0.08471619209076375,-2.324525371471207
0.08475573673829062,-0.46022295125867796
0.08479528138581748,1.3822969734828172
0.08483482603334434,3.5127757682693916
0.0848743706808712,5.728569676613575
0.08491391532839807,6.745545056095662
0.08495345997592492,13.44205560025088
0.08499300462345179,17.626670521472366
0.08503254927097864,20.84578148979395
0.08507209391850551,23.85945588273903
0.08511163856603236,24.548195577168656
0.08515118321355923,25.115567818224754
0.08519072786108609,24.60352231027174
0.08523027250861295,21.261303382192786
0.08526981715613981,20.377026098239615
0.08530936180366668,18.972673942895295
0.08534890645119353,15.54165544686818
0.0853884510987204,13.700694716406122
0.08542799574624725,12.296806640716337
0.08546754039377412,10.434606630803632
0.08550708504130097,9.190854055504776
0.08554662968882784,8.770962982071548
0.0855861743363547,9.146363112726295
0.08562571898388156,8.238185716217995
0.08566526363140842,9.310672415228446
0.08570480827893528,15.550734305701742
0.08574435292646214,18.25311798603647
0.08578389757398901,21.72225521123804
0.08582344222151586,24.36251650523814
0.08586298686904273,26.15440657266617
0.08590253151656958,24.889791932067435
0.08594207616409645,23.540236888245616
0.0859816208116233,21.81667423179453
0.08602116545915017,19.181898671816015
0.08606071010667703,14.874365955750072
0.0861002547542039,10.019778312731523
0.08613979940173075,5.578171548754648
0.08617934404925762,1.6842189968426826
0.08621888869678447,-4.0826939731598815
0.08625843334431134,-8.346650881414899
0.08629797799183819,-12.688979773588862
0.08633752263936506,-16.865666790323584
0.08637706728689191,-18.621162244280214
0.08641661193441878,-19.71136007357827
0.08645615658194564,-28.35215593082322
0.0864957012294725,-30.81659540740462
0.08653524587699936,-31.23327051566047
0.08657479052452623,-31.234111303814245
0.08661433517205308,-30.81366619155944
0.08665387981957995,-28.58135266681325
0.0866934244671068,-26.654422473757133
0.08673296911463367,-23.60128332939775
0.08677251376216052,-20.20091382982745
0.08681205840968739,-18.744434908486934
0.08685160305721425,-16.89389278060284
0.08689114770474111,-14.684279716770279
0.08693069235226797,-13.057045152491684
0.08697023699979484,-11.336923688319748
0.08700978164732169,-11.830367446370467
0.08704932629484856,-11.061190362909844
0.08708887094237541,-11.178890196661172
0.08712841558990228,-9.564565786397363
0.08716796023742913,-9.782794539382042
0.087207504884956,-11.272306219309058
0.08724704953248286,-11.019540386249568
0.08728659418000972,-9.628271328689797
0.08732613882753658,-7.889021382306794
0.08736568347506345,-6.135600734324764
0.0874052281225903,-3.872487440615047
0.08744477277011717,-1.6972616443075461
0.08748431741764402,0.19694258425441724
0.08752386206517089,2.109320482728841
0.08756340671269774,3.9395930994838
0.08760295136022461,5.937063310376488
0.08764249600775147,8.589750226401906
0.08768204065527833,11.074996606295286
0.08772158530280519,13.109117739987322
0.08776112995033206,16.11467485201831
0.08780067459785891,19.260480664426137
0.08784021924538578,22.110015129739928
0.08787976389291263,24.839008109609118
0.0879193085404395,24.833836251816884
0.08795885318796635,20.957053901690777
0.08799839783549322,24.50729039056293
0.08803794248302008,24.02426672383547
0.08807748713054694,22.83703351998786
0.0881170317780738,20.85221832352363
0.08815657642560067,17.69952758706841
0.08819612107312752,14.095621332762882
0.08823566572065439,10.699740582060107
0.08827521036818124,7.359070850043882
0.08831475501570811,3.486784786816165
0.08835429966323496,1.4565190981568366
0.08839384431076183,-0.2698951969428389
0.08843338895828869,-1.434415375638947
0.08847293360581555,-1.8804198327161163
0.08851247825334241,-1.6784049185439942
0.08855202290086928,-0.5538724688073797
0.08859156754839613,1.1637947198122847
0.088631112195923,2.929274363368547
0.08867065684344985,4.998491731972249
0.08871020149097672,6.6521401860596185
0.08874974613850357,6.935786717628934
0.08878929078603044,7.315980790405248
0.0888288354335573,10.86329463574036
0.08886838008108416,10.607438452122206
0.08890792472861102,8.820129926879368
0.08894746937613789,7.327008835482462
0.08898701402366474,4.0984789903901095
0.08902655867119161,1.6042755471851216
0.08906610331871846,-1.160831423922617
0.08910564796624533,-3.800380660488927
0.08914519261377218,-6.930882824222727
0.08918473726129905,-8.775209689011664
0.0892242819088259,-11.40576461471639
0.08926382655635277,-12.811194178591496
0.08930337120387963,-13.81180525130219
0.0893429158514065,-14.746853024153069
0.08938246049893335,-15.041959611081344
0.08942200514646022,-15.466040621633265
0.08946154979398707,-15.453882921068509
0.08950109444151394,-15.322663857994453
0.0895406390890408,-13.642675167531912
0.08958018373656766,-11.544511339680856
0.08961972838409452,-11.361235764090496
0.08965927303162138,-11.689522479597498
0.08969881767914824,-10.37126681275828
0.0897383623266751,-8.465139894090747
0.08977790697420196,-6.775064834542871
0.08981745162172883,-5.695403080224267
0.08985699626925568,-4.979403386646131
0.08989654091678255,-3.8178848477862504
0.0899360855643094,-3.100988613686983
0.08997563021183627,-1.8478900905719655
0.09001517485936313,-1.6402760625552837
0.09005471950689,-1.5131472215005104
0.09009426415441685,-1.6111888488650097
0.09013380880194372,-1.9899326156369952
0.09017335344947057,-2.4824149576753003
0.09021289809699744,-3.0947362120655333
0.09025244274452429,-3.4112642119783816
0.09029198739205116,-3.7665310021430125
0.09033153203957801,-4.135942322089358
0.09037107668710488,-4.192676045737493
0.09041062133463174,-3.886271965487672
0.0904501659821586,-3.761665977872001
0.09048971062968546,-2.9197812043864158
0.09052925527721233,-1.2288263138879225
0.09056879992473918,1.050871691312219
0.09060834457226605,3.552400354000662
0.0906478892197929,7.277080368495189
0.09068743386731977,10.448888710748054
0.09072697851484662,15.086314906568283
0.09076652316237349,16.628872098596077
0.09080606780990035,18.938516510748713
0.09084561245742721,19.551395862462076
0.09088515710495407,19.660098669595193
0.09092470175248094,19.20186671501205
0.09096424640000779,18.40111192812072
0.09100379104753466,15.788545712447224
0.09104333569506151,13.134221085047207
0.09108288034258838,10.373370944317637
0.09112242499011523,7.379130018186724
0.0911619696376421,5.596821983851288
0.09120151428516896,3.591347066545138
0.09124105893269582,2.0719200829866473
0.09128060358022268,1.488683924667252
0.09132014822774955,1.264882348381489
0.0913596928752764,1.649027412008552
0.09139923752280327,1.9200118252465899
0.09143878217033012,3.04776726217714
0.09147832681785699,4.610386858706053
0.09151787146538384,7.078444890017019
0.09155741611291071,9.368262592699182
0.09159696076043757,11.745927694586552
0.09163650540796443,14.107752490424346
0.09167605005549129,16.229818354881473
0.09171559470301816,16.90627433859668
0.09175513935054501,17.212663150059974
0.09179468399807188,16.145162394253894
0.09183422864559873,15.450900696723352
0.0918737732931256,11.961243440579809
0.09191331794065245,8.806191114000708
0.09195286258817932,5.187555358250941
0.09199240723570618,1.7659194885272003
0.09203195188323304,-2.3888233382347783
0.0920714965307599,-5.5732200863417045
0.09211104117828676,-6.817080325428649
0.09215058582581362,-7.962918938046645
0.09219013047334049,-12.818234456430654
0.09222967512086734,-14.092792806374101
0.09226921976839421,-15.138191215640335
0.09230876441592106,-15.47546489095103
0.09234830906344793,-16.00682453907703
0.09238785371097478,-16.544823081720512
0.09242739835850165,-18.1745602377758
0.0924669430060285,-17.10055901567817
0.09250648765355537,-17.32389229631267
0.09254603230108223,-17.885486570642822
0.0925855769486091,-16.900976624270875
0.09262512159613595,-17.777468688406433
0.09266466624366282,-17.106456233948407
0.09270421089118969,-15.688625452600174
0.09274375553871654,-13.884642199532847
0.0927833001862434,-13.09171494990504
0.09282284483377026,-11.870864558079775
0.09286238948129713,-10.276619776202352
0.09290193412882398,-9.63489436603312
0.09294147877635084,-8.50341056415773
0.0929810234238777,-5.379108726484734
0.09302056807140457,-4.215879752749075
0.09306011271893143,-3.7759009401939325
0.09309965736645828,-2.4825896044064235
0.09313920201398515,-2.022376274586522
0.09317874666151202,-1.3689629350364196
0.09321829130903887,-1.2759914537859647
0.09325783595656573,-1.0396750788097293
0.0932973806040926,-1.2706076810006186
0.09333692525161946,-1.2058719974748655
0.09337646989914632,-1.2320721917191868
0.09341601454667317,-0.3168361991849169
0.09345555919420004,0.8546633657391265
0.0934951038417269,2.4221275751308404
0.09353464848925376,5.334566413494684
0.09357419313678061,9.687204157337382
0.09361373778430748,11.901970170202459
0.09365328243183435,14.375403587463957
0.0936928270793612,16.997025952070356
0.09373237172688806,18.540156198230772
0.09377191637441493,19.764033072944372
0.0938114610219418,19.516594052168916
0.09385100566946865,15.001507044529472
0.0938905503169955,13.895631035013878
0.09393009496452237,13.341866379753537
0.09396963961204924,11.831001705309955
0.09400918425957609,9.756171085311273
0.09404872890710295,6.966885890843274
0.09408827355462981,5.250381109775924
0.09412781820215668,4.091094118324779
0.09416736284968354,2.883361742578831
0.09420690749721039,2.158278482312255
0.09424645214473726,2.118149138402657
0.09428599679226413,2.0099140065305967
0.09432554143979098,2.3360855009001114
0.09436508608731783,2.694792837914907
0.0944046307348447,3.4883080123504673
0.09444417538237157,3.9876490757743692
0.09448372002989842,4.433189192151825
0.09452326467742528,5.527031741678195
0.09456280932495215,5.899055861052479
0.09460235397247901,6.616339996691618
0.09464189862000587,6.688175024405508
0.09468144326753272,6.935533575946282
0.09472098791505959,6.3431897278568465
0.09476053256258646,4.749742627744708
0.09480007721011331,2.8262823472749785
0.09483962185764017,2.1854633111001442
0.09487916650516703,0.07262242869568958
0.0949187111526939,-1.5041563794705581
0.09495825580022076,-3.499403879329572
0.09499780044774761,-4.780631792828833
0.09503734509527448,-6.739628332814864
0.09507688974280135,-7.830992358135722
0.0951164343903282,-8.915600393667201
0.09515597903785505,-10.94919516996205
0.09519552368538192,-12.275374493962946
0.09523506833290879,-14.3496953670282
0.09527461298043564,-15.590738916265508
0.0953141576279625,-16.012173580480415
0.09535370227548937,-17.569837263406605
0.09539324692301623,-18.230566184993844
0.09543279157054309,-17.482581573186714
0.09547233621806994,-17.84595347417958
0.09551188086559681,-17.85212703497752
0.09555142551312368,-18.388323181679187
0.09559097016065053,-18.47730583391834
0.09563051480817739,-18.346307011206676
0.09567005945570425,-18.06491216577957
0.09570960410323112,-15.437556239093734
0.09574914875075798,-15.056982997784054
0.09578869339828483,-15.0603625561027
0.0958282380458117,-16.939065271678366
0.09586778269333857,-16.079316672923685
0.09590732734086542,-14.246581786397368
0.09594687198839227,-13.359769618103464
0.09598641663591914,-12.55085531780531
0.09602596128344601,-11.042265704182887
0.09606550593097286,-9.903472740365112
0.09610505057849972,-9.347028806135267
0.09614459522602659,-8.885112556283081
0.09618413987355345,-7.462146146224819
0.09622368452108031,-6.993509394036973
0.09626322916860716,-6.208909260239871
0.09630277381613403,-5.008024932229459
0.0963423184636609,-3.043949168401981
0.09638186311118775,-0.4429707662643745
0.0964214077587146,2.4758015417725012
0.09646095240624147,6.22393363298177
0.09650049705376834,8.014103162271482
0.0965400417012952,11.724149528348974
0.09657958634882205,14.248322286268651
0.09661913099634892,16.374729257112193
0.09665867564387579,15.502198270745925
0.09669822029140264,15.813569767688044
0.0967377649389295,15.55263416410692
0.09677730958645636,17.71574700704199
0.09681685423398323,15.8075314825718
0.09685639888151008,13.180158465672433
0.09689594352903694,10.805124013386173
0.0969354881765638,8.01252106010238
0.09697503282409067,6.4843350530418435
0.09701457747161753,5.401602163821125
0.09705412211914438,4.873213241066303
0.09709366676667125,4.873041541880442
0.09713321141419812,5.756040926825011
0.09717275606172497,6.583300075381439
0.09721230070925183,7.487739764065837
0.0972518453567787,9.635996018941775
0.09729139000430556,11.589553921014975
0.09733093465183242,13.610074507077744
0.09737047929935927,15.559524660707826
0.09741002394688614,17.183352478970747
0.097449568594413,18.06183610994605
0.09748911324193986,18.149630332622195
0.09752865788946671,18.05520577954752
0.09756820253699358,16.656210934030423
0.09760774718452045,14.356517916814727
0.0976472918320473,11.192124417734636
0.09768683647957416,10.057385647473351
0.09772638112710103,6.791370486959486
0.0977659257746279,4.362653809662352
0.09780547042215475,1.6215258775735961
0.0978450150696816,-2.1957090623871514
0.09788455971720847,-4.3664047580971275
0.09792410436473534,-6.952359268304087
0.09796364901226219,-9.14496415839162
0.09800319365978905,-10.7133145566277
0.09804273830731591,-11.74605603243879
0.09808228295484278,-12.707358398207111
0.09812182760236964,-13.712514269812406
0.09816137224989649,-14.957851130252905
0.09820091689742336,-15.857872398887881
0.09824046154495022,-17.194182968554987
0.09828000619247708,-18.667600582012923
0.09831955084000393,-19.88144727154144
0.0983590954875308,-20.435197805941883
0.09839864013505767,-20.528005806642042
0.09843818478258452,-20.60482749707837
0.09847772943011138,-21.07699412247955
0.09851727407763824,-21.14218650512425
0.09855681872516511,-18.689689396012106
0.09859636337269197,-13.958683706449218
0.09863590802021882,-13.307971133752357
0.09867545266774569,-12.979079121543244
0.09871499731527256,-14.421006736718137
0.09875454196279941,-14.568588093491346
0.09879408661032626,-13.412304431030694
0.09883363125785313,-12.679633040012444
0.09887317590538,-11.523358382080351
0.09891272055290685,-10.905756721089901
0.09895226520043371,-9.957962257299222
0.09899180984796058,-8.912806177778538
0.09903135449548744,-8.118385208904401
0.0990708991430143,-6.414841257652659
0.09911044379054115,-3.7693795420705536
0.09914998843806802,-1.7342442291295779
0.09918953308559489,0.8689847707110321
0.09922907773312174,4.2301678730156915
0.0992686223806486,6.488575392425278
0.09930816702817546,8.413703014560161
0.09934771167570233,12.545346881986962
0.09938725632322919,14.30606986660111
0.09942680097075604,17.78458949012254
0.09946634561828291,19.187088569494172
0.09950589026580978,20.96652012095025
0.09954543491333663,21.603397980555105
0.09958497956086348,21.63086456811725
0.09962452420839035,15.801047302949076
0.09966406885591722,14.853497244764787
0.09970361350344407,13.807622873891505
0.09974315815097093,12.87367786692591
0.0997827027984978,10.547871313458266
0.09982224744602466,7.68104999804989
0.09986179209355152,6.7935193444508295
0.09990133674107837,5.191580285115273
0.09994088138860524,4.852364605625806
0.09998042603613211,4.410112015134179
0.10001997068365896,4.300098014634667
0.10005951533118582,4.619718771486948
0.10009905997871268,4.857045790486665
0.10013860462623955,5.603393172554376
0.1001781492737664,6.19211395612697
0.10021769392129326,6.675471169501124
0.10025723856882013,7.703448154268797
0.100296783216347,8.07112568324546
0.10033632786387385,8.372078027059928
0.1003758725114007,8.614484314678272
0.10041541715892757,8.249649778470936
0.10045496180645444,7.909987033553599
0.1004945064539813,7.519986774544393
0.10053405110150815,7.155246236350663
0.10057359574903502,6.804368376934044
0.10061314039656188,5.887960995599986
0.10065268504408874,3.3402082617142232
0.10069222969161559,3.0025734801915736
0.10073177433914246,2.6780780651473286
0.10077131898666933,1.9778555975940408
0.10081086363419618,1.1891889111651723
0.10085040828172304,0.6127666241270759
0.1008899529292499,-1.6193597634235184
0.10092949757677677,-2.7597220971546443
0.10096904222430363,-4.1271693038738
0.10100858687183048,-6.228710277429308
0.10104813151935735,-7.32186147673626
0.10108767616688422,-9.051133415406799
0.10112722081441107,-10.53018949612402
0.10116676546193792,-11.64348964820784
0.10120631010946479,-12.359027004073294
0.10124585475699166,-13.187377479601867
0.10128539940451851,-13.986609462511968
0.10132494405204537,-14.941326776501175
0.10136448869957224,-14.611730724279983
0.1014040333470991,-15.445669830138165
0.10144357799462596,-15.55486927448575
0.10148312264215281,-14.982603116444988
0.10152266728967968,-15.566891388549294
0.10156221193720655,-15.04324688458873
0.1016017565847334,-14.993087958731138
0.10164130123226026,-14.45752443930059
0.10168084587978712,-14.336560380971092
0.10172039052731399,-11.562122957698987
0.10175993517484085,-11.363631438357938
0.1017994798223677,-11.16149803563983
0.10183902446989457,-11.249462470414993
0.10187856911742144,-10.320869584250982
0.10191811376494829,-8.660752377265553
0.10195765841247514,-7.20697725269109
0.10199720306000201,-5.424808735745902
0.10203674770752888,-2.461903301506725
0.10207629235505573,-0.9847366891264064
0.10211583700258259,1.3347618105845411
0.10215538165010946,4.121810478588578
0.10219492629763632,6.330957730363618
0.10223447094516318,9.222427768546524
0.10227401559269003,11.404091204620672
0.1023135602402169,12.684238030988276
0.10235310488774377,15.308123402203513
0.10239264953527062,16.424783450268528
0.10243219418279748,17.803734031180504
0.10247173883032434,17.55248613901175
0.10251128347785121,16.72029087679625
0.10255082812537807,15.815816601223986
0.10259037277290492,14.194463221707052
0.10262991742043179,12.569552679254722
0.10266946206795866,10.269959740060646
0.10270900671548551,9.873259078886411
0.10274855136301236,9.753895190032958
0.10278809601053923,7.554847151588281
0.1028276406580661,7.54637199410577
0.10286718530559295,7.711482256107695
0.10290672995311981,11.468003271640635
0.10294627460064668,11.922443991777007
0.10298581924817354,13.032446634896445
0.1030253638957004,13.882119173299188
0.10306490854322725,15.186347720365116
0.10310445319075412,16.111230077837657
0.10314399783828099,15.900575604072074
0.10318354248580784,15.775458642848061
0.1032230871333347,14.628821296845565
0.10326263178086156,12.892857241212154
0.10330217642838843,10.537116923116074
0.10334172107591529,7.391137523550262
0.10338126572344214,4.873321060598033
0.10342081037096901,1.941496560586236
0.10346035501849588,-0.2337605547875672
0.10349989966602273,-1.7572385613733053
0.10353944431354958,-3.308285821864162
0.10357898896107645,-4.886445013915897
0.10361853360860332,-5.37108670183094
0.10365807825613017,-5.9215561121917375
0.10369762290365703,-6.434136427291064
0.1037371675511839,-6.7662189382042675
0.10377671219871076,-6.575876874267882
0.10381625684623762,-6.5850746206531845
0.10385580149376447,-6.565535545003568
0.10389534614129134,-6.123540257334851
0.10393489078881821,-6.0997626400650065
0.10397443543634506,-6.065975943763113
0.10401398008387192,-7.822801484997296
0.10405352473139878,-8.6008459330964
0.10409306937892565,-9.413064995083147
0.1041326140264525,-10.27611726514329
0.10417215867397936,-10.513916376217868
0.10421170332150623,-11.082229875081252
0.1042512479690331,-11.435295827099125
0.10429079261655995,-11.945552547433522
0.1043303372640868,-11.593258814706054
0.10436988191161367,-11.65949495543083
0.10440942655914054,-12.095919990447229
0.1044489712066674,-12.994222515292893
0.10448851585419425,-13.107289106407155
0.10452806050172112,-12.816380936125862
0.10456760514924798,-12.794167680529217
0.10460714979677484,-12.826972430442787
0.10464669444430169,-11.8623589321024
0.10468623909182856,-11.369502117015095
0.10472578373935543,-9.476515652182552
0.10476532838688228,-7.689845345239565
0.10480487303440914,-5.387843982729403
0.104844417681936,-2.552371770779625
0.10488396232946287,-0.04867246063188979
0.10492350697698972,2.5172877198963364
0.10496305162451658,4.937285698641177
0.10500259627204345,6.5613839518574775
0.10504214091957031,7.026598293525478
0.10508168556709717,7.5475336560233774
0.10512123021462402,11.598958822495662
0.10516077486215089,12.380152232027452
0.10520031950967776,12.352862074111886
0.10523986415720461,12.418714522773676
0.10527940880473147,11.558012971012001
0.10531895345225833,10.368378355624106
0.1053584980997852,9.615448670265895
0.10539804274731206,8.096995946919648
0.10543758739483891,5.974356935420403
0.10547713204236578,4.640654175317948
0.10551667668989265,3.6817344348090297
0.1055562213374195,3.038777884406991
0.10559576598494635,2.9319395802213157
0.10563531063247322,3.4061741537312575
0.10567485528000009,4.212459884049975
0.10571439992752694,5.795062998659619
0.1057539445750538,7.824412460433713
0.10579348922258067,9.843501497934966
0.10583303387010753,11.802239370361029
0.10587257851763439,13.685814510656758
0.10591212316516124,16.058773166879412
0.10595166781268811,18.241456073075433
0.10599121246021498,18.579781951849505
0.10603075710774183,19.327219163487563
0.10607030175526869,19.500792309156534
0.10610984640279555,17.97514913194538
0.10614939105032242,14.159528222704425
0.10618893569784928,13.623183739421476
0.10622848034537613,13.445695103231603
0.106268024992903,13.284697189474832
0.10630756964042987,10.488005037465815
0.10634711428795672,6.595471302913349
0.10638665893548357,5.040639584778075
0.10642620358301044,1.544422353870639
0.10646574823053731,-0.561016907739416
0.10650529287806416,-2.4359222398996554
0.10654483752559102,-4.275031547780581
0.10658438217311789,-5.592995013969766
0.10662392682064475,-7.297045757678831
0.10666347146817161,-8.242532682925987
0.10670301611569846,-8.607249805239187
0.10674256076322533,-8.596243875091005
0.1067821054107522,-10.053827239730229
0.10682165005827905,-10.103015458165402
0.1068611947058059,-10.80265396835043
0.10690073935333277,-11.617030605991598
0.10694028400085964,-12.287220015385287
0.1069798286483865,-13.473067124914358
0.10701937329591335,-14.313626010079414
0.10705891794344022,-15.641622158641312
0.10709846259096709,-16.11189774071093
0.10713800723849394,-16.020393226368036
0.1071775518860208,-16.91412982950135
0.10721709653354766,-17.57156880198132
0.10725664118107453,-17.896225325743465
0.10729618582860138,-18.159680538096673
0.10733573047612824,-15.527418635768951
0.1073752751236551,-15.517481239613208
0.10741481977118197,-15.509635585336296
0.10745436441870883,-18.877272859010382
0.10749390906623568,-18.488508455170372
0.10753345371376255,-18.482438785186865
0.10757299836128942,-17.24994834020156
0.10761254300881627,-14.717843885408774
0.10765208765634313,-13.612907860559016
0.10769163230387,-11.16418117511041
0.10773117695139686,-8.205979951075797
0.10777072159892372,-5.842425936458054
0.10781026624645057,-2.418320057741221
0.10784981089397744,-0.32501105927228213
0.1078893555415043,3.3006595468076054
0.10792890018903116,6.609702694132146
0.10796844483655801,8.635312592858615
0.10800798948408488,9.772733248721167
0.10804753413161175,12.40109115677303
0.1080870787791386,13.874032851517445
0.10812662342666546,13.468657123395277
0.10816616807419233,13.673660983646352
0.1082057127217192,12.758076166593629
0.10824525736924605,12.763494695683672
0.1082848020167729,11.687356503251442
0.10832434666429977,10.522573850776517
0.10836389131182664,10.302436382977486
0.10840343595935349,9.021612115621242
0.10844298060688035,8.153416380745156
0.10848252525440721,7.4683476582576755
0.10852206990193408,6.503899540870412
0.10856161454946094,6.314308452744132
0.10860115919698779,6.160453381632191
0.10864070384451466,7.829007877827011
0.10868024849204153,8.211997023403402
0.10871979313956838,8.45550558547371
0.10875933778709523,9.018186838679952
0.1087988824346221,8.862756358101958
0.10883842708214897,8.972665123658336
0.10887797172967582,8.913439865542504
0.10891751637720268,8.208772668896437
0.10895706102472955,8.050877899433738
0.10899660567225641,7.264955774841783
0.10903615031978327,6.5714809043493965
0.10907569496731012,5.961943550732053
0.10911523961483699,4.567165123122212
0.10915478426236386,3.4704571992010265
0.10919432890989071,2.1426049485821395
0.10923387355741757,0.9267833676455486
0.10927341820494443,-0.6026915663580859
0.1093129628524713,-2.064710630295493
0.10935250749999816,-3.218651623737997
0.10939205214752501,-4.614449618630971
0.10943159679505188,-5.658461321837567
0.10947114144257875,-6.343635791374316
0.1095106860901056,-6.773725684032594
0.10955023073763245,-7.3584136030428695
0.10958977538515932,-7.568224250275197
0.10962932003268619,-7.731395559008613
0.10966886468021304,-7.6199184419862025
0.1097084093277399,-6.4146449083642025
0.10974795397526677,-6.313865907403702
0.10978749862279363,-6.222890706680568
0.10982704327032049,-6.303857630431429
0.10986658791784734,-7.074928750331952
0.10990613256537421,-6.460293415482209
0.10994567721290108,-7.019060151572493
0.10998522186042793,-6.824094658952172
0.11002476650795479,-7.102497277667105
0.11006431115548165,-7.310226086872209
0.11010385580300852,-7.3237879423278045
0.11014340045053538,-8.385629892111666
0.11018294509806223,-9.457579738741586
0.1102224897455891,-9.591699421066842
0.11026203439311597,-10.246296947931635
0.11030157904064282,-10.39438770031324
0.11034112368816967,-10.547297297643349
0.11038066833569654,-10.764967193304825
0.11042021298322341,-10.89052688136015
0.11045975763075026,-10.747137312573479
0.11049930227827712,-10.633818320414314
0.11053884692580399,-10.08921738683888
0.11057839157333085,-9.687778095661201
0.11061793622085771,-8.673293221817048
0.11065748086838456,-7.352881874834825
0.11069702551591143,-6.077551535977372
0.1107365701634383,-4.846849806712775
0.11077611481096515,-3.802391153089848
0.110815659458492,-3.067305310464832
0.11085520410601887,-0.9499186291621822
0.11089474875354574,0.10547699158630186
0.1109342934010726,1.2184456142734565
0.11097383804859945,2.050098077078839
0.11101338269612632,2.7480187820061373
0.11105292734365318,2.9581931944884605
0.11109247199118004,3.070871946169307
0.1111320166387069,5.532117814473891
0.11117156128623376,6.3514035256803325
0.11121110593376063,7.122423292228859
0.11125065058128748,8.109903177517634
0.11129019522881434,8.834849323548996
0.1113297398763412,9.911175446246826
0.11136928452386807,10.433225103772129
0.11140882917139493,10.913683864970404
0.11144837381892178,12.774973804224848
0.11148791846644865,13.154199495365074
0.11152746311397552,14.617250500019122
0.11156700776150237,14.925571823799615
0.11160655240902922,16.188766296402633
0.11164609705655609,16.51416015301688
0.11168564170408296,17.410176162332316
0.11172518635160981,17.943837512665457
0.11176473099913667,18.507899426407228
0.11180427564666354,18.97951488780523
0.1118438202941904,18.53922292325216
0.11188336494171726,17.99510275406969
0.11192290958924411,16.212084146465763
0.11196245423677098,14.949894747482183
0.11200199888429785,12.749099451829704
0.1120415435318247,10.985741358595469
0.11208108817935156,9.37566356003623
0.11212063282687842,7.441004395904542
0.11216017747440529,4.878438553441884
0.11219972212193215,2.228744045796825
0.112239266769459,0.715686042130109
0.11227881141698587,-2.4259612656117278
0.11231835606451274,-3.082747831259156
0.11235790071203959,-3.9172510044437026
0.11239744535956644,-7.343454557652072
0.11243699000709331,-9.111965769856695
0.11247653465462018,-10.541036984351939
0.11251607930214703,-12.336172821235323
0.11255562394967389,-13.053538404964744
0.11259516859720076,-13.979841051804673
0.11263471324472762,-14.680629286157131
0.11267425789225448,-16.010934468675696
0.11271380253978133,-16.565103953689082
0.1127533471873082,-16.655365429738517
0.11279289183483507,-16.77580742015121
0.11283243648236192,-16.33974286803253
0.11287198112988878,-16.315513165972824
0.11291152577741564,-15.132233936650149
0.11295107042494251,-14.612770632599236
0.11299061507246937,-14.220883874927075
0.11303015971999622,-12.795746413214616
0.11306970436752309,-11.836150886722361
0.11310924901504996,-10.97803766417865
0.11314879366257681,-10.03830429015984
0.11318833831010366,-9.6049814963227
0.11322788295763053,-8.755332322903646
0.1132674276051574,-8.51156738679025
0.11330697225268425,-7.647229800136193
0.11334651690021111,-7.171834518428659
0.11338606154773798,-6.712491184482083
0.11342560619526484,-6.0013089616067905
0.1134651508427917,-5.352659648062822
0.11350469549031855,-4.2057343360064685
0.11354424013784542,-3.6541614669067095
0.11358378478537229,-1.359432081247645
0.11362332943289914,-1.0863270324060847
0.113662874080426,-0.7829842366415933
0.11370241872795286,-0.47771191986917527
0.11374196337547973,3.0322602351692054
0.11378150802300659,4.091868130114003
0.11382105267053344,5.6320484054138245
0.11386059731806031,6.5433501717811
0.11390014196558718,7.062393816197897
0.11393968661311403,8.78189142907566
0.11397923126064088,9.095828642994709
0.11401877590816775,9.437292256767638
0.11405832055569462,10.115154318121299
0.11409786520322147,10.096970435559047
0.11413740985074833,10.57683938072621
0.1141769544982752,10.301876188666931
0.11421649914580206,10.206940241548093
0.11425604379332892,10.120369149081158
0.11429558844085577,10.3596807332334
0.11433513308838264,9.96058482653744
0.11437467773590951,9.739324989725107
0.11441422238343636,9.751674790127014
0.11445376703096322,10.055507593889569
0.11449331167849008,9.798600401385748
0.11453285632601695,9.758328417729606
0.1145724009735438,9.441828100959475
0.11461194562107066,8.545904671107333
0.11465149026859753,9.234947803393961
0.1146910349161244,9.166413703872117
0.11473057956365125,8.643897001390576
0.1147701242111781,8.320794574264765
0.11480966885870497,8.166786322562
0.11484921350623184,7.722485741907512
0.1148887581537587,7.359064478684354
0.11492830280128555,4.7156979897385805
0.11496784744881242,4.584537829739609
0.11500739209633928,4.464205552500765
0.11504693674386614,4.3629499686189845
0.11508648139139299,3.1568788309919475
0.11512602603891986,1.6590877780080358
0.11516557068644673,0.5655213891551139
0.11520511533397358,-0.334146414490482
0.11524465998150044,-1.882066673173561
0.1152842046290273,-3.155526596823282
0.11532374927655417,-4.646442808236143
0.11536329392408103,-5.667944706950836
0.11540283857160788,-7.1257526760182905
0.11544238321913475,-8.258754616688936
0.11548192786666162,-9.191036820147458
0.11552147251418847,-10.310816125521686
0.11556101716171532,-10.732993285620854
0.11560056180924219,-11.331137445674782
0.11564010645676906,-11.387336069410948
0.11567965110429591,-11.364358924198626
0.11571919575182277,-10.77886126600658
0.11575874039934964,-10.34492196306184
0.1157982850468765,-10.553629951591333
0.11583782969440336,-9.700381776552312
0.11587737434193021,-9.201753560681281
0.11591691898945708,-8.525873971751135
0.11595646363698395,-8.067623465315847
0.1159960082845108,-7.356667772078131
0.11603555293203766,-6.543529381992288
0.11607509757956452,-6.278870196585274
0.11611464222709139,-5.75610246791434
0.11615418687461825,-5.586041389146967
0.1161937315221451,-4.684764346286484
0.11623327616967197,-4.5375154386530046
0.11627282081719884,-3.3204939002467593
0.11631236546472569,-3.2142614932081557
0.11635191011225254,-3.151671976681271
0.11639145475977941,-3.1105243556863003
0.11643099940730628,-3.0278987247816613
0.11647054405483313,-2.623534534715722
0.11651008870235999,-2.302551921958677
0.11654963334988686,-1.8440916717623428
0.11658917799741372,-1.162896483434003
0.11662872264494058,-0.7944722559023778
0.11666826729246743,0.6076060927916149
0.1167078119399943,1.5688077160547875
0.11674735658752117,2.6234623340291443
0.11678690123504802,4.237003355562663
0.11682644588257488,4.903060448203757
0.11686599053010174,5.618204432038361
0.11690553517762861,6.230088581506019
0.11694507982515547,7.690833450435553
0.11698462447268232,7.451924001204349
0.11702416912020919,8.777368986923399
0.11706371376773606,8.808304625444876
0.11710325841526291,8.535511151376024
0.11714280306278976,8.563507338787982
0.11718234771031663,8.3717714354013
0.1172218923578435,8.603986094307047
0.11726143700537035,8.293123664729553
0.11730098165289721,9.097406410886098
0.11734052630042408,9.095672968125527
0.11738007094795094,9.308087073945021
0.1174196155954778,9.504519963938577
0.11745916024300465,9.78993321174962
0.11749870489053152,10.14158000305967
0.11753824953805839,10.3154622189048
0.11757779418558524,10.95457479510977
0.1176173388331121,11.168938743469333
0.11765688348063896,11.682078593769214
0.11769642812816583,10.88392347347433
0.11773597277569268,10.885552594132218
0.11777551742321954,10.83287763364562
0.1178150620707464,10.717549268795866
0.11785460671827327,10.5728238120495
0.11789415136580013,11.820356676824781
0.11793369601332698,9.862201191668195
0.11797324066085385,9.371114867389796
0.11801278530838072,7.621352357924511
0.11805232995590757,6.173814542914354
0.11809187460343443,4.829866318046872
0.1181314192509613,2.8932022222789557
0.11817096389848816,0.6925165604726926
0.11821050854601502,-0.6723805031525787
0.11825005319354187,-1.677858599650278
0.11828959784106874,-3.1256610247928966
0.1183291424885956,-4.678947317297584
0.11836868713612246,-5.618297626029021
0.11840823178364931,-6.7473055320044395
0.11844777643117618,-7.352129622370113
0.11848732107870305,-8.402377334828843
0.1185268657262299,-8.581968010548204
0.11856641037375676,-8.841142462064404
0.11860595502128363,-9.555709364696494
0.1186454996688105,-9.759452116595316
0.11868504431633735,-10.212815125604202
0.1187245889638642,-10.11918828926462
0.11876413361139107,-10.23643185389055
0.11880367825891794,-10.012909275322457
0.11884322290644479,-10.091211605309322
0.11888276755397165,-9.792833585386935
0.11892231220149851,-9.364135149076475
0.11896185684902538,-8.831697797116918
0.11900140149655224,-8.305185114806042
0.11904094614407909,-7.556683988804485
0.11908049079160596,-7.190134534223747
0.11912003543913283,-6.678521628198007
0.11915958008665968,-5.852958394365422
0.11919912473418653,-5.845623883607681
0.1192386693817134,-5.828346915304124
0.11927821402924027,-5.703593398945299
0.11931775867676712,-5.797021221293121
0.11935730332429398,-5.559980555957566
0.11939684797182085,-4.916144830693934
0.11943639261934771,-4.16022977835496
0.11947593726687457,-3.3094443825727176
0.11951548191440142,-2.2481026323199753
0.11955502656192829,-0.9283540883612158
0.11959457120945516,0.4775628293322578
0.11963411585698201,2.035404427586467
0.11967366050450887,2.857993267144891
0.11971320515203573,4.236871373820435
0.1197527497995626,6.128528570953488
0.11979229444708946,6.825081322259177
0.11983183909461631,7.990112267965172
0.11987138374214318,7.940013374953075
0.11991092838967005,8.3339649918217
0.1199504730371969,8.277576998916645
0.11999001768472375,7.935682588532229
0.12002956233225062,7.819297865317942
0.12006910697977749,6.907015847803155
0.12010865162730434,6.3542959314832785
0.1201481962748312,5.229495717189986
0.12018774092235807,5.040521387777801
0.12022728556988493,4.629993857027715
0.12026683021741179,4.564195873986691
0.12030637486493864,4.770886491841665
0.12034591951246551,5.005542840987051
0.12038546415999238,5.533825251438298
0.12042500880751923,6.21936501128984
0.12046455345504609,6.450574045565391
0.12050409810257295,7.497887594060222
0.12054364275009982,7.6895934831738995
0.12058318739762668,6.504937437974078
0.12062273204515353,6.669525639667775
0.1206622766926804,6.603883960130133
0.12070182134020727,6.551993880721938
0.12074136598773412,6.5571643459639954
0.12078091063526097,7.096328841270761
0.12082045528278784,6.533974362248371
0.12085999993031471,5.560137200823992
0.12089954457784156,4.823461396376312
0.12093908922536842,4.091009922149542
0.12097863387289529,3.559316584682681
0.12101817852042215,2.8107468426416937
0.12105772316794901,2.23668845436252
0.12109726781547586,1.6141768557841991
0.12113681246300273,0.5979075149947235
0.1211763571105296,-0.40396889515946155
0.12121590175805645,-1.5412219836277021
0.1212554464055833,-2.7261420425847973
0.12129499105311017,-3.5923001063690916
0.12133453570063704,-4.561780890234844
0.1213740803481639,-5.040523482677778
0.12141362499569075,-6.3019197741353725
0.12145316964321762,-6.730876298881308
0.12149271429074449,-7.153091802915215
0.12153225893827134,-8.761826604047982
0.1215718035857982,-9.176414910068289
0.12161134823332506,-9.720467469732956
0.12165089288085193,-10.042076292529313
0.12169043752837878,-10.386519301176946
0.12172998217590564,-10.835390195775933
0.1217695268234325,-11.251356519345556
0.12180907147095937,-11.170991179530391
0.12184861611848623,-11.950097998326793
0.12188816076601308,-11.984996317690417
0.12192770541353995,-12.31101874418804
0.12196725006106682,-12.336299641609298
0.12200679470859367,-12.542916104226707
0.12204633935612053,-12.317213421478781
0.1220858840036474,-11.50235763118128
0.12212542865117426,-10.43572448936478
0.12216497329870112,-10.15868920260212
0.12220451794622797,-10.179702267119776
0.12224406259375484,-9.883095051453793
0.1222836072412817,-10.301734844264416
0.12232315188880856,-9.215366579038438
0.12236269653633541,-8.24756261781224
0.12240224118386228,-7.283538798234149
0.12244178583138915,-6.113757530616021
0.122481330478916,-4.6318512943265
0.12252087512644286,-3.2830848722014863
0.12256041977396973,-2.108022480785793
0.1225999644214966,-0.16798114699452382
0.12263950906902345,0.9577893248803684
0.1226790537165503,2.219232644289048
0.12271859836407717,3.4617739547027035
0.12275814301160404,4.021483407019453
0.12279768765913089,5.128322214912837
0.12283723230665775,5.694752977003984
0.12287677695418461,6.215408562802337
0.12291632160171148,6.370835686041387
0.12295586624923834,6.4437887913153205
0.12299541089676519,6.5209350205790635
0.12303495554429206,6.813241352447129
0.12307450019181893,7.211431448494402
0.12311404483934578,9.475306872187478
0.12315358948687263,9.642699162352002
0.1231931341343995,9.779344349362328
0.12323267878192637,11.03091898792504
0.12327222342945322,10.646926190367397
0.12331176807698008,11.2131777251462
0.12335131272450695,11.714080409374347
0.12339085737203381,12.00188760714261
0.12343040201956067,11.809849686637637
0.12346994666708752,12.481700657173208
0.12350949131461439,11.462348525948373
0.12354903596214126,11.37155586507914
0.12358858060966811,10.530768995957908
0.12362812525719497,8.694436279463748
0.12366766990472183,5.336439958427232
0.1237072145522487,4.893806224579129
0.12374675919977556,4.1877888671863746
0.12378630384730241,2.751428127311624
0.12382584849482928,2.0952691260440264
0.12386539314235614,0.2062970029264104
0.123904937789883,-1.433748303062968
0.12394448243740985,-2.856326811351894
0.12398402708493672,-4.232312754634646
0.12402357173246359,-6.5745690903453715
0.12406311637999044,-7.992175553095234
0.1241026610275173,-9.072077040372768
0.12414220567504416,-10.27069665591767
0.12418175032257103,-11.516956395026671
0.12422129497009789,-12.078105813202964
0.12426083961762474,-13.13226413472756
0.12430038426515161,-13.215717789478006
0.12433992891267848,-13.595066890571678
0.12437947356020533,-13.597882404735248
0.12441901820773218,-14.857690495408685
0.12445856285525905,-14.056016376438485
0.12449810750278592,-13.142107367735381
0.12453765215031277,-13.575040585837803
0.12457719679783963,-13.083608408563137
0.1246167414453665,-12.713640171353559
0.12465628609289336,-12.625555007523356
0.12469583074042022,-12.431578574342629
0.12473537538794707,-12.231663394089658
0.12477492003547394,-10.675807435625014
0.12481446468300081,-9.962894175835379
0.12485400933052766,-9.51130865340064
0.12489355397805452,-8.534507115401086
0.12493309862558138,-7.611625083065594
0.12497264327310825,-6.528153659673192
0.1250121879206351,-5.582535213157499
0.12505173256816196,-4.890918465199668
0.12509127721568883,-3.2566157109082305
0.1251308218632157,-2.1175690481013665
0.12517036651074254,-0.7381498540788209
0.1252099111582694,0.6289905656652903
0.12524945580579627,2.4368873564895805
0.12528900045332314,4.362852869873558
0.12532854510084998,4.796820085416112
0.12536808974837685,5.18239019450654
0.12540763439590372,6.9936372489435215
0.12544717904343058,7.533764390257364
0.12548672369095742,11.101358889245414
0.1255262683384843,11.743086497969394
0.12556581298601116,12.154054141000637
0.12560535763353803,12.123186050766762
0.12564490228106487,12.37907851709722
0.12568444692859174,12.133541603387373
0.1257239915761186,11.76848195385612
0.12576353622364547,10.868315778875536
0.1258030808711723,10.206760518707698
0.12584262551869918,9.030301999585548
0.12588217016622605,8.44510529954228
0.12592171481375292,7.734760073903395
0.12596125946127976,7.264018809298125
0.12600080410880662,7.0629534204154885
0.1260403487563335,7.233926538693926
0.12607989340386036,6.415367978234042
0.1261194380513872,6.553354854920735
0.12615898269891407,6.807166556671687
0.12619852734644094,6.91831469870901
0.1262380719939678,7.439110371569272
0.12627761664149464,7.986174817368553
0.1263171612890215,7.604325919680525
0.12635670593654838,6.759074837548487
0.12639625058407525,7.073211245823618
0.1264357952316021,6.970731843696328
0.12647533987912896,6.31791828791345
0.12651488452665582,5.652211000063526
0.1265544291741827,4.744562403985615
0.12659397382170953,3.5038896745026418
0.1266335184692364,2.7670489150519995
0.12667306311676327,1.7770842068900066
0.12671260776429014,0.6461690479579147
0.12675215241181698,-0.0207054547601202
0.12679169705934384,-1.0769476636247084
0.1268312417068707,-2.1320756230995954
0.12687078635439758,-2.8900115391397465
0.12691033100192442,-4.384610904389994
0.1269498756494513,-4.609578959832725
0.12698942029697816,-4.7903315773582955
0.12702896494450502,-5.006132610916908
0.12706850959203186,-5.298254575775835
0.12710805423955873,-6.928196149935308
0.1271475988870856,-7.375616063236727
0.12718714353461247,-7.726074237471185
0.1272266881821393,-7.926653228426146
0.12726623282966618,-7.989714840590588
0.12730577747719304,-7.763481141091679
0.1273453221247199,-7.815786608295898
0.12738486677224675,-7.43964249498601
0.12742441141977362,-7.341717887056994
0.1274639560673005,-6.983734513872955
0.12750350071482736,-6.693097170855044
0.1275430453623542,-6.557242355914225
0.12758259000988106,-6.389389015024432
0.12762213465740793,-6.523394915539899
0.1276616793049348,-6.303685502047427
0.12770122395246164,-6.621740795694605
0.1277407685999885,-6.6392992770237464
0.12778031324751538,-7.060763814051609
0.12781985789504224,-7.164346730229916
0.12785940254256908,-7.15258022347581
0.12789894719009595,-7.233894564659612
0.12793849183762282,-6.871940352034433
0.1279780364851497,-6.73524106097541
0.12801758113267653,-6.337693461916851
0.1280571257802034,-5.884783846026146
0.12809667042773026,-5.5682447583259975
0.12813621507525713,-4.498972785791596
0.12817575972278397,-3.8355802465366073
0.12821530437031084,-3.0959625623717635
0.1282548490178377,-1.9845847161859334
0.12829439366536458,-1.376105087684135
0.12833393831289142,0.06081409174957919
0.12837348296041828,0.6916979232109486
0.12841302760794515,1.4297610046377927
0.12845257225547202,2.578624512960979
0.12849211690299886,3.2283408455087166
0.12853166155052573,4.292512995362876
0.1285712061980526,4.528728870786114
0.12861075084557946,4.9137510393993304
0.1286502954931063,5.223630909228135
0.12868984014063317,5.409497523386885
0.12872938478816004,5.546754849417122
0.1287689294356869,7.914927916626418
0.12880847408321375,8.462273991295898
0.12884801873074062,9.1815881249215
0.12888756337826748,9.718824547928595
0.12892710802579435,10.039248690367518
0.1289666526733212,10.323529546881227
0.12900619732084806,10.68534111136489
0.12904574196837493,11.116437630932461
0.1290852866159018,11.00500748132881
0.12912483126342864,11.768536132714917
0.1291643759109555,12.016620795835756
0.12920392055848237,11.583528280129707
0.12924346520600924,11.680963372204998
0.12928300985353608,11.459483222589395
0.12932255450106295,11.039221863876934
0.12936209914858982,10.505208576592064
0.12940164379611668,9.068589547323437
0.12944118844364352,8.318824159522062
0.1294807330911704,7.741261814451485
0.12952027773869726,7.156012212039991
0.12955982238622413,6.440177746342059
0.12959936703375097,5.559002544220077
0.12963891168127784,4.6293978393307995
0.1296784563288047,3.38780938809586
0.12971800097633157,2.6978366609496955
0.1297575456238584,1.8914464510563367
0.12979709027138528,1.1834195316872202
0.12983663491891215,0.47615730337254636
0.12987617956643902,-0.3962909263893615
0.12991572421396586,-1.339499699102855
0.12995526886149272,-1.8343798540760545
0.1299948135090196,-2.222218269801757
0.13003435815654646,-3.67552867366538
0.1300739028040733,-3.928003636247065
0.13011344745160017,-4.784976653590026
0.13015299209912704,-5.369298205119975
0.1301925367466539,-5.863151013476857
0.13023208139418074,-7.173643061878833
0.1302716260417076,-8.030557282976874
0.13031117068923448,-8.402760762438744
0.13035071533676135,-8.475682607368277
0.1303902599842882,-8.61746818173987
0.13042980463181506,-8.865011559791144
0.13046934927934192,-9.07506218610561
0.1305088939268688,-9.931395413573085
0.13054843857439563,-9.827983486576615
0.1305879832219225,-9.79936801114081
0.13062752786944937,-9.535439572808638
0.13066707251697623,-9.490022713570287
0.13070661716450307,-8.978121090234271
0.13074616181202994,-8.754608634017107
0.1307857064595568,-8.410219602185038
0.13082525110708368,-8.057538841488235
0.13086479575461052,-7.178141738266156
0.1309043404021374,-6.667361652049062
0.13094388504966425,-6.283201078345082
0.13098342969719112,-4.933473441564977
0.13102297434471796,-4.11417485004497
0.13106251899224483,-2.7642717569945843
0.1311020636397717,-1.967192770377403
0.13114160828729857,-1.2381409920549726
0.1311811529348254,-0.4898567854741802
0.13122069758235227,0.1179498902510101
0.13126024222987914,0.5381239249213048
0.131299786877406,1.4016090234727026
0.13133933152493285,1.7796938457774316
0.13137887617245972,2.325740074903486
0.1314184208199866,3.3908330539114266
0.13145796546751345,3.567989845861168
0.1314975101150403,4.006719616829726
0.13153705476256716,4.512625296263691
0.13157659941009403,4.534433541622569
0.1316161440576209,5.516597723584348
0.13165568870514774,5.685858770761537
0.1316952333526746,6.879551569203679
0.13173477800020147,7.4527268785423075
0.13177432264772834,8.209569255925272
0.13181386729525518,9.057084859332113
0.13185341194278205,9.769293690763522
0.13189295659030892,11.322037546246614
0.1319325012378358,11.671475019030066
0.13197204588536263,11.735857578685739
0.1320115905328895,11.62698125765648
0.13205113518041636,9.318364842189878
0.13209067982794323,9.60065617844934
0.13213022447547007,9.451411737844346
0.13216976912299694,9.307282660976098
0.1322093137705238,9.165899343848132
0.13224885841805067,9.00823452536009
0.13228840306557751,8.304455544462762
0.13232794771310438,7.897788100891269
0.13236749236063125,6.940058437181563
0.13240703700815812,4.643146748007926
0.13244658165568496,3.536171678145603
0.13248612630321183,2.001749222713369
0.1325256709507387,0.4242769792338492
0.13256521559826556,-0.656891680952522
0.1326047602457924,-2.131336170999232
0.13264430489331927,-3.114690749362051
0.13268384954084614,-3.805606201385162
0.132723394188373,-5.002795610865759
0.13276293883589985,-5.53030047875957
0.13280248348342671,-6.147454654768286
0.13284202813095358,-6.943123866199135
0.13288157277848045,-7.067635678667913
0.1329211174260073,-7.370337732693183
0.13296066207353416,-7.6620253105226315
0.13300020672106103,-8.203204382691252
0.1330397513685879,-8.58364093736833
0.13307929601611473,-8.918606519847504
0.1331188406636416,-9.179784399924557
0.13315838531116847,-9.434807489738306
0.13319792995869534,-9.980374831311781
0.13323747460622218,-10.287594405507688
0.13327701925374905,-10.466714244699336
0.13331656390127591,-10.798816181661257
0.13335610854880278,-10.831518656661995
0.13339565319632962,-10.603138692027374
0.1334351978438565,-10.272600485711408
0.13347474249138336,-10.0642102157732
0.13351428713891023,-9.489527999899117
0.13355383178643707,-9.07969722769352
0.13359337643396393,-8.55046343302308
0.1336329210814908,-7.714253832409609
0.13367246572901767,-6.9406845794361125
0.1337120103765445,-6.30391458202307
0.13375155502407138,-4.977497340205808
0.13379109967159825,-2.8551906957303688
0.1338306443191251,-2.0548860782292055
0.13387018896665195,1.0553722625464879
0.13390973361417882,1.3357018624631538
0.1339492782617057,1.6159592701524885
0.13398882290923256,1.8459756401414955
0.1340283675567594,2.1801174486409565
0.13406791220428627,2.51966232872312
0.13410745685181313,5.137992234377552
0.13414700149934,5.998881557975785
0.13418654614686684,5.90791447977988
0.1342260907943937,5.829802838924694
0.13426563544192058,5.938682532762971
0.13430518008944745,5.4688498675223
0.13434472473697429,5.14297487796754
0.13438426938450115,5.14336127979943
0.13442381403202802,5.1203734676244625
0.1344633586795549,4.399668130822377
0.13450290332708173,4.397905864599457
0.1345424479746086,4.398574442348247
0.13458199262213547,4.189268507729332
0.13462153726966233,4.169812909746093
0.13466108191718917,4.350112175641186
0.13470062656471604,4.533577000731391
0.1347401712122429,4.801634737963005
0.13477971585976978,4.541996980876804
0.13481926050729662,4.78190293419954
0.13485880515482349,4.9837708048161655
0.13489834980235035,4.956510204962308
0.13493789444987722,4.942580875422836
0.13497743909740406,4.4392988047253015
0.13501698374493093,4.756697660531683
0.1350565283924578,4.61801621781151
0.13509607303998467,4.167549862308671
0.1351356176875115,3.7628069577173107
0.13517516233503837,2.9031392881804963
0.13521470698256524,2.016203043814105
0.1352542516300921,1.599843500801246
0.13529379627761895,0.45325352240884154
0.13533334092514582,-0.09898906078038583
0.13537288557267269,-1.0433586526722674
0.13541243022019955,-1.6492022997358473
0.1354519748677264,-2.1907693760297793
0.13549151951525326,-2.506299520557192
0.13553106416278013,-2.8036326934699503
0.135570608810307,-3.1875796757286077
0.13561015345783384,-3.1082104277204405
0.1356496981053607,-3.1932850947807805
0.13568924275288757,-3.497742250677484
0.13572878740041444,-2.8690657019715617
0.13576833204794128,-2.684633155158554
0.13580787669546815,-2.5530820807480166
0.13584742134299502,-2.5785802236276822
0.13588696599052189,-2.6098052939749126
0.13592651063804873,-2.64265603457204
0.1359660552855756,-2.4043485411319354
0.13600559993310246,-2.014258796339912
0.13604514458062933,-2.1940729021785135
0.13608468922815617,-2.162595382203852
0.13612423387568304,-2.2016453957712785
0.1361637785232099,-2.650193366196162
0.13620332317073677,-3.0543742347493303
0.1362428678182636,-3.2478134753114873
0.13628241246579048,-3.890312338459844
0.13632195711331735,-4.29888685074586
0.13636150176084422,-4.702505468053282
0.13640104640837106,-5.226277976962768
0.13644059105589793,-5.814253866360078
0.1364801357034248,-6.052850657284343
0.13651968035095166,-6.3074403559676915
0.1365592249984785,-6.306958689843964
0.13659876964600537,-6.2032582930986395
0.13663831429353224,-6.060499773165069
0.1366778589410591,-5.777355472561731
0.13671740358858595,-5.2982469161926575
0.1367569482361128,-4.874158928670132
0.13679649288363968,-4.807019211887753
0.13683603753116655,-4.6315422667517705
0.1368755821786934,-4.107476020968228
0.13691512682622026,-3.500923511446816
0.13695467147374712,-2.8929099031999295
0.136994216121274,-2.573512257172911
0.13703376076880083,-2.344573996470279
0.1370733054163277,-2.2518579041609605
0.13711285006385457,-1.7976368846100226
0.13715239471138144,-1.528228281839134
0.13719193935890828,-1.2464288821669527
0.13723148400643514,-0.9360044618324604
0.137271028653962,-0.7775447666635982
0.13731057330148888,-0.3257723415639281
0.13735011794901572,0.39942795636810835
0.1373896625965426,0.8681941064572357
0.13742920724406946,1.3965273768225566
0.13746875189159632,1.899038223147305
0.13750829653912316,2.553702896812614
0.13754784118665003,3.5737440190185366
0.1375873858341769,5.171961364410086
0.13762693048170377,5.807154181075264
0.1376664751292306,6.977337395118333
0.13770601977675748,7.213289457341884
0.13774556442428434,6.893606610769314
0.1377851090718112,7.031908191160378
0.13782465371933805,7.273698677249071
0.13786419836686492,7.705746451241497
0.1379037430143918,8.141227526913198
0.13794328766191866,10.710124925127849
0.1379828323094455,10.678902174204413
0.13802237695697236,9.842089389583364
0.13806192160449923,10.368714223452546
0.1381014662520261,9.768827408033633
0.13814101089955294,8.990482229613288
0.1381805555470798,8.449412515001292
0.13822010019460668,7.570579961907224
0.13825964484213354,6.811233724276521
0.13829918948966038,5.459235529487668
0.13833873413718725,4.694175510973126
0.13837827878471412,3.037618225420628
0.138417823432241,2.154880227940137
0.13845736807976783,1.2760012321493586
0.1384969127272947,0.38250304138788294
0.13853645737482156,-0.7333049012753083
0.13857600202234843,-1.7810037858644785
0.13861554666987527,-3.6106822593485397
0.13865509131740214,-4.2681564421500715
0.138694635964929,-4.668832503061178
0.13873418061245588,-5.596394377798764
0.13877372525998272,-5.930229321672895
0.13881326990750958,-6.516339901934823
0.13885281455503645,-6.97901328797283
0.13889235920256332,-8.046542549836694
0.13893190385009016,-8.50776961700244
0.13897144849761703,-9.026946996077614
0.1390109931451439,-9.665687612657093
0.13905053779267076,-10.377618177799816
0.1390900824401976,-10.637202746408848
0.13912962708772447,-10.987539562055657
0.13916917173525134,-11.346502762956504
0.1392087163827782,-11.175440961449825
0.13924826103030505,-10.94899214997904
0.13928780567783192,-10.869009837383501
0.13932735032535878,-10.106547999984242
0.13936689497288565,-9.563189552444275
0.1394064396204125,-9.396916445447765
0.13944598426793936,-9.043930190051086
0.13948552891546623,-7.84141437304304
0.1395250735629931,-7.4021215026743326
0.13956461821051994,-6.542482302537358
0.1396041628580468,-4.548073688701287
0.13964370750557367,-2.517439233062752
0.13968325215310054,-2.0741157749451524
0.13972279680062738,-1.3456859989112886
0.13976234144815425,-1.0241184959785814
0.13980188609568112,-0.48462680347997145
0.13984143074320798,0.1481189134237194
0.13988097539073482,2.591161453573446
0.1399205200382617,5.088225572832216
0.13996006468578856,6.707496582216787
0.13999960933331543,7.761984431145915
0.14003915398084227,8.398015594494481
0.14007869862836914,8.877616028069312
0.140118243275896,9.826038333038149
0.14015778792342287,11.690443333780086
0.1401973325709497,11.98624214754011
0.14023687721847658,13.038512136535173
0.14027642186600345,13.952604154217054
0.14031596651353032,13.862310326438188
0.14035551116105716,13.4058300104975
0.14039505580858402,13.064552845719152
0.1404346004561109,14.680701324655102
0.14047414510363776,13.947946013715868
0.1405136897511646,13.199208725612655
0.14055323439869147,13.294416372804656
0.14059277904621834,13.391765856585625
0.1406323236937452,12.56851480575689
0.14067186834127204,12.279792465385341
0.1407114129887989,11.8836547890301
0.14075095763632578,11.275665207027542
0.14079050228385265,10.377424129526489
0.1408300469313795,9.7626209453508
0.14086959157890636,9.239970576985357
0.14090913622643322,8.867134195388058
0.1409486808739601,8.15215328364518
0.14098822552148693,7.0971345026565995
0.1410277701690138,5.942199532585651
0.14106731481654067,4.938778069258298
0.14110685946406754,4.064357379550241
0.14114640411159438,3.2227200859461256
0.14118594875912124,1.5909035920041843
0.1412254934066481,0.7155551851651912
0.14126503805417498,-0.2906872261223563
0.14130458270170182,-1.661833237675307
0.1413441273492287,-3.1583461235806674
0.14138367199675556,-4.085257876150399
0.14142321664428242,-4.78456448956656
0.14146276129180926,-5.4338273139062325
0.14150230593933613,-6.301536021093393
0.141541850586863,-6.83375566535972
0.14158139523438987,-7.4055225064961405
0.1416209398819167,-7.954006206717893
0.14166048452944358,-8.215936378334728
0.14170002917697044,-7.704551725854223
0.1417395738244973,-7.743383079599364
0.14177911847202415,-7.782121938721606
0.14181866311955102,-7.76163520398945
0.1418582077670779,-7.697734233914632
0.14189775241460476,-7.635576816680945
0.1419372970621316,-8.03328376806943
0.14197684170965846,-7.73814658707777
0.14201638635718533,-7.157526558951413
0.1420559310047122,-6.6498479864870745
0.14209547565223904,-6.258188694382362
0.1421350202997659,-5.629611970195562
0.14217456494729278,-4.995196805069351
0.14221410959481964,-4.471130276972349
0.14225365424234648,-3.8005835579895986
0.14229319888987335,-3.282429030090518
0.14233274353740022,-2.798957636822755
0.1423722881849271,-2.5758480672683106
0.14241183283245393,-2.420428693824205
0.1424513774799808,-2.0043426003358658
0.14249092212750766,-1.5408903245569028
0.14253046677503453,-1.4723461656765746
0.14257001142256137,-0.6530157589153645
0.14260955607008824,-0.2492117249358775
0.1426491007176151,0.0012121598625710606
0.14268864536514198,0.4670934959661853
0.14272819001266882,1.0745019730732541
0.14276773466019568,1.4907702408874859
0.14280727930772255,1.8766507606731786
0.14284682395524942,2.3501308523557345
0.14288636860277626,2.6577522647186482
0.14292591325030313,3.030137751133482
0.14296545789783,3.4879475325887
0.14300500254535686,4.169663957672448
0.1430445471928837,4.636758687265451
0.14308409184041057,4.999029329331663
0.14312363648793744,5.167223024011917
0.1431631811354643,5.530380854964851
0.14320272578299115,5.89311623944332
0.14324227043051802,6.156252185597347
0.14328181507804488,6.483847459036077
0.14332135972557175,6.608399118567213
0.1433609043730986,7.0045395417272225
0.14340044902062546,6.98480782198526
0.14343999366815233,7.1004702380545215
0.1434795383156792,7.082515742031793
0.14351908296320603,7.072357013715041
0.1435586276107329,7.159904448703842
0.14359817225825977,7.3702464507943555
0.14363771690578664,7.131575212409572
0.14367726155331348,7.145758020291077
0.14371680620084035,6.814513852820957
0.14375635084836721,5.006896869685372
0.14379589549589408,5.131255500425842
0.14383544014342092,5.139722483215846
0.1438749847909478,5.1502279741137755
0.14391452943847466,5.161545550047726
0.14395407408600153,5.068320140006253
0.14399361873352837,4.8664222751990875
0.14403316338105523,5.109103222136244
0.1440727080285821,4.3418277114113675
0.14411225267610897,4.107517426069915
0.1441517973236358,3.642042464447833
0.14419134197116268,3.177462043341297
0.14423088661868955,2.5162654501360984
0.14427043126621641,1.8306484189520162
0.14430997591374325,1.0219818906590663
0.14434952056127012,0.4261973279359498
0.144389065208797,-0.2925516218731673
0.14442860985632386,-1.1733664120912486
0.1444681545038507,-1.757785531401189
0.14450769915137757,-2.2628815323604767
0.14454724379890443,-2.6614244403387772
0.1445867884464313,-3.2887545372373075
0.14462633309395814,-3.8451643457965696
0.144665877741485,-4.230651775859277
0.14470542238901188,-4.4249523608350625
0.14474496703653875,-4.6525757407072525
0.1447845116840656,-4.877340297935337
0.14482405633159245,-5.042078647469629
0.14486360097911932,-4.997004675925729
0.1449031456266462,-5.131976548705675
0.14494269027417303,-5.221001495592613
0.1449822349216999,-5.226057382811618
0.14502177956922677,-5.065113970863726
0.14506132421675363,-5.273438159271836
0.14510086886428047,-5.260332920271003
0.14514041351180734,-5.411517664329605
0.1451799581593342,-5.15739045522366
0.14521950280686108,-4.907181808421302
0.14525904745438792,-4.815881134829961
0.1452985921019148,-4.748285890006204
0.14533813674944165,-4.322533514974891
0.14537768139696852,-4.084011961374388
0.14541722604449536,-4.080656738779157
0.14545677069202223,-3.630194267107639
0.1454963153395491,-3.4085344239203716
0.14553585998707597,-3.0813980752499406
0.1455754046346028,-2.624493611909652
0.14561494928212967,-2.1982845800333957
0.14565449392965654,-1.9669197250523758
0.1456940385771834,-1.6819470391977784
0.14573358322471025,-0.8706025517449938
0.14577312787223712,-0.4957929541964854
0.145812672519764,0.10734551212860288
0.14585221716729085,0.4436459997963986
0.1458917618148177,0.667643793550786
0.14593130646234456,1.3846967305006836
0.14597085110987143,1.443271762650252
0.1460103957573983,1.5076412920819915
0.14604994040492514,1.6440537727406415
0.146089485052452,1.7789617587034154
0.14612902969997887,1.9104216844382262
0.14616857434750574,1.9950280979963952
0.14620811899503258,4.006625389267104
0.14624766364255945,4.389201940477949
0.14628720829008632,4.670014033742306
0.14632675293761319,4.961920191391783
0.14636629758514003,5.104338709957104
0.1464058422326669,5.247503766523019
0.14644538688019376,5.467290159511505
0.14648493152772063,5.6496343196852115
0.14652447617524747,5.5280889622227045
0.14656402082277434,5.65405500776159
0.1466035654703012,5.407537865751452
0.14664311011782807,5.217134708194726
0.14668265476535491,5.252102108106793
0.14672219941288178,5.105431351083241
0.14676174406040865,4.952278502074357
0.14680128870793552,4.830374630024074
0.14684083335546236,4.61857529609022
0.14688037800298923,4.205238119059355
0.1469199226505161,3.7789320773114046
0.14695946729804296,3.3711936216971283
0.1469990119455698,2.4038705097690265
0.14703855659309667,1.7747574408521516
0.14707810124062354,1.2986768762289116
0.1471176458881504,0.8766385112780923
0.14715719053567725,0.5163261055261705
0.1471967351832041,0.08078011275958508
0.14723627983073098,-0.5672639797427939
0.14727582447825785,-1.1708456922638941
0.1473153691257847,-2.097649740060982
0.14735491377331156,-2.4746611833142844
0.14739445842083843,-2.7952188483155935
0.1474340030683653,-3.1785309330713956
0.14747354771589213,-4.301028552291588
0.147513092363419,-4.663459945994877
0.14755263701094587,-4.983762623709071
0.14759218165847274,-5.348037635955499
0.14763172630599958,-5.702040428779228
0.14767127095352645,-6.382028271393785
0.1477108156010533,-6.845257582873533
0.14775036024858018,-7.016762058600098
0.14778990489610702,-7.315522729769217
0.1478294495436339,-7.62744838048078
0.14786899419116076,-7.690768932189167
0.14790853883868763,-7.905607283481192
0.14794808348621447,-7.880722345967611
0.14798762813374133,-7.950914075388014
0.1480271727812682,-7.8648500945476245
0.14806671742879507,-7.765469199073242
0.1481062620763219,-6.9048657744625155
0.14814580672384878,-6.723967308017226
0.14818535137137565,-6.604856189372667
0.1482248960189025,-6.511965592796216
0.14826444066642935,-6.421530151116446
0.14830398531395622,-6.332811687903916
0.1483435299614831,-6.232827467538502
0.14838307460900996,-5.850599715583979
0.1484226192565368,-4.774773260712344
0.14846216390406367,-3.925101311344466
0.14850170855159053,-3.405879935735239
0.1485412531991174,-2.7449750115009044
0.14858079784664424,-1.7104299422876725
0.1486203424941711,-0.8769455812058139
0.14865988714169798,-0.19516236121682762
0.14869943178922485,0.4487036920531212
0.14873897643675169,1.2182190160335518
0.14877852108427855,1.833477452262299
0.14881806573180542,2.5709824568999116
0.1488576103793323,3.0564309180210683
0.14889715502685913,3.305206573930667
0.148936699674386,3.4847609121833814
0.14897624432191287,3.688237531055166
0.14901578896943973,4.092002913157076
0.14905533361696657,4.442052148022858
0.14909487826449344,4.804482895148643
0.1491344229120203,5.040357914427478
0.14917396755954718,5.315406578872075
0.14921351220707402,5.617683668082644
0.14925305685460089,5.544840339597321
0.14929260150212775,5.565237199228837
0.14933214614965462,5.0870354210299125
0.14937169079718146,5.145034861688541
0.14941123544470833,5.3611877182875105
0.1494507800922352,4.928169677545499
0.14949032473976206,4.419722786758867
0.1495298693872889,4.102879448805761
0.14956941403481577,3.642159481300834
0.14960895868234264,2.981209105732642
0.1496485033298695,2.27524626309858
0.14968804797739635,1.4653872687768787
0.14972759262492322,0.6435810556888861
0.14976713727245008,-0.40942810024780996
0.14980668191997695,-1.3200908818854573
0.1498462265675038,-2.1323066405918483
0.14988577121503066,-3.333594730187607
0.14992531586255753,-4.664297701290545
0.1499648605100844,-5.376276842256707
0.15000440515761124,-6.048221085714292
0.1500439498051381,-6.447444108314954
0.15008349445266497,-6.7465558513407275
0.15012303910019184,-7.066072189405284
0.15016258374771868,-8.49859902364092
0.15020212839524555,-8.680842113117873
0.15024167304277242,-8.98087310871598
0.15028121769029928,-9.370160624621413
0.15032076233782612,-9.61019467069888
0.150360306985353,-9.37669849357537
0.15039985163287986,-9.17793142856109
0.15043939628040673,-8.01187033173512
0.15047894092793357,-7.964746211299486
0.15051848557546044,-7.918201266304979
0.1505580302229873,-7.749007898198694
0.15059757487051417,-7.570540645828862
0.150637119518041,-7.41318364547811
0.15067666416556788,-7.222956412804314
0.15071620881309475,-6.8049843993976245
0.15075575346062162,-6.955371955912859
0.15079529810814846,-6.50028947056255
0.15083484275567532,-6.102371771662752
0.1508743874032022,-5.591594294974314
0.15091393205072906,-4.977464137034357
0.1509534766982559,-4.4473232789424735
0.15099302134578277,-3.9111699195034544
0.15103256599330964,-3.2550813658351094
0.1510721106408365,-2.6079234479306415
0.15111165528836334,-1.8758926635500146
0.1511511999358902,-1.1608836211862517
0.15119074458341708,-0.38670346118976906
0.15123028923094395,0.34539578960546746
0.1512698338784708,0.9830906379779778
0.15130937852599766,1.5884930006464062
0.15134892317352452,2.1013476769770985
0.1513884678210514,2.601416562955828
0.15142801246857823,2.89336498749683
0.1514675571161051,3.054217329171535
0.15150710176363197,2.793282916568221
0.15154664641115884,2.8381876735728464
0.15158619105868568,2.7523007516556346
0.15162573570621254,2.866029632850748
0.1516652803537394,3.131887320728609
0.15170482500126628,3.2609869305797505
0.15174436964879312,3.2472278258850884
0.15178391429632,3.034389290884265
0.15182345894384686,2.8256920034985233
0.15186300359137372,2.606940799536102
0.15190254823890056,2.589089473837738
0.15194209288642743,2.4898825628750423
0.1519816375339543,2.4428337489631162
0.15202118218148117,2.3315044638308295
0.152060726829008,2.290558541522355
0.15210027147653488,2.345781664472457
0.15213981612406174,2.4388755253529935
0.1521793607715886,2.5869378171441904
0.15221890541911545,2.8933978930221658
0.15225845006664232,3.194829433740646
0.1522979947141692,3.4928836062582245
0.15233753936169606,3.742490353807001
0.1523770840092229,3.8935083078666883
0.15241662865674976,3.983178065023673
0.15245617330427663,4.336626986911252
0.1524957179518035,4.2884270743121675
0.15253526259933034,4.2810882838087085
0.1525748072468572,3.897381881359003
0.15261435189438408,3.8933581114267217
0.15265389654191094,3.764607996078579
0.15269344118943778,3.5187618463102206
0.15273298583696465,3.271899226823489
0.15277253048449152,2.190707414097837
0.1528120751320184,2.0370747935151474
0.15285161977954523,1.8188936705769028
0.1528911644270721,1.6040271549253782
0.15293070907459896,1.4447211653963898
0.15297025372212583,1.2859941549744576
0.15300979836965267,1.1864182185512915
0.15304934301717954,1.0366280391162135
0.1530888876647064,0.4968433086141996
0.15312843231223328,0.1106858033482403
0.15316797695976012,-0.1927723402074492
0.15320752160728698,-0.49003383910346693
0.15324706625481385,-0.7448076600003691
0.15328661090234072,-1.1345452633330964
0.15332615554986756,-1.4903987343201817
0.15336570019739443,-1.9635490522572079
0.1534052448449213,-2.5216818700664927
0.15344478949244816,-2.8256596381149985
0.153484334139975,-3.2409970268578157
0.15352387878750187,-3.697346262620491
0.15356342343502874,-4.106228772200851
0.1536029680825556,-4.523228078114128
0.15364251273008245,-4.8957541418695385
0.15368205737760932,-6.256950453245117
0.15372160202513618,-6.54156268082576
0.15376114667266305,-6.839413696348864
0.1538006913201899,-7.368426673520614
0.15384023596771676,-7.633266508715653
0.15387978061524363,-7.860787554854542
0.1539193252627705,-7.898712172350912
0.15395886991029734,-7.938497674959678
0.1539984145578242,-7.911545305443134
0.15403795920535107,-7.857791923580083
0.15407750385287794,-7.650116436491018
0.15411704850040478,-7.495365712130143
0.15415659314793165,-6.303706373798381
0.15419613779545852,-5.797712050407465
0.15423568244298538,-5.372491944991688
0.15427522709051222,-4.770833583399475
0.1543147717380391,-3.973676519730954
0.15435431638556596,-2.8745234460868483
0.15439386103309283,-2.27493775127145
0.15443340568061967,-1.39276967855987
0.15447295032814654,-0.4055480087960418
0.1545124949756734,0.31540839791107184
0.15455203962320027,0.9200886957894694
0.1545915842707271,1.894809081517946
0.15463112891825398,2.6227556601334827
0.15467067356578085,3.3678421805727004
0.15471021821330772,4.255161345666225
0.15474976286083456,4.741985014043155
0.15478930750836142,5.084491389802863
0.1548288521558883,5.361832800356796
0.15486839680341516,7.060713836682055
0.154907941450942,7.576245434430779
0.15494748609846887,7.9751863847402396
0.15498703074599574,8.273033100682634
0.1550265753935226,8.51093287128182
0.15506612004104944,9.72346632494953
0.1551056646885763,10.246166760205547
0.15514520933610318,10.257143380144674
0.15518475398363005,10.231570509977235
0.15522429863115692,8.895193211662948
0.15526384327868376,8.737783924805317
0.15530338792621062,8.457053007477313
0.1553429325737375,8.260268759639642
0.15538247722126433,8.103539858965428
0.1554220218687912,8.030373218375892
0.15546156651631807,8.02301165804148
0.15550111116384494,7.994107483474129
0.1555406558113718,8.820700781662607
0.15558020045889864,8.149594733063438
0.1556197451064255,7.153989051318122
0.15565928975395238,5.145597162716008
0.15569883440147922,4.255053230638232
0.1557383790490061,3.2917336737587357
0.15577792369653296,2.473572679466262
0.15581746834405982,1.4103694468661279
0.1558570129915867,0.3417197387761132
0.15589655763911353,-0.39459959053538524
0.1559361022866404,-1.2553886337113072
0.15597564693416727,-1.9713535777842544
0.1560151915816941,-2.6819514184717943
0.15605473622922097,-3.3063843066691034
0.15609428087674784,-3.902139925188552
0.1561338255242747,-4.466353580867086
0.15617337017180158,-5.00157077716029
0.15621291481932842,-5.693022916328305
0.1562524594668553,-6.1310357646163345
0.15629200411438215,-6.473591221717843
0.156331548761909,-6.7902571620992
0.15637109340943586,-6.969644403734489
0.15641063805696273,-7.037549346900577
0.1564501827044896,-7.003220876464152
0.15648972735201647,-7.094088915188415
0.1565292719995433,-7.00056933393773
0.15656881664707017,-7.128233427420433
0.15660836129459704,-6.9844169843834845
0.15664790594212388,-6.8397093568417535
0.15668745058965075,-6.70740234679445
0.15672699523717762,-6.416255976438709
0.1567665398847045,-6.053465000580235
0.15680608453223135,-5.886088999153704
0.1568456291797582,-5.481661848499626
0.15688517382728506,-4.831160254851973
0.15692471847481193,-4.515648588825543
0.15696426312233877,-4.265604292649438
0.15700380776986564,-3.633929762921892
0.1570433524173925,-2.914196979266131
0.15708289706491937,-2.266362518586341
0.15712244171244624,-1.637257983982027
0.15716198635997308,-1.331099584468234
0.15720153100749995,-0.8086814964377365
0.15724107565502682,-0.43556334784866246
0.15728062030255366,0.32954320953619554
0.15732016495008053,0.7481032880745215
0.1573597095976074,1.4897516692896793
0.15739925424513426,2.1506296508642087
0.15743879889266113,2.626981018406572
0.15747834354018797,2.9144071021758644
0.15751788818771484,3.1969029969714557
0.1575574328352417,3.93590882743567
0.15759697748276855,4.262754051417827
0.15763652213029541,4.479843733917814
0.15767606677782228,4.8660788816197975
0.15771561142534915,4.427791851197398
0.15775515607287602,4.689512966883404
0.15779470072040286,4.777168573642009
0.15783424536792973,4.864701101386935
0.1578737900154566,4.860692308109217
0.15791333466298343,4.840895703045637
0.1579528793105103,4.8733456831494895
0.15799242395803717,4.931419136434531
0.15803196860556404,4.999803465298558
0.1580715132530909,6.684760878455197
0.15811105790061775,6.789607199887879
0.15815060254814461,6.7880868728387656
0.15819014719567148,6.642509323624837
0.15822969184319832,6.331017381218524
0.1582692364907252,6.0855295993243255
0.15830878113825206,5.921226602425518
0.15834832578577893,5.5571820792160365
0.1583878704333058,5.031417315547848
0.15842741508083263,4.80225082595592
0.1584669597283595,4.496424652237243
0.15850650437588637,3.907131276224524
0.1585460490234132,3.5620511276612015
0.15858559367094008,3.2049676456226237
0.15862513831846695,2.378453034625191
0.15866468296599381,1.9747903857767586
0.15870422761352068,1.7534812272549862
0.15874377226104752,1.5331611641076954
0.1587833169085744,0.729215446772038
0.15882286155610126,0.4324558962171505
0.1588624062036281,0.1538815862005512
0.15890195085115497,-0.5836924270997867
0.15894149549868183,-0.6421333534840257
0.1589810401462087,-0.8038177367368985
0.15902058479373557,-1.1766991434620666
0.1590601294412624,-1.7845026396226773
0.15909967408878928,-1.9580493737590363
0.15913921873631615,-2.195688467083474
0.15917876338384299,-2.610016056713064
0.15921830803136985,-2.9767906523530256
0.15925785267889672,-3.1323875465164375
0.1592973973264236,-3.278479893715959
0.15933694197395046,-3.6517640596238157
0.1593764866214773,-3.9236812527959977
0.15941603126900417,-3.95874654326285
0.15945557591653103,-3.8779845678467337
0.15949512056405787,-4.042106344201077
0.15953466521158474,-4.108667843439966
0.1595742098591116,-4.0644653143875304
0.15961375450663848,-3.8090814424297896
0.15965329915416535,-3.7639158418233842
0.15969284380169219,-3.621800586201505
0.15973238844921905,-3.4445156059581206
0.15977193309674592,-3.1029903606860048
0.15981147774427276,-2.9685456893048245
0.15985102239179963,-2.6627517500526583
0.1598905670393265,-2.2787460627252183
0.15993011168685337,-1.9404239584858691
0.15996965633438023,-1.7025142604885803
0.16000920098190707,-1.5215501818773118
0.16004874562943394,-1.2401157324546062
0.1600882902769608,-0.7249246727306007
0.16012783492448765,-0.49189488619271016
0.16016737957201452,-0.26811352030570124
0.16020692421954139,-0.19228898348484447
0.16024646886706825,-0.050119440296990114
0.16028601351459512,0.16980586621992244
0.16032555816212196,0.2843670310390649
0.16036510280964883,0.4311820756936462
0.1604046474571757,0.4187183967381596
0.16044419210470254,0.40781640619813264
0.1604837367522294,0.45994075562180636
0.16052328139975627,0.5306575335616273
0.16056282604728314,0.6683703123484244
0.16060237069481,0.831817532874861
0.16064191534233685,0.9709636934530194
0.16068145998986372,2.6504009623076237
0.16072100463739059,2.923894865959777
0.16076054928491743,2.962061723141569
0.1608000939324443,3.2722991204861778
0.16083963857997116,3.653543859567793
0.16087918322749803,3.794490789102455
0.1609187278750249,3.718340286058391
0.16095827252255174,3.496378619859825
0.1609978171700786,3.379113912499278
0.16103736181760547,3.367433529766846
0.1610769064651323,3.272245692929706
0.16111645111265918,3.272051615251508
0.16115599576018605,3.157025274711906
0.16119554040771292,3.0136457027248964
0.16123508505523979,2.7701131180055447
0.16127462970276663,2.5397295746776036
0.1613141743502935,2.228490546969197
0.16135371899782036,1.9354031517345893
0.1613932636453472,1.6742599567395184
0.16143280829287407,1.1367880523856604
0.16147235294040094,0.7977278350010811
0.1615118975879278,0.5894371531846027
0.16155144223545467,0.3650618623837062
0.1615909868829815,0.19109643481427918
0.16163053153050838,-0.2699378320768766
0.16167007617803525,-0.42976033815958903
0.1617096208255621,-0.5455012776552307
0.16174916547308896,-0.8009824559423043
0.16178871012061583,-0.9147165437136261
0.1618282547681427,-1.110548770475582
0.16186779941566956,-1.2478053656055454
0.1619073440631964,-1.3753884610797977
0.16194688871072327,-1.5129733391308697
0.16198643335825014,-1.6604025042313268
0.16202597800577698,-1.7216980895845517
0.16206552265330385,-1.7272709320117907
0.1621050673008307,-1.8201838475654122
0.16214461194835758,-1.9253536991458773
0.16218415659588445,-1.9965004465818488
0.1622237012434113,-2.0142222258890206
0.16226324589093816,-2.201397621085172
0.16230279053846502,-2.2888003551213303
0.16234233518599187,-2.421642284355251
0.16238187983351873,-2.5174367150839685
0.1624214244810456,-2.5318202253515842
0.16246096912857247,-2.586671829297288
0.16250051377609934,-2.7345559179792485
0.16254005842362618,-2.7061442649319645
0.16257960307115304,-2.608312557489014
0.1626191477186799,-2.5084988543390705
0.16265869236620675,-2.4091383063967133
0.16269823701373362,-2.303614959554909
0.1627377816612605,-2.193363244727758
0.16277732630878736,-1.7809448225465712
0.16281687095631422,-1.6169959800461942
0.16285641560384106,-1.557416797533321
0.16289596025136793,-1.4865573870337185
0.1629355048988948,-1.4162331232079584
0.16297504954642164,-1.1252238554460947
0.1630145941939485,-0.9860434289282984
0.16305413884147538,-0.9140578232603416
0.16309368348900224,-0.8757634294223666
0.1631332281365291,-0.798054695022584
0.16317277278405595,-0.6925748569950135
0.16321231743158282,-0.5867520824409963
0.1632518620791097,-0.48718205696763817
0.16329140672663653,-0.3975241683432017
0.1633309513741634,-0.3337894058446189
0.16337049602169026,-0.2779438657112894
0.16341004066921713,0.8831872186515214
0.163449585316744,1.0695138651160527
0.16348912996427084,1.3014891815703586
0.1635286746117977,1.7844627904209873
0.16356821925932458,2.4582668647854797
0.16360776390685142,2.6847651376922297
0.16364730855437828,2.8813152165082503
0.16368685320190515,3.1201772453760386
0.16372639784943202,3.4412128768006154
0.1637659424969589,3.7269601336938663
0.16380548714448573,3.8000343066503937
0.1638450317920126,4.100185783058608
0.16388457643953946,4.549293709279509
0.1639241210870663,4.7471803437426185
0.16396366573459317,4.723171849157282
0.16400321038212004,5.283784947942828
0.1640427550296469,5.231441007256997
0.16408229967717378,4.457609692907711
0.16412184432470062,4.773733191292728
0.16416138897222748,4.682601443743864
0.16420093361975435,4.593109183252569
0.1642404782672812,3.801263571102441
0.16428002291480806,3.2810244283960754
0.16431956756233493,2.805290357049885
0.1643591122098618,2.4040347060540106
0.16439865685738866,2.044538125487416
0.1644382015049155,1.4035847834622155
0.16447774615244237,0.7824275585335261
0.16451729079996924,0.26326622191564764
0.16455683544749608,-0.25028049248286655
0.16459638009502295,-0.712097869709294
0.16463592474254982,-1.2076446188094188
0.16467546939007668,-1.8266865305953683
0.16471501403760355,-2.4901092542211907
0.1647545586851304,-3.19513207515514
0.16479410333265726,-3.7960369301753785
0.16483364798018413,-4.381942451977202
0.16487319262771097,-4.990261566998822
0.16491273727523784,-5.5011798610842835
0.1649522819227647,-5.872244927502251
0.16499182657029157,-6.252810385992974
0.16503137121781844,-6.6718846563244805
0.16507091586534528,-7.310815981735062
0.16511046051287215,-7.604537919519949
0.16515000516039902,-7.7781350702388155
0.16518954980792586,-7.993170016556821
0.16522909445545272,-8.233452237333283
0.1652686391029796,-8.306142327311461
0.16530818375050646,-8.208368944451163
0.16534772839803333,-8.007012043318
0.16538727304556017,-7.931085201196408
0.16542681769308704,-7.889733971403655
0.1654663623406139,-7.692398969260205
0.16550590698814074,-7.187022703546726
0.1655454516356676,-6.753284228495947
0.16558499628319448,-6.392177830644006
0.16562454093072135,-6.111616848103391
0.16566408557824822,-5.633433622135142
0.16570363022577506,-4.761489555807374
0.16574317487330192,-3.855123015628785
0.1657827195208288,-1.68503692263968
0.16582226416835563,-1.522392396545893
0.1658618088158825,-1.3598309319765065
0.16590135346340937,-1.191427923910187
0.16594089811093624,-0.999148327948608
0.1659804427584631,-0.8099233193135621
0.16601998740598994,-0.6213081523542808
0.1660595320535168,-0.33527476807686996
0.16609907670104368,-0.016666504382613412
0.16613862134857052,0.30221915372507957
0.1661781659960974,3.145755432075597
0.16621771064362426,4.224573799180742
0.16625725529115112,4.71574160549125
0.166296799938678,4.800042014944644
0.16633634458620483,4.86988058151767
0.1663758892337317,4.882130342954043
0.16641543388125857,5.140850532001836
0.1664549785287854,5.339402392563599
0.16649452317631228,5.419315982767961
0.16653406782383914,5.381961861458624
0.166573612471366,5.3448650330283165
0.16661315711889288,5.946780883382837
0.16665270176641972,5.987569941612389
0.1666922464139466,5.6193797660711695
0.16673179106147346,5.381647364352345
0.1667713357090003,5.236081607577419
0.16681088035652716,4.569259306893415
0.16685042500405403,4.495372383547089
0.1668899696515809,4.315199377577109
0.16692951429910777,3.956726026198535
0.1669690589466346,3.491753558429796
0.16700860359416148,3.4712091861848613
0.16704814824168834,3.2634956510094644
0.16708769288921518,3.045915055232822
0.16712723753674205,2.38027778813822
0.16716678218426892,1.834959600433514
0.1672063268317958,1.3961010373495768
0.16724587147932266,0.9680252746995257
0.1672854161268495,0.6080466552897301
0.16732496077437636,0.29029994477970744
0.16736450542190323,-0.22065405427143925
0.16740405006943007,-0.4921255396956701
0.16744359471695694,-0.626255442201896
0.1674831393644838,-0.8960760850245588
0.16752268401201068,-1.2163333646593215
0.16756222865953754,-1.3601055909966207
0.16760177330706438,-1.4058169622575725
0.16764131795459125,-1.4295599891861306
0.16768086260211812,-1.546479964433622
0.16772040724964496,-1.8109231345172345
0.16775995189717183,-1.8488964254026379
0.1677994965446987,-1.830095859773218
0.16783904119222556,-1.7841950268151412
0.16787858583975243,-1.870059998962864
0.16791813048727927,-1.9553172137042427
0.16795767513480614,-1.8629644806351333
0.167997219782333,-1.7698842993217114
0.16803676442985985,-1.8038404032998359
0.16807630907738672,-1.827855092576609
0.16811585372491358,-1.8520690547803176
0.16815539837244045,-1.7295332423831928
0.16819494301996732,-1.6661530935593776
0.16823448766749416,-1.8607570318546771
0.16827403231502103,-1.9538313216292345
0.1683135769625479,-1.6270677817521921
0.16835312161007474,-1.5957207860424267
0.1683926662576016,-1.5823120055806432
0.16843221090512847,-1.6138945018440531
0.16847175555265534,-1.671225395521333
0.1685113002001822,-1.457318108028142
0.16855084484770905,-1.2718390062885425
0.16859038949523591,-1.2220683127309857
0.16862993414276278,-1.231901828717291
0.16866947879028962,-0.9655677887154814
0.1687090234378165,-0.7988032218514567
0.16874856808534336,-0.7092783857919941
0.16878811273287023,-0.6141208310077911
0.1688276573803971,-0.5090518973777006
0.16886720202792393,-0.4046524972274397
0.1689067466754508,-0.3034290871678287
0.16894629132297767,-0.2168279450516225
0.1689858359705045,-0.13093122141653735
0.16902538061803138,-0.20054070504226207
0.16906492526555825,1.0729917724039213
0.16910446991308511,1.6138103321962771
0.16914401456061198,2.233190788817338
0.16918355920813882,2.471459130669019
0.1692231038556657,2.682389107973737
0.16926264850319256,2.987570209112797
0.1693021931507194,3.3734150341912117
0.16934173779824627,3.7914833394695555
0.16938128244577313,4.081239764460576
0.1694208270933,4.230044424661329
0.16946037174082687,4.42437727146583
0.1694999163883537,4.868767813696978
0.16953946103588058,5.526623331206778
0.16957900568340745,5.729105757013034
0.1696185503309343,5.833767400309949
0.16965809497846115,6.110557509752029
0.16969763962598802,6.53409203247667
0.1697371842735149,6.576716074999
0.16977672892104176,6.052787264749863
0.1698162735685686,6.049411778577716
0.16985581821609547,6.022836070811632
0.16989536286362233,6.0700037704904455
0.16993490751114917,5.6575016873586055
0.16997445215867604,5.289902790197026
0.1700139968062029,5.179295234699901
0.17005354145372978,5.10614111185646
0.17009308610125665,4.690434051759708
0.1701326307487835,4.300226312885568
0.17017217539631035,4.014667017972646
0.17021172004383722,3.658157648308185
0.17025126469136406,3.456006004825321
0.17029080933889093,3.2653564316494537
0.1703303539864178,2.9016807031242613
0.17036989863394467,2.437271885118779
0.17040944328147153,2.0365106399063766
0.17044898792899837,1.1749284179161121
0.17048853257652524,0.669696543977254
0.1705280772240521,0.31821164285274006
0.17056762187157895,-0.7146325204203304
0.17060716651910582,-0.9255032463456178
0.1706467111666327,-1.4128456552913544
0.17068625581415955,-1.5631662027309683
0.17072580046168642,-1.8947288742376713
0.17076534510921326,-2.3660948812123426
0.17080488975674013,-2.7538613530470863
0.170844434404267,-2.8748829604775423
0.17088397905179384,-2.8755812831225116
0.1709235236993207,-2.9957683728542435
0.17096306834684757,-3.1454873843479785
0.17100261299437444,-3.3320551524541533
0.1710421576419013,-3.3160061303381414
0.17108170228942815,-3.131871980158106
0.17112124693695502,-2.9684800547981296
0.1711607915844819,-2.8336416779232367
0.17120033623200873,-2.7645435255477144
0.1712398808795356,-2.6870265671717615
0.17127942552706246,-1.87158284800718
0.17131897017458933,-1.6124137360026056
0.1713585148221162,-1.4186926976332952
0.17139805946964304,-1.2400157353600005
0.1714376041171699,-1.081146621118212
0.17147714876469677,-0.7709627728382293
0.17151669341222361,-0.4522533595217224
0.17155623805975048,0.3293061345420236
0.17159578270727735,0.8800869838196895
0.17163532735480422,1.2662538457661072
0.17167487200233109,1.554783226173536
0.17171441664985793,1.7268221752049255
0.1717539612973848,1.8058599640004565
0.17179350594491166,1.8469114126957538
0.1718330505924385,1.881626090182267
0.17187259523996537,1.9391893139586855
0.17191213988749224,2.090571197299394
0.1719516845350191,2.242200399169489
0.17199122918254597,2.3937206811137313
0.17203077383007281,3.873275718023284
0.17207031847759968,4.274364613258516
0.17210986312512655,4.456867277394674
0.1721494077726534,4.586074943354113
0.17218895242018026,4.6699457455643465
0.17222849706770713,4.500320159187588
0.172268041715234,4.698751522710726
0.17230758636276086,4.928747348613692
0.1723471310102877,4.715860614853865
0.17238667565781457,4.4430223230531585
0.17242622030534144,4.351053335605805
0.17246576495286828,4.417323865768735
0.17250530960039515,4.4094052719746655
0.172544854247922,4.328249367944151
0.17258439889544888,3.9409196373699094
0.17262394354297575,3.753495723439691
0.1726634881905026,3.62796800393798
0.17270303283802946,3.485360729763199
0.17274257748555633,3.246973182431721
0.17278212213308317,2.908920095790747
0.17282166678061003,2.7342958728353595
0.1728612114281369,2.7824859418744388
0.17290075607566377,2.794795745239608
0.17294030072319064,2.2719593395688396
0.17297984537071748,1.965500190770593
0.17301939001824435,1.8659146766342602
0.1730589346657712,1.7926049088572171
0.17309847931329805,1.5954020069619155
0.17313802396082492,1.4220992279289322
0.1731775686083518,1.2114859190462703
0.17321711325587866,1.0145952809212422
0.17325665790340553,0.9630629923917999
0.17329620255093237,0.9265193717349521
0.17333574719845923,0.7159863482333347
0.1733752918459861,0.4591395291980319
0.17341483649351294,0.16683212677409565
0.1734543811410398,-0.12385229605263404
0.17349392578856668,-0.19567728839276877
0.17353347043609355,-0.2886900393298617
0.1735730150836204,-0.6621435294528722
0.17361255973114725,-0.896809038676025
0.17365210437867412,-1.033503986382397
0.173691649026201,-1.1593087738064178
0.17373119367372783,-1.3270649724832726
0.1737707383212547,-1.5376449453768033
0.17381028296878157,-1.7377103043055033
0.17384982761630843,-1.7455034986048914
0.1738893722638353,-1.7621890089408292
0.17392891691136214,-1.8807151679624077
0.173968461558889,-1.9498917770388662
0.17400800620641588,-2.0635854719103257
0.17404755085394272,-2.048385801011171
0.17408709550146959,-1.9385479157791805
0.17412664014899645,-1.931600603606585
0.17416618479652332,-2.080378578321035
0.1742057294440502,-2.0543401002893624
0.17424527409157703,-1.948004239061853
0.1742848187391039,-1.7800476182176264
0.17432436338663077,-1.561394406472863
0.1743639080341576,-1.5402900596348994
0.17440345268168447,-1.493910160983429
0.17444299732921134,-1.3896309361433394
0.1744825419767382,-1.0992550165535757
0.17452208662426508,-0.9677196850554878
0.17456163127179192,-0.7877721284476897
0.17460117591931879,-0.6082961852657336
0.17464072056684565,-0.4344206715795186
0.1746802652143725,-0.2615319301855621
0.17471980986189936,0.6086050863879181
0.17475935450942623,0.7742907394669212
0.1747988991569531,0.7592257514517969
0.17483844380447996,0.7422914303798532
0.1748779884520068,0.7244372707316052
0.17491753309953367,0.7567588694111501
0.17495707774706054,0.7975866948384007
0.17499662239458738,0.968054797329438
0.17503616704211425,1.1512150292755527
0.17507571168964112,1.3347814111335001
0.17511525633716798,1.4711885479654319
0.17515480098469485,3.3042397993703396
0.1751943456322217,3.5678093011767094
0.17523389027974856,3.681281264388927
0.17527343492727543,3.480250791506356
0.17531297957480227,3.6877926711690923
0.17535252422232914,4.093691566025456
0.175392068869856,4.075397059368503
0.17543161351738287,3.3608792512393917
0.17547115816490974,3.4056152427115336
0.17551070281243658,3.5543404753965357
0.17555024745996345,3.3568205559389446
0.17558979210749032,3.0568232756489775
0.17562933675501716,2.719226182497846
0.17566888140254402,2.363150974451292
0.1757084260500709,2.0372286315600703
0.17574797069759776,1.6857949732803288
0.17578751534512463,1.3451596086346171
0.17582705999265147,0.5772390708646884
0.17586660464017834,0.08358734366153586
0.1759061492877052,-0.42880027994424064
0.17594569393523204,-1.3792275818333581
0.1759852385827589,-1.8390618557003726
0.17602478323028578,-2.119175447949728
0.17606432787781265,-2.6337694369221922
0.17610387252533952,-3.067794720049142
0.17614341717286636,-3.8495840113105713
0.17618296182039322,-3.9618516980726595
0.1762225064679201,-4.262391802281042
0.17626205111544693,-4.629899779349634
0.1763015957629738,-4.933404339593858
0.17634114041050067,-4.988295643460691
0.17638068505802754,-5.043388901174514
0.1764202297055544,-5.175760853932807
0.17645977435308124,-5.7049269656851855
0.1764993190006081,-5.817100807689998
0.17653886364813498,-5.929985884987028
0.17657840829566182,-5.85711893375026
0.1766179529431887,-5.709082955549625
0.17665749759071556,-5.6902341746572755
0.17669704223824242,-5.762348249629111
0.1767365868857693,-5.75530539029094
0.17677613153329613,-5.556377016911158
0.176815676180823,-5.247396340956925
0.17685522082834987,-5.070958891570978
0.1768947654758767,-4.9730541118479
0.17693431012340358,-4.836254055693261
0.17697385477093044,-4.614952633731754
0.1770133994184573,-4.143812016117383
0.17705294406598418,-3.833167709875364
0.17709248871351102,-3.5411379777659295
0.1771320333610379,-3.270616318354209
0.17717157800856476,-3.0092569406926497
0.1772111226560916,-2.583322424794518
0.17725066730361846,-2.13543417447115
0.17729021195114533,-1.9666301624930247
0.1773297565986722,-1.7789385340804935
0.17736930124619907,-1.3476482334996556
0.1774088458937259,-0.9130789632619136
0.17744839054125278,-0.6781395586922597
0.17748793518877964,-0.5319083564536631
0.17752747983630648,-0.43457631832656185
0.17756702448383335,-0.3709938592171754
0.17760656913136022,0.1533473747341889
0.1776461137788871,0.23452674924511152
0.17768565842641396,0.2308172844791816
0.1777252030739408,0.2177327484138799
0.17776474772146766,0.2023456083210442
0.17780429236899453,0.04555415300068022
0.17784383701652137,-0.020664553712017808
0.17788338166404824,-0.48595169885279477
0.1779229263115751,-0.18551378871498125
0.17796247095910198,-0.2232512695740222
0.17800201560662884,-0.27469057496954163
0.17804156025415568,-0.27755378463590463
0.17808110490168255,-0.2851037977185371
0.17812064954920942,-0.29174599097105314
0.17816019419673626,-0.2971579722554998
0.17819973884426313,-0.3020246687661502
0.17823928349179,-0.3228523069944822
0.17827882813931686,-0.3152731879130356
0.17831837278684373,-0.33018641869843934
0.17835791743437057,-0.42361884117108783
0.17839746208189744,-0.23305108691518062
0.1784370067294243,-0.34186633288042
0.17847655137695115,-0.4075773835645836
0.17851609602447802,-0.3737384900463149
0.17855564067200488,-0.44060479440884315
0.17859518531953175,-0.5758474092622524
0.17863472996705862,-0.7948869770526331
0.17867427461458546,-0.815501650321001
0.17871381926211233,-0.8855623840000867
0.1787533639096392,-0.95471065396664
0.17879290855716604,-1.024988453867001
0.1788324532046929,-1.5558189100937037
0.17887199785221977,-1.634625281708163
0.17891154249974664,-1.6842022496766542
0.1789510871472735,-1.783688672184704
0.17899063179480035,-2.0861616700344165
0.17903017644232722,-2.2323568325609715
0.17906972108985408,-2.370419537043615
0.17910926573738092,-2.477957213268761
0.1791488103849078,-2.5391392266950454
0.17918835503243466,-2.589615028512396
0.17922789967996153,-2.64062168380282
0.1792674443274884,-2.916843246135538
0.17930698897501524,-3.1811607756719784
0.1793465336225421,-3.398077991064496
0.17938607827006897,-3.540757501250809
0.1794256229175958,-3.6370919044459957
0.17946516756512268,-3.8459855357638544
0.17950471221264955,-4.265791664767415
0.17954425686017642,-4.4847224748463645
0.17958380150770328,-4.625233492148686
0.17962334615523012,-4.825020944646704
0.179662890802757,-5.078822815744555
0.17970243545028386,-5.200554352704022
0.1797419800978107,-5.322955141026486
0.17978152474533757,-5.436192552780215
0.17982106939286444,-5.469210545208069
0.1798606140403913,-5.452453781513935
0.17990015868791817,-5.4514186193605365
0.179939703335445,-5.432312602613967
0.17997924798297188,-5.50127666292515
0.18001879263049875,-5.424552796987168
0.1800583372780256,-5.358712971969016
0.18009788192555246,-5.357567969575934
0.18013742657307932,-5.362725091210835
0.1801769712206062,-5.1883615242740495
0.18021651586813306,-4.35373006884911
0.1802560605156599,-4.2105707077660846
0.18029560516318677,-4.067577674377996
0.18033514981071364,-3.9100741997515462
0.18037469445824048,-3.5618637930319323
0.18041423910576734,-3.182006515974744
0.1804537837532942,-2.6360996326404824
0.18049332840082108,-1.5216587518486566
0.18053287304834795,-1.3083290414463375
0.1805724176958748,-1.0955777479365831
0.18061196234340166,-0.6794276995872066
0.18065150699092852,-0.1292176651007504
0.18069105163845536,0.41616883946229744
0.18073059628598223,1.0292404342178938
0.1807701409335091,1.5809115493470578
0.18080968558103597,1.8535729436548094
0.18084923022856284,2.231099939890137
0.18088877487608968,2.840227790174512
0.18092831952361654,3.425266122710335
0.1809678641711434,3.6950565939670628
0.18100740881867025,3.9526863046806797
0.18104695346619712,4.179402683246536
0.181086498113724,4.4375179634017226
0.18112604276125086,5.105187402930035
0.18116558740877772,3.908618183604977
0.18120513205630456,3.8271250848845018
0.18124467670383143,3.746198979849102
0.1812842213513583,3.9134115497675483
0.18132376599888514,4.161869649701243
0.181363310646412,4.16547876804139
0.18140285529393887,4.1925476402128705
0.18144239994146574,4.2200129110620495
0.1814819445889926,4.247688630938538
0.18152148923651945,4.253176575339164
0.18156103388404632,4.129147691117925
0.1816005785315732,3.7664260417662163
0.18164012317910003,3.403656818336933
0.1816796678266269,2.754091703038395
0.18171921247415376,2.731505890774706
0.18175875712168063,2.4363396365881664
0.1817983017692075,2.1797338119532177
0.18183784641673434,1.4757937190841202
0.1818773910642612,0.8110754824187119
0.18191693571178807,0.4467260783346344
0.18195648035931491,0.0854843610399173
0.18199602500684178,-0.3514484474172851
0.18203556965436865,-0.8169372964825219
0.18207511430189552,-1.244771711397175
0.1821146589494224,-1.764520316449079
0.18215420359694923,-2.4146048397053326
0.1821937482444761,-2.7674026103831295
0.18223329289200296,-3.0083647166683996
0.1822728375395298,-3.3297691275745995
0.18231238218705667,-3.645816007239871
0.18235192683458354,-3.93161249807408
0.1823914714821104,-4.123125887012472
0.18243101612963727,-4.117277883467238
0.18247056077716411,-4.093156186568836
0.18251010542469098,-4.260614348095045
0.18254965007221785,-4.453709971916605
0.1825891947197447,-4.508143780169788
0.18262873936727156,-4.372337959785136
0.18266828401479843,-4.264184976073432
0.1827078286623253,-4.226950711528801
0.18274737330985216,-4.02223612128024
0.182786917957379,-3.927217734725798
0.18282646260490587,-3.873232424359191
0.18286600725243274,-3.7081038918477227
0.18290555189995958,-3.3705132679902903
0.18294509654748645,-2.8292215048793676
0.18298464119501331,-2.430158109393515
0.18302418584254018,-2.070230952761511
0.18306373049006705,-1.8535531085330645
0.1831032751375939,-1.6371023561095155
0.18314281978512076,-1.2533535034044856
0.18318236443264763,-0.8567699719404753
0.18322190908017447,-0.6150468257556649
0.18326145372770133,-0.4855178275215548
0.1833009983752282,-0.28283803437833765
0.18334054302275507,0.16234181313481022
0.18338008767028194,0.629539372682818
0.18341963231780878,1.1117835562517364
0.18345917696533565,1.5310766051279714
0.18349872161286251,1.7738437523933186
0.18353826626038935,2.076768353161622
0.18357781090791622,2.6400308368681418
0.1836173555554431,2.98794782568218
0.18365690020296996,3.2296319175956905
0.18369644485049683,3.4153263015932724
0.18373598949802367,3.6024857166785065
0.18377553414555053,3.6636228739507093
0.1838150787930774,3.7878470579396506
0.18385462344060424,3.939214143836496
0.1838941680881311,4.106692885590239
0.18393371273565798,3.8559725294246374
0.18397325738318485,4.0654029640351
0.18401280203071171,4.2153277343283015
0.18405234667823855,4.2751597287449075
0.18409189132576542,4.114662987138786
0.1841314359732923,3.869914177288025
0.18417098062081913,3.6143824952248003
0.184210525268346,3.3762450596164157
0.18425006991587287,3.180028741862145
0.18428961456339973,3.0514670305189617
0.1843291592109266,2.923655643493939
0.18436870385845344,2.759511075215368
0.1844082485059803,2.5114127801493904
0.18444779315350718,2.18205376183207
0.18448733780103402,1.8168919764831777
0.18452688244856089,1.6129053591792768
0.18456642709608775,1.409925783401053
0.18460597174361462,1.1599809801975671
0.1846455163911415,-0.2020116020689322
0.18468506103866833,-0.27912803703272604
0.1847246056861952,-0.3461658321726522
0.18476415033372207,-0.429678832445205
0.1848036949812489,-0.5174068429503327
0.18484323962877577,-0.604247047147251
0.18488278427630264,-0.6958539036809372
0.1849223289238295,-0.7870691967049379
0.18496187357135638,-0.8779924470746268
0.18500141821888322,-1.0055288021618258
0.18504096286641009,-1.1335616380046076
0.18508050751393695,-1.3837911281868351
0.1851200521614638,-1.5310392431740418
0.18515959680899066,-1.6168250207288173
0.18519914145651753,-1.7406657464396607
0.1852386861040444,-1.7766783579572039
0.18527823075157127,-1.8282765286557499
0.1853177753990981,-1.9953689889697013
0.18535732004662497,-2.016872676887862
0.18539686469415184,-1.9880366510319811
0.18543640934167868,-2.0314386378736056
0.18547595398920555,-2.0007150754157257
0.18551549863673242,-1.9446847282124473
0.18555504328425929,-1.9510370685154172
0.18559458793178615,-1.9534177660141865
0.185634132579313,-1.862994686273239
0.18567367722683986,-1.7065843054294472
0.18571322187436673,-1.5979463050758445
0.18575276652189357,-1.5978876909297064
0.18579231116942044,-1.5863878298237957
0.1858318558169473,-1.396852320758482
0.18587140046447417,-1.3070527053816754
0.18591094511200104,-0.9379405720680116
0.18595048975952788,-0.7622082180312517
0.18599003440705475,-0.6790043512347756
0.18602957905458162,-0.4451363886112627
0.18606912370210846,-0.1512473861668966
0.18610866834963533,0.06802987791689308
0.1861482129971622,0.3972097718259693
0.18618775764468906,0.5237807226662363
0.18622730229221593,0.6004569523845482
0.18626684693974277,0.6791536826472915
0.18630639158726964,0.8430860175816495
0.1863459362347965,0.9257627717071821
0.18638548088232335,0.9001814598978821
0.1864250255298502,0.9968816477950015
0.18646457017737708,1.1869518901049716
0.18650411482490395,1.369859098257426
0.18654365947243082,1.4893490333702781
0.18658320411995766,1.6093753971849
0.18662274876748453,1.7282961334873759
0.1866622934150114,1.7890545063245609
0.18670183806253823,1.8152420392720223
0.1867413827100651,1.765461370430494
0.18678092735759197,1.7635063912526219
0.18682047200511884,1.766895123672852
0.1868600166526457,1.7388194668749353
0.18689956130017255,1.7756058015528813
0.1869391059476994,1.9363270980455847
0.18697865059522628,1.9149241203686118
0.18701819524275312,1.8762318448314723
0.18705773989028,1.8332513249759013
0.18709728453780686,1.6987511626512894
0.18713682918533373,1.526203515691511
0.1871763738328606,1.3905476680856828
0.18721591848038743,1.2828798234270697
0.1872554631279143,1.2315068371806424
0.18729500777544117,1.2286708282958765
0.187334552422968,1.3239333813643321
0.18737409707049488,1.319713744737326
0.18741364171802175,0.9238428159835756
0.1874531863655486,0.7832277045679137
0.18749273101307548,0.7132626320641511
0.18753227566060232,0.5876226194260554
0.1875718203081292,0.6880256572007202
0.18761136495565606,0.7001846451171607
0.1876509096031829,0.6953797356260905
0.18769045425070977,0.7203157896308732
0.18772999889823663,0.7599698618288688
0.1877695435457635,0.778769532582881
0.18780908819329037,0.7911948772413544
0.1878486328408172,0.7635659399886747
0.18788817748834408,0.6834554401536534
0.18792772213587094,0.30512958447139904
0.18796726678339779,0.32933807652397373
0.18800681143092465,0.3787386573429026
0.18804635607845152,0.45684045660680717
0.1880859007259784,0.5342961754789268
0.18812544537350526,0.41793734541114946
0.1881649900210321,0.2258078508779322
0.18820453466855896,-0.7257887003622236
0.18824407931608583,-0.6203757086051025
0.18828362396361267,-0.5155019776244318
0.18832316861113954,-0.47964558954818304
0.1883627132586664,-0.4492782873968899
0.18840225790619328,-0.418916426186392
0.18844180255372014,-0.38926078732345126
0.18848134720124698,-0.3599089062642786
0.18852089184877385,-0.3683493643197415
0.18856043649630072,-0.39448876669656574
0.18859998114382756,-0.420565202066133
0.18863952579135443,-0.4467961567695389
0.1886790704388813,0.17999239999798022
0.18871861508640816,0.7287723654823519
0.18875815973393503,0.6352399954360477
0.18879770438146187,0.5420742128740446
0.18883724902898874,0.4504919535609577
0.1888767936765156,0.3583730553935991
0.18891633832404245,0.45998260356634213
0.18895588297156932,0.6479016778763362
0.18899542761909618,0.7394630256069428
0.18903497226662305,0.7990628321495679
0.18907451691414992,0.9002615019397422
0.18911406156167676,0.9542252997890661
0.18915360620920363,0.9503357828579562
0.1891931508567305,0.9248987687602792
0.18923269550425734,1.1655011287889854
0.1892722401517842,1.3317827218724878
0.18931178479931107,1.3818743553978128
0.18935132944683794,1.555314193334952
0.1893908740943648,1.7362129945376839
0.18943041874189165,1.9394227322546715
0.18946996338941852,2.3078652481930266
0.18950950803694538,2.5536582459487818
0.18954905268447222,2.557737969196298
0.1895885973319991,2.6579592494272943
0.18962814197952596,2.8408112520176485
0.18966768662705283,3.3466864031604304
0.1897072312745797,3.367377484175419
0.18974677592210654,3.376065242641939
0.1897863205696334,3.5232457852757166
0.18982586521716027,3.674835447307435
0.1898654098646871,3.818547048431249
0.18990495451221398,3.9371116145671197
0.18994449915974085,4.057228291043267
0.18998404380726772,4.177840729732748
0.19002358845479458,4.147957045742045
0.19006313310232142,4.0210521880889445
0.1901026777498483,3.9762200582703318
0.19014222239737516,3.9112555338815294
0.190181767044902,3.82372867591132
0.19022131169242887,3.7143751719177747
0.19026085633995574,3.6057947111734707
0.1903004009874826,3.328034937711764
0.19033994563500947,2.866325776356282
0.1903794902825363,2.720527706015676
0.19041903493006318,2.5830558870186424
0.19045857957759005,2.306398899613784
0.1904981242251169,1.8987495194948467
0.19053766887264376,1.5654631297154804
0.19057721352017062,1.2656074616134967
0.1906167581676975,0.8159153760566433
0.19065630281522436,0.5084234629442976
0.1906958474627512,0.20110772190975146
0.19073539211027807,-0.33325053176999897
0.19077493675780494,-0.9265810691566871
0.19081448140533178,-1.28574316389468
0.19085402605285864,-1.5850652314374398
0.1908935707003855,-1.7720443036689413
0.19093311534791238,-2.02945656048829
0.19097265999543925,-2.3464205021715694
0.1910122046429661,-3.0340722205203003
0.19105174929049296,-3.1656287745270912
0.19109129393801982,-3.216290255102441
0.19113083858554666,-3.2674062438275437
0.19117038323307353,-3.31908571711323
0.1912099278806004,-3.6895785495010016
0.19124947252812727,-3.7229646412363655
0.19128901717565414,-3.7569362641861686
0.19132856182318098,-3.7069121068854916
0.19136810647070784,-3.633781398561644
0.1914076511182347,-3.5664967732622372
0.19144719576576155,-3.5128846363571853
0.19148674041328842,-3.3790378047843266
0.1915262850608153,-3.111711190051392
0.19156582970834216,-2.858693616136309
0.19160537435586902,-2.7358529522720554
0.19164491900339586,-2.5914036658150446
0.19168446365092273,-2.325875177077203
0.1917240082984496,-2.00584245855212
0.19176355294597644,-1.7618322422880621
0.1918030975935033,-1.4965294169384107
0.19184264224103018,-1.0941243985888063
0.19188218688855704,-0.6588717571398304
0.1919217315360839,-0.3408592357901816
0.19196127618361075,-0.17071018884853695
0.19200082083113762,-0.00034360323686311034
0.1920403654786645,0.11367640893966025
0.19207991012619133,0.1629221233530791
0.1921194547737182,0.21245870660556365
0.19215899942124506,0.2936677289468963
0.19219854406877193,0.38780320012975666
0.1922380887162988,0.4828854008076866
0.19227763336382564,0.6312067641138617
0.1923171780113525,0.7796928040378213
0.19235672265887938,0.9287000982831728
0.19239626730640622,1.031028106997985
0.19243581195393308,2.4286498731450537
0.19247535660145995,2.736306646803018
0.19251490124898682,2.600480213371954
0.1925544458965137,2.479824252357846
0.19259399054404053,2.561390734268106
0.1926335351915674,2.7719276264427344
0.19267307983909426,2.8785977472642266
0.1927126244866211,2.6249993410284715
0.19275216913414797,2.388831479951855
0.19279171378167484,2.271582297477722
0.1928312584292017,2.161601783671018
0.19287080307672858,2.0455050111962017
0.19291034772425542,1.8866904677179794
0.19294989237178228,1.7241146567385135
0.19298943701930915,1.4591576896738045
0.193028981666836,1.182765163469625
0.19306852631436286,0.8707331543744874
0.19310807096188973,0.6329908415848231
0.1931476156094166,0.3659345969948975
0.19318716025694346,0.1804413131200533
0.1932267049044703,-0.04605294827729889
0.19326624955199717,-0.26971326775219095
0.19330579419952404,-0.36179117114647186
0.19334533884705088,-0.4889424983980386
0.19338488349457775,-0.7672020560197041
0.19342442814210462,-1.1456913595410654
0.19346397278963148,-1.370009472621456
0.19350351743715835,-1.451306495005085
0.1935430620846852,-1.5265133728093083
0.19358260673221206,-1.6013935191470363
0.19362215137973893,-1.5527532880870047
0.19366169602726577,-1.567683032376435
0.19370124067479264,-1.6894232576094954
0.1937407853223195,-1.8059383604051704
0.19378032996984637,-1.875771562595317
0.19381987461737324,-1.9424899346329214
0.19385941926490008,-2.123109577336483
0.19389896391242695,-2.2449902963491253
0.19393850855995381,-2.3667500772325267
0.19397805320748066,-2.309044040971522
0.19401759785500752,-2.21731376620471
0.1940571425025344,-2.2438626274278435
0.19409668715006126,-2.319231279161648
0.19413623179758813,-2.270433956390873
0.19417577644511497,-2.2352340195594227
0.19421532109264183,-2.2339817153822152
0.1942548657401687,-2.218737089149182
0.19429441038769554,-2.0466695026151784
0.1943339550352224,-1.9100929471516932
0.19437349968274928,-1.903652099557214
0.19441304433027615,-1.7960619246802885
0.19445258897780301,-1.6759167130595696
0.19449213362532985,-1.6392072112405756
0.19453167827285672,-1.527606902973323
0.1945712229203836,-1.4817231535675197
0.19461076756791043,-1.437401561977763
0.1946503122154373,-1.4414652723104302
0.19468985686296417,-1.3629046924619843
0.19472940151049103,-1.2374968034667375
0.1947689461580179,-1.1444449392570353
0.19480849080554474,-1.1097352155402622
0.1948480354530716,-1.0487323661343306
0.19488758010059848,-0.9097614563949705
0.19492712474812532,-0.7584332347102489
0.1949666693956522,-0.6010734347240223
0.19500621404317905,-0.48878673626877056
0.19504575869070592,-0.40080656118454017
0.1950853033382328,-0.23919899367344533
0.19512484798575963,-0.11114540573771214
0.1951643926332865,-0.06262135111577272
0.19520393728081337,0.0687659159264189
0.1952434819283402,0.3347318584064185
0.19528302657586707,0.49678174409659537
0.19532257122339394,0.6608361586948188
0.1953621158709208,0.8420003097493289
0.19540166051844768,0.9920370423933438
0.19544120516597452,1.04656156271303
0.1954807498135014,1.1020272963364426
0.19552029446102825,1.307554549935586
0.1955598391085551,1.637035868716954
0.19559938375608196,1.728164582206952
0.19563892840360883,1.741882319185367
0.1956784730511357,1.7334201222007222
0.19571801769866257,1.8492878883460122
0.1957575623461894,2.085119089443496
0.19579710699371627,1.5085646136179052
0.19583665164124314,1.7047194023307886
0.19587619628876998,2.2915354845560088
0.19591574093629685,2.2667169845407904
0.19595528558382372,2.242182173937195
0.1959948302313506,2.2166445634705756
0.19603437487887745,2.1859673128830526
0.1960739195264043,2.155892625886011
0.19611346417393116,2.1260635933262924
0.19615300882145803,2.09648044143387
0.19619255346898487,2.0673306349144838
0.19623209811651174,1.9643005622331722
0.1962716427640386,1.8235505218398882
0.19631118741156547,1.683140402079068
0.19635073205909234,2.4312807009228967
0.19639027670661918,2.121213484774309
0.19642982135414605,1.8747258292456175
0.19646936600167292,1.704946586925948
0.19650891064919976,1.5296355176902612
0.19654845529672663,1.2845305907048943
0.1965879999442535,1.0671672312146099
0.19662754459178036,0.9139396525346539
0.19666708923930723,0.7088391472554103
0.19670663388683407,0.44500410621928665
0.19674617853436094,0.1806858311694508
0.1967857231818878,0.03840517516440589
0.19682526782941465,-0.1521634394032807
0.19686481247694151,-0.3418623654419166
0.19690435712446838,-0.43936896109157053
0.19694390177199525,-0.5511753784827578
0.19698344641952212,-0.66368690617106
0.19702299106704896,-0.8226982774110769
0.19706253571457583,-0.8269808152303755
0.1971020803621027,-0.8885127032281632
0.19714162500962953,-0.9043001734987628
0.1971811696571564,-0.9207624150596632
0.19722071430468327,-0.948058838131824
0.19726025895221014,-0.9666857553259103
0.197299803599737,-0.9710883586759163
0.19733934824726385,-0.9225010091545731
0.19737889289479071,-0.8794130569643073
0.19741843754231758,-0.7662019303087999
0.19745798218984442,-0.6810870035370107
0.1974975268373713,-0.5173786323030676
0.19753707148489816,-0.40037301175680784
0.19757661613242503,-0.33060240678421726
0.1976161607799519,-0.18557243452272676
0.19765570542747873,-0.06058148362754445
0.1976952500750056,0.05679466127945232
0.19773479472253247,0.24273524280130654
0.1977743393700593,0.5402429851139252
0.19781388401758618,0.6350766955098253
0.19785342866511305,0.91913629435769
0.1978929733126399,1.229960246856275
0.19793251796016678,1.5899948469799543
0.19797206260769362,1.7867489782793124
0.1980116072552205,1.98355991634164
0.19805115190274736,2.177477648996896
0.1980906965502742,2.3488048999606432
0.19813024119780107,2.254082670806211
0.19816978584532793,2.4498834490008417
0.1982093304928548,2.6026886403130414
0.19824887514038167,2.7403248835301586
0.1982884197879085,2.8779435234130233
0.19832796443543538,2.950070659150612
0.19836750908296225,3.0648832566559747
0.19840705373048909,3.15594790253323
0.19844659837801595,3.2472055877228723
0.19848614302554282,3.26909728179559
0.1985256876730697,3.1618895295541467
0.19856523232059656,3.056285848211039
0.1986047769681234,2.9590220933405798
0.19864432161565027,2.86395478500071
0.19868386626317713,3.3206307167197835
0.19872341091070397,3.197367158263945
0.19876295555823084,3.0762989911267775
0.1988025002057577,3.0273198938144796
0.19884204485328458,2.982921972950781
0.19888158950081145,2.9340742665001063
0.19892113414833829,2.8436556113190448
0.19896067879586515,2.5863724373761827
0.19900022344339202,2.2998033709555914
0.19903976809091886,2.1148586810812295
0.19907931273844573,2.0111265657919764
0.1991188573859726,1.8027608153169026
0.19915840203349947,1.5781634910267601
0.19919794668102633,1.2992769550435077
0.19923749132855317,1.066827040057817
0.19927703597608004,0.8650420207262643
0.1993165806236069,0.6564411731357054
0.19935612527113375,0.5459706162294575
0.19939566991866062,0.3703926397631476
0.19943521456618749,0.09565759323630929
0.19947475921371435,-0.10274644473517225
0.19951430386124122,-0.3019666026932326
0.19955384850876806,-0.45881037146851544
0.19959339315629493,-0.586147770317957
0.1996329378038218,-0.7135623416783277
0.19967248245134864,-0.8760729022623532
0.1997120270988755,-1.0520962688525854
0.19975157174640237,-1.1024472100874247
0.19979111639392924,-1.606334717989042
0.1998306610414561,-1.5834417554658469
0.19987020568898295,-1.5216271860718995
0.19990975033650982,-1.4199748353054042
0.19994929498403669,-1.3553767511447734
0.19998883963156353,-1.358327845797924
0.2000283842790904,-1.3786780266936778
0.20006792892661726,-1.3992077389422783
0.20010747357414413,-1.4198389377562968
0.200147018221671,-1.4409278200388371
0.20018656286919784,-1.4626307103085696
0.2002261075167247,-1.4852515867685108
0.20026565216425157,-1.4889124673142673
0.2003051968117784,-1.4630084459170307
0.20034474145930528,-1.5082269917367446
0.20038428610683215,-1.0199772312366844
0.20042383075435902,-0.9803418621827757
0.20046337540188588,-0.8984223086854752
0.20050292004941273,-0.8173843597584078
0.2005424646969396,-0.7042574822045169
0.20058200934446646,-0.48200886756614025
0.2006215539919933,-0.36210709696997245
0.20066109863952017,-0.28890205768326616
0.20070064328704704,-0.2696319259903617
0.2007401879345739,-0.21391343984574673
0.20077973258210077,0.001903274651119613
0.2008192772296276,0.2189100022434669
0.20085882187715448,0.41725929648858084
0.20089836652468135,0.5598239470258035
0.2009379111722082,0.7040653597241231
0.20097745581973506,0.7660896659418226
0.20101700046726192,0.8002590344177598
0.2010565451147888,0.791680206491401
0.20109608976231566,1.54150832748331
0.2011356344098425,1.5546748249066447
0.20117517905736937,1.6466619277854262
0.20121472370489624,1.7398285585184299
0.20125426835242308,1.751357288964274
0.20129381299994994,1.7709713546790717
0.2013333576474768,1.8233703124625011
0.20137290229500368,1.757223860416565
0.20141244694253055,1.5721340059143023
0.2014519915900574,1.55347130086461
0.20149153623758426,1.5497012655079425
0.20153108088511112,1.566609503387692
0.20157062553263796,1.5003315181547368
0.20161017018016483,1.3985824432944964
0.2016497148276917,1.303662798364545
0.20168925947521857,1.2385751308199746
0.20172880412274544,1.1442534597304728
0.20176834877027228,1.0256699366528856
0.20180789341779914,0.9098062435655749
0.201847438065326,0.5863901595186194
0.20188698271285285,0.4923915417461662
0.20192652736037972,0.4905755705305528
0.2019660720079066,0.3874283850482434
0.20200561665543346,0.265871266235401
0.20204516130296032,0.16391386084376736
0.20208470595048716,0.06261089740591941
0.20212425059801403,0.04805550687320581
0.2021637952455409,0.0910799549244361
0.20220333989306774,0.07617183698599117
0.2022428845405946,-0.015539301248329584
0.20228242918812148,-0.12940545537835368
0.20232197383564834,-0.24557573401318233
0.2023615184831752,-0.3084868917299479
0.20240106313070205,-0.37154180583350604
0.20244060777822892,-0.3895805866572306
0.2024801524257558,-0.3949733375561435
0.20251969707328263,-0.4060913565740649
0.2025592417208095,-0.5161671125797693
0.20259878636833636,-0.6172811105542184
0.20263833101586323,-0.6309157436898964
0.2026778756633901,-0.6429177303136182
0.20271742031091694,-0.6303822976912157
0.2027569649584438,-0.4919037281847385
0.20279650960597068,-0.33537047442099266
0.20283605425349752,-0.4119432243375345
0.20287559890102438,-0.4940950067379837
0.20291514354855125,-0.5461883873821178
0.20295468819607812,-0.4970004501533951
0.202994232843605,-0.438201994747067
0.20303377749113183,-0.3334448586182903
0.2030733221386587,-0.10689689368561228
0.20311286678618556,0.009300772216694009
0.2031524114337124,0.054125028765424466
0.20319195608123927,0.0016112478109091555
0.20323150072876614,-0.09569544910890326
0.203271045376293,0.04594699973004279
0.20331059002381988,0.21513376166573384
0.20335013467134672,0.32696179278839654
0.20338967931887358,0.4193008904845805
0.20342922396640045,0.30751758322322775
0.2034687686139273,0.18219487389763933
0.20350831326145416,0.08917527349822918
0.20354785790898103,-0.004085442865373379
0.2035874025565079,0.27159966918556755
0.20362694720403476,0.45578834238689336
0.2036664918515616,0.4717363959627505
0.20370603649908847,0.372415859040637
0.20374558114661534,0.2761287756372981
0.20378512579414218,0.22681149944759538
0.20382467044166905,0.23636822424529114
0.20386421508919592,0.3364929778834507
0.20390375973672278,0.40363792095495055
0.20394330438424965,0.3380381104445511
0.2039828490317765,0.15277643736940738
0.20402239367930336,-0.39972646237439524
0.20406193832683023,-0.43542841187045056
0.20410148297435707,-0.4677132064991574
0.20414102762188394,-0.49966089872948793
0.2041805722694108,-0.5308501451284575
0.20422011691693767,-0.561326491569482
0.20425966156446454,-0.5913198761660983
0.20429920621199138,-0.565645204464625
0.20433875085951825,-0.5461905402598604
0.20437829550704512,-0.5336532469698467
0.20441784015457196,-0.51886910226591
0.20445738480209882,-0.503755338740759
0.2044969294496257,-0.4884027601496812
0.20453647409715256,-0.5437026033636025
0.20457601874467943,-0.08100604001943923
0.20461556339220627,-0.0796562672092005
0.20465510803973314,-0.06749020273545847
0.20469465268726,-0.060999684833009216
0.20473419733478684,-0.16470304910452183
0.2047737419823137,-0.2558041187597815
0.20481328662984058,-0.3369760719338126
0.20485283127736745,-0.4132665824371662
0.20489237592489432,-0.5080324944381565
0.20493192057242116,-0.6023529566527648
0.20497146521994802,-0.6810072338503379
0.2050110098674749,-0.7051314871270291
0.20505055451500173,-0.7448169846408632
0.2050900991625286,-0.8476661971188861
0.20512964381005547,-1.0793356409885806
0.20516918845758234,-1.1678469555824287
0.2052087331051092,-1.2785894366028037
0.20524827775263604,-1.4031140065630026
0.2052878224001629,-1.5276258740424662
0.20532736704768978,-1.7324829257867809
0.20536691169521662,-1.8769923690658474
0.2054064563427435,-2.0813356413590176
0.20544600099027036,-2.180924088348671
0.20548554563779722,-2.2701391013367886
0.2055250902853241,-2.3594598475069417
0.20556463493285093,-2.477995953400586
0.2056041795803778,-2.5904370007683477
0.20564372422790467,-2.7921154622657083
0.2056832688754315,-2.947621513195449
0.20572281352295838,-3.0973276051518805
0.20576235817048524,-3.2471608791527684
0.2058019028180121,-3.3376363544538874
0.20584144746553898,-3.279914864376652
0.20588099211306582,-3.2261401040416136
0.2059205367605927,-3.267738537357034
0.20596008140811956,-3.3513458398444103
0.2059996260556464,-3.439093429148608
0.20603917070317326,-3.502132679881915
0.20607871535070013,-3.4887917187135065
0.206118259998227,-3.387366392488927
0.20615780464575387,-3.12079400028921
0.2061973492932807,-3.128868298576058
0.20623689394080758,-3.1588843088543017
0.20627643858833444,-3.146006497130194
0.20631598323586128,-3.071487029218873
0.20635552788338815,-2.9971467150909374
0.20639507253091502,-2.90512359830237
0.2064346171784419,-2.478120677049912
0.20647416182596876,-2.3425926309474647
0.2065137064734956,-2.2174238454693205
0.20655325112102246,-2.1046158024050374
0.20659279576854933,-1.991765059469895
0.20663234041607617,-1.888141006591053
0.20667188506360304,-1.7061815306450046
0.2067114297111299,-1.5206224079639332
0.20675097435865677,-1.2330729890461722
0.20679051900618364,-0.6549948040916442
0.20683006365371048,-0.4506928013929501
0.20686960830123735,-0.3603976903656234
0.20690915294876422,-0.269981840521867
0.20694869759629106,-0.0861786102289599
0.20698824224381793,0.14824658450958306
0.2070277868913448,0.3877276642942775
0.20706733153887166,0.6264073670949435
0.20710687618639853,0.7476688941664238
0.20714642083392537,0.7311056040030022
0.20718596548145224,0.6727838648049471
0.2072255101289791,0.7174790904043777
0.20726505477650595,0.7735537843102449
0.20730459942403281,0.8201011449857825
0.20734414407155968,0.7795122482760082
0.20738368871908655,0.6679342898035225
0.20742323336661342,0.521254178377299
0.20746277801414026,0.39026576106827915
0.20750232266166713,0.2775220325194716
0.207541867309194,0.26329720619575525
0.20758141195672083,0.2497915406820821
0.2076209566042477,0.14555194893139767
0.20766050125177457,-0.05583922472591518
0.20770004589930144,-0.26553514913810083
0.2077395905468283,-0.4843276407092105
0.20777913519435515,-0.648110034636419
0.20781867984188201,-0.8120060503717135
0.20785822448940888,-0.9499006794754532
0.20789776913693572,-1.1758093048209664
0.2079373137844626,-1.368590815376217
0.20797685843198946,-1.542911622492218
0.20801640307951633,-1.7175326804710929
0.2080559477270432,-1.8954689785299308
0.20809549237457003,-2.105513335969336
0.2081350370220969,-2.283793997830221
0.20817458166962377,-2.33060925038592
0.2082141263171506,-2.5679347310327687
0.20825367096467748,-2.635302862424383
0.20829321561220435,-2.649615112917594
0.20833276025973121,-2.851528465996214
0.20837230490725808,-2.7327347711145533
0.20841184955478492,-2.758161326111997
0.2084513942023118,-2.7155265226311682
0.20849093884983866,-2.692939697727641
0.2085304834973655,-2.670284105829617
0.20857002814489237,-2.6475581413150966
0.20860957279241923,-2.6247088788616466
0.2086491174399461,-2.4491968415254526
0.20868866208747297,-2.452931310159258
0.2087282067349998,-2.4569617238763657
0.20876775138252668,-2.4617072402434146
0.20880729603005355,-2.47775480418896
0.2088468406775804,-2.4939825422513118
0.20888638532510725,-2.5098172034656043
0.20892592997263412,-2.525577348910491
0.208965474620161,-2.5412959891556053
0.20900501926768786,-1.7880559530620372
0.2090445639152147,-1.3167533829010791
0.20908410856274157,-1.135693421730026
0.20912365321026843,-1.089026891981723
0.20916319785779527,-1.054267838165172
0.20920274250532214,-1.01990348297338
0.209242287152849,-1.0085568327953705
0.20928183180037588,-0.9292306629503615
0.20932137644790275,-0.8262953223690102
0.2093609210954296,-0.637243810305415
0.20940046574295645,-0.4486380572812192
0.20944001039048332,-0.23933243684167205
0.20947955503801016,-0.1653657226721008
0.20951909968553703,0.08755843272575548
0.2095586443330639,0.23112635359637546
0.20959818898059077,0.43784710763387324
0.20963773362811763,0.5979975849381638
0.20967727827564447,0.5901746360107951
0.20971682292317134,0.5820195976009639
0.2097563675706982,0.5735806175228362
0.20979591221822505,0.5235090286632673
0.20983545686575192,0.4652180511499695
0.20987500151327879,0.9779423353946333
0.20991454616080565,1.0730624494351855
0.20995409080833252,1.0976297999710818
0.20999363545585936,1.1034374652214503
0.21003318010338623,1.1093123999767913
0.2100727247509131,1.1024507847668512
0.21011226939843994,1.0739510243203165
0.2101518140459668,1.0456498242053296
0.21019135869349367,1.0175422921412383
0.21023090334102054,1.0235976339579398
0.2102704479885474,1.0391831095514228
0.21030999263607425,1.0524928370211657
0.21034953728360112,0.9479315434240667
0.21038908193112799,0.8318865872140517
0.21042862657865483,0.6999276127359584
0.2104681712261817,0.6670123536747288
0.21050771587370856,0.6700064968184867
0.21054726052123543,0.653366279834241
0.2105868051687623,0.2823499575426496
0.21062634981628914,0.09934849707934057
0.210665894463816,-0.08320229012666847
0.21070543911134287,-0.15846461129812806
0.21074498375886971,-0.13457768320193297
0.21078452840639658,-0.13069798432452262
0.21082407305392345,-0.13424943881647633
0.21086361770145032,-0.13769975049447258
0.21090316234897719,-0.2557873219311799
0.21094270699650403,-0.46089081482675587
0.2109822516440309,-0.6259296531921603
0.21102179629155776,-0.7713422138354886
0.2110613409390846,-0.8461706748998308
0.21110088558661147,-0.8349568618349912
0.21114043023413834,-0.7944331594132854
0.2111799748816652,-0.758933263892553
0.21121951952919207,-0.9421968488235304
0.2112590641767189,-1.0122558751032134
0.21129860882424578,-0.9603631850977359
0.21133815347177265,-0.8932953405869628
0.2113776981192995,-0.7665287141868982
0.21141724276682636,-0.6706408388863163
0.21145678741435323,-0.7042217010289393
0.2114963320618801,-0.7742528929454373
0.21153587670940696,-0.8559804533922535
0.2115754213569338,-0.95837664216433
0.21161496600446067,-0.8371264385308854
0.21165451065198754,-0.8044149273795467
0.21169405529951438,-0.7382733220453788
0.21173359994704125,-0.7030209685333597
0.2117731445945681,-0.6859873000051018
0.21181268924209498,-0.6695959927178567
0.21185223388962185,-0.5732345800638112
0.2118917785371487,-0.5480998171205023
0.21193132318467556,-0.5230722461476713
0.21197086783220243,-0.4812787202760398
0.21201041247972927,-0.4267285019376288
0.21204995712725613,-0.3724386968177196
0.212089501774783,-0.3052774092118524
0.21212904642230987,-0.30909362683700925
0.21216859106983674,-0.303732876017333
0.21220813571736358,-0.23704950260853797
0.21224768036489045,-0.17232028550954204
0.2122872250124173,-0.10772885468606708
0.21232676965994415,0.41535441367391646
0.21236631430747102,0.5645785365226101
0.2124058589549979,0.5900526649506426
0.21244540360252476,0.5568457344488655
0.21248494825005163,0.5911889352079076
0.21252449289757847,0.6796720241077776
0.21256403754510533,0.7684299202618141
0.2126035821926322,0.855148905037113
0.21264312684015904,0.9659182466757952
0.2126826714876859,1.076859183704355
0.21272221613521278,1.038487234032508
0.21276176078273965,0.9302642073902094
0.2128013054302665,0.8837298801306248
0.21284085007779335,0.8520403026830163
0.21288039472532022,1.2551357278810251
0.2129199393728471,1.0893279171436276
0.21295948402037393,0.3977301300400291
0.2129990286679008,0.3983651187361128
0.21303857331542767,0.3456924572590325
0.21307811796295453,0.2932307175112312
0.2131176626104814,0.24102639381478097
0.21315720725800824,0.18933755766244986
0.2131967519055351,0.1561107639531527
0.21323629655306198,0.12681751603477154
0.21327584120058882,0.09775431324217343
0.21331538584811569,0.06866231110676058
0.21335493049564255,0.06163809422895472
0.21339447514316942,0.07056016339120896
0.2134340197906963,0.07949873343534763
0.21347356443822313,0.08861571109378397
0.21351310908575,0.09350331766884246
0.21355265373327686,0.03410855373381638
0.2135921983808037,0.23169165634957634
0.21363174302833057,0.1841076130763033
0.21367128767585744,0.1366381334285225
0.2137108323233843,0.0482186385808947
0.21375037697091118,-0.036404512863334126
0.21378992161843802,-0.03499324951489946
0.21382946626596488,-0.026772871487149796
0.21386901091349175,-0.02546139118114099
0.2139085555610186,-0.06830373042549565
0.21394810020854546,-0.11973626141409666
0.21398764485607233,-0.18145743968523576
0.2140271895035992,-0.2534503128463159
0.21406673415112606,-0.3307853743587701
0.2141062787986529,-0.3754299639908758
0.21414582344617977,-0.26317470314679015
0.21418536809370664,-0.1431280416340901
0.21422491274123348,-0.2168031571171698
0.21426445738876035,-0.304516142266291
0.21430400203628722,-0.351890438001202
0.21434354668381408,-0.3874211692592946
0.21438309133134095,-0.2568080278923486
0.2144226359788678,-0.12936229306549163
0.21446218062639466,-0.08395476041769889
0.21450172527392153,-0.12995935885904708
0.21454126992144837,-0.08235846536614888
0.21458081456897524,-0.0492272387941044
0.2146203592165021,-0.01626987415542258
0.21465990386402897,0.01654491168931016
0.21469944851155584,0.05178965049068451
0.21473899315908268,0.09859526621438319
0.21477853780660955,0.14653645970697204
0.21481808245413642,0.19429484225874694
0.21485762710166326,0.2427666689777177
0.21489717174919012,0.6079477589655391
0.214936716396717,0.6208662710499278
0.21497626104424386,0.5215122624540574
0.21501580569177073,0.43676534270390244
0.21505535033929757,0.4905065720706192
0.21509489498682444,0.5439486266221529
0.2151344396343513,0.6612846944853197
0.21517398428187814,0.8720342416288323
0.215213528929405,1.017043522234586
0.21525307357693188,1.348604907593007
0.21529261822445875,1.3639357747081569
0.21533216287198562,1.556661639382596
0.21537170751951246,1.7912393291256106
0.21541125216703932,2.0479967015748137
0.2154507968145662,2.166041166244061
0.21549034146209303,2.172075114759399
0.2155298861096199,2.1777622220219977
0.21556943075714677,2.1864211640995292
0.21560897540467364,2.2311472387461677
0.2156485200522005,2.274987334314403
0.21568806469972734,2.31892323910746
0.2157276093472542,2.3629546140392765
0.21576715399478108,2.3107118946976355
0.21580669864230792,2.242861430191196
0.2158462432898348,2.2984564152757185
0.21588578793736166,2.3633285826680974
0.21592533258488852,2.428323621911425
0.2159648772324154,2.5408861083146226
0.21600442187994223,2.612446054493115
0.2160439665274691,2.6777221551342407
0.21608351117499597,2.7431963586930643
0.2161230558225228,2.765697243813672
0.21616260047004968,2.5850073398001157
0.21620214511757654,2.3921409502440727
0.2162416897651034,2.40179376216423
0.21628123441263028,2.421786827808337
0.21632077906015712,2.3883614851989785
0.216360323707684,2.31781384380131
0.21639986835521086,2.07626088992118
0.2164394130027377,1.8796628449034505
0.21647895765026456,1.7554268933429773
0.21651850229779143,1.6176931908283168
0.2165580469453183,1.455153505883362
0.21659759159284517,1.3356796316263133
0.216637136240372,1.264815740849845
0.21667668088789888,1.1929981578353082
0.21671622553542574,0.9002105771051729
0.21675577018295258,0.8376048744239126
0.21679531483047945,0.7752991798176043
0.21683485947800632,0.6782808291756419
0.2168744041255332,0.5548980894006705
0.21691394877306006,0.4401693820127939
0.2169534934205869,0.4227638758830623
0.21699303806811376,0.446713491704823
0.21703258271564063,0.4302995430690597
0.21707212736316747,0.38455806197978326
0.21711167201069434,0.29454281616198585
0.2171512166582212,0.21730281306675003
0.21719076130574808,0.08634157762896866
0.21723030595327494,-0.05494845938320703
0.21726985060080178,-0.06314596708547793
0.21730939524832865,-0.0377978357272597
0.21734893989585552,-0.16870304593982377
0.21738848454338236,-0.31857214041799997
0.21742802919090923,-0.27610851247155344
0.2174675738384361,-0.24166944455616157
0.21750711848596296,-0.22849528072052827
0.21754666313348983,-0.21580247870909686
0.21758620778101667,-0.1121203211588373
0.21762575242854354,0.06678396789965824
0.2176652970760704,0.37384125020497505
0.21770484172359725,0.2831161363297605
0.21774438637112412,-0.5350416745329651
0.21778393101865098,-0.5271543293199046
0.21782347566617785,-0.5196052199560928
0.21786302031370472,-0.5123629100300615
0.21790256496123156,-0.5050214101735921
0.21794210960875843,-0.49800950665834653
0.2179816542562853,-0.49126993366701077
0.21802119890381214,-0.48477146038742536
0.218060743551339,-0.47851615763128486
0.21810028819886587,-0.4546706111261356
0.21813983284639274,-0.36794753930479773
0.2181793774939196,-0.28135868333064584
0.21821892214144645,-0.19478798955169951
0.21825846678897332,-0.10815948802693987
0.21829801143650018,-0.026919872771697495
0.21833755608402702,0.9555833486436391
0.2183771007315539,1.3663384043218105
0.21841664537908076,1.4012932428728622
0.21845619002660763,1.36635864853098
0.2184957346741345,1.3320345909654643
0.21853527932166134,1.3243225008132211
0.2185748239691882,1.3127674890769354
0.21861436861671507,1.3847721142492486
0.2186539132642419,1.4356233225314448
0.21869345791176878,1.4865405697361198
0.21873300255929565,1.5378124154548782
0.21877254720682252,1.4128642239140001
0.21881209185434938,1.2110369333305537
0.21885163650187622,1.1183870101423294
0.2188911811494031,1.2510181429301541
0.21893072579692996,1.3940513982357503
0.2189702704444568,0.7475330702615115
0.21900981509198367,0.7028732827922428
0.21904935973951054,0.6585463021496669
0.2190889043870374,0.6145933272946267
0.21912844903456427,0.6548068848647817
0.2191679936820911,0.7242156318680895
0.21920753832961798,0.7829253429126459
0.21924708297714485,0.3716711923859184
0.2192866276246717,0.3822799342692922
0.21932617227219856,0.3273451841034136
0.21936571691972542,0.23681582068946572
0.2194052615672523,0.14660683980111378
0.21944480621477916,0.1048298728695154
0.219484350862306,0.08814416650765189
0.21952389550983287,0.07692453713730218
0.21956344015735973,0.06652191792453488
0.21960298480488658,-0.28188159828939297
0.21964252945241344,-0.3495634476948446
0.2196820740999403,-0.4173722137006086
0.21972161874746718,-0.5221289364908972
0.21976116339499405,-0.5555829096904965
0.2198007080425209,-0.5777416450165864
0.21984025269004775,-0.5997952344587887
0.21987979733757462,-0.5533467546611184
0.21991934198510146,-0.550497575500092
0.21995888663262833,-0.6165386257824101
0.2199984312801552,-0.7126638106916312
0.22003797592768207,-0.7146989091054841
0.22007752057520893,-0.6790983362852892
0.22011706522273577,-0.6433410825642567
0.22015660987026264,-0.6061294903855887
0.2201961545177895,-0.8776476572228256
0.22023569916531635,-0.8469396218064054
0.22027524381284322,-0.8162818832823908
0.2203147884603701,-0.8534409312930364
0.22035433310789695,-0.8952217775140494
0.22039387775542382,-0.9372603234498471
0.22043342240295066,-0.8796759340548235
0.22047296705047753,-0.7751714549924951
0.2205125116980044,-0.7357502770917437
0.22055205634553124,-0.7771326599182755
0.2205916009930581,-0.8064639932713207
0.22063114564058497,-0.8360832740299928
0.22067069028811184,-0.8659359351892979
0.2207102349356387,-0.90733559826384
0.22074977958316555,-0.9737113112427336
0.22078932423069242,-1.0401001882351903
0.2208288688782193,-0.9315234716057841
0.22086841352574613,-0.8423282791052671
0.220907958173273,-0.744626494715666
0.22094750282079986,-0.6469997328701296
0.22098704746832673,-0.9096989086533687
0.2210265921158536,-0.8664602242142254
0.22106613676338044,-0.823199725483156
0.2211056814109073,-0.7683133824574631
0.22114522605843417,-0.6311918640697343
0.22118477070596101,-0.4937864849460252
0.22122431535348788,-0.3517263984278607
0.22126386000101475,-0.1543925687966312
0.22130340464854162,0.021113871304326626
0.2213429492960685,0.050897214125380064
0.22138249394359533,0.05854812210183491
0.2214220385911222,0.09241902903081867
0.22146158323864906,0.2120253730160746
0.2215011278861759,0.33181016882443837
0.22154067253370277,0.4437469691727891
0.22158021718122964,0.40898264311949983
0.2216197618287565,0.3682597051690015
0.22165930647628337,0.3801093479203823
0.22169885112381021,0.3919642865200239
0.22173839577133708,0.4262265305896369
0.22177794041886395,0.4762857560570959
0.2218174850663908,0.5649856474252921
0.22185702971391766,0.6545332371911807
0.22189657436144453,0.7441938655106108
0.2219361190089714,0.7452967182879648
0.22197566365649826,0.6867066658189391
0.2220152083040251,0.5899115827935075
0.22205475295155197,0.5350146617559117
0.22209429759907884,0.5336245966939228
0.22213384224660568,0.5355901927432529
0.22217338689413255,0.5363949677266264
0.22221293154165941,0.5307274555334338
0.22225247618918628,0.5182996448510453
0.22229202083671315,0.45048374194140584
0.22233156548424,0.20510253116189991
0.22237111013176686,-0.013567540694747304
0.22241065477929373,-0.05119280279713889
0.22245019942682057,-0.08201472992365355
0.22248974407434743,-0.1268798543865386
0.2225292887218743,-0.2304278072785082
0.22256883336940117,-0.3432269934211791
0.22260837801692804,-0.4965592207438667
0.22264792266445488,-0.819345638870725
0.22268746731198175,-1.5805033988663437
0.22272701195950861,-1.5805187360132207
0.22276655660703545,-1.6015201233840282
0.22280610125456232,-1.6264514327604958
0.2228456459020892,-1.6517622945570758
0.22288519054961606,-1.6526853533396269
0.22292473519714293,-1.6403902932473504
0.22296427984466977,-1.6307212319250053
0.22300382449219663,-1.620875661296742
0.2230433691397235,-1.6112884399682033
0.22308291378725034,-1.6020142153683237
0.2231224584347772,-1.592779901197685
0.22316200308230408,-1.6018029354684136
0.22320154772983095,-1.6312452865992735
0.2232410923773578,-1.6959972933662626
0.22328063702488465,-1.7666908670980437
0.22332018167241152,-1.837324461532312
0.2233597263199384,-1.9083344151979569
0.22339927096746523,-1.9325075469061312
0.2234388156149921,-1.9382382776608065
0.22347836026251897,-1.337924392395653
0.22351790491004583,-1.298914941215917
0.2235574495575727,-1.2597184087277813
0.22359699420509954,-1.2204243071353988
0.2236365388526264,-1.178395801117579
0.22367608350015328,-1.060285289368415
0.22371562814768012,-0.9000878494876465
0.22375517279520699,-0.81091572719055
0.22379471744273385,-0.7672655310358363
0.22383426209026072,-0.7215635816099737
0.2238738067377876,-0.6757872891000476
0.22391335138531443,-0.5868670883534275
0.2239528960328413,-0.3018794749662126
0.22399244068036817,-0.12998979727366722
0.224031985327895,-0.1508427237932919
0.22407152997542187,-0.1494425163283264
0.22411107462294874,-0.11221338468794606
0.2241506192704756,0.03872863919363656
0.22419016391800248,0.1804005033244671
0.22422970856552932,0.3221156953079789
0.22426925321305619,0.412979879926191
0.22430879786058305,0.49461148379901587
0.2243483425081099,0.5754937585831588
0.22438788715563676,0.6562532357243267
0.22442743180316363,0.5999380440986255
0.2244669764506905,0.6458643072291479
0.22450652109821737,0.6331789466251965
0.2245460657457442,0.6171080175329808
0.22458561039327107,0.6012825565269417
0.22462515504079794,0.5856915599198871
0.22466469968832478,0.49088944822961134
0.22470424433585165,0.6849155343758633
0.22474378898337852,0.6152527140788435
0.22478333363090539,0.6369461067683022
0.22482287827843225,0.6920885275091924
0.2248624229259591,0.7280728089992539
0.22490196757348596,0.6923231505481602
0.22494151222101283,0.6472979368699403
0.22498105686853967,0.5320087783433438
0.22502060151606654,0.5384536602899028
0.2250601461635934,0.5889111218521399
0.22509969081112027,0.6396439018469957
0.22513923545864714,0.6902192776264289
0.22517878010617398,0.732906783280558
0.22521832475370085,0.7304599241848173
0.22525786940122772,0.7022094930290952
0.22529741404875456,0.6276670406173643
0.22533695869628143,0.15188518116548488
0.2253765033438083,0.10404477291903369
0.22541604799133516,0.07725947958072377
0.22545559263886203,0.097065770242311
0.22549513728638887,0.11719326694694976
0.22553468193391574,0.12554550528216213
0.2255742265814426,0.13169424752163827
0.22561377122896945,0.13785020609885068
0.2256533158764963,0.14408742398691743
0.22569286052402318,0.15042973715013908
0.22573240517155005,0.15692731584384223
0.22577194981907692,0.1488688514090759
0.22581149446660376,0.08906759608839598
0.22585103911413063,0.03387121373772839
0.2258905837616575,0.0745338492394656
0.22593012840918433,0.23689562388955654
0.2259696730567112,0.45874044600811237
0.22600921770423807,0.5650613561722109
0.22604876235176494,0.15044537630420196
0.2260883069992918,0.18654616313356875
0.22612785164681865,0.22253030885536607
0.2261673962943455,0.41032360627756814
0.22620694094187238,0.6164313761681721
0.22624648558939922,0.7776510364554032
0.2262860302369261,0.8179200600281127
0.22632557488445296,0.690178171483494
0.22636511953197982,0.7618194487512784
0.2264046641795067,0.7833847466434989
0.22644420882703353,0.8046513985226649
0.2264837534745604,0.833086960665848
0.22652329812208727,0.7695783233558537
0.2265628427696141,0.89874767880741
0.22660238741714098,1.027552242539346
0.22664193206466784,1.137653799914962
0.2266814767121947,1.2460228954023238
0.22672102135972158,1.3545536465254093
0.22676056600724842,1.448506397742837
0.2268001106547753,1.5190290058060425
0.22683965530230216,1.5241950505926134
0.226879199949829,1.5128971534664517
0.22691874459735586,1.5777039129095063
0.22695828924488273,1.6426419047101892
0.2269978338924096,1.707556498288127
0.22703737853993647,1.7727305282174575
0.2270769231874633,1.7504634058675772
0.22711646783499018,1.9032001217068846
0.22715601248251704,1.745640168449627
0.22719555713004388,1.7272171995946186
0.22723510177757075,1.7090119276459648
0.22727464642509762,1.690998282309982
0.2273141910726245,1.6748648117015983
0.22735373572015136,1.7080507235278035
0.2273932803676782,1.8068400810344007
0.22743282501520506,1.905976520859404
0.22747236966273193,2.005436595077733
0.22751191431025877,2.0650987652841213
0.22755145895778564,2.1145613368522147
0.2275910036053125,2.143783258330706
0.22763054825283938,2.214551097709057
0.22767009290036624,2.342638798866039
0.22770963754789308,2.367866510196749
0.22774918219541995,2.2923146944744888
0.22778872684294682,2.217061722060774
0.22782827149047366,2.136639647587105
0.22786781613800053,1.416323545069225
0.2279073607855274,0.7433285775629068
0.22794690543305426,0.7795606723826762
0.22798645008058113,0.9455162573959415
0.22802599472810797,1.1284065405740118
0.22806553937563484,1.1847717416499037
0.2281050840231617,1.1659107059324145
0.22814462867068855,1.1466903378101372
0.22818417331821542,0.5614395040618088
0.22822371796574228,0.5328127825186986
0.22826326261326915,0.5042202267608498
0.22830280726079602,0.47568323840424487
0.22834235190832286,0.4472009555341696
0.22838189655584973,0.45603878407983034
0.2284214412033766,0.4668863095843059
0.22846098585090344,0.4778104051259833
0.2285005304984303,0.48881081271201543
0.22854007514595717,0.49956529403931293
0.22857961979348404,0.5059100912623271
0.2286191644410109,0.5124059109587629
0.22865870908853775,0.8572046979023926
0.22869825373606462,0.9346705623573581
0.22873779838359148,0.9692799678529882
0.22877734303111832,0.9134998636047786
0.2288168876786452,0.84941157996276
0.22885643232617206,0.7896089915815372
0.22889597697369893,0.716255399722459
0.2289355216212258,0.6934796428980228
0.22897506626875264,0.6707885355891139
0.2290146109162795,0.6480366552315071
0.22905415556380637,0.7531873492875807
0.2290937002113332,0.8867813574137675
0.22913324485886008,0.8637238307118116
0.22917278950638695,0.7957611185231883
0.22921233415391382,0.7450120223715615
0.22925187880144068,0.7490202581312917
0.22929142344896752,0.8018877342222024
0.2293309680964944,0.854421291806843
0.22937051274402126,0.821667574041109
0.2294100573915481,0.721847849916256
0.22944960203907497,0.6163477635588732
0.22948914668660184,0.5661998763344429
0.2295286913341287,0.5491361776085042
0.22956823598165557,0.5321229983487887
0.2296077806291824,0.5141932753412859
0.22964732527670928,0.6600949295360388
0.22968686992423615,0.6502469479163029
0.229726414571763,0.6346169720473478
0.22976595921928986,0.612750427219074
0.22980550386681672,0.5908796686161479
0.2298450485143436,0.5690138661030755
0.22988459316187046,0.5514527764758075
0.2299241378093973,0.5686567155636326
0.22996368245692417,0.5890282379288245
0.23000322710445104,0.6061817168526491
0.23004277175197788,0.6193142931991216
0.23008231639950474,0.6353660384412461
0.2301218610470316,0.658716285386971
0.23016140569455848,0.6827270098880089
0.23020095034208535,0.7071718647794767
0.2302404949896122,0.7319191831478791
0.23028003963713906,0.6129732064384075
0.23031958428466592,0.4816931677213021
0.23035912893219276,0.5227977683671847
0.23039867357971963,0.6221072649939035
0.2304382182272465,0.7217891106955223
0.23047776287477337,0.8217045975446338
0.23051730752230024,0.6584912733313977
0.23055685216982708,0.43479061813885433
0.23059639681735394,0.4210534260793968
0.2306359414648808,0.40780615985541546
0.23067548611240765,0.41037553039778585
0.23071503075993452,0.4233714594423308
0.2307545754074614,0.4329482754785503
0.23079412005498826,0.4427539749190026
0.23083366470251512,0.45270993893358336
0.23087320935004196,0.3864162894338601
0.23091275399756883,-0.019916617035971473
0.2309522986450957,-0.02217339085082326
0.23099184329262254,-0.028963849200914993
0.2310313879401494,-0.07836751780673357
0.23107093258767628,-0.1278945432130456
0.23111047723520314,-0.1767370849264922
0.23115002188273,-0.22468543217174064
0.23118956653025685,-0.24316213788982433
0.23122911117778372,-0.22852409629733295
0.2312686558253106,-0.21388414835645575
0.23130820047283743,-0.7954425300474601
0.2313477451203643,-0.743418374603205
0.23138728976789116,-0.7879307080959053
0.23142683441541803,-0.8393791896721918
0.2314663790629449,-0.795052851236294
0.23150592371047174,-0.7194704800753642
0.2315454683579986,-0.658109426687584
0.23158501300552548,-0.9717446488927028
0.23162455765305232,-1.0291294734158885
0.23166410230057918,-1.0865982898507895
0.23170364694810605,-1.0786061288349176
0.23174319159563292,-1.0949518424600013
0.2317827362431598,-1.1192048533223016
0.23182228089068663,-1.1434641787598006
0.2318618255382135,-1.120447698284778
0.23190137018574036,-1.1069667521170174
0.2319409148332672,-1.0934795949742715
0.23198045948079407,-1.082166759470153
0.23202000412832094,-1.1242173687258559
0.2320595487758478,-1.1144313600731666
0.23209909342337467,-1.0943793827466486
0.23213863807090152,-1.0684343349893375
0.23217818271842838,-1.0311685483790303
0.23221772736595525,-0.9938658364977897
0.2322572720134821,-0.938099764256966
0.23229681666100896,-0.8223757110322749
0.23233636130853583,-0.7392511438140295
0.2323759059560627,-0.661836616269404
0.23241545060358956,-0.6824260377687166
0.2324549952511164,-0.7137702224024172
0.23249453989864327,-0.7341252959286555
0.23253408454617014,-0.6765772953017222
0.23257362919369698,-0.6151550595364204
0.23261317384122385,-0.49154776829615887
0.23265271848875071,-0.39365316824777086
0.23269226313627758,-0.24382875553802474
0.23273180778380445,-0.0686403513051852
0.2327713524313313,-0.014233433343854074
0.23281089707885816,0.03363537313445519
0.23285044172638503,0.0815767714702802
0.23288998637391187,0.12437616276248287
0.23292953102143873,0.18635321345850686
0.2329690756689656,0.24833849575134437
0.23300862031649247,0.3103638790372347
0.23304816496401934,0.3724298782363107
0.23308770961154618,0.26674810026470386
0.23312725425907305,0.49421405582836764
0.23316679890659991,0.47938020357041733
0.23320634355412675,0.4646429616699832
0.23324588820165362,0.4500011734537832
0.2332854328491805,0.4243965307703057
0.23332497749670736,0.35399286931515794
0.23336452214423423,0.7154187056613202
0.23340406679176107,0.022726912564223323
0.23344361143928793,-0.045663687817293575
0.2334831560868148,-0.1139608670031822
0.23352270073434164,-0.18205799495895914
0.2335622453818685,-0.250069245261777
0.23360179002939538,-0.3180057626729216
0.23364133467692225,-0.3858580003039549
0.23368087932444911,-0.4205255665116927
0.23372042397197595,-0.45333238319199776
0.23375996861950282,-0.485935138670623
0.2337995132670297,-0.5183185412122451
0.23383905791455653,-0.5505018140316666
0.2338786025620834,-0.5561062934787757
0.23391814720961027,-0.546258340318786
0.23395769185713713,-0.536658548768961
0.233997236504664,-0.5717312141909661
0.23403678115219084,-0.615239937700675
0.2340763257997177,-0.6586454521742471
0.23411587044724458,-0.7129054511952677
0.23415541509477142,-0.6545127942449189
0.2341949597422983,-0.6844502102886936
0.23423450438982515,-0.7344655999190346
0.23427404903735202,-0.8160292066607131
0.2343135936848789,-0.875156086938889
0.23435313833240573,-0.9341789467412602
0.2343926829799326,-1.0056913219749457
0.23443222762745947,-1.0904896053816115
0.2344717722749863,-1.1752306514171398
0.23451131692251317,-1.2457812006746012
0.23455086157004004,-1.2722185768328946
0.2345904062175669,-1.3159424205028005
0.23462995086509378,-1.3046322984922492
0.23466949551262062,-1.2707905799401125
0.2347090401601475,-1.2842507955835785
0.23474858480767435,-1.254044001812665
0.2347881294552012,-1.1944122898270693
0.23482767410272806,-1.1677258037989764
0.23486721875025493,-1.202278493698454
0.2349067633977818,-1.214684121518032
0.23494630804530867,-1.173237196349554
0.2349858526928355,-1.1319895324810834
0.23502539734036237,-1.1033671148556672
0.23506494198788924,-1.087292156532784
0.23510448663541608,-1.0715828051993506
0.23514403128294295,-1.0166907604305306
0.23518357593046982,-0.9431937010380436
0.23522312057799669,-0.869890334046644
0.23526266522552355,-0.7966140717242816
0.2353022098730504,-0.7850806067124196
0.23534175452057726,-0.7786837393938191
0.23538129916810413,-0.7732257447603679
0.23542084381563097,-0.7715171588330954
0.23546038846315784,-0.7251714137741438
0.2354999331106847,-0.6792718031259684
0.23553947775821157,-0.6333922516294497
0.23557902240573844,-0.6219784889327609
0.23561856705326528,-0.5088926137470529
0.23565811170079215,-0.3718786018883675
0.23569765634831902,-0.3132188000996776
0.23573720099584586,-0.3595613879695827
0.23577674564337273,-0.46213884649992965
0.2358162902908996,-0.5648017531726688
0.23585583493842646,-0.5752778829805818
0.23589537958595333,-0.5754548412423839
0.23593492423348017,-0.5753447901911031
0.23597446888100704,-0.1921836251969844
0.2360140135285339,-0.16744587303891345
0.23605355817606075,-0.27982030215615783
0.23609310282358761,-0.39215550663081933
0.23613264747111448,-0.47823571178365265
0.23617219211864135,-0.5105696664362172
0.23621173676616822,-0.5230414565527886
0.23625128141369506,-0.4407136595706902
0.23629082606122193,-0.44542486776723855
0.2363303707087488,-0.47526395524528064
0.23636991535627563,-0.5049299545199855
0.2364094600038025,-0.534489853217758
0.23644900465132937,-0.563904341797123
0.23648854929885624,-0.5825605294846383
0.2365280939463831,-0.5589609153704118
0.23656763859390995,-0.5353131736192198
0.2366071832414368,-0.5115343686577312
0.23664672788896368,-0.4684869276361763
0.23668627253649052,-0.47079557032619634
0.2367258171840174,-0.5103811859638725
0.23676536183154426,-0.5499966071638211
0.23680490647907113,-0.8702895285860262
0.236844451126598,-0.828315799896088
0.23688399577412483,-0.8327546866605982
0.2369235404216517,-0.856532514871565
0.23696308506917857,-0.8802177438587457
0.2370026297167054,-0.8931443576761877
0.23704217436423228,-0.8601340102919122
0.23708171901175915,-0.8271287916731382
0.237121263659286,-0.7550883641500077
0.23716080830681288,-0.750841497449537
0.23720035295433972,-0.860633569802753
0.2372398976018666,-1.019933185902671
0.23727944224939346,-1.0881792619868924
0.2373189868969203,-1.117823802913703
0.23735853154444717,-1.1018600290478227
0.23739807619197403,-1.1037284618248147
0.2374376208395009,-1.1296186663955106
0.23747716548702777,-1.1554309010229504
0.2375167101345546,-1.1800159956535023
0.23755625478208148,-1.201623002187508
0.23759579942960835,-1.2226053920181834
0.23763534407713519,-1.2435128306073446
0.23767488872466205,-1.2597125940185405
0.23771443337218892,-1.2706357358867746
0.2377539780197158,-1.2850225221666514
0.23779352266724266,-1.2926099966926698
0.2378330673147695,-1.3003339294990983
0.23787261196229637,-1.3081282654868418
0.23791215660982323,-1.316079743018566
0.23795170125735007,-1.295949165992881
0.23799124590487694,-1.197009480085264
0.2380307905524038,-1.115637030737159
0.23807033519993068,-1.1116140732783881
0.23810987984745755,-1.147538395645277
0.23814942449498439,-1.141037261717675
0.23818896914251125,-1.134654381851543
0.23822851379003812,-1.128355272586874
0.23826805843756496,-0.8276263908519033
0.23830760308509183,-0.8100912240562073
0.2383471477326187,-0.7925975298511836
0.23838669238014557,-0.7752709585284712
0.23842623702767243,-0.8072194605700571
0.23846578167519927,-0.8413642781659809
0.23850532632272614,-0.852249203831017
0.238544870970253,-0.8014090881540543
0.23858441561777985,-0.722753168399803
0.23862396026530672,-0.6440205699639177
0.23866350491283359,-0.5655486640071268
0.23870304956036045,-0.6260980149022037
0.23874259420788732,-0.6937574329268217
0.23878213885541416,-0.7436862252118601
0.23882168350294103,-0.7305270239107573
0.2388612281504679,-0.6988247832900178
0.23890077279799474,-0.667176134495711
0.2389403174455216,-0.6648449032391142
0.23897986209304847,-0.683706248506625
0.23901940674057534,-0.7019449934925439
0.2390589513881022,-0.7201907521558422
0.23909849603562905,-0.7383447802487701
0.23913804068315592,-1.587102580124573
0.23917758533068278,-1.5337295294845847
0.23921712997820962,-1.4943772167991698
0.2392566746257365,-1.4935214641167547
0.23929621927326336,-1.4912671506558755
0.23933576392079023,-1.4890032273556906
0.2393753085683171,-1.4862200536167185
0.23941485321584394,-1.4900478282208254
0.2394543978633708,-1.5117750788550883
0.23949394251089767,-1.5333431699814968
0.2395334871584245,-1.170963580510465
0.23957303180595138,-1.1540605678635258
0.23961257645347825,-1.1371813956532266
0.23965212110100512,-1.120437977512673
0.23969166574853198,-1.1037444174848874
0.23973121039605882,-1.0869963005148904
0.2397707550435857,-1.070146675964196
0.23981029969111256,-1.0532807150909216
0.2398498443386394,-0.958731498242233
0.23988938898616627,-0.9274551182495072
0.23992893363369314,-0.8962479651760762
0.23996847828122,-0.8774057024648947
0.24000802292874687,-0.8469943575130361
0.2400475675762737,-0.8167877652950066
0.24008711222380058,-0.7869406056325943
0.24012665687132745,-0.7584250064020037
0.2401662015188543,-0.8207720710081352
0.24020574616638116,-0.8823752320866514
0.24024529081390802,-0.8878204499108775
0.2402848354614349,-0.8387242225531821
0.24032438010896176,-0.7895903158413553
0.2403639247564886,-0.7404225079373621
0.24040346940401547,-0.7330932654160929
0.24044301405154234,-0.742273345937781
0.24048255869906918,-0.7503677417385033
0.24052210334659604,-0.7183784250379288
0.2405616479941229,-0.6868817325375391
0.24060119264164978,-0.6555813510521595
0.24064073728917665,-0.611676011313409
0.2406802819367035,-0.5580518237381367
0.24071982658423036,-0.5000669758623646
0.24075937123175722,-0.39490244678659847
0.24079891587928406,-0.3398037343975462
0.24083846052681093,-0.28486767944827696
0.2408780051743378,-0.24274595831832046
0.24091754982186467,-0.21956822501731788
0.24095709446939154,-0.19662655038815036
0.24099663911691838,-0.17392353777999148
0.24103618376444524,-0.1459735585506703
0.2410757284119721,-0.106839987082326
0.24111527305949895,-0.06356264144784785
0.24115481770702582,-0.019955817044136737
0.2411943623545527,0.014980905397449451
0.24123390700207956,0.049734820206956076
0.24127345164960642,0.0843040734642746
0.24131299629713326,0.09837001303499315
0.24135254094466013,0.09530836653067709
0.241392085592187,0.22068737709385777
0.24143163023971384,0.345912788324946
0.2414711748872407,0.34927841301481743
0.24151071953476758,0.1538463315981149
0.24155026418229444,0.17023979284093338
0.2415898088298213,0.22436159927457666
0.24162935347734815,0.27833120167547154
0.24166889812487502,0.33214733021514764
0.2417084427724019,0.38590185200327287
0.24174798741992873,0.4241095252796847
0.2417875320674556,0.43914737415090244
0.24182707671498246,0.01123660153127437
0.24186662136250933,0.03495753705451765
0.2419061660100362,0.058688186527301234
0.24194571065756304,0.08245068969027658
0.2419852553050899,0.1062545604131504
0.24202479995261678,0.1301098171428774
0.24206434460014362,0.24402118630517133
0.24210388924767048,0.20300212876592605
0.24214343389519735,0.1624344602833272
0.24218297854272422,0.17898306804017095
0.2422225231902511,0.158899156561922
0.24226206783777793,0.13889815081760348
0.2423016124853048,0.11897516071523251
0.24234115713283166,0.10235520025944167
0.2423807017803585,0.09207796329954876
0.24242024642788537,0.061782074871330916
0.24245979107541224,0.03259764460674752
0.2424993357229391,-0.02913786550567199
0.24253888037046598,-0.14363871196839995
0.24257842501799282,-0.23135791146506035
0.24261796966551968,-0.2636750229985676
0.24265751431304655,-0.22907918543135342
0.2426970589605734,-0.19457353933713772
0.24273660360810026,-0.16000016631135994
0.24277614825562713,-0.1400278706994449
0.242815692903154,-0.17033152605304602
0.24285523755068086,-0.20779585829454783
0.2428947821982077,-0.11797601208677433
0.24293432684573457,0.050470733970619186
0.24297387149326144,0.046689982224809246
0.24301341614078828,-0.0032919846007368747
0.24305296078831515,-0.09813143062927487
0.24309250543584202,-0.14549886833640802
0.24313205008336888,-0.11341110280593014
0.24317159473089575,-0.0812455223767028
0.2432111393784226,-0.048347676554650665
0.24325068402594946,-0.02770327842473641
0.24329022867347633,-0.05738609172242848
0.24332977332100317,0.026995898680723496
0.24336931796853004,0.1112266614091526
0.2434088626160569,0.11733765119362172
0.24344840726358377,0.10588899310128852
0.24348795191111064,0.09428862065417798
0.24352749655863748,0.08266042856491662
0.24356704120616435,0.0666625757316841
0.24360658585369122,0.0781918116486322
0.24364613050121806,0.09576145655029933
0.24368567514874492,0.1104079190347278
0.2437252197962718,0.06491943823961188
0.24376476444379866,0.03311012503204713
0.24380430909132553,0.02404627292937489
0.24384385373885237,0.1041641037464629
0.24388339838637924,0.1841791049277024
0.2439229430339061,0.2639200867632763
0.24396248768143294,0.3044800372652472
0.2440020323289598,0.3427427470342752
0.24404157697648668,0.30367052386927984
0.24408112162401355,0.29243266600027695
0.24412066627154042,0.2504355600881283
0.24416021091906726,0.16595258897988785
0.24419975556659412,0.0814362956396546
0.244239300214121,0.15242608802541735
0.24427884486164783,0.22896325638495796
0.2443183895091747,0.3054226562572868
0.24435793415670157,0.38182343114473616
0.24439747880422844,0.4552764735599024
0.2444370234517553,0.4049224347389653
0.24447656809928214,0.3308997622526273
0.244516112746809,0.27390675022203803
0.24455565739433588,0.36852682628551836
0.24459520204186272,0.4743206567494953
0.2446347466893896,0.9230361795731046
0.24467429133691646,0.9017577740971316
0.24471383598444332,0.8814528340077974
0.2447533806319702,0.8612777525656048
0.24479292527949703,0.8411131228079163
0.2448324699270239,0.8066184560527265
0.24487201457455077,0.7684915439471918
0.2449115592220776,0.7304187080562041
0.24495110386960448,0.6923886393671204
0.24499064851713134,0.6543459588505911
0.2450301931646582,0.6972551641028915
0.24506973781218508,-0.03970247729075904
0.24510928245971192,0.08609337167163433
0.2451488271072388,0.19396763809445705
0.24518837175476565,0.22504919001016255
0.2452279164022925,0.25616899151798833
0.24526746104981936,0.28732632412319115
0.24530700569734623,0.3185447108577293
0.2453465503448731,0.3466654014056396
0.24538609499239997,0.37403692126052723
0.2454256396399268,0.38263245520658673
0.24546518428745367,0.3685229250081967
0.24550472893498054,0.3545562030903806
0.24554427358250738,0.34073002698486343
0.24558381823003425,0.3270309246008778
0.24562336287756112,0.3134528038395117
0.245662907525088,0.29985173852124714
0.24570245217261485,0.28604303096708694
0.2457419968201417,0.28469685191545
0.24578154146766856,0.28486242070707135
0.24582108611519543,0.2758772709357644
0.24586063076272227,0.24123203768007784
0.24590017541024914,0.2065769331578271
0.245939720057776,0.17168221746511536
0.24597926470530287,0.14243934275192105
0.24601880935282974,1.0645061852276458
0.24605835400035658,1.1422324087863038
0.24609789864788345,1.119422354731629
0.24613744329541032,1.0908204041462293
0.24617698794293716,1.0622554920946579
0.24621653259046403,1.0337267841021998
0.2462560772379909,1.0052221766431089
0.24629562188551776,0.9768786333493273
0.24633516653304463,0.9460743662066915
0.24637471118057147,0.9072494656139445
0.24641425582809834,0.87445590747731
0.2464538004756252,0.8429008441084402
0.24649334512315205,1.137636588137927
0.24653288977067891,1.300074857285407
0.24657243441820578,1.263105037017339
0.24661197906573265,1.171534255844635
0.24665152371325952,1.0798927715479332
0.24669106836078636,1.0922144898301611
0.24673061300831323,1.132654291727098
0.2467701576558401,1.1734907372256305
0.24680970230336693,1.4159346230491514
0.2468492469508938,1.4594801144052005
0.24688879159842067,1.5027673289901893
0.24692833624594754,1.2650008018921874
0.2469678808934744,1.1759080336503462
0.24700742554100125,1.1996872279600477
0.24704697018852811,1.2234464450078373
0.24708651483605498,1.2489544664524836
0.24712605948358182,1.2890149871350651
0.2471656041311087,1.329073640539185
0.24720514877863556,1.3657381181665298
0.24724469342616243,1.3756674294257851
0.2472842380736893,1.387625097930271
0.24732378272121613,1.4083265698756984
0.247363327368743,1.4251136211795998
0.24740287201626987,1.383366146423071
0.2474424166637967,1.355940233989387
0.24748196131132358,1.3284948937538075
0.24752150595885045,1.3075371433464853
0.24756105060637731,1.3189920163194162
0.24760059525390418,1.3224523093102158
0.24764013990143102,1.308407300016324
0.2476796845489579,1.3012942804217702
0.24771922919648476,1.3507663495830031
0.2477587738440116,1.4263330104371024
0.24779831849153847,1.4989146265543463
0.24783786313906533,1.415646803125905
0.2478774077865922,1.2717774163735713
0.24791695243411907,1.1279719899234504
0.2479564970816459,1.1404425915813698
0.24799604172917278,1.1660267235415822
0.24803558637669965,1.1925506471136504
0.2480751310242265,1.2339363536345473
0.24811467567175335,1.2754364890627592
0.24815422031928022,1.0533316835008888
0.2481937649668071,0.7434149219636592
0.24823330961433396,0.7699008721056604
0.2482728542618608,0.796356057373738
0.24831239890938767,0.8227855280936662
0.24835194355691453,0.8712342269792233
0.24839148820444137,0.9364479847053837
0.24843103285196824,1.001142490850032
0.2484705774994951,0.9842168784320768
0.24851012214702198,0.9404300095347371
0.24854966679454885,0.8966487141694186
0.24858921144207569,0.8528860778147647
0.24862875608960255,0.7030028931156109
0.24866830073712942,0.5721617425449685
0.24870784538465626,0.5720805707289309
0.24874739003218313,0.6563297277479072
0.24878693467971,0.6217890257942931
0.24882647932723687,0.5871155974157523
0.24886602397476373,0.5500129108708443
0.24890556862229057,0.4586438800009609
0.24894511326981744,0.3674153072506763
0.2489846579173443,0.3075711382230497
0.24902420256487115,0.27435781094648437
0.24906374721239802,0.210898633650332
0.24910329185992489,0.1355299898640192
0.24914283650745175,0.07300027409719245
0.24918238115497862,0.07669636705399441
0.24922192580250546,0.08064775246850031
0.24926147045003233,0.08481053937853567
0.2493010150975592,0.08913425716957946
0.24934055974508604,0.08282807804058478
0.2493801043926129,0.04573683497480152
0.24941964904013977,0.028275000268571215
0.24945919368766664,0.010770301251659564
0.2494987383351935,-0.006664237098771508
0.24953828298272035,-0.024064449165105195
0.24957782763024722,-0.006479743018641404
0.24961737227777409,0.004427380957196192
0.24965691692530093,0.01524042466018427
0.2496964615728278,0.02607628890241287
0.24973600622035466,0.035950520011486464
0.24977555086788153,-0.0038911479626815293
0.2498150955154084,-0.06394795774938
0.24985464016293524,-0.12403878659288425
0.2498941848104621,-0.18850415234872342
0.24993372945798897,-0.2547562836099959
0.2499732741055158,-0.0916701941395055
0.25001281875304265,0.0829836147461589
0.2500523634005695,0.06691552209720308
0.2500919080480964,0.06477388583637511
0.25013145269562326,0.06258957947203392
0.2501709973431501,0.06030050171499157
0.250210541990677,0.12333681177828737
0.25025008663820386,0.19992759152118378
0.2502896312857307,0.2465357408331501
0.25032917593325754,0.18843872101200132
0.2503687205807844,0.12568411682756375
0.2504082652283113,0.10298831872022696
0.25044780987583815,0.10679999807431795
0.250487354523365,0.10720798125252218
0.2505268991708919,0.06488293583628124
0.25056644381841875,0.05985825733934025
0.25060598846594556,0.07170935880363238
0.25064553311347243,0.08361500650065823
0.2506850777609993,0.11284248635042005
0.25072462240852617,0.09619906697945568
0.25076416705605303,0.051683594015969
0.2508037117035799,0.007268517326563195
0.25084325635110677,-0.03710200010644016
0.25088280099863364,-0.04799130525935169
0.25092234564616045,0.0005880823825337167
0.2509618902936873,0.04434387990020916
0.2510014349412142,0.022552147574629533
0.25104097958874105,-0.056392387188611615
0.2510805242362679,-0.16140446686431842
0.2511200688837948,-0.266044235744304
0.25115961353132166,-0.2981363780844952
0.2511991581788485,-0.3295367797319453
0.25123870282637534,-0.36107497608121664
0.2512782474739022,-0.3856506098110404
0.2513177921214291,-0.4105215617480087
0.25135733676895594,-0.4487050750925379
0.2513968814164828,-0.48683574771320126
0.2514364260640097,-0.524912091603825
0.25147597071153655,-1.3287950566355455
0.2515155153590634,-1.2907291946828368
0.2515550600065902,-1.2525742075788897
0.2515946046541171,-1.2143299743185616
0.25163414930164396,-1.210744186161758
0.25167369394917083,-1.2112153716604497
0.2517132385966977,-1.2110679649557596
0.25175278324422456,-1.2109455193827396
0.25179232789175143,-1.2107939181552205
0.2518318725392783,-1.2106902444693821
0.2518714171868051,-1.2106506804414643
0.251910961834332,-1.2106994883569873
0.25195050648185885,-1.2108559240377943
0.2519900511293857,-1.2171356654100007
0.2520295957769126,-1.2277985525809143
0.25206914042443945,-1.2386679798249478
0.2521086850719663,-1.2397775505305653
0.2521482297194932,-1.233447821569365
0.25218777436702,-1.2362502448486228
0.25222731901454687,-1.2731091659722278
0.25226686366207374,-1.309927774349728
0.2523064083096006,-1.3464718635682087
0.2523459529571275,-0.6348426123645097
0.25238549760465434,-0.620196011555119
0.2524250422521812,-0.6118176045686337
0.2524645868997081,-0.5890947130216708
0.2525041315472349,-0.4872597913032677
0.25254367619476176,-0.3855883304374257
0.2525832208422886,-0.3506586818577411
0.2526227654898155,-0.35335130830773576
0.25266231013734236,-0.34616456732360623
0.25270185478486923,-0.3597156389462186
0.2527413994323961,-0.3899101838016481
0.25278094407992296,-0.39584764543601914
0.2528204887274498,-0.40183705270714887
0.25286003337497664,-0.37987631948052636
0.2528995780225035,-0.3145189480498711
0.2529391226700304,-0.24410085121244718
0.25297866731755725,-0.1736355269683001
0.2530182119650841,-0.10310167187949082
0.253057756612611,-0.07581976086337239
0.25309730126013785,-0.08368290208429396
0.25313684590766466,-0.0920965390493027
0.25317639055519153,-0.09948516261271712
0.2532159352027184,-0.12720358704997325
0.25325547985024527,-0.15508160459460862
0.25329502449777214,-0.10861879147840225
0.253334569145299,-0.05185504159976562
0.2533741137928259,0.005008289272737443
0.25341365844035274,0.061972466187007136
0.25345320308787955,0.11112840091101983
0.2534927477354064,0.14801826121889228
0.2535322923829333,0.22295521770271742
0.25357183703046016,0.29795158524210574
0.253611381677987,0.35502234263444654
0.2536509263255139,0.22356659997989903
0.25369047097304076,0.09213469355289572
0.25373001562056763,0.04628360458662861
0.25376956026809444,0.04343475103370542
0.2538091049156213,0.06381037819718749
0.2538486495631482,0.08429061861715414
0.25388819421067504,0.12223352022528378
0.2539277388582019,0.19245717025440978
0.2539672835057288,0.26279793948351227
0.25400682815325565,0.284273369169298
0.2540463728007825,0.2628710865944801
0.25408591744830933,0.13000032800694195
0.2541254620958362,0.06275255770883703
0.25416500674336306,0.08847373562161343
0.25420455139088993,0.169113006612033
0.2542440960384168,0.24988184907117672
0.25428364068594367,0.3295974534591397
0.25432318533347054,0.4090747554362637
0.2543627299809974,0.4886484418596866
0.2544022746285242,0.5373410892048329
0.2544418192760511,0.49340649525397984
0.25448136392357795,0.44951881408820027
0.2545209085711048,0.378256525276937
0.2545604532186317,0.33561672878710347
0.25459999786615856,0.29382795122422545
0.2546395425136854,0.2552298691838599
0.2546790871612123,0.30427900966137456
0.2547186318087391,0.3533026819881915
0.254758176456266,0.3862952052008706
0.25479772110379284,0.3297391604297015
0.2548372657513197,0.273182458180969
0.2548768103988466,0.24788120258228075
0.25491635504637344,0.29015801284056897
0.2549558996939003,0.3116842335160679
0.2549954443414272,0.3331109452766623
0.255034988988954,0.35438273313685453
0.25507453363648086,0.40266591890129
0.25511407828400773,0.4931595610930266
0.2551536229315346,0.5835862439081447
0.25519316757906146,0.6740849874911325
0.25523271222658833,0.7337015948898591
0.2552722568741152,0.5187343392730983
0.25531180152164207,0.49030205958208617
0.2553513461691689,0.4619820510793051
0.25539089081669575,0.43301767325048957
0.2554304354642226,0.403953340206483
0.2554699801117495,0.37488006969217036
0.25550952475927635,0.4279160878845891
0.2555490694068032,0.48469142896454454
0.2555886140543301,0.5328756902403229
0.25562815870185696,0.5609371987382805
0.25566770334938377,0.6052237649260448
0.25570724799691064,0.6584051886776274
0.2557467926444375,0.7047168931701893
0.25578633729196437,0.7062882732072531
0.25582588193949124,0.7080168852961033
0.2558654265870181,0.7399321561804766
0.255904971234545,0.8144021553054386
0.25594451588207184,0.8888180819923064
0.25598406052959866,0.8588857053694317
0.2560236051771255,0.804143913592934
0.2560631498246524,0.8283597748100555
0.25610269447217926,0.8526893823649018
0.2561422391197061,0.8771203598030217
0.256181783767233,0.9046395487336665
0.25622132841475986,0.9570569576688048
0.25626087306228673,0.9995897516586041
0.25630041770981354,1.0085983221000658
0.2563399623573404,0.96017349168504
0.2563795070048673,0.9721145203218788
0.25641905165239415,0.9952503338542065
0.256458596299921,1.0183610714553026
0.2564981409474479,1.0418939402642846
0.25653768559497475,1.0655275001317648
0.2565772302425016,1.0668182202156369
0.25661677489002843,1.0168932435902622
0.2566563195375553,0.9301506552623007
0.25669586418508217,0.8582315172779684
0.25673540883260904,0.8048805956189842
0.2567749534801359,0.7516876996621731
0.25681449812766277,0.7589238115219392
0.25685404277518964,0.7945385444300923
0.2568935874227165,0.8292291631130015
0.2569331320702433,0.8701555735665583
0.2569726767177702,0.9030192638593242
0.25701222136529706,0.9248991699598061
0.2570517660128239,0.9485544869014775
0.2570913106603508,0.972255914915606
0.25713085530787766,0.9868960122587667
0.2571703999554045,0.9656055350721964
0.2572099446029314,0.9295955260701496
0.2572494892504582,0.9134400561037808
0.2572890338979851,0.9318491979640471
0.25732857854551194,0.9503525828929162
0.2573681231930388,1.0200399530340714
0.2574076678405657,1.0937204465936876
0.25744721248809255,1.1199150387594452
0.2574867571356194,1.0871906632891801
0.2575263017831463,1.016615442906902
0.2575658464306731,0.9460079000168773
0.25760539107819996,0.8774429723451358
0.25764493572572683,0.8703900550200756
0.2576844803732537,0.8690823590178747
0.25772402502078057,0.8676869834808678
0.25776356966830744,0.8727620437799821
0.2578031143158343,0.8915002362248363
0.25784265896336117,0.9101599168119305
0.257882203610888,0.9290917541761585
0.25792174825841485,0.9482353728939237
0.2579612929059417,0.9393752136155684
0.2580008375534686,0.8839881296117431
0.25804038220099546,0.8281152100400511
0.2580799268485223,0.8006277025426822
0.2581194714960492,0.7936544405632517
0.25815901614357606,0.7864999145767269
0.25819856079110287,0.2606472330225804
0.25823810543862974,0.2803665832048319
0.2582776500861566,0.2641613045665725
0.2583171947336835,0.24589033634385116
0.25835673938121034,0.22754294745150405
0.2583962840287372,0.20911756416276228
0.2584358286762641,0.1906126110650641
0.25847537332379095,0.17217322307143856
0.25851491797131776,0.15377290376563524
0.2585544626188446,0.16611872348262047
0.2585940072663715,0.1863023077967192
0.25863355191389836,0.20632255146963052
0.25867309656142523,0.2262086373871508
0.2587126412089521,0.24465808495034924
0.25875218585647897,0.2628726603697955
0.25879173050400583,0.28112682382648657
0.25883127515153265,0.2994319799098508
0.2588708197990595,0.3177882429728842
0.2589103644465864,0.3374480934931161
0.25894990909411325,0.23285913939557945
0.2589894537416401,0.09729002332316083
0.259028998389167,-0.03825629725354007
0.25906854303669385,0.8945128546590069
0.2591080876842207,0.9058093487850698
0.25914763233174753,0.9170212683098198
0.2591871769792744,0.9284612334466793
0.25922672162680127,0.9399736156998229
0.25926626627432814,0.9519472952762147
0.259305810921855,0.9285667421795765
0.2593453555693819,0.9042009910784863
0.25938490021690874,0.8736232345969737
0.2594244448644356,0.836477293407893
0.2594639895119624,0.8126938411764866
0.2595035341594893,0.7888325341622648
0.25954307880701616,0.764893869307719
0.259582623454543,0.7774827270809874
0.2596221681020699,0.7846017835227368
0.25966171274959676,0.7802605054746481
0.25970125739712363,0.7758616623031793
0.2597408020446505,0.7473888763144174
0.2597803466921773,0.6639363225142367
0.2598198913397042,0.5588589074814845
0.25985943598723105,0.486383423348133
0.2598989806347579,0.4491865170593381
0.2599385252822848,0.41459327692630676
0.25997806992981165,0.3800178420334026
0.2600176145773385,0.345313705399763
0.2600571592248654,0.3104936534632672
0.2600967038723922,0.29331457205517575
0.26013624851991907,0.28551449613897706
0.26017579316744593,0.27793558733589974
0.2602153378149728,0.24875172879034402
0.26025488246249967,0.4096388887592548
0.26029442711002654,0.3527388581609503
0.2603339717575534,0.2996149919775992
0.2603735164050803,0.2752234706523602
0.2604130610526071,0.25081205348497804
0.26045260570013395,0.2551791911093999
0.2604921503476608,0.259907084722395
0.2605316949951877,0.2642806008674836
0.26057123964271456,0.26734943290337965
0.2606107842902414,0.2002853788244967
0.2606503289377683,0.12782085601258553
0.26068987358529516,0.05407801167924031
0.260729418232822,0.03277680238163416
0.26076896288034884,0.015565504210006242
0.2608085075278757,-0.001661451758323551
0.2608480521754026,-0.01871362053627257
0.26088759682292945,-0.04754294914756585
0.2609271414704563,-0.045448867745476296
0.2609666861179832,-0.043821666337002796
0.26100623076551005,-0.042221461577132136
0.26104577541303686,-0.040648986579138846
0.26108532006056373,-0.039074329150451614
0.2611248647080906,-0.03747203020894885
0.26116440935561747,-0.04544817668607326
0.26120395400314433,-0.13211175456428625
0.2612434986506712,-0.09504438990034059
0.26128304329819807,-0.12380106073975394
0.26132258794572494,-0.13015356296623937
0.26136213259325175,-0.13656767617731225
0.2614016772407786,-0.14304443846479264
0.2614412218883055,-0.14958488935060288
0.26148076653583235,-0.18325972687142933
0.2615203111833592,-0.2553640789757634
0.2615598558308861,-0.3770441128298607
0.26159940047841296,-0.4980653376633488
0.2616389451259398,-0.5749424844638527
0.26167848977346664,-0.5664255408085541
0.2617180344209935,-0.5433755517908385
0.2617575790685204,-0.5203871796427486
0.26179712371604724,-0.49746060042246487
0.2618366683635741,-0.4746693129061397
0.261876213011101,-0.3981495823854382
0.26191575765862785,-0.3178532685576094
0.2619553023061547,-0.23750497068901355
0.2619948469536815,-0.15709924873067616
0.2620343916012084,-0.14855807811866129
0.26207393624873526,-0.20273653122874258
0.26211348089626213,-0.25692688998395496
0.262153025543789,-0.31114703293685864
0.26219257019131587,-0.3652396060106229
0.26223211483884273,-0.4004877840367511
0.2622716594863696,-0.4415674005495549
0.2623112041338964,-0.48251487748896116
0.2623507487814233,-0.5233331747041028
0.26239029342895015,-0.8100837033223889
0.262429838076477,-0.881377912382419
0.2624693827240039,-0.9526672557937084
0.26250892737153075,-0.9215473853076834
0.2625484720190576,-0.8521106445934672
0.2625880166665845,-0.7826414249850147
0.2626275613141113,-0.7784240366359532
0.26266710596163817,-0.7732041707384187
0.26270665060916504,-0.7326636666047412
0.2627461952566919,-0.6921504069172042
0.2627857399042188,-0.6516010406850139
0.26282528455174564,-0.6109627886168387
0.2628648291992725,-0.5702667781581665
0.2629043738467994,-0.5484828997256503
0.2629439184943262,-0.5432214973072038
0.26298346314185306,-0.5379452317390028
0.2630230077893799,-0.5329529490654936
0.2630625524369068,-0.5282855211257527
0.26310209708443366,-0.5905604635617263
0.26314164173196053,-0.6692382384588487
0.2631811863794874,-0.7478754235792069
0.26322073102701427,-0.8264465679514812
0.2632602756745411,-0.7833091793450677
0.26329982032206795,-0.7270188593280089
0.2633393649695948,-0.6713021228213525
0.2633789096171217,-0.6155435006164027
0.26341845426464855,-0.6143876515791007
0.2634579989121754,-0.6720662948263891
0.2634975435597023,-0.7293417648231433
0.26353708820722915,-0.786451239929189
0.26357663285475597,-0.8715058396218831
0.26361617750228283,-0.9271583096513387
0.2636557221498097,-0.9687457820173226
0.26369526679733657,-1.0105191308404677
0.26373481144486344,-1.0092596547969181
0.2637743560923903,-0.9582593325591944
0.2638139007399172,-0.8741125360860282
0.26385344538744404,-0.7899966504050489
0.26389299003497085,-0.7675794525753408
0.2639325346824977,-0.8476283927474193
0.2639720793300246,-0.9275373455044456
0.26401162397755146,-1.007506867833058
0.2640511686250783,-1.087546332287796
0.2640907132726052,-1.1600210242939788
0.26413025792013206,-1.2206170035557857
0.26416980256765893,-1.2813023690762968
0.26420934721518574,-1.1268680553399264
0.2642488918627126,-0.9840096626424408
0.2642884365102395,-0.9643733548473254
0.26432798115776635,-0.9448624790193958
0.2643675258052932,-0.9494628950903494
0.2644070704528201,-0.9948388952970526
0.26444661510034695,-1.0312656274347294
0.2644861597478738,-1.0676985321021153
0.26452570439540063,-1.1041477351709341
0.2645652490429275,-1.0993629516044456
0.26460479369045437,-1.0360296740466453
0.26464433833798123,-0.9554047907457925
0.2646838829855081,-0.8747109969266904
0.26472342763303497,-0.8084691545345377
0.26476297228056184,-0.8238674687865819
0.2648025169280887,-0.8678347740919876
0.2648420615756155,-0.9159410726841113
0.2648816062231424,-0.9447965349670597
0.26492115087066925,-0.9737309566309804
0.2649606955181961,-0.9940065686663031
0.265000240165723,-0.9619491259264188
0.26503978481324986,-0.9299076222364624
0.2650793294607767,-0.8938612122977689
0.2651188741083036,-0.853323047784043
0.2651584187558304,-1.3503684293358171
0.2651979634033573,-1.2702955052173732
0.26523750805088414,-1.183884190094389
0.265277052698411,-1.0976130592121733
0.2653165973459379,-1.0269830522484837
0.26535614199346474,-1.0172107874061393
0.2653956866409916,-1.0074558992654783
0.2654352312885185,-0.9977180256261722
0.2654747759360453,-0.9879968043473579
0.26551432058357216,-1.009237822051995
0.26555386523109903,-1.112997669581905
0.2655934098786259,-1.2167741945074222
0.26563295452615276,-1.2868180370178859
0.26567249917367963,-1.2741894317439457
0.2657120438212065,-1.2615267550632443
0.26575158846873337,-1.224604439840669
0.2657911331162602,-1.1886581356398267
0.26583067776378705,-1.1529217030333396
0.2658702224113139,-1.1172438077107283
0.2659097670588408,-1.0815698870374328
0.26594931170636765,-1.0458520725416482
0.2659888563538945,-1.010090314763926
0.2660284010014214,-0.974284562890432
0.26606794564894826,-0.9384620279943134
0.26610749029647507,-0.902227844891915
0.26614703494400194,-0.5890346322587221
0.2661865795915288,-0.4711566284165669
0.2662261242390557,-0.4291612356427925
0.26626566888658254,-0.42499957670744015
0.2663052135341094,-0.6152205135027295
0.2663447581816363,-0.6700402408471828
0.26638430282916314,-0.7247349438030555
0.26642384747668996,-0.7792080043041842
0.2664633921242168,-0.8199665404211944
0.2665029367717437,-0.8124587356911017
0.26654248141927056,-0.4766864068152614
0.26658202606679743,-0.455503479435746
0.2666215707143243,-0.4344924969321946
0.26666111536185116,-0.4449892793374426
0.26670066000937803,-0.4694270216829115
0.26674020465690484,-0.49383292717013516
0.2667797493044317,-0.5182702559288743
0.2668192939519586,-0.542775172816996
0.26685883859948545,-0.5673779937383476
0.2668983832470123,-0.5923004144646948
0.2669379278945392,-0.48847539897913705
0.26697747254206605,-0.4524905260609624
0.2670170171895929,-0.5294790113331573
0.26705656183711973,-0.46763275524057013
0.2670961064846466,-0.40583783980421106
0.26713565113217347,-0.3710451098092453
0.26717519577970034,-0.3464670610062668
0.2672147404272272,-0.3218769054743591
0.26725428507475407,-0.2972744155014948
0.26729382972228094,-0.2727089853851985
0.2673333743698078,-0.24836528064224517
0.2673729190173346,-0.28869823922597115
0.2674124636648615,-0.3789584493115532
0.26745200831238836,-0.46742618699152993
0.2674915529599152,-0.47008343394410623
0.2675310976074421,-0.449448544820342
0.26757064225496896,-0.42900199917420423
0.26761018690249583,-0.408528331020535
0.2676497315500227,-0.38793431076748286
0.2676892761975495,-0.3672172500533306
0.2677288208450764,-0.36598573969674764
0.26776836549260324,-0.37056077249046115
0.2678079101401301,-0.36016379330738113
0.267847454787657,-0.33666487231591935
0.26788699943518385,-0.2989948705697687
0.2679265440827107,-0.26102015164308234
0.2679660887302376,-0.24194382114311397
0.2680056333777644,-0.25941442900768497
0.26804517802529126,-0.27694879752395485
0.26808472267281813,-0.2916357847005986
0.268124267320345,-0.30034744188699447
0.26816381196787187,-0.3092335796863339
0.26820335661539874,-0.3182533943143402
0.2682429012629256,-0.3273014677320645
0.26828244591045247,-0.3840634622185801
0.2683219905579793,-0.44061134487943443
0.26836153520550615,-0.49688863268510897
0.268401079853033,-0.4466459213564473
0.2684406245005599,-0.46855713907875796
0.26848016914808676,-0.4725935053267256
0.2685197137956136,-0.47669557608209034
0.2685592584431405,-0.47684280090770415
0.26859880309066736,-0.46499958221008786
0.26863834773819417,-0.453082356675079
0.26867789238572104,-0.44102200272859493
0.2687174370332479,-0.4178041337035694
0.2687569816807748,-0.5338612295631702
0.26879652632830164,-0.6403679382702818
0.2688360709758285,-0.6087747905837677
0.2688756156233554,-0.5817771875285609
0.26891516027088225,-0.5546858211595231
0.26895470491840906,-0.5285996484824937
0.26899424956593593,-0.4672782102162967
0.2690337942134628,-0.3798145362723666
0.26907333886098966,-0.2922614311799978
0.26911288350851653,-0.2522314622284605
0.2691524281560434,-0.29858403403309985
0.26919197280357027,-0.34481725543045094
0.26923151745109714,-0.3836908107416299
0.26927106209862395,-0.3529935196397873
0.2693106067461508,-0.3523471445486086
0.2693501513936777,-0.3517363765709516
0.26938969604120455,-0.351151392177369
0.2694292406887314,-0.3336543094285598
0.2694687853362583,-0.30195803020007617
0.26950832998378516,-0.27028641841705037
0.269547874631312,-0.23856467433004225
0.26958741927883884,-0.20676171620934758
0.2696269639263657,-0.2117314960576695
0.26966650857389257,-0.2629711466533746
0.26970605322141944,-0.31638079316453993
0.2697455978689463,-0.3828055935220971
0.2697851425164732,-0.4407072375214227
0.26982468716400004,-0.4425424194882628
0.2698642318115269,-0.4443530299080911
0.2699037764590537,-0.4350179581612248
0.2699433211065806,-0.4082229023829602
0.26998286575410746,-0.3815819766838646
0.2700224104016343,-0.35512370031804386
0.2700619550491612,-0.33654013268164773
0.27010149969668806,-0.32141841243125757
0.27014104434421493,-0.3062677103873832
0.2701805889917418,-0.2911468931933876
0.2702201336392686,-0.26840194306677967
0.2702596782867955,-0.27093372130024873
0.27029922293432235,-0.27879308515255286
0.2703387675818492,-0.06920871885434288
0.2703783122293761,-0.10181574554891393
0.27041785687690295,-0.1344947954086253
0.2704574015244298,-0.16726457048821297
0.2704969461719567,-0.16389107519327073
0.2705364908194835,-0.15422351380569266
0.27057603546701037,-0.14482833633823544
0.27061558011453724,-0.17323925146746033
0.2706551247620641,-0.2016757469770578
0.27069466940959097,-0.2301535067464786
0.27073421405711784,-0.2624824774371577
0.2707737587046447,-0.29775149294744674
0.2708133033521716,-0.32063459751215007
0.2708528479996984,-0.3433282816337777
0.27089239264722526,-0.3658320419736647
0.2709319372947521,-0.3882539652866006
0.270971481942279,0.00646657739433909
0.27101102658980586,-0.05424878570138736
0.2710505712373327,-0.11498543022667151
0.2710901158848596,-0.1604543229824742
0.27112966053238646,-0.1993427964563974
0.2711692051799133,-0.23822641250600807
0.27120874982744014,-0.2770969314180909
0.271248294474967,-0.3095168779666735
0.2712878391224939,-0.290496927435993
0.27132738377002075,-0.27153625538273785
0.2713669284175476,-0.2526132476284406
0.2714064730650745,-0.23367496143186317
0.27144601771260135,-0.21471530802912442
0.27148556236012816,0.19772200029393838
0.27152510700765503,0.18112253411221824
0.2715646516551819,0.1468754231574545
0.27160419630270877,0.11321926091333667
0.27164374095023563,0.079538759243035
0.2716832855977625,0.03555551482398123
0.27172283024528937,-0.010112755138655949
0.27176237489281624,-0.055764027795716764
0.27180191954034305,-0.1013847246045585
0.2718414641878699,-0.13388756807784175
0.2718810088353968,-0.10410967865484988
0.27192055348292365,-0.07427487004834399
0.2719600981304505,-0.04442133455117503
0.2719996427779774,-0.014499341368274354
0.27203918742550426,-0.015076678999295101
0.2720787320730311,0.21963261381341548
0.27211827672055794,0.14472403469951312
0.2721578213680848,0.06973274948828401
0.2721973660156117,-0.005331725876358995
0.27223691066313854,-0.07014549444651541
0.2722764553106654,-0.13032900042911244
0.2723159999581923,-0.19069412358438997
0.27235554460571915,-0.25109956991089266
0.272395089253246,-0.298165124923528
0.2724346339007728,-0.28841069403942887
0.2724741785482997,-0.7104499816041043
0.27251372319582656,-0.6548194714976523
0.27255326784335343,-0.5991969497894276
0.2725928124908803,-0.578392615700257
0.27263235713840717,-0.5668573560375254
0.27267190178593403,-0.555437571214835
0.2727114464334609,-0.5441906215431818
0.2727509910809877,-0.5331229505584623
0.2727905357285146,-0.5222349687164858
0.27283008037604145,-0.5233844945109265
0.2728696250235683,-0.5300942257534871
0.2729091696710952,-0.5410173972217884
0.27294871431862205,-0.5575744581347082
0.2729882589661489,-0.5741171454009186
0.2730278036136758,-0.590635581388991
0.2730673482612026,-0.6071866963021337
0.27310689290872947,-0.6237869452873275
0.27314643755625634,-0.6405050341051441
0.2731859822037832,-0.657347087910801
0.2732255268513101,-0.6743017561743003
0.27326507149883694,-0.6913175356505494
0.2733046161463638,-0.27768317295554823
0.2733441607938907,-0.2855985635130467
0.2733837054414175,-0.2751229894917331
0.27342325008894436,-0.2645511149755131
0.2734627947364712,-0.2538799945913883
0.2735023393839981,-0.2431699286659592
0.27354188403152496,-0.2324607194289139
0.27358142867905183,-0.22178710093394338
0.2736209733265787,-0.2111493005110403
0.27366051797410557,0.3986294331831912
0.2737000626216324,0.4837862077969448
0.27373960726915925,0.5229865396369404
0.2737791519166861,0.5616180551181191
0.273818696564213,0.6002950400180067
0.27385824121173985,0.639164646071849
0.2738977858592667,0.5557621368877808
0.2739373305067936,0.5444766770238254
0.27397687515432045,0.5327627266108705
0.27401641980184727,0.5209511180989987
0.27405596444937413,0.5389731313048318
0.274095509096901,0.560584231109853
0.27413505374442787,0.5659266770424178
0.27417459839195474,0.5694593270158816
0.2742141430394816,0.5730818856614261
0.2742536876870085,0.5767948000257448
0.27429323233453534,0.5805233400697136
0.27433277698206215,0.5835010428179186
0.274372321629589,0.5865675303686921
0.2744118662771159,0.5921627478552294
0.27445141092464276,0.6045654032192154
0.2744909555721696,0.6168817349885036
0.2745305002196965,0.629107616925292
0.27457004486722336,0.6413779929643963
0.27460958951475023,0.6470923202333894
0.27464913416227704,0.6260360670941765
0.2746886788098039,0.623224083663839
0.2747282234573308,0.6229987581521659
0.27476776810485765,0.6227649992431452
0.2748073127523845,0.5861341522420518
0.2748468573999114,0.5307388432619149
0.27488640204743825,0.45457482729454757
0.2749259466949651,0.4072482526540595
0.27496549134249193,0.4486910128695025
0.2750050359900188,0.49000886875540717
0.27504458063754567,0.5316152133328669
0.27508412528507253,0.6134958406661637
0.2751236699325994,0.6959211640525096
0.27516321458012627,0.37531643380015467
0.27520275922765314,0.44187485291568684
0.27524230387518,0.4926024244286942
0.2752818485227068,0.5052728179744257
0.2753213931702337,0.5178417938290414
0.27536093781776055,0.5320373408681065
0.2754004824652874,0.6344139118910981
0.2754400271128143,0.7366366649129024
0.27547957176034116,0.8387505096131975
0.275519116407868,0.876154694662536
0.2755586610553949,0.8983169104988726
0.2755982057029217,0.8938772984569927
0.2756377503504486,0.8892927822624284
0.27567729499797544,0.8777027588679269
0.2757168396455023,0.8086708735692838
0.2757563842930292,0.7472036038986101
0.27579592894055605,0.6918397911085812
0.2758354735880829,0.6787430449176379
0.2758750182356098,0.7223969865142466
0.2759145628831366,0.7578688413547066
0.27595410753066346,0.7932943471213605
0.27599365217819033,0.8286603458379811
0.2760331968257172,0.8360284836394172
0.27607274147324407,0.808732199743762
0.27611228612077093,0.7814865450740536
0.2761518307682978,0.7542013044934786
0.27619137541582467,0.7268594384928426
0.2762309200633515,0.7038355901554141
0.27627046471087835,0.9424546954682902
0.2763100093584052,0.9676496045174168
0.2763495540059321,0.9928377525432657
0.27638909865345895,1.0196199420088008
0.2764286433009858,1.0953765481223519
0.2764681879485127,1.185633238923058
0.27650773259603956,1.27594224198866
0.27654727724356637,1.3663190765580273
0.27658682189109324,1.422976543274792
0.2766263665386201,1.410822536930294
0.276665911186147,0.8635377818300909
0.27670545583367384,0.8548389892895347
0.2767450004812007,0.8461146535785464
0.2767845451287276,0.8373809560149752
0.27682408977625445,0.8286348083851842
0.27686363442378126,0.8199052673330209
0.2769031790713081,0.8112274655017733
0.276942723718835,0.8025931414688285
0.27698226836636186,1.4045564671932569
0.27702181301388873,1.441598372931165
0.2770613576614156,1.4785783519040967
0.27710090230894246,1.5156170125647765
0.27714044695646933,1.1511009903746339
0.27717999160399615,1.1552400143831587
0.277219536251523,1.123600235754743
0.2772590808990499,1.0847365311083337
0.27729862554657675,1.0460358928695506
0.2773381701941036,1.0074829433149297
0.2773777148416305,0.9689709224214438
0.27741725948915735,0.9303720320021833
0.2774568041366842,0.8916786261136109
0.27749634878421103,0.8423476068299789
0.2775358934317379,0.7823580407434023
0.27757543807926477,0.7223705240139151
0.27761498272679164,0.6635570998297724
0.2776545273743185,0.8002845652068329
0.2776940720218454,0.9410688564801384
0.27773361666937224,0.9197177828376444
0.2777731613168991,0.891910600968497
0.2778127059644259,0.8642453496898685
0.2778522506119528,0.8366793632453913
0.27789179525947966,0.79697577674101
0.2779313399070065,0.6892637082376516
0.2779708845545334,0.5823318770198398
0.27801042920206026,0.49093479781550897
0.27804997384958713,0.5047825040233822
0.278089518497114,0.5238607334290162
0.2781290631446408,0.5472580578268929
0.2781686077921677,0.5706794763188148
0.27820815243969454,0.5941258624598289
0.2782476970872214,0.5757599879214714
0.2782872417347483,0.5308080050471853
0.27832678638227515,0.48584131814038
0.278366331029802,0.4115835106381023
0.2784058756773289,0.32848776651503053
0.2784454203248557,0.26443490303021955
0.27848496497238256,0.22495323901168218
0.27852450961990943,0.2192018303733816
0.2785640542674363,0.21982154172074697
0.27860359891496317,0.2279123948783246
0.27864314356249004,0.235984298979806
0.2786826882100169,0.24403699217340158
0.2787222328575438,0.25225745296661906
0.2787617775050706,0.2562561055923793
0.27880132215259745,0.25794667564684337
0.2788408668001243,0.19435702818320166
0.2788804114476512,0.12146061879441206
0.27891995609517806,0.048574311913573975
0.2789595007427049,0.17767571417268568
0.2789990453902318,0.18558989186439323
0.27903859003775866,0.1935123307604072
0.2790781346852855,0.20149514142689862
0.27911767933281234,0.20946524430140423
0.2791572239803392,0.20530725766144187
0.2791967686278661,0.15513611075267875
0.27923631327539294,0.10492429902716394
0.2792758579229198,0.054672933868437745
0.2793154025704467,0.004391734196525832
0.27935494721797355,-0.0601265196959746
0.27939449186550036,-0.06514681640227016
0.27943403651302723,-0.1376876402781746
0.2794735811605541,-0.16037597898759381
0.27951312580808096,-0.14308788284610863
0.27955267045560783,-0.12546147944697728
0.2795922151031347,-0.10765838702124819
0.27963175975066157,-0.08972967908602136
0.27967130439818844,-0.0717393566115807
0.27971084904571525,-0.05369059357657502
0.2797503936932421,-0.11663355150669297
0.279789938340769,-0.22199251571728773
0.27982948298829585,-0.2646280565651806
0.2798690276358227,-0.2532812489541332
0.2799085722833496,-0.14479831519081454
0.27994811693087646,-0.0016604275768861143
0.2799876615784033,0.020378628756816397
0.28002720622593014,0.04215322176457148
0.280066750873457,0.06398957738583144
0.2801062955209839,0.08588363328653559
0.28014584016851074,0.10781807908729757
0.2801853848160376,0.1298646163550159
0.2802249294635645,0.1519795275271636
0.28026447411109134,0.1399916908033081
0.28030401875861816,0.00179217512188945
0.280343563406145,-0.692121432118546
0.2803831080536719,-0.6841786020406091
0.28042265270119876,-0.6761087544305853
0.28046219734872563,-0.6679090094998061
0.2805017419962525,-0.6596574502612413
0.28054128664377936,-0.651400287318928
0.2805808312913062,-0.6431918040016162
0.28062037593883304,-0.49545124683574526
0.2806599205863599,-0.5065560855224667
0.2806994652338868,-0.5177000605570008
0.28073900988141365,-0.8013920430914743
0.2807785545289405,-0.7927925203008979
0.2808180991764674,-0.7841809825276918
0.28085764382399425,-0.7754037373707918
0.2808971884715211,-0.7664560188865135
0.28093673311904793,-0.7573253026068025
0.2809762777665748,-0.7479031890009868
0.28101582241410167,-0.738664370433693
0.28105536706162854,-0.7295306016990728
0.2810949117091554,-0.7205336674542351
0.28113445635668227,-0.7116458232875509
0.28117400100420914,-0.7027437103419736
0.28121354565173595,-0.6938271618071297
0.2812530902992628,-0.6848552028659038
0.2812926349467897,-0.6757693904793896
0.28133217959431656,-0.6664138665047314
0.2813717242418434,-0.656757624633761
0.2814112688893703,-0.64686643517798
0.28145081353689716,-1.005249534671651
0.281490358184424,-0.38439641924507617
0.2815299028319509,-0.40148260642515066
0.2815694474794777,-0.4186272646676592
0.2816089921270046,-0.3941577058233503
0.28164853677453144,-0.3352518030246143
0.2816880814220583,-0.27653667153861106
0.2817276260695852,-0.22472866307130612
0.28176717071711205,-0.20583037586903785
0.2818067153646389,-0.20646634848761414
0.28184626001216573,-0.23118518003679034
0.2818858046596926,-0.2557854206306578
0.28192534930721946,-0.2863762862328607
0.28196489395474633,-0.3196577211870282
0.2820044386022732,-0.3522146482631734
0.28204398324980007,-0.3832403808578184
0.28208352789732694,-0.41418957012831514
0.2821230725448538,-0.42144890278665503
0.28216261719238067,-0.3945520680697814
0.2822021618399075,-0.364939671666876
0.28224170648743435,-0.3312361849495731
0.2822812511349612,-0.2975869024040012
0.2823207957824881,-0.2639212911197104
0.28236034043001496,-0.27558689018877613
0.2823998850775418,-0.29957106265195543
0.2824394297250687,-0.3234471013992746
0.2824789743725955,-0.34726783121359883
0.28251851902012237,-0.3710460931131321
0.28255806366764924,-0.39951363882133206
0.2825976083151761,-0.43892049897263563
0.282637152962703,-0.45279288535951956
0.28267669761022984,-0.44110663635642133
0.2827162422577567,-0.37471850735110124
0.2827557869052836,-0.33565199101447085
0.28279533155281045,-0.3013802780801389
0.28283487620033726,-0.2671011277888904
0.2828744208478641,-0.23268971307236797
0.282913965495391,-0.1981206887863336
0.28295351014291786,-0.16339307614692578
0.28299305479044473,-0.12850589343297436
0.2830325994379716,-0.07210767924297556
0.28307214408549847,-0.015494389100383366
0.2831116887330253,-0.4124652199000627
0.28315123338055215,-0.3734489431706862
0.283190778028079,-0.3343696345737408
0.2832303226756059,-0.2951550208163791
0.28326986732313275,-0.06897646502508525
0.2833094119706596,0.014349158084144609
0.2833489566181865,0.09780326081410307
0.28338850126571336,0.18134300055146912
0.2834280459132402,0.17082851136568777
0.28346759056076704,0.13557703969277313
0.2835071352082939,0.11279621395136008
0.28354667985582077,0.0899857994818567
0.28358622450334764,0.06713211307975042
0.2836257691508745,0.04420431775935185
0.2836653137984014,0.02128477743306778
0.28370485844592824,0.009073538974186501
0.28374440309345506,0.0254158759490144
0.2837839477409819,0.06413266081669455
0.2838234923885088,0.10355311437556436
0.28386303703603566,0.14312830558085343
0.2839025816835625,0.1804094416249442
0.2839421263310894,0.208521502260977
0.28398167097861626,0.23652388144382552
0.28402121562614313,0.2644308914877125
0.28406076027367,0.2924166781010027
0.2841003049211968,0.31722912303306217
0.2841398495687237,0.3339431839539593
0.28417939421625055,0.3512923295018151
0.2842189388637774,0.37098250038110736
0.2842584835113043,0.36699402495278344
0.28429802815883115,0.3560335509213841
0.284337572806358,0.34505470369573565
0.28437711745388483,0.35286134084841825
0.2844166621014117,0.3795412094829156
0.28445620674893857,0.4060871029013988
0.28449575139646543,0.432519965821883
0.2845352960439923,0.48066732348510754
0.28457484069151917,0.5350834883329685
0.28461438533904604,0.5897041979668001
0.2846539299865729,0.2461215739264344
0.2846934746340998,0.3127208108605486
0.2847330192816266,0.35839397944018714
0.28477256392915345,0.39215215601368003
0.2848121085766803,0.42588315628605056
0.2848516532242072,0.4595804015182532
0.28489119787173406,0.4932365236943306
0.2849307425192609,0.6034210917513954
0.2849702871667878,0.7465457976994103
0.2850098318143146,0.8320410360327339
0.2850493764618415,0.7430957174279649
0.28508892110936834,0.6524241145544338
0.2851284657568952,0.6434595890489443
0.2851680104044221,0.6345179848447318
0.28520755505194895,0.6254789716211455
0.2852470996994758,0.6163884599767822
0.2852866443470027,0.6074134715043553
0.28532618899452955,0.5986971066750097
0.28536573364205636,0.5948014991012323
0.28540527828958323,0.5984630018024308
0.2854448229371101,0.602097827934108
0.28548436758463697,0.6057060761881474
0.28552391223216383,0.6092513115458678
0.2855634568796907,0.5886792942038137
0.28560300152721757,0.55145456187917
0.2856425461747444,0.5142813542280833
0.28568209082227125,0.5073066633426881
0.2857216354697981,0.5320728776161996
0.285761180117325,0.5567663997116967
0.28580072476485185,0.5813782658376652
0.2858402694123787,0.5876416669168427
0.2858798140599056,0.8558138348748292
0.28591935870743246,0.8016438730513933
0.2859589033549593,0.7605611332985633
0.28599844800248614,0.744974073799185
0.286037992650013,0.7293439946849136
0.2860775372975399,0.7139665040040035
0.28611708194506674,0.6986440076469096
0.2861566265925936,0.7176726188475779
0.2861961712401205,0.8007864095072232
0.28623571588764735,0.8839772732897746
0.28627526053517416,0.9300233365158159
0.286314805182701,0.8893596598915336
0.2863543498302279,0.848730088189718
0.28639389447775476,0.8081336458833732
0.28643343912528163,0.7676165973304396
0.2864729837728085,0.727199835451021
0.28651252842033537,0.6867853423313268
0.28655207306786223,0.7166651374607076
0.2865916177153891,0.7228094090965871
0.2866311623629159,0.7106898260370982
0.2866707070104428,0.5649239906135293
0.28671025165796965,0.3731177016782241
0.2867497963054965,0.37219068146024537
0.2867893409530234,0.38522036717591845
0.28682888560055025,0.3981825446393974
0.2868684302480771,0.41113076895809275
0.28690797489560393,0.4241039473601034
0.2869475195431308,0.4334722206225581
0.28698706419065767,0.44108735293251033
0.28702660883818454,0.44855108031220947
0.2870661534857114,0.45586126821246475
0.2871056981332383,0.4630189321061975
0.28714524278076514,0.4696820665237733
0.287184787428292,0.4784831480103673
0.2872243320758189,0.4874488329393687
0.2872638767233457,0.4964506823998036
0.28730342137087256,0.48684088474571974
0.2873429660183994,0.4599191049220366
0.2873825106659263,0.42046652684294505
0.28742205531345316,0.38098260575380527
0.28746159996098003,0.34146707761740736
0.2875011446085069,0.3019488888223467
0.2875406892560337,0.25257465634538345
0.2875802339035606,0.17202705653120276
0.28761977855108745,0.11962255441937852
0.2876593231986143,0.11895729689444634
0.2876988678461412,0.11823884889082636
0.28773841249366805,0.12023205593065978
0.2877779571411949,0.12229432186998679
0.2878175017887218,0.12085961207326523
0.28785704643624865,0.08482498543608807
0.28789659108377547,0.04880742068309196
0.28793613573130233,0.012807025297735475
0.2879756803788292,0.0044881276715069696
0.28801522502635607,0.051000140638018276
0.28805476967388294,0.16507630475536095
0.2880943143214098,0.28234123353248997
0.2881338589689367,0.4383118127053294
0.2881734036164635,0.49804485803124976
0.28821294826399035,0.5578246954306647
0.2882524929115172,0.6176239414539855
0.2882920375590441,0.6774426008657009
0.28833158220657096,0.7372748844095249
0.2883711268540978,0.7971028309282944
0.2884106715016247,0.8302269309558428
0.28845021614915156,0.8547285692790378
0.28848976079667843,0.3912114719008142
0.28852930544420524,0.31301506538888546
0.2885688500917321,0.23544280694079678
0.288608394739259,0.2314593494954038
0.28864793938678585,0.24198717058128638
0.2886874840343127,0.25333098844008406
0.2887270286818396,-0.4054133012390353
0.28876657332936645,-0.36032730331905904
0.28880611797689326,-0.3132090301640691
0.28884566262442013,-0.24443321536398388
0.288885207271947,-0.17574877976824066
0.28892475191947387,-0.1070255827879727
0.28896429656700073,-0.03826263395578078
0.2890038412145276,0.030530141913548192
0.28904338586205447,0.056685302995443276
0.28908293050958134,0.05787640338063271
0.2891224751571082,0.059139272858208525
0.289162019804635,0.060461317972801965
0.2892015644521619,0.06180761813981839
0.28924110909968875,0.06315596365432441
0.2892806537472156,0.0644013012398772
0.2893201983947425,0.06552728421136855
0.28935974304226936,0.06653414069854513
0.2893992876897962,0.06749140228719552
0.28943883233732304,0.06851260814241744
0.2894783769848499,0.06960207336915136
0.2895179216323768,0.07077997755168708
0.28955746627990364,0.07203419381510257
0.2895970109274305,0.08386168731539279
0.2896365555749574,0.10685310609775867
0.28967610022248425,0.12977385768898264
0.2897156448700111,0.15259811538802515
0.289755189517538,0.1223396976494362
0.2897947341650648,0.08708472745729434
0.28983427881259166,0.05183492390133182
0.28987382346011853,0.01659493998480821
0.2899133681076454,-0.018635768611636738
0.28995291275517227,-0.05385774606219673
0.28999245740269913,0.2876306975459335
0.290032002050226,0.33398429265637786
0.2900715466977528,0.3795575293143565
0.2901110913452797,0.3033977264157559
0.29015063599280655,0.22723545150983027
0.2901901806403334,0.20012311152957452
0.2902297252878603,0.1772961320971138
0.29026926993538715,0.15446361984799317
0.290308814582914,0.13161605347231164
0.2903483592304409,0.10875371780953547
0.29038790387796776,0.08593348597821882
0.29042744852549457,0.06368376531609954
0.29046699317302144,0.09065661087686783
0.2905065378205483,0.11806992559375828
0.2905460824680752,0.14558735840293702
0.29058562711560204,0.1778103662961641
0.2906251717631289,0.20480626497506504
0.2906647164106558,0.23186904169983658
0.2907042610581826,0.25899872265055546
0.29074380570570946,0.285566610319381
0.2907833503532363,0.30741498529638145
0.2908228950007632,0.2719985729276928
0.29086243964829006,0.2366346808476094
0.29090198429581693,0.20131421298476004
0.2909415289433438,0.1674907403828052
0.29098107359087066,0.13848166416078644
0.29102061823839753,0.10950849470464208
0.29106016288592435,0.08049919279753537
0.2910997075334512,0.06402589632115108
0.2911392521809781,0.06890348266868473
0.29117879682850495,0.07458211071019782
0.2912183414760318,0.08022395001506277
0.2912578861235587,0.08525937805242156
0.29129743077108555,0.08408414866198699
0.29133697541861237,0.06968660510095592
0.29137652006613923,0.45639012157522085
0.2914160647136661,0.40957067526094226
0.29145560936119297,0.3628343425174996
0.29149515400871984,0.3201099239513985
0.2915346986562467,0.3187032091237012
0.2915742433037736,0.3220072896359687
0.29161378795130044,0.3609177174544995
0.2916533325988273,0.39975103576966653
0.2916928772463541,0.4385698268925253
0.291732421893881,0.44287627262726836
0.29177196654140786,0.4459452072486463
0.2918115111889347,0.4138390884136376
0.2918510558364616,0.3721802579821527
0.29189060048398846,0.330603494609945
0.29193014513151533,0.2891508527969937
0.29196968977904214,0.24782331067262575
0.292009234426569,0.20662017026109414
0.2920487790740959,0.1782247259654528
0.29208832372162274,0.15986743749533883
0.2921278683691496,0.16988285157543226
0.2921674130166765,0.17999847253233314
0.29220695766420335,0.19008203764525522
0.2922465023117302,0.19391086284110548
0.2922860469592571,0.1859471415850451
0.2923255916067839,0.17788047970407206
0.29236513625431076,0.16971410503150963
0.29240468090183763,0.16146441481930252
0.2924442255493645,0.15322015099008812
0.29248377019689137,0.11218141734180742
0.29252331484441824,0.06712179169539167
0.2925628594919451,0.022066604716038274
0.2926024041394719,-0.04927253710112689
0.2926419487869988,-0.1270698859649757
0.29268149343452565,-0.16406058698385406
0.2927210380820525,-0.1805161022473909
0.2927605827295794,-0.19686720748568565
0.29280012737710626,-0.20723647095002828
0.2928396720246331,-0.18118594010688005
0.29287921667216,-0.1551934297321309
0.29291876131968686,-0.17446819791803003
0.2929583059672137,-0.19753228020703562
0.29299785061474054,-0.22062478511729466
0.2930373952622674,-0.22137291220749944
0.2930769399097943,-0.21577970546678582
0.29311648455732114,-0.2101863777607953
0.293156029204848,-0.22744476167971106
0.2931955738523749,-0.29197642025529014
0.2932351184999017,-0.35653579322389284
0.29327466314742856,-0.37708237689468005
0.29331420779495543,-0.38165754512450967
0.2933537524424823,-0.38630441803117765
0.29339329709000916,-0.3910242141765137
0.29343284173753603,-0.39671985903979845
0.2934723863850629,-0.384224634371614
0.29351193103258977,-0.29859129159726905
0.29355147568011664,-0.22946365644175648
0.29359102032764345,-0.22078767750547978
0.2936305649751703,-0.2265050321542863
0.2936701096226972,-0.2411370362826375
0.29370965427022405,-0.2842435682982627
0.2937491989177509,-0.4930593999257207
0.2937887435652778,-0.4815324957758791
0.29382828821280466,-0.47006766134509625
0.29386783286033147,-0.45866903528208214
0.29390737750785834,-0.4462570940331587
0.2939469221553852,-0.4313203007772324
0.29398646680291207,-0.41644589295998236
0.29402601145043894,-0.40163355344721197
0.2940655560979658,-0.3868557061483804
0.2941051007454927,-0.3721055753936078
0.29414464539301954,-0.35738315860948955
0.2941841900405464,-0.3426921382399897
0.2942237346880732,-0.32804288250166236
0.2942632793356001,-0.3389525161145617
0.29430282398312696,-0.36841187306724565
0.29434236863065383,-0.39795613351062187
0.2943819132781807,-0.42757506883455365
0.29442145792570756,-0.4447733696578591
0.29446100257323443,-0.45395901632266034
0.29450054722076124,-0.5463518507980352
0.2945400918682881,-0.5349366402478899
0.294579636515815,-0.5241412849043328
0.29461918116334185,-0.5135445263420837
0.2946587258108687,-0.5028617736457219
0.2946982704583956,-0.49631606464457123
0.29473781510592245,-0.5193092907678829
0.2947773597534493,-0.5429612390480916
0.2948169044009762,-0.5666976542039448
0.294856449048503,-0.5905798368117527
0.29489599369602987,-0.6146001417376961
0.29493553834355674,-0.5856908432288739
0.2949750829910836,-0.5543490338993635
0.29501462763861047,-0.5485969894626921
0.29505417228613734,-0.5618980422964386
0.2950937169336642,-0.5751918583737949
0.295133261581191,-0.5884854653437293
0.2951728062287179,-0.6019512091011618
0.29521235087624476,-0.662878806504156
0.2952518955237716,-0.685185797803654
0.2952914401712985,-0.707525191675372
0.29533098481882536,-0.7298751713254066
0.2953705294663522,-0.7023430390252949
0.2954100741138791,-0.6537341915413157
0.29544961876140596,-0.5083905971685319
0.2954891634089328,-0.5166260967401537
0.29552870805645964,-0.5247476805982569
0.2955682527039865,-0.5327640586609212
0.2956077973515134,-0.5407387240842736
0.29564734199904025,-0.5459741661662547
0.2956868866465671,-0.5511494338140701
0.295726431294094,-0.5537043259834862
0.2957659759416208,-0.5397824451990902
0.29580552058914766,-0.535454851676799
0.29584506523667453,-0.5483538330319346
0.2958846098842014,-0.5612577653913
0.29592415453172827,-0.5741536619304655
0.29596369917925514,-0.5870314349632801
0.296003243826782,-0.5998973364664173
0.29604278847430887,-0.6131456049248887
0.29608233312183574,-0.6261281240410992
0.29612187776936255,-0.6285980988430495
0.2961614224168894,-0.644313521396993
0.2962009670644163,-0.6601090552145359
0.29624051171194316,-0.6805607760105059
0.29628005635947,-0.701980836162658
0.2963196010069969,-0.7138528406707003
0.29635914565452376,-0.6995017320650643
0.29639869030205057,-0.6851781399210548
0.29643823494957744,-0.6701425797316167
0.2964777795971043,-0.6552077868534192
0.2965173242446312,-0.6403728414504379
0.29655686889215804,-0.6256368252211155
0.2965964135396849,-0.6109988213982271
0.2966359581872118,-0.57659273379543
0.29667550283473865,-0.5272072568167778
0.2967150474822655,-0.5190020973986371
0.2967545921297923,-0.4692440946182881
0.2967941367773192,-0.5070953838754937
0.29683368142484606,-0.5317731079866777
0.29687322607237293,-0.47575089861068376
0.2969127707198998,-0.4191942499533208
0.29695231536742667,-0.36278242454098253
0.29699186001495353,-0.3064605113284178
0.29703140466248035,-0.2502159781405404
0.2970709493100072,-0.20914358985136472
0.2971104939575341,-0.17868234468135613
0.29715003860506095,-0.21807015759974924
0.2971895832525878,-0.2820316736370687
0.2972291279001147,-0.346031988833869
0.29726867254764155,-0.4086472971303454
0.2973082171951684,-0.42301856064204646
0.2973477618426953,-0.4038400428832585
0.2973873064902221,-0.3845793306294141
0.29742685113774897,-0.3655303715184215
0.29746639578527584,-0.3466973502755617
0.2975059404328027,-0.30472158785474646
0.2975454850803296,-0.26549701699219064
0.29758502972785644,-0.2262358156073354
0.2976245743753833,-0.18693774301469457
0.2976641190229101,-0.6717968228436915
0.297703663670437,-0.6839762466394008
0.29774320831796386,-0.6959969639073185
0.2977827529654907,-0.7078810042324459
0.2978222976130176,-0.7197857855787264
0.29786184226054446,-0.7321115222798884
0.29790138690807133,-0.7444959268853419
0.2979409315555982,-0.7569392512691397
0.29798047620312507,-0.7691438481521575
0.2980200208506519,-0.780203332215379
0.29805956549817875,-0.7912186757164785
0.2980991101457056,-0.799701896507135
0.2981386547932325,-0.8032324934666502
0.29817819944075935,-0.8066606041088846
0.2982177440882862,-0.8100135977843004
0.2982572887358131,-0.8133274596370632
0.2982968333833399,-0.8166523501445142
0.29833637803086677,-0.819997692387517
0.29837592267839363,-0.8233746644654962
0.2984154673259205,-0.8267832665020309
0.29845501197344737,-0.8301881535931983
0.29849455662097424,-0.8335877173334327
0.2985341012685011,-0.8319355003624507
0.298573645916028,-0.8298524151292348
0.29861319056355484,-0.823363242899747
0.29865273521108165,-0.8078693928398808
0.2986922798586085,-0.7922148547212742
0.2987318245061354,-0.7767198573993404
0.29877136915366226,-0.7612146981428358
0.2988109138011891,-0.7456999131630888
0.298850458448716,-0.7301760382885312
0.29889000309624286,-0.7646793271850121
0.2989295477437697,-0.8008016276530889
0.29896909239129654,-0.49146098496256885
0.2990086370388234,-0.5423325644040826
0.2990481816863503,-0.5931663269570939
0.29908772633387715,-0.6381937390400481
0.299127270981404,-0.6421745289414589
0.2991668156289309,-0.6461827159642461
0.29920636027645775,-0.6501155540531647
0.2992459049239846,-0.6577907647187438
0.29928544957151143,-0.6831580112461926
0.2993249942190383,-0.5426793186203613
0.29936453886656517,-0.5318684375387615
0.29940408351409203,-0.5233604037216271
0.2994436281616189,-0.5227834037125905
0.29948317280914577,-0.5222191978731696
0.29952271745667264,-0.5215432406843727
0.29956226210419945,-0.5206908225826163
0.2996018067517263,-0.5197550918174665
0.2996413513992532,-0.5532961763970299
0.29968089604678005,-0.5916321171840901
0.2997204406943069,-0.6172357434391129
0.2997599853418338,-0.6391113365040457
0.29979952998936066,-0.6610593470177539
0.2998390746368875,-0.6830798251238304
0.2998786192844144,-0.7048687531058939
0.2999181639319412,-0.7100544385889069
0.2999577085794681,-0.6675609576447856
0.29999725322699494,-0.6251336475800766
0.3000367978745218,-0.5827315955912105
0.3000763425220487,-0.5474505234181297
0.30011588716957555,-0.5396411432566746
0.3001554318171024,-0.5318727130164347
0.3001949764646292,-0.5241424106683228
0.3002345211121561,-0.5164500465970159
0.30027406575968296,-0.5086830993194709
0.30031361040720983,-0.527796461094225
0.3003531550547367,-0.5835674762968432
0.30039269970226357,-0.6508220747780817
0.30043224434979043,-0.7317392110930236
0.3004717889973173,-0.7644186305604017
0.30051133364484417,-0.7627209399684838
0.300550878292371,-0.7611620989857766
0.30059042293989785,-0.7597409157936461
0.3006299675874247,-0.6554392438690613
0.3006695122349516,-0.5469808220584365
0.30070905688247845,-0.43856953163921686
0.3007486015300053,-0.3358662199589282
0.3007881461775322,-0.4260810376056843
0.300827690825059,-0.5311855291675056
0.30086723547258587,-0.6362781647291258
0.30090678012011274,-0.7238719715935771
0.3009463247676396,-0.7297274382664063
0.3009858694151665,-0.7355636170070121
0.30102541406269334,-0.7413823815912797
0.3010649587102202,-0.7471857514361231
0.3011045033577471,-0.699384729889371
0.30114404800527395,-0.6315291476375138
0.30118359265280076,-0.5636591903812938
0.3012231373003276,-0.514533540875938
0.3012626819478545,-0.5426416769476714
0.30130222659538136,-0.5707331299949128
0.30134177124290823,-0.5988216983890848
0.3013813158904351,-0.6444875284133342
0.30142086053796197,-0.7037134014822968
0.3014604051854888,-0.7630533698112907
0.30149994983301565,-0.8225009600458639
0.3015394944805425,-0.8288738619823643
0.3015790391280694,-0.8160419334413618
0.30161858377559625,-0.8031634604708091
0.3016581284231231,-0.7902381552466999
0.30169767307065,-0.7772565184875457
0.30173721771817685,-0.7642755633917244
0.3017767623657037,-0.7368672834915997
0.30181630701323053,-0.7036762767113074
0.3018558516607574,-0.7070857961161972
0.30189539630828427,-0.7105567335207565
0.30193494095581114,-0.7140553698205783
0.301974485603338,-0.7203179630766372
0.3020140302508649,-0.7842068521933308
0.30205357489839174,-0.808806617977714
0.30209311954591855,-0.7474800101763424
0.3021326641934454,-0.6861490012916591
0.3021722088409723,-0.6247944622922192
0.30221175348849916,-0.5634021214594926
0.302251298136026,-0.5007954867982196
0.3022908427835529,-0.44588601526418126
0.30233038743107976,-0.42170235751015506
0.30236993207860663,-0.39747024173381007
0.3024094767261335,-0.37322732190974417
0.3024490213736603,-0.34901163019946635
0.3024885660211872,-0.3249054799421125
0.30252811066871405,-0.3008683558573111
0.3025676553162409,-0.3188527979911986
0.3026071999637678,-0.32043936259127603
0.30264674461129465,-0.3059222670129813
0.3026862892588215,-0.2914364213757601
0.30272583390634833,-0.2769824186208676
0.3027653785538752,-0.2625608525949352
0.30280492320140207,-0.24820478058703
0.30284446784892893,-0.21399493743295794
0.3028840124964558,-0.13942540495913258
0.30292355714398267,-0.09930971381744857
0.30296310179150954,-0.06523234679634005
0.3030026464390364,-0.041957831988411076
0.3030421910865633,-0.04604792034068206
0.3030817357340901,-0.056436894095523105
0.30312128038161695,-0.06852010436915945
0.3031608250291438,-0.08077875471830431
0.3032003696766707,-0.0930526306816728
0.30323991432419756,-0.10527024184431166
0.3032794589717244,-0.11744977320470662
0.3033190036192513,-0.10046724785637462
0.3033585482667781,-0.05847789015844196
0.303398092914305,-0.035859146598302694
0.30343763756183184,-0.019293541305682282
0.3034771822093587,-0.002689785603621875
0.3035167268568856,0.013910610669369827
0.30355627150441244,0.030473858212422655
0.3035958161519393,0.046998504084033055
0.3036353607994662,0.06348389791007847
0.30367490544699305,0.07990583787252747
0.30371445009451986,0.5563912599288741
0.30375399474204673,0.6279199009466905
0.3037935393895736,0.6994359273211139
0.30383308403710046,0.765169206494067
0.30387262868462733,0.7765818253778307
0.3039121733321542,0.7879972180258292
0.30395171797968107,0.7434324987345184
0.3039912626272079,0.6893437917606229
0.30403080727473475,0.6741816766390474
0.3040703519222616,0.6590933660746483
0.3041098965697885,0.6440653841223347
0.30414944121731535,0.62898612413405
0.3041889858648422,0.6138273297314738
0.3042285305123691,0.5983957567074838
0.30426807515989596,0.5828953983875951
0.3043076198074228,0.6006312877004798
0.30434716445494964,0.681868556105504
0.3043867091024765,0.7630552539045081
0.3044262537500034,0.8448141851608244
0.30446579839753024,0.9265319850398277
0.3045053430450571,0.5011008512032746
0.304544887692584,0.5064382935590954
0.30458443234011084,0.5117133019616373
0.30462397698763766,0.5169256047629847
0.3046635216351645,0.5220749289109365
0.3047030662826914,0.5270467911382752
0.30474261093021826,0.5317899781768132
0.30478215557774513,0.5467498342652406
0.304821700225272,0.5952138146220962
0.30486124487279886,0.6437999428927759
0.30490078952032573,0.692386743300597
0.3049403341678526,0.7092648280792666
0.3049798788153794,0.6457573142342632
0.3050194234629063,0.6124411044357063
0.30505896811043315,0.6595288486264561
0.30509851275796,0.7193296900621289
0.3051380574054869,0.7791689880582369
0.30517760205301375,0.7937990297109665
0.3052171467005406,0.7784969756255187
0.30525669134806743,0.7632216150138129
0.3052962359955943,0.7479727167741097
0.30533578064312117,0.7792284338600872
0.30537532529064804,0.8431964548046915
0.3054148699381749,0.907283997755068
0.3054544145857018,0.9714456825371705
0.30549395923322864,1.0161859055284754
0.3055335038807555,0.99972403595108
0.3055730485282824,0.9773705126712335
0.3056125931758092,0.9549911363623163
0.30565213782333606,0.9321911611822293
0.3056916824708629,0.9094520400821295
0.3057312271183898,0.8867548272353658
0.30577077176591666,0.8640618424525175
0.30581031641344353,0.8398518820489107
0.3058498610609704,0.8174734025691777
0.3058894057084972,0.797338054227311
0.3059289503560241,0.7772018973546482
0.30596849500355094,0.7587112942915333
0.3060080396510778,0.7646805419956317
0.3060475842986047,0.7705897948709932
0.30608712894613155,0.80489521556107
0.3061266735936584,0.8488691937931065
0.3061662182411853,0.8929137120479353
0.30620576288871215,0.9370293689929667
0.30624530753623896,0.9812167645894503
0.30628485218376583,0.9600123093581399
0.3063243968312927,0.8906616932912916
0.30636394147881957,0.8213699066060891
0.30640348612634644,0.752163711483075
0.3064430307738733,0.6832047522249374
0.30648257542140017,0.6145398543048772
0.306522120068927,0.5887166663271257
0.30656166471645385,0.5865866214377182
0.3066012093639807,0.6028549868449589
0.3066407540115076,0.6557635057052669
0.30668029865903446,0.708639667940242
0.3067198433065613,0.7614890453269534
0.3067593879540882,0.7812118872415801
0.30679893260161506,0.7076856499930027
0.3068384772491419,0.6322944896957101
0.30687802189666874,0.5569923870550557
0.3069175665441956,-0.057116569553068874
0.3069571111917225,-0.041456404471152286
0.30699665583924934,-0.025829769562942584
0.3070362004867762,-0.010240143329885765
0.3070757451343031,0.004956019268391287
0.30711528978182995,-9.65049603416368e-05
0.30715483442935676,-0.005057755277348086
0.30719437907688363,-0.009927366499766332
0.3072339237244105,-0.01470497179711261
0.30727346837193736,-0.01939020269165459
0.30731301301946423,-0.023967822024320462
0.3073525576669911,-0.03077687788878425
0.30739210231451797,-0.03786061319239176
0.30743164696204484,-0.038536250377528614
0.3074711916095717,-0.03862776564570636
0.3075107362570985,-0.03871742604310713
0.3075502809046254,-0.03877914366606294
0.30758982555215225,-0.038793212958256884
0.3076293701996791,-0.03869219677520608
0.307668914847206,-0.038476039724785416
0.30770845949473286,-0.03821517865494384
0.3077480041422597,-0.03796660044617539
0.30778754878978654,-0.0378124246105247
0.3078270934373134,-0.03785468146489279
0.30786663808484027,-0.03866259867149413
0.30790618273236714,-0.03968277576532886
0.307945727379894,-0.04022073940753401
0.3079852720274209,-0.037251883931172625
0.30802481667494774,-0.03488697702705679
0.3080643613224746,-0.032561099374628366
0.3081039059700015,-0.03022763130052919
0.3081434506175283,-0.027888372815244367
0.30818299526505516,-0.02550487435838278
0.308222539912582,-0.04591840744556652
0.3082620845601089,-0.09941666635448865
0.30830162920763576,-0.15277160883598295
0.30834117385516263,-0.20598301871242342
0.3083807185026895,-0.25916099052538044
0.3084202631502163,-0.3123276524847425
0.3084598077977432,0.25262122509409846
0.30849935244527005,0.30022504326919686
0.3085388970927969,0.3043293188492422
0.3085784417403238,0.3083990484770447
0.30861798638785065,0.2928830480989393
0.3086575310353775,0.2734459273911969
0.3086970756829044,0.2539382218524082
0.30873662033043126,0.23435876761652574
0.30877616497795807,0.21470639910389577
0.30881570962548494,0.19504411417912282
0.3088552542730118,0.1923371550980737
0.30889479892053867,0.24016803969540623
0.30893434356806554,0.28003115012978563
0.3089738882155924,0.3139731815729965
0.3090134328631193,0.34787110995923554
0.3090529775106461,0.31199428742419943
0.30909252215817296,0.2650781304198664
0.3091320668056998,0.21811955776889036
0.3091716114532267,0.18032949862081926
0.30921115610075356,0.17131690350519735
0.3092507007482804,0.1623317761119889
0.3092902453958073,0.15338808407137483
0.30932979004333416,0.14448555896642645
0.30936933469086103,0.18282205050000888
0.30940887933838784,0.18544003313169188
0.3094484239859147,0.14550631746188714
0.3094879686334416,0.10550897693583838
0.30952751328096845,0.06674888801265011
0.3095670579284953,0.06962424374825904
0.3096066025760222,0.09127870834249974
0.30964614722354905,0.11297738674015001
0.30968569187107586,0.1347209930635911
0.30972523651860273,0.15651024221951015
0.3097647811661296,0.1777793829755594
0.30980432581365647,0.19897682298724106
0.30984387046118333,0.2028759878418258
0.3098834151087102,0.19759214551100657
0.30992295975623707,0.16581715715933898
0.30996250440376394,0.13408195734720962
0.3100020490512908,0.12904838981026234
0.3100415936988176,0.13025922897318098
0.3100811383463445,0.1315507438769541
0.31012068299387135,0.13292274298724704
0.3101602276413982,0.13437437933460927
0.3101997722889251,0.13590482290381578
0.31023931693645196,0.13743878727254577
0.3102788615839788,0.15326685028739329
0.31031840623150564,0.18840237632897505
0.3103579508790325,0.21086155380103522
0.3103974955265594,0.23329340162310475
0.31043704017408624,0.2556974460123973
0.3104765848216131,0.2780732126222536
0.31051612946914,0.3004212587463222
0.31055567411666685,0.2961791306690311
0.3105952187641937,0.2883867356289973
0.3106347634117206,0.28068696716850106
0.3106743080592474,0.2730799972429989
0.31071385270677426,0.2654463714871782
0.31075339735430113,0.2578943203495867
0.310792942001828,0.24926605592675655
0.31083248664935487,0.24405394970071104
0.31087203129688173,0.23890565188734492
0.3109115759444086,0.23378884339091233
0.3109511205919354,0.22870186387804603
0.3109906652394623,0.22364430384555956
0.31103020988698915,0.23448220102655704
0.311069754534516,0.27654747810450964
0.3111092991820429,0.32479524381451474
0.31114884382956975,0.3417718158862426
0.3111883884770966,0.3568653528599448
0.3112279331246235,0.37199234228511324
0.31126747777215036,0.34879451117911
0.31130702241967717,0.3243404358050639
0.31134656706720404,0.29980591255295863
0.3113861117147309,0.2751380018716487
0.3114256563622578,0.2537174846972765
0.31146520100978464,0.2741660381901667
0.3115047456573115,0.29164307561304925
0.3115442903048384,0.3066045605792014
0.3115838349523652,0.3215680130435903
0.31162337959989206,0.2917289525860336
0.3116629242474189,0.2755630374623186
0.3117024688949458,0.2866655190542713
0.31174201354247266,0.2978558616065965
0.31178155818999953,0.3184616555401032
0.3118211028375264,0.35359540558534297
0.31186064748505327,0.3888205441283068
0.31190019213258013,0.42409423453466655
0.31193973678010695,0.4463075326451649
0.3119792814276338,0.4369959143878681
0.3120188260751607,0.4276737861758204
0.31205837072268755,0.41835873340513796
0.3120979153702144,0.4038827853183813
0.3121374600177413,0.35679610057910605
0.31217700466526815,0.3110942279145217
0.31221654931279497,0.32448377902498393
0.31225609396032183,0.3379296619360659
0.3122956386078487,0.35145549425713085
0.31233518325537557,0.36508325425245225
0.31237472790290244,0.3788530129247407
0.3124142725504293,0.4118613532135491
0.3124538171979562,0.46679678738475694
0.31249336184548304,0.5217939032063752
0.3125329064930099,0.576852699107385
0.3125724511405367,0.610114753891088
0.3126119957880636,0.5733998155784765
0.31265154043559046,0.5195032710899414
0.3126910850831173,0.465639762297521
0.3127306297306442,0.4118156591437012
0.31277017437817106,0.3756448838129529
0.31280971902569793,0.37131012519196904
0.31284926367322474,0.3669555759435359
0.3128888083207516,0.36255715071994343
0.3129283529682785,0.3581634944367815
0.31296789761580535,0.3538739806801052
0.3130074422633322,0.3496896319096816
0.3130469869108591,0.34554508074388623
0.31308653155838595,0.33951078006669855
0.3131260762059128,0.30604471509085496
0.3131656208534397,0.27149029864037644
0.3132051655009665,0.23690959478753548
0.31324471014849337,0.28400732972715836
0.31328425479602023,0.41676760044618133
0.3133237994435471,0.4930537184716832
0.31336334409107397,0.48048467239586534
0.31340288873860084,0.46851665009457655
0.3134424333861277,0.45649002420452645
0.3134819780336545,0.4444435886202758
0.3135215226811814,0.4326286948241389
0.31356106732870825,0.42071720545112123
0.3136006119762351,0.4101060223260835
0.313640156623762,0.4005285544341688
0.31367970127128886,0.3829100944024617
0.3137192459188157,0.3575791006681377
0.3137587905663426,0.3322480709569846
0.31379833521386946,0.30697316056511026
0.3138378798613963,0.2999275442688223
0.31387742450892314,0.2965995326297617
0.31391696915645,0.2932917579155627
0.3139565138039769,0.28999001489915655
0.31399605845150375,0.28667715401705696
0.3140356030990306,0.3505495863460144
0.3140751477465575,0.3820102005624233
0.3141146923940843,0.35123153938205354
0.31415423704161116,0.3205090541429425
0.31419378168913803,0.28982438166910285
0.3142333263366649,0.28765988624964534
0.31427287098419177,0.3217484327643829
0.31431241563171863,0.34178555008690825
0.3143519602792455,0.3618005901458914
0.31439150492677237,0.3817940150668999
0.31443104957429924,0.3755604644936934
0.31447059422182605,0.3736719828487849
0.3145101388693529,0.3718127410822172
0.3145496835168798,0.36998413537494823
0.31458922816440665,0.36818670433810574
0.3146287728119335,0.3664209869957338
0.3146683174594604,0.37115862166424574
0.31470786210698726,0.40286155295614856
0.31474740675451407,0.4344773693698092
0.31478695140204094,0.4660446598808319
0.3148264960495678,0.4976221258824971
0.3148660406970947,0.5292480458780466
0.31490558534462154,0.5583919463560592
0.3149451299921484,0.5616746088132394
0.3149846746396753,0.5650772441787422
0.31502421928720215,0.5938744592512646
0.315063763934729,0.6292230624056061
0.3151033085822558,0.6650359080635857
0.3151428532297827,0.7007910413785492
0.31518239787730956,0.7364604526380099
0.31522194252483643,0.7718979010213673
0.3152614871723633,0.8073331720323718
0.31530103181989017,0.8427666456460852
0.31534057646741703,0.8781987016337105
0.31538012111494385,0.9136108865665746
0.3154196657624707,0.95164999213342
0.3154592104099976,0.5126230279832091
0.31549875505752445,0.5534920463379067
0.3155382997050513,0.5944296945614753
0.3155778443525782,0.6224443857228712
0.31561738900010505,0.6112440780895696
0.3156569336476319,0.600144424305002
0.3156964782951588,0.5974438643196489
0.3157360229426856,0.6011614785819908
0.31577556759021247,0.6048337549135869
0.31581511223773934,0.6084616451524743
0.3158546568852662,0.6352348726874424
0.3158942015327931,0.681141107951087
0.31593374618031994,0.7270216587840159
0.3159732908278468,0.7729598644568818
0.3160128354753736,0.8189768865064688
0.3160523801229005,0.8650739831424876
0.31609192477042736,0.9112365701065395
0.3161314694179542,0.9132068398016697
0.3161710140654811,0.9116643719977224
0.31621055871300796,0.8650026259770258
0.31625010336053483,0.8118295462653498
0.3162896480080617,0.7585436979835061
0.31632919265558856,0.7051469698806332
0.3163687373031154,0.6516506781322984
0.31640828195064225,0.5980936013911253
0.3164478265981691,0.5914046860018671
0.316487371245696,0.5989862862118787
0.31652691589322285,0.6809712905108021
0.3165664605407497,0.8398005514216424
0.3166060051882766,0.8948217729384149
0.3166455498358034,0.9269110249682848
0.31668509448333027,0.9468218130094543
0.31672463913085713,0.8804752075011142
0.316764183778384,0.8140460461188987
0.31680372842591087,0.7474878118395831
0.31684327307343774,0.6808114010758017
0.3168828177209646,0.653756752543587
0.3169223623684915,0.6279059412445536
0.31696190701601834,0.5924537142325548
0.31700145166354515,0.5475085881965001
0.317040996311072,-0.21613653790317588
0.3170805409585989,-0.21025964460876745
0.31712008560612576,-0.20449232208015733
0.3171596302536526,-0.19883398256370155
0.3171991749011795,-0.19322937094433446
0.31723871954870636,-0.18497325204711368
0.3172782641962332,-0.17682129567894833
0.31731780884376004,-0.16873943245142264
0.3173573534912869,-0.16072807391437838
0.3173968981388138,-0.152787633343749
0.31743644278634064,-0.14412826904777232
0.3174759874338675,-0.1354858956003686
0.3175155320813944,-0.12670195885373037
0.31755507672892125,-0.11768725884659359
0.3175946213764481,-0.1085272518712852
0.31763416602397493,-0.3619738364038203
0.3176737106715018,-0.3706457142672326
0.31771325531902866,-0.3792827127755527
0.31775279996655553,-0.3878851337499478
0.3177923446140824,-0.39648654493394675
0.31783188926160927,-0.4051046298259111
0.31787143390913614,-0.4137482915785142
0.31791097855666295,-0.42300610960368346
0.3179505232041898,-0.43295166428773113
0.3179900678517167,-0.4429283318667774
0.31802961249924355,-0.4529355401631645
0.3180691571467704,-0.4624116974908947
0.3181087017942973,-0.4719283993076986
0.31814824644182416,-0.4814850100865078
0.318187791089351,-0.4910808955014909
0.3182273357368779,-0.47700815273641384
0.3182668803844047,-0.4615965117773171
0.3183064250319316,-0.4461697612891804
0.31834596967945844,-0.4307285837990875
0.3183855143269853,-0.4152795160908207
0.3184250589745122,0.30704865760906985
0.31846460362203904,0.35224391392159626
0.3185041482695659,0.3865900172275487
0.3185436929170927,0.41384671612827884
0.3185832375646196,0.44107742747822254
0.31862278221214646,0.4682821219503994
0.31866232685967333,0.49553619887249356
0.3187018715072002,0.522842859396746
0.31874141615472706,0.5136068594890921
0.31878096080225393,0.5003045430314566
0.3188205054497808,0.48712465088902457
0.31886005009730767,0.4740556788636754
0.3188995947448345,0.46103811568468567
0.31893913939236135,0.4480465742040356
0.3189786840398882,0.435499265555356
0.3190182286874151,0.39518006472224876
0.31905777333494195,0.34083182299671577
0.3190973179824688,0.2856845978457323
0.3191368626299957,0.23054689334900758
0.3191764072775225,0.20761853386861562
0.31921595192504937,0.20316873350877795
0.31925549657257624,0.2190563678957682
0.3192950412201031,0.23689273941322142
0.31933458586762997,0.25482111414525743
0.31937413051515684,0.27285268883253666
0.3194136751626837,0.2781604339896142
0.3194532198102106,0.2596269649958822
0.31949276445773744,0.2412344635709105
0.31953230910526426,0.22291558788071741
0.3195718537527911,0.2046524224830808
0.319611398400318,0.18644522487636372
0.31965094304784486,0.1682937948579788
0.31969048769537173,0.15017324769119966
0.3197300323428986,0.13345738308459687
0.31976957699042546,0.11963086001387646
0.3198091216379523,0.09874272396521677
0.31984866628547914,0.07782233319695964
0.319888210933006,0.05691054578008403
0.3199277555805329,0.036298630636791174
0.31996730022805975,0.017438541567611487
0.3200068448755866,-0.0014154274311830584
0.3200463895231135,0.05500069570749977
0.32008593417064035,0.11272857468309505
0.3201254788181672,0.17055855049312374
0.32016502346569403,0.22850853972139307
0.3202045681132209,0.2453889976492758
0.32024411276074777,0.22597130887235917
0.32028365740827464,0.15806682340029798
0.3203232020558015,0.07259575001310292
0.32036274670332837,-0.012867199086804337
0.32040229135085524,-0.09847725197687218
0.32044183599838205,-0.1681160375605013
0.3204813806459089,-0.19560591477203415
0.3205209252934358,-0.22324536539777418
0.32056046994096266,-0.21883345130550458
0.3206000145884895,-0.20740092404804367
0.3206395592360164,-0.1950952390429861
0.32067910388354326,-0.1769568956159122
0.3207186485310701,-0.15877844528422136
0.320758193178597,-0.14055993457229432
0.3207977378261238,-0.12330766719775621
0.3208372824736507,-0.10712944388412904
0.32087682712117754,-0.09099208430295436
0.3209163717687044,-0.07392694695544355
0.3209559164162313,-0.05695834746240669
0.32099546106375815,-0.04221637431067826
0.321035005711285,-0.030903364636885478
0.3210745503588118,-0.036774421767570065
0.3211140950063387,-0.05201954484386251
0.32115363965386556,-0.06710218594187811
0.32119318430139243,-0.082002250363022
0.3212327289489193,-0.09790803233455181
0.32127227359644617,-0.11576769079704796
0.32131181824397304,-0.13141257388926997
0.3213513628914999,-0.123070846194
0.32139090753902677,-0.11481768110194812
0.3214304521865536,-0.1066524846689374
0.32146999683408045,-0.09852048798913637
0.3215095414816073,-0.1317097265997722
0.3215490861291342,-0.16968515316496458
0.32158863077666106,-0.2170186774499463
0.3216281754241879,-0.26816633486953734
0.3216677200717148,-0.3192492053279352
0.3217072647192416,-0.31424852303685435
0.32174680936676847,-0.3001323864077885
0.32178635401429534,-0.2858618189666333
0.3218258986618222,-0.27169605717609047
0.3218654433093491,-0.28223265486504845
0.32190498795687594,-0.292794676158064
0.3219445326044028,-0.30337884181274255
0.3219840772519297,-0.3139578952542643
0.32202362189945655,-0.35052044527239223
0.32206316654698336,-0.4595891559596268
0.3221027111945102,-0.508548113818486
0.3221422558420371,-0.5218646297355125
0.32218180048956396,-0.5352077353678037
0.32222134513709083,-0.5485779302294427
0.3222608897846177,-0.5620059697410733
0.32230043443214457,-0.5754998686008919
0.3223399790796714,-0.5889964922612481
0.32237952372719825,-0.5584077981534299
0.3224190683747251,-0.5380327192066887
0.322458613022252,-0.5296282208322531
0.32249815766977885,-0.5211083396722791
0.3225377023173057,-0.5124747266823446
0.3225772469648326,-0.5037290305033721
0.32261679161235945,-0.49490292795863766
0.3226563362598863,-0.47125759928743527
0.32269588090741314,-0.4445622792178696
0.32273542555494,-0.43516911503712885
0.32277497020246687,-0.4707795089355682
0.32281451484999374,-0.5064497012997529
0.3228540594975206,-0.5421596511270321
0.3228936041450475,-0.5778583441869447
0.32293314879257434,-0.6151568225932302
0.32297269344010116,-0.6397319025406896
0.323012238087628,-0.641834241860264
0.3230517827351549,-0.6439199514474745
0.32309132738268176,-0.6459415826893324
0.3231308720302086,-0.6479380667262005
0.3231704166777355,-0.6499160534877806
0.32320996132526236,-0.6519027367161225
0.32324950597278923,-0.6446342789331108
0.3232890506203161,-0.6366841917025181
0.3233285952678429,-0.6288282438980439
0.3233681399153698,-0.6210661715564338
0.32340768456289665,-0.6133977123808538
0.3234472292104235,-0.6240245947365111
0.3234867738579504,-0.6398354764073959
0.32352631850547725,-0.6320211168737959
0.3235658631530041,-0.619006227417322
0.32360540780053093,-0.6061056121300257
0.3236449524480578,-0.5932385340264452
0.32368449709558467,-0.580405317384252
0.32372404174311153,-0.5675218937047606
0.3237635863906384,-0.5545892457066097
0.32380313103816527,-0.5227073205628088
0.32384267568569214,-0.48916114819850876
0.323882220333219,-0.4644535848385094
0.3239217649807459,-0.49534079997900227
0.3239613096282727,-0.5262296317779911
0.32400085427579955,-0.6866685059340538
0.3240403989233264,-0.711802337006787
0.3240799435708533,-0.7060858810389217
0.32411948821838016,-0.7005369060144537
0.324159032865907,-0.6847802324867174
0.3241985775134339,-0.6536033572382229
0.3242381221609607,-0.6225971942485522
0.3242776668084876,-0.5909983098497578
0.32431721145601444,-0.5729918044106883
0.3243567561035413,-0.5860711242806134
0.3243963007510682,-0.5991290368992015
0.32443584539859505,-0.6121614385734491
0.3244753900461219,-0.6251375212306063
0.3245149346936488,-0.638058293912529
0.32455447934117565,-0.6509403827887308
0.32459402398870246,-0.6638352796789246
0.32463356863622933,-0.6767678572142328
0.3246731132837562,-0.6897923170561806
0.32471265793128307,-0.7028617565941673
0.32475220257880993,-0.7158554162668413
0.3247917472263368,-0.7288180244643576
0.32483129187386367,-0.7418704570708146
0.3248708365213905,-0.81360454547168
0.32491038116891735,-0.7990168617839095
0.3249499258164442,-0.7845520393197352
0.3249894704639711,-0.770185419412706
0.32502901511149795,-0.7559159457865654
0.3250685597590248,-0.740933634545244
0.3251081044065517,-0.7163643756931184
0.32514764905407856,-0.6809235108980398
0.3251871937016054,-0.6455985138612599
0.32522673834913224,-0.6103905449828044
0.3252662829966591,-0.575271449150061
0.325305827644186,-0.6609380108134504
0.32534537229171284,-0.6789773207004539
0.3253849169392397,-0.6970053666892846
0.3254244615867666,-0.7150220146924964
0.32546400623429345,-0.7325509131442942
0.32550355088182026,-0.750059216818324
0.3255430955293471,-0.7675801617041809
0.325582640176874,-0.7851282130626527
0.32562218482440086,-0.8027055857169278
0.32566172947192773,-0.8203151415660859
0.3257012741194546,-0.8080763540249638
0.32574081876698147,-0.7915616412929474
0.32578036341450833,-0.7898099531934815
0.3258199080620352,-0.7881286249415682
0.325859452709562,-0.786560278366871
0.3258989973570889,-0.785119728749728
0.32593854200461575,-0.7838047780304671
0.3259780866521426,-0.7825911754424402
0.3260176312996695,-0.7814796912212927
0.32605717594719635,-0.7697276942620639
0.3260967205947232,-0.7507181101808302
0.32613626524225003,-0.7111909709270434
0.3261758098897769,-0.6716020067406996
0.32621535453730377,-0.6583052101896958
0.32625489918483064,-0.6611652965532824
0.3262944438323575,-0.6738489736500393
0.3263339884798844,-0.6909060759933356
0.32637353312741124,-0.7080501610423267
0.3264130777749381,-0.7253365100097238
0.326452622422465,-0.7427656719710094
0.3264921670699918,-0.7603153827826055
0.32653171171751866,-0.7779321073951779
0.3265712563650455,-0.7515322142571272
0.3266108010125724,-0.6924810512701054
0.32665034566009926,-0.6334272975972293
0.32668989030762613,-0.5735566855880738
0.326729434955153,-0.5138084992078182
0.3267689796026798,-0.5318329511406708
0.3268085242502067,-0.5522930203364531
0.32684806889773355,-0.5727607867760911
0.3268876135452604,-0.5882589453321438
0.3269271581927873,-0.5724793575538611
0.32696670284031415,-0.5566828338830101
0.327006247487841,-0.5408696393064845
0.3270457921353679,-0.5250400381086955
0.32708533678289475,-0.5091942938715608
0.32712488143042157,-0.4550834377090536
0.32716442607794843,-0.400992732353163
0.3272039707254753,-0.4016268802056291
0.32724351537300217,-0.40526966891512073
0.32728306002052904,-0.40894240472142185
0.3273226046680559,-0.39516991491593734
0.3273621493155828,-0.3716544347079558
0.3274016939631096,-0.3377639865513644
0.32744123861063645,-0.30391551482755874
0.3274807832581633,-0.31733721484989097
0.3275203279056902,-0.3415499000403286
0.32755987255321706,-0.3658002344051918
0.3275994172007439,-0.39008806112413463
0.3276389618482708,-0.7917824299950422
0.32767850649579766,-0.786596206819298
0.32771805114332453,-0.7814848266605301
0.32775759579085134,-0.776451372047827
0.3277971404383782,-0.7714381486557231
0.3278366850859051,-0.7439309025143972
0.32787622973343195,-0.6843214447059505
0.3279157743809588,-0.6246852405829548
0.3279553190284857,-0.5650228790035272
0.32799486367601255,-0.5053004969829664
0.32803440832353936,-0.4874961627416079
0.32807395297106623,-0.4762728187535106
0.3281134976185931,-0.46496962493823446
0.32815304226611997,-0.45358599400338306
0.32819258691364683,-0.44224211075246567
0.3282321315611737,-0.4319032905021438
0.32827167620870057,-0.42179522260018176
0.32831122085622744,-0.4118517392953347
0.3283507655037543,-0.4020314627218178
0.3283903101512811,-0.392204694600792
0.328429854798808,-0.38236545241005837
0.32846939944633485,-0.3725135017138115
0.3285089440938617,-0.3626620642059035
0.3285484887413886,-0.35281420683779086
0.32858803338891546,-0.34296952410196724
0.3286275780364423,-0.333153129631075
0.32866712268396914,-0.3234410175816511
0.328706667331496,-0.3402824765710384
0.3287462119790229,-0.3715716252274026
0.32878575662654974,-0.4100859523640792
0.3288253012740766,-0.4485780917116622
0.3288648459216035,-0.48703085240678456
0.32890439056913034,-0.5254434546495466
0.3289439352166572,-0.5638290022451673
0.3289834798641841,-0.6022370699831896
0.3290230245117109,-0.5949710071090597
0.32906256915923776,-0.5782854245580742
0.32910211380676463,-0.5616237555492325
0.3291416584542915,-0.5450568740418302
0.32918120310181836,-0.5677386224370764
0.32922074774934523,-0.5991343299424079
0.3292602923968721,-0.630506520820505
0.3292998370443989,0.1561451455590097
0.3293393816919258,0.14503437386267848
0.32937892633945265,0.13385784635756037
0.3294184709869795,0.12260924934666573
0.3294580156345064,0.1112784706887795
0.32949756028203325,0.0998655304407512
0.3295371049295601,0.08910822033235366
0.329576649577087,0.08386933639142136
0.32961619422461386,0.07855063043239019
0.32965573887214067,0.07316664481492241
0.32969528351966754,0.06775815432986354
0.3297348281671944,0.06232622710566904
0.3297743728147213,0.08009780858914883
0.32981391746224814,0.10589525446078829
0.329853462109775,0.1318221109489528
0.3298930067573019,0.15778451137970517
0.3299325514048287,0.18326636265508967
0.32997209605235556,0.20870537842746506
0.3300116406998824,0.23336017689891397
0.3300511853474093,0.23852299551842204
0.33009072999493616,0.24359281359817775
0.33013027464246303,0.2485884431550831
0.3301698192899899,0.25350982716482307
0.33020936393751676,0.2583569073254184
0.33024890858504363,0.263158110394738
0.33028845323257044,0.26861785048248077
0.3303279978800973,0.29263075343772593
0.3303675425276242,0.31665563348241754
0.33040708717515105,0.3406924656216077
0.3304466318226779,0.36474122532711073
0.3304861764702048,0.310117244393719
0.33052572111773165,0.33193957904679694
0.33056526576525846,0.3541979993192226
0.33060481041278533,0.3765806263967679
0.3306443550603122,0.39895591656871066
0.33068389970783907,0.42132397752172146
0.33072344435536594,0.44368491701775614
0.3307629890028928,0.46597978288257114
0.3308025336504197,0.488172536878245
0.33084207829794654,0.5102614756267378
0.3308816229454734,0.5322516374375126
0.3309211675930002,0.545103929379867
0.3309607122405271,0.5355247929265334
0.33100025688805396,0.5116421170725247
0.3310398015355808,0.45972416401418803
0.3310793461831077,0.4078158339529203
0.33111889083063456,0.3559176369970318
0.33115843547816143,0.3040298842857605
0.33119798012568824,0.2521470481174095
0.3312375247732151,0.2105349978916986
0.331277069420742,0.17677367689884793
0.33131661406826884,0.14296228706896752
0.3313561587157957,0.10910074853776885
0.3313957033633226,0.07528942853333076
0.33143524801084945,0.041526734117433683
0.3314747926583763,0.007713415547657032
0.3315143373059032,0.019085442563312682
0.33155388195343,0.031406805933024806
0.33159342660095686,0.057069787574827835
0.33163297124848373,0.09228667561413051
0.3316725158960106,0.12748193604915325
0.33171206054353747,0.4851413159269411
0.33175160519106434,0.47804125842381806
0.3317911498385912,0.47096891227171067
0.331830694486118,0.46385785923585665
0.3318702391336449,0.4558591039946318
0.33190978378117175,0.4479448930994243
0.3319493284286986,0.44011364981395307
0.3319888730762255,0.43227678522098634
0.33202841772375236,0.4244290836999296
0.3320679623712792,0.427806489912661
0.3321075070188061,0.44544837923315317
0.33214705166633296,0.463049060638947
0.33218659631385977,0.48057970419043805
0.33222614096138664,0.4980179659321933
0.3322656856089135,0.5153687883890341
0.3323052302564404,0.5326313281445199
0.33234477490396724,0.5351628984825374
0.3323843195514941,0.5284281133414863
0.332423864199021,0.5217683971450606
0.3324634088465478,0.5173896791465777
0.33250295349407466,0.5133374950239009
0.33254249814160153,0.509336203092976
0.3325820427891284,0.5053383504873605
0.33262158743665526,0.4906469491082035
0.33266113208418213,0.45972581900132337
0.332700676731709,0.438088979774339
0.33274022137923587,0.4349221446230991
0.33277976602676274,0.43178406477887776
0.33281931067428955,0.4286837254066538
0.3328588553218164,0.42562371065638605
0.3328983999693433,0.41849360310641925
0.33293794461687015,0.3866565290867374
0.332977489264397,0.3548628512646932
0.3330170339119239,0.32296986849735854
0.33305657855945076,0.2908477453549705
0.33309612320697757,0.2585796640843556
0.33313566785450444,0.22629860032312132
0.3331752125020313,0.6145355973049211
0.33321475714955817,0.5555625559769464
0.33325430179708504,0.4930971179803425
0.3332938464446119,0.43062041759195235
0.3333333910921388,0.3681328844841145
0.33337293573966564,0.3313899463293666
0.3334124803871925,0.3377460238446228
0.3334520250347193,0.3442522154484591
0.3334915696822462,0.3507845593772041
0.33353111432977306,0.3573293320834714
0.3335706589772999,0.4017299834814203
0.3336102036248268,0.4643377796957835
0.33364974827235366,0.5107065858371742
0.33368929291988053,0.5329901085852415
0.33372883756740734,0.5461057074541436
0.3337683822149342,0.5479890278107078
0.3338079268624611,0.5497469344592756
0.33384747150998795,0.5514276543961114
0.3338870161575148,0.5531309860545952
0.3339265608050417,0.5549092430530274
0.33396610545256855,0.5567625491346635
0.3340056501000954,0.558645100954072
0.3340451947476223,0.4268942029851628
0.3340847393951491,0.41427220338995285
0.33412428404267597,0.40161073235749445
0.33416382869020284,0.3888835411808764
0.3342033733377297,0.3761301287849097
0.33424291798525657,0.36334430856185396
0.33428246263278344,0.3505264012661371
0.3343220072803103,0.3376780800935517
0.3343615519278371,0.32485000212806403
0.334401096575364,0.31204196810938223
0.33444064122289086,0.2992440240551577
0.3344801858704177,0.2763827046148717
0.3345197305179446,0.2387240533105226
0.33455927516547146,0.2010128129118396
0.3345988198129983,0.18299873656259757
0.3346383644605252,0.19020801847460467
0.33467790910805206,0.19724935213557826
0.3347174537555789,0.20417325055456503
0.33475699840310574,0.21104256369173902
0.3347965430506326,0.21781948195103062
0.3348360876981595,0.22451769250993125
0.33487563234568635,0.5033800040213703
0.3349151769932132,0.4848659319045052
0.3349547216407401,0.46633143816610234
0.3349942662882669,0.44777557715569705
0.33503381093579376,0.4291974030316479
0.33507335558332063,0.41056601340252996
0.3351129002308475,0.3918495193744853
0.33515244487837437,0.3604292913468554
0.33519198952590123,0.3226875983154862
0.3352315341734281,0.2855748814920749
0.33527107882095497,0.24837349671949038
0.33531062346848184,0.29796984434032003
0.33535016811600865,0.34807827797375435
0.3353897127635355,0.39817030424892863
0.3354292574110624,0.44367290813221816
0.33546880205858925,0.4726699188237746
0.3355083467061161,0.4202413398067506
0.335547891353643,0.3677899332978698
0.33558743600116986,0.3153157639923707
0.33562698064869667,0.26278393820358614
0.33566652529622354,0.21016523959899036
0.3357060699437504,0.16573785121482842
0.3357456145912773,0.1764716371706916
0.33578515923880414,0.19668097962535613
0.335824703886331,0.2168474990200555
0.3358642485338579,0.2369701509633182
0.33590379318138475,0.25711454960793834
0.3359433378289116,0.27728564714402903
0.3359828824764384,0.2975511712643173
0.3360224271239653,0.2742795083537186
0.33606197177149216,0.2031271535456809
0.33610151641901903,0.1328065480102505
0.3361410610665459,0.06960189845632492
0.33618060571407277,0.05203104910845724
0.33622015036159963,0.08017854630702148
0.33625969500912645,0.1083167001118368
0.3362992396566533,0.13635063947723802
0.3363387843041802,0.16416319282597014
0.33637832895170705,0.19190833962821285
0.3364178735992339,0.20308163467261364
0.3364574182467608,0.1971199813483797
0.33649696289428765,0.19127114241424614
0.3365365075418145,0.18553584304826698
0.3365760521893414,0.14926766052925666
0.3366155968368682,0.10537099593122923
0.33665514148439507,0.0614904641565972
0.33669468613192194,0.017624797637143086
0.3367342307794488,-0.02621094202106855
0.3367737754269757,-0.0798860729515547
0.33681332007450254,-0.14285050789740028
0.3368528647220294,-0.2058342500990067
0.3368924093695562,-0.2688372260189018
0.3369319540170831,-0.3318593625344306
0.33697149866460996,-0.39489002180773225
0.3370110433121368,-0.45792279010542325
0.3370505879596637,-0.4955655277304083
0.33709013260719056,-0.5131136682170228
0.33712967725471743,-0.530678956378241
0.3371692219022443,-0.5482614281391371
0.33720876654977117,-0.565861119793464
0.337248311197298,-0.6042766368084238
0.33728785584482485,-0.5369358821289536
0.3373274004923517,-0.40926817983291475
0.3373669451398786,-0.33769538188898984
0.33740648978740545,-0.339314094196403
0.3374460344349323,-0.34094578177979695
0.3374855790824592,-0.3425899349446335
0.337525123729986,-0.3442382006447926
0.33756466837751287,-0.3672140848657044
0.33760421302503973,-0.4022322724519838
0.3376437576725666,-0.44102688650941113
0.33768330232009347,-0.47972619257180193
0.33772284696762034,-0.518329760528736
0.3377623916151472,-0.5568863100807442
0.3378019362626741,-0.5954601383392477
0.33784148091020094,-0.25814494802959853
0.33788102555772775,-0.30039494685311974
0.3379205702052546,-0.34262353968314985
0.3379601148527815,-0.38483051971458515
0.33799965950030836,-0.4101181882418281
0.3380392041478352,-0.41154339847618093
0.3380787487953621,-0.4130408368092824
0.33811829344288896,-0.41461010810472576
0.3381578380904158,-0.41625081878744385
0.33819738273794264,-0.4207199730215896
0.3382369273854695,-0.45080001305475204
0.3382764720329964,-0.46793424388791527
0.33831601668052325,-0.48513476428932867
0.3383555613280501,-0.5023667251837631
0.338395105975577,-0.5195986127535361
0.33843465062310385,-0.5368312907224375
0.3384741952706307,-0.5540656226149858
0.33851373991815753,-0.5620584509919353
0.3385532845656844,-0.5439814977222532
0.33859282921321127,-0.5270202504285995
0.33863237386073813,-0.5122148424909341
0.338671918508265,-0.4961238495919873
0.33871146315579187,-0.4968570091474209
0.33875100780331874,-0.5224757677038991
0.33879055245084555,-0.5480403877273718
0.3388300970983724,-0.573554136561123
0.3388696417458993,-0.9817712927513069
0.33890918639342615,-0.9817248013112225
0.338948731040953,-0.981666691116327
0.3389882756884799,-0.9816160750862815
0.33902782033600676,-0.9816033991124882
0.3390673649835336,-0.9816316932777185
0.3391069096310605,-0.9362060695123575
0.3391464542785873,-0.8828213428404603
0.3391859989261142,-0.8294710811264592
0.33922554357364104,-0.7761189418751449
0.3392650882211679,-0.7227644058180229
0.3393046328686948,-0.7103648341529851
0.33934417751622165,-0.7100162685012776
0.3393837221637485,-0.7096356142003999
0.3394232668112753,-0.7091942880547468
0.3394628114588022,-0.7086923357697783
0.33950235610632906,-0.7078579980387212
0.33954190075385593,-0.7069974428711072
0.3395814454013828,-0.7060999406575621
0.33962099004890967,-0.7051652369831145
0.33966053469643653,-0.7051744352343308
0.3397000793439634,-0.7065038502301704
0.33973962399149027,-0.7077983733768987
0.3397791686390171,-0.7090592666569511
0.33981871328654395,-0.7104859288637333
0.3398582579340708,-0.7120802903191645
0.3398978025815977,-0.7138423960957492
0.33993734722912455,-0.7157151546856899
0.3399768918766514,-0.7242769070960913
0.3400164365241783,-0.7338210340857523
0.3400559811717051,-0.7432015606636586
0.34009552581923197,-0.7523915754504582
0.34013507046675884,-0.7613903935356263
0.3401746151142857,-0.7701973260635291
0.3402141597618126,-0.77883599084644
0.34025370440933944,-0.7874251026757992
0.3402932490568663,-0.7959717037439278
0.3403327937043932,-0.7931206834260234
0.34037233835192005,-0.7868901869211742
0.34041188299944686,-0.7806762998564962
0.3404514276469737,-0.7744877093334335
0.3404909722945006,-0.7683246395131595
0.34053051694202746,-0.7621873149799865
0.34057006158955433,-0.7560405109705073
0.3406096062370812,-0.7498767821952588
0.34064915088460807,-0.7436967256325926
0.3406886955321349,-0.0676903227829957
0.34072824017966175,-0.0704797809119535
0.3407677848271886,-0.1545336126676582
0.3408073294747155,-0.23856535140413238
0.34084687412224235,-0.2461773906091551
0.3408864187697692,-0.19041934630779211
0.3409259634172961,-0.13460067335340886
0.34096550806482295,-0.07872146764143872
0.3410050527123498,-0.025546432321267076
0.34104459735987663,-0.028795829717895405
0.3410841420074035,-0.07202568201161874
0.34112368665493037,-0.12622373822161714
0.34116323130245724,-0.18045016053043383
0.3412027759499841,-0.23469519112813186
0.341242320597511,-0.2526596855755252
0.34128186524503784,-0.2670893013814224
0.34132140989256465,-0.28145377707492125
0.3413609545400915,-0.287757041622835
0.3414004991876184,-0.2555144332749695
0.34144004383514526,-0.22318426204976305
0.3414795884826721,-0.19086885872928372
0.341519133130199,-0.15858175530377627
0.34155867777772586,-0.12632298078019888
0.34159822242525273,-0.09409226248991454
0.3416377670727796,-0.05932018890828816
0.3416773117203064,-0.020241327493333294
0.3417168563678333,0.022069319686210065
0.34175640101536015,0.08373275617325993
0.341795945662887,0.14545490486911872
0.3418354903104139,0.20137308453540737
0.34187503495794075,0.2089430327194859
0.3419145796054676,0.21650700124786537
0.34195412425299443,0.2240656227878537
0.3419936689005213,0.2316195298869097
0.34203321354804817,0.21889796171472264
0.34207275819557503,0.2009351066240641
0.3421123028431019,0.18297938531798685
0.34215184749062877,0.1649708980614335
0.34219139213815564,0.14692477367042045
0.3422309367856825,0.13743117113985281
0.3422704814332094,0.23090915698775527
0.3423100260807362,0.32442405890046144
0.34234957072826305,0.41797544553979593
0.3423891153757899,0.5115628862517783
0.3424286600233168,0.5343590074267439
0.34246820467084366,0.4973669489366497
0.3425077493183705,0.46028549535972996
0.3425472939658974,0.4231831289451402
0.3425868386134242,0.38606131320935155
0.3426263832609511,0.3557898348451465
0.34266592790847794,0.3578635583698482
0.3427054725560048,0.3600244307670559
0.3427450172035317,0.3622537639985661
0.34278456185105854,0.3645179834602099
0.3428241064985854,0.37012251254478334
0.3428636511461123,0.43692806363994263
0.34290319579363915,0.5037683513037892
0.34294274044116596,0.547658748465921
0.34298228508869283,0.5678579551446434
0.3430218297362197,0.5837291936217848
0.34306137438374656,0.5472120542296763
0.34310091903127343,0.5106952841352435
0.3431404636788003,0.47417888544337394
0.34318000832632717,0.437662860104965
0.343219552973854,0.4233656111974451
0.34325909762138085,0.42941565520709224
0.3432986422689077,0.43550269242059025
0.3433381869164346,0.44161830616896713
0.34337773156396145,0.4477620237813831
0.3434172762114883,0.45393337300495684
0.3434568208590152,0.46010597381146257
0.34349636550654206,0.46625191443420366
0.3435359101540689,0.46174952410228354
0.34357545480159574,0.45004767670560053
0.3436149994491226,0.44592291162907705
0.3436545440966495,0.44530405578903753
0.34369408874417634,0.44473163648738856
0.3437336333917032,0.44420629587028326
0.3437731780392301,0.44392397336124745
0.34381272268675694,0.44372158454993693
0.34385226733428376,0.4292448037325314
0.3438918119818106,0.4155713250874493
0.3439313566293375,0.4019022077122689
0.34397090127686436,0.38821363472277604
0.34401044592439123,0.374505056745964
0.3440499905719181,0.36077592385928137
0.34408953521944496,0.3470461006963048
0.34412907986697183,0.3608721340289187
0.3441686245144987,0.3954530930441589
0.3442081691620255,0.43329013834560204
0.3442477138095524,0.4922766340879652
0.34428725845707925,0.5513060579303133
0.3443268031046061,0.6103785565937634
0.344366347752133,0.6694942775452124
0.34440589239965985,0.7131022493945385
0.3444454370471867,0.7213835981216015
0.34448498169471353,0.7296127071209386
0.3445245263422404,0.737790689796884
0.34456407098976727,0.7459186583690949
0.34460361563729414,0.7534226870857759
0.344643160284821,0.7610804242191698
0.34468270493234787,0.7687624708175052
0.34472224957987474,0.7235909398673037
0.3447617942274016,0.6644375455702698
0.3448013388749285,0.605307271621887
0.3448408835224553,1.0881902950479834
0.34488042816998216,1.0266827791708057
0.344919972817509,0.7167517851113252
0.3449595174650359,0.726150553062145
0.34499906211256276,0.735500100654443
0.34503860676008963,0.7448000941881152
0.3450781514076165,0.7542322883342503
0.3451176960551433,0.7636962299901819
0.3451572407026702,0.7731923844544633
0.34519678535019704,0.7827212173539846
0.3452363299977239,1.1111772983673864
0.3452758746452508,1.1297713252834436
0.34531541929277765,1.1261185823877078
0.3453549639403045,1.1110350096122312
0.3453945085878314,1.095980090877596
0.34543405323535825,1.0809543736072897
0.34547359788288506,1.0659133607618436
0.34551314253041193,1.0508506539401847
0.3455526871779388,1.0357884355643354
0.34559223182546567,1.020726958731816
0.34563177647299254,1.0056664761154375
0.3456713211205194,0.9906072399632997
0.34571086576804627,0.9773512598264702
0.3457504104155731,0.9806936581606864
0.34578995506309995,0.984038057155094
0.3458294997106268,0.9873686603280247
0.3458690443581537,0.9858673032007386
0.34590858900568056,0.9837594854656193
0.3459481336532074,0.9817328913308958
0.3459876783007343,0.9796840400663256
0.34602722294826116,0.9730676285358713
0.346066767595788,0.9544633958356523
0.34610631224331484,0.935883465757152
0.3461458568908417,0.9173283625212116
0.3461854015383686,0.8987986104961161
0.34622494618589544,0.8802947341976202
0.3462644908334223,0.8771190080951561
0.3463040354809492,0.8769448304313467
0.34634358012847605,0.8312771165129207
0.34638312477600286,0.7792327167348501
0.3464226694235297,0.7271155020576718
0.3464622140710566,0.6749246756248284
0.34650175871858346,0.6226594387632649
0.34654130336611033,0.6469750459291248
0.3465808480136372,0.6717020307467712
0.34662039266116407,0.6969697357664413
0.34665993730869094,0.7206632943210516
0.3466994819562178,0.7430220049357676
0.3467390266037446,0.7654357507536349
0.3467785712512715,0.7878077976798075
0.34681811589879835,0.8101382856258916
0.3468576605463252,0.832427353476417
0.3468972051938521,0.8546174833501832
0.34693674984137896,0.849046516904751
0.3469762944889058,0.8622885745121889
0.34701583913643264,0.8839660713605322
0.3470553837839595,0.8799967012375958
0.34709492843148637,0.8675498090621603
0.34713447307901324,0.8551136616303867
0.3471740177265401,0.8426719117426211
0.347213562374067,0.8302237596917212
0.34725310702159384,0.8201938841599739
0.3472926516691207,0.8104395684774679
0.3473321963166476,0.8007275285533604
0.3473717409641744,0.7910582191007212
0.34741128561170126,0.7820009853121745
0.3474508302592281,0.7682201500807309
0.347490374906755,0.7343435067719439
0.34752991955428186,0.70167237056872
0.34756946420180873,0.7068256113273494
0.3476090088493356,0.71195505208477
0.3476485534968624,0.7195497901155843
0.3476880981443893,0.7562481513980601
0.34772764279191615,0.7928608926122402
0.347767187439443,0.8293872736549148
0.3478067320869699,0.8658899115451781
0.34784627673449675,0.8967155948948169
0.3478858213820236,0.9120727192704936
0.3479253660295505,0.9274160384344561
0.34796491067707735,0.8618257163781347
0.34800445532460417,0.7725594869776362
0.34804399997213104,0.6832702090245308
0.3480835446196579,0.593952563534129
0.34812308926718477,0.5315371920730172
0.34816263391471164,0.5357568227626306
0.3482021785622385,0.5400161019565886
0.3482417232097654,0.5443144690436963
0.3482812678572922,0.5396352001559932
0.34832081250481906,0.5326906601051777
0.3483603571523459,0.5257010647658635
0.3483999017998728,0.5186590467544918
0.34843944644739966,0.5115631603017032
0.3484789910949265,0.518202215389203
0.3485185357424534,0.5360380815121308
0.34855808038998026,0.5310585369402023
0.34859762503750713,0.5260073986279026
0.34863716968503394,0.5209790463746939
0.3486767143325608,0.5159745622403005
0.3487162589800877,0.5109950285129892
0.34875580362761455,0.5015201734726342
0.3487953482751414,0.49047232287717657
0.3488348929226683,0.47958635384701553
0.34887443757019515,0.4687728425720228
0.34891398221772196,0.4580307400317438
0.34895352686524883,0.4473974550858748
0.3489930715127757,0.4367931558119609
0.34903261616030257,0.4261905924024889
0.34907216080782943,0.41435771336162475
0.3491117054553563,0.402485901152275
0.34915125010288317,0.3905759212306843
0.34919079475041004,0.37454422282850564
0.3492303393979369,0.35184596094615106
0.3492698840454637,0.32920300219633214
0.3493094286929906,0.157383897163613
0.34934897334051745,0.11730239146950527
0.3493885179880443,0.07726565959988907
0.3494280626355712,0.03727367266460657
0.34946760728309806,-0.002672076251167166
0.3495071519306249,-0.04257186546704572
0.34954669657815174,-0.08246104630760831
0.3495862412256786,-0.10998624679322555
0.3496257858732055,-0.01579227971346331
0.34966533052073234,0.08145953159435004
0.3497048751682592,0.12943876820509415
0.3497444198157861,0.11050926386375748
0.34978396446331295,0.0915232644849846
0.3498235091108398,0.07250987375543128
0.3498630537583667,0.05346919813071249
0.3499025984058935,0.034408836244133933
0.34994214305342036,0.015340998477857415
0.34998168770094723,-0.0037344074729603882
0.3500212323484741,-0.0037313421944631386
0.35006077699600097,0.005089382353033578
0.35010032164352783,0.013873248746145705
0.3501398662910547,0.02261987496897211
0.3501794109385815,0.03132887829374198
0.3502189555861084,0.040001475135004405
0.35025850023363525,0.04930325047355444
0.3502980448811621,0.054419272943547536
0.350337589528689,0.05277025092973853
0.35037713417621585,0.05108592281761659
0.3504166788237427,0.04936587945516546
0.3504562234712696,0.04760971115096124
0.35049576811879646,0.04583918898802297
0.35053531276632327,0.004503909817259011
0.35057485741385014,-0.04544699364493887
0.350614402061377,-0.06547177080891808
0.3506539467089039,-0.07575451511818398
0.35069349135643074,-0.0860648641597681
0.3507330360039576,-0.09636933357465516
0.3507725806514845,-0.10664635595866034
0.3508121252990113,-0.11685253958276531
0.35085166994653816,-0.12697498541198726
0.350891214594065,-0.13704559670711758
0.3509307592415919,-0.14719703090578884
0.35097030388911876,-0.15792748306319204
0.35100984853664563,-0.16861891883123725
0.3510493931841725,-0.17928248945797565
0.35108893783169937,-0.1899175480657802
0.35112848247922623,-0.2005234470817392
0.35116802712675305,-0.18906810998578827
0.3512075717742799,-0.16503279771349133
0.3512471164218068,-0.17985453111701544
0.35128666106933365,-0.327176938408543
0.3513262057168605,-0.7730475510855093
0.3513657503643874,-0.7490080492671951
0.35140529501191425,-0.7250568140927562
0.35144483965944107,-0.7011749191802954
0.35148438430696793,-0.6855906472167095
0.3515239289544948,-0.6737303345983148
0.35156347360202167,-0.6620194349468869
0.35160301824954854,-0.6504562907866203
0.3516425628970754,-0.6390379549540941
0.3516821075446023,-0.6275834689577797
0.35172165219212914,-0.6160916596658881
0.351761196839656,-0.6045627758206349
0.3518007414871828,-0.5962208618250924
0.3518402861347097,-0.6078941393650288
0.35187983078223656,-0.6190989222242291
0.3519193754297634,-0.6303361102446896
0.3519589200772903,-0.6416060765430256
0.35199846472481716,-0.6456047746812992
0.35203800937234403,-0.6458240946126619
0.35207755401987084,-0.6461011417378524
0.3521170986673977,-0.6464139266760385
0.3521566433149246,-0.6467483202171791
0.35219618796245145,-0.647104096188706
0.3522357326099783,-0.647484352885765
0.3522752772575052,-0.6478892743563982
0.35231482190503205,-0.6483186719563254
0.3523543665525589,-0.6487723573025472
0.3523939112000858,-0.6492340163229873
0.3524334558476126,-0.6496788284748201
0.35247300049513947,-0.6501201918561188
0.35251254514266633,-0.650585491027575
0.3525520897901932,-0.6342915972561403
0.35259163443772007,-0.6117864138623856
0.35263117908524694,-0.5892134317962903
0.3526707237327738,-0.5665671384096052
0.3527102683803006,-0.5438108440505163
0.3527498130278275,-0.5477209084127788
0.35278935767535435,-0.5649665765947205
0.3528289023228812,-0.5822029680834375
0.3528684469704081,-0.5994405606317819
0.35290799161793496,-0.6166785407177566
0.3529475362654618,-0.6345500508381536
0.3529870809129887,-0.6523864400894435
0.35302662556051556,-0.6701812589372222
0.3530661702080424,-0.6879332517451067
0.35310571485556924,-0.7056411617714584
0.3531452595030961,-0.39252692314805815
0.353184804150623,-0.30460111101883935
0.35322434879814985,-0.2167054573373668
0.3532638934456767,-0.21897932414006327
0.3533034380932036,-0.23075561339076112
0.3533429827407304,-0.24261920587622665
0.35338252738825726,-0.2585911981759854
0.35342207203578413,-0.2749473318294471
0.353461616683311,-0.291370359027332
0.35350116133083787,-0.30784666203801647
0.35354070597836473,-0.3243593743263564
0.3535802506258916,-0.3409083576833387
0.35361979527341847,-0.35749347439456036
0.35365933992094534,-0.36995341004077975
0.35369888456847215,-0.3476739806492306
0.353738429215999,-0.3252775012452003
0.3537779738635259,-0.3047574837167235
0.35381751851105275,-0.3013536670307375
0.3538570631585796,-0.29798186167723006
0.3538966078061065,-0.3000861848194716
0.35393615245363336,-0.31962666265399786
0.35397569710116017,-0.33919419514215265
0.35401524174868704,-0.3587883027347001
0.3540547863962139,-0.37840850617339994
0.3540943310437408,-0.39714763236018813
0.35413387569126764,-0.3821634943487684
0.3541734203387945,-0.3671913268200093
0.3542129649863214,-0.3522307800054967
0.35425250963384824,-0.3372663801354254
0.3542920542813751,-0.32222323305852374
0.3543315989289019,-0.3206393020350893
0.3543711435764288,-0.3291620293218167
0.35441068822395566,-0.37088161526332186
0.35445023287148253,-0.4485437770997591
0.3544897775190094,-0.519008081701918
0.35452932216653626,-0.5480375162692579
0.35456886681406313,-0.5771293668616613
0.35460841146158995,-0.5907108615782066
0.3546479561091168,-0.564380537992363
0.3546875007566437,-0.5380476182177198
0.35472704540417055,-0.511668224708405
0.3547665900516974,-0.4852424670265778
0.3548061346992243,-0.458770453573329
0.35484567934675115,-0.4523434371913706
0.354885223994278,-0.4668242394848523
0.3549247686418049,-0.48126052029788413
0.3549643132893317,-0.4956425910875426
0.35500385793685857,-0.5099700628838635
0.35504340258438544,-0.5248661056043304
0.3550829472319123,-0.5436802659616888
0.3551224918794392,-0.5625718362239325
0.35516203652696604,-0.5815417396295741
0.3552015811744929,-0.5845802186442546
0.3552411258220197,-0.5703103838132026
0.3552806704695466,-0.5788942529113417
0.35532021511707346,-0.587352484745034
0.3553597597646003,-0.5956877591344738
0.3553993044121272,-0.6038999559357632
0.35543884905965406,-0.6120386060197638
0.35547839370718093,-0.6201197451006015
0.3555179383547078,-0.6368954643166242
0.35555748300223466,-0.6416680872587066
0.3555970276497615,-0.6188497671224313
0.35563657229728834,-0.5960722587928626
0.3556761169448152,-0.5733534608108459
0.3557156615923421,-0.5507048884837324
0.35575520623986895,-0.5281266861944087
0.3557947508873958,-0.5055742672953176
0.3558342955349227,-0.48298199507579387
0.3558738401824495,-0.46034944839157355
0.35591338482997636,-0.4656108057702144
0.35595292947750323,-0.4845674021573383
0.3559924741250301,-0.5036284150278152
0.35603201877255697,-0.4982489114057054
0.35607156342008384,-0.481215268333957
0.3561111080676107,-0.46426898652444537
0.3561506527151376,-0.4474102155632691
0.35619019736266444,-0.4306141755342838
0.35622974201019125,-0.41386207150284493
0.3562692866577181,-0.3972073675894987
0.356308831305245,-0.3806491005357282
0.35634837595277186,-0.3843326396092417
0.3563879206002987,-0.3949420027196746
0.3564274652478256,-0.40558611785605514
0.35646700989535246,-0.416263199784348
0.3565065545428793,-0.42688280020970915
0.35654609919040614,-0.43739240219167863
0.356585643837933,-0.4477758820796409
0.3566251884854599,-0.45803266350511285
0.35666473313298674,-0.46816216756097173
0.3567042777805136,-0.4781638128015979
0.3567438224280405,-0.4809030532406955
0.35678336707556735,-0.4764052775450476
0.3568229117230942,-0.48172796952202335
0.35686245637062103,-0.48703898489770703
0.3569020010181479,-0.49233791715909936
0.35694154566567476,-0.4976243596168781
0.35698109031320163,-0.5029120397508269
0.3570206349607285,-0.5081715385618262
0.35706017960825537,-0.5135614250686338
0.35709972425578224,-0.5344094355778548
0.35713926890330905,-0.5584095007957353
0.3571788135508359,-0.5824374339186185
0.3572183581983628,-0.6064877201108874
0.35725790284588965,-0.6305600973546617
0.3572974474934165,-0.6493989258232449
0.3573369921409434,-0.5947223356980422
0.35737653678847026,-0.540046201845064
0.3574160814359971,-0.4900524793671521
0.357455626083524,-0.44184271356902727
0.3574951707310508,-0.39362424354603265
0.35753471537857767,-0.37767198267891855
0.35757426002610454,-0.4047467818344095
0.3576138046736314,-0.421464303276712
0.3576533493211583,-0.42404787920828335
0.35769289396868514,-0.42660673539766325
0.357732438616212,-0.42913979953298886
0.3577719832637388,-0.43167152602354975
0.3578115279112657,-0.4516433082505267
0.35785107255879256,-0.49196809289126486
0.35789061720631943,-0.5322164082580221
0.3579301618538463,-0.5723685161976695
0.35796970650137316,-0.3064568233766414
0.35800925114890003,-0.32088785321198277
0.3580487957964269,-0.33530209495038
0.35808834044395377,-0.34969915583793254
0.3581278850914806,-0.340602665596903
0.35816742973900745,-0.3100106511161549
0.3582069743865343,-0.2794002768409145
0.3582465190340612,-0.2487711495626792
0.35828606368158805,-0.226198429099564
0.3583256083291149,-0.2148998205827768
0.3583651529766418,-0.20360928953890456
0.3584046976241686,-0.19232390433393398
0.35844424227169547,-0.18104588886261697
0.35848378691922234,-0.169750185505952
0.3585233315667492,-0.1583993319609709
0.35856287621427607,-0.15798920735075317
0.35860242086180294,-0.17431493059899594
0.3586419655093298,-0.19000765687656607
0.3586815101568567,-0.20567673617047078
0.35872105480438354,-0.21810403516275434
0.35876059945191036,-0.22501652533924643
0.3588001440994372,-0.2318907857093251
0.3588396887469641,-0.23872924159001618
0.35887923339449096,-0.24643560256341202
0.3589187780420178,-0.26177509029517054
0.3589583226895447,-0.27716137460310897
0.35899786733707156,-0.2925954108960389
0.3590374119845984,-0.3078495530921397
0.35907695663212524,-0.3231050216731046
0.3591165012796521,-0.3383438724310861
0.359156045927179,-0.33471682304656936
0.35919559057470585,-0.3120815826782053
0.3592351352222327,-0.28942986651532765
0.3592746798697596,-0.08319021560652518
0.35931422451728645,-0.07722456431885982
0.3593537691648133,-0.07124257978590753
0.35939331381234013,-0.06524430963965422
0.359432858459867,-0.05922832215709839
0.35947240310739387,-0.053191593024763506
0.35951194775492074,-0.04713350617627032
0.3595514924024476,-0.042051968664201134
0.35959103704997447,-0.0946906951719817
0.35963058169750134,-0.14730815123901797
0.35967012634502815,-0.1999043658661197
0.359709670992555,-0.21419513007655455
0.3597492156400819,-0.22450658212037844
0.35978876028760876,-0.20749906294492293
0.3598283049351356,-0.16484453026543155
0.3598678495826625,-0.12215699093234056
0.35990739423018936,-0.0794363575783179
0.3599469388777162,-0.036682542560099396
0.3599864835252431,0.00610454204152866
0.3600260281727699,0.01181109910993472
0.3600655728202968,0.012579786457700859
0.36010511746782364,0.01336481900107156
0.3601446621153505,0.014160996481209942
0.3601842067628774,0.014968185444865334
0.36022375141040425,0.015786252270694412
0.3602632960579311,0.016615063169410416
0.3603028407054579,0.017454484183581975
0.3603423853529848,0.04101072731262878
0.36038193000051166,0.0687513098871122
0.36042147464803853,0.0964445282062254
0.3604610192955654,0.12307561465506778
0.36050056394309227,0.1496623176041738
0.36054010859061913,0.17632915168730268
0.360579653238146,0.20307789985081248
0.36061919788567287,0.22979521423910265
0.3606587425331997,0.2256697239034846
0.36069828718072655,0.2512289201239626
0.3607378318282534,0.2767184809228507
0.3607773764757803,0.30214168090121785
0.36081692112330715,0.3275828232086413
0.360856465770834,0.3477946012024109
0.3608960104183609,0.30353880344650186
0.3609355550658877,0.2927531279402551
0.36097509971341457,0.28852923369159145
0.36101464436094144,0.28434819356637364
0.3610541890084683,0.2801861040685445
0.3610937336559952,0.28592508232639746
0.36113327830352204,0.3106645410282227
0.3611728229510489,0.33527018641362316
0.3612123675985758,0.3413791235954653
0.36125191224610265,0.334883615651965
0.36129145689362946,0.32833843747530755
0.3613310015411563,0.3217745278987243
0.3613705461886832,0.31519117875531055
0.36141009083621006,0.308583863886537
0.36144963548373693,0.30194535758170016
0.3614891801312638,0.295269989970838
0.36152872477879067,0.29454784619073493
0.3615682694263175,0.2938641415310639
0.36160781407384435,0.2816181240910818
0.3616473587213712,0.2585454182857396
0.3616869033688981,0.23545411788417248
0.36172644801642495,0.2123441854482806
0.3617659926639518,0.1892154276245721
0.3618055373114787,0.1660968209477316
0.36184508195900555,0.14299654447996968
0.3618846266065324,0.1265824319427984
0.36192417125405923,0.11425291784924108
0.3619637159015861,0.10194282016253275
0.36200326054911297,0.089639578766326
0.36204280519663984,0.11100554661632822
0.3620823498441667,0.13643214385396618
0.3621218944916936,0.16165756165717893
0.36216143913922044,0.18668062638871863
0.36220098378674725,0.21160726744778113
0.3622405284342741,0.1864879805989852
0.362280073081801,0.1289505128481636
0.36231961772932786,0.07140919519512368
0.3623591623768547,0.013866531297153983
0.3623987070243816,-0.03086192763548201
0.36243825167190846,-0.020242659346593417
0.36247779631943533,-0.009634050632397972
0.3625173409669622,0.0009639242831305239
0.362556885614489,0.011551290903917266
0.3625964302620159,0.022123091410021
0.36263597490954275,0.032587092059097156
0.3626755195570696,0.04294234842553779
0.3627150642045965,0.02647637565503924
0.36275460885212335,0.008676500067295034
0.3627941534996502,-0.00917049248948354
0.36283369814717703,-0.018191559521809175
0.3628732427947039,-0.021485584442658467
0.36291278744223077,-0.024749692820668745
0.36295233208975763,-0.02798311451678126
0.3629918767372845,-0.031077989242180415
0.36303142138481137,-0.008908268836311795
0.36307096603233824,0.013225620655452186
0.3631105106798651,0.03533998495811019
0.363150055327392,0.05743483214540346
0.3631895999749188,0.0795101698202485
0.36322914462244565,0.08420725593041878
0.3632686892699725,0.07032542710006418
0.3633082339174994,0.05644012116817754
0.36334777856502626,0.04704325954430555
0.3633873232125531,0.03835826640699702
0.36342686786008,0.029672900733316077
0.3634664125076068,0.021007219426606216
0.3635059571551337,0.01236104016498274
0.36354550180266054,0.0037341809290207806
0.3635850464501874,0.020823947050484293
0.3636245910977143,0.054621224377798594
0.36366413574524115,0.08826855315779847
0.363703680392768,0.09723442411002559
0.3637432250402949,0.10622100657298716
0.36378276968782175,0.1152149881993414
0.36382231433534856,0.12417967269176966
0.36386185898287543,0.13311577185784484
0.3639014036304023,0.17086430796214502
0.36394094827792917,0.21425367041324472
0.36398049292545603,0.24162595214304616
0.3640200375729829,0.24870263985458863
0.36405958222050977,0.2556421229473491
0.3640991268680366,0.2624440148938074
0.36413867151556345,0.269107926333255
0.3641782161630903,0.2756861706377225
0.3642177608106172,0.2741295722218151
0.36425730545814405,0.2164042158892472
0.3642968501056709,0.1586972406862377
0.3643363947531978,0.10100819961237795
0.36437593940072466,-0.34194376898057754
0.3644154840482515,-0.3276273211232912
0.36445502869577834,-0.3133511932127786
0.3644945733433052,-0.29903554545431676
0.3645341179908321,-0.28465834440917304
0.36457366263835894,-0.27019229681644275
0.3646132072858858,-0.2564434022341504
0.3646527519334127,-0.2425983487319523
0.36469229658093955,-0.24895598056887058
0.36473184122846636,-0.26028055522359805
0.3647713858759932,-0.27161094470812097
0.3648109305235201,-0.2829474132646945
0.36485047517104696,-0.29429022527284765
0.36489001981857383,-0.3056396452493959
0.3649295644661007,-0.31699593784861113
0.36496910911362757,-0.32835936786192965
0.36500865376115443,-0.4580068287050447
0.3650481984086813,-0.475516946923042
0.3650877430562081,-0.4931050279099911
0.365127287703735,-0.5107411887138134
0.36516683235126185,-0.5284246024399635
0.3652063769987887,-0.5461535557314057
0.3652459216463156,-0.5639185980988284
0.36528546629384245,-0.5816423968853184
0.3653250109413693,-0.5993084085276097
0.36536455558889613,-0.6169168387434527
0.365404100236423,-0.6344678920601168
0.36544364488394987,-0.6519617718143089
0.36548318953147674,-0.669401396328889
0.3655227341790036,-0.6868120133072959
0.3655622788265305,-0.7041940990973865
0.36560182347405734,-0.7215481294084123
0.3656413681215842,-0.5545828849450878
0.3656809127691111,-0.38648572340523346
0.3657204574166379,-0.30826988761521257
0.36576000206416476,-0.3248383886990913
0.3657995467116916,-0.34143134919842044
0.3658390913592185,-0.35803031641426575
0.36587863600674536,-0.3746347555585352
0.36591818065427223,-0.3912441318716442
0.3659577253017991,-0.40783908030460836
0.3659972699493259,-0.424416147059663
0.3660368145968528,-0.4308624021912051
0.36607635924437965,-0.436389860520324
0.3661159038919065,-0.4419776859479594
0.3661554485394334,-0.447486517426956
0.36619499318696025,-0.45287829096273713
0.3662345378344871,-0.4581526320994005
0.366274082482014,-0.4633091640761262
0.36631362712954085,-0.46846289125333795
0.36635317177706767,-0.5107474474568572
0.36639271642459453,-0.1851063776392201
0.3664322610721214,-0.10436391974804948
0.36647180571964827,-0.023590495784218124
0.36651135036717514,0.017902270301319412
0.366550895014702,-0.004871168421100691
0.3665904396622289,-0.02765006574180795
0.3666299843097557,-0.05043508041821454
0.36666952895728255,-0.07322687125141325
0.3667090736048094,-0.07839151131500355
0.3667486182523363,-0.06740412212811364
0.36678816289986316,-0.046058555930770684
0.36682770754739,-0.024731281206112676
0.3668672521949169,-0.0034092425042797636
0.36690679684244376,0.01790792399356711
0.36694634148997063,0.03922058209816193
0.36698588613749744,0.06052909561229569
0.3670254307850243,0.08183178792572532
0.3670649754325512,0.09970738382602962
0.36710452008007805,0.09563957741783735
0.3671440647276049,0.09163089558161186
0.3671836093751318,0.08768099684062847
0.36722315402265865,0.08379666904671357
0.36726269867018546,0.08000794624249519
0.36730224331771233,0.07631305396346955
0.3673417879652392,0.07265499823718846
0.36738133261276607,0.07257575297378782
0.36742087726029293,0.07033724693063359
0.3674604219078198,0.06257018079860321
0.36749996655534667,0.054772619471870065
0.36753951120287354,0.04694371143629006
0.3675790558504004,0.03908551038859587
0.3676186004979272,0.031207754370131457
0.3676581451454541,0.023332923913256032
0.36769768979298095,0.015457958858790644
0.3677372344405078,0.007678287589461874
0.3677767790880347,3.049767963902994e-05
0.36781632373556156,-0.013649466416791434
0.3678558683830884,-0.03081072739810331
0.36789541303061524,-0.0016406247988052236
0.3679349576781421,0.02752518330059628
0.367974502325669,0.0566573130918937
0.36801404697319584,0.08574681414978214
0.3680535916207227,0.11480754327602005
0.3680931362682496,0.14384337221117782
0.36813268091577644,0.11760225308333094
0.3681722255633033,0.08622060684073984
0.3682117702108302,0.05361577373482129
0.368251314858357,0.020967046797333744
0.36829085950588386,-0.01174221447138235
0.36833040415341073,-0.04443160323367357
0.3683699488009376,-0.07703235751777493
0.36840949344846446,-0.10954522640858588
0.36844903809599133,-0.1419709571486436
0.3684885827435182,-0.1743102951381963
0.368528127391045,-0.19507269779064496
0.3685676720385719,-0.1711379931095367
0.36860721668609875,-0.11608557054620938
0.3686467613336256,-0.061010943428359
0.3686863059811525,-0.005914041458166874
0.36872585062867935,0.035370330601713906
0.3687653952762062,0.014532081258010532
0.3688049399237331,-0.025086264977849382
0.36884448457125996,-0.06467028628514715
0.36888402921878677,-0.10421252469034759
0.36892357386631364,-0.14371309936527066
0.3689631185138405,-0.14837208071979102
0.3690026631613674,-0.12570511834483966
0.36904220780889424,-0.10298024939081651
0.3690817524564211,-0.07997245925301444
0.369121297103948,-0.05687798383512277
0.3691608417514748,-0.03369650408918723
0.36920038639900166,-0.01027279467795994
0.3692399310465285,0.014449454372554182
0.3692794756940554,0.039300201590823924
0.36931902034158226,0.06427936402039824
0.36935856498910913,0.08882003802256655
0.369398109636636,0.09683529190439621
0.36943765428416286,0.08825546363765202
0.36947719893168973,0.0778570800922429
0.36951674357921654,0.06576108002782854
0.3695562882267434,0.053701599883647866
0.3695958328742703,0.0416788349672661
0.36963537752179715,0.02969298139375054
0.369674922169324,0.02276442544880153
0.3697144668168509,0.02403399125597039
0.36975401146437775,0.02534106159566063
0.36979355611190456,0.026657063182025986
0.36983310075943143,0.027968603287853888
0.3698726454069583,0.029275462772357486
0.36991219005448517,0.030577422464880044
0.36995173470201204,0.03187426316471287
0.3699912793495389,0.03425821319541855
0.37003082399706577,0.4033989125506765
0.37007036864459264,0.4088292555160944
0.3701099132921195,0.4142636406073126
0.3701494579396463,0.419695909547408
0.3701890025871732,0.4251261280965868
0.37022854723470006,0.43055436207126885
0.3702680918822269,0.4508423799106671
0.3703076365297538,0.48527853227813944
0.37034718117728066,0.4986482551860152
0.37038672582480753,0.5029059076315048
0.37042627047233434,0.5071761802320394
0.3704658151198612,0.5114592687282871
0.3705053597673881,0.5157553691696046
0.37054490441491494,0.5200646779136826
0.3705844490624418,0.5249381334143024
0.3706239937099687,0.5379936346881844
0.37066353835749555,0.5292994090057728
0.3707030830050224,0.5206455524515801
0.3707426276525493,0.5120329556303216
0.3707821723000761,0.5034615657120365
0.37082171694760296,0.49493133072550766
0.37086126159512983,0.4864421995585815
0.3709008062426567,0.47770835682162627
0.37094035089018357,0.4689553590524951
0.37097989553771044,0.4601642012751106
0.3710194401852373,0.4513685732104791
0.3710589848327641,0.4427402190166516
0.371098529480291,0.4323499715468806
0.37113807412781785,0.41468565265758084
0.3711776187753447,0.39694052644743794
0.3712171634228716,0.3919705677640275
0.37125670807039846,0.391196437983508
0.3712962527179253,0.36407413264320665
0.3713357973654522,0.26622685604015883
0.37137534201297906,0.16836585496232992
0.37141488666050587,0.0704910685064366
0.37145443130803274,0.0927967475107776
0.3714939759555596,0.1160322667085727
0.3715335206030865,0.13925381473538634
0.37157306525061334,0.16251662862510896
0.3716126098981402,0.185892447887404
0.3716521545456671,0.5248664388340849
0.3716916991931939,0.5319188901917324
0.37173124384072076,0.539070616448384
0.3717707884882476,0.5392362021254113
0.3718103331357745,0.5303466036600466
0.37184987778330136,0.5214616173640789
0.37188942243082823,0.5125813293751658
0.3719289670783551,0.5037058257671165
0.37196851172588197,0.4948351925498602
0.37200805637340884,0.48596951566947455
0.37204760102093565,0.4771088810082156
0.3720871456684625,0.4682533743843518
0.3721266903159894,0.4594030815523813
0.37216623496351625,0.45052956382369036
0.3722057796110431,0.44195892007941584
0.37224532425857,0.43334205058380393
0.37228486890609686,0.42467953772065226
0.37232441355362367,0.41594666227218813
0.37236395820115054,0.4623878108017805
0.3724035028486774,0.5151736871672443
0.37244304749620427,0.567953852965712
0.37248259214373114,0.6207278040809645
0.372522136791258,0.6735354014337402
0.3725616814387849,0.7249210083280118
0.37260122608631174,0.7109486268297314
0.3726407707338386,0.6895403981485853
0.3726803153813654,0.6681862827007894
0.3727198600288923,0.646886383700386
0.37275940467641916,0.6256408053041089
0.372798949323946,0.6044496526111756
0.3728384939714729,0.5833130316632622
0.37287803861899976,0.5622310494446507
0.37291758326652663,0.5407051054590091
0.37295712791405344,0.53095299449219
0.3729966725615803,0.5269060414051951
0.3730362172091072,0.5228866388295836
0.37307576185663405,0.5189088875050896
0.3731153065041609,0.5149727516133318
0.3731548511516878,0.5040223819090386
0.37319439579921465,0.48786260416098015
0.3732339404467415,0.47661381982526496
0.3732734850942684,0.46536769558390834
0.3733130297417952,0.45412472668610393
0.37335257438932207,0.4428939148721196
0.37339211903684894,0.43171975160856535
0.3734316636843758,0.4613437000238614
0.37347120833190267,0.5540267890186419
0.37351075297942954,0.6467074174788969
0.3735502976269564,0.7393879766257321
0.3735898422744832,0.7497398769839263
0.3736293869220101,0.728720430953385
0.37366893156953696,0.710039455683753
0.3737084762170638,0.6913907219631814
0.3737480208645907,0.6727745220070687
0.37378756551211756,0.6541911486921381
0.3738271101596444,0.6356408955566382
0.3738666548071713,0.6172709901966402
0.37390619945469816,0.6073238785605097
0.373945744102225,0.5973580139412626
0.37398528874975184,0.5873274208172647
0.3740248333972787,0.5771533057878186
0.3740643780448056,0.6006442537525118
0.37410392269233245,0.638480227262531
0.3741434673398593,0.6763474370609046
0.3741830119873862,0.7142981883482618
0.374222556634913,0.7523872826093898
0.37426210128243986,0.7756425534851323
0.37430164592996673,0.7909509837817712
0.3743411905774936,0.7674921635314682
0.37438073522502047,0.6410531793350445
0.37442027987254733,0.5146204832781507
0.3744598245200742,0.5095532779847667
0.37449936916760107,0.5336789017269323
0.37453891381512794,0.5578172555854697
0.37457845846265475,0.5819675644064426
0.3746180031101816,0.5927024560796892
0.3746575477577085,0.6029980289536274
0.37469709240523535,0.6133659642320488
0.3747366370527622,0.6238061047398502
0.3747761817002891,0.6343182944944723
0.37481572634781596,0.6448566598422816
0.37485527099534277,0.6554295272348898
0.37489481564286964,0.6660462431512961
0.3749343602903965,0.6767070775130866
0.3749739049379234,0.7091343210525003
0.37501344958545024,0.7591864273265068
0.3750529942329771,0.8092672215829553
0.375092538880504,0.8553023889541982
0.37513208352803085,0.8995109723164436
0.3751716281755577,0.9437485935665126
0.3752111728230845,0.954746841237057
0.3752507174706114,0.9629743466299141
0.37529026211813826,0.9712443117020437
0.37532980676566513,0.9795388298405259
0.375369351413192,0.9878163144283154
0.37540889606071887,0.9960764183886655
0.37544844070824573,0.9926154559128921
0.37548798535577255,0.9815928671155132
0.3755275300032994,0.9705518527109218
0.3755670746508263,0.9453827054366681
0.37560661929835315,0.9152209419029025
0.37564616394588,0.8850397021584224
0.3756857085934069,0.8548807321911003
0.37572525324093375,0.8247646908848472
0.3757647978884606,0.794691851388523
0.3758043425359875,0.7746712648279228
0.3758438871835143,0.7561911986929064
0.37588343183104117,0.7377167537981153
0.37592297647856804,0.7192474857396975
0.3759625211260949,0.7007829499952245
0.3760020657736218,0.6775607776304793
0.37604161042114864,0.6182372461671903
0.3760811550686755,0.5589171127408763
0.3761206997162023,0.49963037283246914
0.3761602443637292,0.4403278473126271
0.37619978901125606,0.3809835664425978
0.3762393336587829,0.3217665084009802
0.3762788783063098,0.32208472885766515
0.37631842295383666,0.3471389299493115
0.37635796760136353,0.37217625292908574
0.3763975122488904,0.39725367686107216
0.37643705689641727,0.4223712390563401
0.3764766015439441,0.4475289773595086
0.37651614619147095,0.4727161755937468
0.3765556908389978,0.4979220500498034
0.3765952354865247,0.5191276565515959
0.37663478013405155,0.5120635036883239
0.3766743247815784,0.5051515827728266
0.3767138694291053,0.49839060506600363
0.3767534140766321,0.48230913166727785
0.37679295872415897,0.46466954443633535
0.37683250337168583,0.44710752146613286
0.3768720480192127,0.42964545524286724
0.37691159266673957,0.41228754218117736
0.37695113731426644,0.3958714991001
0.3769906819617933,0.3830431042263944
0.3770302266093202,0.3703179742943066
0.37706977125684704,0.35762016015477505
0.37710931590437385,0.3387467997104281
0.3771488605519007,0.30564927034562794
0.3771884051994276,0.2722568047319678
0.37722794984695446,0.23876790748022003
0.3772674944944813,0.20518210326050124
0.3773070391420082,0.17154757147934951
0.37734658378953506,0.13792919861792985
0.3773861284370619,0.10431118687092589
0.37742567308458874,0.01925222835844087
0.3774652177321156,-0.007942997394570828
0.3775047623796425,-0.0351582270497488
0.37754430702716935,-0.062393048253784666
0.3775838516746962,-0.0895682128178037
0.3776233963222231,-0.11665308384768469
0.37766294096974995,-0.07032650738829727
0.3777024856172768,-0.010255143989335913
0.37774203026480363,0.031054567091906904
0.3777815749123305,0.0008341728137848392
0.37782111955985737,-0.007065985880351455
0.37786066420738423,-0.014918008514134051
0.3779002088549111,-0.022757359308730685
0.37793975350243797,-0.030616143010453012
0.37797929814996484,-0.03850756034242764
0.37801884279749165,-0.04645345777199417
0.3780583874450185,-0.054442100470097454
0.3780979320925454,-0.05467572943177901
0.37813747674007225,-0.04651835582593078
0.3781770213875991,-0.03838732270913514
0.378216566035126,-0.030282760504496853
0.37825611068265286,-0.022208121518935364
0.3782956553301797,-0.01416421901733722
0.3783351999777066,-0.006134567262755741
0.3783747446252334,0.0019062209445399603
0.3784142892727603,0.009958471530150614
0.37845383392028714,0.018022510793485047
0.378493378567814,-0.5343748797443846
0.3785329232153409,-0.5210282668454105
0.37857246786286775,-0.5085691373870231
0.3786120125103946,-0.4976216619314653
0.3786515571579214,-0.4866743601420431
0.3786911018054483,-0.4757155971949074
0.37873064645297516,-0.46474506206090993
0.37877019110050203,-0.4543328848525734
0.3788097357480289,-0.29071091299985596
0.37884928039555577,-0.28759046980846836
0.37888882504308263,-0.2843580559603698
0.3789283696906095,-0.28104273053845175
0.37896791433813637,-0.2776740482706863
0.3790074589856632,-0.27425321743335696
0.37904700363319005,-0.27105818200465004
0.3790865482807169,-0.26785420912373104
0.3791260929282438,-0.2646644749318763
0.37916563757577065,-0.2614890747529919
0.3792051822232975,-0.25832810403671047
0.3792447268708244,-0.25450435939061666
0.3792842715183512,-0.25026721380594896
0.37932381616587807,-0.24604328047162527
0.37936336081340494,-0.24174559406739204
0.3794029054609318,-0.23737336778442275
0.3794424501084587,-0.2329258131776304
0.37948199475598554,-0.22845985422950088
0.3795215394035124,-0.22398122647169894
0.3795610840510393,-0.22033191783461348
0.37960062869856614,-0.21673560547567305
0.37964017334609296,-0.2131292091580148
0.3796797179936198,-0.20951408529423565
0.3797192626411467,-0.2058915901086169
0.37975880728867356,-0.20226307963724555
0.37979835193620043,-0.19857395998799854
0.3798378965837273,-0.19481753466306895
0.37987744123125416,-0.19099806885623316
0.379916985878781,-0.18716579947934786
0.37995653052630785,-0.1833209129646156
0.3799960751738347,-0.17946359536062628
0.3800356198213616,-0.17559403233242188
0.38007516446888845,-0.17171240916151476
0.3801147091164153,-0.18727361471661297
0.3801542537639422,-0.22260435427902214
0.38019379841146905,-0.25796498885120345
0.3802333430589959,-0.2933561007515153
0.38027288770652273,-0.3287782787460958
0.3803124323540496,-0.36423211414361933
0.38035197700157647,-0.39971819867792036
0.38039152164910334,-0.43526784792971185
0.3804310662966302,-0.47086461895538934
0.3804706109441571,-0.5062150744978231
0.38051015559168394,-0.5036128266879558
0.38054970023921075,-0.501108991562055
0.3805892448867376,-0.49870347820406025
0.3806287895342645,-0.4963881960861056
0.38066833418179136,-0.49406431979584386
0.3807078788293182,-0.4917790794099166
0.3807474234768451,-0.4895416192040414
0.38078696812437196,-0.4873514351776236
0.38082651277189883,-0.49784315763121034
0.3808660574194257,-0.03902721276540966
0.3809056020669525,-0.10162656086049315
0.3809451467144794,-0.1642670043003891
0.38098469136200624,-0.22680844622470797
0.3810242360095331,-0.27696786448054933
0.38106378065706,-0.2836722397462905
0.38110332530458685,-0.26931972136027316
0.3811428699521137,-0.2549714857711769
0.38118241459964053,-0.2406274081577391
0.3812219592471674,-0.22628736356128565
0.38126150389469426,-0.21195122688519996
0.38130104854222113,-0.19762794827572217
0.381340593189748,-0.18331765333548455
0.38138013783727487,-0.1720977248171609
0.38141968248480174,-0.17805933066526114
0.3814592271323286,-0.18399968610790118
0.3814987717798555,-0.18997730735098228
0.3815383164273823,-0.1960989720334423
0.38157786107490915,-0.20329543176463583
0.381617405722436,-0.21052978296839253
0.3816569503699629,-0.21781108227288248
0.38169649501748976,-0.2251445647062411
0.3817360396650166,-0.23252176301286864
0.3817755843125435,-0.23981610824893362
0.3818151289600703,-0.254351989005293
0.3818546736075972,-0.28928666665179525
0.38189421825512404,-0.330607440180716
0.3819337629026509,-0.37222796831705507
0.3819733075501778,-0.41390422847141606
0.38201285219770464,-0.4555610930984657
0.3820523968452315,-0.49714925587228986
0.3820919414927584,-0.538667786112144
0.38213148614028525,-0.5792060782234856
0.38217103078781206,-0.5822280110210736
0.38221057543533893,-0.27822236265648614
0.3822501200828658,-0.2834160005731623
0.38228966473039266,-0.28861390003263043
0.38232920937791953,-0.2938164057650243
0.3823687540254464,-0.2990238624815511
0.38240829867297327,-0.3042566437575589
0.3824478433205001,-0.3095486202491946
0.38248738796802695,-0.3148592776490382
0.3825269326155538,-0.32018607032807456
0.3825664772630807,-0.3344798759401093
0.38260602191060755,-0.3510915368484917
0.3826455665581344,-0.36773947530095574
0.3826851112056613,-0.3844232958494227
0.38272465585318816,-0.4011313784049606
0.382764200500715,-0.4178617393300206
0.38280374514824184,-0.43465225399783547
0.3828432897957687,-0.4540328435025014
0.38288283444329557,-0.4626116440390171
0.38292237909082244,-0.471199924737594
0.3829619237383493,-0.4797983295415684
0.3830014683858762,-0.488381333927868
0.38304101303340304,-0.4969213425512313
0.38308055768092986,-0.50541845930882
0.3831201023284567,-0.5138795422675528
0.3831596469759836,-0.5223058395528568
0.38319919162351046,-0.5249571637120805
0.38323873627103733,-0.5141483051315294
0.3832782809185642,-0.5033029268148672
0.38331782556609106,-0.49239829947649927
0.38335737021361793,-0.45772674409826664
0.3833969148611448,-0.4226250279476491
0.3834364595086716,-0.38752978581288655
0.3834760041561985,-0.36839802706306735
0.38351554880372535,-0.3692273196798159
0.3835550934512522,-0.3791130976234869
0.3835946380987791,-0.41384172859588775
0.38363418274630595,-0.44860127145678685
0.3836737273938328,-0.48347957143512055
0.38371327204135963,-0.5184853704946804
0.3837528166888865,-0.5535948566582682
0.38379236133641337,-0.5887775792384224
0.38383190598394024,-0.6240331760456237
0.3838714506314671,-0.6593612861175653
0.38391099527899397,-0.6947590358869595
0.38395053992652084,-0.7106039795547687
0.3839900845740477,-0.6915850798858103
0.3840296292215746,-0.6725217645028905
0.3840691738691014,-0.653412898837777
0.38410871851662826,-0.6342573472417623
0.3841482631641551,-0.6144404749971657
0.384187807811682,-0.6029622726095156
0.38422735245920886,-0.6213702016120077
0.3842668971067357,-0.6397825587533843
0.3843064417542626,-0.6581997818900454
0.3843459864017894,-0.6590935924603425
0.3843855310493163,-0.6531662760287338
0.38442507569684314,-0.6472451395404293
0.38446462034437,-0.6414967305684005
0.3845041649918969,-0.6356972405750714
0.38454370963942375,-0.6298694267258416
0.3845832542869506,-0.6240307082858019
0.3846227989344775,-0.6181809117594428
0.38466234358200435,-0.6123184052809774
0.38470188822953116,-0.6064383106819928
0.38474143287705803,-0.6005405156466419
0.3847809775245849,-0.5944473288097663
0.38482052217211177,-0.6082867163310408
0.38486006681963864,-0.6591712377882888
0.3848996114671655,-0.7020985708494654
0.38493915611469237,-0.7449971567336755
0.3849787007622192,-0.787272268359132
0.38501824540974605,-0.8237331973898696
0.3850577900572729,-0.8088394089738085
0.3850973347047998,-0.7828047457626495
0.38513687935232666,-0.7567403160022028
0.3851764239998535,-0.7306459141951827
0.3852159686473804,-0.7045214393516099
0.38525551329490726,-0.6783691993239822
0.3852950579424341,-0.6521963227982925
0.38533460258996094,-0.6260176279650338
0.3853741472374878,-0.5998326550365563
0.3854136918850147,-0.5739187551377412
0.38545323653254154,-0.5482798901873882
0.3854927811800684,-0.5280442078825303
0.3855323258275953,-0.5274351458751001
0.38557187047512215,-0.5466509477746988
0.38561141512264896,-0.5658658056399175
0.3856509597701758,-0.585079283766937
0.3856905044177027,-0.604290946436076
0.38573004906522956,-0.6110016543962358
0.38576959371275643,-0.6156418986850696
0.3858091383602833,-0.6330523969395405
0.38584868300781017,-0.71891220455456
0.38588822765533703,-0.8047993530103108
0.3859277723028639,-0.805005750025884
0.3859673169503907,-0.7802360131542114
0.3860068615979176,-0.7554923540593159
0.38604640624544445,-0.7306461890636671
0.3860859508929713,-0.7058193645897255
0.3861254955404982,-0.6809314291428259
0.38616504018802505,-0.6565158409143628
0.3862045848355519,-0.6263389517614013
0.38624412948307874,-0.5839521197610487
0.3862836741306056,-0.5484100930712628
0.38632321877813247,-0.5287234942781187
0.38636276342565934,-0.5089924455982664
0.3864023080731862,-0.4892167935237506
0.3864418527207131,-0.4693963836118935
0.38648139736823994,-0.4558954308799814
0.3865209420157668,-0.46961123466171717
0.3865604866632937,-0.4833492374544348
0.3866000313108205,-0.49710994715141466
0.38663957595834736,-0.5108938720376979
0.3866791206058742,-0.5247015207896948
0.3867186652534011,-0.538533402475537
0.38675820990092796,-0.5523880019708232
0.38679775454845483,-0.5652531708246249
0.3868372991959817,-0.5663364731017948
0.3868768438435085,-0.5369192453051008
0.3869163884910354,-0.50613600463587
0.38695593313856225,-0.47534426821765585
0.3869954777860891,-0.4445497895642361
0.387035022433616,-0.413752606964501
0.38707456708114285,-0.3829527585138388
0.3871141117286697,-0.3521502821141609
0.3871536563761966,-0.3213537140207201
0.38719320102372345,-0.29154634442639926
0.38723274567125027,-0.27214435039134477
0.38727229031877713,-0.25274493802272247
0.387311834966304,-0.23334796652138623
0.38735137961383087,-0.21200646361226294
0.38739092426135774,-0.18928475338119455
0.3874304689088846,-0.16659512474948412
0.3874700135564115,-0.14556688787831806
0.3875095582039383,-0.1419602812221772
0.38754910285146515,-0.13835564149684032
0.387588647498992,-0.13474352556979996
0.3876281921465189,-0.13111824113493364
0.38766773679404576,-0.1275491937378228
0.3877072814415726,-0.12403678181092825
0.3877468260890995,-0.14018864200678083
0.38778637073662636,-0.16251128644709123
0.38782591538415323,-0.18486574878338624
0.38786546003168004,-0.20724902243167032
0.3879050046792069,-0.22957851426380538
0.3879445493267338,-0.25184638188626307
0.38798409397426065,-0.2740506095715709
0.3880236386217875,-0.29623629063247314
0.3880631832693144,-0.31840337886684766
0.38810272791684125,-0.30978119579850416
0.38814227256436806,-0.2551204937488105
0.38818181721189493,-0.20044858248916775
0.3882213618594218,-0.14577464164341203
0.38826090650694867,-0.09108040837995501
0.38830045115447553,-0.03635236519581708
0.3883399958020024,0.012083341238310563
0.38837954044952927,0.018838705570874748
0.38841908509705614,0.025512654873033114
0.388458629744583,0.032104287546279586
0.3884981743921098,0.038633556718870476
0.3885377190396367,0.04519108536461136
0.38857726368716355,0.05179353002828613
0.3886168083346904,0.0663159862400784
0.3886563529822173,0.08586084938977079
0.38869589762974416,0.10540239816707109
0.388735442277271,0.12488935472743012
0.38877498692479784,0.1442812633998063
0.3888145315723247,0.16359886772014987
0.3888540762198516,0.1828922534278279
0.38889362086737844,0.20216094995584166
0.3889331655149053,0.22140355490838326
0.3889727101624322,0.24061560036978813
0.38901225480995905,0.28341826288678673
0.3890517994574859,0.32995393532953843
0.3890913441050128,0.3764546312364656
0.3891308887525396,0.055600886076166756
0.38917043340006646,0.10918361544706601
0.38920997804759333,0.1627485304836669
0.3892495226951202,0.16997209589828088
0.38928906734264707,0.1760764118949143
0.38932861199017393,0.18216940179439245
0.3893681566377008,0.18825150008601632
0.3894077012852276,0.1943231410806847
0.3894472459327545,0.20037719090013928
0.38948679058028135,0.20640170549232373
0.3895263352278082,0.21239692037115976
0.3895658798753351,0.21836307047681647
0.38960542452286195,0.22430039017555048
0.3896449691703888,0.23020911325991866
0.3896845138179157,0.23612184219479326
0.38972405846544256,0.24207191997902777
0.38976360311296937,0.2618119869900517
0.38980314776049624,0.28149421278792897
0.3898426924080231,0.30121619874083816
0.38988223705555,0.30288550436504114
0.38992178170307684,0.3004646298342477
0.3899613263506037,0.29805463123123044
0.3900008709981306,0.29563293578561334
0.3900404156456574,0.29317698263925784
0.39007996029318426,0.29066515036186225
0.3901195049407111,0.28812871224961034
0.390159049588238,0.28558117009768047
0.39019859423576486,0.2830223854530036
0.39023813888329173,0.28045221985242996
0.3902776835308186,0.2778705348227217
0.39031722817834547,0.2752771918805621
0.39035677282587233,0.2726528431510671
0.39039631747339915,0.27067489966597647
0.390435862120926,0.27216159044155486
0.3904754067684529,0.28700173974062126
0.39051495141597975,0.3018137297051009
0.3905544960635066,0.3165979873009839
0.3905940407110335,0.33135493913149583
0.39063358535856035,0.3460850114367906
0.39067313000608717,0.16924755240699252
0.39071267465361403,0.16371658157709978
0.3907522193011409,0.15800344708157343
0.39079176394866777,0.13496198524154535
0.39083130859619464,0.09282498597358302
0.3908708532437215,0.050693496026912754
0.3909103978912484,0.008578648491959662
0.39094994253877524,-0.033507886896749994
0.3909894871863021,-0.07555398984774309
0.3910290318338289,-0.09282283707220929
0.3910685764813558,-0.1016437855295691
0.39110812112888266,-0.11028476894164108
0.3911476657764095,-0.11874461070382791
0.3911872104239364,-0.12702213074073754
0.39122675507146326,-0.13529734023815632
0.39126629971899013,-0.14357228142210143
0.39130584436651694,-0.1518475881224126
0.3913453890140438,-0.12632854101878932
0.3913849336615707,-0.07267487155994479
0.39142447830909755,-0.025502816245367654
0.3914640229566244,0.019546314068598747
0.3915035676041513,0.06456880986311964
0.39154311225167815,0.10957538676161027
0.391582656899205,0.14603352814514503
0.3916222015467319,0.13999876598886107
0.3916617461942587,0.13393637698765115
0.39170129084178557,0.1278469186760578
0.39174083548931243,0.12173094797774908
0.3917803801368393,0.11561528329216442
0.39181992478436617,0.1095043559087876
0.39185946943189304,0.10339841652019643
0.3918990140794199,0.09729771581891633
0.3919385587269467,0.0720908843005228
0.3919781033744736,0.26513025199857365
0.39201764802200045,0.22621562235800496
0.3920571926695273,0.1873072341748756
0.3920967373170542,0.14840533814169188
0.39213628196458106,0.10942688972047332
0.3921758266121079,0.07977158201058066
0.3922153712596348,0.0897127801174693
0.39225491590716166,0.0995658258800689
0.3922944605546885,0.10933003783350603
0.39233400520221534,0.11900695745311074
0.3923735498497422,0.1286955965124985
0.3924130944972691,0.13842153109355237
0.39245263914479595,0.14818504142374733
0.3924921837923228,0.1579864084144571
0.3925317284398497,0.16782591366070188
0.3925712730873765,0.17770383944141876
0.39261081773490336,0.18762046871922955
0.39265036238243023,0.19757608514067693
0.3926899070299571,0.2075709730358848
0.39272945167748396,0.2175875032534127
0.39276899632501083,0.2291291909095614
0.3928085409725377,0.24190151769864654
0.39284808562006457,0.2546868697421658
0.39288763026759144,0.2674852673833965
0.39292717491511825,0.28030737691521335
0.3929667195626451,0.26684538267437485
0.393006264210172,0.24871369421408573
0.39304580885769885,0.2306066486525964
0.3930853535052257,0.21252795394368595
0.3931248981527526,0.20017871247656815
0.39316444280027946,0.21739461709892183
0.39320398744780627,0.2345793035263939
0.39324353209533314,0.25163717651778317
0.39328307674286,0.26928647828547003
0.3933226213903869,0.2869245293923832
0.39336216603791374,0.3046727494763104
0.3934017106854406,0.3381495797070113
0.3934412553329675,0.3380460959407534
0.39348079998049434,0.3379752190577907
0.3935203446280212,0.3379172558565573
0.393559889275548,0.3378689685718599
0.3935994339230749,0.3378307447371318
0.39363897857060176,0.33780274867645765
0.39367852321812863,0.33777264098511006
0.3937180678656555,0.337740681154314
0.39375761251318236,0.30705419210485596
0.39379715716070923,0.22341792677106076
0.39383670180823604,-0.6125986836294293
0.3938762464557629,-0.6127259485079675
0.3939157911032898,-0.6123454032420548
0.39395533575081665,-0.6106354792888911
0.3939948803983435,-0.6090220258285317
0.3940344250458704,-0.6074866653022575
0.39407396969339725,-0.606017343092685
0.3941135143409241,-0.6045554227235055
0.394153058988451,-0.6029449184182383
0.3941926036359778,-0.5857561737023596
0.39423214828350467,-0.5627816613204111
0.39427169293103154,-0.5398806363916804
0.3943112375785584,-0.5170282921390927
0.3943507822260853,-0.4941930278305908
0.39439032687361214,-0.47133672271983507
0.394429871521139,-0.4484591929002999
0.3944694161686658,-0.42556101788893885
0.3945089608161927,-0.40264277669800874
0.39454850546371956,-0.37970504783511405
0.3945880501112464,-0.38801033373287774
0.3946275947587733,-0.39481653365111224
0.39466713940630016,-0.3955836976064142
0.39470668405382703,-0.39633522318622205
0.3947462287013539,-0.39713893459643446
0.39478577334888076,-0.3980219512842691
0.3948253179964076,-0.3989850801681123
0.39486486264393444,-0.4000229873006593
0.3949044072914613,-0.4011336239609369
0.3949439519389882,-0.40231771201978006
0.39498349658651505,-0.403536771581833
0.3950230412340419,-0.4048171569213812
0.3950625858815688,-0.40615863533410534
0.3951021305290956,-0.407560975088856
0.39514167517662246,-0.40900882673829786
0.39518121982414933,-0.4104816223522021
0.3952207644716762,-0.41196184701289607
0.39526030911920307,-0.4134380811017926
0.39529985376672994,-0.41489253508824353
0.3953393984142568,-0.4163002344422626
0.39537894306178367,-0.41765352154046864
0.39541848770931054,-0.41895216044740957
0.39545803235683735,-0.4202105733589554
0.3954975770043642,-0.42143156305815266
0.3955371216518911,-0.4226147109237193
0.39557666629941796,-0.423774741500309
0.3956162109469448,-0.41958909147376033
0.3956557555944717,-0.40913567382241656
0.39569530024199856,-0.3986484936098784
0.3957348448895254,-0.38811292032268296
0.39577438953705224,-0.3775217941171545
0.3958139341845791,-0.3668206319632583
0.395853478832106,-0.35600883600711164
0.39589302347963284,-0.3450858060167543
0.3959325681271597,-0.3738653408285515
0.3959721127746866,-0.42030658104949037
0.39601165742221345,-0.4666386690149573
0.3960512020697403,-0.5129551966033898
0.39609074671726713,-0.5592937178827948
0.396130291364794,-0.5912021695569702
0.39616983601232086,-0.5854315423798111
0.39620938065984773,-0.5797539947955377
0.3962489253073746,-0.5741694025247042
0.39628846995490147,-0.568668196625151
0.39632801460242834,-0.563238797648201
0.39636755924995515,-0.5578752160770684
0.396407103897482,0.0437732290189321
0.3964466485450089,0.1347727837823136
0.39648619319253575,0.22581935976152145
0.3965257378400626,0.3169269502286891
0.3965652824875895,0.37981945814875573
0.39660482713511636,0.4241838936873803
0.3966443717826432,0.4686114876314611
0.3966839164301701,0.5131021294404987
0.3967234610776969,0.5576488602165082
0.39676300572522377,0.602237780021615
0.39680255037275064,0.6468688595543677
0.3968420950202775,0.646159115067686
0.3968816396678044,0.6429222485984614
0.39692118431533124,0.6397580406994652
0.3969607289628581,0.4936544577128217
0.3970002736103849,0.47784114917021103
0.3970398182579118,0.46210134045628815
0.39707936290543866,0.44643531518438007
0.3971189075529655,0.43084335856453304
0.3971584522004924,0.41532487374978544
0.39719799684801926,0.3999347735988179
0.39723754149554613,0.3845870984957114
0.397277086143073,0.36928228250264983
0.39731663079059987,0.35407799039516874
0.3973561754381267,0.3742053835319181
0.39739572008565355,0.39433197530173425
0.3974352647331804,0.41434812874830573
0.3974748093807073,0.4342330537632173
0.39751435402823415,0.45401406184587323
0.397553898675761,0.473798918211052
0.3975934433232879,0.4935647897126265
0.3976329879708147,0.5133209584978542
0.39767253261834157,0.5330678365579264
0.39771207726586844,0.5532739176016825
0.3977516219133953,0.5651328337523256
0.39779116656092217,0.5627688117769001
0.39783071120844904,0.5603971450418772
0.3978702558559759,0.5580065144218738
0.3979098005035028,0.5555845246829114
0.39794934515102964,0.5531313427215303
0.39798888979855646,0.5506471347484583
0.3980284344460833,0.54590662457792
0.3980679790936102,0.5406560939776655
0.39810752374113706,0.5360979177087488
0.3981470683886639,0.531507027587939
0.3981866130361908,0.5269015455963895
0.39822615768371766,0.5222836045106307
0.3982657023312445,0.5184980423088543
0.39830524697877134,0.5147003369877368
0.3983447916262982,0.5108852227228522
0.3983843362738251,0.5070521037748366
0.39842388092135195,0.5032009704102651
0.3984634255688788,0.49933181244104485
0.3985029702164057,0.4954446192244988
0.39854251486393255,0.10933786506602194
0.3985820595114594,0.12222306582107922
0.39862160415898623,0.17906438597115226
0.3986611488065131,0.2381659677638157
0.39870069345403997,0.297297496750041
0.39874023810156684,0.35645867613014826
0.3987797827490937,0.41564920965756214
0.39881932739662057,0.47486880163885603
0.39885887204414744,0.491743888574792
0.39889841669167425,0.49333685515860193
0.3989379613392011,0.49495799643432603
0.398977505986728,0.49661387598745454
0.39901705063425486,0.49830842812671605
0.3990565952817817,0.5000350244600171
0.3990961399293086,0.5017872815043347
0.39913568457683546,0.5035648857572905
0.3991752292243623,0.5053675242484461
0.3992147738718892,0.5071948845394849
0.399254318519416,0.509046654724358
0.3992938631669429,0.5108820914599916
0.39933340781446974,-0.023995677695909823
0.3993729524619966,-0.018073946892077863
0.3994124971095235,0.030593635002724273
0.39945204175705035,0.07926323480773778
0.3994915864045772,0.12793476415291005
0.399531131052104,0.17658355168325457
0.3995706756996309,0.22518667899311273
0.39961022034715776,0.27374453550550015
0.39964976499468463,0.3198834103394361
0.3996893096422115,0.332777394467096
0.39972885428973837,0.34562727082736
0.39976839893726523,0.35843342535068645
0.3998079435847921,0.37119624309440313
0.39984748823231897,0.3839172969205791
0.3998870328798458,0.3966811687647027
0.39992657752737265,0.40951772875594017
0.3999661221748995,0.4224648728316849
0.4000056668224264,0.4355336601821165
0.40004521146995325,0.4487240168144009
0.4000847561174801,0.46203587114068156
0.400124300765007,0.47546915397798273
0.4001638454125338,0.4684165305404755
0.40020339006006067,0.44162540298776154
0.40024293470758754,0.4102161068803487
0.4002824793551144,0.37882884710987863
0.4003220240026413,0.3474634117575386
0.40036156865016814,0.31611958930689843
0.400401113297695,0.2847971686437756
0.4004406579452219,0.2543861982961175
0.40048020259274875,0.2253088789687161
0.40051974724027556,0.1962523305002688
0.4005592918878024,0.16721634338580715
0.4005988365353293,0.138219756176452
0.40063838118285616,0.10855497109776513
0.40067792583038303,0.07897799888708068
0.4007174704779099,0.08120165053357375
0.40075701512543677,0.1590909552789297
0.4007965597729636,0.23703191850968475
0.40083610442049045,0.314960212938046
0.4008756490680173,0.3593573945069162
0.4009151937155442,0.35802657630648005
0.40095473836307105,0.35665188286732796
0.4009942830105979,0.355233354216145
0.4010338276581248,0.3537710295458263
0.40107337230565165,0.35226494721565915
0.4011129169531785,0.35070378500615007
0.40115246160070533,0.34901418769664216
0.4011920062482322,0.3472230683356883
0.40123155089575907,0.34533166308399954
0.40127109554328594,0.30398364094424934
0.4013106401908128,0.2602540003164422
0.4013501848383397,0.21654140037306568
0.40138972948586654,0.17284594693133037
0.40142927413339335,0.12916774611010773
0.4014688187809202,0.08550690432959485
0.4015083634284471,0.04697929097271647
0.40154790807597396,0.09276627977290053
0.4015874527235008,0.1703102695258023
0.4016269973710277,0.24792990846416485
0.40166654201855456,0.26722072965102894
0.40170608666608143,0.2619924835943799
0.4017456313136083,0.25688155585479144
0.4017851759611351,0.2518881074339623
0.401824720608662,0.24701230160942877
0.40186426525618885,0.24224805962868334
0.4019038099037157,0.23756553003915837
0.4019433545512426,0.24569794195160544
0.40198289919876945,0.25827747773166454
0.4020224438462963,0.2708813234990375
0.40206198849382313,0.2834997504350514
0.40210153314135,0.29609408861635167
0.40214107778887687,0.30866479445840866
0.40218062243640373,0.30779277132794425
0.4022201670839306,0.2843006831474959
0.40225971173145747,0.2607863289589085
0.40229925637898434,0.2372501632341466
0.4023388010265112,0.21370613446769227
0.4023783456740381,0.19015828243703492
0.4024178903215649,0.16660722938048744
0.40245743496909175,0.14306438842938496
0.4024969796166186,0.12705621008218415
0.4025365242641455,0.1123538837683582
0.40257606891167236,0.097708148961821
0.4026156135591992,0.11286761327344497
0.4026551582067261,0.13317086398298184
0.4026947028542529,0.15351833540674464
0.4027342475017798,0.17390994920018388
0.40277379214930664,0.19434562778504638
0.4028133367968335,0.2148252943497302
0.4028528814443604,0.23534294768177277
0.40289242609188725,0.25589305194750755
0.4029319707394141,0.2764847801886119
0.402971515386941,0.2971094278134583
0.40301106003446785,0.3177466188343021
0.40305060468199466,0.3399164810745603
0.40309014932952153,0.3774607641431196
0.4031296939770484,0.41498077928594856
0.40316923862457527,0.4524751751768492
0.40320878327210213,0.48994325051311094
0.403248327919629,0.5273871885318235
0.40328787256715587,0.5648170221158848
0.4033274172146827,0.5830996815878486
0.40336696186220955,0.5830383213179906
0.4034065065097364,0.5811327134861237
0.4034460511572633,0.5496317137363245
0.40348559580479015,0.5181568750842045
0.403525140452317,0.48670909983309496
0.4035646850998439,0.4552892906898709
0.40360422974737076,0.4238983507648255
0.4036437743948976,0.3925412384845002
0.40368331904242444,0.3629537626004984
0.4037228636899513,0.34432107819457336
0.4037624083374782,0.3257267805358586
0.40380195298500504,0.30717321490432514
0.4038414976325319,0.28865953997520943
0.4038810422800588,0.2701849150544442
0.40392058692758565,0.2736457491805253
0.40396013157511246,0.2891215690394717
0.4039996762226393,0.3046916589773683
0.4040392208701662,0.32034734763426753
0.40407876551769306,0.3360620470902642
0.40411831016521993,0.35180942164508
0.4041578548127468,0.3675790064143407
0.40419739946027367,0.38337052606433986
0.40423694410780053,0.2670068443156328
0.4042764887553274,0.2943668977491316
0.4043160334028542,0.30665384146047847
0.4043555780503811,0.30729174730927866
0.40439512269790795,0.307950216571208
0.4044346673454348,0.3096059320751334
0.4044742119929617,0.31444330851789726
0.40451375664048855,0.319267308953719
0.4045533012880154,0.32404052595600774
0.40459284593554223,0.3287934860776529
0.4046323905830691,0.33358281255417443
0.40467193523059597,0.3383905738044217
0.40471147987812284,0.3432115192925469
0.4047510245256497,0.3480522208489609
0.4047905691731766,0.3529235784025939
0.40483011382070344,0.357749187513257
0.4048696584682303,0.3625124960240238
0.4049092031157572,0.36721353413234503
0.404948747763284,0.37185233058876843
0.40498829241081086,0.3763585292704916
0.4050278370583377,0.3791171390026653
0.4050673817058646,0.37688091171136673
0.40510692635339146,0.3644877037268568
0.40514647100091833,0.3520920333667519
0.4051860156484452,0.33969331913795253
0.405225560295972,0.3272909793077612
0.4052651049434989,0.3148923634755345
0.40530464959102575,0.3025265560420527
0.4053441942385526,0.29022323582833787
0.4053837388860795,0.27798249309230316
0.40542328353360635,0.2658044191932376
0.4054628281811332,0.2536891065922253
0.4055023728286601,0.16269169668289551
0.40554191747618695,0.14009328605264626
0.40558146212371377,0.11753317044864442
0.40562100677124063,0.09509895664084311
0.4056605514187675,0.07279211352993409
0.40570009606629437,0.0504823824614169
0.40573964071382124,0.02812036459458911
0.4057791853613481,0.005706014123219028
0.405818730008875,0.06911040338374397
0.4058582746564018,0.051404527442373116
0.40589781930392865,0.049810237365230936
0.4059373639514555,0.06191849297559182
0.4059769085989824,0.07396531961120756
0.40601645324650926,0.08593200375054222
0.4060559978940361,0.09782845779026017
0.406095542541563,0.10967842288196517
0.40613508718908986,0.12176871287037505
0.40617463183661673,0.13384778083076299
0.40621417648414354,0.1459152573095217
0.4062537211316704,0.15798032687150698
0.4062932657791973,0.17008373499918727
0.40633281042672414,0.18222561557649763
0.406372355074251,0.19440610313137086
0.4064118997217779,0.20662533283571038
0.40645144436930475,0.21888344050514252
0.40649098901683156,0.23114662982349365
0.40653053366435843,0.2447641180967417
0.4065700783118853,0.2596070944541453
0.40660962295941216,0.274451352354967
0.40664916760693903,0.28925342202634896
0.4066887122544659,0.3040109307403669
0.40672825690199277,0.31399276519438235
0.40676780154951964,0.32013829295054697
0.4068073461970465,0.3262381812472306
0.4068468908445733,0.3322920684832118
0.4068864354921002,0.3382995920069285
0.40692598013962705,0.342144400263122
0.4069655247871539,0.34031292049050776
0.4070050694346808,0.3384511541498343
0.40704461408220766,0.33655879899663255
0.4070841587297345,0.33459974329967057
0.40712370337726134,0.33257345870595945
0.4071632480247882,0.32192525389640103
0.4072027926723151,0.2995787983220648
0.40724233731984194,0.29606959165974667
0.4072818819673688,0.2933352271057972
0.4073214266148957,0.2905838023081797
0.40736097126242254,0.28781545146284415
0.4074005159099494,0.28503030832618803
0.4074400605574763,0.28222850621510354
0.4074796052050031,0.27941017800690027
0.40751914985252996,0.2766143778027659
0.40755869450005683,0.2738796605393312
0.4075982391475837,0.2886391650680178
0.40763778379511056,0.3059190181095146
0.40767732844263743,0.3232603595993879
0.4077168730901643,0.3406633269135142
0.4077564177376911,0.3581334863467309
0.407795962385218,0.34530613654748077
0.40783550703274485,0.33211079723620784
0.4078750516802717,0.31892773797536167
0.4079145963277986,0.30568730023701063
0.40795414097532545,0.28605425582399446
0.4079936856228523,0.259684857084705
0.4080332302703792,0.24489766992119888
0.40807277491790606,0.250194739057779
0.40811231956543287,0.2554048627862393
0.40815186421295974,0.2605902096220869
0.4081914088604866,0.265750859189974
0.40823095350801347,0.2708868905882298
0.40827049815554034,0.27599838238880237
0.4083100428030672,0.27950095013390186
0.4083495874505941,0.27497352801186636
0.4083891320981209,0.2657899186616053
0.40842867674564776,0.22709137130406853
0.4084682213931746,0.18828025537994986
0.4085077660407015,0.1493571445027948
0.40854731068822836,0.11032260998190102
0.40858685533575523,0.08418916600514148
0.4086263999832821,0.09157070208749918
0.40866594463080896,0.09893106579218625
0.40870548927833583,0.10564595962470902
0.40874503392586264,0.10981169355384868
0.4087845785733895,0.11391981719832467
0.4088241232209164,0.11796402146140439
0.40886366786844325,0.12105498566365203
0.4089032125159701,0.10307800089101837
0.408942757163497,0.08502970155162037
0.40898230181102385,0.06760463378720694
0.40902184645855066,0.05016304628512369
0.40906139110607753,0.0327065895825438
0.4091009357536044,0.015235260875015477
0.40914048040113127,-0.002250943040477349
0.40918002504865814,-0.01975202576519175
0.409219569696185,-0.03726799129901481
0.40925911434371187,-0.054798844040124806
0.40929865899123874,-0.07234458878526562
0.4093382036387656,-0.08990523072940215
0.4093777482862924,-0.10748077546610402
0.4094172929338193,-0.1250712289873448
0.40945683758134616,-0.12098887809563053
0.409496382228873,-0.0945196500597385
0.4095359268763999,-0.06808608656701054
0.40957547152392676,-0.03572946712608882
0.4096150161714536,0.0010009415594369742
0.40965456081898044,0.037721620079071094
0.4096941054665073,0.07443884077233376
0.4097336501140342,0.09311129601638113
0.40977319476156104,0.09691346606524132
0.4098127394090879,0.10071507217921072
0.4098522840566148,0.10451619796084355
0.40989182870414165,0.10831692690705363
0.4099313733516685,0.11211734240916416
0.4099709179991954,0.11591752775290054
0.4100104626467222,0.11971756611840645
0.41005000729424906,0.12351754058007369
0.41008955194177593,0.12731753410681268
0.4101290965893028,0.11880342820754564
0.41016864123682967,0.0977904330491941
0.41020818588435654,0.07677136002238383
0.4102477305318834,0.055726054861970464
0.4102872751794102,0.034654335572309236
0.4103268198269371,0.013556019524700869
0.41036636447446395,-0.007569076542702113
0.4104059091219908,-0.028721136524907376
0.4104454537695177,-0.10024442217255958
0.41048499841704456,-0.22760132200570915
0.4105245430645714,-0.35495244516349134
0.4105640877120983,-0.9018133182697219
0.41060363235962516,-0.9128112923567082
0.41064317700715197,-0.9237486487793669
0.41068272165467884,-0.934624730577672
0.4107222663022057,-0.9378864754705236
0.4107618109497326,-0.9201708330642155
0.41080135559725944,-0.9024292400184617
0.4108409002447863,-0.8847425610779931
0.4108804448923132,-0.8671101736724949
0.41091998953984,-0.8495312258699497
0.41095953418736686,-0.832004867079231
0.4109990788348937,-0.8145302480502234
0.4110386234824206,-0.7971065208735468
0.41107816812994746,-0.7797328389808826
0.41111771277747433,-0.7624483081611282
0.4111572574250012,-0.773927034165899
0.41119680207252807,-0.7868113693159104
0.41123634672005493,-0.79975372312511
0.41127589136758175,-0.8127548078349829
0.4113154360151086,-0.8258153371620489
0.4113549806626355,-0.8389231424284707
0.41139452531016235,-0.8574546606982487
0.4114340699576892,-0.8881441268895833
0.4114736146052161,-0.9188173151246057
0.41151315925274295,-0.9494741761993293
0.41155270390026977,-0.9625187991417468
0.41159224854779664,-0.9727738254095528
0.4116317931953235,-0.9812186277935258
0.41167133784285037,-0.989547297962408
0.41171088249037724,-0.9977321188521406
0.4117504271379041,-1.006161482626255
0.411789971785431,-1.0145421071349068
0.41182951643295784,-1.0228734739361074
0.4118690610804847,-1.0311550634241393
0.4119086057280115,-1.0394265011925654
0.4119481503755384,-1.0477573546244123
0.41198769502306526,-1.0562060996262206
0.4120272396705921,-1.064771985420367
0.412066784318119,-1.0733843030775923
0.41210632896564586,-1.0820404085639175
0.41214587361317273,-1.0900264974057516
0.41218541826069954,-1.0886913829729212
0.4122249629082264,-1.0873820912148355
0.4122645075557533,-1.0860839685013413
0.41230405220328015,-1.0847973282822005
0.412343596850807,-1.083522484138526
0.4123831414983339,-1.0822597497829656
0.41242268614586075,-1.0810094390595295
0.4124622307933876,-1.0797718659436488
0.4125017754409145,-1.078547344542312
0.4125413200884413,-1.0773384687164342
0.41258086473596817,-1.0761474111655782
0.41262040938349503,-1.0749745274654208
0.4126599540310219,-1.0738201734051138
0.41269949867854877,-1.072684704987037
0.41273904332607564,-1.0715158683743833
0.4127785879736025,-1.0703249180319627
0.4128181326211293,-1.0691212596905224
0.4128576772686562,-1.0655091757703796
0.41289722191618305,-1.060821957607744
0.4129367665637099,-1.056174451503332
0.4129763112112368,-1.0515669256900932
0.41301585585876366,-1.0469996490401026
0.4130554005062905,-0.5602486589347624
0.4130949451538174,-0.4714997774829981
0.41313448980134426,-0.38278114187363954
0.4131740344488711,-0.3457311692696101
0.41321357909639794,-0.3373880414692101
0.4132531237439248,-0.32907300667860895
0.4132926683914517,-0.33408191196032977
0.41333221303897855,-0.34152323424454156
0.4133717576865054,-0.3489922626818127
0.4134113023340323,-0.35648886905035315
0.4134508469815591,-0.36401292549361974
0.41349039162908596,-0.3715643045205774
0.41352993627661283,-0.3790966692424318
0.4135694809241397,-0.3865296116088657
0.41360902557166657,-0.3927276040931882
0.41364857021919343,-0.39893818290797434
0.4136881148667203,-0.4123637526203203
0.41372765951424717,-0.4285505370574567
0.41376720416177404,-0.44797369994030767
0.41380674880930085,-0.47000772168380944
0.4138462934568277,-0.4920463683152163
0.4138858381043546,-0.5140896244165911
0.41392538275188145,-0.5361374747837058
0.4139649273994083,-0.5582131615129606
0.4140044720469352,-0.5803256689161951
0.41404401669446206,-0.6024753021777007
0.41408356134198887,-0.6080190840823629
0.41412310598951574,-0.5922208817584935
0.4141626506370426,-0.5640898991767895
0.4142021952845695,-0.5359809680837815
0.41424173993209634,-0.5078945641283958
0.4142812845796232,-0.4798311634760952
0.4143208292271501,-0.45179146819382954
0.41436037387467695,-0.4237362217001768
0.4143999185222038,-0.395667587658187
0.4144394631697306,-0.36759459663103744
0.4144790078172575,-0.3405493173243763
0.41451855246478436,-0.3366024530338172
0.41455809711231123,-0.3326513626334684
0.4145976417598381,-0.3286960896620261
0.41463718640736497,-0.32473151169902525
0.41467673105489183,-0.3207343586444691
0.41471627570241865,-0.31672960849903653
0.4147558203499455,-0.3200974482136769
0.4147953649974724,-0.3439101276964496
0.41483490964499925,-0.3677581978371478
0.4148744542925261,-0.3916413041730644
0.414913998940053,-0.40542941954848466
0.41495354358757985,-0.4055235016209817
0.4149930882351067,-0.40565156103360644
0.4150326328826336,-0.40581324634560945
0.4150721775301604,-0.39412686196228996
0.41511172217768727,-0.3799157512436184
0.41515126682521414,-0.3656755479247935
0.415190811472741,-0.3514065330723204
0.4152303561202679,-0.3469309678259358
0.41526990076779474,-0.3445634099352475
0.4153094454153216,-0.34216788064148984
0.4153489900628484,-0.3397470923649606
0.4153885347103753,-0.3373229199342669
0.41542807935790216,-0.3349049773053885
0.415467624005429,-0.32431375434277543
0.4155071686529559,-0.3040110363988342
0.41554671330048276,-0.2837154222607894
0.41558625794800963,-0.26345068855590315
0.4156258025955365,-0.24323181862387422
0.41566534724306337,-0.22305871962625368
0.4157048918905902,-0.20287127884585532
0.41574443653811705,-0.18264201209731912
0.4157839811856439,-0.16481097590820726
0.4158235258331708,-0.14990089114470262
0.41586307048069765,-0.13494610761207237
0.4159026151282245,-0.1274068949141669
0.4159421597757514,-0.15947460391781654
0.4159817044232782,-0.1915759894887974
0.41602124907080507,-0.2237155781005309
0.41606079371833193,-0.24956395582334512
0.4161003383658588,-0.26770918661737575
0.41613988301338567,-0.2858919148846688
0.41617942766091254,-0.3050108485434664
0.4162189723084394,-0.27847895278388046
0.4162585169559663,-0.25189476708454484
0.41629806160349314,-0.22548778461512242
0.41633760625101995,-0.1992164551020954
0.4163771508985468,-0.17305341019188436
0.4164166955460737,-0.14699903144496007
0.41645624019360056,-0.12105370247829361
0.4164957848411274,-0.09895139070265335
0.4165353294886543,-0.08200219887394367
0.41657487413618116,-0.06513837887024598
0.416614418783708,-0.04829221393312366
0.41665396343123484,-0.03145983511214334
0.4166935080787617,-0.014641221738116439
0.4167330527262886,0.002379240094718682
0.41677259737381545,0.019407416421402424
0.4168121420213423,0.03644352459318956
0.4168516866688692,0.05348778237150187
0.41689123131639605,0.07054040792753469
0.4169307759639229,0.0870095628074119
0.41697032061144973,0.08814333938024266
0.4170098652589766,0.08928614070452356
0.41704940990650347,0.09043818659138037
0.41708895455403033,0.06740373002329036
0.4171284992015572,0.037295018097605936
0.41716804384908407,0.007156458517811437
0.41720758849661094,-0.02300943380302467
0.41724713314413775,-0.05320309817408564
0.4172866777916646,-0.0834249743259825
0.4173262224391915,-0.11367550241050273
0.41736576708671835,-0.1373831430176251
0.4174053117342452,-0.15523649127052241
0.4174448563817721,-0.17311981443908442
0.41748440102929896,-0.19103426000069668
0.4175239456768258,-0.20896770653697105
0.4175634903243527,-0.2268990492970011
0.4176030349718795,-0.24482839921309285
0.4176425796194064,-0.2627558669762231
0.41768212426693324,-0.2806815630361261
0.4177216689144601,-0.2986055976011275
0.417761213561987,-0.3165280806383963
0.41780075820951385,-0.33444576698686124
0.4178403028570407,-0.3523328452629504
0.4178798475045675,0.11416104998162302
0.4179193921520944,0.09964024624871026
0.41795893679962126,0.09721489334117805
0.41799848144714813,0.096292963093072
0.418038026094675,0.0954095791645373
0.41807757074220186,0.09456432594856468
0.41811711538972873,0.08941437860230117
0.4181566600372556,0.08237388454851846
0.41819620468478247,0.0753027550787011
0.4182357493323093,0.06820126049437603
0.41827529397983615,0.061069670756260575
0.418314838627363,0.0544844300122187
0.4183543832748899,0.047849690376124965
0.41839392792241675,0.04109919784623006
0.4184334725699436,0.04195756843132914
0.4184730172174705,0.06106985754487182
0.4185125618649973,0.08003529752840777
0.41855210651252417,0.09885347173707393
0.41859165116005104,0.11752396076198712
0.4186311958075779,0.136110220769329
0.4186707404551048,0.15463554463831297
0.41871028510263164,0.1731003729314078
0.4187498297501585,0.19609944856862027
0.4187893743976854,0.22264066033225038
0.41882891904521224,0.24544703478398944
0.41886846369273906,0.264221954899051
0.4189080083402659,0.2830267876893844
0.4189475529877928,0.3018610711955243
0.41898709763531966,0.320724344226603
0.41902664228284653,0.33961614636030113
0.4190661869303734,0.33144619318415947
0.41910573157790026,0.31640901084241335
0.4191452762254271,0.31838198045413657
0.41918482087295394,0.32318321243571857
0.4192243655204808,0.32793236841945816
0.4192639101680077,0.33262845659434115
0.41930345481553455,0.32079958080555526
0.4193429994630614,0.293453979608036
0.4193825441105883,0.2660523294870609
0.41942208875811515,0.2385941691383069
0.419461633405642,0.21110334774114126
0.41950117805316883,0.18357968650479695
0.4195407227006957,0.15601933549861347
0.41958026734822257,0.12837879723014645
0.41961981199574944,0.10145478923508833
0.4196593566432763,0.11125747746044423
0.4196989012908032,0.12098084861212266
0.41973844593833004,0.15574183323429613
0.41977799058585685,0.197810791494061
0.4198175352333837,0.2398012903222102
0.4198570798809106,0.28171361281124474
0.41989662452843746,0.3235480406596829
0.4199361691759643,0.35042929732955264
0.4199757138234912,0.36387170398766955
0.42001525847101806,0.37731999990522347
0.42005480311854493,0.3907749978775312
0.4200943477660718,0.4042606432653346
0.4201338924135986,0.417784723960533
0.4201734370611255,0.4313477496609308
0.42021298170865234,0.4449488888414961
0.4202525263561792,0.4585866606621458
0.4202920710037061,0.4722615442530689
0.42033161565123295,0.48597401953489516
0.4203711602987598,0.4997457772867482
0.42041070494628663,0.5135789406267235
0.4204502495938135,0.5121810568584366
0.42048979424134036,0.5082993294295841
0.42052933888886723,0.4994883868854436
0.4205688835363941,0.4839987895292337
0.42060842818392097,0.46840639997868294
0.42064797283144784,0.4527603381225891
0.4206875174789747,0.4371286122518576
0.42072706212650157,0.42149893323031806
0.4207666067740284,0.40585691012127967
0.42080615142155525,0.39020263332948124
0.4208456960690821,0.3745270963925549
0.420885240716609,0.35119037085551685
0.42092478536413586,0.2754285620830861
0.4209643300116627,0.19961765023090372
0.4210038746591896,0.12375810516266039
0.4210434193067164,0.1124762774847361
0.4210829639542433,0.11303739900617193
0.42112250860177014,0.11361560570222151
0.421162053249297,0.11421199535091509
0.4212015978968239,0.11483661582402238
0.42124114254435074,0.11553875783615064
0.4212806871918776,0.11632571332289965
0.4213202318394045,0.1170707076739923
0.42135977648693135,0.1177249491179837
0.42139932113445816,0.12891189913518408
0.42143886578198503,0.1608786992625988
0.4214784104295119,0.19287655037210305
0.42151795507703876,0.22490827462050467
0.42155749972456563,0.2569835950906141
0.4215970443720925,0.2891021895180943
0.42163658901961937,0.3170799888259834
0.4216761336671462,0.32586405258757223
0.42171567831467305,0.33467114921967545
0.4217552229621999,0.3434934048535401
0.4217947676097268,0.35233023585323586
0.42183431225725365,0.3546767350357851
0.4218738569047805,0.3310156700171767
0.4219134015523074,0.30730112959012956
0.42195294619983426,0.2835534327564875
0.4219924908473611,0.25980693492496165
0.42203203549488794,0.2360622647617414
0.4220715801424148,0.2123200510650256
0.42211112478994167,0.18858092276485694
0.42215066943746854,0.16483515197275977
0.4221902140849954,0.14106684371720668
0.4222297587325223,0.12450700405701998
0.42226930338004914,0.11118197223833581
0.42230884802757596,0.1041303565324938
0.4223483926751028,0.11898346679739369
0.4223879373226297,0.13377863601338236
0.42242748197015656,0.14852664909403135
0.4224670266176834,0.16322737534972376
0.4225065712652103,0.1778806831132127
0.42254611591273716,0.1925365237665959
0.42258566056026403,0.20719922240623445
0.4226252052077909,0.2178981718862052
0.4226647498553177,0.22490416280137548
0.4227042945028446,0.2380340743199132
0.42274383915037145,0.25116810179642624
0.4227833837978983,0.2643055600459818
0.4228229284454252,0.2774434718879868
0.42286247309295205,0.29055797026348307
0.4229020177404789,0.30364361941404683
0.42294156238800573,0.31669096880337433
0.4229811070355326,0.3296992099203564
0.42302065168305947,0.3284466237513266
0.42306019633058634,0.31385138719455474
0.4230997409781132,0.2930264123439148
0.42313928562564007,0.26889952289999197
0.42317883027316694,0.24477336542623718
0.4232183749206938,0.22068377768211267
0.4232579195682207,0.19663123774072622
0.4232974642157475,0.17261622460104986
0.42333700886327436,0.14863921818773118
0.4233765535108012,0.12470069935131223
0.4234160981583281,0.10351349828537515
0.42345564280585496,0.11627855735081516
0.4234951874533818,0.12904235634907035
0.4235347321009087,0.1651218193747721
0.4235742767484355,0.20331529427251605
0.4236138213959624,0.24150907009047007
0.42365336604348924,0.2797036673509936
0.4236929106910161,0.31786659624085045
0.423732455338543,0.35598001086608466
0.42377199998606985,0.3940439224294887
0.4238115446335967,0.4264232624230502
0.4238510892811236,0.44104324336349476
0.42389063392865045,0.4555993300118528
0.42393017857617726,0.47011012737316227
0.42396972322370413,0.4845853680164467
0.424009267871231,0.49922417894087046
0.42404881251875787,0.5138117810691973
0.42408835716628474,0.5283706270062791
0.4241279018138116,0.5429416477540094
0.42416744646133847,0.5575375378609713
0.4242069911088653,0.5721565598642431
0.42424653575639215,0.5867936687083173
0.424286080403919,0.5792573373404077
0.4243256250514459,0.5466348964245848
0.42436516969897276,0.5140295660825522
0.4244047143464996,0.48144102172468184
0.4244442589940265,0.44399784109536755
0.42448380364155336,0.4022183583261887
0.4245233482890802,0.3645800272188513
0.42456289293660704,0.33926467935704974
0.4246024375841339,0.3139527863486755
0.4246419822316608,0.28864414421609474
0.42468152687918764,0.26333854916088173
0.4247210715267145,0.23803579756400417
0.4247606161742414,0.2127334905283993
0.42480016082176825,0.1874067268119166
0.42483970546929506,0.16204534291189354
0.4248792501168219,0.16325157654063904
0.4249187947643488,0.17809038086386053
0.42495833941187566,0.19291126008751602
0.42499788405940253,0.20771473673233087
0.4250374287069294,0.2225013330525849
0.42507697335445627,0.2372715710361577
0.42511651800198313,0.2520259724045122
0.42515606264951,0.26676505861274835
0.4251956072970368,0.28152764492789384
0.4252351519445637,0.29631551233547615
0.42527469659209055,0.31124776370663465
0.4253142412396174,0.32622265536809225
0.4253537858871443,0.3269077584538218
0.42539333053467115,0.3170358660339918
0.425432875182198,0.3072074658026067
0.42547241982972483,0.2957315363296358
0.4255119644772517,0.276314678893923
0.42555150912477857,0.25694467327280845
0.42559105377230544,0.23751919713178893
0.4256305984198323,0.21815915031804511
0.4256701430673592,0.19884008637399564
0.42570968771488604,0.17954094878206917
0.4257492323624129,0.16026121108050395
0.4257887770099398,0.14100034720917076
0.4258283216574666,0.12175783150974118
0.42586786630499346,0.10253313872544068
0.4259074109525203,0.27545383572013993
0.4259469556000472,0.28173576594990335
0.42598650024757406,0.2879959272679238
0.42602604489510093,0.2942341831808011
0.4260655895426278,0.30045039681795194
0.4261051341901546,0.30664443093181104
0.4261446788376815,0.3128161478975744
0.42618422348520835,0.3187881851747769
0.4262237681327352,0.324686052999525
0.4262633127802621,0.3077748440074819
0.42630285742778895,0.28559442454912576
0.4263424020753158,0.26333709222897506
0.4263819467228427,0.25553557517398673
0.42642149137036955,0.2492267456120283
0.42646103601789637,0.2428420473414019
0.42650058066542323,0.2363889570430291
0.4265401253129501,0.22988807438667402
0.42657966996047697,0.22338942432553166
0.42661921460800384,0.2168928324158399
0.4266587592555307,0.21039812423232584
0.4266983039030576,0.20390831525153308
0.4267378485505844,0.19744063719118454
0.42677739319811125,0.19100867068236038
0.4268169378456381,0.18454079214470243
0.426856482493165,0.15404376209667925
0.42689602714069186,0.12508402475608893
0.4269355717882187,0.11204582940029795
0.4269751164357456,0.0990725557157437
0.42701466108327246,0.08613576451341798
0.42705420573079933,0.07323400288739768
0.42709375037832614,0.06036700078090673
0.427133295025853,0.04753448885911471
0.4271728396733799,0.034736198509373484
0.42721238432090675,0.021962498722619017
0.4272519289684336,0.009205205319543719
0.4272914736159605,0.002759366828264387
0.42733101826348735,0.01578550320286176
0.42737056291101416,0.028822587559843793
0.42741010755854103,0.04186634457520766
0.4274496522060679,0.054916169222584355
0.42748919685359477,0.06797145668443427
0.42752874150112163,0.08466829334263659
0.4275682861486485,0.10144656059987334
0.42760783079617537,0.11219319926248827
0.42764737544370224,0.12292532969943482
0.4276869200912291,0.13364347219174633
0.4277264647387559,0.14435769580698654
0.4277660093862828,0.1550786813545444
0.42780555403380965,0.16578959300744645
0.4278450986813365,0.1535946741921288
0.4278846433288634,0.14114361043499235
0.42792418797639026,0.12865272150359486
0.4279637326239171,0.11612224657453218
0.42800327727144394,0.10355242405979403
0.4280428219189708,0.09094349160686654
0.4280823665664977,0.07829807469971595
0.42812191121402454,0.06562850184251356
0.4281614558615514,0.05294211729385889
0.4282010005090783,0.004081689897867502
0.42824054515660515,-0.05483345093708447
0.428280089804132,-0.11363735083068827
0.4283196344516589,-0.17232994110041178
0.4283591790991857,-0.7175484530647664
0.42839872374671256,-0.7217170013976375
0.42843826839423943,-0.7258222058465806
0.4284778130417663,-0.7298639506346807
0.42851735768929317,-0.73383924004618
0.42855690233682003,-0.7377529605896087
0.4285964469843469,-0.7416637662803569
0.4286359916318737,-0.7455704682260555
0.4286755362794006,-0.749440707316356
0.42871508092692745,-0.7532742969464414
0.4287546255744543,-0.29118822280193246
0.4287941702219812,-0.29929315175825355
0.42883371486950805,-0.30736086751563985
0.4288732595170349,-0.3153911808530272
0.4289128041645618,-0.32338390189526844
0.42895234881208866,-0.33133884011319026
0.42899189345961547,-0.3392558043234746
0.42903143810714234,-0.3471346026887816
0.4290709827546692,-0.3549750427177174
0.4291105274021961,-0.3627769312647193
0.42915007204972294,-0.3705400745302554
0.4291896166972498,-0.3782642780606569
0.4292291613447767,-0.38598204131143854
0.4292687059923035,-0.3937272655374109
0.42930825063983036,-0.4015034028528359
0.4293477952873572,-0.4093209099615609
0.4293873399348841,-0.4171869534164121
0.42942688458241096,-0.4251021179885459
0.42946642922993783,-0.4330669895095367
0.4295059738774647,-0.4399954767019105
0.42954551852499157,-0.44623913561312767
0.42958506317251843,-0.4524943010595517
0.42962460782004525,-0.45876096235274266
0.4296641524675721,-0.465039109086935
0.429703697115099,-0.4713287311390486
0.42974324176262585,-0.4776298186687358
0.4297827864101527,-0.4839423621183512
0.4298223310576796,-0.49026635221293846
0.42986187570520645,-0.4966017799602285
0.42990142035273327,-0.5029300728070809
0.42994096500026013,-0.509232196311395
0.429980509647787,-0.5155077690306289
0.43002005429531387,-0.5217564090605964
0.43005959894284074,-0.5279777340354088
0.4300991435903676,-0.5341713611275414
0.4301386882378945,-0.5403369070478043
0.43017823288542134,-0.5464739880452978
0.4302177775329482,-0.5525058903296243
0.430257322180475,-0.5583472896739963
0.4302968668280019,-0.563996199143225
0.43033641147552876,-0.5688181644555272
0.4303759561230556,-0.573612616625399
0.4304155007705825,-0.5783792925944171
0.43045504541810936,-0.5831179291362942
0.43049459006563623,-0.5878308301684187
0.43053413471316304,-0.5925462941644013
0.4305736793606899,-0.5972646055412683
0.4306132240082168,-0.6479011974751301
0.43065276865574365,-0.6986942419273601
0.4306923133032705,-0.749490989682235
0.4307318579507974,-0.8002960832281247
0.43077140259832425,-0.8511134591314398
0.4308109472458511,-0.9019433238261563
0.430850491893378,-0.9527858843531667
0.4308900365409048,-0.9962739270011758
0.43092958118843167,-0.9976447804844097
0.43096912583595853,-0.9989832377725794
0.4310086704834854,-1.0002890559728002
0.43104821513101227,-1.0015619918979595
0.43108775977853914,-1.0028018020666756
0.431127304426066,-1.0040082427032355
0.4311668490735928,-1.005172869017616
0.4312063937211197,-1.006277002129333
0.43124593836864655,-1.0073201324761172
0.4312854830161734,-1.0082918914396712
0.4313250276637003,-1.0092170884739229
0.43136457231122716,-1.0100997683747672
0.431404116958754,0.19088983426308204
0.4314436616062809,0.2688850764820243
0.43148320625380776,0.34749495024312216
0.4315227509013346,0.3869672231310157
0.43156229554886144,0.39110680774821605
0.4316018401963883,0.3953613452916489
0.4316413848439152,0.3997301537078477
0.43168092949144204,0.3772967071925333
0.4317204741389689,0.317162207874941
0.4317600187864958,0.2570526967074871
0.4317995634340226,0.19696838336263323
0.43183910808154946,0.18378364712561135
0.43187865272907633,0.17236619386046792
0.4319181973766032,0.16097349290316254
0.43195774202413006,0.14957056346429187
0.43199728667165693,0.1501466334636392
0.4320368313191838,0.16062741171389483
0.43207637596671067,0.17108508280998924
0.43211592061423754,0.18152005557294704
0.43215546526176435,0.19193273806947264
0.4321950099092912,0.20234879581616338
0.4322345545568181,0.21278528626362503
0.43227409920434495,0.22324219282994706
0.4323136438518718,0.23375256046431314
0.4323531884993987,0.2443172760561132
0.43239273314692556,0.2549359799718611
0.43243227779445237,0.2656083133605267
0.43247182244197924,0.27633391815345254
0.4325113670895061,0.2957814121470186
0.432550911737033,0.3030602308531196
0.43259045638455984,0.3039796589243373
0.4326300010320867,0.3049473227618864
0.4326695456796136,0.30596121841484214
0.43270909032714044,0.30698715535742194
0.4327486349746673,0.308015882585575
0.4327881796221941,0.3090303649193489
0.432827724269721,0.3121082058583786
0.43286726891724786,0.31956347963832465
0.43290681356477473,0.32686105073173755
0.4329463582123016,0.327410308280617
0.43298590285982846,0.31840257938584093
0.43302544750735533,0.30935714706004136
0.43306499215488214,0.3002942551523593
0.433104536802409,0.291217927589023
0.4331440814499359,0.282128599070679
0.43318362609746275,0.273026703947127
0.4332231707449896,0.2639126762174411
0.4332627153925165,0.2548022823759939
0.43330226004004335,0.2457177722683599
0.4333418046875702,0.23667308477062976
0.4333813493350971,0.22766814016718717
0.4334208939826239,0.21870285942049073
0.43346043863015077,0.21042927544913814
0.43349998327767764,0.20679608498153357
0.4335395279252045,0.20347537922216885
0.43357907257273137,0.2018478274619384
0.43361861722025824,0.20028405596312604
0.4336581618677851,0.19878424594410626
0.4336977065153119,0.19734859086642897
0.4337372511628388,0.19597725633717822
0.43377679581036566,0.19469707408648862
0.4338163404578925,0.19350948137459278
0.4338558851054194,0.1924581855058447
0.43389542975294626,0.20252047332514334
0.43393497440047313,0.2125982747672408
0.433974519048,0.22269072316327243
0.43401406369552686,0.23279695205313677
0.4340536083430537,0.24291609518554402
0.43409315299058054,0.25284715997423746
0.4341326976381074,0.25778227736937476
0.4341722422856343,0.26267669911785907
0.43421178693316115,0.2675300795946045
0.434251331580688,0.2723436281307934
0.4342908762282149,0.2771518405832527
0.4343304208757417,0.2819547315931019
0.43436996552326856,0.28674450173959887
0.43440951017079543,0.2949407069160359
0.4344490548183223,0.31873767313404633
0.43448859946584917,0.32596612198804253
0.43452814411337604,0.3039283472018264
0.4345676887609029,0.2818797675978364
0.43460723340842977,0.2598217749137728
0.43464677805595664,0.2377691200496348
0.43468632270348345,0.21574901233094934
0.4347258673510103,0.19375865095771028
0.4347654119985372,0.1717978623928258
0.43480495664606406,0.14986647358760763
0.4348445012935909,0.1749173854829933
0.4348840459411178,0.1972247495603603
0.43492359058864466,0.21755138807307084
0.43496313523617147,0.23788456752053166
0.43500267988369834,0.2582387078833661
0.4350422245312252,0.2786167904846706
0.4350817691787521,0.2990186086682387
0.43512131382627894,0.31781355401235434
0.4351608584738058,0.3275238537300633
0.4352004031213327,0.3372572715700679
0.43523994776885955,0.3470012713752677
0.4352794924163864,0.3567434683732089
0.43531903706391323,0.3664895760018303
0.4353585817114401,0.36050386243496924
0.43539812635896696,0.34451219610960804
0.43543767100649383,0.32851327792441865
0.4354772156540207,0.3125066419159621
0.43551676030154757,0.2964918219870212
0.43555630494907444,0.2804720317708429
0.43559584959660125,0.26445131090861196
0.4356353942441281,0.2484146142226149
0.435674938891655,0.23235370915071618
0.43571448353918185,0.21632832107435718
0.4357540281867087,0.19933021987879318
0.4357935728342356,0.17920915392821124
0.43583311748176246,0.1591160473949551
0.4358726621292893,0.13903979842694225
0.4359122067768162,0.11898085888535448
0.435951751424343,0.09893968096724626
0.43599129607186987,0.07884763399791828
0.43603084071939674,0.05870413773884309
0.4360703853669236,0.038508951821103476
0.4361099300144505,0.018261834830014312
0.43614947466197734,-0.002037455694819723
0.4361890193095042,-0.02238916325957163
0.436228563957031,-0.04279353241609263
0.4362681086045579,-0.05695351161318918
0.43630765325208476,0.3967304837429664
0.4363471978996116,0.39768875289788985
0.4363867425471385,0.39865956900043376
0.43642628719466536,0.3996423066719075
0.43646583184219223,0.40063634081378696
0.4365053764897191,0.4016200891932882
0.43654492113724597,0.40259103317865996
0.4365844657847728,0.40354877940144807
0.43662401043229965,0.40449293430974853
0.4366635550798265,0.4054231041681886
0.4367030997273534,0.40631640734103014
0.43674264437488025,0.40717049271035455
0.4367821890224071,0.4079856936493589
0.436821733669934,0.40876810569597355
0.4368612783174608,0.038104691429104776
0.43690082296498767,0.03623332011481839
0.43694036761251454,0.0428608908356245
0.4369799122600414,0.05148136067167375
0.43701945690756827,0.06013589912704731
0.43705900155509514,0.06882506059519766
0.437098546202622,0.0775494001877215
0.4371380908501489,0.08629956637573732
0.43717763549767574,0.09506714697395768
0.43721718014520256,0.10385251183969801
0.4372567247927294,0.1126667526764904
0.4372962694402563,0.12151299965519113
0.43733581408778316,0.1303914875864911
0.43737535873531,0.13929481878705463
0.4374149033828369,0.14820125607339651
0.43745444803036376,0.15711133367778052
0.4374939926778906,0.1660255858534061
0.43753353732541744,0.17494454687441152
0.4375730819729443,0.1838687510359489
0.4376126266204712,0.20965942136738835
0.43765217126799805,0.24138071403199657
0.4376917159155249,0.273096619096977
0.4377312605630518,0.3048024375018126
0.43777080521057865,0.3365117794964445
0.4378103498581055,0.3682246245604741
0.43784989450563233,0.3999409522664301
0.4378894391531592,0.42354729065616903
0.43792898380068607,0.4258813948139468
0.43796852844821293,0.4120733940335435
0.4380080730957398,0.3983061222205122
0.43804761774326667,0.384579370633618
0.43808716239079354,0.3708929313798053
0.43812670703832035,0.35721755311558434
0.4381662516858472,0.34354717625977527
0.4382057963333741,0.31861240751058784
0.43824534098090095,0.2873895640290902
0.4382848856284278,0.25613223860243073
0.4383244302759547,0.22484018468032296
0.43836397492348156,0.193513155069017
0.4384035195710084,0.1621433213728074
0.4384430642185353,0.13072775761444566
0.4384826088660621,0.09926631816934384
0.438522153513589,0.06775193058023277
0.43856169816111584,0.06249393090241595
0.4386012428086427,0.06374309499066078
0.4386407874561696,0.0684528852293842
0.43868033210369645,0.09679774490145787
0.4387198767512233,0.1250949526784244
0.4387594213987501,0.15334435033060956
0.438798966046277,0.18154733504406995
0.43883851069380386,0.20975064576679037
0.43887805534133073,0.23162302018106873
0.4389175999888576,0.24945251063926888
0.43895714463638447,0.2671707386761879
0.43899668928391133,0.284778635158327
0.4390362339314382,0.30227712879606594
0.43907577857896507,0.31969197627798884
0.4391153232264919,0.3370635849013408
0.43915486787401875,0.35449917003122433
0.4391944125215456,0.36995893383424905
0.4392339571690725,0.3685514832405059
0.43927350181659935,0.36720855035247
0.4393130464641262,0.3634709184006697
0.4393525911116531,0.3307501400647772
0.4393921357591799,0.2980932312777229
0.43943168040670677,0.2654448806754188
0.43947122505423364,0.2328047109746123
0.4395107697017605,0.20013448129860745
0.4395503143492874,0.16742230151953974
0.43958985899681424,0.13466730544480798
0.4396294036443411,0.10186862603074465
0.439668948291868,0.06900695095754683
0.43970849293939485,0.0446460417543042
0.43974803758692166,0.021291139857898322
0.4397875822344485,-0.0020932266696718216
0.4398271268819754,-0.025507237757962375
0.43986667152950226,-0.03345218817675111
0.43990621617702913,-0.036598635162489845
0.439945760824556,-0.03977526969159806
0.43998530547208287,-0.042982273823028105
0.4400248501196097,-0.0462198301479777
0.44006439476713655,-0.049488121790114636
0.4401039394146634,-0.05278733240537603
0.4401434840621903,-0.04190668772347195
0.44018302870971715,-0.02981489404806359
0.440222573357244,-0.017731519526401396
0.4402621180047709,-0.005652754409057437
0.44030166265229775,0.006424543741571753
0.4403412072998246,0.01850667165700326
0.44038075194735143,0.030601776066530473
0.4404202965948783,0.042710169736076775
0.44045984124240517,0.05483210786485282
0.44049938588993204,0.0588515734678019
0.4405389305374589,0.05327891322729039
0.4405784751849858,0.04772056508537981
0.44061801983251264,0.036098496001164104
0.44065756448003945,0.005119045837980174
0.4406971091275663,-0.025730705946858556
0.4407366537750932,-0.056449844674688165
0.44077619842262006,-0.0870374530348279
0.4408157430701469,-0.11758994590948246
0.4408552877176738,-0.14812520048311617
0.44089483236520066,-0.1786434416829672
0.44093437701272753,-0.20913815273290082
0.4409739216602544,-0.23361090150152464
0.4410134663077812,-0.22570900695516105
0.4410530109553081,-0.2080811095387416
0.44109255560283495,-0.1904285977545701
0.4411321002503618,-0.17275829117447206
0.4411716448978887,-0.15511425274204305
0.44121118954541555,-0.13752794449443595
0.4412507341929424,-0.11999980709536695
0.44129027884046923,-0.10050966116188365
0.4413298234879961,-0.07441444078964032
0.44136936813552297,-0.048378719914579094
0.44140891278304983,-0.022396636576137663
0.4414484574305767,0.003538730320880479
0.44148800207810357,0.029399131648437216
0.44152754672563044,0.055184973542397486
0.4415670913731573,0.08089666072527413
0.4416066360206842,0.10242966440894952
0.441646180668211,0.08348541970638346
0.44168572531573785,0.06417399774234944
0.4417252699632647,0.04484002332077308
0.4417648146107916,0.02549399368723293
0.44180435925831846,0.006187337431776019
0.4418439039058453,-0.013079662855916663
0.4418834485533722,-0.03230672381490418
0.441922993200899,-0.058432822052135514
0.4419625378484259,-0.09565936988069623
0.44200208249595274,-0.13285602316403766
0.4420416271434796,-0.17002752900218487
0.4420811717910065,-0.20718326551943678
0.44212071643853335,-0.24434949157465047
0.4421602610860602,-0.2690690583453641
0.4421998057335871,-0.28151019165345925
0.44223935038111395,-0.29396215177048957
0.44227889502864076,-0.3064253096426621
0.44231843967616763,-0.2853432361489836
0.4423579843236945,-0.26094913902988903
0.44239752897122137,-0.23656136922465265
0.44243707361874823,-0.2121746635068953
0.4424766182662751,-0.18779850330883363
0.44251616291380197,-0.16343323737830273
0.4425557075613288,-0.1390792146560309
0.44259525220885565,-0.1147367842755842
0.4426347968563825,-0.09030034768955186
0.4426743415039094,-0.06874172271569634
0.44271388615143625,-0.05278265870794829
0.4427534307989631,-0.03674654780201703
0.44279297544649,-0.02072015901417501
0.44283252009401686,-0.004683437201661533
0.4428720647415437,0.01137319213133825
0.44291160938907054,0.02712155643108094
0.4429511540365974,0.03192100546088916
0.4429906986841243,0.030834580991933258
0.44303024333165114,0.02973277808422825
0.443069787979178,0.028616396708419423
0.4431093326267049,0.027486236573817102
0.44314887727423175,0.026352285580318213
0.44318842192175856,0.022216253762788796
0.4432279665692854,0.005979668922325487
0.4432675112168123,-0.010305319350905506
0.44330705586433916,-0.026639697987546285
0.44334660051186603,-0.04300925386202881
0.4433861451593929,-0.05941483232691391
0.44342568980691976,-0.07585727943917542
0.44346523445444663,-0.09233744196023785
0.4435047791019735,-0.10885616735591741
0.4435443237495003,-0.12541430379647522
0.4435838683970272,-0.14316822152317998
0.44362341304455405,-0.16953472648956103
0.4436629576920809,-0.1959075874759808
0.4437025023396078,-0.2099245879772953
0.44374204698713465,-0.2174060371714166
0.4437815916346615,-0.22489534086371732
0.44382113628218833,-0.23239299855607598
0.4438606809297152,-0.2398995097550154
0.44390022557724207,-0.2317217049298419
0.44393977022476894,-0.2149491078024206
0.4439793148722958,-0.19817907782813649
0.4440188595198227,-0.1814121936970814
0.44405840416734954,-0.16461558037537793
0.4440979488148764,-0.14775163873719777
0.4441374934624033,-0.13082023550016952
0.4441770381099301,-0.11382123580846049
0.44421658275745696,-0.09674715997922201
0.4442561274049838,-0.07959123542778057
0.4442956720525107,-0.062359402808920716
0.44433521670003756,-0.050206788213639886
0.44437476134756443,-0.0413023192363422
0.4444143059950913,-0.03238001204996488
0.4444538506426181,-0.023441186109764534
0.444493395290145,-0.014485342589690475
0.44453293993767184,-0.007054051454236987
0.4445724845851987,-0.017871154283268353
0.4446120292327256,-0.04054190273594083
0.44465157388025245,-0.06323371387049681
0.4446911185277793,-0.08596706551665845
0.4447306631753062,-0.10874206195010494
0.44477020782283305,-0.13155880824209865
0.44480975247035986,-0.15441741025936206
0.44484929711788673,-0.1773179746642839
0.4448888417654136,-0.20026060891469744
0.44492838641294047,-0.22322166077292627
0.44496793106046734,-0.22050671461756455
0.4450074757079942,-0.2166723080614994
0.4450470203555211,-0.21282076420896479
0.4450865650030479,-0.20895280446893105
0.44512610965057475,-0.2050475430389196
0.4451656542981016,-0.2010895050757604
0.4452051989456285,-0.19707903551703154
0.44524474359315536,-0.19301392844870913
0.4452842882406822,-0.18888246353053484
0.4453238328882091,-0.18304197799650668
0.44536337753573596,-0.159183691467347
0.44540292218326283,-0.13530813489319637
0.44544246683078964,-0.11141500670990467
0.4454820114783165,-0.08784166135471994
0.4455215561258434,-0.06425713654026177
0.44556110077337024,-0.040661031903640676
0.4456006454208971,-0.0170529468110856
0.445640190068424,0.006567519642134645
0.44567973471595085,0.007309780896684881
0.44571927936347766,0.004665762030578335
0.44575882401100453,0.0019935419529266696
0.4457983686585314,-0.0007068678173305365
0.44583791330605826,-0.0034354562566942803
0.44587745795358513,-0.006192212837096811
0.445917002601112,-0.008977127525890971
0.44595654724863887,-0.13053240926974663
0.44599609189616574,-0.16912099343069054
0.4460356365436926,-0.20769107028831169
0.4460751811912194,-0.24622850930582318
0.4461147258387463,-0.284733067171973
0.44615427048627315,-0.32322640764135757
0.4461938151338,-0.36171086954340526
0.4462333597813269,-0.400186449866748
0.44627290442885376,-0.4386531453699112
0.4463124490763806,-0.46741586387779854
0.44635199372390744,-0.4628702443927115
0.4463915383714343,-0.4583196774475522
0.4464310830189612,-0.4537663994767218
0.44647062766648804,-0.44921034369377066
0.4465101723140149,-0.4386977458647565
0.4465497169615418,-0.4189911626253271
0.44658926160906864,-0.39929235211153324
0.4466288062565955,-0.379564859311567
0.4466683509041224,-0.35981040986376733
0.4467078955516492,-0.34005241678532094
0.44674744019917606,-0.32029060077180516
0.44678698484670293,-0.3005246824306509
0.4468265294942298,-0.2807543822813092
0.44686607414175666,-0.26097942075521496
0.44690561878928353,-0.2411941804445097
0.4469451634368104,-0.2213768629851809
0.4469847080843372,-0.20780084161795553
0.4470242527318641,-0.1995601215952636
0.44706379737939095,-0.1768717250773868
0.4471033420269178,-0.15419005707809674
0.4471428866744447,-0.13151662627145244
0.44718243132197155,-0.10886611773649202
0.4472219759694984,-0.08623875078120147
0.4472615206170253,-0.06363474516658085
0.44730106526455216,-0.0410598034729901
0.44734060991207897,-0.04552384344588045
0.44738015455960584,-0.06719118481203123
0.4474196992071327,-0.08887936748785208
0.44745924385465957,-0.11060814042798395
0.44749878850218644,-0.13238634436922547
0.4475383331497133,-0.1542138829968347
0.4475778777972402,-0.17609066095081705
0.447617422444767,-0.19799703382943656
0.44765696709229386,-0.22013565992134154
0.4476965117398207,-0.24228775734285524
0.4477360563873476,-0.26444111751060184
0.44777560103487446,-0.286577606945833
0.4478151456824013,-0.30869708279163977
0.4478546903299282,-0.3307994018589673
0.44789423497745506,-0.35288442062645275
0.44793377962498193,-0.37495199524054756
0.44797332427250874,-0.39562069809751277
0.4480128689200356,-0.3730999330934752
0.4480524135675625,-0.3398693755312068
0.44809195821508935,-0.30654897478860077
0.4481315028626162,-0.7067452068175899
0.4481710475101431,-0.6607225278281432
0.44821059215766995,-0.6146592851012955
0.44825013680519676,-0.5685556894467241
0.44828968145272363,-0.522414560099234
0.4483292261002505,-0.47901815631207034
0.44836877074777737,-0.4744196048395586
0.44840831539530424,-0.4698110389972512
0.4484478600428311,-0.4651923657928254
0.44848740469035797,-0.4605634922696362
0.44852694933788484,-0.4566266508706738
0.4485664939854117,-0.4526798751381249
0.4486060386329385,-0.4487230208901445
0.4486455832804654,-0.44474825815369723
0.44868512792799226,-0.4407420192987206
0.4487246725755191,-0.436704372202696
0.448764217223046,-0.4326502470374516
0.44880376187057286,-0.42859730249991923
0.4488433065180997,-0.42454527818611565
0.44888285116562654,-0.4204939138267507
0.4489223958131534,-0.4164429492874211
0.4489619404606803,-0.41239212456842145
0.44900148510820714,-0.4083411798048391
0.449041029755734,-0.4042898552666281
0.4490805744032609,-0.4022380129156966
0.44912011905078775,-0.40087864165513043
0.4491596636983146,-0.39951811223833866
0.4491992083458415,-0.39815616547432553
0.4492387529933683,-0.3967808902656036
0.44927829764089516,-0.39539369087186715
0.44931784228842203,-0.39446476937372044
0.4493573869359489,-0.4000203125472801
0.44939693158347577,-0.40554833713599603
0.44943647623100264,-0.4110488924317144
0.4494760208785295,-0.41652202734702826
0.4495155655260563,-0.42196779041526167
0.4495551101735832,-0.42738622979052154
0.44959465482111005,-0.4327773932476209
0.4496341994686369,-0.43814132818212315
0.4496737441161638,-0.44347808161037827
0.44971328876369066,-0.4487877001693885
0.4497528334112175,-0.45407422042776524
0.4497923780587444,-0.45935374789365646
0.44983192270627126,-0.4646261266424827
0.44987146735379807,-0.46992941504482255
0.44991101200132494,-0.47527049810136557
0.4499505566488518,-0.480648762971601
0.4499901012963787,-0.4860635977568939
0.45002964594390554,-0.4921481235494025
0.4500691905914324,-0.4982027766976054
0.4501087352389593,-0.5042275512902004
0.4501482798864861,-0.5102224411744611
0.45018782453401296,-0.5161874399565223
0.4502273691815398,-0.5221225410010333
0.4502669138290667,-0.5221195545881336
0.45030645847659356,-0.5199631053824554
0.45034600312412043,-0.5177764843760273
0.4503855477716473,-0.5154904687344803
0.45042509241917417,-0.5131041323432091
0.45046463706670103,-0.5106167758661755
0.45050418171422785,-0.5109464569390472
0.4505437263617547,-0.5136484753477593
0.4505832710092816,-0.516247365891858
0.45062281565680845,-0.5187424227214752
0.4506623603043353,-0.5211440448567686
0.4507019049518622,-0.5235150807740241
0.45074144959938905,-0.5258555632626329
0.45078099424691587,-0.5281655249671688
0.45082053889444273,-0.5304449983874249
0.4508600835419696,-0.5326940158783748
0.45089962818949647,-0.53491260112366
0.45093917283702334,-0.5371007816214148
0.4509787174845502,-0.5392585894241497
0.4510182621320771,-0.5413860564393387
0.45105780677960394,-0.5368780991842685
0.4510973514271308,-0.5314660083691218
0.4511368960746576,-0.5260266185003832
0.4511764407221845,-0.5223725289009602
0.45121598536971136,-0.5188288013313191
0.4512555300172382,-0.1322653613582898
0.4512950746647651,-0.0758486258728559
0.45133461931229196,-0.019432695617499718
0.45137416395981883,0.0369823327915757
0.45141370860734564,0.09339636268478868
0.4514532532548725,0.13820511828868964
0.4514927979023994,0.13558769691568529
0.45153234254992625,0.13306778519703455
0.4515718871974531,0.1306462603023859
0.45161143184498,0.12825333777195702
0.45165097649250685,0.125886568438355
0.4516905211400337,0.12354610302217806
0.4517300657875606,0.10711971887358773
0.4517696104350874,0.08134229683124428
0.45180915508261427,0.0555583914842388
0.45184869973014113,0.02976782527414379
0.451888244377668,0.0039704204114565655
0.45192778902519487,-0.021834001124433122
0.45196733367272174,-0.030722367280131557
0.4520068783202486,-0.028292099937333504
0.4520464229677754,-0.02586938471581579
0.4520859676153023,-0.0013029054438185028
0.45212551226282915,0.024083055231590045
0.452165056910356,0.04946092625806653
0.4522046015578829,0.07483052799764778
0.45224414620540976,0.10019168058128036
0.4522836908529366,0.12553113529861015
0.4523232355004635,0.1508670052155563
0.45236278014799036,0.1761980792805491
0.4524023247955172,0.2015209861950309
0.45244186944304404,0.22684606862322942
0.4524814140905709,0.22954432186138796
0.4525209587380978,0.22609791241715982
0.45256050338562465,0.21122957458656133
0.4526000480331515,0.19054506095449675
0.4526395926806784,0.16985862172967536
0.4526791373282052,0.149170082256028
0.45271868197573206,0.12848931900363025
0.45275822662325893,0.1078306075150901
0.4527977712707858,0.08667087632239623
0.45283731591831267,0.06552968637637457
0.45287686056583953,0.04440718574938307
0.4529164052133664,0.02330352273430858
0.45295594986089327,0.0022188458447138792
0.45299549450842014,-0.01884669618530621
0.45303503915594695,-0.02961979377539814
0.4530745838034738,-0.025653111639444504
0.4531141284510007,-0.012367258430248995
0.45315367309852755,0.0009383267810507689
0.4531932177460544,0.014263793831606808
0.4532327623935813,0.027608326080279966
0.45327230704110816,0.040965151052901216
0.45331185168863497,0.054333959388550124
0.45335139633616184,0.06771236271630254
0.4533909409836887,0.08110040478001102
0.4534304856312156,0.09450982241479489
0.45347003027874244,0.10794820796574944
0.4535095749262693,0.12139636352809058
0.4535491195737962,0.15272013038697763
0.45358866422132305,0.1850834260115528
0.4536282088688499,0.21745651910526353
0.4536677535163767,0.2507931194969517
0.4537072981639036,0.28411665386236074
0.45374684281143046,0.31742698100154776
0.45378638745895733,0.35072395946085555
0.4538259321064842,0.3840074475328814
0.45386547675401107,0.38437067022806604
0.45390502140153793,0.38280980300957745
0.45394456604906475,0.38127394953373317
0.4539841106965916,0.37976272886106877
0.4540236553441185,0.3782757605845877
0.45406319999164535,0.37681266482954
0.4541027446391722,0.37537306225353584
0.4541422892866991,0.36872114991330207
0.45418183393422595,0.3341122014246656
0.4542213785817528,0.29949674123177816
0.4542609232292797,0.26489900094581653
0.4543004678768065,0.23036261977811323
0.45434001252433337,0.1958876209632492
0.45437955717186024,0.16178734996682342
0.4544191018193871,0.1370058782548802
0.454458646466914,0.140204200146123
0.45449819111444084,0.15528462840541613
0.4545377357619677,0.1703981732528992
0.4545772804094945,0.18554515561525475
0.4546168250570214,0.20065508786090058
0.45465636970454826,0.2157317334040596
0.4546959143520751,0.23077774579408006
0.454735458999602,0.24579281145905618
0.45477500364712886,0.2607766163080716
0.45481454829465573,0.27569438203662555
0.4548540929421826,0.2905461115297294
0.45489363758970947,0.30533429225403985
0.4549331822372363,0.32007270751363404
0.45497272688476315,0.3347615459421669
0.45501227153229,0.34939727461341663
0.4550518161798169,0.3657170460225414
0.45509136082734375,0.3861462709586627
0.4551309054748706,0.40654622597201007
0.4551704501223975,0.4219468272367144
0.4552099947699243,0.4359612538402411
0.45524953941745117,0.45001139664289624
0.45528908406497803,0.464097381484033
0.4553286287125049,0.47821933497643876
0.45536817336003177,0.4923773845063666
0.45540771800755864,0.4967493109941574
0.4554472626550855,0.48828703390709505
0.4554868073026124,0.4798612396569686
0.45552635195013924,0.4714831458598825
0.45556589659766605,0.46316913154284833
0.4556054412451929,0.4549191796619292
0.4556449858927198,0.44673327449648603
0.45568453054024666,0.4386114016491569
0.4557240751877735,0.43055354804582757
0.4557636198353004,0.42255970193562664
0.45580316448282726,0.41462985289095045
0.4558427091303541,0.4067639918074679
0.45588225377788094,0.39896211090410016
0.4559217984254078,0.3912242037230169
0.4559613430729347,0.3835119781701821
0.45600088772046155,0.37582100473169877
0.4560404323679884,0.36814222764972904
0.4560799770155153,0.3597706415304307
0.45611952166304215,0.3679649200321191
0.456159066310569,0.39421776491701754
0.45619861095809583,0.4204249918791616
0.4562381556056227,0.4465869858772322
0.45627770025314957,0.4586528066334208
0.45631724490067643,0.46924508966264566
0.4563567895482033,0.4797743115663802
0.45639633419573017,0.49024104688939385
0.45643587884325704,0.5006458690155511
0.45647542349078385,0.4953243469019122
0.4565149681383107,0.472975731366978
0.4565545127858376,0.4505810185896548
0.45659405743336445,0.43200180217566597
0.4566336020808913,0.42615677141244346
0.4566731467284182,0.4203167896197595
0.45671269137594506,0.41449098073902935
0.4567522360234719,0.40867611768209766
0.4567917806709988,0.4028718979098911
0.4568313253185256,0.3970780190221048
0.4568708699660525,0.39129417875723993
0.45691041461357934,0.3855200749926153
0.4569499592611062,0.3797554057444561
0.4569895039086331,0.3739998691677009
0.45702904855615994,0.3754366772640889
0.4570685932036868,0.3788030422205497
0.4571081378512136,0.3821776351462667
0.4571476824987405,0.3804458933790529
0.45718722714626736,0.36394819658790567
0.45722677179379423,0.3474578243131927
0.4572663164413211,0.3309833474525905
0.45730586108884796,0.3145386969915571
0.45734540573637483,0.2981233398901435
0.4573849503839017,0.281711325971687
0.45742449503142857,0.26529183828834135
0.4574640396789554,0.24886399167521667
0.45750358432648225,0.24114050892085181
0.4575431289740091,0.2438987265381094
0.457582673621536,0.2466459291279941
0.45762221826906285,0.24938123112373356
0.4576617629165897,0.2540433188351505
0.4577013075641166,0.2757159775998672
0.4577408522116434,0.29740177202031104
0.45778039685917027,0.31909812069577903
0.45781994150669714,0.34078823780337686
0.457859486154224,0.36247254616279
0.4578990308017509,0.3646914971057309
0.45793857544927774,0.3627884733392168
0.4579781200968046,0.3608978808082455
0.4580176647443315,0.35902973937845273
0.45805720939185834,0.35718473551387175
0.45809675403938516,0.35536355622488003
0.458136298686912,0.35356688906800837
0.4581758433344389,0.34671637194009763
0.45821538798196576,0.33804685075344176
0.45825493262949263,0.3294039076465176
0.4582944772770195,0.32078823236112086
0.45833402192454636,0.3121608450434672
0.4583735665720732,0.30351215117899777
0.45841311121960004,0.29483705893270207
0.4584526558671269,0.2861000097923512
0.4584922005146538,0.2773007905713021
0.45853174516218065,0.26843918682713674
0.4585712898097075,0.2602770182444356
0.4586108344572344,0.2561406413980092
0.45865037910476125,0.25196813511686944
0.4586899237522881,0.21490801162015627
0.45872946839981493,0.1475578251116607
0.4587690130473418,0.0801767972602585
0.45880855769486867,0.01276470909197247
0.45884810234239554,-0.05467865901816049
0.4588876469899224,-0.11148251948982679
0.45892719163744927,-0.09731551259964322
0.45896673628497614,-0.0831773731355816
0.45900628093250295,-0.06904276809833165
0.4590458255800298,-0.05491163516294506
0.4590853702275567,-0.0401531095419414
0.45912491487508356,-0.025347986940908562
0.4591644595226104,-0.010495806300630406
0.4592040041701373,0.004403894476418202
0.45924354881766416,0.01935157852612379
0.45928309346519103,0.03434771002277115
0.4593226381127179,0.04939275417894606
0.4593621827602447,0.06448717724563569
0.4594017274077716,0.0796314465121486
0.45944127205529844,0.0824680806626521
0.4594808167028253,0.07713725235751134
0.4595203613503522,0.07467720140317935
0.45955990599787905,0.07222033137064532
0.4595994506454059,0.06976730930498576
0.45963899529293273,0.06729543751896472
0.4596785399404596,0.06479787119946012
0.45971808458798646,0.06227497161698503
0.45975762923551333,0.05972709950311428
0.4597971738830402,0.05715461505028996
0.45983671853056707,0.054557877911956876
0.45987626317809394,0.05193724720261095
0.4599158078256208,0.04927165826414237
0.45995535247314767,0.04655938254916858
0.4599948971206745,0.04380054486325102
0.46003444176820135,0.040995269009297175
0.4600739864157282,0.03568220697514235
0.4601135310632551,0.027813878145801052
0.46015307571078196,0.025192631925979647
0.4601926203583088,0.022621520160797104
0.4602321650058357,0.0200616325595826
0.4602717096533625,0.01752470671849471
0.46031125430088937,0.01502484853494046
0.46035079894841624,0.012561827320968444
0.4603903435959431,0.0212810134148933
0.46042988824347,0.03534211663008513
0.46046943289099684,0.04947829057334463
0.4605089775385237,0.06368969195278851
0.4605485221860506,0.07796553851289278
0.46058806683357745,0.09230357522509314
0.46062761148110426,0.10669014749333083
0.46066715612863113,0.12111388200645612
0.460706700776158,0.14009211658910337
0.46074624542368486,0.16065296623870928
0.46078579007121173,0.1811947539918939
0.4608253347187386,0.201702837956653
0.46086487936626547,0.22217705456021042
0.4609044240137923,0.2382578213691522
0.46094396866131915,0.2356791479836775
0.460983513308846,0.2330661124369402
0.4610230579563729,0.23041854843494702
0.46106260260389975,0.22773324288671448
0.4611021472514266,0.22499995149154195
0.4611416918989535,0.22221616202182126
0.46118123654648036,0.21938811177536888
0.4612207811940072,0.201997352972771
0.46126032584153404,0.16556980883029615
0.4612998704890609,0.12911417282388182
0.46133941513658777,0.0926299230149561
0.46137895978411464,0.056122739978093694
0.4614185044316415,0.019653146000418342
0.4614580490791684,-0.016778194194873475
0.46149759372669524,-0.05317112807115887
0.46153713837422206,-0.08308691929591117
0.4615766830217489,-0.07903612810310445
0.4616162276692758,-0.07495860606327964
0.46165577231680266,-0.07086105173358126
0.4616953169643295,-0.0667326558332868
0.4617348616118564,-0.06252910189877703
0.46177440625938326,-0.05824982660606848
0.46181395090691013,-0.05389448092898297
0.461853495554437,-0.04946271428880822
0.4618930402019638,-0.04041359825249735
0.4619325848494907,-0.03081095833685188
0.46197212949701755,-0.02120656075579541
0.4620116741445444,-0.011600036069176145
0.4620512187920713,-0.0019910147990853666
0.46209076343959815,0.0075702851895362855
0.462130308087125,0.017078718163990647
0.46216985273465183,0.026534098388968808
0.4622093973821787,0.035936239060648134
0.46224894202970557,0.04528495230665541
0.46228848667723244,0.05458004918599624
0.4623280313247593,0.06382133968912296
0.46236757597228617,0.07300863273795644
0.46240712061981304,0.15311542517054733
0.4624466652673399,0.2617903191519013
0.4624862099148668,0.37040715147547054
0.4625257545623936,0.44238544322496276
0.46256529920992046,0.4426974938435544
0.4626048438574473,0.44298169634167417
0.4626443885049742,0.44323785047284847
0.46268393315250106,0.2200387961690864
0.4627234778000279,0.1895191263967262
0.4627630224475548,0.15899629730107634
0.4628025670950816,0.1284703593360783
0.4628421117426085,0.09794136292027833
0.46288165639013534,0.06740935843716844
0.4629212010376622,0.04303075131810896
0.4629607456851891,0.02488633527114148
0.46300029033271595,0.006761804833202767
0.4630398349802428,-0.011342563366079084
0.4630793796277697,-0.0065783907136127695
0.46311892427529655,0.01028816634622487
0.46315846892282336,0.027175718032382168
0.46319801357035023,0.04408454264032935
0.4632375582178771,0.06101491888204258
0.46327710286540397,0.07796712588594268
0.46331664751293083,0.09494144319690268
0.4633561921604577,0.111939905544439
0.46339573680798457,0.1289757855774858
0.4634352814555114,0.14604951098011254
0.46347482610303825,0.16314287316581844
0.4635143707505651,0.18075097687464226
0.463553915398092,0.19835356071162247
0.46359346004561885,0.2159508867658868
0.4636330046931457,0.2335432170555638
0.4636725493406726,0.2548161537722642
0.46371209398819946,0.27764509349435107
0.4637516386357263,0.3004326119392795
0.46379118328325314,0.32317860463810133
0.46383072793078,0.3458829663222942
0.4638702725783069,0.3685455909237976
0.46390981722583374,0.39116637157489276
0.4639493618733606,0.4137452006083353
0.4639889065208875,0.4362819695572946
0.46402845116841435,0.4587765691553214
0.46406799581594116,0.4812288893364083
0.464107540463468,0.503628981026806
0.4641470851109949,0.16269043699025243
0.46418662975852176,0.15468535455090304
0.46422617440604863,0.14542513982765382
0.4642657190535755,0.13611586244967366
0.46430526370110237,0.12676004412448405
0.46434480834862923,0.11738544098188886
0.4643843529961561,0.10801044336683852
0.4644238976436829,0.09863572224408168
0.4644634422912098,0.08926194857776348
0.46450298693873665,0.07991034413948883
0.4645425315862635,0.07058892182492116
0.4645820762337904,0.061298071175701185
0.46462162088131725,0.052038182297693414
0.4646611655288441,0.04280964586113312
0.46470071017637093,0.04954295257427699
0.4647402548238978,0.08130308168517875
0.46477979947142467,0.11306581363039303
0.46481934411895154,0.14483102833407901
0.4648588887664784,0.17659860570329666
0.4648984334140053,0.20836842562802715
0.46493797806153214,0.2401403679811387
0.464977522709059,0.27191431261844423
0.4650170673565859,0.3036901393786393
0.4650566120041127,0.33546772808332337
0.46509615665163956,0.3456693073986692
0.4651357012991664,0.3443606897729512
0.4651752459466933,0.3430143300574633
0.46521479059422016,0.3416299044260942
0.46525433524174703,0.11397385925610326
0.4652938798892739,0.10561638094656933
0.4653334245368007,0.0972970109027198
0.4653729691843276,0.08901464338172049
0.46541251383185445,0.08076817341018039
0.4654520584793813,0.07259056858468904
0.4654916031269082,0.06448612750561145
0.46553114777443505,0.05638268373897448
0.4655706924219619,0.048257270843858446
0.4656102370694888,0.04011012577959994
0.46564978171701565,0.03193879371139019
0.46568932636454247,0.023736582076480772
0.46572887101206933,0.015682829172255275
0.4657684156595962,0.007654535811427277
0.46580796030712307,0.007936899708612
0.46584750495464994,0.012316838287499632
0.4658870496021768,0.0167248551298389
0.4659265942497037,0.021161824199402712
0.4659661388972305,0.025628619988530055
0.46600568354475735,0.030126117518061157
0.4660452281922842,0.03465519233746672
0.4660847728398111,0.039228856710592286
0.46612431748733796,0.043803308653816764
0.4661638621348648,0.045732940453239834
0.4662034067823917,0.04613540982615705
0.46624295142991856,0.0465383764239502
0.46628249607744543,0.04693276796812906
0.46632204072497224,0.042897529472758045
0.4663615853724991,0.03592645218915358
0.466401130020026,0.028969277166226437
0.46644067466755285,0.022029094039980546
0.4664802193150797,0.01510516585499122
0.4665197639626066,0.008196755920590437
0.46655930861013345,0.0013031278107655808
0.46659885325766026,-0.005576454635795258
0.46663839790518713,-0.012442727315848945
0.466677942552714,-0.015720078981551033
0.46671748720024087,-0.004532030003757903
0.46675703184776773,0.006668787598083092
0.4667965764952946,0.017888794066673874
0.46683612114282147,0.029105773158462522
0.46687566579034834,0.04031903819784821
0.4669152104378752,0.050767682860560104
0.466954755085402,0.051615167293872055
0.4669942997329289,0.052456877661245294
0.46703384438045575,0.05329212729595456
0.4670733890279826,0.054120229533512365
0.4671129336755095,0.054981214990638794
0.46715247832303636,0.05590070606108588
0.4671920229705632,0.056878681108497364
0.46723156761809004,0.04480873882217251
0.4672711122656169,0.026342238296516385
0.4673106569131438,0.007931531729620911
0.46735020156067064,-0.01043611683893264
0.4673897462081975,-0.028781687529920053
0.4674292908557244,-0.047104455700754944
0.46746883550325125,-0.06540402209407636
0.4675083801507781,-0.07579481216487816
0.467547924798305,-0.07422742156572149
0.4675874694458318,-0.07263562845796923
0.46762701409335866,-0.07101903161171474
0.46766655874088553,-0.06937722930378687
0.4677061033884124,-0.067709819317892
0.46774564803593927,-0.06601839897282558
0.46778519268346613,-0.06436756088161921
0.467824737330993,-0.06277358015029533
0.4678642819785198,-0.06123688134948102
0.4679038266260467,-0.05910311624076492
0.46794337127357355,-0.04801731711859425
0.4679829159211004,-0.02943360954307117
0.4680224605686273,-0.010920559582160205
0.46806200521615415,0.005773183765966472
0.468101549863681,0.0039592701872464
0.4681410945112079,0.002142219895997499
0.46818063915873476,0.0003464652594269424
0.46822018380626157,-0.0014282816228559092
0.46825972845378844,-0.0031823082931894398
0.4682992731013153,-0.00491590193588598
0.4683388177488422,-0.006629349377329952
0.46837836239636904,-0.008322937085775362
0.4684179070438959,-0.004847457425005253
0.4684574516914228,0.00769267802974305
0.4684969963389496,0.02025181596061909
0.46853654098647646,0.022871436267852374
0.4685760856340033,0.01362288427758429
0.4686156302815302,0.0043856332257741215
0.46865517492905706,-0.004847976295689449
0.46869471957658393,-0.01407808468231675
0.4687342642241108,-0.02330483225884228
0.46877380887163766,-0.0325283592793042
0.46881335351916453,-0.04174880592695507
0.46885289816669135,-0.05096329710094949
0.4688924428142182,-0.060170897515636756
0.4689319874617451,-0.0693758872470811
0.46897153210927195,-0.07858069115846344
0.4690110767567988,-0.07997835823724175
0.4690506214043257,-0.08134182372545284
0.46909016605185255,-0.0801226840558078
0.46912971069937937,-0.07046699125360689
0.46916925534690623,-0.060819211043182
0.4692087999944331,-0.05117908278464611
0.46924834464195997,-0.041546345988445754
0.46928788928948684,-0.03192074031524239
0.4693274339370137,-0.02230444630002948
0.4693669785845406,-0.012702655454897904
0.46940652323206744,-0.0031150285346606132
0.4694460678795943,0.00645877339650891
0.4694856125271211,0.016019088965036676
0.469525157174648,0.02289270827106149
0.46956470182217486,0.01896658865810341
0.4696042464697017,0.015027996705317737
0.4696437911172286,-0.01451885669923536
0.46968333576475546,-0.04903686110821681
0.46972288041228233,-0.08355156244744943
0.46976242505980914,-0.11806158828721802
0.469801969707336,-0.5771343062199761
0.4698415143548629,-0.5721160042129942
0.46988105900238974,-0.5670540031988116
0.4699206036499166,-0.5619485209642034
0.4699601482974435,-0.5567997744904636
0.46999969294497035,-0.5516079799534062
0.4700392375924972,-0.5463800662466403
0.4700787822400241,-0.5410454824254445
0.4701183268875509,-0.5355603280406558
0.47015787153507776,-0.5300700044724986
0.47019741618260463,-0.524586479103613
0.4702369608301315,-0.5191097220110312
0.47027650547765837,-0.5136353033618248
0.47031605012518524,-0.5081594189495253
0.4703555947727121,-0.5026819581861628
0.4703951394202389,-0.4972028104844548
0.4704346840677658,-0.4917218652577793
0.47047422871529265,-0.4862390119202913
0.4705137733628195,-0.48075413988672056
0.4705533180103464,-0.4752671385725855
0.47059286265787326,-0.469777897394013
0.4706324073054001,-0.4642863057678519
0.470671951952927,-0.4587865402988194
0.47071149660045386,-0.45328108582274895
0.4707510412479807,-0.4477729491537903
0.47079058589550754,-0.442262019711567
0.4708301305430344,-0.4367581442268631
0.4708696751905613,-0.4317211759772719
0.47090921983808814,-0.4286571085703632
0.470948764485615,-0.42613737615514946
0.4709883091331419,-0.42360410946810534
0.4710278537806687,-0.4216350715394168
0.47106739842819556,-0.41973858729173585
0.47110694307572243,-0.41791565198902303
0.4711464877232493,-0.4161672623603163
0.47118603237077616,-0.4144944165996254
0.47122557701830303,-0.4128805597622347
0.4712651216658299,-0.4112548765989472
0.47130466631335677,-0.40961748005784715
0.47134421096088364,-0.40796848277709374
0.47138375560841045,-0.4063079970848178
0.4714233002559373,-0.40463613499918694
0.4714628449034642,-0.40295300822834346
0.47150238955099105,-0.4012374535548231
0.4715419341985179,-0.39947526029472646
0.4715814788460448,-0.3976661860184292
0.47162102349357166,-0.3958099872821266
0.47166056814109847,-0.39390641962786255
0.47170011278862534,-0.391955237583546
0.4717396574361522,-0.3899817067170894
0.4717792020836791,-0.3879975042883679
0.47181874673120594,-0.3859856759357312
0.4718582913787328,-0.38399963169797235
0.4718978360262597,-0.38204455252451597
0.47193738067378654,-0.38012095570233084
0.4719769253213134,-0.37822935904953425
0.4720164699688402,-0.3763702809153613
0.4720560146163671,-0.37454424018018173
0.47209555926389396,-0.37275175625551515
0.47213510391142083,-0.3781954155733911
0.4721746485589477,-0.38598381605801
0.47221419320647456,-0.38696542276890833
0.47225373785400143,-0.38311829483245585
0.47229328250152824,-0.37930181925905737
0.4723328271490551,-0.3754984647971167
0.472372371796582,-0.37169898607542606
0.47241191644410885,-0.36790282586789
0.4724514610916357,-0.36410942687722736
0.4724910057391626,-0.36031823173498134
0.47253055038668945,-0.35652868300157214
0.4725700950342163,-0.7032492952260401
0.4726096396817432,-0.7054212377694973
0.47264918432927,-0.7075867667570339
0.47268872897679687,-0.7097427354683408
0.47272827362432374,-0.7118886766544632
0.4727678182718506,-0.7140241228134983
0.47280736291937747,-0.7161418137890272
0.47284690756690434,-0.7182591665498741
0.4728864522144312,-0.7203903780646392
0.472925996861958,-0.7225357657606586
0.4729655415094849,-0.724695647299137
0.47300508615701176,-0.7268703405752484
0.4730446308045386,-0.7290601637180845
0.4730841754520655,-0.731265435090743
0.47312372009959236,-0.7334871868120767
0.4731632647471192,-0.735738140209445
0.4732028093946461,-0.7380185003630011
0.47324235404217296,-0.7403284844058495
0.4732818986896998,-0.7426682812514391
0.47332144333722664,-0.7450650132699721
0.4733609879847535,-0.7475206911409744
0.4734005326322804,-0.7500357898097518
0.47344007727980725,-0.10245417554656644
0.4734796219273341,-0.10264281434021516
0.473519166574861,-0.10289230516072223
0.4735587112223878,-0.1032110232424639
0.47359825586991466,-0.10360173551953622
0.47363780051744153,-0.10300893499234087
0.4736773451649684,-0.08235478597904367
0.47371688981249527,-0.0617251767367879
0.47375643446002214,-0.04111991320561925
0.473795979107549,-0.020538801653170236
0.47383552375507587,1.83513254334855e-05
0.47387506840260274,0.020551738807458086
0.47391461305012955,0.0410694460232528
0.4739541576976564,0.06161391614496248
0.4739937023451833,0.08218584057231482
0.47403324699271016,0.1027806336164998
0.474072791640237,0.12339117481492234
0.4741123362877639,0.1429811421303282
0.47415188093529076,0.16264081517505913
0.47419142558281757,0.17561950061377818
0.47423097023034444,0.18123244386724613
0.4742705148778713,0.18152554952973388
0.4743100595253982,0.1818144795834895
0.47434960417292504,0.18209887418170867
0.4743891488204519,0.1823783732528219
0.4744286934679788,0.18265261650055864
0.47446823811550565,0.18292124340386362
0.4745077827630325,0.1831838932169947
0.4745473274105593,0.18344020496945435
0.4745868720580862,0.16059879640200814
0.47462641670561306,0.13774756339064487
0.47466596135313993,0.11490908426449753
0.4747055060006668,0.09208279351553061
0.47474505064819367,0.06926812581964992
0.47478459529572054,0.043971629951542024
0.47482413994324735,0.018306424479819672
0.4748636845907742,-0.007357773505665133
0.4749032292383011,-0.03302161732497
0.47494277388582795,-0.05867824438749736
0.4749823185333548,-0.05672423377576985
0.4750218631808817,-0.04977954136999552
0.47506140782840856,-0.042827192288133364
0.4751009524759354,-0.03586774309117269
0.4751404971234623,-0.02890175014114016
0.4751800417709891,-0.021914962264993676
0.47521958641851597,-0.014888385238612134
0.47525913106604284,-0.00783211519275051
0.4752986757135697,0.005642406149641843
0.4753382203610966,0.026874550099883265
0.47537776500862344,0.04811567298604036
0.4754173096561503,0.06936587013663598
0.4754568543036771,0.09062523714345083
0.475496398951204,0.11189386986151773
0.47553594359873086,0.13317186440918505
0.4755754882462577,0.1544593171679911
0.4756150328937846,0.17575632478277248
0.47565457754131146,0.19706298416167112
0.47569412218883833,0.21837939247605265
0.4757336668363652,0.21405300028907126
0.47577321148389207,0.20651398866491677
0.4758127561314189,0.19898501906997712
0.47585230077894575,0.1914661897286054
0.4758918454264726,0.17506748564268992
0.4759313900739995,0.1479319718425467
0.47597093472152635,0.12075381122581952
0.4760104793690532,0.0935325799774267
0.4760500240165801,0.05982562712990802
0.4760895686641069,0.019651751264804673
0.47612911331163377,-0.02054273415005392
0.47616865795916063,-0.060758022917739574
0.4762082026066875,-0.10099430915562069
0.47624774725421437,-0.14122817206738603
0.47628729190174124,-0.17716212793532593
0.4763268365492681,-0.20784774992901456
0.476366381196795,-0.23851054948601869
0.47640592584432184,-0.26916870833970963
0.47644547049184865,-0.27288531329497845
0.4764850151393755,-0.2619817034799885
0.4765245597869024,-0.2510732839848844
0.47656410443442926,-0.24015999811914845
0.4766036490819561,-0.2292417890096714
0.476643193729483,-0.21831859960080813
0.47668273837700986,-0.2073903726545212
0.4767222830245367,-0.19645705075017483
0.47676182767206354,-0.18551857628466273
0.4768013723195904,-0.17458572072726852
0.4768409169671173,-0.163690616929153
0.47688046161464415,-0.1528372206580677
0.476920006262171,-0.14201756710356106
0.4769595509096979,-0.13120905377984204
0.47699909555722475,-0.12041112815573296
0.4770386402047516,-0.10367906229603907
0.47707818485227843,-0.07736146386295983
0.4771177294998053,-0.05105279652273209
0.47715727414733217,-0.0247525084020781
0.47719681879485903,0.001539952207857187
0.4772363634423859,0.0278251368514022
0.47727590808991277,0.05409046101332926
0.47731545273743964,0.08032052835168146
0.47735499738496645,0.10651560099707691
0.4773945420324933,0.13267594033953678
0.4774340866800202,0.1494402232037566
0.47747363132754705,0.14722179498514132
0.4775131759750739,0.14496099954118113
0.4775527206226008,0.14078940833205067
0.47759226527012766,0.125170446357858
0.4776318099176545,0.10951899501454454
0.4776713545651814,0.09386404725701514
0.4777108992127082,0.07893427897406502
0.4777504438602351,0.06403561101352384
0.47778998850776194,0.04916771040919521
0.4778295331552888,0.03433024493855985
0.4778690778028157,0.019522883122865764
0.47790862245034255,0.004745294227024299
0.4779481670978694,-0.009995194995748857
0.4779877117453962,-0.024696056250792076
0.4780272563929231,-0.0393575138223663
0.47806680104044996,-0.05397979104327888
0.47810634568797683,-0.06856311029484896
0.4781458903355037,-0.08313432925909847
0.47818543498303057,-0.09773019178145992
0.47822497963055743,-0.11235376416936793
0.4782645242780843,-0.12700459570332523
0.47830406892561117,-0.14168223605735086
0.478343613573138,-0.34445108764448396
0.47838315822066485,-0.3493536664231587
0.4784227028681917,-0.35428950715234464
0.4784622475157186,-0.359208705385083
0.47850179216324545,-0.3640609717407952
0.4785413368107723,-0.3688402875493453
0.4785808814582992,-0.37354541684372
0.478620426105826,-0.37817512213849813
0.47865997075335287,-0.3827442511346697
0.47869951540087974,-0.38735876116532886
0.4787390600484066,-0.39201863806913106
0.4787786046959335,-0.39672386861661924
0.47881814934346034,-0.4014744405101167
0.4788576939909872,0.01388957210179953
0.4788972386385141,0.01487717375581088
0.47893678328604095,0.015819465365721985
0.47897632793356776,0.01671645550180534
0.4790158725810946,0.0175681518025117
0.4790554172286215,0.01837891112360701
0.47909496187614836,0.019155345143518687
0.47913450652367523,0.019925676445687657
0.4791740511712021,0.020689514789754337
0.47921359581872897,0.021465099588739545
0.4792531404662558,0.022264595749928784
0.47929268511378265,0.022535578943966073
0.4793322297613095,0.0007118055976458315
0.4793717744088364,-0.02109265763464574
0.47941131905636325,-0.04287793333149015
0.4794508637038901,-0.0646396822057782
0.479490408351417,-0.08637743897409056
0.47952995299894385,-0.10809137604004615
0.4795694976464707,-0.12978166531443813
0.47960904229399753,-0.15144847821504204
0.4796485869415244,-0.17309198566696438
0.47968813158905127,-0.19471235810218612
0.47972767623657814,-0.2166779914725141
0.479767220884105,-0.2394321399995878
0.4798067655316319,-0.2621869372333747
0.47984631017915874,-0.04014076188619731
0.47988585482668555,-0.028954893550873884
0.4799253994742124,-0.009863241821912005
0.4799649441217393,0.009228022597778107
0.48000448876926616,0.02831896505752196
0.480044033416793,0.04740965090670013
0.4800835780643199,0.06650014549463812
0.48012312271184676,0.08559051417070318
0.48016266735937363,0.10468082228426256
0.4802022120069005,0.12377113518464133
0.4802417566544273,0.1428615182212214
0.4802813013019542,0.16195203674332692
0.48032084594948105,0.173712502522136
0.4803603905970079,0.18378174713979512
0.4803999352445348,0.1845041546981716
0.48043947989206165,0.1773136645515221
0.4804790245395885,0.17012363663717833
0.48051856918711533,0.16293413630450804
0.4805581138346422,0.15574522890283538
0.48059765848216907,0.14855697978154314
0.48063720312969593,0.14136945428994174
0.4806767477772228,0.13418271777743973
0.48071629242474967,0.12699683559333597
0.48075583707227654,0.11981187308702435
0.4807953817198034,0.11262789560784459
0.4808349263673303,0.10544496850515017
0.4808744710148571,0.09826315712832212
0.48091401566238395,0.08959959373236259
0.4809535603099108,0.0853023699208948
0.4809931049574377,0.09276867526174382
0.48103264960496456,0.10023635772582873
0.4810721942524914,0.10770548266253321
0.4811117389000183,0.11517611542119477
0.4811512835475451,0.12264832135118153
0.481190828195072,0.13012216580180347
0.48123037284259884,0.1375977141224567
0.4812699174901257,0.14507503166248048
0.4813094621376526,0.1525541837711999
0.48134900678517945,0.16003523579802437
0.4813885514327063,0.15938556609146914
0.4814280960802332,0.15406378695918654
0.48146764072776005,0.1487441037930406
0.48150718537528686,0.16156261582620468
0.48154673002281373,0.17452653726364664
0.4815862746703406,0.18749275071525684
0.48162581931786747,0.2004613215304163
0.48166536396539433,0.21343231505847893
0.4817049086129212,0.2141182212644761
0.48174445326044807,0.2013547138909697
0.4817839979079749,0.18859382527846869
0.48182354255550175,0.17583562077622616
0.4818630872030286,0.16308016573366668
0.4819026318505555,0.15032752550011486
0.48194217649808235,0.13757776542495215
0.4819817211456092,0.12483095085751827
0.4820212657931361,0.11208714714715118
0.48206081044066296,0.09934641964323232
0.4821003550881898,0.0866088336950881
0.48213989973571664,0.07387445465212839
0.4821794443832435,0.05280229186287411
0.4822189890307704,0.028677586150041456
0.48225853367829724,0.004556283390424021
0.4822980783258241,-0.013758962124422958
0.482337622973351,-0.017579443952128848
0.48237716762087784,-0.02139632677854575
0.48241671226840466,-0.025209545254363253
0.4824562569159315,-0.029019034030199897
0.4824958015634584,-0.03282472775674439
0.48253534621098526,-0.036626561084587284
0.48257489085851213,-0.040424468664431945
0.482614435506039,-0.0442183851468827
0.48265398015356586,-0.04800824518258562
0.48269352480109273,-0.051793983422231626
0.4827330694486196,-0.05557553451640951
0.4827726140961464,-0.05935283311580797
0.4828121587436733,-0.06312581387104688
0.48285170339120015,-0.06689441143281494
0.482891248038727,-0.07065856045170182
0.4829307926862539,-0.07441819557839757
0.48297033733378075,-0.0781732514635487
0.4830098819813076,-0.08192366275775909
0.48304942662883443,-0.08566936411171922
0.4830889712763613,-0.08941029017604674
0.48312851592388817,-0.09314637560143035
0.48316806057141504,-0.09687755503846063
0.4832076052189419,-0.1006037631378418
0.4832471498664688,-0.10432493455016267
0.48328669451399564,0.23012979425782554
0.4833262391615225,0.21930387588330902
0.4833657838090494,0.20848319024389728
0.4834053284565762,0.19766780268892958
0.48344487310410306,0.18685777856774521
0.4834844177516299,0.17605318322971186
0.4835239623991568,0.16525408202418213
0.48356350704668366,0.15446054030050949
0.48360305169421053,0.14367262340804654
0.4836425963417374,0.1328903966961339
0.4836821409892642,0.12211392551418054
0.4837216856367911,0.11134327521146803
0.48376123028431794,0.10057851113737915
0.4838007749318448,0.08981969864126693
0.4838403195793717,0.07906690307248443
0.48387986422689855,0.056540087005236384
0.4839194088744254,0.03285436275185871
0.4839589535219523,0.00917485147385566
0.48399849816947915,-0.014498381479375766
0.48403804281700596,-0.03816527075851228
0.48407758746453283,-0.06182575101421328
0.4841171321120597,-0.08547975689711329
0.48415667675958657,-0.1091272230578566
0.48419622140711344,-0.13276808414710572
0.4842357660546403,-0.15640227481547964
0.48427531070216717,-0.1662604823382452
0.484314855349694,-0.1710546135368638
0.48435439999722085,-0.17584187826660358
0.4843939446447477,-0.18062221117804045
0.4844334892922746,-0.18539554692184934
0.48447303393980146,-0.1832391949023302
0.4845125785873283,-0.18061875062426314
0.4845521232348552,-0.17799111313050897
0.48459166788238206,-0.1753562170717129
0.48463121252990893,-0.17271399709852409
0.48467075717743574,-0.17006438786157307
0.4847103018249626,-0.16740732401152192
0.4847498464724895,-0.16474274019903135
0.48478939112001634,-0.16207057107473322
0.4848289357675432,-0.15939075128927582
0.4848684804150701,-0.15804933082393813
0.48490802506259695,-0.16156760012687021
0.48494756971012376,-0.1650780227205546
0.48498711435765063,-0.16858053325570843
0.4850266590051775,-0.1720750663829218
0.48506620365270436,-0.13464799174669118
0.48510574830023123,-0.08602445031835604
0.4851452929477581,-0.037392735434033764
0.48518483759528497,0.011247218255627356
0.48522438224281184,0.059895476099980804
0.4852639268903387,0.10855210344837873
0.4853034715378655,0.10934185539738461
0.4853430161853924,0.09474805519890594
0.48538256083291925,0.0801628205525331
0.4854221054804461,0.06378292214906
0.485461650127973,0.042751252443261833
0.48550119477549986,0.021728344337628602
0.4855407394230267,0.0007142631814995859
0.48558028407055354,-0.020290925675715776
0.4856198287180804,-0.04128715688473594
0.48565937336560727,-0.062274365096191886
0.48569891801313414,-0.08325248496070303
0.485738462660661,-0.10422145112894343
0.4857780073081879,-0.1251811982515334
0.48581755195571474,-0.14613166097913188
0.4858570966032416,-0.149148881502283
0.4858966412507685,-0.14818026806924411
0.4859361858982953,-0.14720217419315418
0.48597573054582216,-0.14621453452466193
0.48601527519334903,-0.145217283714413
0.4860548198408759,-0.14421035641305346
0.48609436448840276,-0.14319368727124537
0.48613390913592963,-0.14216721093960683
0.4861734537834565,-0.11621971771119588
0.4862129984309833,-0.08772376728539122
0.4862525430785102,-0.0592178136217254
0.48629208772603705,-0.03070179137081519
0.4863316323735639,-0.002175635183322644
0.4863711770210908,0.026360720290105277
0.48641072166861765,0.05490734039883627
0.4864502663161445,0.08346429049219584
0.4864898109636714,0.1120316359195499
0.48652935561119826,0.13538854962219116
0.48656890025872507,0.15801308177059514
0.48660844490625194,0.1806482053010674
0.4866479895537788,0.20329398556293343
0.48668753420130567,0.2259504879055756
0.48672707884883254,0.2486177776783185
0.4867666234963594,0.2712959202305285
0.4868061681438863,0.29398498091155956
0.4868457127914131,0.316685025070766
0.48688525743893996,0.33939611805749914
0.4869248020864668,0.3621183252211275
0.4869643467339937,0.3848517119109758
0.48700389138152056,0.40759634347642537
0.4870434360290474,0.07790273385976754
0.4870829806765743,0.09537076228782437
0.48712252532410116,0.10428187992830917
0.48716206997162803,0.09901068679388292
0.48720161461915484,0.09375106528181076
0.4872411592666817,0.08850308074144442
0.4872807039142086,0.08326679852213825
0.48732024856173545,0.07804228397323065
0.4873597932092623,0.07282960244410308
0.4873993378567892,0.06762881928408149
0.48743888250431605,0.062439999842546
0.48747842715184286,0.05726320946882257
0.48751797179936973,0.05209851351229222
0.4875575164468966,0.04694597732228001
0.48759706109442347,0.041805666248181605
0.48763660574195034,0.036677645639307865
0.4876761503894772,0.03156198084501094
0.48771569503700407,0.026458737214674066
0.48775523968453094,0.02136798009762142
0.4877947843320578,0.016289774843233573
0.4878343289795846,0.011224186800837366
0.4878738736271115,0.006171281319812927
0.48791341827463836,0.0055643385383463695
0.4879529629221652,0.02136847045880863
0.4879925075696921,0.0371854809886889
0.48803205221721896,0.05301543547734022
0.4880715968647458,0.06885839927410142
0.48811114151227264,0.08471443772836684
0.4881506861597995,0.10058361618945
0.4881902308073264,0.11646600000671636
0.48822977545485324,0.1323616545295203
0.4882693201023801,0.14827064510719978
0.488308864749907,0.16419303708913713
0.48834840939743385,0.18012889582467162
0.4883879540449607,0.19149039101223986
0.4884274986924876,0.19787784392063035
0.4884670433400144,0.20427895963072018
0.48850658798754126,0.2106938034917909
0.48854613263506813,0.21712244085322485
0.488585677282595,0.22356493706435954
0.48862522193012187,0.23002135747459151
0.48866476657764873,0.23649176743323252
0.4887043112251756,0.2401751559018801
0.4887438558727024,0.2422864029173457
0.4887834005202293,0.2444118355292515
0.48882294516775615,0.24655151908700557
0.488862489815283,0.23998712008878975
0.4889020344628099,0.2294969214023359
0.48894157911033675,0.21902116970980545
0.4889811237578636,0.20855993036052345
0.4890206684053905,0.1981132687038425
0.48906021305291736,0.18768125008910186
0.48909975770044417,0.1756286302983785
0.48913930234797104,0.15992178817909153
0.4891788469954979,0.14422978514982
0.4892183916430248,0.12855268655993024
0.48925793629055164,0.1128905577587469
0.4892974809380785,0.09724346409563722
0.4893370255856054,0.08161147091995513
0.4893765702331322,0.06599464358109497
0.48941611488065906,0.05563130557973439
0.4894556595281859,0.0500903394132286
0.4894952041757128,0.044564735131563005
0.48953474882323966,0.03984911612127595
0.48957429347076653,0.06147158028564226
0.4896138381182934,0.08310960238292298
0.48965338276582027,0.1047632477624405
0.48969292741334713,0.12643258177356564
0.48973247206087395,0.14811766976567853
0.4897720167084008,0.1698185770880749
0.4898115613559277,0.1930048023370623
0.48985110600345455,0.22377052859907076
0.4898906506509814,0.25455227023945115
0.4899301952985083,0.2600415608248303
0.48996973994603515,0.25758855735558583
0.49000928459356197,0.2551517653127875
0.49004882924108883,0.25273125004576036
0.4900883738886157,0.250327076903857
0.49012791853614257,0.24793931123647361
0.49016746318366944,0.24556801839292008
0.4902070078311963,0.24321326372255125
0.4902465524787232,0.24087511257476146
0.49028609712625004,0.23855363029884735
0.4903256417737769,0.23624888224420548
0.4903651864213037,0.23396093376018845
0.4904047310688306,0.23168985019612087
0.49044427571635746,0.22943569690137045
0.4904838203638843,0.22719853922527689
0.4905233650114112,0.22497844251723587
0.49056290965893806,0.2227754721265427
0.49060245430646493,0.22058969340259393
0.49064199895399174,-0.08881007172540523
0.4906815436015186,-0.08740858515921879
0.4907210882490455,-0.0830128040129563
0.49076063289657235,-0.07342339770969142
0.4908001775440992,-0.06381647299293025
0.4908397221916261,-0.05419196451331976
0.49087926683915295,-0.04454980692150645
0.4909188114866798,-0.03488993486812397
0.4909583561342067,-0.02521228300384548
0.4909979007817335,-0.015516785979305059
0.49103744542926037,-0.005803378445148777
0.49107699007678723,0.0039280049479759604
0.4911165347243141,0.013677429549422637
0.49115607937184097,0.023444960708543405
0.49119562401936784,0.03323066377469441
0.4912351686668947,0.04303460409722604
0.4912747133144215,0.05285684702550686
0.4913142579619484,0.06269745790886194
0.49135380260947525,0.0725565020966581
0.4913933472570021,0.0824340449382488
0.491432891904529,0.0923301517829862
0.49147243655205586,0.10224488798022469
0.4915119811995827,0.11217831887931862
0.4915515258471096,0.1257510583336936
0.49159107049463646,0.15085684107056663
0.4916306151421633,0.1628403045231197
0.49167015978969014,0.17256792144147326
0.491709704437217,0.18231455980846167
0.4917492490847439,0.19208028497339624
0.49178879373227075,0.20186516228568507
0.4918283383797976,0.21166925709462614
0.4918678830273245,0.221492634749628
0.4919074276748513,0.23133536060001703
0.49194697232237816,0.24119749999514362
0.49198651696990503,0.24212440773587085
0.4920260616174319,0.2260592601312874
0.49206560626495877,0.21001372211947533
0.49210515091248563,0.1939878590498445
0.4921446955600125,0.17798173627170488
0.49218424020753937,0.16199541913442328
0.49222378485506624,0.1460289729873545
0.49226332950259305,0.13008246317987915
0.4923028741501199,0.11415595506129472
0.4923424187976468,0.0982495139809818
0.49238196344517365,0.08236320528829388
0.4924215080927005,0.07077659508990397
0.4924610527402274,0.06098782505809197
0.49250059738775426,0.05121938346197963
0.49254014203528107,0.04147133565090577
0.49257968668280794,0.04667113205450768
0.4926192313303348,0.05502980512506639
0.4926587759778617,0.06340906802873825
0.49269832062538854,0.07180898611485897
0.4927378652729154,0.08022962473277051
0.4927774099204423,0.08867104923183877
0.49281695456796915,0.09713332496143279
0.492856499215496,0.1056165172708754
0.4928960438630228,0.11364262469191377
0.4929355885105497,0.11337518733701923
0.49297513315807656,0.11312886261004618
0.49301467780560343,0.1129037158603512
0.4930542224531303,0.11269981243727134
0.49309376710065717,0.11251721769018852
0.49313331174818403,0.11235599696844245
0.49317285639571085,0.11221621562141326
0.4932124010432377,0.11209793899839804
0.4932519456907646,0.11200123244877913
0.49329149033829145,0.11192616132190958
0.4933310349858183,0.10658237369529067
0.4933705796333452,0.09967520292216037
0.49341012428087205,0.09114622074519785
0.4934496689283989,0.08089955767558443
0.4934892135759258,0.07067485677545982
0.4935287582234526,0.06047218339424543
0.49356830287097947,0.05029160288122414
0.49360784751850634,0.040133180585778305
0.4936473921660332,0.02999698185724542
0.4936869368135601,0.01988307204500872
0.49372648146108694,0.009791516498390163
0.4937660261086138,-0.00027761943323856286
0.4938055707561406,-0.013860420696996112
0.4938451154036675,-0.03269106179866821
0.49388466005119436,-0.7463980949035864
0.4939242046987212,-0.736790720377591
0.4939637493462481,-0.7271605994898578
0.49400329399377496,-0.7175076668910165
0.49404283864130183,-0.7078318572317004
0.4940823832888287,-0.6981331051625852
0.49412192793635556,-0.688411345334289
0.4941614725838824,-0.6786665123974878
0.49420101723140925,-0.6688985410028128
0.4942405618789361,-0.6591073658008995
0.494280106526463,-0.6492929214424192
0.49431965117398985,-0.6394551425780062
0.4943591958215167,-0.6295939638583072
0.4943987404690436,-0.6091440622454289
0.4944382851165704,-0.5856116569613521
0.49447782976409727,-0.5620556557739453
0.49451737441162413,-0.5384759933338383
0.494556919059151,-0.5148726042916656
0.49459646370667787,-0.49124542329810206
0.49463600835420474,-0.4675943850037796
0.4946755530017316,-0.44391942405933094
0.4947150976492585,-0.4202204751154315
0.49475464229678534,-0.3964974728227153
0.49479418694431215,-0.37275035183181293
0.494833731591839,-0.3489790467934144
0.4948732762393659,-0.32518349235812316
0.49491282088689276,-0.3013636231765875
0.4949523655344196,-0.27751937389948145
0.4949919101819465,-0.2536506791774249
0.49503145482947336,-0.23637833590408786
0.4950709994770002,-0.23301062389851435
0.49511054412452704,-0.22961827039993077
0.4951500887720539,-0.22620121005902405
0.4951896334195808,-0.22275937752640074
0.49522917806710764,-0.21929270745272067
0.4952687227146345,-0.2158011344886308
0.4953082673621614,-0.21228459328477634
0.49534781200968825,-0.20874301849180643
0.4953873566572151,-0.20517634476036672
0.49542690130474193,-0.20158450674110373
0.4954664459522688,-0.19796743908466485
0.49550599059979566,-0.19432507644169839
0.49554553524732253,-0.19065735346284773
0.4955850798948494,-0.18696420479876164
0.49562462454237627,-0.18324556510010082
0.49566416918990314,-0.1795013690174696
0.49570371383742995,-0.1757315512015567
0.4957432584849568,-0.17193604630301085
0.4957828031324837,-0.16811478897243326
0.49582234778001055,-0.16426771386052952
0.4958618924275374,-0.16039475561788885
0.4959014370750643,-0.1564958488952013
0.49594098172259116,-0.15257092834311292
0.495980526370118,-0.14861992861222806
0.4960200710176449,-0.14464278435325229
0.4960596156651717,-0.14063943021678682
0.4960991603126986,-0.13660980085347862
0.49613870496022544,-0.13255383091401862
0.4961782496077523,-0.12847145504901025
0.4962177942552792,-0.12436260790911469
0.49625733890280604,-0.12022722414498066
0.4962968835503329,-0.11606523840725114
0.4963364281978597,-0.11187658534657441
0.4963759728453866,-0.10766119961359788
0.49641551749291346,-0.10341901585896807
0.49645506214044033,-0.09914996873333193
0.4964946067879672,-0.09485399288733509
0.49653415143549406,-0.09053102297162763
0.49657369608302093,-0.0861809936368525
0.4966132407305478,-0.10135933711603151
0.49665278537807467,-0.11930416965469748
0.4966923300256015,-0.13722174672618026
0.49673187467312835,-0.15511200298122674
0.4967714193206552,-0.17297487307044213
0.4968109639681821,-0.19081029164445606
0.49685050861570895,-0.2086181933539608
0.4968900532632358,-0.2263985128495447
0.4969295979107627,-0.2441511847818969
0.4969691425582895,-0.26187614380162305
0.49700868720581637,-0.2795733245594114
0.49704823185334324,-0.29724266170592495
0.4970877765008701,-0.3148840898917502
0.497127321148397,-0.332497543767579
0.49716686579592384,-0.35008295798404365
0.4972064104434507,-0.367640267191776
0.4972459550909776,-0.3851694060414652
0.49728549973850444,-0.388943296873804
0.49732504438603126,-0.3854561190460517
0.4973645890335581,-0.3819405748121536
0.497404133681085,-0.37839659882278687
0.49744367832861186,-0.3748241257285825
0.49748322297613873,0.11287314150992955
0.4975227676236656,0.1404076431750516
0.49756231227119246,0.16797083799305756
0.4976018569187193,0.195562791313328
0.49764140156624614,0.22318356848520127
0.497680946213773,0.25083323485803133
0.4977204908612999,0.2785118557811703
0.49776003550882675,0.30621949660397174
0.4977995801563536,0.33395622267578906
0.4978391248038805,0.36172209934596156
0.49787866945140735,0.38951719196387113
0.4979182140989342,0.3994950098259977
0.49795775874646103,0.38485214954829816
0.4979973033939879,0.3679054440463929
0.49803684804151477,0.35098821588962226
0.49807639268904164,0.33410053042734056
0.4981159373365685,0.3172424530089155
0.49815548198409537,0.30041404898368507
0.49819502663162224,0.28361538370098893
0.49823457127914905,0.266846522510237
0.4982741159266759,0.25265880483740455
0.4983136605742028,0.2416746032771675
0.49835320522172966,0.2307204018568929
0.4983927498692565,0.21979626592593204
0.4984322945167834,0.20890226083363928
0.49847183916431026,0.19803845192936675
0.4985113838118371,0.18720490456246885
0.498550928459364,0.1764016840822955
0.4985904731068908,0.1656288558382335
0.4986300177544177,0.15488648517957593
0.49866956240194454,0.14417463745569048
0.4987091070494714,0.1334933780159746
0.4987486516969983,0.12284277220973738
0.49878819634452515,0.1122228853863465
0.498827740992052,0.10454842645849816
0.49886728563957883,0.10136007305753258
0.4989068302871057,0.11718266604044025
0.49894637493463256,0.13303623940362153
0.49898591958215943,0.14892085849638637
0.4990254642296863,0.16483658866814643
0.49906500887721317,0.18078349526820991
0.49910455352474004,0.19676164364594673
0.4991440981722669,0.21277109915070858
0.49918364281979377,0.22881192713186405
0.4992231874673206,0.24787342602180695
0.49926273211484745,0.2673897605050293
0.4993022767623743,0.28693766351267547
0.4993418214099012,0.3065172003940977
0.49938136605742806,0.3261284364986947
0.4994209107049549,0.34577143717577563
0.4994604553524818,0.3654462677746926
