1/B (1/T),Oscillatory MR (%)
0.030184123151222455,0.02122695595312396
0.030223667798749316,-0.6334593200268495
0.030263212446276177,-0.8852456508274337
0.030302757093803038,0.39088867166551156
0.0303423017413299,1.1070045568965963
0.03038184638885676,1.1530486132400704
0.03042139103638362,1.0256228417289925
0.030460935683910482,-0.8315874239566877
0.030500480331437343,-2.6002289648595394
0.030540024978964204,1.1058617252724954
0.030579569626491065,2.015179105372116
0.030619114274017926,1.5697154028023999
0.030658658921544787,-0.2829461190127537
0.030698203569071648,-2.4286566985917815
0.03073774821659851,-1.5543960028203265
0.03077729286412537,0.30017248115240325
0.03081683751165223,1.4309982232948184
0.03085638215917909,0.552468050135285
0.030895926806705953,-0.17140556264093054
0.030935471454232814,-1.2915000245190833
0.030975016101759675,-2.507349993717793
0.031014560749286536,0.5799508671471926
0.031054105396813397,1.5570716819382633
0.031093650044340258,0.5835053690477697
0.03113319469186712,0.7895379747970827
0.03117273933939398,-0.4294391790413852
0.03121228398692084,-0.23223749071038335
0.0312518286344477,1.0287227479660395
0.031291373281974566,0.02563219374229042
0.03133091792950142,-0.7670067405413593
0.03137046257702829,-0.842080416582008
0.03141000722455514,0.38566822315622584
0.03144955187208201,-0.19404868739986014
0.031489096519608864,0.4539712718346671
0.03152864116713573,0.5772041991250367
0.031568185814662586,-0.8655602555296278
0.031607730462189454,-0.17847183841400793
0.03164727510971631,0.4995355331432866
0.031686819757243176,0.497874796058822
0.03172636440477003,1.7357569900298768
0.0317659090522969,0.8930671193952203
0.03180545369982375,0.4355672988317705
0.03184499834735062,0.10716539242380274
0.031884542994877474,-1.0820430516554809
0.03192408764240434,-1.0190055731175396
0.031963632289931196,-0.7738271728614307
0.032003176937458064,0.0011788993702599448
0.03204272158498492,0.08445793292965753
0.032082266232511786,-2.5414644832485553
0.03212181088003864,-2.6785263400500927
0.03216135552756551,-0.172956402204673
0.03220090017509236,1.811750793148522
0.03224044482261923,-0.8334050313211183
0.032279989470146084,-1.0354581255158026
0.03231953411767295,-1.24199249631473
0.032359078765199806,-0.9970497431606954
0.032398623412726674,0.03656759623283867
0.03243816806025353,0.06567347271833346
0.032477712707780396,1.9179164143792231
0.03251725735530725,0.1696136687617692
0.03255680200283412,-1.425764322575035
0.03259634665036097,-0.9764249106760456
0.03263589129788784,0.671368641394327
0.032675435945414694,1.6725824778313085
0.03271498059294156,0.7700393548268167
0.032754525240468416,0.807554591731908
0.032794069887995284,-1.9786681932661518
0.03283361453552214,-1.281000192763862
0.032873159183049006,1.3963665588889551
0.03291270383057586,1.4853100157865584
0.03295224847810273,0.06024864531419538
0.03299179312562958,-1.4533984066652677
0.03303133777315645,-0.36622511941085134
0.033070882420683304,-1.0170911714961064
0.03311042706821017,0.4988449148484382
0.033149971715737026,0.5452313376243071
0.03318951636326389,-1.967988154960224
0.03322906101079075,-2.131962755225843
0.033268605658317615,-1.2238209129732724
0.03330815030584447,0.4024886914110546
0.03334769495337134,1.1325819874188774
0.03338723960089819,0.5914555965906692
0.03342678424842506,-1.0444900508566712
0.03346632889595191,-0.16159780414297564
0.03350587354347878,-0.6308103842643726
0.033545418191005635,0.1692068244628857
0.0335849628385325,3.1882334838694577
0.03362450748605936,2.8143800190192483
0.033664052133586225,0.15508953931251268
0.03370359678111308,-0.9156587775919482
0.03374314142863995,0.33367500212023815
0.0337826860761668,0.09705179446741063
0.03382223072369367,1.9215529294461606
0.03386177537122052,1.0054335081694699
0.03390132001874739,1.4196255795020414
0.033940864666274245,-0.42871777034327596
0.03398040931380111,-0.038511267264609295
0.03401995396132797,0.9261809742484834
0.034059498608854835,1.329736943934152
0.03409904325638169,1.0000839474249292
0.03413858790390856,-1.2015050982294484
0.03417813255143541,-0.9458715047823114
0.03421767719896228,-0.8759113915646825
0.03425722184648913,0.5256041257615458
0.034296766494016,0.8543535235008491
0.034336311141542855,0.9698335202077566
0.03437585578906972,-1.1485708733539348
0.03441540043659658,-1.6216781975088268
0.034454945084123445,-2.2255149491730313
0.0344944897316503,-0.46024990504304863
0.03453403437917717,-0.04106335467460631
0.03457357902670402,0.6777258795039818
0.03461312367423089,-0.8223158754813489
0.03465266832175774,-1.6233996727731301
0.03469221296928461,-1.626167516493
0.034731757616811465,0.556046882695137
0.03477130226433833,1.4259085899838948
0.03481084691186519,0.8035543486682943
0.034850391559392055,0.2871048527372583
0.03488993620691891,-0.5046974769868583
0.03492948085444578,-0.3585989907623486
0.03496902550197263,1.8507755923149083
0.0350085701494995,1.9734291003395052
0.03504811479702635,-0.37510130537610686
0.03508765944455322,-1.2422108943024865
0.035127204092080075,-0.727951740173471
0.03516674873960694,0.24876259667502137
0.0352062933871338,-0.37742001728972463
0.035245838034660665,0.23930065197063877
0.03528538268218752,-0.8557474884772838
0.03532492732971439,-2.1242609158183106
0.03536447197724124,-1.0558792789205855
0.03540401662476811,-2.3755496839796546
0.03544356127229496,-0.5872413876752374
0.03548310591982183,0.8566595377440919
0.035522650567348685,0.13265267652721796
0.03556219521487555,-1.5407003644397208
0.03560173986240241,-3.0939773960792127
0.035641284509929275,0.5940713687920203
0.03568082915745613,0.8921842245894627
0.035720373804983,0.9657373834290208
0.03575991845250985,-1.9741407949043852
0.03579946310003672,-1.8654687713586238
0.03583900774756357,-0.028189665265913044
0.03587855239509044,0.014366852408448594
0.035918097042617295,1.9556026185817974
0.03595764169014416,1.4927988868521664
0.03599718633767102,-0.12597386756836515
0.036036730985197885,-1.8858521758325117
0.03607627563272474,-1.5454919908023537
0.036115820280251607,0.6119331088718502
0.03615536492777846,0.9876734081202403
0.03619490957530533,3.123122077911937
0.03623445422283218,1.002311882331377
0.03627399887035905,0.25719273654435626
0.036313543517885905,0.33745618225828133
0.03635308816541277,-0.08115545198223495
0.036392632812939626,1.7067947270961703
0.036432177460466494,2.389603034754792
0.03647172210799335,-0.1139781399588673
0.036511266755520216,-1.3484262081490703
0.03655081140304707,0.13700883600704172
0.03659035605057394,0.6757286676505071
0.03662990069810079,1.52776608531248
0.03666944534562766,1.1198382255290982
0.036708989993154514,-0.3591075707923707
0.03674853464068138,-0.6145558976003774
0.036788079288208236,0.6747027442577057
0.036827623935735104,2.138987976058702
0.03686716858326196,1.073339628696195
0.036906713230788826,0.6849513017169877
0.03694625787831568,-0.47940305793696814
0.03698580252584255,-1.689512447840432
0.0370253471733694,1.2541951153605133
0.03706489182089627,1.8000971071092384
0.037104436468423124,1.9687803769864782
0.03714398111594999,0.6344553872393087
0.037183525763476846,-1.2929916682163278
0.037223070411003714,-1.2962823157613124
0.03726261505853057,-0.10946883217504089
0.037302159706057436,1.5827877288210352
0.03734170435358429,1.0775008952297351
0.03738124900111116,0.7120560927378111
0.03742079364863801,0.2973005608719979
0.03746033829616488,-0.566253243824024
0.037499882943691734,-0.04028443720834912
0.0375394275912186,0.3317605349488194
0.037578972238745456,-0.08340592436541605
0.037618516886272324,-0.4777067473566078
0.03765806153379918,-1.028177377023452
0.037697606181326046,-1.7306705681047783
0.0377371508288529,1.525925411572142
0.03777669547637977,1.7618245751148256
0.03781624012390662,0.7876199381795939
0.03785578477143349,-1.127159309096698
0.037895329418960344,-1.2200472853016349
0.03793487406648721,-0.7171760892838568
0.037974418714014066,1.2594610891769047
0.038013963361540934,0.9365321513238434
0.03805350800906779,-1.1428767181235227
0.038093052656594656,-1.5025307657643783
0.03813259730412151,-2.6927821725496006
0.03817214195164838,-0.6501774538761182
0.03821168659917523,-0.06779414589363497
0.0382512312467021,-0.20081331757076387
0.038290775894228954,0.646677863485314
0.03833032054175582,-0.4581318491684556
0.038369865189282676,-0.09396750191656633
0.038409409836809544,-0.42222143828471825
0.0384489544843364,0.38301242871574565
0.038488499131863266,1.7997617019056396
0.03852804377939012,1.0434259564546806
0.03856758842691699,0.8235060919778039
0.03860713307444384,0.26473054888368114
0.03864667772197071,0.8952086845314166
0.038686222369497564,2.015228026039386
0.03872576701702443,2.123866275174878
0.038765311664551286,1.045098527310103
0.038804856312078154,-0.10806669971808847
0.03884440095960501,-0.3986254205107179
0.038883945607131876,-0.5349196582694257
0.03892349025465873,0.03532866716189287
0.0389630349021856,0.7050791085122813
0.03900257954971245,-0.35343856635440174
0.03904212419723932,-1.5176922006844236
0.039081668844766174,-1.6433842447560516
0.03912121349229304,-0.35910413517057704
0.039160758139819896,0.8361718046061869
0.039200302787346764,0.5918815400214432
0.03923984743487362,0.7793766297954603
0.039279392082400486,-0.3950650743510435
0.03931893672992734,-1.1890220122394433
0.03935848137745421,-0.5014460990262932
0.03939802602498106,-0.15794125315726104
0.03943757067250793,0.6031783593879846
0.039477115320034784,0.17467594372774808
0.03951665996756165,-1.7197709279153033
0.039556204615088505,-1.4506769381959723
0.03959574926261537,-0.13268877668861123
0.03963529391014223,1.5084954057805375
0.039674838557669095,1.1242275036962335
0.03971438320519595,-0.17939047498042704
0.03975392785272282,-1.5038185421988106
0.03979347250024967,-1.7001498048382944
0.03983301714777654,-0.9355630479593238
0.03987256179530339,2.0153099298912065
0.03991210644283026,1.8685045743356827
0.039951651090357115,-0.9382494992700625
0.03999119573788398,-2.167905364194509
0.04003074038541084,-1.8175800431297817
0.040070285032937705,0.3748691303795273
0.04010982968046456,0.9282521609289525
0.04014937432799143,-0.0719804898172427
0.04018891897551828,-0.789933736452882
0.04022846362304515,-0.14190351965212822
0.040268008270572,0.16301026420815357
0.04030755291809887,0.20571324487320675
0.040347097565625725,1.1638429605919738
0.04038664221315259,0.03707892114276279
0.04042618686067945,-1.1309429141937573
0.040465731508206315,-0.9625596643143625
0.04050527615573317,-0.1914492656270051
0.04054482080326004,0.1258428869000232
0.04058436545078689,0.42535417452988233
0.04062391009831376,1.3359708341763061
0.04066345474584061,-0.11289672689666985
0.04070299939336748,-0.47523315033588287
0.040742544040894335,-0.8527739886247185
0.0407820886884212,-0.09225450188912548
0.04082163333594806,0.305892276025092
0.040861177983474925,-0.9095082672140835
0.04090072263100178,-0.7167816708666102
0.04094026727852865,-0.5130765644435906
0.0409798119260555,0.29699749353654903
0.04101935657358237,0.5922592406219793
0.04105890122110922,0.6016964135286769
0.04109844586863609,-0.6647816297676812
0.041137990516162945,-0.6997033392935451
0.04117753516368981,-0.043313712270395655
0.04121707981121667,0.0951992848152402
0.041256624458743535,1.220125405469837
0.04129616910627039,1.4300829950667027
0.04133571375379726,0.8465490062923846
0.04137525840132411,-0.9234142020840848
0.04141480304885098,-1.5637152542191735
0.04145434769637783,-0.4420715908776908
0.0414938923439047,0.4816129321146675
0.041533436991431555,-0.059903031305110654
0.04157298163895842,-0.8720928135996958
0.04161252628648528,-0.48223439780205707
0.041652070934012145,-0.5352002601166943
0.041691615581539,-0.27348978264217483
0.04173116022906587,0.9412946379798699
0.04177070487659272,1.206397998145793
0.04181024952411959,0.5001530521113735
0.04184979417164644,-0.014476132072543724
0.04188933881917331,0.02914660366601557
0.041928883466700165,0.5904104115993147
0.04196842811422703,1.6031391609076173
0.04200797276175389,0.16722127234998574
0.042047517409280755,-0.1659012424249502
0.04208706205680761,0.2440842478714016
0.04212660670433448,0.5194027770822394
0.04216615135186133,0.07544547004498764
0.0422056959993882,0.31040177515483053
0.04224524064691505,0.3588234679851436
0.04228478529444192,-0.17214043871737256
0.042324329941968775,-0.7085924912683886
0.04236387458949564,-0.17223661998945577
0.0424034192370225,0.7624138370637842
0.042442963884549365,0.7490363208955415
0.04248250853207622,-0.9382286548404024
0.042522053179603087,-0.88939548631942
0.04256159782712994,-0.33354899314731573
0.04260114247465681,-0.21595697413861165
0.04264068712218366,-0.16595481723165756
0.04268023176971053,0.15898005573294072
0.042719776417237385,-0.5276477083368054
0.04275932106476425,-0.9523633590402746
0.042798865712291106,-0.27844933590194176
0.042838410359817974,0.1645141950100643
0.04287795500734483,0.09786928177088511
0.042917499654871696,0.15386764652955415
0.04295704430239855,0.2323437286036631
0.04299658894992542,0.10960631843342794
0.04303613359745227,0.12977802583055204
0.04307567824497914,0.6960504711013136
0.043115222892505994,0.5021591278382429
0.04315476754003286,-0.11070145214820948
0.043194312187559716,-0.2452352874307689
0.043233856835086584,0.20138553343690968
0.04327340148261344,0.5188488248948955
0.043312946130140306,1.1352275068345565
0.04335249077766716,1.7449646726059787
0.04339203542519403,1.2882425340128898
0.04343158007272088,0.6845180855812961
0.04347112472024775,0.4669696153870334
0.043510669367774604,0.05326147106076867
0.04355021401530147,0.5804156199407348
0.043589758662828326,0.17332613178156808
0.043629303310355194,-0.11516706252393932
0.04366884795788205,-0.48072467110462364
0.043708392605408916,-0.35880327995252287
0.04374793725293577,0.4526517166531429
0.04378748190046264,0.8776255403693274
0.04382702654798949,0.5478566802573408
0.04386657119551636,-0.1628677030420667
0.043906115843043214,-0.8597342490940378
0.04394566049057008,-0.36956909307008307
0.043985205138096936,-0.06664308905957217
0.044024749785623804,-0.5047112748643925
0.04406429443315066,-0.4662419117743749
0.044103839080677526,-0.3950113094786919
0.04414338372820438,-0.9779558308929768
0.04418292837573125,-0.597386619668838
0.0442224730232581,-0.17695021517814352
0.04426201767078497,0.26871194364199236
0.044301562318311824,-0.15727278425148605
0.04434110696583869,-0.13315086465210196
0.044380651613365546,-0.6835613629838124
0.044420196260892414,-0.38405278739256954
0.04445974090841927,-0.1503776296746801
0.044499285555946136,-0.02766536467331865
0.04453883020347299,-0.11313005123414566
0.04457837485099986,-0.009041271337742629
0.04461791949852671,0.1529990805592018
0.04465746414605358,0.12985205454640325
0.044697008793580434,0.02782163190022835
0.0447365534411073,0.02878071999750298
0.044776098088634156,0.05733052908726155
0.044815642736161024,-0.7500158349850459
0.04485518738368788,-1.548836368928364
0.044894732031214746,-0.4750711895382545
0.0449342766787416,1.2956670627048068
0.04497382132626847,1.6881999884335146
0.04501336597379532,1.2754862978734516
0.04505291062132219,-0.21603112363402122
0.045092455268849044,-0.41028598651318143
0.04513199991637591,-0.21769633599404126
0.045171544563902766,0.5002146416171324
0.045211089211429634,0.3488398246169921
0.04525063385895649,0.3714485933307279
0.045290178506483356,-0.013152049900721774
0.04532972315401021,-0.28130312745631264
0.04536926780153708,0.15723227159357173
0.04540881244906393,0.8155614940408981
0.0454483570965908,0.49065380440056355
0.045487901744117654,-0.3615317740892404
0.04552744639164452,-0.4620442478228546
0.045566991039171376,-0.7705843990444152
0.045606535686698244,-0.29085634880685884
0.0456460803342251,0.578137916365352
0.045685624981751966,1.3045601894432246
0.04572516962927882,1.1318929993249198
0.04576471427680569,0.6041172037965452
0.04580425892433254,0.3262455660716212
0.04584380357185941,0.9594399850117883
0.045883348219386264,1.674544027591236
0.04592289286691313,1.0192777342502934
0.045962437514439985,0.30762328681323814
0.04600198216196685,-0.2623958779799096
0.04604152680949371,-0.42519006880982463
0.046081071457020575,-0.0038553129527738594
0.04612061610454743,0.2183902764478634
0.0461601607520743,-0.3663796503822323
0.04619970539960115,-0.783516450788101
0.04623925004712802,-1.165725535952031
0.04627879469465487,-0.5687451006604323
0.04631833934218174,-0.20087329707103074
0.046357883989708595,-0.009191081442204152
0.04639742863723546,-0.1824997976369886
0.04643697328476232,-0.3551470006497925
0.046476517932289185,-0.40097787307371907
0.04651606257981604,0.08003217234471272
0.04655560722734291,0.6410717166654354
0.04659515187486976,1.2442863669892903
0.04663469652239663,0.3413120446118798
0.04667424116992348,-0.8405114082070104
0.04671378581745035,-0.8731104302301418
0.046753330464977205,-1.6363554064953
0.04679287511250407,-0.6695568074717195
0.04683241976003093,-0.08448399443269888
0.046871964407557795,-0.5699926574287215
0.04691150905508465,-1.3937387457294423
0.04695105370261152,-1.6875016304290325
0.04699059835013837,-0.8757829565093465
0.04703014299766524,1.070052007957089
0.04706968764519209,0.7365188231255484
0.04710923229271896,-0.139036967260526
0.047148776940245815,-1.0073815088228928
0.04718832158777268,-1.6743425674167676
0.04722786623529954,-0.44600109006529975
0.047267410882826405,0.24768521495803086
0.04730695553035326,1.029009082040793
0.04734650017788013,0.5063364242062975
0.04738604482540698,-0.5209647256636138
0.04742558947293385,-0.450960542821716
0.0474651341204607,0.23705195697544545
0.04750467876798757,0.47256938373671536
0.047544223415514425,1.1766401241305087
0.04758376806304129,0.34683359100856886
0.04762331271056815,-0.6765672052669139
0.047662857358095015,-0.6108062897339273
0.04770240200562187,0.2989214562992617
0.04774194665314874,0.7864761804249316
0.04778149130067559,0.6976637078446963
0.04782103594820246,0.6793569154776793
0.04786058059572931,0.7884108734746454
0.04790012524325618,-0.5106406449065449
0.047939669890783035,-0.21473064987423174
0.0479792145383099,0.30827128277276183
0.04801875918583676,-0.37333048477335146
0.048058303833363625,-1.2172343001355963
0.04809784848089048,-0.6782127673026762
0.04813739312841735,-0.12422107604428179
0.0481769377759442,0.7561807947195947
0.04821648242347107,0.4873725047679658
0.04825602707099792,0.4847256894228398
0.04829557171852479,-0.02512205522631794
0.048335116366051645,-0.47993380567977767
0.04837466101357851,0.0021090849066535133
0.04841420566110537,0.19225148226818578
0.048453750308632235,0.32973584272244316
0.04849329495615909,0.5635618358105496
0.04853283960368596,-0.569230187389563
0.04857238425121281,-0.6987190351904653
0.04861192889873968,-0.12202694140655851
0.04865147354626653,0.2002002867231225
0.0486910181937934,0.2749043184568505
0.048730562841320255,-0.005988922705763844
0.04877010748884712,-0.4804729295760017
0.04880965213637398,0.009777710458583388
0.048849196783900845,0.9475942161229853
0.0488887414314277,1.7623693374770348
0.048928286078954566,1.4330733615620215
0.04896783072648142,0.6748305204299418
0.04900737537400829,0.23298272270399634
0.04904692002153514,0.0022051504982181225
0.04908646466906201,0.23735987804209058
0.049126009316588864,0.10785077238465274
0.04916555396411573,-0.2022503892726022
0.049205098611642586,-0.8102156227134738
0.049244643259169454,-1.0807826260203794
0.04928418790669631,-0.81500507619931
0.049323732554223176,-0.9021164620243918
0.04936327720175003,-0.04147860621007132
0.0494028218492769,0.3836988725086757
0.04944236649680375,-0.0967536594935205
0.04948191114433062,-0.1762806013436085
0.049521455791857474,0.32690626826628544
0.04956100043938434,1.1318994139437148
0.049600545086911196,0.7897061010229476
0.049640089734438064,0.4852853677829785
0.04967963438196492,-0.26645866788728434
0.049719179029491786,-0.5737174916968502
0.04975872367701864,-0.4340049850748212
0.04979826832454551,-0.060464363244696506
0.04983781297207236,0.1924702925558372
0.04987735761959923,-0.18314804627545384
0.049916902267126084,-0.47458063586762145
0.04995644691465295,-0.04621927233439896
0.049995991562179806,0.3438567397599837
0.050035536209706674,0.9939371068163437
0.05007508085723353,1.2278807794140347
0.050114625504760396,0.2558509291321072
0.05015417015228725,-0.12174136086830206
0.05019371479981412,-0.586345060708941
0.05023325944734097,-0.14870959242793508
0.05027280409486784,0.5387943280732512
0.050312348742394694,0.6298607751444568
0.05035189338992156,0.23237426805652048
0.050391438037448416,-1.052923862127387
0.050430982684975284,-1.12999633250604
0.05047052733250214,-0.7980044033680135
0.050510071980029006,-0.4045681399584202
0.05054961662755586,-0.11568943565890055
0.05058916127508273,-0.2747717006317605
0.05062870592260958,-0.43153375875649896
0.05066825057013645,0.0968881439464625
0.050707795217663304,0.47143804037101933
0.05074733986519017,1.1138994894207563
0.050786884512717026,0.5950401448168556
0.050826429160243894,-0.20593089793987673
0.05086597380777075,-1.0034529092120135
0.050905518455297616,-0.6989289611260884
0.05094506310282447,0.29640615935295567
0.05098460775035134,0.3867205004899637
0.05102415239787819,-0.07147661791564511
0.05106369704540506,0.047451633368930574
0.051103241692931914,0.3906225885861235
0.05114278634045878,0.8777125186521193
0.051182330987985636,0.8924652219883481
0.051221875635512504,1.0883023435083226
0.05126142028303936,0.3370686828210765
0.051300964930566226,-1.250260668943193
0.05134050957809308,-1.1082914652143891
0.05138005422561995,-0.5245652551288779
0.0514195988731468,-0.12641789690779534
0.05145914352067367,0.4192832555517425
0.051498688168200524,0.02299453489056652
0.05153823281572739,-0.007098510297543603
0.051577777463254246,-0.5921752588882452
0.051617322110781114,-0.604673237365875
0.05165686675830797,0.02384507824612042
0.051696411405834836,0.517889772782487
0.05173595605336169,0.3561515860080058
0.05177550070088856,-0.29740890168789164
0.05181504534841541,-0.3260345331857585
0.05185458999594228,0.5104294351692895
0.051894134643469134,0.6047531324410257
0.051933679290996,1.1967291783233378
0.051973223938522856,0.8309484884131276
0.052012768586049724,-0.16947022347030175
0.05205231323357658,0.6163200636410359
0.052091857881103446,0.8228913849863485
0.0521314025286303,0.810434901873336
0.05217094717615717,0.9455206161256791
0.05221049182368402,0.6873115225602564
0.05225003647121089,-0.21735473749283155
0.052289581118737744,-0.5978179475243529
0.05232912576626461,0.289503923310241
0.052368670413791465,0.6648431050049654
0.05240821506131833,-0.00029366835219629683
0.05244775970884519,-0.2846418317792614
0.052487304356372055,-1.0676122007933015
0.05252684900389891,-1.2288903485129015
0.05256639365142578,0.5736816676479126
0.05260593829895263,0.9918888016124229
0.0526454829464795,1.1595549740597042
0.05268502759400635,0.5351978608167554
0.05272457224153322,-0.40910696254925105
0.052764116889060075,-0.03563292384150843
0.05280366153658694,0.30604716097432716
0.0528432061841138,0.389850273463913
0.052882750831640665,1.2968189834005974
0.05292229547916752,1.3538679684116746
0.05296184012669439,0.7001879642186543
0.05300138477422124,0.2826145337939121
0.05304092942174811,-0.6806843029495044
0.05308047406927496,-1.5521607926643495
0.05312001871680183,-1.1287319940040121
0.053159563364328685,-1.8605909902146114
0.05319910801185555,-1.440570966365753
0.05323865265938241,-1.093294116785127
0.053278197306909275,-0.8014632663087519
0.05331774195443613,-0.7428541261622078
0.053357286601963,-0.354664908548805
0.05339683124948985,0.4907396477574929
0.05343637589701672,0.41188661089402834
0.05347592054454357,-0.0764957202136148
0.05351546519207044,-0.21923993060787966
0.053555009839597295,-0.06401790722724135
0.05359455448712416,0.45262612414599235
0.05363409913465102,-0.5020703045658226
0.053673643782177885,-1.2605561538052525
0.05371318842970474,-0.8763687980773203
0.05375273307723161,-0.7099464528741267
0.05379227772475846,-0.15090743999083484
0.05383182237228533,-0.24489411099865863
0.05387136701981218,0.01806209877458176
0.05391091166733905,0.07976128889681366
0.053950456314865905,0.30492522316223625
0.05399000096239277,0.4818318606870066
0.05402954560991963,-0.5942338150639257
0.054069090257446495,-1.977098942008566
0.05410863490497335,-1.846911835872639
0.05414817955250022,-0.7119584863916216
0.05418772420002707,0.11143419518042266
0.05422726884755394,0.872698899599821
0.05426681349508079,0.8055311903838446
0.05430635814260766,0.17037643470686906
0.054345902790134515,-0.3541648975745579
0.05438544743766138,-0.29322317219806027
0.05442499208518824,0.16151800323137824
0.054464536732715105,0.42490739153358825
0.05450408138024196,0.10163248232810394
0.05454362602776883,-0.29052401963047414
0.05458317067529568,-0.6530574361322383
0.05462271532282255,-0.6721820587365941
0.0546622599703494,-0.587510409558027
0.05470180461787627,0.41974360510184605
0.054741349265403125,0.21420589031808063
0.05478089391292999,-0.5670073024012223
0.05482043856045685,-0.921917359472454
0.054859983207983715,-0.9440294268597693
0.05489952785551057,-0.09584271389543411
0.05493907250303744,-0.07955333067770513
0.05497861715056429,-0.670621687163681
0.05501816179809116,-0.7998416266139761
0.05505770644561801,-1.2045238451466855
0.05509725109314488,-0.8492557762633717
0.055136795740671735,-0.9005570730886324
0.0551763403881986,-0.9346471760725794
0.05521588503572546,-0.8658669170657135
0.055255429683252325,-0.5375658752554833
0.05529497433077918,-0.15942100932860875
0.055334518978306046,0.17320568055438768
0.0553740636258329,-0.13053082075487893
0.05541360827335977,-0.35378365374659937
0.05545315292088662,-0.9081926660032341
0.05549269756841349,-0.49135441691430526
0.055532242215940344,-0.4847390463018664
0.05557178686346721,-0.22445587845415146
0.055611331510994066,0.0032774482143086378
0.055650876158520934,0.886410873851143
0.05569042080604779,1.279197249464845
0.055729965453574656,0.6900704580041386
0.05576951010110151,0.653448110676263
0.05580905474862838,0.7514762254944403
0.05584859939615523,1.0840334228340374
0.0558881440436821,0.7521018679154705
0.055927688691208954,-1.2359991753988029
0.05596723333873582,-1.9618736098368563
0.056006777986262676,-0.8000801262315513
0.056046322633789544,-0.36908827274081035
0.0560858672813164,-0.6210115119310395
0.056125411928843266,-1.0693488339727206
0.05616495657637012,-0.4758731594293252
0.05620450122389699,-0.10059527804412413
0.05624404587142384,0.47565328826567543
0.05628359051895071,-0.02915436296019967
0.056323135166477564,-0.6579541489955645
0.05636267981400443,-1.229904607623687
0.056402224461531286,-2.688414614328842
0.056441769109058154,-2.887141113882009
0.05648131375658501,-2.174433988625566
0.056520858404111876,-1.3087222962678
0.05656040305163873,-1.1898574112830114
0.0565999476991656,-1.7295677097131326
0.05663949234669245,-2.3806842497616674
0.05667903699421932,-2.9536307316425803
0.056718581641746174,-1.7092920179626492
0.05675812628927304,-1.1314334326985904
0.056797670936799896,-0.6530919751507853
0.056837215584326764,-0.991270482185887
0.05687676023185362,-1.1642017345547007
0.056916304879380486,-0.2878353204792744
0.05695584952690734,-0.057985006666681035
0.05699539417443421,-0.3456842806113609
0.05703493882196106,-0.5230136658458177
0.05707448346948793,-0.08651101043034579
0.057114028117014784,-0.4771334638667027
0.05715357276454165,-0.41677642622312766
0.057193117412068506,0.17749344981261836
0.057232662059595374,1.089551562370902
0.05727220670712223,0.7370435731492843
0.057311751354649096,0.5949502678788916
0.05735129600217595,0.1959634186203367
0.05739084064970282,-0.16339549526976493
0.05743038529722967,0.289104986976957
0.05746992994475654,0.48573963397165104
0.057509474592283394,-0.026003761620414192
0.05754901923981026,-0.3736481222276459
0.057588563887337116,-0.21206200006620718
0.057628108534863984,-0.4476231066119579
0.05766765318239084,-0.2677011142854172
0.057707197829917706,0.18989675242906215
0.05774674247744456,1.7802363403504529
0.05778628712497143,1.5052969423920908
0.05782583177249828,1.4602894269371525
0.05786537642002515,1.1287248744353056
0.057904921067552004,0.343489676746422
0.05794446571507887,0.42960248638227005
0.057984010362605726,0.7170152127205947
0.058023555010132594,1.212061798206563
0.05806309965765945,0.8645040428876739
0.058102644305186316,0.5892787677434744
0.05814218895271317,0.1107195912055771
0.05818173360024004,0.5849385638607135
0.05822127824776689,1.3363944192248842
0.05826082289529376,0.7901240020695804
0.058300367542820614,0.5596004365383878
0.05833991219034748,1.026632430524235
0.058379456837874336,1.0178319437469896
0.058419001485401204,0.822166627662905
0.05845854613292806,0.3723603129897347
0.058498090780454925,0.8856154100608298
0.05853763542798178,0.44596289912849063
0.05857718007550865,-0.273901011294257
0.0586167247230355,-0.007803111192638852
0.05865626937056237,1.135687575373941
0.058695814018089223,1.875509279518577
0.05873535866561609,1.133037487271804
0.058774903313142945,1.1090640319050675
0.05881444796066981,-0.05588494777240171
0.05885399260819667,-0.03593421271098176
0.058893537255723535,-0.06284452857017477
0.05893308190325039,-0.009278507667789072
0.05897262655077726,0.6835347309748117
0.05901217119830411,0.8489502427825817
0.05905171584583098,0.48688686071203235
0.05909126049335783,0.5544737499852082
0.0591308051408847,0.7187011550085951
0.059170349788411555,1.140794245115341
0.05920989443593842,1.0750083183335053
0.05924943908346528,0.9081681657682183
0.059288983730992145,0.7869089400071102
0.059328528378519,0.8235813172424421
0.05936807302604587,1.352936449175339
0.05940761767357272,1.198681223967604
0.05944716232109959,1.24536434965029
0.05948670696862644,1.755543836748439
0.05952625161615331,2.0985215816767475
0.059565796263680165,1.932462624129415
0.05960534091120703,1.3987673836779264
0.05964488555873389,0.364444019996728
0.059684430206260755,-0.8776514698359796
0.05972397485378761,-1.1697351078477165
0.05976351950131448,-0.8726222626059924
0.05980306414884133,-0.920852618703797
0.0598426087963682,-0.8237171567007842
0.05988215344389505,-0.8690163579786042
0.05992169809142192,-0.7488941190796836
0.059961242738948775,-0.21343236098828577
0.06000078738647564,1.205749227209254
0.0600403320340025,1.740349177470696
0.060079876681529365,1.43584285467487
0.06011942132905622,0.3284544139960836
0.06015896597658309,-1.8979772573792135
0.06019851062410994,-2.193673600327219
0.06023805527163681,-1.4727600305467878
0.06027759991916366,-1.0430321210453968
0.06031714456669053,-0.8883996137399391
0.060356689214217385,-0.9281795332842703
0.06039623386174425,-1.0873186639857102
0.06043577850927111,-1.2240732796963854
0.060475323156797975,-0.07360997236150746
0.06051486780432483,-0.26381455442421753
0.0605544124518517,-0.06469704663308201
0.06059395709937855,0.18784036530754264
0.06063350174690542,0.713455361318171
0.06067304639443227,1.1012608171497442
0.06071259104195914,1.0267958127556047
0.060752135689485995,0.27748461228531573
0.06079168033701286,0.43565186459369803
0.06083122498453972,0.5739671133523205
0.060870769632066585,0.49774471988149466
0.06091031427959344,-0.04108243478684986
0.06094985892712031,-0.07800148187314947
0.06098940357464716,-0.17642152152215979
0.06102894822217403,-0.22671803269142088
0.06106849286970088,0.1131786439356274
0.06110803751722775,0.20532307327360877
0.061147582164754605,0.4554889438939394
0.06118712681228147,0.7921961671508604
0.06122667145980833,0.9335998142737147
0.061266216107335195,0.9999259274581421
0.06130576075486205,0.9097798051518251
0.06134530540238892,0.1523554932330175
0.06138485004991577,0.3127176323839209
0.06142439469744264,-0.039694955543428265
0.06146393934496949,-0.14276778398937487
0.06150348399249636,1.1205554173352232
0.061543028640023215,1.7847769953520405
0.06158257328755008,1.526782794082718
0.06162211793507694,1.4104345388724233
0.061661662582603805,0.7720129259921216
0.06170120723013066,-0.020147011447087082
0.061740751877657526,-0.31191711478260364
0.06178029652518438,0.12745239872007996
0.06181984117271125,-0.32568566231578194
0.0618593858202381,-0.773392854493555
0.06189893046776497,-0.7883974130212489
0.061938475115291824,-1.1619744848055376
0.06197801976281869,-0.5278026281312403
0.062017564410345546,-0.5515317925894142
0.062057109057872414,-0.9985189220172441
0.06209665370539927,-1.1053909070468169
0.062136198352926136,-0.46520516809481116
0.06217574300045299,-0.2309745386444244
0.06221528764797986,0.26412526834643724
0.06225483229550671,0.8595318277952154
0.06229437694303358,0.7438546949762289
0.062333921590560434,0.532947431627884
0.0623734662380873,-0.08189425371537705
0.062413010885614156,-0.6859346303738647
0.062452555533141024,-0.5972470026101435
0.06249210018066788,0.5098832126681121
0.06253164482819475,0.8394558099382428
0.0625711894757216,1.4742649061402722
0.06261073412324847,1.1381053821157243
0.06265027877077532,-0.21815877161507718
0.06268982341830219,-0.9031410252900492
0.06272936806582904,-0.993414197273304
0.06276891271335591,-0.7317066689399248
0.06280845736088277,-0.2310198609902743
0.06284800200840963,-0.23095009451456033
0.06288754665593649,-0.16126303368600434
0.06292709130346336,0.7687955615709632
0.06296663595099021,1.1903547796204963
0.06300618059851708,2.031006936590739
0.06304572524604393,2.258341748020614
0.0630852698935708,2.1657108151422833
0.06312481454109765,2.48040062251998
0.06316435918862452,2.035876332033236
0.06320390383615138,1.2062417543841977
0.06324344848367824,0.9055235189271231
0.0632829931312051,0.13519793848490258
0.06332253777873197,-0.41370198383049595
0.06336208242625882,-0.6312916904939305
0.06340162707378569,-0.9818057576596269
0.06344117172131254,-1.2646530259464355
0.06348071636883941,-1.3534996710268294
0.06352026101636626,-1.0667256519609456
0.06355980566389313,-0.944749191447572
0.06359935031141999,-0.09067148498562576
0.06363889495894685,0.924695729726043
0.06367843960647371,1.1523348131015176
0.06371798425400058,1.0489837720949708
0.06375752890152743,0.09616781344423395
0.0637970735490543,0.012699227384839112
0.06383661819658115,-0.7873593386096915
0.06387616284410802,-0.9930753668253796
0.06391570749163487,-0.8748485237928435
0.06395525213916174,-0.8500308094678056
0.0639947967866886,-0.18026848003524368
0.06403434143421546,0.25431831157966867
0.06407388608174232,-0.001502632255602404
0.06411343072926919,0.3572997484538053
0.06415297537679604,0.8305503162911145
0.06419252002432291,1.0289631142398097
0.06423206467184976,1.0213326917431014
0.06427160931937663,0.749437675270343
0.06431115396690348,-0.08800446318144686
0.06435069861443035,-1.100206336378878
0.0643902432619572,-1.0632953027096537
0.06442978790948407,-1.143137084378795
0.06446933255701093,-1.2606523243637828
0.0645088772045378,-1.0897168619925026
0.06454842185206465,-1.372221379447853
0.06458796649959152,-1.3947920591443672
0.06462751114711837,-1.8917250361074114
0.06466705579464524,-1.6260635336064988
0.0647066004421721,-1.3751529261770215
0.06474614508969896,-0.7504793028450184
0.06478568973722582,0.2607868991370374
0.06482523438475268,1.1319859376609
0.06486477903227954,1.4172577351793503
0.0649043236798064,0.4946045568771939
0.06494386832733326,0.0925452115422811
0.06498341297486013,-0.2510719433736841
0.06502295762238698,-0.42378617214462155
0.06506250226991385,0.09344460147321218
0.0651020469174407,-0.017911763438205525
0.06514159156496757,0.13764759662067905
0.06518113621249443,0.3420971052691613
0.0652206808600213,0.3732925509988645
0.06526022550754815,1.3166834951698596
0.06529977015507502,1.287350917609036
0.06533931480260187,0.8128774628670796
0.06537885945012874,0.7470553758733248
0.06541840409765559,0.5489948756472842
0.06545794874518246,0.4614869290064894
0.06549749339270931,0.4994335314372065
0.06553703804023618,-0.3231446150431899
0.06557658268776304,-0.560498595087602
0.0656161273352899,-0.09935165097476646
0.06565567198281676,0.07349907198367979
0.06569521663034363,-0.38655917722043065
0.06573476127787048,-0.7199451973118098
0.06577430592539735,0.6252912225005276
0.0658138505729242,0.8798099167672964
0.06585339522045107,0.7918805089438016
0.06589293986797792,1.0435946293956075
0.06593248451550479,0.8351284457212963
0.06597202916303165,0.42962201098610914
0.06601157381055851,0.3973858372567478
0.06605111845808537,0.16806453137766195
0.06609066310561224,0.2326534439794617
0.06613020775313909,0.3360415900255513
0.06616975240066596,0.39290814803078533
0.06620929704819281,0.946302056725254
0.06624884169571968,1.1519060773231091
0.06628838634324653,1.046298598068062
0.0663279309907734,0.2725487825988115
0.06636747563830026,0.19313231494391447
0.06640702028582712,0.8311578424948332
0.06644656493335398,0.5925300224949431
0.06648610958088084,0.37307842091427135
0.0665256542284077,-0.20810074296127318
0.06656519887593457,-0.8788960555881233
0.06660474352346142,-1.1612954159204576
0.06664428817098829,-0.8846802916058585
0.06668383281851514,0.05924301478074995
0.06672337746604201,0.0997223763577707
0.06676292211356886,0.5672684714717031
0.06680246676109573,1.1079085464351068
0.06684201140862259,1.3672314840325588
0.06688155605614945,1.0847099827790945
0.06692110070367631,0.7914700378608448
0.06696064535120318,0.29964222455639083
0.06700018999873003,0.04906641372188275
0.0670397346462569,-0.8890498438795871
0.06707927929378375,-0.9523891047859088
0.06711882394131062,-1.3019310341202663
0.06715836858883747,-1.6449514200489324
0.06719791323636434,-1.9147436207541273
0.0672374578838912,-1.8609086211360453
0.06727700253141806,-1.406713577220971
0.06731654717894492,-1.4437087879543038
0.06735609182647179,-1.4424168833478186
0.06739563647399864,-1.0837067250786752
0.06743518112152551,-0.7920480735836928
0.06747472576905236,-0.46631153673018505
0.06751427041657923,-0.8379412976260098
0.06755381506410608,-0.5720642865741306
0.06759335971163295,0.3288349088225227
0.0676329043591598,0.5518814836866084
0.06767244900668667,0.7027452987898248
0.06771199365421353,0.4780040753139468
0.0677515383017404,0.055669071027916406
0.06779108294926725,-0.03717356377161776
0.06783062759679412,-0.20148308412418148
0.06787017224432097,-0.12487642346712474
0.06790971689184784,0.06133130755038538
0.0679492615393747,-0.24954424636145914
0.06798880618690156,-0.2459685022463133
0.06802835083442842,-0.20406354879281088
0.06806789548195528,-0.41044810723571423
0.06810744012948214,-0.3911848139309198
0.068146984777009,-0.10425653201296661
0.06818652942453586,-0.21217946590421513
0.06822607407206273,-0.5075933129189154
0.06826561871958958,-0.9259308034694704
0.06830516336711645,-0.8516574730048454
0.0683447080146433,-0.033376067838867374
0.06838425266217017,0.4440508101985886
0.06842379730969703,0.25576484348620626
0.0684633419572239,-0.3478829231611775
0.06850288660475075,-1.0011630007776677
0.06854243125227762,-1.5098575730970298
0.06858197589980447,-1.3603399552443325
0.06862152054733134,-0.9124082083541704
0.06866106519485819,-0.7302993373832571
0.06870060984238506,-0.276360684142424
0.06874015448991191,-0.5206812440604693
0.06877969913743878,-0.6614509622575272
0.06881924378496564,-0.720663775584883
0.0688587884324925,-0.7459666122961166
0.06889833308001936,-1.2718800364119351
0.06893787772754623,-1.3430143096712868
0.06897742237507308,-0.783356281333793
0.06901696702259995,0.08736708397560805
0.0690565116701268,0.3920065246609757
0.06909605631765367,0.5064972576138389
0.06913560096518052,0.6673117647380493
0.06917514561270739,1.0785670895478814
0.06921469026023425,1.3794083397347594
0.06925423490776111,1.5902610196762685
0.06929377955528797,1.1474321924835917
0.06933332420281484,0.5925797345676286
0.06937286885034169,0.2742390435602515
0.06941241349786856,0.1968706868313237
0.06945195814539541,0.4818154271795013
0.06949150279292228,0.517030552314703
0.06953104744044913,0.48373973116318203
0.069570592087976,0.06063234686755667
0.06961013673550286,-0.048594727910113406
0.06964968138302972,-0.12988308756753655
0.06968922603055658,-0.263321833277376
0.06972877067808345,0.36456682290352493
0.0697683153256103,0.93851485714499
0.06980785997313717,1.1606172109116462
0.06984740462066402,1.166936707238733
0.06988694926819089,0.5644187534569663
0.06992649391571774,-0.23661424648445684
0.06996603856324461,-0.5944048536901747
0.07000558321077147,-0.8525772969912554
0.07004512785829833,-1.1271932435215595
0.07008467250582519,-0.6822478010294709
0.07012421715335206,0.017282252134036058
0.07016376180087891,0.3360367721493631
0.07020330644840578,0.0025127649304400035
0.07024285109593263,0.2685068061132492
0.0702823957434595,0.8430945380835516
0.07032194039098635,1.0955260745980888
0.07036148503851322,0.9421226712893822
0.07040102968604008,0.5757175618487734
0.07044057433356694,0.5518997511808769
0.0704801189810938,0.374952576409964
0.07051966362862067,0.49534843113097804
0.07055920827614752,0.7278990766639285
0.07059875292367439,1.0190468979217269
0.07063829757120124,0.9957219449709714
0.07067784221872811,1.1044866841723135
0.07071738686625496,1.0173714749475145
0.07075693151378183,0.5836755715843506
0.07079647616130869,-0.034913788195271855
0.07083602080883555,-0.3101252928540616
0.07087556545636241,-0.04972276045446822
0.07091511010388928,0.6514027193916092
0.07095465475141613,0.8223342223646747
0.070994199398943,0.6086197885035095
0.07103374404646985,0.3003744838295296
0.07107328869399672,0.6415086156187797
0.07111283334152357,0.6321013164461674
0.07115237798905044,0.35394232417348087
0.0711919226365773,-0.05213831448439751
0.07123146728410416,-0.7790151780993393
0.07127101193163102,-1.1792011107916567
0.07131055657915789,-1.5240123099274907
0.07135010122668474,-1.070095359086218
0.07138964587421161,-0.8469358179344529
0.07142919052173846,-0.871954809699152
0.07146873516926533,-1.2745052764629643
0.07150827981679218,-1.1986200374887033
0.07154782446431905,-1.268746800706209
0.0715873691118459,-1.1789548194441408
0.07162691375937277,-1.2026802123220475
0.07166645840689963,-0.8647165485770558
0.0717060030544265,-0.8854525499445336
0.07174554770195335,-0.7651259837172595
0.07178509234948022,-0.5537097504867382
0.07182463699700707,-0.4839318698357775
0.07186418164453394,-0.4317875655029715
0.0719037262920608,-0.27367386221681955
0.07194327093958766,-0.1454530661513568
0.07198281558711452,0.3393066907293711
0.07202236023464138,0.3024731715520086
0.07206190488216824,0.3235894561015955
0.0721014495296951,-0.1003551713152038
0.07214099417722196,-0.18446340963547536
0.07218053882474883,-0.3554284504784091
0.07222008347227568,-0.1549191118192369
0.07225962811980255,-0.4612995859407126
0.0722991727673294,-0.3939950561725917
0.07233871741485627,-0.5473065870307171
0.07237826206238313,-0.575615574126226
0.07241780670991,-0.6952732513808013
0.07245735135743685,-0.8181294143990747
0.07249689600496372,-0.6876929232487033
0.07253644065249057,-0.4760493015396905
0.07257598530001744,-0.6141056745267308
0.07261552994754429,-1.3044993508895497
0.07265507459507116,-1.0744218292446084
0.07269461924259801,-1.0361435612512744
0.07273416389012488,-0.8277946291261029
0.07277370853765174,-0.7111699240525258
0.0728132531851786,-0.6035221310860344
0.07285279783270546,-0.37011470841070415
0.07289234248023232,-0.22986361455649928
0.07293188712775918,-0.07032646807309809
0.07297143177528605,-0.17513785760390727
0.0730109764228129,0.02108081425589431
0.07305052107033977,0.30834820978283245
0.07309006571786662,0.3160823248281116
0.07312961036539349,0.250916330131837
0.07316915501292034,-0.07241063284453142
0.07320869966044721,-0.053506063387911196
0.07324824430797407,-0.4240007855616715
0.07328778895550093,-0.85913714714348
0.07332733360302779,-1.1059791537305204
0.07336687825055466,-1.4822429413521305
0.07340642289808151,-1.8553230996467238
0.07344596754560838,-1.644890232344065
0.07348551219313523,-1.1759386170804298
0.0735250568406621,-0.6042376653487438
0.07356460148818895,-0.4275145096433798
0.07360414613571582,-0.8404830207133677
0.07364369078324268,-1.2760272812056155
0.07368323543076954,-1.4731612106881817
0.0737227800782964,-0.9710221101437797
0.07376232472582327,-0.5195496471854725
0.07380186937335012,-0.18753398873258323
0.07384141402087699,-0.3840246154322965
0.07388095866840384,-0.48463959423424474
0.07392050331593071,-0.1544435824305935
0.07396004796345756,-0.007088481186411644
0.07399959261098443,-0.12528860770803302
0.07403913725851129,-0.6272462371252101
0.07407868190603815,-1.1511979570866446
0.07411822655356501,-1.287005169065131
0.07415777120109188,-0.10952625645873684
0.07419731584861873,0.286470654527869
0.0742368604961456,0.37813202206742474
0.07427640514367245,0.3304934433705069
0.07431594979119932,0.2363012026587673
0.07435549443872617,0.42153825369485265
0.07439503908625304,0.9019869104486474
0.0744345837337799,1.085941540757843
0.07447412838130676,1.1492318718924015
0.07451367302883362,0.9966710565706307
0.07455321767636049,1.1657627134832536
0.07459276232388734,1.0311080702759319
0.07463230697141421,0.9512071384412423
0.07467185161894106,1.0699594466487188
0.07471139626646793,1.1770463979830685
0.07475094091399478,0.8010590464903369
0.07479048556152165,1.276959959847822
0.0748300302090485,1.494371438579788
0.07486957485657537,1.311923783584428
0.07490911950410223,1.4767380859398789
0.0749486641516291,1.875629233644403
0.07498820879915595,1.7531947950537272
0.07502775344668282,1.868309222933926
0.07506729809420967,2.0097788243801973
0.07510684274173654,2.3651572882249465
0.0751463873892634,2.3782657227888375
0.07518593203679026,2.181330969976898
0.07522547668431712,1.7765427732286039
0.07526502133184398,1.8225098114832563
0.07530456597937084,1.8730129227224612
0.0753441106268977,1.4292264638594456
0.07538365527442456,0.6860833301225533
0.07542319992195143,0.10641830956323609
0.07546274456947828,-0.26969563675721286
0.07550228921700515,-0.26623321069610506
0.075541833864532,-0.35813701372275597
0.07558137851205887,0.03102883860922845
0.07562092315958573,0.8458797585979954
0.0756604678071126,0.9891315574006386
0.07570001245463945,0.8185923845602775
0.07573955710216632,0.5178563241763515
0.07577910174969317,0.49137595990572713
0.07581864639722004,0.41536141130296755
0.07585819104474689,0.03302042151795831
0.07589773569227376,-0.047217547540903404
0.07593728033980061,-0.5462093992684816
0.07597682498732748,-0.4789192863909131
0.07601636963485434,-0.593343866107686
0.0760559142823812,-1.0127182306672735
0.07609545892990806,-1.4999793719983492
0.07613500357743493,-1.853794264813043
0.07617454822496178,-1.4969234653709755
0.07621409287248865,-1.0378685126389104
0.0762536375200155,-0.7169987745955108
0.07629318216754237,-0.6912038269373983
0.07633272681506922,-0.7297531867926257
0.07637227146259609,-0.7504248414222406
0.07641181611012295,-0.7764486054087798
0.07645136075764981,-0.8049404507836986
0.07649090540517667,-0.1290658020134844
0.07653045005270354,0.4013492757333569
0.07656999470023039,0.6395849943531043
0.07660953934775726,0.8972737882098899
0.07664908399528411,1.0204052874500247
0.07668862864281098,1.0645747009250917
0.07672817329033783,0.9071577622920792
0.0767677179378647,0.7854495687255295
0.07680726258539156,0.5283043119087534
0.07684680723291842,0.09027388523238328
0.07688635188044528,-0.007731861765847808
0.07692589652797215,0.1788523019582934
0.076965441175499,0.07615471317953842
0.07700498582302587,0.060945675166860114
0.07704453047055272,0.14657651795216942
0.07708407511807959,0.2465475688414914
0.07712361976560644,0.305136072743242
0.07716316441313331,0.6083320479532921
0.07720270906066017,0.3657137118591891
0.07724225370818703,-0.18703370948712109
0.07728179835571389,-0.6163177551497295
0.07732134300324076,-0.9233678321561666
0.07736088765076761,-1.3035913615281518
0.07740043229829448,-1.334200496788102
0.07743997694582133,-1.1116307813495045
0.0774795215933482,-0.5398495697737478
0.07751906624087505,-0.46176914738668073
0.07755861088840192,-0.32777451031683086
0.07759815553592878,-0.45715874336345474
0.07763770018345564,-0.2687342482486528
0.0776772448309825,-0.4784627698637287
0.07771678947850937,-0.5824980077665105
0.07775633412603622,-0.7316905607293921
0.07779587877356309,-0.8425795253920162
0.07783542342108994,-0.9919972875144022
0.07787496806861681,-0.8941739278981122
0.07791451271614366,-0.8290624447371004
0.07795405736367053,-0.6501269134931422
0.07799360201119739,-0.6478538677508666
0.07803314665872425,-0.6315175072573029
0.07807269130625111,-0.9639420445164008
0.07811223595377798,-1.3720432757007939
0.07815178060130483,-1.487223771609425
0.0781913252488317,-1.1606386185046615
0.07823086989635855,0.17226783343214794
0.07827041454388542,0.6610647871496791
0.07830995919141227,0.7682870889063798
0.07834950383893914,1.2059663291694973
0.078389048486466,1.2808495610957589
0.07842859313399286,1.322124794674985
0.07846813778151972,1.5240164710782067
0.07850768242904659,0.9230632595745553
0.07854722707657344,0.6529416829856375
0.07858677172410031,0.5146499645451956
0.07862631637162716,0.280475899162896
0.07866586101915403,-0.0027844148341063524
0.07870540566668088,-0.25343413632130685
0.07874495031420775,-0.17396016702135497
0.0787844949617346,-0.4255751430522332
0.07882403960926147,-0.3734447001997845
0.07886358425678833,-0.40779539471731585
0.0789031289043152,-0.20833274196122772
0.07894267355184205,-0.0636339066193018
0.07898221819936892,-0.045770444269008365
0.07902176284689577,-0.11439647262247074
0.07906130749442264,-0.5266044492563251
0.0791008521419495,-0.2676472083699848
0.07914039678947636,0.21063536574795244
0.07917994143700322,0.6097949189680549
0.07921948608453008,1.024477333261724
0.07925903073205694,0.8866665044037039
0.0792985753795838,0.5362282658836701
0.07933812002711066,0.09018732405786092
0.07937766467463753,-0.31873403529803346
0.07941720932216438,-0.48215195566467967
0.07945675396969125,-0.5872862289246147
0.0794962986172181,-0.5123386762910862
0.07953584326474497,-0.28247599754393915
0.07957538791227182,-0.2078866786425738
0.07961493255979869,-0.7985456332120535
0.07965447720732555,-1.1255954023535262
0.07969402185485241,-1.0568671537025296
0.07973356650237927,-0.9252229871150677
0.07977311114990614,0.015371615062266142
0.07981265579743299,0.11484403999502796
0.07985220044495986,0.3978472097707828
0.07989174509248671,0.4933387699419164
0.07993128974001358,0.3897362970302285
0.07997083438754043,0.5808443466438675
0.0800103790350673,0.34943294260710445
0.08004992368259416,0.3797061796440484
0.08008946833012102,0.4486828746741029
0.08012901297764788,0.49800286151048456
0.08016855762517475,0.37872925521564227
0.0802081022727016,0.023756115699284902
0.08024764692022847,-0.5897349814013798
0.08028719156775532,-0.9416769705473249
0.08032673621528219,-1.0726171260497057
0.08036628086280904,-1.1711329729388584
0.08040582551033591,-1.7314321941502135
0.08044537015786277,-1.4577620590385316
0.08048491480538963,-1.3446355051443981
0.08052445945291649,-0.9146075777104772
0.08056400410044336,-0.6374619426074393
0.08060354874797021,-0.6389251751564283
0.08064309339549708,-0.8179516451194405
0.08068263804302393,-0.35197097684802653
0.0807221826905508,0.1462808904187771
0.08076172733807765,0.5152916732571466
0.08080127198560452,0.554804280515491
0.08084081663313138,0.42264429685539
0.08088036128065824,0.31855677226434564
0.0809199059281851,0.2186807619570289
0.08095945057571197,-0.1415545147917807
0.08099899522323882,-0.041739399005281896
0.08103853987076569,0.0656367409310834
0.08107808451829254,0.38170887887523863
0.08111762916581941,0.26528570001374435
0.08115717381334626,0.13799129228097146
0.08119671846087313,0.13877704033372187
0.08123626310839999,0.20152638054098435
0.08127580775592685,0.2470156346109751
0.08131535240345371,0.4412403378494164
0.08135489705098058,0.8612618481141846
0.08139444169850743,1.2651663738365904
0.0814339863460343,1.553121816992369
0.08147353099356115,1.6069553307890454
0.08151307564108802,1.1935795460104048
0.08155262028861487,1.0985025229349876
0.08159216493614174,1.3756100485894895
0.0816317095836686,1.4186966846220148
0.08167125423119546,1.4347200693754847
0.08171079887872232,1.5211732365748163
0.08175034352624919,1.4294037361068472
0.08178988817377604,1.3358480985138343
0.08182943282130291,1.2149720574975642
0.08186897746882976,0.7577932691547465
0.08190852211635663,0.6026266731106211
0.08194806676388348,0.5184121798778796
0.08198761141141035,0.42902235168065794
0.0820271560589372,0.0482960327424945
0.08206670070646407,-0.13940505194145864
0.08210624535399093,-0.2532133082240293
0.0821457900015178,0.2788885381837939
0.08218533464904465,0.8561020220633144
0.08222487929657152,1.128438240160945
0.08226442394409837,0.8595678405855167
0.08230396859162524,0.5867805988430432
0.0823435132391521,-0.08033697941534912
0.08238305788667896,-0.31628317705085707
0.08242260253420582,-0.48026899785495025
0.08246214718173268,-0.5494958529073679
0.08250169182925954,-0.3949545546466338
0.0825412364767864,-0.3521452113032905
0.08258078112431326,0.022727648651467425
0.08262032577184013,0.17814504740214904
0.08265987041936698,0.1204873887511817
0.08269941506689385,-0.13045985753348555
0.0827389597144207,-0.15795327597218073
0.08277850436194757,0.25292999045249337
0.08281804900947443,0.25800302078814075
0.0828575936570013,0.004372749757460437
0.08289713830452815,-0.14169986566382425
0.08293668295205502,-0.320953777268444
0.08297622759958187,-0.27249117789929134
0.08301577224710874,-0.03336301286987009
0.08305531689463559,0.16956065656035854
0.08309486154216246,-0.012295251295435822
0.08313440618968931,-0.14181440737273715
0.08317395083721618,-0.6063420351919983
0.08321349548474304,-0.7017853676967412
0.0832530401322699,-0.7362107688260293
0.08329258477979676,-0.5757858819560571
0.08333212942732363,-0.07221271665508452
0.08337167407485048,0.14818854003987592
0.08341121872237735,0.6000251784683884
0.0834507633699042,0.7258908647954618
0.08349030801743107,0.7886043841939017
0.08352985266495792,0.5078956404017828
0.08356939731248479,0.48465855096955224
0.08360894196001165,0.14007379940433345
0.08364848660753851,0.41949213591897094
0.08368803125506537,0.4796948078602362
0.08372757590259224,0.9839586817765456
0.08376712055011909,0.7553001772105533
0.08380666519764596,0.67276179796726
0.08384620984517281,1.0873012666103696
0.08388575449269968,0.8710409521118508
0.08392529914022653,0.5359258185421607
0.0839648437877534,-0.17488172605930313
0.08400438843528026,-0.5558309634885695
0.08404393308280712,-0.5511291030641624
0.08408347773033398,-0.48369188657918794
0.08412302237786085,-0.32853380818305644
0.0841625670253877,-0.3259300150288079
0.08420211167291457,-0.4238634999817398
0.08424165632044142,-0.8243704063510827
0.08428120096796829,-1.2160300709620402
0.08432074561549514,-1.276767358438682
0.08436029026302201,-1.3139397029547057
0.08439983491054887,-1.2441066607427094
0.08443937955807573,-1.019320777535419
0.08447892420560259,-1.655820253768551
0.08451846885312946,-2.172909243537731
0.08455801350065631,-2.271484148162897
0.08459755814818318,-2.625280062447784
0.08463710279571003,-2.3209835557535965
0.0846766474432369,-2.027396376312096
0.08471619209076375,-1.639230166430815
0.08475573673829062,-1.2463142821058453
0.08479528138581748,-0.8857909333448617
0.08483482603334434,-0.49066711568734456
0.0848743706808712,-0.13320823198863763
0.08491391532839807,-0.01936158959300527
0.08495345997592492,0.1963839350166093
0.08499300462345179,0.09085667832431948
0.08503254927097864,0.3121271256262355
0.08507209391850551,0.5294428714056946
0.08511163856603236,0.5590780938953225
0.08515118321355923,0.48291226132861853
0.08519072786108609,0.4200701121834291
0.08523027250861295,0.1701877289710844
0.08526981715613981,-0.04948693508736443
0.08530936180366668,-0.04332229138335106
0.08534890645119353,-0.047078534615730167
0.0853884510987204,0.09097093594464836
0.08542799574624725,0.1636243751084954
0.08546754039377412,0.2398208816065135
0.08550708504130097,0.2891956896282497
0.08554662968882784,0.4042166965899392
0.0855861743363547,0.2709466909419828
0.08562571898388156,0.3175938812626495
0.08566526363140842,0.636821341550057
0.08570480827893528,0.8622483531751125
0.08574435292646214,1.1286606249673587
0.08578389757398901,1.084687807389588
0.08582344222151586,1.0898813683683986
0.08586298686904273,0.9466795611432632
0.08590253151656958,0.639562605795962
0.08594207616409645,0.26135614530701623
0.0859816208116233,0.02012599433182291
0.08602116545915017,0.35302355719569534
0.08606071010667703,0.17591198217122386
0.0861002547542039,-0.20118542387641247
0.08613979940173075,-0.7708984270389214
0.08617934404925762,-1.0988633988353653
0.08621888869678447,-1.4571017957501473
0.08625843334431134,-1.349623379961451
0.08629797799183819,-0.9494228578031342
0.08633752263936506,-0.5871365277842943
0.08637706728689191,-0.01280733293809147
0.08641661193441878,0.41712892856531597
0.08645615658194564,1.0091393408158325
0.0864957012294725,1.257839953907549
0.08653524587699936,1.184414236489881
0.08657479052452623,1.0479773521395015
0.08661433517205308,0.9316934795652715
0.08665387981957995,0.619676006562838
0.0866934244671068,0.3194507576442774
0.08673296911463367,0.5339285615919163
0.08677251376216052,0.11612520206764373
0.08681205840968739,-0.26970292879786373
0.08685160305721425,-0.6370732355831791
0.08689114770474111,-0.15191079209632788
0.08693069235226797,0.09527540094410872
0.08697023699979484,0.346349007626203
0.08700978164732169,0.4401282550445428
0.08704932629484856,0.5159045410198821
0.08708887094237541,0.7602391949241396
0.08712841558990228,1.1965897325563561
0.08716796023742913,1.5665012229264499
0.087207504884956,1.9457159387567526
0.08724704953248286,1.9971461065085494
0.08728659418000972,1.9454469980227829
0.08732613882753658,1.807184418497032
0.08736568347506345,1.4584637220007546
0.0874052281225903,1.066288711937111
0.08744477277011717,0.7814073590229167
0.08748431741764402,0.5753729739246893
0.08752386206517089,0.7180249174050125
0.08756340671269774,0.7067552757682284
0.08760295136022461,0.637680725421274
0.08764249600775147,0.8138555669229663
0.08768204065527833,0.717804642810443
0.08772158530280519,0.6596487710657507
0.08776112995033206,0.24965991669175724
0.08780067459785891,-0.42916646677043313
0.08784021924538578,-0.6969973632280412
0.08787976389291263,-0.37058181060070283
0.0879193085404395,-0.34644201173718847
0.08795885318796635,-0.6301700993318693
0.08799839783549322,-0.6302892494765996
0.08803794248302008,-0.5151067633581826
0.08807748713054694,-0.5345900112565002
0.0881170317780738,-0.42379547685910723
0.08815657642560067,-0.5350640864476609
0.08819612107312752,-0.7730791900902926
0.08823566572065439,-1.0110055974097891
0.08827521036818124,-0.9264165333366853
0.08831475501570811,-0.9174461781481397
0.08835429966323496,-0.9722936631018884
0.08839384431076183,-1.0351922306212962
0.08843338895828869,-0.6576779836759741
0.08847293360581555,-0.13659125513679604
0.08851247825334241,0.1733348302714851
0.08855202290086928,0.11793924400175429
0.08859156754839613,0.11162506329675677
0.088631112195923,0.15568977882958118
0.08867065684344985,0.10723587168972155
0.08871020149097672,0.0019806864878517128
0.08874974613850357,-0.7108968975887745
0.08878929078603044,-0.9908598774927029
0.0888288354335573,-0.8540657210999657
0.08886838008108416,-0.6614558217703427
0.08890792472861102,-0.7084943009348328
0.08894746937613789,-0.7572591806414584
0.08898701402366474,-0.4337042385826817
0.08902655867119161,-0.027546374806258697
0.08906610331871846,0.32690587017904715
0.08910564796624533,0.447681607970805
0.08914519261377218,-0.10009069775086175
0.08918473726129905,-0.24560321790680095
0.0892242819088259,-0.26688862972194505
0.08926382655635277,-0.07178055328685191
0.08930337120387963,-0.12305517727451606
0.0893429158514065,-0.39863638812411706
0.08938246049893335,-0.35198980859470963
0.08942200514646022,-0.40040573438085947
0.08946154979398707,-0.0951001434005163
0.08950109444151394,0.24180995184576176
0.0895406390890408,0.11201640260684134
0.08958018373656766,-0.06823656100490538
0.08961972838409452,-0.2695272947305033
0.08965927303162138,-0.53401984809246
0.08969881767914824,-0.46641983127422576
0.0897383623266751,-0.6546864453173434
0.08977790697420196,-0.8701610775642599
0.08981745162172883,-0.9814191218443752
0.08985699626925568,-1.139686775225161
0.08989654091678255,-1.2734584245320066
0.0899360855643094,-0.9967317964847858
0.08997563021183627,-0.5586180062377881
0.09001517485936313,-0.5403485924397433
0.09005471950689,-0.9049439273445549
0.09009426415441685,-0.7226311585707913
0.09013380880194372,-0.7255225222511947
0.09017335344947057,-0.7637412854410234
0.09021289809699744,-0.7388685878659447
0.09025244274452429,-0.49061559315435427
0.09029198739205116,-0.2861327428623794
0.09033153203957801,-0.37151256447170244
0.09037107668710488,-0.3709599902752075
0.09041062133463174,-0.20822561869312908
0.0904501659821586,0.17229146384948044
0.09048971062968546,0.5858997253734703
0.09052925527721233,0.8327975149311857
0.09056879992473918,0.8051553732666964
0.09060834457226605,0.7797183315068773
0.0906478892197929,0.866936854942002
0.09068743386731977,1.03982899051581
0.09072697851484662,1.2177550790062242
0.09076652316237349,2.210658658644645
0.09080606780990035,2.7825927226413385
0.09084561245742721,2.807703261506608
0.09088515710495407,2.56424179434757
0.09092470175248094,2.0838021076000195
0.09096424640000779,1.566189985152204
0.09100379104753466,1.0197043002730675
0.09104333569506151,0.31710572677571114
0.09108288034258838,0.08292512930145207
0.09112242499011523,0.21965618384247487
0.0911619696376421,0.12346337587597872
0.09120151428516896,-0.031132160746235867
0.09124105893269582,-0.2418733738710578
0.09128060358022268,-0.3069331954738945
0.09132014822774955,-0.3649702625505899
0.0913596928752764,-0.3419370352518868
0.09139923752280327,-0.2728039025284967
0.09143878217033012,-0.21663455674172852
0.09147832681785699,-0.29933885172496044
0.09151787146538384,-0.23161711334088267
0.09155741611291071,-0.19652815448451127
0.09159696076043757,-0.016610005193918437
0.09163650540796443,-0.041746512753767645
0.09167605005549129,-0.13655171322853152
0.09171559470301816,-0.3225776517831258
0.09175513935054501,-0.4117245038377916
0.09179468399807188,-0.635730582477153
0.09183422864559873,-0.7436106119676328
0.0918737732931256,-0.7654401867433681
0.09191331794065245,-0.6003412081856314
0.09195286258817932,0.3283981598469596
0.09199240723570618,0.6848711445584498
0.09203195188323304,0.9327400860789584
0.0920714965307599,1.0678988482099916
0.09211104117828676,1.325425552875362
0.09215058582581362,1.0952494404613276
0.09219013047334049,0.8788360738675944
0.09222967512086734,0.72330933042567
0.09226921976839421,0.6609687878631607
0.09230876441592106,0.5894245020420363
0.09234830906344793,0.6843651360899257
0.09238785371097478,0.5044486998244593
0.09242739835850165,0.9223201685350545
0.0924669430060285,1.258749871456319
0.09250648765355537,1.6739485779759027
0.09254603230108223,1.699475120917093
0.0925855769486091,1.399519960043755
0.09262512159613595,1.1821371177093323
0.09266466624366282,0.1564036944450137
0.09270421089118969,-0.25907380432337895
0.09274375553871654,-0.6013872176731494
0.0927833001862434,-0.6740924612566808
0.09282284483377026,-0.6453149411963113
0.09286238948129713,-0.7216766166186565
0.09290193412882398,-0.948969712814453
0.09294147877635084,-1.1016183376621773
0.0929810234238777,-0.9538170853797863
0.09302056807140457,-0.7233873268555526
0.09306011271893143,-0.43835905150191634
0.09309965736645828,-0.42163836240890673
0.09313920201398515,-0.30203713801981086
0.09317874666151202,-0.10062763748304063
0.09321829130903887,-0.1053471963547305
0.09325783595656573,-0.14230288075942443
0.0932973806040926,0.1580420504722762
0.09333692525161946,0.24492606889275334
0.09337646989914632,0.3696996305190532
0.09341601454667317,0.33964616307566375
0.09345555919420004,0.08743909880194024
0.0934951038417269,-0.1496950690338925
0.09353464848925376,-0.32309185696626663
0.09357419313678061,-0.7197403059333247
0.09361373778430748,-0.7481874313313109
0.09365328243183435,-0.7011860486652234
0.0936928270793612,-0.7628807807235932
0.09373237172688806,-0.5969397361586282
0.09377191637441493,-0.23278985614025308
0.0938114610219418,0.02601845812433941
0.09385100566946865,0.2901996519561003
0.0938905503169955,-0.10092603606305009
0.09393009496452237,-0.7026838380651573
0.09396963961204924,-1.1017475994348627
0.09400918425957609,-1.5400809435473137
0.09404872890710295,-1.724946390803436
0.09408827355462981,-1.8146938066362037
0.09412781820215668,-2.2158439870682187
0.09416736284968354,-2.3925519197737253
0.09420690749721039,-2.3028456772576646
0.09424645214473726,-2.290573037312584
0.09428599679226413,-2.1258427703646854
0.09432554143979098,-1.914624923040879
0.09436508608731783,-1.637855317182455
0.0944046307348447,-1.6150800523503996
0.09444417538237157,-1.2541203751740315
0.09448372002989842,-1.211535242024394
0.09452326467742528,-0.9249381323078976
0.09456280932495215,-0.5130776162165444
0.09460235397247901,-0.33951549742445347
0.09464189862000587,-0.43023175156134885
0.09468144326753272,-0.5344509003925513
0.09472098791505959,-0.4696822815872506
0.09476053256258646,-0.5323614051344577
0.09480007721011331,-0.798308698055722
0.09483962185764017,-1.1806649878793265
0.09487916650516703,-1.1158406373126863
0.0949187111526939,-0.7851606335641957
0.09495825580022076,-0.17969821480845105
0.09499780044774761,0.4292125263226827
0.09503734509527448,0.4133851440727931
0.09507688974280135,0.3343196546065196
0.0951164343903282,0.10298452402205041
0.09515597903785505,-0.31593255295891837
0.09519552368538192,-0.12616389156412194
0.09523506833290879,-0.20613793563152974
0.09527461298043564,-0.03574957811203379
0.0953141576279625,0.22317350893968352
0.09535370227548937,0.4227075763525971
0.09539324692301623,0.26306593226922537
0.09543279157054309,-0.09442822582564009
0.09547233621806994,-0.33922198183825003
0.09551188086559681,-0.6585628415387883
0.09555142551312368,-0.8766870319137898
0.09559097016065053,-1.040029461870527
0.09563051480817739,-1.1400636861697409
0.09567005945570425,-1.0989914074833482
0.09570960410323112,-1.1565068408299084
0.09574914875075798,-1.257352139684924
0.09578869339828483,-1.1031671301095791
0.0958282380458117,-1.1081854194822063
0.09586778269333857,-1.0083408926287287
0.09590732734086542,-0.9004796569578714
0.09594687198839227,-0.45974645043914814
0.09598641663591914,-0.2727621150785362
0.09602596128344601,-0.3608268599316983
0.09606550593097286,-0.41849093349301486
0.09610505057849972,-0.24734081235169378
0.09614459522602659,-0.0023371482312252168
0.09618413987355345,0.029826873336361553
0.09622368452108031,0.2745149942033386
0.09626322916860716,0.5949476369039851
0.09630277381613403,0.6403021767120667
0.0963423184636609,0.42969744735886545
0.09638186311118775,0.611372528850656
0.0964214077587146,0.7275047629085485
0.09646095240624147,0.6375121091982128
0.09650049705376834,0.505057218739926
0.0965400417012952,0.5229386324992741
0.09657958634882205,0.4843890228396641
0.09661913099634892,0.39551654896174526
0.09665867564387579,0.3891381349250934
0.09669822029140264,0.2516910545344454
0.0967377649389295,0.13840970399871658
0.09677730958645636,0.2830066164662704
0.09681685423398323,0.08281996248232555
0.09685639888151008,-0.1750655230376538
0.09689594352903694,-0.4246723003814873
0.0969354881765638,-0.7016646131753744
0.09697503282409067,-0.7090947821709283
0.09701457747161753,-0.5925874785531957
0.09705412211914438,-0.36687879652298394
0.09709366676667125,-0.06629212116326112
0.09713321141419812,0.005409793522182252
0.09717275606172497,0.12913947244164942
0.09721230070925183,0.1288126741404178
0.0972518453567787,-0.05675592039401281
0.09729139000430556,-0.06138054464579759
0.09733093465183242,-0.1832219507757171
0.09737047929935927,-0.16495769734767368
0.09741002394688614,0.052498961540964895
0.097449568594413,0.017936240358914488
0.09748911324193986,-0.26931228109465244
0.09752865788946671,-0.15540424765171815
0.09756820253699358,-0.28361921290584646
0.09760774718452045,-0.12372494043613741
0.0976472918320473,-0.0629124148491906
0.09768683647957416,-0.050416537734455355
0.09772638112710103,0.009590772305073283
0.0977659257746279,0.14732444459533764
0.09780547042215475,0.42638725576360464
0.0978450150696816,0.7744245325102252
0.09788455971720847,1.3582279829817936
0.09792410436473534,1.7659228653895713
0.09796364901226219,1.9328874913204837
0.09800319365978905,2.0708573391624827
0.09804273830731591,2.0841461215754373
0.09808228295484278,1.0981197206565896
0.09812182760236964,0.8222078221860526
0.09816137224989649,0.7078121038615303
0.09820091689742336,0.4858412715162806
0.09824046154495022,0.3180808889591352
0.09828000619247708,0.10883979289649032
0.09831955084000393,0.034039586091533236
0.0983590954875308,0.0738807393502098
0.09839864013505767,0.251391374495115
0.09843818478258452,0.09986435820287073
0.09847772943011138,-0.05241518603551089
0.09851727407763824,-0.054973016901751715
0.09855681872516511,0.014996444123372296
0.09859636337269197,-0.16038451859203864
0.09863590802021882,-0.3628865765854105
0.09867545266774569,-0.5881267223694633
0.09871499731527256,-0.8327263500029105
0.09875454196279941,-0.7304924088896861
0.09879408661032626,-0.5893291252187429
0.09883363125785313,-0.47216667792405737
0.09887317590538,-0.44238386922673695
0.09891272055290685,-0.27622978873169185
0.09895226520043371,0.1796835030252642
0.09899180984796058,0.17927054359244723
0.09903135449548744,0.06779823724951342
0.0990708991430143,0.1001104951330201
0.09911044379054115,0.08357849563420543
0.09914998843806802,0.009316873981365506
0.09918953308559489,0.10725506582142398
0.09922907773312174,-0.06514951322061616
0.0992686223806486,-0.4769619065762833
0.09930816702817546,-0.49032447131522355
0.09934771167570233,-0.33562266223993553
0.09938725632322919,-0.4128027056927923
0.09942680097075604,-0.8304584721079816
0.09946634561828291,-1.1491739115390183
0.09950589026580978,-1.3795658544354428
0.09954543491333663,-1.3174010070295734
0.09958497956086348,-1.2733671127533253
0.09962452420839035,-1.7555321980933702
0.09966406885591722,-1.9485674109307034
0.09970361350344407,-1.9658525474515354
0.09974315815097093,-1.8997145096107217
0.0997827027984978,-1.5337942587996913
0.09982224744602466,-1.1693482813432134
0.09986179209355152,-1.0970712169257695
0.09990133674107837,-1.093161130028601
0.09994088138860524,-1.1370105374784234
0.09998042603613211,-1.3662827850981718
0.10001997068365896,-1.5527009563107277
0.10005951533118582,-1.6925246837302996
0.10009905997871268,-1.5857989653593394
0.10013860462623955,-1.0884056735260965
0.1001781492737664,-1.1234427351624046
0.10021769392129326,-1.0995057202852938
0.10025723856882013,-1.1195208286110598
0.100296783216347,-0.949248335546024
0.10033632786387385,-1.0087348524675057
0.1003758725114007,-1.0366463512655228
0.10041541715892757,-1.0872731082687879
0.10045496180645444,-1.1122718241760663
0.1004945064539813,-0.8014445345710111
0.10053405110150815,-0.3694731872097544
0.10057359574903502,-0.045105197511375573
0.10061314039656188,0.2550345574533963
0.10065268504408874,0.4072545976618539
0.10069222969161559,0.7737503646175637
0.10073177433914246,0.9471689870895001
0.10077131898666933,1.06834159100351
0.10081086363419618,0.9624062485884766
0.10085040828172304,0.768900739475717
0.1008899529292499,0.7474458283708084
0.10092949757677677,0.6981185422586526
0.10096904222430363,0.7141947655101973
0.10100858687183048,0.8151630793237716
0.10104813151935735,0.8533338858118859
0.10108767616688422,1.3997324629692565
0.10112722081441107,1.6586338007052184
0.10116676546193792,2.1968083827361102
0.10120631010946479,2.060535442466342
0.10124585475699166,2.0425569877272833
0.10128539940451851,1.9226336682064369
0.10132494405204537,1.5488929916453869
0.10136448869957224,1.3421525455659957
0.1014040333470991,1.1191349335566723
0.10144357799462596,0.7790316803499309
0.10148312264215281,0.67392915114819
0.10152266728967968,0.6489872217202423
0.10156221193720655,0.7510558126620921
0.1016017565847334,1.2635213502691875
0.10164130123226026,1.8280050128116272
0.10168084587978712,2.298690106820641
0.10172039052731399,2.563407393846194
0.10175993517484085,2.542005162131427
0.1017994798223677,2.4495591182195082
0.10183902446989457,2.5025364834826065
0.10187856911742144,2.702083213235749
0.10191811376494829,2.823373373899558
0.10195765841247514,2.6428337490465283
0.10199720306000201,2.471363170001088
0.10203674770752888,2.1753511552435887
0.10207629235505573,2.0296486726847056
0.10211583700258259,1.851609518625803
0.10215538165010946,1.7710995063951755
0.10219492629763632,1.6721296981334888
0.10223447094516318,1.5256682075092158
0.10227401559269003,1.4576484372972192
0.1023135602402169,1.297011886643396
0.10235310488774377,1.2087468539965145
0.10239264953527062,1.1703446278261391
0.10243219418279748,0.7702759543294139
0.10247173883032434,0.5618412266400534
0.10251128347785121,0.35215896623014076
0.10255082812537807,0.2419990297413931
0.10259037277290492,0.3421013398088344
0.10262991742043179,0.6094828625798818
0.10266946206795866,0.9361845995819728
0.10270900671548551,1.0514514825561507
0.10274855136301236,1.0454001864131857
0.10278809601053923,1.2802133205439563
0.1028276406580661,1.2631322062825643
0.10286718530559295,1.131233385974296
0.10290672995311981,0.9130682257114796
0.10294627460064668,0.36362393310817465
0.10298581924817354,-0.15593736207833722
0.1030253638957004,-0.5030349070626013
0.10306490854322725,-0.9180443034271512
0.10310445319075412,-0.8979523875899974
0.10314399783828099,-0.7594484789256863
0.10318354248580784,-0.7672511037751084
0.1032230871333347,-0.8030961662111812
0.10326263178086156,-0.7910716399168909
0.10330217642838843,-0.5606005561593906
0.10334172107591529,-0.41679075677325284
0.10338126572344214,-0.5033151804239897
0.10342081037096901,-0.6179995699005403
0.10346035501849588,-0.6832911368918759
0.10349989966602273,-0.28068317244460766
0.10353944431354958,-0.2945529280819153
0.10357898896107645,-0.08370359404498358
0.10361853360860332,0.08366638648382102
0.10365807825613017,0.375867997800859
0.10369762290365703,0.7467058607156104
0.1037371675511839,0.8995302619618205
0.10377671219871076,0.8090890579300768
0.10381625684623762,0.6999063388637338
0.10385580149376447,0.529607496929062
0.10389534614129134,0.5650599389083378
0.10393489078881821,0.4724333327059249
0.10397443543634506,0.4035913708073489
0.10401398008387192,0.33024936774651836
0.10405352473139878,-0.08298381157664955
0.10409306937892565,-0.35255914301082103
0.1041326140264525,-0.45822657644494513
0.10417215867397936,-0.5090299848383673
0.10421170332150623,-0.40014314466322887
0.1042512479690331,-0.2559120440365652
0.10429079261655995,0.016696379015182554
0.1043303372640868,0.20950992157559567
0.10436988191161367,0.5980252897235794
0.10440942655914054,1.2160608279759126
0.1044489712066674,1.3112392042277756
0.10448851585419425,1.2086321463250589
0.10452806050172112,1.191222176510389
0.10456760514924798,0.9934966787859955
0.10460714979677484,1.5557155095155728
0.10464669444430169,1.5459577288518531
0.10468623909182856,1.4384550563808591
0.10472578373935543,1.4787063554902593
0.10476532838688228,1.6505943400647942
0.10480487303440914,1.744156928785121
0.104844417681936,1.6953846703035043
0.10488396232946287,1.5446191548194146
0.10492350697698972,1.4743128941275594
0.10496305162451658,1.3930954495465906
0.10500259627204345,1.2008617462687643
0.10504214091957031,0.9598299227228876
0.10508168556709717,0.8574028609987534
0.10512123021462402,0.6673039484549432
0.10516077486215089,0.2963162678766395
0.10520031950967776,0.09680014537605088
0.10523986415720461,-0.011275837718865058
0.10527940880473147,0.07835799222257046
0.10531895345225833,-0.22230843851533147
0.1053584980997852,-0.522033664839134
0.10539804274731206,-0.7420534459792084
0.10543758739483891,-1.0925165503520053
0.10547713204236578,-1.1419172898244794
0.10551667668989265,-0.9930414300212966
0.1055562213374195,-0.5779163373038516
0.10559576598494635,-0.40365746019840704
0.10563531063247322,-0.09958131146423502
0.10567485528000009,0.11911125093309279
0.10571439992752694,0.44388860910743344
0.1057539445750538,0.8105640106011489
0.10579348922258067,0.7953116994067446
0.10583303387010753,0.7406387522972072
0.10587257851763439,0.7123443533087174
0.10591212316516124,0.5089300463610341
0.10595166781268811,0.31984955918161334
0.10599121246021498,0.21675412850850234
0.10603075710774183,0.08816310149966677
0.10607030175526869,0.010373457351825432
0.10610984640279555,0.09118468034862875
0.10614939105032242,-0.13017796948402044
0.10618893569784928,-0.2071021781444562
0.10622848034537613,-0.19207153304362456
0.106268024992903,-0.09631704361355316
0.10630756964042987,0.15856812006017368
0.10634711428795672,0.18162820191779905
0.10638665893548357,0.1891151191961851
0.10642620358301044,0.13138003585190322
0.10646574823053731,0.13651398188575675
0.10650529287806416,0.09429312070728937
0.10654483752559102,-0.05393171564371296
0.10658438217311789,-0.1567705666475489
0.10662392682064475,-0.3087431086455317
0.10666347146817161,-0.481861466864067
0.10670301611569846,-0.572517686127978
0.10674256076322533,-0.6003285044829334
0.1067821054107522,-0.47734298102548955
0.10682165005827905,-0.2221909250233971
0.1068611947058059,0.11519550330109679
0.10690073935333277,0.607860889365462
0.10694028400085964,0.7479130985053375
0.1069798286483865,0.9436189710538087
0.10701937329591335,1.055187207890612
0.10705891794344022,0.9755669447737778
0.10709846259096709,0.9445509162546291
0.10713800723849394,0.9097962628157645
0.1071775518860208,1.0725485441848135
0.10721709653354766,1.1583839038415098
0.10725664118107453,1.268528739604253
0.10729618582860138,1.0262014372098764
0.10733573047612824,0.586812203711737
0.1073752751236551,0.20856611128814984
0.10741481977118197,-0.15993519576745024
0.10745436441870883,-0.38635079302630543
0.10749390906623568,-0.5464025675771265
0.10753345371376255,-0.5697211248836961
0.10757299836128942,-0.7087966448252356
0.10761254300881627,-0.6881065535747207
0.10765208765634313,-0.5998332067183723
0.10769163230387,-0.5273049060606558
0.10773117695139686,-0.3857402794134376
0.10777072159892372,-0.16979224588216607
0.10781026624645057,-0.06664400495901518
0.10784981089397744,0.26044247648576624
0.1078893555415043,0.28880211292527047
0.10792890018903116,0.44581004509415956
0.10796844483655801,0.4614727980856469
0.10800798948408488,0.34094364041362824
0.10804753413161175,0.057371301215053946
0.1080870787791386,-1.244042736874248
0.10812662342666546,-1.4048660150381749
0.10816616807419233,-1.415800693300017
0.1082057127217192,-1.4786404263994732
0.10824525736924605,-1.6715996252465204
0.1082848020167729,-1.6966345280589807
0.10832434666429977,-1.4620562389302993
0.10836389131182664,-1.284824764135392
0.10840343595935349,-1.1240551401702468
0.10844298060688035,-0.8536730301781972
0.10848252525440721,-0.18679863249501227
0.10852206990193408,0.1157932160241992
0.10856161454946094,0.5172380464963251
0.10860115919698779,0.7601782495486538
0.10864070384451466,0.7763894195518455
0.10868024849204153,0.5926186101249808
0.10871979313956838,0.5211347517259679
0.10875933778709523,0.4037028542357042
0.1087988824346221,0.40336049352984493
0.10883842708214897,0.3818761405603954
0.10887797172967582,0.44918093647883406
0.10891751637720268,0.4146597426450115
0.10895706102472955,0.25359018346260354
0.10899660567225641,0.23737541311493854
0.10903615031978327,0.18590072714389277
0.10907569496731012,0.06309892424821258
0.10911523961483699,-0.6998587767979445
0.10915478426236386,-0.8762459952853825
0.10919432890989071,-1.2066636966180238
0.10923387355741757,-1.4983015577315872
0.10927341820494443,-1.8509993394500524
0.1093129628524713,-2.2146496093645984
0.10935250749999816,-2.233172301098303
0.10939205214752501,-2.0220275938338106
0.10943159679505188,-1.8750967622987396
0.10947114144257875,-1.7249157629368617
0.1095106860901056,-1.5657114800801062
0.10955023073763245,-1.5423786205300414
0.10958977538515932,-1.470102720408004
0.10962932003268619,-1.535935133469254
0.10966886468021304,-1.5840824407647993
0.1097084093277399,-1.5646755219590291
0.10974795397526677,-1.6118448780354009
0.10978749862279363,-1.7363411421479853
0.10982704327032049,-1.9098356950725388
0.10986658791784734,-1.839510114447482
0.10990613256537421,-1.344418955310723
0.10994567721290108,-1.0500752696147708
0.10998522186042793,-0.8067669449435073
0.11002476650795479,-0.6063350734801627
0.11006431115548165,-0.5650694838569023
0.11010385580300852,-0.7026612736917122
0.11014340045053538,-0.780616182780817
0.11018294509806223,-0.9186444500715512
0.1102224897455891,-1.0334022430386156
0.11026203439311597,-1.193836321425194
0.11030157904064282,-1.3051993869744656
0.11034112368816967,-1.080511514234168
0.11038066833569654,-1.019266116583833
0.11042021298322341,-1.074076961558845
0.11045975763075026,-1.0185913500746229
0.11049930227827712,-0.9928038827606243
0.11053884692580399,-0.48478098013709137
0.11057839157333085,-0.15720527949706992
0.11061793622085771,0.2835404120488898
0.11065748086838456,0.4805613674060117
0.11069702551591143,0.5987898346222353
0.1107365701634383,0.8691208318870729
0.11077611481096515,1.2474598560385957
0.110815659458492,1.1970115116588376
0.11085520410601887,1.0420761825988536
0.11089474875354574,0.8502000684369748
0.1109342934010726,0.7180387940652729
0.11097383804859945,0.5692129174441924
0.11101338269612632,0.4992831689564621
0.11105292734365318,0.4451329112397679
0.11109247199118004,0.19045403867492397
0.1111320166387069,0.0933834586873119
0.11117156128623376,-0.08132018207869837
0.11121110593376063,-0.23746053809672002
0.11125065058128748,-0.3098811113927838
0.11129019522881434,-0.27816914114979896
0.1113297398763412,-0.07584863570770789
0.11136928452386807,-0.002853486593390714
0.11140882917139493,-0.09771585357968005
0.11144837381892178,-0.31092756910872316
0.11148791846644865,-0.2743296060396858
0.11152746311397552,-0.13038401274871325
0.11156700776150237,0.060781003339159645
0.11160655240902922,0.15679426081836795
0.11164609705655609,0.2177021811710507
0.11168564170408296,0.24963768659213806
0.11172518635160981,0.46962560937400344
0.11176473099913667,0.7454357811976762
0.11180427564666354,0.5370653024048265
0.1118438202941904,0.5298918580506706
0.11188336494171726,0.5360974472638894
0.11192290958924411,0.5595923630003068
0.11196245423677098,0.5547765727165558
0.11200199888429785,0.4344834527340145
0.1120415435318247,0.24033725632147396
0.11208108817935156,-0.10487070251505601
0.11212063282687842,-0.3722042485999818
0.11216017747440529,-0.6499762574831038
0.11219972212193215,-0.6278173723770581
0.112239266769459,-0.5642747497478988
0.11227881141698587,-0.4079592542351862
0.11231835606451274,-0.40834063639137846
0.11235790071203959,-0.625547536469275
0.11239744535956644,-0.7490529952207762
0.11243699000709331,-0.7657580589277044
0.11247653465462018,-0.5318394887825875
0.11251607930214703,-0.3042756890412461
0.11255562394967389,-0.0706977883231146
0.11259516859720076,0.26106103738118414
0.11263471324472762,0.7966916201146439
0.11267425789225448,1.1268670851658855
0.11271380253978133,1.2737781947858267
0.1127533471873082,1.3178457623953457
0.11279289183483507,1.25462022079587
0.11283243648236192,0.8900455040154704
0.11287198112988878,0.5125315041566602
0.11291152577741564,0.16806728204714294
0.11295107042494251,0.023658499135433497
0.11299061507246937,-0.28070673908374255
0.11303015971999622,-0.37830341087085334
0.11306970436752309,-0.34982740184234506
0.11310924901504996,-0.3675183844145746
0.11314879366257681,-0.08236210758572526
0.11318833831010366,0.1476823674820544
0.11322788295763053,0.27082098117518616
0.1132674276051574,0.20920468647753843
0.11330697225268425,0.166454754593522
0.11334651690021111,0.14276107705563068
0.11338606154773798,0.04531394680659154
0.11342560619526484,-0.1399668502619576
0.1134651508427917,-0.43305704890332813
0.11350469549031855,-0.8208896410346636
0.11354424013784542,-1.05342234592707
0.11358378478537229,-1.0363035660613655
0.11362332943289914,-1.0124907481125243
0.113662874080426,-1.15307011341633
0.11370241872795286,-1.1139897043155116
0.11374196337547973,-1.1381607189513188
0.11378150802300659,-1.0983297469280309
0.11382105267053344,-1.154978959655096
0.11386059731806031,-1.1314217923439591
0.11390014196558718,-1.0419341322775426
0.11393968661311403,-0.9255692640414772
0.11397923126064088,-0.5829378800907224
0.11401877590816775,-0.6522338935866108
0.11405832055569462,-0.7494100173724778
0.11409786520322147,-0.67791260088964
0.11413740985074833,-0.5427261300309756
0.1141769544982752,-0.47222603661886614
0.11421649914580206,-0.16604471922443775
0.11425604379332892,-0.11205484443744221
0.11429558844085577,-0.26265960824915985
0.11433513308838264,-0.3110690022933173
0.11437467773590951,-0.385667202970913
0.11441422238343636,-0.7686098930227854
0.11445376703096322,-0.9277377395498176
0.11449331167849008,-1.0379324325747668
0.11453285632601695,-1.0216055856528534
0.1145724009735438,-1.0089304137051007
0.11461194562107066,-1.1204259385860544
0.11465149026859753,-1.3497986610536359
0.1146910349161244,-1.8050323746149437
0.11473057956365125,-2.1412902992217475
0.1147701242111781,-2.348044988289406
0.11480966885870497,-2.379354911420143
0.11484921350623184,-2.3480647044102003
0.1148887581537587,-2.239956699295996
0.11492830280128555,-2.122450975446726
0.11496784744881242,-2.082198024324444
0.11500739209633928,-2.073676731387819
0.11504693674386614,-1.9133285405749256
0.11508648139139299,-1.6863879343725283
0.11512602603891986,-1.602064484389579
0.11516557068644673,-1.476025545590562
0.11520511533397358,-1.4677704275611594
0.11524465998150044,-1.3525695896050713
0.1152842046290273,-1.0038656448100423
0.11532374927655417,-0.6830875437139429
0.11536329392408103,-0.6017972411193175
0.11540283857160788,-0.6074781110735407
0.11544238321913475,-0.6070742815733063
0.11548192786666162,-0.5377866555260645
0.11552147251418847,-0.5924491174414783
0.11556101716171532,-0.7467215204953167
0.11560056180924219,-0.8721747023723884
0.11564010645676906,-1.0359582261004558
0.11567965110429591,-1.1146244174552553
0.11571919575182277,-1.1656127724202672
0.11575874039934964,-1.0636634799043596
0.1157982850468765,-0.8915868444234945
0.11583782969440336,-0.5844291484041804
0.11587737434193021,-0.4238741606504127
0.11591691898945708,-0.3516054367319316
0.11595646363698395,-0.2789861686461539
0.1159960082845108,-0.09988477236390736
0.11603555293203766,0.018082612895073055
0.11607509757956452,0.20950676357388573
0.11611464222709139,0.5863251544653834
0.11615418687461825,0.8396265333167572
0.1161937315221451,1.0234414299087526
0.11623327616967197,1.2846329945613097
0.11627282081719884,1.4315806144416712
0.11631236546472569,1.4688457424588848
0.11635191011225254,1.4938009379760755
0.11639145475977941,1.8942436780809206
0.11643099940730628,2.0325913686485846
0.11647054405483313,2.0035493673526092
0.11651008870235999,1.7902633889259691
0.11654963334988686,1.6171621515769556
0.11658917799741372,1.4508905720655982
0.11662872264494058,1.491431781653721
0.11666826729246743,1.5139085502191911
0.1167078119399943,1.4238447645796088
0.11674735658752117,1.1855712064396753
0.11678690123504802,1.067244932410008
0.11682644588257488,0.9583830595570534
0.11686599053010174,0.917883304409321
0.11690553517762861,0.9664859598863915
0.11694507982515547,0.8317821744410635
0.11698462447268232,0.227890856254522
0.11702416912020919,0.24652872462481573
0.11706371376773606,0.3919985546841764
0.11710325841526291,0.43401385863966313
0.11714280306278976,0.4474841291428437
0.11718234771031663,0.3563699850004211
0.1172218923578435,-0.14896359320479166
0.11726143700537035,-0.1843748609100903
0.11730098165289721,-0.18381764944158502
0.11734052630042408,-0.14045933391165555
0.11738007094795094,0.010254035262360128
0.1174196155954778,0.22556787836755304
0.11745916024300465,0.2841768838592217
0.11749870489053152,0.4452617137109504
0.11753824953805839,0.7498636275222459
0.11757779418558524,0.8330235037850695
0.1176173388331121,0.871318892357565
0.11765688348063896,0.7457925606795973
0.11769642812816583,0.5321584259928742
0.11773597277569268,0.4282926739174039
0.11777551742321954,0.3321542526127705
0.1178150620707464,0.13810877259296453
0.11785460671827327,-0.13945098066937384
0.11789415136580013,-0.2680389578063282
0.11793369601332698,-0.24728910999102377
0.11797324066085385,-0.19090429255746807
0.11801278530838072,-0.26165324867458123
0.11805232995590757,-0.33335029011455936
0.11809187460343443,-0.4994066226007673
0.1181314192509613,-0.5968128251520257
0.11817096389848816,-0.6485525885925008
0.11821050854601502,-0.6459215060499803
0.11825005319354187,-0.6929094999385985
0.11828959784106874,-0.9270049587459915
0.1183291424885956,-1.1017903093224348
0.11836868713612246,-1.4703021620183858
0.11840823178364931,-1.802241872078563
0.11844777643117618,-1.8568169536872723
0.11848732107870305,-1.803024268030837
0.1185268657262299,-1.5857861526018304
0.11856641037375676,-1.3520561024531663
0.11860595502128363,-0.8463009094455249
0.1186454996688105,-0.6773158936071095
0.11868504431633735,-0.2770616863041433
0.1187245889638642,-0.1748892991576058
0.11876413361139107,0.17612575673552783
0.11880367825891794,0.45081718499401346
0.11884322290644479,0.7766830078131508
0.11888276755397165,1.0006062761827823
0.11892231220149851,1.0261270845769892
0.11896185684902538,1.0991293381348737
0.11900140149655224,1.1227761299857317
0.11904094614407909,1.2544892481565821
0.11908049079160596,1.5929900749271215
0.11912003543913283,1.9172616651921905
0.11915958008665968,2.0238674399431695
0.11919912473418653,1.7854617226630083
0.1192386693817134,1.4869506230556135
0.11927821402924027,1.375743368693963
0.11931775867676712,1.2570214989566042
0.11935730332429398,1.0647486194537061
0.11939684797182085,1.0334401513372877
0.11943639261934771,0.9989344248253814
0.11947593726687457,1.023307707011016
0.11951548191440142,0.8787755778977961
0.11955502656192829,0.4750356723663475
0.11959457120945516,0.3654591672758635
0.11963411585698201,0.43573302696105687
0.11967366050450887,0.563432756819481
0.11971320515203573,0.7247657626080501
0.1197527497995626,0.7581261233076195
0.11979229444708946,0.7173984714126174
0.11983183909461631,0.4233280617053715
0.11987138374214318,0.4647969706629322
0.11991092838967005,0.4670573883751839
0.1199504730371969,0.3342426893336955
0.11999001768472375,0.21469027665692614
0.12002956233225062,0.10783207028668235
0.12006910697977749,0.009530998740539642
0.12010865162730434,0.20249360393911336
0.1201481962748312,0.21750318000228336
0.12018774092235807,0.391497988944161
0.12022728556988493,0.4858043390859322
0.12026683021741179,0.4975300760521939
0.12030637486493864,0.4408577330428494
0.12034591951246551,0.49656928378334
0.12038546415999238,0.5805966618730276
0.12042500880751923,0.6709008081000233
0.12046455345504609,0.7292963021858486
0.12050409810257295,0.7222005337895523
0.12054364275009982,0.8300644097987981
0.12058318739762668,0.6790742498600122
0.12062273204515353,0.6312596053586621
0.1206622766926804,0.38864719623467725
0.12070182134020727,0.19763886018787452
0.12074136598773412,-0.09672679477742707
0.12078091063526097,-0.3745435225500243
0.12082045528278784,-0.5417962260807574
0.12085999993031471,-0.7022892382560904
0.12089954457784156,-1.00367148563036
0.12093908922536842,-0.968310077186675
0.12097863387289529,-0.9318756208789568
0.12101817852042215,-0.8480314411392837
0.12105772316794901,-0.6071609163467986
0.12109726781547586,-0.2599931529680458
0.12113681246300273,0.3194264264079773
0.1211763571105296,0.5328320351632285
0.12121590175805645,0.7254360668822412
0.1212554464055833,0.8200882532233236
0.12129499105311017,0.8022570646321507
0.12133453570063704,0.9100158508498781
0.1213740803481639,0.8099884080301643
0.12141362499569075,0.8062343702736264
0.12145316964321762,0.891828056233782
0.12149271429074449,0.8950497489321224
0.12153225893827134,1.007328029002813
0.1215718035857982,1.1856743156812262
0.12161134823332506,1.7146997994475954
0.12165089288085193,1.81171252197889
0.12169043752837878,1.878776983346758
0.12172998217590564,1.8032330723091503
0.1217695268234325,1.733340370234086
0.12180907147095937,1.4870436477130236
0.12184861611848623,1.2695393689465888
0.12188816076601308,1.1218874845709705
0.12192770541353995,1.0043638971234443
0.12196725006106682,0.9274753921210179
0.12200679470859367,0.8834725764223641
0.12204633935612053,0.908378697449096
0.1220858840036474,0.8760807094844661
0.12212542865117426,0.9192314978028475
0.12216497329870112,0.9319961721799286
0.12220451794622797,0.802695432189122
0.12224406259375484,0.8004916424111057
0.1222836072412817,0.7311296105614614
0.12232315188880856,0.6888161750637762
0.12236269653633541,0.5338331124394167
0.12240224118386228,0.5289591961836859
0.12244178583138915,0.5505259648514886
0.122481330478916,0.6734414787433529
0.12252087512644286,0.8528587006655834
0.12256041977396973,1.0395931547548265
0.1225999644214966,1.1625758837851423
0.12263950906902345,1.3740756799442748
0.1226790537165503,1.4144810586589536
0.12271859836407717,1.3835013176862192
0.12275814301160404,1.3641846991243285
0.12279768765913089,1.3726263348145247
0.12283723230665775,1.4132807315985003
0.12287677695418461,1.612989622430745
0.12291632160171148,1.4808115754015054
0.12295586624923834,1.286279687339113
0.12299541089676519,1.1522305728719306
0.12303495554429206,1.1172637153871563
0.12307450019181893,1.1025271179225746
0.12311404483934578,1.0800181754228468
0.12315358948687263,1.1832898599080472
0.1231931341343995,1.2706813960079593
0.12323267878192637,1.2988555884532276
0.12327222342945322,1.2695165708143774
0.12331176807698008,1.139101591578358
0.12335131272450695,1.0431043630562074
0.12339085737203381,0.9143340437832794
0.12343040201956067,0.7145257907665585
0.12346994666708752,0.5531056215552849
0.12350949131461439,0.5288548240187314
0.12354903596214126,0.7522758629287865
0.12358858060966811,0.8829805028285106
0.12362812525719497,0.9328278484532265
0.12366766990472183,0.741586519809219
0.1237072145522487,0.532694272620959
0.12374675919977556,0.4181473690011419
0.12378630384730241,0.40169074634205176
0.12382584849482928,0.42490174772840333
0.12386539314235614,0.49462816151078476
0.123904937789883,0.6574880874051925
0.12394448243740985,0.671165779703111
0.12398402708493672,0.5892418390924044
0.12402357173246359,0.4627512968130496
0.12406311637999044,0.26269576423924684
0.1241026610275173,0.15911508757063983
0.12414220567504416,0.06600388470187585
0.12418175032257103,-0.028669866007846906
0.12422129497009789,-0.052964414256207015
0.12426083961762474,-0.04454291258110804
0.12430038426515161,-0.07645363138084427
0.12433992891267848,-0.19627284158753366
0.12437947356020533,-0.28938189367587075
0.12441901820773218,-0.3073617930697144
0.12445856285525905,-0.026578970368348498
0.12449810750278592,0.051186237654692074
0.12453765215031277,0.07604199756030164
0.12457719679783963,0.06210855050729333
0.1246167414453665,0.06155575164397445
0.12465628609289336,0.4534554177320348
0.12469583074042022,0.8413453773212322
0.12473537538794707,1.1937743069160882
0.12477492003547394,1.3937675411254613
0.12481446468300081,1.4951784252327187
0.12485400933052766,1.562602960306825
0.12489355397805452,1.5598050257266782
0.12493309862558138,1.3421719619386872
0.12497264327310825,1.1325627106978073
0.1250121879206351,1.0270736695635538
0.12505173256816196,0.941654771346354
0.12509127721568883,0.7715194384306907
0.1251308218632157,0.6940053913009407
0.12517036651074254,0.7419264046985026
0.1252099111582694,0.7365218150006624
0.12524945580579627,0.721925889090821
0.12528900045332314,0.6808151118293522
0.12532854510084998,0.38501028942906823
0.12536808974837685,0.12977525992118763
0.12540763439590372,-0.21767790097185466
0.12544717904343058,-0.6155475549255052
0.12548672369095742,-1.0560202334270257
0.1255262683384843,-1.2098901996231275
0.12556581298601116,-1.3229815703284977
0.12560535763353803,-1.4840263439227415
0.12564490228106487,-1.614420644501243
0.12568444692859174,-1.609618960429147
0.1257239915761186,-1.5816925556674082
0.12576353622364547,-1.648691487965861
0.1258030808711723,-1.721663413340188
0.12584262551869918,-1.7711744365949451
0.12588217016622605,-1.8173017720430473
0.12592171481375292,-1.8153313121032717
0.12596125946127976,-1.4570036075753845
0.12600080410880662,-1.2543635381605873
0.1260403487563335,-0.8492279941725339
0.12607989340386036,-0.6288759735486911
0.1261194380513872,-0.5316267703667401
0.12615898269891407,-0.5655309828528989
0.12619852734644094,-0.6246802156243946
0.1262380719939678,-0.7922778498075745
0.12627761664149464,-0.9053853320076507
0.1263171612890215,-1.1191468669578692
0.12635670593654838,-1.1459549455914924
0.12639625058407525,-1.1605943081758645
0.1264357952316021,-1.18058770805471
0.12647533987912896,-1.2825669513246294
0.12651488452665582,-1.4444096096917514
0.1265544291741827,-1.5927010607898606
0.12659397382170953,-1.6536701095931197
0.1266335184692364,-1.7964358212770575
0.12667306311676327,-1.8475169701630092
0.12671260776429014,-1.8138646377985004
0.12675215241181698,-1.773596466073931
0.12679169705934384,-1.6640552589922708
0.1268312417068707,-1.6275096751321398
0.12687078635439758,-1.5491887975150342
0.12691033100192442,-1.4929403319290435
0.1269498756494513,-1.4206981095075424
0.12698942029697816,-1.2849149889152165
0.12702896494450502,-1.0428652193049843
0.12706850959203186,-0.850269121725536
0.12710805423955873,-0.6022390595200797
0.1271475988870856,-0.4386822199847369
0.12718714353461247,-0.18416655516649205
0.1272266881821393,-0.14405339177722307
0.12726623282966618,-0.1572813243507611
0.12730577747719304,-0.07794891288726316
0.1273453221247199,-0.024926818917105298
0.12738486677224675,0.008108277346464993
0.12742441141977362,0.18329532251042777
0.1274639560673005,0.3016752721673759
0.12750350071482736,0.4348966082181185
0.1275430453623542,0.39808935704950066
0.12758259000988106,0.2872213025914328
0.12762213465740793,0.1371999538326256
0.1276616793049348,-0.09246632802776084
0.12770122395246164,-0.1787751583680817
0.1277407685999885,-0.28153841771279775
0.12778031324751538,-0.36839183197790715
0.12781985789504224,-0.41352870396078917
0.12785940254256908,-0.33834504358461914
0.12789894719009595,-0.2880821785887009
0.12793849183762282,-0.2552158887643482
0.1279780364851497,-0.26453821708155717
0.12801758113267653,-0.48528743303105104
0.1280571257802034,-0.46554289412576044
0.12809667042773026,-0.41930309959927814
0.12813621507525713,-0.40960377643737267
0.12817575972278397,-0.4415335283477595
0.12821530437031084,-0.28220841173065936
0.1282548490178377,-0.05625867726349623
0.12829439366536458,0.0909828144385958
0.12833393831289142,0.20728798516587058
0.12837348296041828,0.140028881573445
0.12841302760794515,0.019221083557752067
0.12845257225547202,-0.10556855437806506
0.12849211690299886,-0.2382331359514553
0.12853166155052573,-0.2599129701888151
0.1285712061980526,-0.1300165288064944
0.12861075084557946,0.0051554009296573
0.1286502954931063,0.207731618634913
0.12868984014063317,0.5736963571210518
0.12872938478816004,0.5875033568210266
0.1287689294356869,0.6679724670303369
0.12880847408321375,0.7924664760764275
0.12884801873074062,0.9904654884378947
0.12888756337826748,1.0240526443369746
0.12892710802579435,1.0077265408898934
0.1289666526733212,0.8815896258629934
0.12900619732084806,0.7581401467590014
0.12904574196837493,0.5788643671042231
0.1290852866159018,0.5077005268447237
0.12912483126342864,0.4505084565034719
0.1291643759109555,0.2969164506587526
0.12920392055848237,0.09752697021904
0.12924346520600924,0.06783183377818638
0.12928300985353608,-0.08951353707098891
0.12932255450106295,-0.1504230463274944
0.12936209914858982,-0.1967512764388502
0.12940164379611668,-0.26218648182540727
0.12944118844364352,-0.43583656091100337
0.1294807330911704,-0.5691206430464923
0.12952027773869726,-0.7637975908392918
0.12955982238622413,-0.896115007953883
0.12959936703375097,-1.0335607216201181
0.12963891168127784,-1.149370215188891
0.1296784563288047,-1.0363687586959478
0.12971800097633157,-1.3769542427072423
0.1297575456238584,-1.2522611295910933
0.12979709027138528,-1.207331254790203
0.12983663491891215,-1.193402423078858
0.12987617956643902,-1.2107113813370043
0.12991572421396586,-1.25329691759566
0.12995526886149272,-1.414090096518738
0.1299948135090196,-1.4566264249865837
0.13003435815654646,-1.664171807696226
0.1300739028040733,-1.725836035684715
0.13011344745160017,-1.8276782205711832
0.13015299209912704,-1.8554323340587036
0.1301925367466539,-1.841427026694783
0.13023208139418074,-1.8111488792723092
0.1302716260417076,-1.5355506424969718
0.13031117068923448,-1.4670659288612167
0.13035071533676135,-1.3349021872127107
0.1303902599842882,-1.0218904106690734
0.13042980463181506,-0.737287822927345
0.13046934927934192,-0.315437824040817
0.1305088939268688,-0.1517388682743614
0.13054843857439563,0.08585018323772678
0.1305879832219225,0.24185420639244884
0.13062752786944937,0.32990596553528073
0.13066707251697623,0.35700482173836073
0.13070661716450307,0.2653428147563194
0.13074616181202994,0.1416577085452717
0.1307857064595568,-0.1542607200056308
0.13082525110708368,-0.3755463553870467
0.13086479575461052,-0.6123179091123083
0.1309043404021374,-1.1154022171583153
0.13094388504966425,-1.5250769859820659
0.13098342969719112,-1.9359414770728904
0.13102297434471796,-2.1455515127746505
0.13106251899224483,-2.310524288823988
0.1311020636397717,-2.4861145074883106
0.13114160828729857,-2.606253260474305
0.1311811529348254,-2.4145075678441428
0.13122069758235227,-2.3758117456988175
0.13126024222987914,-2.163931542032752
0.131299786877406,-2.0000030411256726
0.13133933152493285,-1.883507091276673
0.13137887617245972,-1.8005428082556119
0.1314184208199866,-1.3652720215082264
0.13145796546751345,-1.2622837774843236
0.1314975101150403,-1.0794772808064441
0.13153705476256716,-0.9006796228870989
0.13157659941009403,-0.7704179377514866
0.1316161440576209,-0.6502860792157074
0.13165568870514774,-0.5362224238891267
0.1316952333526746,-0.4418296353930127
0.13173477800020147,-0.2689534133660063
0.13177432264772834,-0.16187481984327598
0.13181386729525518,-0.1272026814301057
0.13185341194278205,-0.06345656351806747
0.13189295659030892,0.03025201110805109
0.1319325012378358,0.015749922393420573
0.13197204588536263,-0.02372501742990718
0.1320115905328895,0.03283445311103894
0.13205113518041636,0.2710673550118273
0.13209067982794323,0.4566522654475251
0.13213022447547007,0.5847919943571147
0.13216976912299694,0.6696036369045181
0.1322093137705238,0.7665261346377066
0.13224885841805067,0.7788939628942648
0.13228840306557751,0.8184623440321471
0.13232794771310438,0.9045610454354532
0.13236749236063125,1.0122886036966547
0.13240703700815812,1.0700227352989855
0.13244658165568496,1.116778152711138
0.13248612630321183,1.1587720928871892
0.1325256709507387,0.9839762431839049
0.13256521559826556,0.7808486363222927
0.1326047602457924,0.6690812804578408
0.13264430489331927,0.6660355072012539
0.13268384954084614,0.6354220809200469
0.132723394188373,0.7119963257268932
0.13276293883589985,0.6677352949983858
0.13280248348342671,0.5855053024166671
0.13284202813095358,0.44414927433698426
0.13288157277848045,0.44230623167016125
0.1329211174260073,0.31516815430943795
0.13296066207353416,0.571755455971868
0.13300020672106103,0.42221771739406766
0.1330397513685879,0.21291034777083312
0.13307929601611473,-0.009171012754503743
0.1331188406636416,-0.2188498515796016
0.13315838531116847,-0.4126015292711892
0.13319792995869534,-0.5229975397244547
0.13323747460622218,-0.5273344890237859
0.13327701925374905,-0.5658174288608447
0.13331656390127591,-0.5536490729520165
0.13335610854880278,-0.48185284809304013
0.13339565319632962,-0.4668591471584029
0.1334351978438565,-0.49470682441389613
0.13347474249138336,-0.5160039853933062
0.13351428713891023,-0.5079148785440889
0.13355383178643707,-0.5090879272443732
0.13359337643396393,-0.49634593564499435
0.1336329210814908,-0.4424299919497686
0.13367246572901767,-0.4286879294533154
0.1337120103765445,-0.4450582967337598
0.13375155502407138,-0.4472218779341499
0.13379109967159825,-0.44131774888533737
0.1338306443191251,-0.5071757744168355
0.13387018896665195,-0.5724506822241517
0.13390973361417882,-0.4884120620125757
0.1339492782617057,-0.38766076593555576
0.13398882290923256,-0.36566199889268985
0.1340283675567594,-0.3983990883094216
0.13406791220428627,-0.37121436348859
0.13410745685181313,-0.26876678797407827
0.13414700149934,-0.4131929650795445
0.13418654614686684,-0.6653375963602891
0.1342260907943937,-0.8163113942226647
0.13426563544192058,-0.9077444289753729
0.13430518008944745,-0.8902470876650277
0.13434472473697429,-0.7203227490838076
0.13438426938450115,-0.5855726681637718
0.13442381403202802,-0.6007569596787838
0.1344633586795549,-0.6804699701062344
0.13450290332708173,-0.7180764296262712
0.1345424479746086,-0.6609693441112758
0.13458199262213547,-0.5071686859134725
0.13462153726966233,-0.4522516128260624
0.13466108191718917,-0.34378503252135506
0.13470062656471604,-0.2737226655165995
0.1347401712122429,-0.1653434287404319
0.13477971585976978,-0.052175510668584446
0.13481926050729662,0.11745275951258416
0.13485880515482349,-0.0032838136866242817
0.13489834980235035,-0.1479421841994945
0.13493789444987722,-0.24084732596809394
0.13497743909740406,-0.28069403137897975
0.13501698374493093,-0.5087020536828422
0.1350565283924578,-0.4056745108341477
0.13509607303998467,0.3482045900321514
0.1351356176875115,0.16147608257587098
0.13517516233503837,0.14441649981675447
0.13521470698256524,0.13050527676229423
0.1352542516300921,0.09966000293809035
0.13529379627761895,0.1049797956959036
0.13533334092514582,0.15795610220709233
0.13537288557267269,0.1537988397465242
0.13541243022019955,0.10704003951145247
0.1354519748677264,0.0017030313690984955
0.13549151951525326,-0.04975757240814821
0.13553106416278013,-0.045445304371292794
0.135570608810307,-0.14572778154680271
0.13561015345783384,-0.29046120023442923
0.1356496981053607,-0.39979055775875694
0.13568924275288757,-0.4120419417723675
0.13572878740041444,-0.3934487504407094
0.13576833204794128,-0.256987533047163
0.13580787669546815,-0.12093484936353988
0.13584742134299502,-0.10902570429258324
0.13588696599052189,-0.02614766142412389
0.13592651063804873,-0.005527078962064669
0.1359660552855756,0.2126529794696057
0.13600559993310246,0.23760898220925875
0.13604514458062933,0.23452848492787765
0.13608468922815617,0.40733374419117885
0.13612423387568304,0.5966045998043611
0.1361637785232099,0.7118699813846641
0.13620332317073677,0.6888661582488599
0.1362428678182636,0.4663697755812937
0.13628241246579048,0.38269834268378605
0.13632195711331735,0.27968483981973113
0.13636150176084422,0.12137922561197584
0.13640104640837106,-0.024532899871047065
0.13644059105589793,-0.10477699847631627
0.1364801357034248,-0.15375617653649354
0.13651968035095166,-0.22376201487929392
0.1365592249984785,-0.20164290799692175
0.13659876964600537,-0.16207455582075375
0.13663831429353224,-0.12273111954726901
0.1366778589410591,0.3399982395321173
0.13671740358858595,0.2792225204826094
0.1367569482361128,0.21335750332048398
0.13679649288363968,0.12894926600500256
0.13683603753116655,0.14463120314702366
0.1368755821786934,0.049791701195352756
0.13691512682622026,-0.12465813392953173
0.13695467147374712,-0.3639789451720279
0.136994216121274,-0.7681524959074529
0.13703376076880083,-0.8177293885357032
0.1370733054163277,-0.8670552322636821
0.13711285006385457,-0.9166022772984854
0.13715239471138144,-0.9695384380063093
0.13719193935890828,-0.9335869923935168
0.13723148400643514,-0.8396191280568611
0.137271028653962,-0.7500794196771401
0.13731057330148888,-0.7300089075400259
0.13735011794901572,-0.8331209456490616
0.1373896625965426,-0.9594660014851029
0.13742920724406946,-1.0745071092395349
0.13746875189159632,-1.0410198601203464
0.13750829653912316,-1.0208241818488897
0.13754784118665003,-0.9588240902252223
0.1375873858341769,-0.8380159755998935
0.13762693048170377,-0.6043061364317942
0.1376664751292306,-0.26120615223727495
0.13770601977675748,-0.14075256367990696
0.13774556442428434,0.11254565653303633
0.1377851090718112,0.1791134084354917
0.13782465371933805,0.24092020720380625
0.13786419836686492,0.23275694046050557
0.1379037430143918,0.26988911833156426
0.13794328766191866,0.38296278415485036
0.1379828323094455,0.5230110313930684
0.13802237695697236,0.6404033388684989
0.13806192160449923,0.7630933533990634
0.1381014662520261,0.892854992847502
0.13814101089955294,0.9990329887046038
0.1381805555470798,1.1101863904099105
0.13822010019460668,1.0900677962076837
0.13825964484213354,0.8191058253978536
0.13829918948966038,0.6708589254475558
0.13833873413718725,0.723448384765844
0.13837827878471412,0.7231881715663216
0.138417823432241,0.727943022079888
0.13845736807976783,0.8125934275148953
0.1384969127272947,0.9692669252709512
0.13853645737482156,1.2669035219161686
0.13857600202234843,1.4218831195445234
0.13861554666987527,1.8765972102624018
0.13865509131740214,1.9315497783165159
0.138694635964929,1.901187612667517
0.13873418061245588,1.6463155009833566
0.13877372525998272,1.4392272287676044
0.13881326990750958,1.2419631706387193
0.13885281455503645,1.0287747714926543
0.13889235920256332,0.8184862894626503
0.13893190385009016,0.5511011397812182
0.13897144849761703,0.23664647786651066
0.1390109931451439,0.22749183945058943
0.13905053779267076,0.23672815493679444
0.1390900824401976,0.2486962681814853
0.13912962708772447,0.21420844815172266
0.13916917173525134,0.14145686473021835
0.1392087163827782,0.0971814347918718
0.13924826103030505,0.12361426226365116
0.13928780567783192,0.27565992386011107
0.13932735032535878,0.4101757817874376
0.13936689497288565,0.5604105135311577
0.1394064396204125,0.7709035027893524
0.13944598426793936,1.0857318949363837
0.13948552891546623,1.282839841190914
0.1395250735629931,1.7063586219059352
0.13956461821051994,1.917353622378271
0.1396041628580468,2.1528794338946233
0.13964370750557367,2.443149813044822
0.13968325215310054,2.6720917245481792
0.13972279680062738,2.8546710820913157
0.13976234144815425,2.9882056569124194
0.13980188609568112,3.065560611930795
0.13984143074320798,3.0954868404651403
0.13988097539073482,3.081059818678052
0.1399205200382617,3.1352159849203245
0.13996006468578856,3.1909350448967855
0.13999960933331543,3.205019046221873
0.14003915398084227,3.1997600841979184
0.14007869862836914,3.0404776735691437
0.140118243275896,2.681885244303604
0.14015778792342287,2.56202361832384
0.1401973325709497,2.2535045041201203
0.14023687721847658,2.033667141992134
0.14027642186600345,1.9282697530039488
0.14031596651353032,1.7272484624559792
0.14035551116105716,1.4632581310409674
0.14039505580858402,1.3738475710942863
0.1404346004561109,1.307507475989674
0.14047414510363776,1.2554820428792888
0.1405136897511646,1.2359691090576415
0.14055323439869147,1.2785920999317808
0.14059277904621834,1.4237929711809127
0.1406323236937452,1.5968054999860812
0.14067186834127204,1.9073816511447599
0.1407114129887989,1.8251969814994886
0.14075095763632578,1.859008752071579
0.14079050228385265,1.861389925556343
0.1408300469313795,1.795019795642835
0.14086959157890636,1.719785257508117
0.14090913622643322,1.6794765407355343
0.1409486808739601,1.6564931992960084
0.14098822552148693,1.596988489505057
0.1410277701690138,1.5450909000304682
0.14106731481654067,1.5783683311191572
0.14110685946406754,1.5317064048118163
0.14114640411159438,1.4738914319795864
0.14118594875912124,1.4114971468009532
0.1412254934066481,1.3704406324826528
0.14126503805417498,1.3753628725740574
0.14130458270170182,1.2955428546934773
0.1413441273492287,1.188485558588586
0.14138367199675556,1.0808082598690103
0.14142321664428242,1.0321184829699357
0.14146276129180926,0.933214132616166
0.14150230593933613,0.7408710033442769
0.141541850586863,0.5133054359128826
0.14158139523438987,0.4105265521015433
0.1416209398819167,0.3165284505881144
0.14166048452944358,0.30563126223855186
0.14170002917697044,0.35909157764847366
0.1417395738244973,0.3704350573893783
0.14177911847202415,0.4230900574222729
0.14181866311955102,0.5391580705257591
0.1418582077670779,0.6084618228865675
0.14189775241460476,0.6998452443755974
0.1419372970621316,0.700502780038391
0.14197684170965846,0.8042642370568005
0.14201638635718533,0.8556598183071134
0.1420559310047122,0.9208380357530221
0.14209547565223904,0.9744103136512317
0.1421350202997659,1.0306684822285026
0.14217456494729278,1.118961643372791
0.14221410959481964,1.3236430959901027
0.14225365424234648,1.3358171256880582
0.14229319888987335,1.207850277456016
0.14233274353740022,0.7237409438721437
0.1423722881849271,0.37128489534546383
0.14241183283245393,0.0296192822135547
0.1424513774799808,-0.3945678893987799
0.14249092212750766,-0.6119701211657794
0.14253046677503453,-0.7693959321952106
0.14257001142256137,-0.8773481729209931
0.14260955607008824,-0.9381755063322663
0.1426491007176151,-0.9730290147471923
0.14268864536514198,-1.1516501192193613
0.14272819001266882,-1.25377570887206
0.14276773466019568,-1.4792284509159037
0.14280727930772255,-1.7249986363137593
0.14284682395524942,-1.8475947265530346
0.14288636860277626,-1.5883496882441137
0.14292591325030313,-1.5914995740307576
0.14296545789783,-1.5727218858709262
0.14300500254535686,-0.9475511370369833
0.1430445471928837,-0.9100290042884969
0.14308409184041057,-0.8805503866728068
0.14312363648793744,-0.8724088922293257
0.1431631811354643,-0.9955649551453085
0.14320272578299115,-1.1009637498228355
0.14324227043051802,-1.1649451611492303
0.14328181507804488,-1.3155807531258596
0.14332135972557175,-1.5249755684859787
0.1433609043730986,-1.6342484701691113
0.14340044902062546,-1.7186364614409486
0.14343999366815233,-1.938302023341134
0.1434795383156792,-1.9689221016823697
0.14351908296320603,-2.0588030606592063
0.1435586276107329,-2.0014474017553003
0.14359817225825977,-1.96590917329446
0.14363771690578664,-1.9158083865045084
0.14367726155331348,-1.889423647095488
0.14371680620084035,-1.9086207829646298
0.14375635084836721,-1.8594349187156896
0.14379589549589408,-1.7678074136777304
0.14383544014342092,-1.641572571889472
0.1438749847909478,-1.4423218467251862
0.14391452943847466,-1.3529413244009865
0.14395407408600153,-1.3587733487621139
0.14399361873352837,-1.3592296524737593
0.14403316338105523,-1.4746360461324004
0.1440727080285821,-1.4073703615014892
0.14411225267610897,-1.2407545319818878
0.1441517973236358,-1.1357105073659621
0.14419134197116268,-1.029742327543434
0.14423088661868955,-0.773756124395687
0.14427043126621641,-0.7263388795301358
0.14430997591374325,-0.5379793904527186
0.14434952056127012,-0.2907245625544478
0.144389065208797,-0.11959715045730407
0.14442860985632386,0.003682226365466501
0.1444681545038507,0.06403007999836427
0.14450769915137757,-0.008109625468229964
0.14454724379890443,-0.06245043341316078
0.1445867884464313,-0.018556598924819034
0.14462633309395814,0.04988568486687622
0.144665877741485,0.14463386158017985
0.14470542238901188,0.29789368969705843
0.14474496703653875,0.38005719809976474
0.1447845116840656,0.7576621543034432
0.14482405633159245,0.8315824662220423
0.14486360097911932,0.8136233881017996
0.1449031456266462,0.7672681457151017
0.14494269027417303,0.6766383789665248
0.1449822349216999,0.6221633166720651
0.14502177956922677,0.5988395372328055
0.14506132421675363,0.5882233557943093
0.14510086886428047,0.536609269305778
0.14514041351180734,0.45139413048709964
0.1451799581593342,0.2244410622620809
0.14521950280686108,-0.25620703690136837
0.14525904745438792,-0.47261349130707647
0.1452985921019148,-1.11662124783794
0.14533813674944165,-1.4250092330952266
0.14537768139696852,-1.782595270594449
0.14541722604449536,-2.050304426650539
0.14545677069202223,-2.222588338839898
0.1454963153395491,-2.2834919651188237
0.14553585998707597,-2.1576988022935497
0.1455754046346028,-2.316829010554416
0.14561494928212967,-2.471241063293658
0.14565449392965654,-2.573408724844827
0.1456940385771834,-2.5149525094613665
0.14573358322471025,-2.458470977882985
0.14577312787223712,-2.366437683926608
0.145812672519764,-2.290557502617045
0.14585221716729085,-2.2261090375107946
0.1458917618148177,-2.094798378086616
0.14593130646234456,-2.0220814963999247
0.14597085110987143,-2.0211653432241903
0.1460103957573983,-1.983229943325992
0.14604994040492514,-1.990069335658394
0.146089485052452,-1.958049755514551
0.14612902969997887,-1.9428939224132666
0.14616857434750574,-1.9699397767960387
0.14620811899503258,-1.9727652188657676
0.14624766364255945,-1.8615436752805934
0.14628720829008632,-1.6743254586978207
0.14632675293761319,-1.4228962811844903
0.14636629758514003,-1.1753168633983426
0.1464058422326669,-1.1221806029439234
0.14644538688019376,-1.0588131605512945
0.14648493152772063,-0.9200265232928406
0.14652447617524747,-0.7274580598771255
0.14656402082277434,-0.28398796146420846
0.1466035654703012,0.040582837443751574
0.14664311011782807,0.5315263343147483
0.14668265476535491,0.9244701183544599
0.14672219941288178,1.1691104240529246
0.14676174406040865,1.4468319018812346
0.14680128870793552,1.6305492844959715
0.14684083335546236,1.7416230609229262
0.14688037800298923,1.8134193453573237
0.1469199226505161,1.7838446198917108
0.14695946729804296,1.678213619167905
0.1469990119455698,1.785695614778445
0.14703855659309667,1.6753835799622352
0.14707810124062354,1.531745165189228
0.1471176458881504,1.4158396505564808
0.14715719053567725,1.370921564791565
0.1471967351832041,1.3803822937326444
0.14723627983073098,1.338233303711933
0.14727582447825785,1.3287702434279232
0.1473153691257847,1.4129110448768731
0.14735491377331156,1.4653089389812204
0.14739445842083843,1.5486780361904804
0.1474340030683653,1.5870360051768788
0.14747354771589213,1.613492438540624
0.147513092363419,1.63494186442193
0.14755263701094587,1.6276727316932786
0.14759218165847274,1.5766592557323806
0.14763172630599958,1.3656048798418958
0.14767127095352645,1.0136220665962306
0.1477108156010533,0.8712102031061328
0.14775036024858018,0.7290628118114039
0.14778990489610702,0.43835380780360067
0.1478294495436339,0.235770264827919
0.14786899419116076,-0.16257805864163388
0.14790853883868763,-0.3260670017250757
0.14794808348621447,-0.4431672821255897
0.14798762813374133,-0.5061794373724938
0.1480271727812682,-0.5300933689142544
0.14806671742879507,-0.5234072212028915
0.1481062620763219,-0.6402058715398541
0.14814580672384878,-0.6435623249213056
0.14818535137137565,-0.5568676044389331
0.1482248960189025,-0.4593019957497417
0.14826444066642935,-0.46980051651010474
0.14830398531395622,-0.3941948051962784
0.1483435299614831,-0.3272232231926916
0.14838307460900996,-0.36125028563158906
0.1484226192565368,-0.48284181416131655
0.14846216390406367,-0.6128222612962029
0.14850170855159053,-0.708025348409544
0.1485412531991174,-0.7045575479634285
0.14858079784664424,-0.6491498361301358
0.1486203424941711,-0.5015301025936454
0.14865988714169798,-0.26786064816591704
0.14869943178922485,-0.15781349869731684
0.14873897643675169,0.07650691965619537
0.14877852108427855,0.28154653904400767
0.14881806573180542,0.37736169667242336
0.1488576103793323,0.47928830102332276
0.14889715502685913,0.5111042536706223
0.148936699674386,0.575627300777471
0.14897624432191287,0.6099455865195845
0.14901578896943973,0.604450962284337
0.14905533361696657,0.6031601487309819
0.14909487826449344,0.622817777299512
0.1491344229120203,0.6434962451556311
0.14917396755954718,0.6536811891571923
0.14921351220707402,0.7868354880044187
0.14925305685460089,0.4501842218568746
0.14929260150212775,0.3029665123828176
0.14933214614965462,0.1648869567014818
0.14937169079718146,0.08186469727801517
0.14941123544470833,0.2006740398471853
0.1494507800922352,0.38759868810951403
0.14949032473976206,0.5263571221936711
0.1495298693872889,0.5334623944715748
0.14956941403481577,0.5239764325249398
0.14960895868234264,0.19348263918367575
0.1496485033298695,0.09900632656406572
0.14968804797739635,-0.018234204925273792
0.14972759262492322,-0.12766744779077727
0.14976713727245008,-0.3069060122495948
0.14980668191997695,-0.424407339963207
0.1498462265675038,-0.5168109724763619
0.14988577121503066,-0.6215658704466771
0.14992531586255753,-0.8319690030758496
0.1499648605100844,-0.8914151723541144
0.15000440515761124,-0.914421676265235
0.1500439498051381,-0.8500901980549106
0.15008349445266497,-0.7751509491786133
0.15012303910019184,-0.5248063496323294
0.15016258374771868,-0.21522264833311022
0.15020212839524555,0.05200990133744805
0.15024167304277242,0.24118708617274226
0.15028121769029928,0.33905332800436677
0.15032076233782612,0.45069780441025414
0.150360306985353,0.5122014085939773
0.15039985163287986,0.577664137442379
0.15043939628040673,0.6187229744602294
0.15047894092793357,0.6967495504533405
0.15051848557546044,0.7763371171907308
0.1505580302229873,0.810411232155573
0.15059757487051417,0.779045720182333
0.150637119518041,0.76214031263091
0.15067666416556788,0.6573658302086949
0.15071620881309475,0.4789139604666352
0.15075575346062162,0.1407295718362174
0.15079529810814846,-0.4780147300330284
0.15083484275567532,-0.7603299388211369
0.1508743874032022,-0.8893908602719259
0.15091393205072906,-0.9611214800090361
0.1509534766982559,-1.0174682503013914
0.15099302134578277,-0.9732188327114845
0.15103256599330964,-1.0503763527807222
0.1510721106408365,-1.159075334634777
0.15111165528836334,-1.227841231628494
0.1511511999358902,-1.3206550119217833
0.15119074458341708,-1.2317772145417187
0.15123028923094395,-1.1220191416215988
0.1512698338784708,-1.0079328065560889
0.15130937852599766,-0.8266113825323598
0.15134892317352452,-0.7516521539561214
0.1513884678210514,-0.6816318355085207
0.15142801246857823,-0.7146109502890564
0.1514675571161051,-0.7377429246357056
0.15150710176363197,-0.7615639945310161
0.15154664641115884,-0.7839958175892991
0.15158619105868568,-0.9433963248988972
0.15162573570621254,-0.9874440705716871
0.1516652803537394,-1.0634472996527382
0.15170482500126628,-1.4223978131987254
0.15174436964879312,-1.5890893881828718
0.15178391429632,-1.7404855715256848
0.15182345894384686,-1.8387305498167674
0.15186300359137372,-1.896789406579917
0.15190254823890056,-1.9158020804507665
0.15194209288642743,-2.341936177192203
0.1519816375339543,-2.3156907929576342
0.15202118218148117,-2.3080972933288826
0.152060726829008,-2.3146749544412577
0.15210027147653488,-2.1802601524736245
0.15213981612406174,-1.9946855803227102
0.1521793607715886,-1.865853558233013
0.15221890541911545,-1.726868093012269
0.15225845006664232,-1.4693899033676148
0.1522979947141692,-1.3343442383950377
0.15233753936169606,-1.1500089299953224
0.1523770840092229,-1.0089799225659883
0.15241662865674976,-0.9197127062699031
0.15245617330427663,-0.849727713645183
0.1524957179518035,-0.7756511300962757
0.15253526259933034,-0.666376922990062
0.1525748072468572,-0.4849692462339973
0.15261435189438408,-0.3961240508506644
0.15265389654191094,-0.25593436793996394
0.15269344118943778,-0.08177261209393799
0.15273298583696465,0.005114367524368918
0.15277253048449152,0.09572614516413758
0.1528120751320184,0.11661120990427737
0.15285161977954523,0.18585338538804552
0.1528911644270721,0.19846222299530614
0.15293070907459896,0.17733524339114773
0.15297025372212583,0.13641056181156508
0.15300979836965267,0.09389071006300623
0.15304934301717954,0.0722538380179858
0.1530888876647064,0.03501919672117587
0.15312843231223328,0.1007403837206933
0.15316797695976012,0.14699143550256613
0.15320752160728698,0.18065521779825736
0.15324706625481385,0.23280902428194067
0.15328661090234072,0.3195952624722324
0.15332615554986756,0.4884684372079186
0.15336570019739443,0.7745165148032258
0.1534052448449213,1.0385089495664654
0.15344478949244816,1.268987192303002
0.153484334139975,1.4516216883213207
0.15352387878750187,1.644541407732904
0.15356342343502874,1.7417310152601098
0.1536029680825556,1.8297499871162186
0.15364251273008245,1.932183842191351
0.15368205737760932,2.0478757745517586
0.15372160202513618,2.1644525534075147
0.15376114667266305,2.3122604084087444
0.1538006913201899,2.351303126124675
0.15384023596771676,2.3240367657786334
0.15387978061524363,2.3885289363174076
0.1539193252627705,2.4590167072012017
0.15395886991029734,2.5298161962179373
0.1539984145578242,2.339926584858219
0.15403795920535107,2.1577432096713265
0.15407750385287794,1.785973362433924
0.15411704850040478,1.3873632489900924
0.15415659314793165,1.0811044313466969
0.15419613779545852,0.701488325439278
0.15423568244298538,0.42942829806705274
0.15427522709051222,0.19672354351293808
0.1543147717380391,-0.2297015372210274
0.15435431638556596,-0.5018475652617667
0.15439386103309283,-0.5756382971642988
0.15443340568061967,-0.5566959256558387
0.15447295032814654,-0.5231210392713878
0.1545124949756734,-0.2500722229655268
0.15455203962320027,-0.14890504747473765
0.1545915842707271,-0.057601817595771626
0.15463112891825398,0.0118812774710743
0.15467067356578085,0.08160335460079746
0.15471021821330772,0.16302987768453178
0.15474976286083456,0.36647741571788595
0.15478930750836142,0.5555556419873667
0.1548288521558883,0.6655566226064034
0.15486839680341516,0.7147439234765708
0.154907941450942,0.810095874433373
0.15494748609846887,0.8341618495132449
0.15498703074599574,0.8659254864587318
0.1550265753935226,0.9722892509468883
0.15506612004104944,0.950651627571919
0.1551056646885763,0.926129581692914
0.15514520933610318,0.901872363941186
0.15518475398363005,0.6055387613897405
0.15522429863115692,0.4451386113216038
0.15526384327868376,0.23857493176112787
0.15530338792621062,0.059246381752997845
0.1553429325737375,0.0728715706241262
0.15538247722126433,0.1959834429782193
0.1554220218687912,0.2396267435740016
0.15546156651631807,0.2765477323761356
0.15550111116384494,0.2703309288399007
0.1555406558113718,0.24621934329674502
0.15558020045889864,0.11189045775259274
0.1556197451064255,-0.046880780205463116
0.15565928975395238,-0.11734229168580129
0.15569883440147922,-0.1790405811850419
0.1557383790490061,-0.2175769130853261
0.15577792369653296,-0.2680689322500568
0.15581746834405982,-0.3101878253397349
0.1558570129915867,-0.31698047265373236
0.15589655763911353,-0.327670794448369
0.1559361022866404,-0.38889583854717796
0.15597564693416727,-0.4599861807752885
0.1560151915816941,-0.5663172370133703
0.15605473622922097,-0.7521833011628114
0.15609428087674784,-0.8187725927828569
0.1561338255242747,-0.8873328225584987
0.15617337017180158,-1.5329178565829698
0.15621291481932842,-1.665619225024539
0.1562524594668553,-1.7994008381455582
0.15629200411438215,-1.9545810831179085
0.156331548761909,-2.116035203723319
0.15637109340943586,-2.2826174171402656
0.15641063805696273,-2.4836593189179657
0.1564501827044896,-2.965476459226823
0.15648972735201647,-3.085728680928024
0.1565292719995433,-3.178941080523974
0.15656881664707017,-3.2796035832212
0.15660836129459704,-3.259624345380011
0.15664790594212388,-3.1119585547512463
0.15668745058965075,-2.9277174016339162
0.15672699523717762,-2.760853044625307
0.1567665398847045,-2.566994061111881
0.15680608453223135,-2.4358114487392073
0.1568456291797582,-2.2865917595240495
0.15688517382728506,-1.7727533764512007
0.15692471847481193,-1.5191928208463474
0.15696426312233877,-1.4051479893092649
0.15700380776986564,-1.3858483833515054
0.1570433524173925,-1.3775420763979618
0.15708289706491937,-1.3964444474562212
0.15712244171244624,-1.4428462559837587
0.15716198635997308,-1.4450799645984123
0.15720153100749995,-1.4020042921477678
0.15724107565502682,-1.339477246538095
0.15728062030255366,-1.2445252543077623
0.15732016495008053,-1.0414696490510686
0.1573597095976074,-0.9087765503865914
0.15739925424513426,-0.8556950819715993
0.15743879889266113,-0.7089753912721016
0.15747834354018797,-0.47801187625768116
0.15751788818771484,-0.2979675878489538
0.1575574328352417,-0.11576181142191444
0.15759697748276855,-0.010945599986215832
0.15763652213029541,0.11444213914471524
0.15767606677782228,0.14362004631756078
0.15771561142534915,0.396122371969952
0.15775515607287602,0.47828128373341483
0.15779470072040286,0.39023279504906166
0.15783424536792973,0.26929120635514525
0.1578737900154566,0.19313390947895354
0.15791333466298343,0.08592656765500675
0.1579528793105103,-0.028130219941899626
0.15799242395803717,-0.09065308978495093
0.15803196860556404,-0.0557715352862502
0.1580715132530909,0.013576517464616689
0.15811105790061775,0.07776634160288551
0.15815060254814461,0.1479476958450548
0.15819014719567148,0.14363830463284416
0.15822969184319832,0.14070957522178024
0.1582692364907252,0.0937872566073511
0.15830878113825206,0.17697738577542785
0.15834832578577893,0.08946366912602088
0.1583878704333058,-0.012234857015215067
0.15842741508083263,-0.3163758812739202
0.1584669597283595,-0.5407382361752618
0.15850650437588637,-0.5698896342432609
0.1585460490234132,-0.48931807718010806
0.15858559367094008,-0.5082198826992146
0.15862513831846695,-0.516978408923033
0.15866468296599381,-0.5129031391194784
0.15870422761352068,-0.4404044367314296
0.15874377226104752,-0.34653201303541087
0.1587833169085744,-0.23823705817094215
0.15882286155610126,-0.11976072845427674
0.1588624062036281,-0.0550934051957431
0.15890195085115497,0.009546954097351845
0.15894149549868183,0.07421868592552586
0.1589810401462087,0.6694653507520287
0.15902058479373557,0.7846445956268425
0.1590601294412624,0.8559152892419382
0.15909967408878928,0.8981752849510785
0.15913921873631615,0.9029983523211674
0.15917876338384299,0.8834227592556219
0.15921830803136985,0.9248159036044347
0.15925785267889672,0.8148937227408963
0.1592973973264236,0.8138270882066613
0.15933694197395046,0.8330390186281277
0.1593764866214773,0.8549090386663265
0.15941603126900417,0.673410614314767
0.15945557591653103,0.7535962105770033
0.15949512056405787,0.7800343078258801
0.15953466521158474,0.7998272676596615
0.1595742098591116,0.8795200134576583
0.15961375450663848,0.9488185577519048
0.15965329915416535,0.9214849675101509
0.15969284380169219,0.8938612691490136
0.15973238844921905,0.798289849011747
0.15977193309674592,0.6999014085247145
0.15981147774427276,0.6535134052764211
0.15985102239179963,0.5754404568182423
0.1598905670393265,0.5793581029036143
0.15993011168685337,0.6284794623049628
0.15996965633438023,0.7394817522672757
0.16000920098190707,0.8460863615286103
0.16004874562943394,0.8697600592145425
0.1600882902769608,0.8701958333124643
0.16012783492448765,0.8698036157359972
0.16016737957201452,0.9113015528185885
0.16020692421954139,0.9233131982869338
0.16024646886706825,0.9548613982865483
0.16028601351459512,0.8781392701107983
0.16032555816212196,0.8036208796541164
0.16036510280964883,0.7087206266086041
0.1604046474571757,0.6205756880589361
0.16044419210470254,0.4957230846481837
0.1604837367522294,0.3998856764554789
0.16052328139975627,0.23352175129428432
0.16056282604728314,0.1392684153671323
0.16060237069481,0.07489588302910838
0.16064191534233685,0.08044991511026253
0.16068145998986372,0.09977660870638314
0.16072100463739059,0.13049160047088115
0.16076054928491743,0.07048287838122698
0.1608000939324443,0.024907859382506017
0.16083963857997116,-0.01152349443602451
0.16087918322749803,0.0064769410293688545
0.1609187278750249,-0.00855029069839016
0.16095827252255174,-0.03759915853121406
0.1609978171700786,-0.05557785692884432
0.16103736181760547,-0.03496047098700574
0.1610769064651323,0.013217661488002849
0.16111645111265918,0.1225679775013565
0.16115599576018605,0.2964751796550365
0.16119554040771292,0.4228286680096866
0.16123508505523979,0.6949863811010881
0.16127462970276663,0.920979614164939
0.1613141743502935,1.1320666670547024
0.16135371899782036,1.2533989161667898
0.1613932636453472,1.4055740967451338
0.16143280829287407,1.5284075994155564
0.16147235294040094,1.6274486831837656
0.1615118975879278,1.675809046142043
0.16155144223545467,1.7214989315559857
0.1615909868829815,1.71606732809761
0.16163053153050838,1.7005198940758575
0.16167007617803525,1.9737490897964771
0.1617096208255621,1.9955164976539248
0.16174916547308896,1.9790874734628832
0.16178871012061583,1.8674520410532687
0.1618282547681427,1.7543376877140007
0.16186779941566956,1.6457620202245684
0.1619073440631964,1.5788308057405003
0.16194688871072327,1.575723207062533
0.16198643335825014,1.5653059756133245
0.16202597800577698,1.5019622766938443
0.16206552265330385,1.4592141071461726
0.1621050673008307,1.0054018479505862
0.16214461194835758,1.0695700572396487
0.16218415659588445,1.1345426552270141
0.1622237012434113,1.345875625496868
0.16226324589093816,1.4098540262985515
0.16230279053846502,1.424279172698565
0.16234233518599187,1.4647415374635346
0.16238187983351873,1.513245351756232
0.1624214244810456,1.4688632686539425
0.16246096912857247,1.4223270396623684
0.16250051377609934,1.3021244264814045
0.16254005842362618,1.2178389821726503
0.16257960307115304,1.18414594418979
0.1626191477186799,1.2085996980929545
0.16265869236620675,1.2187159842054816
0.16269823701373362,1.2010500503787356
0.1627377816612605,1.2505168408236287
0.16277732630878736,1.1599114525214604
0.16281687095631422,1.1256718629344904
0.16285641560384106,1.1673334369133923
0.16289596025136793,1.2770661460996537
0.1629355048988948,1.3517050351775495
0.16297504954642164,1.443747636488011
0.1630145941939485,1.6362128305642878
0.16305413884147538,1.723906778431633
0.16309368348900224,1.7898331868417345
0.1631332281365291,1.8594863733964777
0.16317277278405595,1.9322526898711105
0.16321231743158282,2.046789531842158
0.1632518620791097,2.1423446620576208
0.16329140672663653,2.0461682027071877
0.1633309513741634,1.9838658503994078
0.16337049602169026,1.9539356583881593
0.16341004066921713,1.8419309295026427
0.163449585316744,1.5425858483678738
0.16348912996427084,1.3403144201464312
0.1635286746117977,1.1057106282559679
0.16356821925932458,0.8434781268981167
0.16360776390685142,0.8011506155455083
0.16364730855437828,0.8453573726975092
0.16368685320190515,1.0057460994730054
0.16372639784943202,1.1827644972729843
0.1637659424969589,1.3243275777286125
0.16380548714448573,1.471377287526086
0.1638450317920126,1.8984487670544221
0.16388457643953946,2.1660976994277403
0.1639241210870663,2.331728970819164
0.16396366573459317,2.5005868430900517
0.16400321038212004,2.6060184534239523
0.1640427550296469,2.542520034907826
0.16408229967717378,2.482871941494864
0.16412184432470062,2.4413124999062426
0.16416138897222748,2.384072770867451
0.16420093361975435,2.32163841628041
0.1642404782672812,2.242100039873554
0.16428002291480806,2.1618836286503793
0.16431956756233493,2.1143240809311217
0.1643591122098618,1.9683819457253746
0.16439865685738866,1.3048353011798741
0.1644382015049155,1.0065171734033278
0.16447774615244237,0.7403890259805758
0.16451729079996924,0.5060685991216304
0.16455683544749608,0.3300957748647503
0.16459638009502295,0.1904980353485939
0.16463592474254982,-0.023016862469748066
0.16467546939007668,-0.16491228722710383
0.16471501403760355,-0.12750603238086433
0.1647545586851304,-0.03462990325888435
0.16479410333265726,-0.006510962273759972
0.16483364798018413,0.048887035841063894
0.16487319262771097,0.09906134054271695
0.16491273727523784,0.14701936810853217
0.1649522819227647,0.20474114641454555
0.16499182657029157,0.27457035770928395
0.16503137121781844,0.33853965887727905
0.16507091586534528,0.4637474225097991
0.16511046051287215,0.5201613629044567
0.16515000516039902,0.5363635595738604
0.16518954980792586,0.4962109656821507
0.16522909445545272,0.406273830987158
0.1652686391029796,0.36537020838662965
0.16530818375050646,0.27973945167991887
0.16534772839803333,0.16254344944257235
0.16538727304556017,0.07995587975113598
0.16542681769308704,0.13688680154742486
0.1654663623406139,0.20156216387934633
0.16550590698814074,0.32475653068218957
0.1655454516356676,0.46787866752975144
0.16558499628319448,0.6005996878323269
0.16562454093072135,0.7588490225435133
0.16566408557824822,0.8472927545651762
0.16570363022577506,0.9290240692169872
0.16574317487330192,0.9591490268843396
0.1657827195208288,1.106042628137852
0.16582226416835563,1.092718866345385
0.1658618088158825,0.9657921131784494
0.16590135346340937,0.8944521127419779
0.16594089811093624,0.8404383640695466
0.1659804427584631,0.7805942774483652
0.16601998740598994,0.6539259155849082
0.1660595320535168,0.5891116772754325
0.16609907670104368,0.4950319199830268
0.16613862134857052,0.3890371956727477
0.1661781659960974,0.23033637812333085
0.16621771064362426,0.10937141254018118
0.16625725529115112,-0.0221114915476018
0.166296799938678,-0.05567622075981292
0.16633634458620483,-0.11234538693064468
0.1663758892337317,-0.1504197859417286
0.16641543388125857,-0.19823760153724487
0.1664549785287854,-0.2702740652258783
0.16649452317631228,-0.285884479988016
0.16653406782383914,-0.3014648604594326
0.166573612471366,-0.29015702405250027
0.16661315711889288,-0.25098372034630545
0.16665270176641972,-0.17323780842734599
0.1666922464139466,-0.08585611218340464
0.16673179106147346,0.027405124264673057
0.1667713357090003,0.05735019852766878
0.16681088035652716,0.08153998092438397
0.16685042500405403,0.08877938689724924
0.1668899696515809,0.09957185403609475
0.16692951429910777,0.11525716331197775
0.1669690589466346,0.09852913540686904
0.16700860359416148,0.07880576696772174
0.16704814824168834,0.045716196722257095
0.16708769288921518,-0.010464451209760084
0.16712723753674205,-0.06548020217822093
0.16716678218426892,-0.11686951387363671
0.1672063268317958,-0.5783112035326768
0.16724587147932266,-0.690590680997151
0.1672854161268495,-0.7928655959487797
0.16732496077437636,-0.8597763441830399
0.16736450542190323,-0.9067952032155402
0.16740405006943007,-0.9608719409994532
0.16744359471695694,-1.0281676748563502
0.1674831393644838,-1.0966725208190966
0.16752268401201068,-1.2147999035026462
0.16756222865953754,-1.344713596892976
0.16760177330706438,-1.4911183763386224
0.16764131795459125,-1.7424315818532605
0.16768086260211812,-1.7182558766466545
0.16772040724964496,-1.720498176944181
0.16775995189717183,-1.6790204868440697
0.1677994965446987,-1.7200048304487698
0.16783904119222556,-1.7364440679263826
0.16787858583975243,-1.7216680229680426
0.16791813048727927,-1.6939968741801807
0.16795767513480614,-1.7116479437789551
0.167997219782333,-1.7274999561085038
0.16803676442985985,-1.7354346788686874
0.16807630907738672,-1.7261652924049107
0.16811585372491358,-1.7361429486255782
0.16815539837244045,-1.801788299727632
0.16819494301996732,-1.8894625279639836
0.16823448766749416,-1.946508003338973
0.16827403231502103,-2.003129396289644
0.1683135769625479,-2.2883245256635463
0.16835312161007474,-2.3915267899836734
0.1683926662576016,-2.469966907992812
0.16843221090512847,-2.533771457969422
0.16847175555265534,-2.5859161631743537
0.1685113002001822,-2.6330081278968196
0.16855084484770905,-2.67736729906925
0.16859038949523591,-2.719415646611884
0.16862993414276278,-2.810091414964015
0.16866947879028962,-2.9165942012040467
0.1687090234378165,-2.9487002911584423
0.16874856808534336,-2.8882523479608566
0.16878811273287023,-2.8493315612782615
0.1688276573803971,-2.71715062332573
0.16886720202792393,-2.517894741512685
0.1689067466754508,-2.352816814354649
0.16894629132297767,-2.1593885675155886
0.1689858359705045,-1.9421154208576359
0.16902538061803138,-1.8324112341440546
0.16906492526555825,-1.780221722363753
0.16910446991308511,-1.7874386835777154
0.16914401456061198,-1.6552111749295795
0.16918355920813882,-1.5594321771428832
0.1692231038556657,-1.5386737091529086
0.16926264850319256,-1.5808973514161297
0.1693021931507194,-1.6470169549165479
0.16934173779824627,-1.653429824175803
0.16938128244577313,-1.6096757140560827
0.1694208270933,-1.5976937820158998
0.16946037174082687,-1.5784969644430542
0.1694999163883537,-1.5090286583812267
0.16953946103588058,-1.506485398620064
0.16957900568340745,-1.571217087681552
0.1696185503309343,-1.6161222107719742
0.16965809497846115,-1.6428896692146113
0.16969763962598802,-1.718163161868492
0.1697371842735149,-1.7178041901461567
0.16977672892104176,-1.5322534365343115
0.1698162735685686,-1.4935082394215913
0.16985581821609547,-1.4547520643660758
0.16989536286362233,-1.410783129770253
0.16993490751114917,-1.3627830952077904
0.16997445215867604,-1.317462767376037
0.1700139968062029,-1.2419040648897186
0.17005354145372978,-1.1568225814082955
0.17009308610125665,-1.085586178363273
0.1701326307487835,-1.1108227414108633
0.17017217539631035,-1.0809374859938714
0.17021172004383722,-1.0596399915261387
0.17025126469136406,-0.9715504703963023
0.17029080933889093,-0.8596545279060664
0.1703303539864178,-0.6100519147773241
0.17036989863394467,-0.5101303468554728
0.17040944328147153,-0.44247451740397004
0.17044898792899837,-0.3825754621724468
0.17048853257652524,-0.3414189381022815
0.1705280772240521,-0.30562399932473244
0.17056762187157895,-0.2486163407241208
0.17060716651910582,0.1449629084054233
0.1706467111666327,0.21437082937973453
0.17068625581415955,0.29301989540383244
0.17072580046168642,0.3853729647320249
0.17076534510921326,0.4704331204426382
0.17080488975674013,0.5679470784397963
0.170844434404267,0.633686955271604
0.17088397905179384,0.6361340576321564
0.1709235236993207,0.6185850357013947
0.17096306834684757,0.590278712439332
0.17100261299437444,0.588555447010795
0.1710421576419013,0.5916689801287781
0.17108170228942815,0.588463385668592
0.17112124693695502,0.5980652596871141
0.1711607915844819,0.6384466073820525
0.17120033623200873,0.6447813905202153
0.1712398808795356,0.6623366309331155
0.17127942552706246,0.6997376123427987
0.17131897017458933,0.7276629996447623
0.1713585148221162,0.6828910364945635
0.17139805946964304,0.6317569682256079
0.1714376041171699,0.5014098509874261
0.17147714876469677,0.31215858847909855
0.17151669341222361,0.1886010846741099
0.17155623805975048,0.06114238350185197
0.17159578270727735,-0.08340127237082376
0.17163532735480422,-0.3231370331973755
0.17167487200233109,-0.6610169150254374
0.17171441664985793,-0.8028005002586845
0.1717539612973848,-0.9442958629000593
0.17179350594491166,-1.1480033007984252
0.1718330505924385,-1.3772881938677004
0.17187259523996537,-1.5210044621578547
0.17191213988749224,-1.7034343782887222
0.1719516845350191,-1.7780406247341018
0.17199122918254597,-1.8316119597256797
0.17203077383007281,-1.8861947860897021
0.17207031847759968,-2.0645466585255323
0.17210986312512655,-2.1001487719592546
0.1721494077726534,-2.114382311266454
0.17218895242018026,-2.127825680260723
0.17222849706770713,-2.117727515299199
0.172268041715234,-2.1077727516534375
0.17230758636276086,-2.1033851555500336
0.1723471310102877,-2.1111487892205916
0.17238667565781457,-2.128271558479841
0.17242622030534144,-2.1290032183053675
0.17246576495286828,-2.092403716846765
0.17250530960039515,-2.0707633285667835
0.172544854247922,-1.9089064096477297
0.17258439889544888,-1.7663277922013314
0.17262394354297575,-1.7381859948321259
0.1726634881905026,-1.7387865040130335
0.17270303283802946,-1.698391572657068
0.17274257748555633,-1.7154426502720537
0.17278212213308317,-1.737210188559757
0.17282166678061003,-1.6619927060036286
0.1728612114281369,-1.5358906614935441
0.17290075607566377,-1.4101810533742078
0.17294030072319064,-1.2881628485493912
0.17297984537071748,-1.2522627098244477
0.17301939001824435,-1.2112603956027996
0.1730589346657712,-1.159244838332358
0.17309847931329805,-1.1050532345374322
0.17313802396082492,-1.0463902219208954
0.1731775686083518,-0.549165289190086
0.17321711325587866,-0.42888457822040454
0.17325665790340553,-0.3082017677414103
0.17329620255093237,-0.1905149332519114
0.17333574719845923,-0.04375524658941107
0.1733752918459861,0.0684406493329716
0.17341483649351294,0.09590069831741312
0.1734543811410398,0.11513877515885837
0.17349392578856668,0.10031758169953146
0.17353347043609355,0.08437048167264538
0.1735730150836204,0.06830098174185435
0.17361255973114725,0.0478631729137054
0.17365210437867412,0.22797928644568555
0.173691649026201,0.15467489409599436
0.17373119367372783,0.09758427045421848
0.1737707383212547,0.03677442925926056
0.17381028296878157,-0.0704097661410745
0.17384982761630843,-0.153990952329487
0.1738893722638353,-0.18870600664336878
0.17392891691136214,-0.22310957718515606
0.173968461558889,-0.261329718675312
0.17400800620641588,-0.3331337332768201
0.17404755085394272,-0.4134413199428942
0.17408709550146959,-0.591398265138783
0.17412664014899645,-0.6265499561925235
0.17416618479652332,-0.6521516091357351
0.1742057294440502,-0.696823960422976
0.17424527409157703,-0.7633709998656665
0.1742848187391039,-0.8025394347778497
0.17432436338663077,-0.8419500991936865
0.1743639080341576,-0.9096836853596558
0.17440345268168447,-0.984180133930309
0.17444299732921134,-0.9810568673225692
0.1744825419767382,-0.9903052492831882
0.17452208662426508,-1.0046993226636323
0.17456163127179192,-0.9913363292291223
0.17460117591931879,-0.9486895118314926
0.17464072056684565,-0.9060729176115999
0.1746802652143725,-0.8161119074726202
0.17471980986189936,-0.9479866226970356
0.17475935450942623,-0.7617950823974287
0.1747988991569531,-0.7279651237392651
0.17483844380447996,-0.6943808535274723
0.1748779884520068,-0.6562868164100555
0.17491753309953367,-0.6040574277726128
0.17495707774706054,-0.56770862768242
0.17499662239458738,-0.5241426071936572
0.17503616704211425,-0.4616354510428987
0.17507571168964112,-0.38390286696367254
0.17511525633716798,-0.3248119829225216
0.17515480098469485,-0.2760877169129424
0.1751943456322217,-0.15198369557561694
0.17523389027974856,-0.12925054107809036
0.17527343492727543,-0.10699945423276415
0.17531297957480227,-0.09868746173752196
0.17535252422232914,-0.08058919240387158
0.175392068869856,-0.06009474332284564
0.17543161351738287,-0.09850804120751536
0.17547115816490974,-0.1882576885408848
0.17551070281243658,-0.23542838706418512
0.17555024745996345,-0.27401035387794914
0.17558979210749032,-0.3306793338891644
0.17562933675501716,-0.37860688921645697
0.17566888140254402,-0.20640086223076304
0.1757084260500709,-0.18056189131793454
0.17574797069759776,-0.12643883875816528
0.17578751534512463,-0.028725616866957446
0.17582705999265147,0.04171881703633729
0.17586660464017834,0.12120339131540239
0.1759061492877052,0.22135740024628592
0.17594569393523204,0.3420366372383133
0.1759852385827589,0.4109773700357251
0.17602478323028578,0.45498525327997497
0.17606432787781265,0.517351951744641
0.17610387252533952,0.6527414527744264
0.17614341717286636,0.7192555354757227
0.17618296182039322,0.7762500567302097
0.1762225064679201,0.8515749944552532
0.17626205111544693,0.9482746427837038
0.1763015957629738,1.168127552081509
0.17634114041050067,1.3711810383653913
0.17638068505802754,1.4745516832896541
0.1764202297055544,1.4357532202354781
0.17645977435308124,1.4756488163552728
0.1764993190006081,1.5448209660125696
0.17653886364813498,1.6388434587853309
0.17657840829566182,1.6522932368682812
0.1766179529431887,1.5227991382897348
0.17665749759071556,1.4236104798235407
0.17669704223824242,1.3577788798266524
0.1767365868857693,1.299665661987476
0.17677613153329613,1.411739636054691
0.176815676180823,1.4125040719658566
0.17685522082834987,1.4016145474292223
0.1768947654758767,1.3767769337584448
0.17693431012340358,1.263392944955073
0.17697385477093044,1.2456295818182177
0.1770133994184573,1.2564467126061025
0.17705294406598418,1.2996997473660352
0.17709248871351102,1.3237749035734654
0.1771320333610379,1.3252603240881353
0.17717157800856476,1.321527424089268
0.1772111226560916,1.2737404000904755
0.17725066730361846,1.2381538525288356
0.17729021195114533,1.2664430041801176
0.1773297565986722,1.3656907673184668
0.17736930124619907,1.5274746418359761
0.1774088458937259,1.5680117887968845
0.17744839054125278,1.6010433360148093
0.17748793518877964,1.6337611885193857
0.17752747983630648,1.6338971773046809
0.17756702448383335,1.6431441183890878
0.17760656913136022,1.6390771883344006
0.1776461137788871,1.6271522238426508
0.17768565842641396,1.6171782575384614
0.1777252030739408,1.5395005684379488
0.17776474772146766,1.4612597048364946
0.17780429236899453,1.4062207003129266
0.17784383701652137,1.2977264146218093
0.17788338166404824,1.2112315879679802
0.1779229263115751,1.2394762973781395
0.17796247095910198,1.3050046141584604
0.17800201560662884,1.3912618753601622
0.17804156025415568,1.4408578322093997
0.17808110490168255,1.475537969780135
0.17812064954920942,1.494199988984923
0.17816019419673626,1.5129794741162759
0.17819973884426313,1.5024389759059231
0.17823928349179,1.499791668824397
0.17827882813931686,1.5331794817739075
0.17831837278684373,1.5714854417570905
0.17835791743437057,1.6181739009938767
0.17839746208189744,1.6875228844294279
0.1784370067294243,1.973745619619291
0.17847655137695115,1.97850422291549
0.17851609602447802,1.9830235430292846
0.17855564067200488,1.984101054782216
0.17859518531953175,1.9532682130349257
0.17863472996705862,1.9266123710795187
0.17867427461458546,1.8938669265635522
0.17871381926211233,1.8605879936982186
0.1787533639096392,1.7809680774577796
0.17879290855716604,1.7658110882861444
0.1788324532046929,1.7988880976201729
0.17887199785221977,1.8318595734955823
0.17891154249974664,1.7865082226913775
0.1789510871472735,1.7085586100636827
0.17899063179480035,1.6082752815977353
0.17903017644232722,1.5041536776436648
0.17906972108985408,1.3703290117789995
0.17910926573738092,1.2306394452209397
0.1791488103849078,1.131180410129493
0.17918835503243466,1.1021282962429817
0.17922789967996153,1.0468434940716222
0.1792674443274884,0.9781651465623922
0.17930698897501524,0.9261536221023268
0.1793465336225421,0.8740195412590114
0.17938607827006897,0.793787711139884
0.1794256229175958,0.6886755121831408
0.17946516756512268,0.5802240272194764
0.17950471221264955,0.46814141970033807
0.17954425686017642,0.38035986370351577
0.17958380150770328,0.4266998217675214
0.17962334615523012,0.5426991810484956
0.179662890802757,0.6073144280716474
0.17970243545028386,0.6615349005103068
0.1797419800978107,0.7266521120317531
0.17978152474533757,0.7926766798983146
0.17982106939286444,0.8097866145446895
0.1798606140403913,0.7810978502685929
0.17990015868791817,0.6807350385919343
0.179939703335445,0.56006784034573
0.17997924798297188,0.40654809574394785
0.18001879263049875,0.19380872941493293
0.1800583372780256,-0.30023909308539054
0.18009788192555246,-0.3782491563374662
0.18013742657307932,-0.4530763811048503
0.1801769712206062,-0.5155762217516303
0.18021651586813306,-0.5692245438606295
0.1802560605156599,-0.5960452296233871
0.18029560516318677,-0.6262432325061612
0.18033514981071364,-0.6518249398542306
0.18037469445824048,-0.6695747543564698
0.18041423910576734,-0.6311705046469915
0.1804537837532942,-0.474916550581271
0.18049332840082108,-0.4168034587194962
0.18053287304834795,-0.36723291024523697
0.1805724176958748,-0.48032032476241726
0.18061196234340166,-0.4856568408440832
0.18065150699092852,-0.5307824545281509
0.18069105163845536,-0.6312690617057832
0.18073059628598223,-0.7708084852377127
0.1807701409335091,-0.8649956291749382
0.18080968558103597,-0.9533970300428267
0.18084923022856284,-1.0311207295998273
0.18088877487608968,-1.051662126446743
0.18092831952361654,-1.0702087793878183
0.1809678641711434,-0.9958314825273678
0.18100740881867025,-0.8487054114020435
0.18104695346619712,-0.7575747703423401
0.181086498113724,-0.6667013309414489
0.18112604276125086,-0.4635027398285535
0.18116558740877772,-0.37540485625705555
0.18120513205630456,-0.28745124219090756
0.18124467670383143,-0.04439830970659356
0.1812842213513583,0.07267350079515789
0.18132376599888514,0.17771533543380466
0.181363310646412,0.2569218046530364
0.18140285529393887,0.3442732887834127
0.18144239994146574,0.4605189307057599
0.1814819445889926,0.5782493838564589
0.18152148923651945,0.6559057411296046
0.18156103388404632,0.7615875172054537
0.1816005785315732,0.8203143298141784
0.18164012317910003,0.8642569936179139
0.1816796678266269,0.9081807810003837
0.18171921247415376,0.9672758082133149
0.18175875712168063,0.9197752493414986
0.1817983017692075,1.068906103281692
0.18183784641673434,1.1703521169240805
0.1818773910642612,1.2247654582035263
0.18191693571178807,1.2790318740450393
0.18195648035931491,1.4879960589872152
0.18199602500684178,1.5381431857804242
0.18203556965436865,1.5882188045820367
0.18207511430189552,1.6275322993216306
0.1821146589494224,1.6653241023265823
0.18215420359694923,1.6846372335136004
0.1821937482444761,1.7120895538891667
0.18223329289200296,1.7136086923797242
0.1822728375395298,1.7065345249635295
0.18231238218705667,1.6868159686086823
0.18235192683458354,1.6434820289553544
0.1823914714821104,1.5961985713375564
0.18243101612963727,1.4324726472290976
0.18247056077716411,1.3367165454817385
0.18251010542469098,1.2798035613236376
0.18254965007221785,1.240704496867738
0.1825891947197447,1.1825606166750586
0.18262873936727156,1.1341532564824304
0.18266828401479843,1.0911059835580112
0.1827078286623253,1.0478617932146406
0.18274737330985216,0.997726689674076
0.182786917957379,0.9288249845607132
0.18282646260490587,0.8618981708129461
0.18286600725243274,0.8369089935870904
0.18290555189995958,0.8116345211044532
0.18294509654748645,0.12667583382382366
0.18298464119501331,-0.07112239562584541
0.18302418584254018,-0.12442159962783514
0.18306373049006705,-0.1729308741366966
0.1831032751375939,-0.19191052566555594
0.18314281978512076,-0.20710889676211905
0.18318236443264763,-0.18381550219627624
0.18322190908017447,-0.11228081647239102
0.18326145372770133,-0.01471712910934489
0.1833009983752282,0.2378290675157568
0.18334054302275507,0.3855709953150286
0.18338008767028194,0.46159228825849674
0.18341963231780878,0.5395080565342779
0.18345917696533565,0.8962686419215484
0.18349872161286251,0.9179763759585886
0.18353826626038935,0.949076386310458
0.18357781090791622,0.9556750849595438
0.1836173555554431,0.9233798012104493
0.18365690020296996,0.8217767730132357
0.18369644485049683,0.667724497559538
0.18373598949802367,0.5619857605677872
0.18377553414555053,0.46921098064643196
0.1838150787930774,0.3763940931199381
0.18385462344060424,0.196653466220005
0.1838941680881311,0.02416838714602118
0.18393371273565798,-0.15367405693663233
0.18397325738318485,-0.4541119356312614
0.18401280203071171,-0.5652324999138354
0.18405234667823855,-0.6199509263919039
0.18409189132576542,-0.6140844271760125
0.1841314359732923,-0.5514912094534822
0.18417098062081913,-0.48821108114811645
0.184210525268346,-0.38777661179021594
0.18425006991587287,-0.35936935716351376
0.18428961456339973,-0.33191300096528764
0.1843291592109266,-0.31005853840468495
0.18436870385845344,-0.34130699015440213
0.1844082485059803,-0.3834197508990232
0.18444779315350718,-0.4406006958718433
0.18448733780103402,-0.5686086743958685
0.18452688244856089,-0.7204286339802431
0.18456642709608775,-0.8580590340248739
0.18460597174361462,-0.9261478379020072
0.1846455163911415,-0.8589878059928864
0.18468506103866833,-0.7802360322180913
0.1847246056861952,-0.6547046874211196
0.18476415033372207,-0.5853563662047783
0.1848036949812489,-0.5340440243318052
0.18484323962877577,-0.4939466315696586
0.18488278427630264,-0.4539727020634735
0.1849223289238295,-0.4641615424681563
0.18496187357135638,-0.5730360339809736
0.18500141821888322,-0.6153145637465466
0.18504096286641009,-0.6538840563278188
0.18508050751393695,-0.7110253839455407
0.1851200521614638,-0.7926990847874176
0.18515959680899066,-0.8703113688602592
0.18519914145651753,-0.9342802202491354
0.1852386861040444,-0.9745617495771489
0.18527823075157127,-1.014926669555966
0.1853177753990981,-1.038484888011742
0.18535732004662497,-1.1441592093198494
0.18539686469415184,-1.2074775821026555
0.18543640934167868,-1.175056671661741
0.18547595398920555,-1.1426610991700121
0.18551549863673242,-0.8635296424727242
0.18555504328425929,-0.6740819813321688
0.18559458793178615,-0.6797614673852771
0.185634132579313,-0.6180644804204718
0.18567367722683986,-0.5412845715600143
0.18571322187436673,-0.46429440461688165
0.18575276652189357,-0.47368647408833975
0.18579231116942044,-0.4933844839596258
0.1858318558169473,-0.5059422360760363
0.18587140046447417,-0.5182786099013041
0.18591094511200104,-0.5147053015644306
0.18595048975952788,-0.48565666596075396
0.18599003440705475,-0.43928857502727947
0.18602957905458162,-0.3772483120189207
0.18606912370210846,-0.2935405763224997
0.18610866834963533,0.25252768460964514
0.1861482129971622,0.3747031098725977
0.18618775764468906,0.4277926804380164
0.18622730229221593,0.48103462582893025
0.18626684693974277,0.4953274128696742
0.18630639158726964,0.4715267157899636
0.1863459362347965,0.4135500508601452
0.18638548088232335,0.3554866340412064
0.1864250255298502,0.7654697519143971
0.18646457017737708,0.6097868634493759
0.18650411482490395,0.4831377600996408
0.18654365947243082,0.3711625486458302
0.18658320411995766,0.30045078409726533
0.18662274876748453,0.30734161979429536
0.1866622934150114,0.32608190964212047
0.18670183806253823,0.3700611306475122
0.1867413827100651,0.3424921411400739
0.18678092735759197,0.29582341989651345
0.18682047200511884,0.24263258424430942
0.1868600166526457,0.18982137553005302
0.18689956130017255,0.14233384661415946
0.1869391059476994,0.09139115965940016
0.18697865059522628,-0.5179508184232999
0.18701819524275312,-0.6066163010089138
0.18705773989028,-0.6723774498616591
0.18709728453780686,-0.7380518674496033
0.18713682918533373,-0.8353807076421828
0.1871763738328606,-1.0055936492555086
0.18721591848038743,-1.0377432158070243
0.1872554631279143,-1.053999802028064
0.18729500777544117,-1.0427550779259482
0.187334552422968,-0.9874461350808388
0.18737409707049488,-0.8529157720127208
0.18741364171802175,-0.7316997517639418
0.1874531863655486,-0.6793243499684036
0.18749273101307548,-0.6233345878387242
0.18753227566060232,-0.5696907180913922
0.1875718203081292,-0.5597646342824495
0.18761136495565606,-0.5521123793286777
0.1876509096031829,-0.587926150501768
0.18769045425070977,-0.6725370223414624
0.18772999889823663,-0.7444389952002425
0.1877695435457635,-0.7648503313834409
0.18780908819329037,-0.7850018268745764
0.1878486328408172,-0.8150479343834252
0.18788817748834408,-0.8439220439671318
0.18792772213587094,-0.8027066949605389
0.18796726678339779,-0.7243805553771334
0.18800681143092465,-0.5792119534277981
0.18804635607845152,-0.39550233136540175
0.1880859007259784,-0.3188697263855673
0.18812544537350526,-0.22091717548714232
0.1881649900210321,-0.1852039669880376
0.18820453466855896,-0.1931851339558592
0.18824407931608583,-0.21751484413733174
0.18828362396361267,-0.16549828075284095
0.18832316861113954,-0.18203370455813214
0.1883627132586664,-0.18655722777567535
0.18840225790619328,-0.19123509717337966
0.18844180255372014,-0.21982241580089684
0.18848134720124698,-0.2473925449503302
0.18852089184877385,-0.2779274553433593
0.18856043649630072,-0.4775205493937156
0.18859998114382756,-0.5211862113625576
0.18863952579135443,-0.5653436153375418
0.1886790704388813,-0.5780568426715589
0.18871861508640816,-0.5148598095024528
0.18875815973393503,-0.5948893275734094
0.18879770438146187,-0.7546543870853102
0.18883724902898874,-0.7582157859316159
0.1888767936765156,-0.723702635253239
0.18891633832404245,-0.6846648887567175
0.18895588297156932,-0.6457906234991311
0.18899542761909618,-0.6516584071685184
0.18903497226662305,-0.6763132903994006
0.18907451691414992,-0.6729289052871728
0.18911406156167676,-0.8233357022678836
0.18915360620920363,-0.943730441940891
0.1891931508567305,-0.9701679875475323
0.18923269550425734,-0.9705333438366469
0.1892722401517842,-0.9492697522009254
0.18931178479931107,-0.9245589073776841
0.18935132944683794,-0.8365912168735723
0.1893908740943648,-0.7501866806722624
0.18943041874189165,-0.630653824583106
0.18946996338941852,-0.5064913328492342
0.18950950803694538,-0.506510934639409
0.18954905268447222,-0.5068075578502622
0.1895885973319991,-0.5054333219360958
0.18962814197952596,-0.43512072001930213
0.18966768662705283,-0.35666892127158634
0.1897072312745797,-0.3756015107560055
0.18974677592210654,-0.4048251421400008
0.1897863205696334,-0.5015160194000737
0.18982586521716027,-0.6458279743758228
0.1898654098646871,-0.6852527512824885
0.18990495451221398,-0.7271360965536647
0.18994449915974085,-0.77736859450458
0.18998404380726772,-0.7765336795417753
0.19002358845479458,-0.7737787035111913
0.19006313310232142,-0.772104075129599
0.1901026777498483,-0.6941859223105192
0.19014222239737516,-0.6302992069651336
0.190181767044902,-0.5341757983826725
0.19022131169242887,-0.6628061660316977
0.19026085633995574,-0.6110306579449902
0.1903004009874826,-0.5629623583619476
0.19033994563500947,-0.5136673405248108
0.1903794902825363,-0.42782236944250557
0.19041903493006318,-0.22949232755171434
0.19045857957759005,-0.2175812875557723
0.1904981242251169,-0.2213564069073113
0.19053766887264376,-0.2896612044141401
0.19057721352017062,-0.41088405546279305
0.1906167581676975,-0.5546031718831076
0.19065630281522436,-0.3737305075918055
0.1906958474627512,-0.4845224372819743
0.19073539211027807,-0.6106404159764951
0.19077493675780494,-0.6830708856547765
0.19081448140533178,-0.7213162904546989
0.19085402605285864,-0.7594928027791034
0.1908935707003855,-0.7978452722650314
0.19093311534791238,-0.8364473319012535
0.19097265999543925,-0.9841689636024147
0.1910122046429661,-0.9581558613970311
0.19105174929049296,-0.9178548849344971
0.19109129393801982,-0.92411430125926
0.19113083858554666,-0.9467887293779444
0.19117038323307353,-0.9981501662447035
0.1912099278806004,-1.1634267101193003
0.19124947252812727,-1.1550409826434902
0.19128901717565414,-1.143501297988901
0.19132856182318098,-1.1257023835849838
0.19136810647070784,-1.0769249012721762
0.1914076511182347,-0.941907547364462
0.19144719576576155,-0.7790520182252839
0.19148674041328842,-0.5806050927266109
0.1915262850608153,-0.3858079079755211
0.19156582970834216,-0.24091291301940324
0.19160537435586902,-0.10800467429046468
0.19164491900339586,-0.0632597925941511
0.19168446365092273,-0.04560588656871942
0.1917240082984496,-0.04593629154125281
0.19176355294597644,-0.051321187489239084
0.1918030975935033,-0.07113496392306706
0.19184264224103018,-0.20873036532654812
0.19188218688855704,-0.3306255026167454
0.1919217315360839,-0.3729927552464276
0.19196127618361075,-0.39198398341885465
0.19200082083113762,-0.3698184589299724
0.1920403654786645,-0.43059296414500403
0.19207991012619133,-0.4881982806877486
0.1921194547737182,-0.4777320727048198
0.19215899942124506,-0.43901816513464553
0.19219854406877193,-0.4057164485251088
0.1922380887162988,-0.3402929697834853
0.19227763336382564,-0.2666175130252959
0.1923171780113525,-0.19020776879892964
0.19235672265887938,-0.09297253709908615
0.19239626730640622,-0.033887400910761145
0.19243581195393308,-0.007593431379614712
0.19247535660145995,0.002695645765286525
0.19251490124898682,-0.0014390669598297046
0.1925544458965137,-0.027670417495625765
0.19259399054404053,-0.0914867171003157
0.1926335351915674,-0.15557154764223263
0.19267307983909426,-0.20480057018042908
0.1927126244866211,-0.25479750948706664
0.19275216913414797,-0.3144282900411174
0.19279171378167484,-0.35954505230493555
0.1928312584292017,-0.3859646462798155
0.19287080307672858,-0.39922055310776905
0.19291034772425542,-0.39074663846167
0.19294989237178228,-0.39675073065478894
0.19298943701930915,-0.3521574279303763
0.193028981666836,-0.29701439147066055
0.19306852631436286,-0.24546643678168695
0.19310807096188973,-0.2127979191216805
0.1931476156094166,-0.3212779028942814
0.19318716025694346,-0.41432176936309173
0.1932267049044703,-0.45477332581649826
0.19326624955199717,-0.5747806671422646
0.19330579419952404,-0.6720971546582071
0.19334533884705088,-0.6983533727996774
0.19338488349457775,-0.7151670460207848
0.19342442814210462,-0.6329939026235554
0.19346397278963148,-0.5384236569845751
0.19350351743715835,-0.3601867242652423
0.1935430620846852,-0.1306923610109858
0.19358260673221206,0.007414740314434509
0.19362215137973893,0.13540223933516365
0.19366169602726577,0.2805150969414522
0.19370124067479264,0.4447824645984951
0.1937407853223195,0.59907699490618
0.19378032996984637,0.6998562205881246
0.19381987461737324,0.8008148166841007
0.19385941926490008,1.0420843981550652
0.19389896391242695,1.1688951682219382
0.19393850855995381,1.3134293059836968
0.19397805320748066,1.4329809899713988
0.19401759785500752,1.4649893658718762
0.1940571425025344,1.5085600331066893
0.19409668715006126,1.5509384677617217
0.19413623179758813,1.6302428229078416
0.19417577644511497,1.6855358660079167
0.19421532109264183,1.7307190002198307
0.1942548657401687,1.7829489780475936
0.19429441038769554,1.8134186740724434
0.1943339550352224,1.8291012841222427
0.19437349968274928,1.8461207055521927
0.19441304433027615,1.9035151600554647
0.19445258897780301,2.110099400098858
0.19449213362532985,2.1447242127529713
0.19453167827285672,2.179081771024489
0.1945712229203836,2.1721855191089254
0.19461076756791043,2.1641631780406247
0.1946503122154373,2.116394594734955
0.19468985686296417,2.0065563663840167
0.19472940151049103,1.9632639840504909
0.1947689461580179,1.9339447071135416
0.19480849080554474,1.9043873166981886
0.1948480354530716,1.8746411574260544
0.19488758010059848,1.8277846839370637
0.19492712474812532,1.6422182655827315
0.1949666693956522,1.6073310240764456
0.19500621404317905,1.5797690659734704
0.19504575869070592,1.4955877989012047
0.1950853033382328,1.3648539128093211
0.19512484798575963,1.2253231906632593
0.1951643926332865,1.1093337027919186
0.19520393728081337,1.063981579428658
0.1952434819283402,0.9959528560856916
0.19528302657586707,0.9180661497387794
0.19532257122339394,0.8150949366794761
0.1953621158709208,0.7051942487135706
0.19540166051844768,0.5852740996670093
0.19544120516597452,0.4313560890998841
0.1954807498135014,0.27080754758437164
0.19552029446102825,0.1633019406751075
0.1955598391085551,0.03992327683126595
0.19559938375608196,-0.09273279810908908
0.19563892840360883,-0.2630980832699946
0.1956784730511357,-0.405803643078114
0.19571801769866257,-0.5315609898281097
0.1957575623461894,-0.6575264557512764
0.19579710699371627,-0.9654445984373738
0.19583665164124314,-1.005721023086039
0.19587619628876998,-1.0779605938506132
0.19591574093629685,-1.1579040849577105
0.19595528558382372,-1.0936919284458377
0.1959948302313506,-0.9708304804224834
0.19603437487887745,-0.7650168297883779
0.1960739195264043,-0.6602896020980715
0.19611346417393116,-0.6196142514180408
0.19615300882145803,-0.5796291147352989
0.19619255346898487,-0.5375966216735473
0.19623209811651174,-0.5081297115935479
0.1962716427640386,-0.4716806882672421
0.19631118741156547,-0.45364502779553084
0.19635073205909234,-0.4357277694875962
0.19639027670661918,-0.41771308466225243
0.19642982135414605,-0.3776445161998446
0.19646936600167292,-0.21699010917912442
0.19650891064919976,-0.18659763245742234
0.19654845529672663,-0.15645710577240635
0.1965879999442535,-0.1217174532763805
0.19662754459178036,-0.08299922068692867
0.19666708923930723,-0.052156605714239745
0.19670663388683407,-0.003709334408711795
0.19674617853436094,0.1190034146327219
0.1967857231818878,0.17277629304440845
0.19682526782941465,0.23513835437290054
0.19686481247694151,0.3063812816578033
0.19690435712446838,0.3558473863361967
0.19694390177199525,0.4087567797639716
0.19698344641952212,0.4723095450918454
0.19702299106704896,0.4766549194111023
0.19706253571457583,0.47838761314346057
0.1971020803621027,0.522167157964633
0.19714162500962953,0.6419583850578334
0.1971811696571564,0.7295786739133876
0.19722071430468327,0.7724486252809809
0.19726025895221014,0.8153752156671958
0.197299803599737,0.790820586276671
0.19733934824726385,0.7574318856708906
0.19737889289479071,0.7241620712580424
0.19741843754231758,0.5830618915697717
0.19745798218984442,0.60086121143624
0.1974975268373713,0.6188531194216799
0.19753707148489816,0.6741140402922609
0.19757661613242503,0.8400742892588808
0.1976161607799519,0.8848680514219011
0.19765570542747873,0.9317151856068214
0.1976952500750056,0.9800712346378891
0.19773479472253247,1.0311532933095464
0.1977743393700593,1.1137366286172106
0.19781388401758618,1.0960980502031146
0.19785342866511305,1.0238917803144905
0.1978929733126399,1.0026020770798
0.19793251796016678,0.9817860132436231
0.19797206260769362,0.9351029744186712
0.1980116072552205,0.9047429038805712
0.19805115190274736,0.8792199893512876
0.1980906965502742,0.7944216510494159
0.19813024119780107,0.709507072518999
0.19816978584532793,0.5798541252604191
0.1982093304928548,0.41850555182162363
0.19824887514038167,0.34152949183062375
0.1982884197879085,0.2627804447407375
0.19832796443543538,0.17915971124709829
0.19836750908296225,0.09485735711506116
0.19840705373048909,0.05270866192206225
0.19844659837801595,0.020363618647737503
0.19848614302554282,-0.011830339197400286
0.1985256876730697,-0.05285993179900483
0.19856523232059656,-0.18128928321703264
0.1986047769681234,-0.22637940195802642
0.19864432161565027,-0.25867630878642855
0.19868386626317713,-0.2908630825175439
0.19872341091070397,-0.3557856416983104
0.19876295555823084,-0.44447658841346716
0.1988025002057577,-0.578946756901003
0.19884204485328458,-0.6457896525351486
0.19888158950081145,-0.6388289306209843
0.19892113414833829,-0.6387233913349787
0.19896067879586515,-0.6579166390396113
0.19900022344339202,-0.7189000492834745
0.19903976809091886,-0.7529716235150892
0.19907931273844573,-0.757090836351931
0.1991188573859726,-0.7610794139924704
0.19915840203349947,-0.7754822863182627
0.19919794668102633,-0.8338855589110499
0.19923749132855317,-0.8742533900477041
0.19927703597608004,-0.8842618769009236
0.1993165806236069,-0.8914751142818578
0.19935612527113375,-0.9184758397989716
0.19939566991866062,-0.952593178226749
0.19943521456618749,-0.9173905732535317
0.19947475921371435,-0.8072558304977365
0.19951430386124122,-0.7667015847120763
0.19955384850876806,-0.7418589814863825
0.19959339315629493,-0.7200354185256304
0.1996329378038218,-0.7035314627447682
0.19967248245134864,-0.6868727330826876
0.1997120270988755,-0.5368333301498986
0.19975157174640237,-0.4996352538872155
0.19979111639392924,-0.5124726730623312
0.1998306610414561,-0.5259944806418007
0.19987020568898295,-0.5617607858447371
0.19990975033650982,-0.616780157566894
0.19994929498403669,-0.6699846194044602
0.19998883963156353,-0.8126221612637212
0.2000283842790904,-0.9224515823531151
0.20006792892661726,-0.9419618383889264
0.20010747357414413,-0.9679259044496074
0.200147018221671,-0.9937339616455332
0.20018656286919784,-1.0133000518516004
0.2002261075167247,-1.0075643038638828
0.20026565216425157,-0.9677288080292544
0.2003051968117784,-0.9643752134027649
0.20034474145930528,-0.946101216558773
0.20038428610683215,-0.9196706651095822
0.20042383075435902,-0.87794212865327
0.20046337540188588,-0.8011867500068954
0.20050292004941273,-0.7088241558065338
0.2005424646969396,-0.6114392743995753
0.20058200934446646,-0.5182820320618635
0.2006215539919933,-0.43049578963067936
0.20066109863952017,-0.3426941653409393
0.20070064328704704,-0.25487990587231324
0.2007401879345739,-0.1972065903102711
0.20077973258210077,-0.15277988098777184
0.2008192772296276,-0.10848933457383281
0.20085882187715448,-0.056387410577452
0.20089836652468135,0.05091543327851333
0.2009379111722082,0.1604106856134706
0.20097745581973506,0.25301543735409604
0.20101700046726192,0.2620650123305286
0.2010565451147888,0.26070019199409544
0.20109608976231566,0.27123995756039654
0.2011356344098425,0.3265053411351265
0.20117517905736937,0.41943251609815446
0.20121472370489624,0.477351229160766
0.20125426835242308,0.5289350048887761
0.20129381299994994,0.5971718508871479
0.2013333576474768,0.6845406936407314
0.20137290229500368,0.7761400336731605
0.20141244694253055,0.7634251751541079
0.2014519915900574,0.7054145607022932
0.20149153623758426,0.670126235837712
0.20153108088511112,0.6349137688090528
0.20157062553263796,0.599474059660677
0.20161017018016483,0.56780536739635
0.2016497148276917,0.5463501777847843
0.20168925947521857,0.5248440352548537
0.20172880412274544,0.5151778201978346
0.20176834877027228,0.5403056996830284
0.20180789341779914,0.5838132478916395
0.201847438065326,0.6884866893255775
0.20188698271285285,0.7931140502204267
0.20192652736037972,1.2440094826788641
0.2019660720079066,1.3358934032036265
0.20200561665543346,1.427741914898335
0.20204516130296032,1.6127633584299914
0.20208470595048716,1.7412169589586501
0.20212425059801403,1.6816434373118403
0.2021637952455409,1.6316476629604733
0.20220333989306774,1.63231716246206
0.2022428845405946,1.6330848174698258
0.20228242918812148,1.7998724611904793
0.20232197383564834,1.8685722267308322
0.2023615184831752,1.9458017640952332
0.20240106313070205,1.9406549769409867
0.20244060777822892,1.935518625029021
0.2024801524257558,1.9060956723237668
0.20251969707328263,1.84507664792948
0.2025592417208095,1.3216067387202401
0.20259878636833636,1.260449744888707
0.20263833101586323,1.163724409543525
0.2026778756633901,1.066909391273343
0.20271742031091694,0.8060821688169714
0.2027569649584438,0.7962430682345528
0.20279650960597068,0.7884400533747398
0.20283605425349752,0.7805569516325775
0.20287559890102438,0.7725773759315261
0.20291514354855125,0.7132146485480259
0.20295468819607812,0.6744319300275952
0.202994232843605,0.6354545216353998
0.20303377749113183,0.5962233636540588
0.2030733221386587,0.5544326283239475
0.20311286678618556,0.5263062439877093
0.2031524114337124,0.49504658667968254
0.20319195608123927,0.46352958546317824
0.20323150072876614,0.4313961372565325
0.203271045376293,0.4172605317370143
0.20331059002381988,0.41536015060854975
0.20335013467134672,0.4109597213105353
0.20338967931887358,0.3999885587877414
0.20342922396640045,0.3891267469573997
0.2034687686139273,0.3803180355514089
0.20350831326145416,0.3493100059771474
0.20354785790898103,0.30560320044015565
0.2035874025565079,0.23733494073975808
0.20362694720403476,0.1689224850643698
0.2036664918515616,0.09724398699066644
0.20370603649908847,0.001849477775430708
0.20374558114661534,-0.08704367095510762
0.20378512579414218,-0.16271952555244684
0.20382467044166905,-0.24277273603899496
0.20386421508919592,-0.3228255770182119
0.20390375973672278,-0.4015811425875422
0.20394330438424965,-0.4827744787922555
0.2039828490317765,-0.5640547517768779
0.20402239367930336,-0.8532188756986749
0.20406193832683023,-1.1040967615116777
0.20410148297435707,-1.190017141893216
0.20414102762188394,-1.2647940957005652
0.2041805722694108,-1.3558612301571848
0.20422011691693767,-1.5024753696022555
0.20425966156446454,-1.5815675615934097
0.20429920621199138,-1.606921674626329
0.20433875085951825,-1.590751586268689
0.20437829550704512,-1.5519717662688073
0.20441784015457196,-1.5219335996400856
0.20445738480209882,-1.5228017434822492
0.2044969294496257,-1.5337781027165995
0.20453647409715256,-1.5550533144873144
0.20457601874467943,-1.6053756704190247
0.20461556339220627,-1.657761129988675
0.20465510803973314,-1.6962093365669437
0.20469465268726,-1.6933072672535827
0.20473419733478684,-1.7401834206435147
0.2047737419823137,-1.719290293552649
0.20481328662984058,-1.6996355552569065
0.20485283127736745,-1.6901072143725613
0.20489237592489432,-1.6934759768731766
0.20493192057242116,-1.6967206552243255
0.20497146521994802,-1.663951057594578
0.2050110098674749,-1.6104584640205106
0.20505055451500173,-1.5568965139464224
0.2050900991625286,-1.5059439249081927
0.20512964381005547,-1.4187580258618775
0.20516918845758234,-1.3197690120535275
0.2052087331051092,-1.2258903019737941
0.20524827775263604,-1.163908024123639
0.2052878224001629,-1.1317014624702137
0.20532736704768978,-1.0892404580599662
0.20536691169521662,-1.0171513300178192
0.2054064563427435,-0.8857063380015305
0.20544600099027036,-0.7651112512462193
0.20548554563779722,-0.6787991749272564
0.2055250902853241,-0.6035835679753182
0.20556463493285093,-0.5691876436222362
0.2056041795803778,-0.5241694773987353
0.20564372422790467,-0.4534224541669412
0.2056832688754315,-0.4177660942923395
0.20572281352295838,-0.3957377392156936
0.20576235817048524,-0.3825162741846126
0.2058019028180121,-0.37718594109279074
0.20584144746553898,-0.37207364625518036
0.20588099211306582,-0.3603158001769214
0.2059205367605927,-0.33591781336185395
0.20596008140811956,-0.3116687304734228
0.2059996260556464,-0.2875321466622732
0.20603917070317326,-0.26342923468572577
0.20607871535070013,-0.23980638308949223
0.206118259998227,-0.2534640541209722
0.20615780464575387,-0.27551706248410857
0.2061973492932807,0.4343121594654865
0.20623689394080758,0.5702029752832396
0.20627643858833444,0.7524482373926196
0.20631598323586128,0.8895745053421411
0.20635552788338815,0.9584488410080211
0.20639507253091502,1.018059004445023
0.2064346171784419,1.077764210595207
0.20647416182596876,1.1097004640016397
0.2065137064734956,1.1472491725764
0.20655325112102246,1.1514673806248048
0.20659279576854933,1.1740629450810445
0.20663234041607617,1.1968249022986808
0.20667188506360304,1.2356100947075956
0.2067114297111299,1.2710902757558253
0.20675097435865677,1.324499869861057
0.20679051900618364,1.2930117697206094
0.20683006365371048,1.296852558315086
0.20686960830123735,1.3008653175937928
0.20690915294876422,1.2701905202382124
0.20694869759629106,1.1983345562335552
0.20698824224381793,1.085324999425396
0.2070277868913448,0.9566154769083755
0.20706733153887166,0.9003522460657082
0.20710687618639853,0.8478870881347521
0.20714642083392537,0.7951917521075349
0.20718596548145224,0.7428246745173843
0.2072255101289791,0.6936109454297366
0.20726505477650595,0.6443104245144112
0.20730459942403281,0.6237243812743106
0.20734414407155968,0.6862283768167441
0.20738368871908655,0.6141474164288463
0.20742323336661342,0.5262286673853219
0.20746277801414026,0.4383095828289757
0.20750232266166713,0.37231744927672483
0.207541867309194,0.3087587259410135
0.20758141195672083,0.24513499869327757
0.2076209566042477,0.03736724326292684
0.20766050125177457,0.01137079726628415
0.20770004589930144,-0.05334348567778341
0.2077395905468283,-0.13399381507168964
0.20777913519435515,-0.16616560983025594
0.20781867984188201,-0.19830198623657147
0.20785822448940888,-0.2291605266637015
0.20789776913693572,-0.26155202763030355
0.2079373137844626,-0.2977336461513839
0.20797685843198946,-0.33382254545955425
0.20801640307951633,-0.3717010743696057
0.2080559477270432,-0.6041460087198833
0.20809549237457003,-0.6667246036856712
0.2081350370220969,-0.7119301975657147
0.20817458166962377,-0.754346866931129
0.2082141263171506,-0.7967209693651061
0.20825367096467748,-0.8390556414218381
0.20829321561220435,-0.8915416533999423
0.20833276025973121,-0.9958569489383455
0.20837230490725808,-1.0463811472511808
0.20841184955478492,-1.2077385380571022
0.2084513942023118,-1.3131454488093754
0.20849093884983866,-1.4234863800527695
0.2085304834973655,-1.5315682179231722
0.20857002814489237,-1.6265709125905268
0.20860957279241923,-1.7216071443255165
0.2086491174399461,-1.8161637025489854
0.20868866208747297,-1.9101235087886472
0.2087282067349998,-1.9545102762904427
0.20876775138252668,-1.9503397017836033
0.20880729603005355,-1.9299245011541637
0.2088468406775804,-1.901385235008726
0.20888638532510725,-1.9100826589953965
0.20892592997263412,-1.9382613917056708
0.208965474620161,-1.9854027458190393
0.20900501926768786,-2.047025085319511
0.2090445639152147,-2.113140914623772
0.20908410856274157,-2.2329181939422362
0.20912365321026843,-2.3610328045771225
0.20916319785779527,-2.439228690616338
0.20920274250532214,-2.5143419967140033
0.209242287152849,-2.569440525967467
0.20928183180037588,-2.616653300391886
0.20932137644790275,-2.6567645861928706
0.2093609210954296,-2.6829439326288065
0.20940046574295645,-2.663511940096734
0.20944001039048332,-2.643389870177438
0.20947955503801016,-2.604212504160513
0.20951909968553703,-2.5649537429721554
0.2095586443330639,-2.525499375528719
0.20959818898059077,-2.455161122096781
0.20963773362811763,-2.400958796518502
0.20967727827564447,-2.3465920076357696
0.20971682292317134,-2.2455297363518847
0.2097563675706982,-2.1238640452026325
0.20979591221822505,-2.00212252174188
0.20983545686575192,-1.4825911809354366
0.20987500151327879,-1.3022558705750193
0.20991454616080565,-1.1923977736942963
0.20995409080833252,-1.0859665095559556
0.20999363545585936,-0.9792847357638228
0.21003318010338623,-0.8538818537413382
0.2100727247509131,-0.608251078084954
0.21011226939843994,0.26655558518470246
0.2101518140459668,0.40223213797190366
0.21019135869349367,0.5376262152475908
0.21023090334102054,0.673017915674775
0.2102704479885474,0.7581039782285525
0.21030999263607425,0.8188258262407195
0.21034953728360112,0.8796606140214516
0.21038908193112799,0.9374017541128314
0.21042862657865483,0.9815212495329408
0.2104681712261817,0.9609877692546913
0.21050771587370856,0.9405584408645491
0.21054726052123543,0.9203222996877476
0.2105868051687623,0.9030898695638345
0.21062634981628914,0.9646469074281766
0.210665894463816,0.8757989709232926
0.21070543911134287,0.768024715843401
0.21074498375886971,0.5786193806950092
0.21078452840639658,-0.010336044492802982
0.21082407305392345,-0.15071882152258528
0.21086361770145032,-0.29830473084166115
0.21090316234897719,-0.3845572199570352
0.21094270699650403,-0.47811072004991984
0.2109822516440309,-0.5747088946282787
0.21102179629155776,-0.6031681387133195
0.2110613409390846,-0.545807314939936
0.21110088558661147,-0.4925436802339167
0.21114043023413834,-0.45549915528655405
0.2111799748816652,-0.440172484175792
0.21121951952919207,-0.4504412933602794
0.2112590641767189,-0.45862995550253816
0.21129860882424578,-0.6370203350426432
0.21133815347177265,-0.6081700150880678
0.2113776981192995,-0.58243670815708
0.21141724276682636,-0.5607835227940128
0.21145678741435323,-0.538986421455042
0.2114963320618801,-0.5253008864544795
0.21153587670940696,-0.5160286829850447
0.2115754213569338,-0.4932081959838795
0.21161496600446067,-0.4682030821516896
0.21165451065198754,-0.44294256318678216
0.21169405529951438,-0.41719705873348595
0.21173359994704125,-0.31105100428852045
0.2117731445945681,-0.20715616757218386
0.21181268924209498,-0.11741332389341413
0.21185223388962185,0.00020577651927250473
0.2118917785371487,0.10883078478225416
0.21193132318467556,0.19664634679910742
0.21197086783220243,0.28430533345353814
0.21201041247972927,0.38894597673893855
0.21204995712725613,0.47800391845622553
0.212089501774783,0.5668054135334002
0.21212904642230987,0.6193372912857379
0.21216859106983674,0.6654181643546435
0.21220813571736358,0.7114071030828256
0.21224768036489045,0.7816938680517597
0.2122872250124173,0.8561799388909607
0.21232676965994415,0.9271496154614561
0.21236631430747102,0.8745138688806409
0.2124058589549979,0.8156847011209506
0.21244540360252476,0.6965761433648576
0.21248494825005163,0.6391489037082698
0.21252449289757847,0.6076532374125105
0.21256403754510533,0.5760907391052609
0.2126035821926322,0.4743501711520826
0.21264312684015904,0.3617034421553431
0.2126826714876859,0.25770823430149403
0.21272221613521278,0.26765330035343027
0.21276176078273965,0.2595548370580312
0.2128013054302665,0.18310811524044596
0.21284085007779335,0.1167971193276823
0.21288039472532022,0.11840046591092904
0.2129199393728471,0.12315996440304866
0.21295948402037393,0.1457522279062643
0.2129990286679008,0.17132274372338818
0.21303857331542767,0.14696791521574556
0.21307811796295453,0.13747049193776875
0.2131176626104814,0.1724495769136109
0.21315720725800824,0.25299460828538184
0.2131967519055351,0.39831532882757775
0.21323629655306198,0.543582007510791
0.21327584120058882,0.6823360351657823
0.21331538584811569,0.758850652178967
0.21335493049564255,0.8244900422373009
0.21339447514316942,0.848666835622613
0.2134340197906963,0.8726088366660385
0.21347356443822313,0.9409247405087173
0.21351310908575,1.0017287066961424
0.21355265373327686,1.059793771408998
0.2135921983808037,1.1071483356294922
0.21363174302833057,1.1442919517920316
0.21367128767585744,1.2011625014210434
0.2137108323233843,1.2577142449740846
0.21375037697091118,1.2877718761806856
0.21378992161843802,1.2604404681524577
0.21382946626596488,1.231677296107216
0.21386901091349175,1.1825567950999862
0.2139085555610186,1.1240054173216658
0.21394810020854546,1.0387090238255825
0.21398764485607233,0.981654397507367
0.2140271895035992,0.9259099515756328
0.21406673415112606,0.859633961689438
0.2141062787986529,0.804800493938938
0.21414582344617977,0.7613724092644217
0.21418536809370664,0.7182915693418749
0.21422491274123348,0.6752481580047525
0.21426445738876035,0.6650479556265413
0.21430400203628722,0.6701084826889563
0.21434354668381408,0.6762539297194585
0.21438309133134095,0.6827073597014051
0.2144226359788678,1.015052690148179
0.21446218062639466,1.0108802787358717
0.21450172527392153,0.9376027762116554
0.21454126992144837,0.8484852217153155
0.21458081456897524,0.7551267540195679
0.2146203592165021,0.7097549962363471
0.21465990386402897,0.6892494383169517
0.21469944851155584,0.669092449645083
0.21473899315908268,0.64904487454136
0.21477853780660955,0.5998006041209287
0.21481808245413642,0.560180047825265
0.21485762710166326,0.5809323720265054
0.21489717174919012,0.6099022854258521
0.214936716396717,0.639132670223023
0.21497626104424386,0.6685168699271337
0.21501580569177073,0.6861853197691367
0.21505535033929757,0.7000842490978723
0.21509489498682444,0.6888060397983569
0.2151344396343513,0.6777347866239452
0.21517398428187814,0.6699840192056502
0.215213528929405,0.6634078758764889
0.21525307357693188,0.6571337631379448
0.21529261822445875,0.8005875076299317
0.21533216287198562,0.7410802707078986
0.21537170751951246,0.7442059380121276
0.21541125216703932,0.7476105780278076
0.2154507968145662,0.7512484352032144
0.21549034146209303,0.7258812160431198
0.2155298861096199,0.671849635960559
0.21556943075714677,0.6552264190640518
0.21560897540467364,0.6540546672196521
0.2156485200522005,0.6276295499903236
0.21568806469972734,0.6013248797682587
0.2157276093472542,0.5649471749737484
0.21576715399478108,0.5194177061177265
0.21580669864230792,0.512309695942634
0.2158462432898348,0.5139212287076181
0.21588578793736166,0.5154035261631397
0.21592533258488852,0.49511620501357523
0.2159648772324154,0.47363277607337995
0.21600442187994223,0.45164293469436917
0.2160439665274691,0.3217258167746443
0.21608351117499597,0.2768395569549654
0.2161230558225228,0.23238745405307035
0.21616260047004968,0.18795112583414092
0.21620214511757654,0.14401982561628773
0.2162416897651034,0.09993766786899219
0.21628123441263028,0.055794390738970245
0.21632077906015712,0.01612101224311141
0.216360323707684,-0.022820749548166597
0.21639986835521086,-0.06438711369873029
0.2164394130027377,-0.10594191835281969
0.21647895765026456,-0.14393151751540667
0.21651850229779143,-0.17383575852528949
0.2165580469453183,-0.20376200749928786
0.21659759159284517,-0.1929908531523542
0.216637136240372,-0.13303132788363442
0.21667668088789888,-0.1098693242656924
0.21671622553542574,-0.14622528582727845
0.21675577018295258,-0.5185941078057863
0.21679531483047945,-0.537977954851701
0.21683485947800632,-0.550059216258456
0.2168744041255332,-0.5505765611692887
0.21691394877306006,-0.5512391909215937
0.2169534934205869,-0.5465087228889778
0.21699303806811376,-0.44045690746901944
0.21703258271564063,-0.3564620597339566
0.21707212736316747,-0.2725475696511842
0.21711167201069434,-0.17558828362555212
0.2171512166582212,-0.08364225327717639
0.21719076130574808,-0.0023842084275133013
0.21723030595327494,0.06728017762734306
0.21726985060080178,0.13612656281058316
0.21730939524832865,0.19501559030263788
0.21734893989585552,0.26545362114289367
0.21738848454338236,0.30022452383359444
0.21742802919090923,0.30746562417728057
0.2174675738384361,0.30608437854667186
0.21750711848596296,0.3030913853560069
0.21754666313348983,0.28301583161460186
0.21758620778101667,0.2745332294820011
0.21762575242854354,0.2704587841560217
0.2176652970760704,0.23190645573705565
0.21770484172359725,0.1842767010169989
0.21774438637112412,0.17507076883173173
0.21778393101865098,0.16583799866025434
0.21782347566617785,0.15657177782958953
0.21786302031370472,0.08999217905134976
0.21790256496123156,0.07413075743447539
0.21794210960875843,-0.04100247989908984
0.2179816542562853,-0.13518481691401396
0.21802119890381214,-0.22565203613495938
0.218060743551339,-0.3162183466423549
0.21810028819886587,-0.32477250575691563
0.21813983284639274,-0.25722771559389124
0.2181793774939196,-0.15124838331180412
0.21821892214144645,-0.04559908363061621
0.21825846678897332,0.04004471736368276
0.21829801143650018,0.1400584671035507
0.21833755608402702,0.24014378534397862
0.2183771007315539,0.24686380751609022
0.21841664537908076,0.24001299947488103
0.21845619002660763,0.2900994970947559
0.2184957346741345,0.34952957768947784
0.21853527932166134,0.3274367859216655
0.2185748239691882,0.2969550276612094
0.21861436861671507,0.26803970463379934
0.2186539132642419,0.2578586813936946
0.21869345791176878,0.247799872931817
0.21873300255929565,0.22829866556092493
0.21877254720682252,0.23641211204430423
0.21881209185434938,0.17413229570717242
0.21885163650187622,0.2149476135439855
0.2188911811494031,0.2653326773897295
0.21893072579692996,0.3203764645810166
0.2189702704444568,0.37567077490295797
0.21900981509198367,0.43117411573281783
0.21904935973951054,0.5038079425415862
0.2190889043870374,0.598629759678351
0.21912844903456427,0.6936350634997114
0.2191679936820911,0.9085243122928288
0.21920753832961798,0.9547006786806149
0.21924708297714485,1.0108668810692225
0.2192866276246717,1.0670862738744895
0.21932617227219856,1.1035218252231456
0.21936571691972542,1.1350588987239172
0.2194052615672523,1.1639040794828945
0.21944480621477916,1.190641003778131
0.219484350862306,1.2107197671080723
0.21952389550983287,1.2169073044037684
0.21956344015735973,1.2229947180783147
0.21960298480488658,1.358979259335881
0.21964252945241344,1.3527826969943784
0.2196820740999403,1.3511731060527925
0.21972161874746718,1.3496010182133407
0.21976116339499405,1.3482025669163806
0.2198007080425209,1.3469262286171548
0.21984025269004775,1.3456375933210225
0.21987979733757462,1.4244609373763915
0.21991934198510146,1.521598610889794
0.21995888663262833,1.6262978145036204
0.2199984312801552,1.7341692099253798
0.22003797592768207,1.8420363703060572
0.22007752057520893,1.94078254181521
0.22011706522273577,2.033750679220477
0.22015660987026264,2.136375276917926
0.2201961545177895,1.9762797265187002
0.22023569916531635,1.9876197684044699
0.22027524381284322,1.9988437193448414
0.2203147884603701,2.0099426650566814
0.22035433310789695,2.020921549345997
0.22039387775542382,2.0159318602988425
0.22043342240295066,2.015549274268687
0.22047296705047753,2.0150737620652053
0.2205125116980044,2.043000330707282
0.22055205634553124,2.0726611712108878
0.2205916009930581,2.0862391290933733
0.22063114564058497,2.0378845781791237
0.22067069028811184,1.9887655906260227
0.2207102349356387,1.9457321350103824
0.22074977958316555,1.8608714787423644
0.22078932423069242,1.7669954110171013
0.2208288688782193,1.6730371271118627
0.22086841352574613,1.3383467769014223
0.220907958173273,0.6982680970167319
0.22094750282079986,0.6953782343144408
0.22098704746832673,0.6922688953309516
0.2210265921158536,0.6889494907733233
0.22106613676338044,0.6853523843038608
0.2211056814109073,0.7307541030865911
0.22114522605843417,0.78730186786853
0.22118477070596101,0.8569409033126975
0.22122431535348788,0.9078935592158687
0.22126386000101475,0.9587466071200565
0.22130340464854162,0.9782877599569239
0.2213429492960685,0.9930574158687354
0.22138249394359533,1.0078103500769426
0.2214220385911222,1.0225319099358803
0.22146158323864906,1.0625825122413253
0.2215011278861759,1.1293921521501842
0.22154067253370277,1.15666126638915
0.22158021718122964,1.1151207759104014
0.2216197618287565,1.145289568517396
0.22165930647628337,1.1765928263833318
0.22169885112381021,1.2043509412409545
0.22173839577133708,1.2319672704969207
0.22177794041886395,1.2336979435694926
0.2218174850663908,1.1923015831967358
0.22185702971391766,1.1544856364781306
0.22189657436144453,1.121881173423138
0.2219361190089714,1.0990668334149953
0.22197566365649826,1.0809535656748601
0.2220152083040251,1.0683364328394704
0.22205475295155197,1.0519369724677117
0.22209429759907884,1.0352102060074817
0.22213384224660568,1.0277126434263786
0.22217338689413255,1.021759802018578
0.22221293154165941,0.999043632585246
0.22225247618918628,0.975827206256663
0.22229202083671315,0.9514464031884349
0.22233156548424,0.9337141353354261
0.22237111013176686,0.9160029814062876
0.22241065477929373,0.8934421334847271
0.22245019942682057,0.8206542591732621
0.22248974407434743,0.7481539993318018
0.2225292887218743,0.6081715291954783
0.22256883336940117,0.4522507886246714
0.22260837801692804,0.3496988864981597
0.22264792266445488,0.264509115803929
0.22268746731198175,0.17835937008024638
0.22272701195950861,0.0768156944696694
0.22276655660703545,0.014356427796111126
0.22280610125456232,-0.06151893810200271
0.2228456459020892,-0.12830755848034892
0.22288519054961606,-0.1325773475668076
0.22292473519714293,-0.12366223139414623
0.22296427984466977,-0.1292801936638076
0.22300382449219663,-0.18105814444575807
0.2230433691397235,-0.23285468719608804
0.22308291378725034,-0.28468800255757587
0.2231224584347772,-0.5280128201746473
0.22316200308230408,-0.5596179984647307
0.22320154772983095,-0.5859154204383704
0.2232410923773578,-0.6121082060414857
0.22328063702488465,-0.6936903505430203
0.22332018167241152,-0.7923545341807657
0.2233597263199384,-0.9009896286073085
0.22339927096746523,-1.0303476647896637
0.2234388156149921,-1.2129635679860606
0.22347836026251897,-1.298341958935762
0.22351790491004583,-1.3788030139056238
0.2235574495575727,-1.4506604183693201
0.22359699420509954,-1.4731790178321709
0.2236365388526264,-1.4839697950312778
0.22367608350015328,-1.4945084137915927
0.22371562814768012,-1.4867494651789406
0.22375517279520699,-1.4596603136822388
0.22379471744273385,-1.439958708041011
0.22383426209026072,-1.4309575944507245
0.2238738067377876,-1.4911012363196638
0.22391335138531443,-1.5087454842770054
0.2239528960328413,-1.455583835536217
0.22399244068036817,-1.3580407222209874
0.224031985327895,-1.2557535695823865
0.22407152997542187,-1.0715505196471131
0.22411107462294874,-0.8961881188470356
0.2241506192704756,-0.8394764152938499
0.22419016391800248,-0.7932177231774774
0.22422970856552932,-0.747711174175602
0.22426925321305619,-0.7193306190387315
0.22430879786058305,-0.6867553015650962
0.2243483425081099,-0.6529910083111825
0.22438788715563676,-0.661130555757572
0.22442743180316363,-0.7019149852583927
0.2244669764506905,-0.7419553585495772
0.22450652109821737,-0.7682828593961588
0.2245460657457442,-0.7849537408230811
0.22458561039327107,-0.8442289620675532
0.22462515504079794,-0.9181986007485927
0.22466469968832478,-0.9264980216048747
0.22470424433585165,-0.9320520758778095
0.22474378898337852,-0.9376524568147119
0.22478333363090539,-0.9433308504264508
0.22482287827843225,-0.9500531358895886
0.2248624229259591,-0.9568809563885042
0.22490196757348596,-0.9619485090972764
0.22494151222101283,-0.9667804380603291
0.22498105686853967,-0.9717208747083489
0.22502060151606654,-0.9767267323355137
0.2250601461635934,-0.9773034961678916
0.22509969081112027,-0.9746420424086362
0.22513923545864714,-0.9721448432468146
0.22517878010617398,-0.969902159668796
0.22521832475370085,-0.7532745860294254
0.22525786940122772,-0.727541602784721
0.22529741404875456,-0.7023635415187099
0.22533695869628143,-0.7133895593419303
0.2253765033438083,-0.724598674462455
0.22541604799133516,-0.7359862464350788
0.22545559263886203,-0.7474963744616137
0.22549513728638887,-0.761644732669651
0.22553468193391574,-0.7766815125717718
0.2255742265814426,-0.8295177338515594
0.22561377122896945,-0.9017285209782695
0.2256533158764963,-0.9386254221255672
0.22569286052402318,-0.9904472472835935
0.22573240517155005,-1.0426411865935337
0.22577194981907692,-1.0707876553112259
0.22581149446660376,-1.085521514351552
0.22585103911413063,-1.0889006381517254
0.2258905837616575,-1.0924856271086258
0.22593012840918433,-1.0179400440272686
0.2259696730567112,-0.896983282212624
0.22600921770423807,-0.7985540656206576
0.22604876235176494,-0.7327036594185987
0.2260883069992918,-0.572081916319857
0.22612785164681865,-0.1720331952529054
0.2261673962943455,-0.09272250228425394
0.22620694094187238,-0.013627409638229615
0.22624648558939922,0.06539404008758087
0.2262860302369261,0.13098617641081178
0.22632557488445296,0.1766748231383538
0.22636511953197982,0.22832181193504963
0.2264046641795067,0.2853943212267679
0.22644420882703353,0.34236577808447644
0.2264837534745604,0.3957825018770702
0.22652329812208727,0.4337920158061914
0.2265628427696141,0.4718562427034988
0.22660238741714098,0.5099224297023959
0.22664193206466784,0.5500744821774931
0.2266814767121947,0.5934358377936556
0.22672102135972158,0.644607173691893
0.22676056600724842,0.6943537593494237
0.2268001106547753,0.7337550702158371
0.22683965530230216,0.7499645824253762
0.226879199949829,0.7593290136092244
0.22691874459735586,0.7326378932887513
0.22695828924488273,0.7059041515574555
0.2269978338924096,0.6979776830069307
0.22703737853993647,0.6907354837910985
0.2270769231874633,0.6836209276790467
0.22711646783499018,0.6765704495447461
0.22715601248251704,0.6697843122437227
0.22719555713004388,0.6632858879748433
0.22723510177757075,0.5738924020845321
0.22727464642509762,0.4972904635270531
0.2273141910726245,0.42169442607752716
0.22735373572015136,0.35107732850506934
0.2273932803676782,0.28113859918012707
0.22743282501520506,0.22552958092475783
0.22747236966273193,0.18087026811287776
0.22751191431025877,0.13639875780252098
0.22755145895778564,0.09350294394363423
0.2275910036053125,0.09053880173956674
0.22763054825283938,0.1016700864186093
0.22767009290036624,0.11293588159439372
0.22770963754789308,0.10948509644393656
0.22774918219541995,0.10376563541947892
0.22778872684294682,0.09777151905193515
0.22782827149047366,0.003802292579331179
0.22786781613800053,-0.09938407447108677
0.2279073607855274,-0.1685578948736921
0.22794690543305426,-0.1792691004655328
0.22798645008058113,-0.18511170511588104
0.22802599472810797,-0.19240224447395382
0.22806553937563484,-0.1916020469922889
0.2281050840231617,-0.16876374617371648
0.22814462867068855,-0.1459487213562961
0.22818417331821542,-0.11579900361155115
0.22822371796574228,-0.09024768653009052
0.22826326261326915,-0.0646194830958794
0.22830280726079602,-0.05065070730351351
0.22834235190832286,-0.08256451828897815
0.22838189655584973,-0.11555053433694562
0.2284214412033766,-0.1483658018846864
0.22846098585090344,-0.21220692027301002
0.2285005304984303,-0.29717626730531743
0.22854007514595717,-0.3820459264773214
0.22857961979348404,-0.44790873347198823
0.2286191644410109,-0.4931282755931138
0.22865870908853775,-0.554312945510579
0.22869825373606462,-0.6144663051107924
0.22873779838359148,-0.6705795721567518
0.22877734303111832,-0.766213748538128
0.2288168876786452,-0.8819939615841941
0.22885643232617206,-0.9440019554683349
0.22889597697369893,-0.9610044710948814
0.2289355216212258,-0.9761791686799433
0.22897506626875264,-0.9913164408000749
0.2290146109162795,-1.0034649938651543
0.22905415556380637,-1.0230786153465954
0.2290937002113332,-1.0450826093746342
0.22913324485886008,-1.0365529137936003
0.22917278950638695,-0.9945495785438764
0.22921233415391382,-0.9525756701806131
0.22925187880144068,-0.933282562656685
0.22929142344896752,-0.9178602634387059
0.2293309680964944,-0.8942217683049933
0.22937051274402126,-0.7777581794172579
0.2294100573915481,-0.6354937645007855
0.22944960203907497,-0.578195244411584
0.22948914668660184,-0.5383159062427602
0.2295286913341287,-0.4985948903326012
0.22956823598165557,-0.456103051845256
0.2296077806291824,-0.4178221390467013
0.22964732527670928,-0.3861909112638253
0.22968686992423615,-0.35468691270092845
0.229726414571763,-0.32562263616775877
0.22976595921928986,-0.29688787959348695
0.22980550386681672,-0.29768416515242335
0.2298450485143436,-0.3032085258425343
0.22988459316187046,-0.3346656168946446
0.2299241378093973,-0.3595694887142109
0.22996368245692417,-0.3604899830348848
0.23000322710445104,-0.36030410768882304
0.23004277175197788,-0.3602195976321978
0.23008231639950474,-0.39445589284713234
0.2301218610470316,-0.4525897236866613
0.23016140569455848,-0.526792227360001
0.23020095034208535,-0.6010638779584673
0.2302404949896122,-0.6753077070038149
0.23028003963713906,-0.74914400533714
0.23031958428466592,-0.8228811528816412
0.23035912893219276,-0.896604699124057
0.23039867357971963,-0.9704278847856495
0.2304382182272465,-1.04409191584337
0.23047776287477337,-1.121877641096492
0.23051730752230024,-1.2048270760779647
0.23055685216982708,-1.2869595913536223
0.23059639681735394,-1.1849120827335
0.2306359414648808,-1.7229294584284895
0.23067548611240765,-1.781248071412656
0.23071503075993452,-1.8309649544948075
0.2307545754074614,-1.8349776985641078
0.23079412005498826,-1.8390181892667719
0.23083366470251512,-1.8432202514617726
0.23087320935004196,-1.8259259749518337
0.23091275399756883,-1.8006107424268833
0.2309522986450957,-1.7754052092265062
0.23099184329262254,-1.750277003667521
0.2310313879401494,-1.6513891644844145
0.23107093258767628,-1.5291352539203165
0.23111047723520314,-1.3907968185860369
0.23115002188273,-1.2723926911378145
0.23118956653025685,-1.1746580479417477
0.23122911117778372,-1.0776721806301217
0.2312686558253106,-0.9851566151243982
0.23130820047283743,-0.9341406271711813
0.2313477451203643,-0.883213083228916
0.23138728976789116,-0.83998078686629
0.23142683441541803,-0.8087412457184197
0.2314663790629449,-0.8089227352778202
0.23150592371047174,-0.8355960768998627
0.2315454683579986,-0.8608512737118804
0.23158501300552548,-0.8851574470026737
0.23162455765305232,-0.9097971562486025
0.23166410230057918,-0.9349861747646955
0.23170364694810605,-0.9476597954547499
0.23174319159563292,-1.0430807519875023
0.2317827362431598,-1.1388375409784715
0.23182228089068663,-1.2440024629705184
0.2318618255382135,-1.365170434151149
0.23190137018574036,-1.4614335786743005
0.2319409148332672,-1.523804119078303
0.23198045948079407,-1.5862949802227404
0.23202000412832094,-1.6489367005896622
0.2320595487758478,-1.7125177469084953
0.23209909342337467,-1.7335772456223815
0.23213863807090152,-1.7495317470842113
0.23217818271842838,-1.7657417257015715
0.23221772736595525,-1.785811966408693
0.2322572720134821,-1.8058948151631715
0.23229681666100896,-1.8393224008690887
0.23233636130853583,-1.870025841254714
0.2323759059560627,-1.8616634732037383
0.23241545060358956,-1.8369170149704799
0.2324549952511164,-1.8121188216537303
0.23249453989864327,-1.738556452928722
0.23253408454617014,-1.6505075063954555
0.23257362919369698,-1.5915782023576504
0.23261317384122385,-1.5469287780353143
0.23265271848875071,-1.5402823110575845
0.23269226313627758,-1.537521998925666
0.23273180778380445,-1.55476974601406
0.2327713524313313,-1.5720101068749495
0.23281089707885816,-1.5713294211140385
0.23285044172638503,-1.518893281422069
0.23288998637391187,-1.4739319269867603
0.23292953102143873,-1.4514692202701789
0.2329690756689656,-1.4209842321073465
0.23300862031649247,-1.3906666446067768
0.23304816496401934,-1.3604640945675788
0.23308770961154618,-1.3494488830173252
0.23312725425907305,-1.382244785651406
0.23316679890659991,-1.4149925679960633
0.23320634355412675,-1.4476954334821126
0.23324588820165362,-1.4804219726951486
0.2332854328491805,-1.5338242427878845
0.23332497749670736,-1.59378494038661
0.23336452214423423,-1.6538861934089137
0.23340406679176107,-1.720788521277819
0.23344361143928793,-1.9013484206269848
0.2334831560868148,-1.9871556627295415
0.23352270073434164,-2.0374749018759455
0.2335622453818685,-2.055264396899437
0.23360179002939538,-2.0499637533443176
0.23364133467692225,-2.0524693673570407
0.23368087932444911,-2.056563879677619
0.23372042397197595,-2.0606236249734167
0.23375996861950282,-2.011579032946342
0.2337995132670297,-1.9484594670381816
0.23383905791455653,-1.8852815806136785
0.2338786025620834,-1.8220612277343022
0.23391814720961027,-1.688027055302991
0.23395769185713713,-1.478730887314371
0.233997236504664,-1.2807149537916254
0.23403678115219084,-1.173838761028013
0.2340763257997177,-1.066982024485626
0.23411587044724458,-0.9414517564370567
0.23415541509477142,-0.7392896976471637
0.2341949597422983,-0.660330646113145
0.23423450438982515,-0.5814573371172032
0.23427404903735202,-0.5025673361148983
0.2343135936848789,-0.44984277973493614
0.23435313833240573,-0.41061195244893045
0.2343926829799326,-0.3713784988730128
0.23443222762745947,-0.32256067345295547
0.2344717722749863,-0.2691064735252075
0.23451131692251317,-0.22474705207060758
0.23455086157004004,-0.18079231585796823
0.2345904062175669,-0.11984880472597814
0.23462995086509378,-0.05895821768891413
0.23466949551262062,0.002028920256400224
0.2347090401601475,0.06460574957946102
0.23474858480767435,0.12643312008790641
0.2347881294552012,0.1562946992445285
0.23482767410272806,0.18087176880769107
0.23486721875025493,0.20741373198202417
0.2349067633977818,0.23813973872737598
0.23494630804530867,0.2689635887205974
0.2349858526928355,0.3827353525869589
0.23502539734036237,0.42458015570452756
0.23506494198788924,0.45736619438010473
0.23510448663541608,0.4703990125242443
0.23514403128294295,0.48338059258191807
0.23518357593046982,0.4963114318905708
0.23522312057799669,0.5050687604753085
0.23526266522552355,0.5298985162636707
0.2353022098730504,0.5612316733729653
0.23534175452057726,0.5926385878213335
0.23538129916810413,0.5871934456709234
0.23542084381563097,0.5779955716246898
0.23546038846315784,0.5688402952591924
0.2354999331106847,0.5603639082771492
0.23553947775821157,0.5583098625167537
0.23557902240573844,0.5563586432307417
0.23561856705326528,0.554496211639645
0.23565811170079215,0.5583282612665654
0.23569765634831902,0.5824258471343599
0.23573720099584586,0.6065312549780331
0.23577674564337273,0.6306459511983116
0.2358162902908996,0.654921439464174
0.23585583493842646,0.6880515490355605
0.23589537958595333,0.9979183316078666
0.23593492423348017,1.030698132845878
0.23597446888100704,1.0484530880987457
0.2360140135285339,1.0447008633305865
0.23605355817606075,1.0410580261411178
0.23609310282358761,1.0374769683756777
0.23613264747111448,1.0487251707951821
0.23617219211864135,0.48741022265769784
0.23621173676616822,0.5294977849532102
0.23625128141369506,0.554186097539217
0.23629082606122193,0.5922245388237799
0.2363303707087488,0.6382603757113352
0.23636991535627563,0.67201283661263
0.2364094600038025,0.6959171898930292
0.23644900465132937,0.7197517670225437
0.23648854929885624,0.8544599101952808
0.2365280939463831,0.8945796544244762
0.23656763859390995,0.9653324825673368
0.2366071832414368,1.0484439116897624
0.23664672788896368,1.1256932015891776
0.23668627253649052,1.1670105513136342
0.2367258171840174,1.2083201962991992
0.23676536183154426,1.2699591571884052
0.23680490647907113,1.3819645269394811
0.236844451126598,1.497418149426836
0.23688399577412483,1.5787674489167014
0.2369235404216517,1.6269064763169652
0.23696308506917857,1.640410319132724
0.2370026297167054,1.6538126169200493
0.23704217436423228,1.6266037131660676
0.23708171901175915,1.5508626553169178
0.237121263659286,1.104883427047517
0.23716080830681288,1.1073252178805408
0.23720035295433972,1.0676275477970145
0.2372398976018666,1.0485443331072193
0.23727944224939346,1.0294825065201405
0.2373189868969203,1.0104374258897018
0.23735853154444717,0.990547836458856
0.23739807619197403,0.9706917078482632
0.2374376208395009,0.9509366610385253
0.23747716548702777,0.9217235987369485
0.2375167101345546,0.8920130347268624
0.23755625478208148,0.8624241586311399
0.23759579942960835,0.8329690132576548
0.23763534407713519,0.7857950893842544
0.23767488872466205,0.7326306568016638
0.23771443337218892,0.683844748240541
0.2377539780197158,0.6441909543879941
0.23779352266724266,0.5613276527080348
0.2378330673147695,0.4285973843902171
0.23787261196229637,0.3086660614593334
0.23791215660982323,0.22375767616674427
0.23795170125735007,0.13879898906814822
0.23799124590487694,-0.10914621858063078
0.2380307905524038,-0.2694057468693105
0.23807033519993068,-0.3518284211600178
0.23810987984745755,-0.43436878654918665
0.23814942449498439,-0.5168877287597432
0.23818896914251125,-0.5317143407981404
0.23822851379003812,-0.5062634772478527
0.23826805843756496,-0.4809762598213682
0.23830760308509183,-0.44134694044493805
0.2383471477326187,-0.3821961053991192
0.23838669238014557,-0.3229873908951175
0.23842623702767243,-0.263816814936308
0.23846578167519927,-0.18819948952067792
0.23850532632272614,-0.07005829668414376
0.238544870970253,0.05393413417633186
0.23858441561777985,0.14120464642288436
0.23862396026530672,0.24540843003530002
0.23866350491283359,0.3495766599879646
0.23870304956036045,0.45370884823019036
0.23874259420788732,0.5615607441721142
0.23878213885541416,0.6601028574134947
0.23882168350294103,0.756815247081356
0.2388612281504679,0.8534713041565667
0.23890077279799474,0.9500765042707398
0.2389403174455216,1.0485120126612142
0.23897986209304847,1.1471683480647479
0.23901940674057534,1.2285542746540612
0.2390589513881022,1.3105156980786195
0.23909849603562905,1.4015651128447273
0.23913804068315592,1.4916775950711878
0.23917758533068278,1.5028410336915101
0.23921712997820962,1.433731548503296
0.2392566746257365,1.372104390556259
0.23929621927326336,0.9911542286830901
0.23933576392079023,0.9165964939621993
0.2393753085683171,0.9135302128542098
0.23941485321584394,0.9105789003193112
0.2394543978633708,0.8970364799348376
0.23949394251089767,0.8709659389669955
0.2395334871584245,0.8450040603714071
0.23957303180595138,0.8160310707871561
0.23961257645347825,0.7868985313982794
0.23965212110100512,0.757764230675023
0.23969166574853198,0.7285982748762887
0.23973121039605882,0.7022406775671999
0.2397707550435857,0.7361255463008862
0.23981029969111256,0.7699035725606638
0.2398498443386394,0.7939378863307373
0.23988938898616627,0.8174105340271747
0.23992893363369314,0.8407623320625885
0.23996847828122,0.863421627138911
0.24000802292874687,0.8788567110094241
0.2400475675762737,0.8934021143845909
0.24008711222380058,0.908413082897037
0.24012665687132745,0.9234432891009192
0.2401662015188543,0.9915389173967444
0.24020574616638116,1.054250858535453
0.24024529081390802,1.0861093381589384
0.2402848354614349,1.1161818096306013
0.24032438010896176,1.146224489242235
0.2403639247564886,1.1762607856777842
0.24040346940401547,1.2063547945545334
0.24044301405154234,1.214675309131076
0.24048255869906918,1.2384899820487043
0.24052210334659604,1.371190469565115
0.2405616479941229,1.33184014975507
0.24060119264164978,1.2924100540696783
0.24064073728917665,1.2534844997841308
0.2406802819367035,1.1906823365899122
0.24071982658423036,1.1078671533839881
0.24075937123175722,1.0393114268432313
0.24079891587928406,0.970791509274066
0.24083846052681093,0.8738967720416103
0.2408780051743378,0.768670732337988
0.24091754982186467,0.6593372813723233
0.24095709446939154,0.5116898554285921
0.24099663911691838,0.35693821009510446
0.24103618376444524,0.2709267252018704
0.2410757284119721,0.24198396825415502
0.24111527305949895,0.21306162805215983
0.24115481770702582,0.18415579290173278
0.2411943623545527,0.15525649863512464
0.24123390700207956,0.12632480644701644
0.24127345164960642,0.09731676460911004
0.24131299629713326,0.04936689296122132
0.24135254094466013,-0.02451720614158137
0.241392085592187,-0.08141250465718575
0.24143163023971384,-0.22891028968097232
0.2414711748872407,-0.20930653684379102
0.24151071953476758,-0.19422283072144436
0.24155026418229444,-0.1791427620051198
0.2415898088298213,-0.1640020820717713
0.24162935347734815,-0.1488168905872173
0.24166889812487502,-0.2112815541954745
0.2417084427724019,-0.39395286477606417
0.24174798741992873,-0.44339381768195085
0.2417875320674556,-0.49284125985641597
0.24182707671498246,-0.5422899070337974
0.24186662136250933,-0.5920316799128256
0.2419061660100362,-0.641670204610451
0.24194571065756304,-0.6860088301723187
0.2419852553050899,-0.7303138209415679
0.24202479995261678,-0.7745560459250826
0.24206434460014362,-0.8171210285212611
0.24210388924767048,-0.9532084671853627
0.24214343389519735,-0.9890454870383397
0.24218297854272422,-1.0064844958042996
0.2422225231902511,-1.06295646294251
0.24226206783777793,-1.1255361590753779
0.2423016124853048,-1.1451464937897264
0.24234115713283166,-1.1214775547279288
0.2423807017803585,-1.0976318507622833
0.24242024642788537,-1.0735794743967413
0.24245979107541224,-1.0611024944568501
0.2424993357229391,-1.0594727346538109
0.24253888037046598,-1.057674487951995
0.24257842501799282,-1.121584350220392
0.24261796966551968,-1.1178569702680567
0.24265751431304655,-1.1199933957218597
0.2426970589605734,-1.1274448840347282
0.24273660360810026,-1.1348422377878684
0.24277614825562713,-1.151558096583413
0.242815692903154,-1.1719466312501607
0.24285523755068086,-1.192037898678393
0.2428947821982077,-0.9703183533357183
0.24293432684573457,-0.9416651188180053
0.24297387149326144,-0.9129927027961792
0.24301341614078828,-0.8423721517672257
0.24305296078831515,-0.7310595792914611
0.24309250543584202,-0.6305562077895224
0.24313205008336888,-0.5531841016263448
0.24317159473089575,-0.4756457985641786
0.2432111393784226,-0.3990260368847327
0.24325068402594946,-0.3260547664985367
0.24329022867347633,-0.23776267503059487
0.24332977332100317,-0.10631741392346039
0.24336931796853004,0.025144239252148454
0.2434088626160569,0.14422439722627936
0.24344840726358377,0.2469410469363702
0.24348795191111064,0.34963091821430986
0.24352749655863748,0.45190264919516343
0.24356704120616435,0.5541148822710457
0.24360658585369122,0.6951402086346424
0.24364613050121806,0.8829068669873575
0.24368567514874492,1.1341650443398392
0.2437252197962718,1.3304460269365763
0.24376476444379866,1.497139115782707
0.24380430909132553,1.6109683007985964
0.24384385373885237,1.724541009575207
0.24388339838637924,1.83216698732414
0.2439229430339061,1.8554358975366276
0.24396248768143294,1.8534927107788084
0.2440020323289598,1.8513989216629532
0.24404157697648668,1.848011597326595
0.24408112162401355,1.7930384443055898
0.24412066627154042,1.7236665572005991
0.24416021091906726,1.6608144812971404
0.24419975556659412,1.639325611773446
0.244239300214121,1.6294284056972501
0.24427884486164783,1.619534816756266
0.2443183895091747,1.6096200668618756
0.24435793415670157,1.6157660203683843
0.24439747880422844,1.6558800835063505
0.2444370234517553,1.690333043892214
0.24447656809928214,1.7018980946895577
0.244516112746809,1.713406208814729
0.24455565739433588,1.7248644216121323
0.24459520204186272,1.7360675779057768
0.2446347466893896,1.747284142885929
0.24467429133691646,1.7536270730730503
0.24471383598444332,1.7447868539661762
0.2447533806319702,1.779475324866448
0.24479292527949703,1.812123128556302
0.2448324699270239,1.7970959243529987
0.24487201457455077,1.778704222683842
0.2449115592220776,1.757215619640766
0.24495110386960448,1.7357323682860495
0.24499064851713134,1.7139231795493735
0.2450301931646582,1.6920722092536338
0.24506973781218508,1.6638788336937065
0.24510928245971192,1.6051376266204667
0.2451488271072388,1.5463439618309354
0.24518837175476565,1.5165570971723223
0.2452279164022925,1.489211285953952
0.24526746104981936,1.4312584249961844
0.24530700569734623,1.3402422460187657
0.2453465503448731,1.2493404464645577
0.24538609499239997,1.1316385495636878
0.2454256396399268,0.9492139092397462
0.24546518428745367,0.7263355578089847
0.24550472893498054,0.515984556771931
0.24554427358250738,0.2857485756214243
0.24558381823003425,0.12258853303113794
0.24562336287756112,-0.020957598668288724
0.245662907525088,-0.16447649369966974
0.24570245217261485,-0.308086319333079
0.2457419968201417,-0.5057180926210689
0.24578154146766856,-0.7129526467654296
0.24582108611519543,-0.9009119543351554
0.24586063076272227,-0.9972924085696633
0.24590017541024914,-1.0943188486111424
0.245939720057776,-1.1915139399708339
0.24597926470530287,-1.2687189044139786
0.24601880935282974,-1.2792235258222682
0.24605835400035658,-1.2664024259944804
0.24609789864788345,-1.2344499589062676
0.24613744329541032,-1.2234140875123396
0.24617698794293716,-1.2330380539694945
0.24621653259046403,-1.2546656442197093
0.2462560772379909,-1.2459898203817055
0.24629562188551776,-1.234419673820178
0.24633516653304463,-1.2229169211406026
0.24637471118057147,-1.2114425992082798
0.24641425582809834,-1.2082183056471523
0.2464538004756252,-1.1964440070475897
0.24649334512315205,-1.1840801078572958
0.24653288977067891,-1.1627118377253147
0.24657243441820578,-1.0828772379085314
0.24661197906573265,-0.9964417522375002
0.24665152371325952,-0.9551327292182558
0.24669106836078636,-0.9138631095409862
0.24673061300831323,-0.8726436862422519
0.2467701576558401,-0.8314755616985713
0.24680970230336693,-0.7903592654194598
0.2468492469508938,-0.7223423320252086
0.24688879159842067,-0.6125328740010566
0.24692833624594754,-0.5027602785606338
0.2469678808934744,-0.3930253606952229
0.24700742554100125,-0.22346251672460515
0.24704697018852811,0.059676802868198875
0.24708651483605498,0.1943246626939565
0.24712605948358182,0.32891023892565563
0.2471656041311087,0.5842258511945787
0.24720514877863556,0.639977405094426
0.24724469342616243,0.6955049162799412
0.2472842380736893,0.7508284604785326
0.24732378272121613,0.8087627848277252
0.247363327368743,0.878266331347734
0.24740287201626987,0.947530544701622
0.2474424166637967,1.01649892454255
0.24748196131132358,1.1092747362537199
0.24752150595885045,1.1762049147357612
0.24756105060637731,1.2819571330954098
0.24760059525390418,1.3101553522497262
0.24764013990143102,1.3099394524138768
0.2476796845489579,1.3017787039808317
0.24771922919648476,1.2934933529421881
0.2477587738440116,1.2886451667101553
0.24779831849153847,1.284897688995431
0.24783786313906533,1.280964909934593
0.2478774077865922,1.2733503887782387
0.24791695243411907,1.2117202343706022
0.2479564970816459,1.149833606661159
0.24799604172917278,1.0877229308024376
0.24803558637669965,1.026875050406465
0.2480751310242265,1.0189723657495324
0.24811467567175335,1.031815439514554
0.24815422031928022,1.0445298837465506
0.2481937649668071,1.057118295529477
0.24823330961433396,1.11023640503167
0.2482728542618608,1.1741564185929318
0.24831239890938767,1.2380520207254697
0.24835194355691453,1.2713846402420892
0.24839148820444137,1.2935360580878605
0.24843103285196824,1.34201395034696
0.2484705774994951,1.3911893304095106
0.24851012214702198,1.4403526760026233
0.24854966679454885,1.4639172227849773
0.24858921144207569,1.484452592476446
0.24862875608960255,1.5049939203333484
0.24866830073712942,1.5254681515617556
0.24870784538465626,1.5262974777898228
0.24874739003218313,1.4668304080601484
0.24878693467971,1.4032215392892755
0.24882647932723687,1.3614309816226766
0.24886602397476373,1.3434103589080753
0.24890556862229057,1.3253313666768853
0.24894511326981744,1.3092753171424856
0.2489846579173443,1.2963627144292804
0.24902420256487115,1.2848391179599645
0.24906374721239802,1.2831832995813057
0.24910329185992489,1.3061453803953063
0.24914283650745175,1.358947402217879
0.24918238115497862,1.4117208694825225
0.24922192580250546,1.075390063565478
0.24926147045003233,1.078263005761945
0.2493010150975592,1.0815834125597346
0.24934055974508604,1.084908941044222
0.2493801043926129,1.0882369659950926
0.24941964904013977,1.0915312517065199
0.24945919368766664,1.1132056013025453
0.2494987383351935,1.143549305157283
0.24953828298272035,1.178661209179579
0.24957782763024722,1.224022391700526
0.24961737227777409,1.2694606995712514
0.24965691692530093,1.3150099660407453
0.2496964615728278,1.3580510842107896
0.24973600622035466,1.3964662975536564
0.24977555086788153,1.4352604217602722
0.2498150955154084,1.474182173565826
0.24985464016293524,1.5005995625883748
0.2498941848104621,1.501842836415517
0.24993372945798897,1.5149753500005994
0.2499732741055158,1.5387936863871867
0.25001281875304265,1.563201460034271
0.2500523634005695,1.5826089250147457
0.2500919080480964,1.601419203745575
0.25013145269562326,1.6208248319503529
0.2501709973431501,1.6449854329752047
0.250210541990677,1.6917747480761376
0.25025008663820386,1.7386784264196027
0.2502896312857307,1.7845005480603058
0.25032917593325754,1.7651237510019682
0.2503687205807844,1.7403075703362418
0.2504082652283113,1.7311706386585672
0.25044780987583815,1.7394698581238641
0.250487354523365,1.7129086674324645
0.2505268991708919,1.6865652251050978
0.25056644381841875,1.6565786163717293
0.25060598846594556,1.6231541069567623
0.25064553311347243,1.5898724922696776
0.2506850777609993,1.5567153207147184
0.25072462240852617,1.5163341485260378
0.25076416705605303,1.4717624525342368
0.2508037117035799,1.4271999194208371
0.25084325635110677,1.3575977287164394
0.25088280099863364,1.2853384248470807
0.25092234564616045,1.2252644502849959
0.2509618902936873,1.1781959969498386
0.2510014349412142,1.1312147832048312
0.25104097958874105,1.0987754550453168
0.2510805242362679,1.0800703738211714
0.2511200688837948,1.05586841459978
0.25115961353132166,1.0317850190841114
0.2511991581788485,1.007797940793984
0.25123870282637534,0.9734939454429574
0.2512782474739022,0.9055805761038934
0.2513177921214291,0.8378442953592508
0.25135733676895594,0.7704365282743615
0.2513968814164828,0.6787102986215514
0.2514364260640097,0.4337194410247243
0.25147597071153655,0.30566799430886976
0.2515155153590634,0.19832538554754653
0.2515550600065902,0.0911398736059309
0.2515946046541171,-0.01587333441770994
0.25163414930164396,-0.12187281355238055
0.25167369394917083,-0.19823739178467176
0.2517132385966977,-0.2480817917052331
0.25175278324422456,-0.2695389756291853
0.25179232789175143,-0.28664699354172796
0.2518318725392783,-0.3036527774063041
0.2518714171868051,-0.32828485137452396
0.251910961834332,-0.41387340657341043
0.25195050648185885,-0.5134659144778703
0.2519900511293857,-0.8218304828414742
0.2520295957769126,-0.8813695023986569
0.25206914042443945,-0.9296685416150937
0.2521086850719663,-0.9573290799189627
0.2521482297194932,-0.9849568866418122
0.25218777436702,-1.0125767303803839
0.25222731901454687,-1.0814367647599783
0.25226686366207374,-1.1628454774136647
0.2523064083096006,-1.21506055162171
0.2523459529571275,-1.1881735749032998
0.25238549760465434,-1.1654424510352088
0.2524250422521812,-1.1440604007436759
0.2524645868997081,-1.1142691334942167
0.2525041315472349,-1.0843564524395906
0.25254367619476176,-1.0554580435361867
0.2525832208422886,-1.026644761170987
0.2526227654898155,-0.994826128622373
0.25266231013734236,-0.9624302622460525
0.25270185478486923,-0.9299155240916992
0.2527413994323961,-0.8972959813773831
0.25278094407992296,-0.8607503140802965
0.2528204887274498,-0.7937195329931636
0.25286003337497664,-0.7276528985515378
0.2528995780225035,-0.6614658245305679
0.2529391226700304,-0.5951780345255872
0.25297866731755725,-0.5301409291993455
0.2530182119650841,-0.4651566166139093
0.253057756612611,-0.42346624077648287
0.25309730126013785,-0.4121156870473034
0.25313684590766466,-0.44294232662217703
0.25317639055519153,-0.5347194038324155
0.2532159352027184,-0.6262476722904337
0.25325547985024527,-0.6649619573641224
0.25329502449777214,-0.6781049634479446
0.253334569145299,-0.6893440705912895
0.2533741137928259,-0.7006072630433261
0.25341365844035274,-0.6959572825506685
0.25345320308787955,-0.6773401994043354
0.2534927477354064,-0.7245426871414837
0.2535322923829333,-0.7827491938262963
0.25357183703046016,-0.8334752807288075
0.253611381677987,-0.8491971177198294
0.2536509263255139,-0.8649401616991822
0.25369047097304076,-0.8808210787869042
0.25373001562056763,-0.8740561983058117
0.25376956026809444,-0.8419867815771129
0.2538091049156213,-0.8100672639685571
0.2538486495631482,-0.8101283255410708
0.25388819421067504,-0.835507915745509
0.2539277388582019,-0.8870258550120041
0.2539672835057288,-0.9402997767743442
0.25400682815325565,-0.9936809452419917
0.2540463728007825,-1.049108992416054
0.25408591744830933,-1.0916178464828818
0.2541254620958362,-1.1327086843107144
0.25416500674336306,-1.1731138972924542
0.25420455139088993,-1.213593218286065
0.2542440960384168,-1.2438538711889373
0.25428364068594367,-1.2722000274019312
0.25432318533347054,-1.299345990115458
0.2543627299809974,-1.3156765492527567
0.2544022746285242,-1.3320525643483165
0.2544418192760511,-1.348437241141438
0.25448136392357795,-1.364316175736177
0.2545209085711048,-1.376272350490367
0.2545604532186317,-1.3881915366993234
0.25459999786615856,-1.37751715306164
0.2546395425136854,-1.321708975478987
0.2546790871612123,-1.2658124056342506
0.2547186318087391,-1.2098484734105555
0.254758176456266,-1.1537567163701847
0.25479772110379284,-1.0965721948934102
0.2548372657513197,-1.039306368774756
0.2548768103988466,-0.7720785137657484
0.25491635504637344,-0.8008012030678086
0.2549558996939003,-0.8294803210901961
0.2549954443414272,-0.8569471621452904
0.255034988988954,-0.7994713022345628
0.25507453363648086,-0.7154170503525936
0.25511407828400773,-0.6822404359385865
0.2551536229315346,-0.681085244969228
0.25519316757906146,-0.6799035093495566
0.25523271222658833,-0.6779863045354224
0.2552722568741152,-0.6743580140523002
0.25531180152164207,-0.6488495877166109
0.2553513461691689,-0.5872278528665434
0.25539089081669575,-0.5256280176545554
0.2554304354642226,-0.519958057441317
0.2554699801117495,-0.5358944027161012
0.25550952475927635,-0.5518933843771843
0.2555490694068032,-0.5679564393224135
0.2555886140543301,-0.5920547223886079
0.25562815870185696,-0.7609648640400757
0.25566770334938377,-0.9302251089386682
0.25570724799691064,-1.0381274004694923
0.2557467926444375,-1.0927654243148563
0.25578633729196437,-1.2763880753130692
0.25582588193949124,-1.260467937715977
0.2558654265870181,-1.2723203578198796
0.255904971234545,-1.2834497364143902
0.25594451588207184,-1.2938096908474734
0.25598406052959866,-1.304301337661964
0.2560236051771255,-1.321484284225971
0.2560631498246524,-1.365756367207665
0.25610269447217926,-1.410167581629676
0.2561422391197061,-1.4522764537470003
0.256181783767233,-1.4931175951085103
0.25622132841475986,-1.5334549448969645
0.25626087306228673,-1.573914445833981
0.25630041770981354,-1.6144886273000552
0.2563399623573404,-1.655205669096328
0.2563795070048673,-1.6855608781866391
0.25641905165239415,-1.710897411423328
0.256458596299921,-1.736337037704183
0.2564981409474479,-1.7618807631868783
0.25653768559497475,-1.7799354183854827
0.2565772302425016,-1.8024808536081451
0.25661677489002843,-1.8469454374475829
0.2566563195375553,-1.8915981743494514
0.25669586418508217,-1.9141912953582803
0.25673540883260904,-1.9221183615248763
0.2567749534801359,-1.9420388505838777
0.25681449812766277,-1.9667051571040126
0.25685404277518964,-1.9928749558861463
0.2568935874227165,-2.0327427816095236
0.2569331320702433,-2.072712894792099
0.2569726767177702,-2.112728134260119
0.25701222136529706,-2.1136482328717396
0.2570517660128239,-2.12161700444464
0.2570913106603508,-2.150022281361009
0.25713085530787766,-2.197456190106544
0.2571703999554045,-2.189285366498992
0.2572099446029314,-2.1815868813185624
0.2572494892504582,-2.1739477370514404
0.2572890338979851,-2.166366510619721
0.25732857854551194,-2.116131641782025
0.2573681231930388,-2.0574907206679938
0.2574076678405657,-1.9988788895073126
0.25744721248809255,-1.9568130422774894
0.2574867571356194,-1.9343254734069726
0.2575263017831463,-1.8972051007573483
0.2575658464306731,-1.8601282736503433
0.25760539107819996,-1.8230173073315874
0.25764493572572683,-1.786159844948181
0.2576844803732537,-1.7362299691693321
0.25772402502078057,-1.6863873674970362
0.25776356966830744,-1.6366531590611753
0.2578031143158343,-1.5958493084892138
0.25784265896336117,-1.5914332753331408
0.257882203610888,-1.5875655678471485
0.25792174825841485,-1.5837135028152813
0.2579612929059417,-1.5799767689434878
0.2580008375534686,-1.638036722582012
0.25804038220099546,-1.7056714323911706
0.2580799268485223,-1.7758885097813868
0.2581194714960492,-1.8463248252760167
0.25815901614357606,-1.9178376906081565
0.25819856079110287,-1.9762317072029623
0.25823810543862974,-2.0234483409193555
0.2582776500861566,-2.0582649650589264
0.2583171947336835,-2.09170586076648
0.25835673938121034,-2.0915121572479354
0.2583962840287372,-2.0915977904193475
0.2584358286762641,-2.0919745876867153
0.25847537332379095,-2.087927767298062
0.25851491797131776,-2.078437806540545
0.2585544626188446,-2.0582362594834374
0.2585940072663715,-2.0298474402158453
0.25863355191389836,-1.9979775591932802
0.25867309656142523,-1.9613659715201188
0.2587126412089521,-1.924962330946336
0.25875218585647897,-1.8887836434022618
0.25879173050400583,-1.8528051119566273
0.25883127515153265,-1.804171840415076
0.2588708197990595,-1.6904114773136936
0.2589103644465864,-1.5851656622833956
0.25894990909411325,-1.5737025026404354
0.2589894537416401,-1.591268320951018
0.259028998389167,-1.6350217362482522
0.25906854303669385,-1.610875357192357
0.2591080876842207,-1.5867516310934806
0.25914763233174753,-1.4185520830200304
0.2591871769792744,-1.3595174097190734
0.25922672162680127,-1.2983772004159346
0.25926626627432814,-1.2372197213828833
0.259305810921855,-1.1760406684344864
0.2593453555693819,-1.1111796920121018
0.25938490021690874,-1.0409670946271943
0.2594244448644356,-0.9706883485940849
0.2594639895119624,-0.9003513077874035
0.2595035341594893,-0.8335925687795475
0.25954307880701616,-0.7884196665930143
0.259582623454543,-0.7526338052273397
0.2596221681020699,-0.726923937731582
0.25966171274959676,-0.7012429949714937
0.25970125739712363,-0.6762716095080051
0.2597408020446505,-0.6527570285697527
0.2597803466921773,-0.6292503806278831
0.2598198913397042,-0.6079512831722159
0.25985943598723105,-0.2814682025910894
0.2598989806347579,-0.2506077537459388
0.2599385252822848,-0.21983101799655214
0.25997806992981165,-0.18913153508977965
0.2600176145773385,-0.15408237421597015
0.2600571592248654,-0.09799898479083269
0.2600967038723922,-0.07876911344382542
0.26013624851991907,-0.05952935328809361
0.26017579316744593,-0.0594813887061868
0.2602153378149728,-0.05968305221385062
0.26025488246249967,-0.05482572723171719
0.26029442711002654,-0.047881691842283525
0.2603339717575534,-0.040890081373810006
0.2603735164050803,-0.033877822014976355
0.2604130610526071,-0.026837811372390386
0.26045260570013395,-0.019723202201884726
0.2604921503476608,-0.010532117145038433
0.2605316949951877,0.005509486385032569
0.26057123964271456,0.025001784275847982
0.2606107842902414,0.11933711585309925
0.2606503289377683,0.29315528269651026
0.26068987358529516,0.4647717856827487
0.260729418232822,0.533609579839708
0.26076896288034884,0.5759325182552973
0.2608085075278757,0.6183042279759344
0.2608480521754026,0.6606315805605161
0.26088759682292945,0.6995483905926667
0.2609271414704563,0.7363495974029522
0.2609666861179832,0.766961416554986
0.26100623076551005,0.7975251042613872
0.26104577541303686,0.8263926319821197
0.26108532006056373,0.8329521320561568
0.2611248647080906,0.8395212295018293
0.26116440935561747,0.8460747730141523
0.26120395400314433,0.8527320131791464
0.2612434986506712,0.859222480023623
0.26128304329819807,0.8695674427492514
0.26132258794572494,0.8855791861997845
0.26136213259325175,0.9014248202216055
0.2614016772407786,0.9099536684869264
0.2614412218883055,0.9093952323110104
0.26148076653583235,0.9090071505955446
0.2615203111833592,0.9085922146720293
0.2615598558308861,0.9081520613207079
0.26159940047841296,0.9076942632162515
0.2616389451259398,0.7114022666125217
0.26167848977346664,0.6699215012417108
0.2617180344209935,0.6284100114530591
0.2617575790685204,0.6422966768643982
0.26179712371604724,0.6749629312736287
0.2618366683635741,0.7073652215383809
0.261876213011101,0.7396477041026676
0.26191575765862785,1.135869498247211
0.2619553023061547,1.2507260420315192
0.2619948469536815,1.3656056366302192
0.2620343916012084,1.4678181084707194
0.26207393624873526,1.5414205067765807
0.26211348089626213,1.5531778538193053
0.262153025543789,1.583872093059589
0.26219257019131587,1.651351849278677
0.26223211483884273,1.7187779590662786
0.2622716594863696,1.7846885057119055
0.2623112041338964,1.8486012793408946
0.2623507487814233,1.9125782104213258
0.26239029342895015,1.976479875046726
0.262429838076477,2.037793749478163
0.2624693827240039,2.0921118457906354
0.26250892737153075,2.137774166396539
0.2625484720190576,2.1774274475833693
0.2625880166665845,2.247413148689935
0.2626275613141113,2.409931796244152
0.26266710596163817,2.4095302655785735
0.26270665060916504,2.409076370447161
0.2627461952566919,2.4085701978985568
0.2627857399042188,2.4079701749617626
0.26282528455174564,2.4072303330076665
0.2628648291992725,2.3980903091653545
0.2629043738467994,2.3870046953361683
0.2629439184943262,2.3758569545433197
0.26298346314185306,2.366856451608402
0.2630230077893799,2.355708518770549
0.2630625524369068,2.3444828602546126
0.26310209708443366,2.333138015917646
0.26314164173196053,2.3217043849103978
0.2631811863794874,2.310197868251535
0.26322073102701427,2.2986405544013815
0.2632602756745411,2.286935810821481
0.26329982032206795,2.031965009895152
0.2633393649695948,2.0067966736885774
0.2633789096171217,1.981442457793264
0.26341845426464855,1.955827086139279
0.2634579989121754,1.929826589153116
0.2634975435597023,1.9035200831056982
0.26353708820722915,1.932944824098246
0.26357663285475597,1.9643350034960512
0.26361617750228283,1.9699870813981428
0.2636557221498097,1.9392870440201238
0.26369526679733657,1.8787792266536005
0.26373481144486344,1.8183441093227413
0.2637743560923903,1.7579870135221591
0.2638139007399172,1.6977461979241162
0.26385344538744404,1.6565695043461806
0.26389299003497085,1.6341407507020744
0.2639325346824977,1.6119016053735309
0.2639720793300246,1.5894840618108201
0.26401162397755146,1.563139305000436
0.2640511686250783,1.532590514241887
0.2640907132726052,1.4947913034981117
0.26413025792013206,1.4502110043264895
0.26416980256765893,1.4056896873204585
0.26420934721518574,1.351259400238229
0.2642488918627126,1.2969313337704618
0.2642884365102395,1.2427848218602195
0.26432798115776635,1.1928966146320967
0.2643675258052932,1.0041680698468003
0.2644070704528201,0.993462297482828
0.26444661510034695,0.9853305924685677
0.2644861597478738,0.9844469250707172
0.26452570439540063,0.9836294759605021
0.2645652490429275,1.000369310118967
0.26460479369045437,1.0176410762290142
0.26464433833798123,1.016342450912015
0.2646838829855081,1.010692010110206
0.26472342763303497,1.0050705926478634
0.26476297228056184,0.9949303692778577
0.2648025169280887,0.9844817687969849
0.2648420615756155,0.9828630054203926
0.2648816062231424,0.9814573595580731
0.26492115087066925,0.9889620355214884
0.2649606955181961,1.041576660149694
0.265000240165723,1.0580511345154833
0.26503978481324986,1.074515620584592
0.2650793294607767,1.0910206976418098
0.2651188741083036,1.1075768932794794
0.2651584187558304,1.1477758160575369
0.2651979634033573,1.2123245910309621
0.26523750805088414,1.2771547574115025
0.265277052698411,1.334747282289015
0.2653165973459379,1.3801666581371625
0.26535614199346474,1.4257888713148845
0.2653956866409916,1.4478858323034138
0.2654352312885185,1.4602679807685204
0.2654747759360453,1.472828290763707
0.26551432058357216,1.5088680502708027
0.26555386523109903,1.64051730100245
0.2655934098786259,1.7853198148245504
0.26563295452615276,2.3317780375069646
0.26567249917367963,2.319318226964548
0.2657120438212065,2.3069474521907902
0.26575158846873337,2.294584723858263
0.2657911331162602,2.28182029668815
0.26583067776378705,2.268352665063719
0.2658702224113139,2.2546743623293084
0.2659097670588408,2.2408027149187166
0.26594931170636765,2.2371369875711955
0.2659888563538945,2.232833107627071
0.2660284010014214,2.228493598799118
0.26606794564894826,2.2241143838705626
0.26610749029647507,2.242014938951491
0.26614703494400194,2.2866215444548192
0.2661865795915288,2.320675806941759
0.2662261242390557,2.362279036068025
0.26626566888658254,2.4178503219146354
0.2663052135341094,2.4330655827448506
0.2663447581816363,2.412371930660143
0.26638430282916314,2.3908193400461695
0.26642384747668996,2.3692007691276014
0.2664633921242168,2.343986414602399
0.2665029367717437,2.310803258321952
0.26654248141927056,2.2951415530514176
0.26658202606679743,2.2794455778114595
0.2666215707143243,2.2636740746942063
0.26666111536185116,2.2477629302895163
0.26670066000937803,2.241142181095658
0.26674020465690484,2.233728802595498
0.2667797493044317,2.2260807220320307
0.2668192939519586,2.218057813321649
0.26685883859948545,2.208462806224778
0.2668983832470123,2.1147815883072076
0.2669379278945392,2.0082620820124775
0.26697747254206605,1.8253410767267357
0.2670170171895929,1.6424054774346675
0.26705656183711973,1.4706362859058564
0.2670961064846466,1.3472893803506354
0.26713565113217347,1.2238940048232674
0.26717519577970034,1.0790228841116694
0.2672147404272272,0.8949381455050149
0.26725428507475407,0.7056251662592237
0.26729382972228094,0.5157457693991484
0.2673333743698078,0.39169664961766565
0.2673729190173346,0.2832547514744987
0.2674124636648615,0.17509637115007104
0.26745200831238836,0.07021167641177906
0.2674915529599152,-0.03456681893179503
0.2675310976074421,-0.13921399414453728
0.26757064225496896,-0.26584577561011247
0.26761018690249583,-0.40294869362649316
0.2676497315500227,-0.5391127578975827
0.2676892761975495,-0.6850985282895723
0.2677288208450764,-0.843552107999663
0.26776836549260324,-0.9860148973806272
0.2678079101401301,-1.101140044316586
0.267847454787657,-1.220358076549044
0.26788699943518385,-1.3629515500635638
0.2679265440827107,-1.505498333627456
0.2679660887302376,-1.6479980605866649
0.2680056333777644,-1.7903033352788726
0.26804517802529126,-1.9267552832985575
0.26808472267281813,-2.0604422191611795
0.268124267320345,-2.180603479866128
0.26816381196787187,-2.3008884655047663
0.26820335661539874,-2.771811091568363
0.2682429012629256,-2.881812109350984
0.26828244591045247,-2.9920006314838306
0.2683219905579793,-3.102338206912991
0.26836153520550615,-3.2128293942770556
0.268401079853033,-3.323781919259376
0.2684406245005599,-3.440308885843657
0.26848016914808676,-3.556953093828847
0.2685197137956136,-3.68340164372414
0.2685592584431405,-3.8230570163538706
0.26859880309066736,-3.9627522959926313
0.26863834773819417,-4.102469035158359
0.26867789238572104,-4.196536847746115
0.2687174370332479,-4.2906522765532165
0.2687569816807748,-4.384814951847838
0.26879652632830164,-4.479028430103546
0.2688360709758285,-4.573307400858716
0.2688756156233554,-4.8371047398232125
0.26891516027088225,-4.648861682851067
0.26895470491840906,-4.590715637335129
0.26899424956593593,-4.606140588122841
0.2690337942134628,-4.6217040780356555
0.26907333886098966,-4.637405990645328
0.26911288350851653,-4.653330620580119
0.2691524281560434,-4.674503096967089
0.26919197280357027,-4.7263914095405175
0.26923151745109714,-4.792097563814696
0.26927106209862395,-4.806729013470786
0.2693106067461508,-4.821601979013705
0.2693501513936777,-4.836720256120316
0.26938969604120455,-4.852066384515622
0.2694292406887314,-4.8699040807015095
0.2694687853362583,-4.891215240104569
0.26950832998378516,-4.902723260700997
0.269547874631312,-4.709649210346359
0.26958741927883884,-4.682993588810824
0.2696269639263657,-4.6378025692843154
0.26966650857389257,-4.573498575642377
0.26970605322141944,-4.5093717081722025
0.2697455978689463,-4.4454366591422625
0.2697851425164732,-4.381693059698075
0.26982468716400004,-4.318132123127176
0.2698642318115269,-4.2145344806962335
0.2699037764590537,-3.9485436796704976
0.2699433211065806,-3.409973435310695
0.26998286575410746,-3.3520914462389864
0.2700224104016343,-3.2993503675402733
0.2700619550491612,-3.2702708870062276
0.27010149969668806,-3.2413755925154977
0.27014104434421493,-3.2126541271410587
0.2701805889917418,-3.184133499806132
0.2702201336392686,-3.15584362233138
0.2702596782867955,-3.1277297086044618
0.27029922293432235,-3.0464053152610666
0.2703387675818492,-2.9645540127257783
0.2703783122293761,-2.8828293810518493
0.27041785687690295,-2.8274067799625966
0.2704574015244298,-2.775230520195306
0.2704969461719567,-2.7229990483105944
0.2705364908194835,-2.6707051923750877
0.27057603546701037,-2.6183482154912934
0.27061558011453724,-2.545242155764908
0.2706551247620641,-2.468388687418469
0.27069466940959097,-2.391367566660391
0.27073421405711784,-2.312191486980159
0.2707737587046447,-2.1983199840135237
0.2708133033521716,-2.070292181062286
0.2708528479996984,-1.942088650094595
0.27089239264722526,-1.8137984928170208
0.2709319372947521,-1.7242389884320042
0.270971481942279,-1.660128197875548
0.27101102658980586,-1.5959616032082065
0.2710505712373327,-1.531694208780563
0.2710901158848596,-1.4673105987071018
0.27112966053238646,-1.2996461314764076
0.2711692051799133,-1.1728866269875218
0.27120874982744014,-1.1031417503888346
0.271248294474967,-1.0331756370937841
0.2712878391224939,-1.001431004667812
0.27132738377002075,-1.0144230620302308
0.2713669284175476,-1.027349699373634
0.2714064730650745,-1.0402155064115404
0.27144601771260135,-1.0530619643827486
0.27148556236012816,-1.1485505784603476
0.27152510700765503,-1.2800613309075666
0.2715646516551819,-1.381414459653439
0.27160419630270877,-1.4055861557809186
0.27164374095023563,-1.429654269037486
0.2716832855977625,-1.4535266304366008
0.27172283024528937,-1.4771807333740892
0.27176237489281624,-1.5666204704852396
0.27180191954034305,-1.5662800117253741
0.2718414641878699,-1.5657921704946498
0.2718810088353968,-1.565176829892935
0.27192055348292365,-1.5643888539363624
0.2719600981304505,-1.563428614209775
0.2719996427779774,-1.4023247079552668
0.27203918742550426,-1.2781549590815933
0.2720787320730311,-1.2155444932881434
0.27211827672055794,-1.1529158630503538
0.2721578213680848,-1.090263143023116
0.2721973660156117,-1.0446273164675495
0.27223691066313854,-1.0001555981301602
0.2722764553106654,-0.9556713379577044
0.2723159999581923,-0.9111732937953145
0.27235554460571915,-0.8665777717235725
0.272395089253246,-0.8218608805581633
0.2724346339007728,-0.7392981290708067
0.2724741785482997,-0.6524948188942554
0.27251372319582656,-0.5656227940304046
0.27255326784335343,-0.5178333004688662
0.2725928124908803,-0.48066651542251915
0.27263235713840717,-0.4434853034925954
0.27267190178593403,-0.40629132592366446
0.2727114464334609,-0.3821870087476342
0.2727509910809877,-0.4001118893262754
0.2727905357285146,-0.4628043348851092
0.27283008037604145,-0.5396353915864656
0.2728696250235683,-0.6163452200249873
0.2729091696710952,-0.66268932108606
0.27294871431862205,-0.69317264509998
0.2729882589661489,-0.7234353682547034
0.2730278036136758,-0.7535668435261191
0.2730673482612026,-0.7828716072454001
0.27310689290872947,-0.8121140905572124
0.27314643755625634,-0.8412941647082408
0.2731859822037832,-0.8288444241294981
0.2732255268513101,-0.8153979564305238
0.27326507149883694,-0.8018349569287824
0.2733046161463638,-0.7881382030701629
0.2733441607938907,-0.7743269773424171
0.2733837054414175,-0.5192483370800038
0.27342325008894436,-0.4827206313352266
0.2734627947364712,-0.45175038789381694
0.2735023393839981,-0.4208321227137155
0.27354188403152496,-0.40399153912353825
0.27358142867905183,-0.4025863951285149
0.2736209733265787,-0.4300982667891089
0.27366051797410557,-0.4658331497115933
0.2737000626216324,-0.457150885355464
0.27373960726915925,-0.4483758092867365
0.2737791519166861,-0.43950717592903277
0.273818696564213,-0.43054775263422784
0.27385824121173985,-0.4170143960445476
0.2738977858592667,-0.39835723133242484
0.2739373305067936,0.10509539158021308
0.27397687515432045,0.11479448664899561
0.27401641980184727,0.12449410575109443
0.27405596444937413,0.1341824409527952
0.274095509096901,0.15061465706733634
0.27413505374442787,0.19023735403001352
0.27417459839195474,0.23503289775800806
0.2742141430394816,0.3057693231333294
0.2742536876870085,0.3765082138838911
0.27429323233453534,0.4472446893347939
0.27433277698206215,0.5214503864413775
0.274372321629589,0.6501967141489269
0.2744118662771159,0.7634910517453051
0.27445141092464276,0.8766797697494346
0.2744909555721696,0.9771682727797151
0.2745305002196965,1.0523417508720136
0.27457004486722336,1.1268793982275476
0.27460958951475023,1.2422449158668227
0.27464913416227704,1.4059597912004609
0.2746886788098039,1.5164498402916078
0.2747282234573308,1.5904825118073005
0.27476776810485765,1.6660618940780845
0.2748073127523845,1.7518546868787528
0.2748468573999114,1.837538071178925
0.27488640204743825,1.9015742669305569
0.2749259466949651,1.9469307454998808
0.27496549134249193,1.992203244578313
0.2750050359900188,2.03738351550975
0.27504458063754567,2.0824670380953654
0.27508412528507253,2.421504544564969
0.2751236699325994,2.453262568574784
0.27516321458012627,2.47753179507939
0.27520275922765314,2.501786454972297
0.27524230387518,2.526059718879681
0.2752818485227068,2.55035260141633
0.2753213931702337,2.5742190626578356
0.27536093781776055,2.595916644640609
0.2754004824652874,2.617824602141183
0.2754400271128143,2.7408658860938155
0.27547957176034116,2.7387636795226333
0.275519116407868,2.735464896961494
0.2755586610553949,2.724311847952624
0.2755982057029217,2.713182362405321
0.2756377503504486,2.704540984989084
0.27567729499797544,2.7030666026014476
0.2757168396455023,2.7016023495812247
0.2757563842930292,2.7001493654973747
0.27579592894055605,2.698718716127473
0.2758354735880829,2.697375342748329
0.2758750182356098,2.6961406639531784
0.2759145628831366,2.685334226261785
0.27595410753066346,2.6740189368541305
0.27599365217819033,2.662745184522718
0.2760331968257172,2.6596426160288984
0.27607274147324407,2.671071608014575
0.27611228612077093,2.695136929376948
0.2761518307682978,2.7192348546898675
0.27619137541582467,2.743370508140216
0.2762309200633515,2.76755691613444
0.27627046471087835,2.7915236408329465
0.2763100093584052,2.8244349872849446
0.2763495540059321,2.8601679528357735
0.27638909865345895,2.8958247934588233
0.2764286433009858,2.909683261273381
0.2764681879485127,3.691718676267006
0.27650773259603956,3.7629456334897973
0.27654727724356637,3.8332918361502584
0.27658682189109324,3.8922397662475037
0.2766263665386201,3.892563067267772
0.276665911186147,3.8930029805585877
0.27670545583367384,3.8924154790776413
0.2767450004812007,3.887737528798228
0.2767845451287276,3.883516694077668
0.27682408977625445,3.8579528170055815
0.27686363442378126,3.8243598536483563
0.2769031790713081,3.7908778013095095
0.276942723718835,3.7767719707935683
0.27698226836636186,3.5039961840201674
0.27702181301388873,3.49541078196617
0.2770613576614156,3.486921769363637
0.27710090230894246,3.478464786486159
0.27714044695646933,3.4700264610962037
0.27717999160399615,3.461606050030159
0.277219536251523,3.4185261363167365
0.2772590808990499,3.3599714620432
0.27729862554657675,3.301418270236116
0.2773381701941036,3.2428259406116027
0.2773777148416305,3.1841973423848664
0.27741725948915735,2.943676302794575
0.2774568041366842,2.6880854174204125
0.27749634878421103,2.432494499151068
0.2775358934317379,2.1494045436948763
0.27757543807926477,2.0166801169414192
0.27761498272679164,1.884072180728193
0.2776545273743185,1.4633009859760109
0.2776940720218454,1.3944654670024508
0.27773361666937224,1.3257779121704902
0.2777731613168991,1.2592781357441867
0.2778127059644259,1.194712574606137
0.2778522506119528,1.130295255527409
0.27789179525947966,1.0660684320603002
0.2779313399070065,1.033782135313541
0.2779708845545334,1.0110757928194471
0.27801042920206026,0.9885623039686595
0.27804997384958713,0.955782896902641
0.278089518497114,0.9175969982283687
0.2781290631446408,0.8795327412494107
0.2781686077921677,0.8249899386082096
0.27820815243969454,0.7631339217915907
0.2782476970872214,0.7014988776731201
0.2782872417347483,0.6450508077193751
0.27832678638227515,0.5982396088161306
0.278366331029802,0.5516065957095442
0.2784058756773289,0.5051365008648938
0.2784454203248557,0.4845230587315035
0.27848496497238256,0.4779999063818252
0.27852450961990943,0.4613679658163712
0.2785640542674363,0.4444270460109758
0.27860359891496317,0.4276336532821039
0.27864314356249004,0.4108872677801043
0.2786826882100169,0.39663767333050437
0.2787222328575438,0.39643917034007914
0.2787617775050706,0.39654082792153544
0.27880132215259745,0.38577300210276677
0.2788408668001243,0.3330566366418066
0.2788804114476512,0.2760820344154553
0.27891995609517806,0.21909831466630236
0.2789595007427049,0.16226564230634755
0.2789990453902318,0.11407968824383352
0.27903859003775866,0.1296588464613131
0.2790781346852855,0.14812541454664951
0.27911767933281234,0.16670816633063246
0.2791572239803392,0.1926646178596907
0.2791967686278661,0.23758069012873384
0.27923631327539294,0.27742633983718035
0.2792758579229198,0.3173689525110508
0.2793154025704467,0.3603193470091306
0.27935494721797355,0.4033185842004383
0.27939449186550036,0.4463602037040788
0.27943403651302723,0.48400927447331865
0.2794735811605541,0.5214751311432073
0.27951312580808096,0.5589037542235031
0.27955267045560783,0.6040136543713992
0.2795922151031347,0.6536986655865862
0.27963175975066157,0.7026189138288514
0.27967130439818844,0.7514555620573347
0.27971084904571525,0.8002675016676613
0.2797503936932421,0.8491299276712929
0.279789938340769,0.8980351955346528
0.27982948298829585,0.9467934393869581
0.2798690276358227,0.9997612025460754
0.2799085722833496,1.0774224117937838
0.27994811693087646,1.1536342383277227
0.2799876615784033,1.2281772674925893
0.28002720622593014,1.2906408121766766
0.280066750873457,1.328321787106745
0.2801062955209839,1.3660143575140689
0.28014584016851074,1.4037238636830809
0.2801853848160376,1.4415769327050076
0.2802249294635645,1.4721894350903186
0.28026447411109134,1.5004045722950816
0.28030401875861816,1.5042573557081975
0.280343563406145,1.5074976501311055
0.2803831080536719,1.5073003662045406
0.28042265270119876,1.4714298788878015
0.28046219734872563,1.4367930585028168
0.2805017419962525,1.4088573813060354
0.28054128664377936,1.3829187787427852
0.2805808312913062,1.3620028968805766
0.28062037593883304,1.3351776818081609
0.2806599205863599,1.3013161741416361
0.2806994652338868,1.2675017488921154
0.28073900988141365,1.2348211147809594
0.2807785545289405,1.20288285039686
0.2808180991764674,1.166047471024107
0.28085764382399425,1.1251938380629922
0.2808971884715211,1.084430832160723
0.28093673311904793,1.042866418297905
0.2809762777665748,0.9887376032676718
0.28101582241410167,0.9201511128236872
0.28105536706162854,0.8454848244205855
0.2810949117091554,0.7708342259368217
0.28113445635668227,0.6962909548518486
0.28117400100420914,0.6353717917490742
0.28121354565173595,0.584058384594998
0.2812530902992628,0.5328149123692587
0.2812926349467897,0.48162279743902237
0.28133217959431656,0.4304433094911735
0.2813717242418434,0.3832557751054304
0.2814112688893703,0.3395352071241011
0.28145081353689716,0.29589382604213577
0.281490358184424,0.2429145144283078
0.2815299028319509,0.10755288976183608
0.2815694474794777,-0.10559127381133604
0.2816089921270046,-0.31868986550154044
0.28164853677453144,-0.53235151888601
0.2816880814220583,-0.8588339158401863
0.2817276260695852,-1.146472047010766
0.28176717071711205,-1.196256109077526
0.2818067153646389,-1.2461422808351494
0.28184626001216573,-1.2961108713513625
0.2818858046596926,-1.3428398132374209
0.28192534930721946,-1.3797754730114082
0.28196489395474633,-1.4168004598810935
0.2820044386022732,-1.4539255650086138
0.28204398324980007,-1.4911577173271942
0.28208352789732694,-1.5284951429130353
0.2821230725448538,-1.565938997935042
0.28216261719238067,-1.6298588962478573
0.2822021618399075,-1.693853679537319
0.28224170648743435,-1.757917662275908
0.2822812511349612,-1.800370082937194
0.2823207957824881,-1.8251588198929152
0.28236034043001496,-1.8500402217450256
0.2823998850775418,-1.875953427050524
0.2824394297250687,-1.903599822766234
0.2824789743725955,-1.9314185020899308
0.28251851902012237,-1.9592259642117629
0.28255806366764924,-1.9725715145621283
0.2825976083151761,-1.975184059713318
0.282637152962703,-1.9777595506371934
0.28267669761022984,-1.9721036548159125
0.2827162422577567,-1.9543999915243602
0.2827557869052836,-1.9366992339150482
0.28279533155281045,-1.918998403988663
0.28283487620033726,-1.8987275909222276
0.2828744208478641,-1.8617124954701316
0.282913965495391,-1.8027007667449115
0.28295351014291786,-1.7436895263228387
0.28299305479044473,-1.6846696497389029
0.2830325994379716,-1.6887931502615245
0.28307214408549847,-1.7594492317639594
0.2831116887330253,-1.7588573355336883
0.28315123338055215,-1.7461326822102212
0.283190778028079,-1.7350531787048844
0.2832303226756059,-1.7408094919709785
0.28326986732313275,-1.7464137164973148
0.2833094119706596,-1.7519521273316048
0.2833489566181865,-1.757431405998988
0.28338850126571336,-1.7276419680950579
0.2834280459132402,-1.6874909361508306
0.28346759056076704,-1.64717989506745
0.2835071352082939,-1.589615512084543
0.28354667985582077,-1.5277901264017513
0.28358622450334764,-1.4407732546366587
0.2836257691508745,-1.3364992432506668
0.2836653137984014,-1.2572028803662583
0.28370485844592824,-1.1792147924196268
0.28374440309345506,-1.1010130651896963
0.2837839477409819,-1.0228503216591363
0.2838234923885088,-0.9247796339296814
0.28386303703603566,-0.8262940418302691
0.2839025816835625,-0.727744302172538
0.2839421263310894,-0.6291303801943517
0.28398167097861626,-0.5225810893587006
0.28402121562614313,-0.3661133600131872
0.28406076027367,-0.20956585114317283
0.2841003049211968,-0.05285933836208878
0.2841398495687237,0.10867943451246553
0.28417939421625055,0.2663689875066224
0.2842189388637774,0.3786447582059136
0.2842584835113043,0.49086302550379934
0.28429802815883115,0.6029992887449767
0.284337572806358,0.7150274127631993
0.28437711745388483,0.826946123541126
0.2844166621014117,0.8709486816970358
0.28445620674893857,0.904717206920522
0.28449575139646543,0.938399904711479
0.2845352960439923,1.4424789068390258
0.28457484069151917,1.3822764459430665
0.28461438533904604,1.3219843316499564
0.2846539299865729,1.2663185148915854
0.2846934746340998,1.2414798826217976
0.2847330192816266,1.2164897618990962
0.28477256392915345,1.1914031336707587
0.2848121085766803,1.160837491890006
0.2848516532242072,1.1296006737504083
0.28489119787173406,1.1039525056440325
0.2849307425192609,1.0781311668888207
0.2849702871667878,1.0661314951963947
0.2850098318143146,1.0554711224923061
0.2850493764618415,1.0446116170442747
0.28508892110936834,1.033582587662307
0.2851284657568952,1.022387974985861
0.2851680104044221,1.0090422413124396
0.28520755505194895,0.9955782544184428
0.2852470996994758,0.9819962605519519
0.2852866443470027,0.9724236725633275
0.28532618899452955,0.9574231556477646
0.28536573364205636,0.9421148453458137
0.28540527828958323,0.9258914375603138
0.2854448229371101,0.90958774940861
0.28548436758463697,0.8706465253438089
0.28552391223216383,0.7962397970419739
0.2855634568796907,0.7217547969727329
0.28560300152721757,0.6472101351343389
0.2856425461747444,0.5334400665546593
0.28568209082227125,0.4093237249585806
0.2857216354697981,0.28214662296472803
0.285761180117325,-0.3789127967304988
0.28580072476485185,-0.4091407632021986
0.2858402694123787,-0.43935877515960065
0.2858798140599056,-0.45485282906440294
0.28591935870743246,-0.45953645809178956
0.2859589033549593,-0.4642701557784281
0.28599844800248614,-0.46905132064688604
0.286037992650013,-0.47390131986517225
0.2860775372975399,-0.478761079525335
0.28611708194506674,-0.4835777569361479
0.2861566265925936,-0.487982339365157
0.2861961712401205,-0.5042248394449813
0.28623571588764735,-0.5228551878983889
0.28627526053517416,-0.5415215152060961
0.286314805182701,-0.5370724018527209
0.2863543498302279,-0.531369106997523
0.28639389447775476,-0.5257631294100198
0.28643343912528163,-0.5202538019134229
0.2864729837728085,-0.5148433522571136
0.28651252842033537,-0.5095233883653163
0.28655207306786223,-0.5042885429460793
0.2865916177153891,-0.4766549000504885
0.2866311623629159,-0.4156854375605672
0.2866707070104428,-0.3585093789082927
0.28671025165796965,-0.32780980185893527
0.2867497963054965,-0.27725974689689026
0.2867893409530234,-0.22650642547790678
0.28682888560055025,-0.17553787845186397
0.2868684302480771,-0.12696619647405183
0.28690797489560393,-0.08060848006876187
0.2869475195431308,-0.034070735253002304
0.28698706419065767,0.02233284342003361
0.28702660883818454,0.12595352172040086
0.2870661534857114,0.2344344157641156
0.2871056981332383,0.3490685557633344
0.28714524278076514,0.4638670684861814
0.287184787428292,0.5788308687208168
0.2872243320758189,0.6828121358226389
0.2872638767233457,0.7702699462937459
0.28730342137087256,0.8789931932984227
0.2873429660183994,0.9987652542936152
0.2873825106659263,1.118832249517465
0.28742205531345316,1.2401084238455884
0.28746159996098003,1.3684357349884142
0.2875011446085069,1.5003869188953338
0.2875406892560337,1.6325023457620367
0.2875802339035606,1.764743564156095
0.28761977855108745,1.8906782542456013
0.2876593231986143,1.9714610823905572
0.2876988678461412,2.0541006183849677
0.28773841249366805,2.13785562932436
0.2877779571411949,2.221581989694264
0.2878175017887218,2.3052753485062434
0.28785704643624865,2.313471996273689
0.28789659108377547,2.2970785165277725
0.28793613573130233,2.2808164898982124
0.2879756803788292,2.264754888972012
0.28801522502635607,2.234796845252193
0.28805476967388294,2.204866898146675
0.2880943143214098,2.1749683141676677
0.2881338589689367,2.138834277744343
0.2881734036164635,2.09310592248833
0.28821294826399035,2.0586781728883228
0.2882524929115172,2.0267212737394495
0.2882920375590441,2.0017284208850565
0.28833158220657096,1.9765400726938216
0.2883711268540978,1.9514941557492105
0.2884106715016247,1.9266108959850636
0.28845021614915156,1.9018244587049082
0.28848976079667843,1.8965457447794605
0.28852930544420524,1.8946393395808403
0.2885688500917321,1.8917354200714702
0.288608394739259,1.8889379612862127
0.28864793938678585,1.8865047710305722
0.2886874840343127,1.8783198673178634
0.2887270286818396,1.856661982571235
0.28876657332936645,1.808607634624333
0.28880611797689326,1.7582731360241197
0.28884566262442013,1.7079285574922252
0.288885207271947,1.6005828463621956
0.28892475191947387,1.3973629611009524
0.28896429656700073,1.263090021175107
0.2890038412145276,1.1736859182279744
0.28904338586205447,1.0800972013661403
0.28908293050958134,0.9864680340686616
0.2891224751571082,0.8999267072167376
0.289162019804635,0.8246122027087815
0.2892015644521619,0.7930491455345023
0.28924110909968875,0.7614442140962587
0.2892806537472156,0.7297461739775883
0.2893201983947425,0.6976484558192017
0.28935974304226936,0.6654006980800959
0.2893992876897962,0.6329486148868676
0.28943883233732304,0.5933649548017322
0.2894783769848499,0.5159976306064141
0.2895179216323768,0.4384225711566899
0.28955746627990364,0.36064723637745244
0.2895970109274305,0.28266151348745083
0.2896365555749574,0.20627222064740847
0.28967610022248425,0.11478580203407529
0.2897156448700111,0.006383897979758579
0.289755189517538,-0.10222805899477394
0.2897947341650648,-0.2110410871941667
0.28983427881259166,-0.33479546642051905
0.28987382346011853,-0.4633393835880568
0.2899133681076454,-0.5921308355949593
0.28995291275517227,-0.7258971039270442
0.28999245740269913,-0.8639252886935523
0.290032002050226,-1.002045775040967
0.2900715466977528,-1.1241561105341824
0.2901110913452797,-1.2819740553936636
0.29015063599280655,-1.4001849432982514
0.2901901806403334,-1.4063481967765306
0.2902297252878603,-1.4125620190813037
0.29026926993538715,-1.4188171930990268
0.290308814582914,-1.4251142291754855
0.2903483592304409,-1.4314536406336884
0.29038790387796776,-1.3999288879633505
0.29042744852549457,-1.353144869603087
0.29046699317302144,-1.3064606229722986
0.2905065378205483,-1.2641527113001598
0.2905460824680752,-1.2366748006452517
0.29058562711560204,-1.209386459948938
0.2906251717631289,-1.1822776907059653
0.2906647164106558,-1.1553312761789534
0.2907042610581826,-1.1545290597707065
0.29074380570570946,-1.1571839462384026
0.2907833503532363,-1.1621385174629104
0.2908228950007632,-1.171530639149572
0.29086243964829006,-1.1714352440981044
0.29090198429581693,-1.1715637064668334
0.2909415289433438,-1.1718353504755576
0.29098107359087066,-1.16885604164163
0.29102061823839753,-1.1654848512702731
0.29106016288592435,-1.1621233124661348
0.2910997075334512,-1.1587019949628377
0.2911392521809781,-1.2423041838409072
0.29117879682850495,-1.3300179273758732
0.2912183414760318,-1.4176444884751414
0.2912578861235587,-1.4485939413073026
0.29129743077108555,-1.4590574423839304
0.29133697541861237,-1.2251234538145885
0.29137652006613923,-1.1195973975890605
0.2914160647136661,-1.0975282810867562
0.29145560936119297,-1.0752655545175462
0.29149515400871984,-1.0526744207951348
0.2915346986562467,-1.0298647927963585
0.2915742433037736,-1.006970709599683
0.29161378795130044,-0.9839924562176764
0.2916533325988273,-0.9538275562654462
0.2916928772463541,-0.8933147595044878
0.291732421893881,-0.8326316500100989
0.29177196654140786,-0.7720204576418715
0.2918115111889347,-0.732417006602414
0.2918510558364616,-0.7212778235433155
0.29189060048398846,-0.7099904992046006
0.29193014513151533,-0.698564018156189
0.29196968977904214,-0.6870726792468602
0.292009234426569,-0.6755163000039477
0.2920487790740959,-0.6638964549666911
0.29208832372162274,-0.6522151686529604
0.2921278683691496,-0.5843072096966204
0.2921674130166765,-0.49647910677941853
0.29220695766420335,-0.40870637829108414
0.2922465023117302,-0.33503698125338055
0.2922860469592571,-0.277759397808212
0.2923255916067839,-0.2203376255359457
0.29236513625431076,-0.16275595280134458
0.29240468090183763,-0.1050462365453877
0.2924442255493645,-0.0472728328399602
0.29248377019689137,0.02315999400677138
0.29252331484441824,0.09828886738983256
0.2925628594919451,0.17362714743060015
0.2926024041394719,0.2508337908637296
0.2926419487869988,0.33264056080406235
0.29268149343452565,0.4101567854714734
0.2927210380820525,0.48237412819709935
0.2927605827295794,0.5277039708220275
0.29280012737710626,0.5650326572352963
0.2928396720246331,0.5845370294707665
0.29287921667216,0.6041627880637526
0.29291876131968686,0.6239097422258917
0.2929583059672137,0.6437150035453392
0.29299785061474054,0.6635762834210217
0.2930373952622674,0.6834927551414349
0.2930769399097943,0.7034860414359341
0.29311648455732114,0.7176880608107842
0.293156029204848,0.7297724888746888
0.2931955738523749,0.7854044625925503
0.2932351184999017,0.8087954913233938
0.29327466314742856,0.7687483952918235
0.29331420779495543,0.7312776396354503
0.2933537524424823,0.7076833866068535
0.29339329709000916,0.6841524845995687
0.29343284173753603,0.6606975797638647
0.2934723863850629,0.651965691843378
0.29351193103258977,0.6470339063803621
0.29355147568011664,0.6418778422635409
0.29359102032764345,0.632422345013475
0.2936305649751703,0.6239379602042252
0.2936701096226972,0.6154701648960406
0.29370965427022405,0.5960595080274502
0.2937491989177509,0.5758232744675731
0.2937887435652778,0.5274225450922931
0.29382828821280466,0.4721637045169991
0.29386783286033147,0.44493281066744167
0.29390737750785834,0.41767541986865697
0.2939469221553852,0.39038263077730423
0.29398646680291207,0.3584976891477869
0.29402601145043894,0.32125519200653724
0.2940655560979658,0.28392797939183617
0.2941051007454927,0.2465092901469278
0.29414464539301954,0.1904062832133015
0.2941841900405464,0.1500699024842586
0.2942237346880732,0.10997682659450381
0.2942632793356001,0.06979744897306833
0.29430282398312696,-0.04553905982144063
0.29434236863065383,-0.440639853282586
0.2943819132781807,-0.4589934073865016
0.29442145792570756,-0.4777693383046693
0.29446100257323443,-0.4967161951475957
0.29450054722076124,-0.5157811360679199
0.2945400918682881,-0.534968066018566
0.294579636515815,-0.5542941706536096
0.29461918116334185,-0.5737612908689048
0.2946587258108687,-0.593338686498333
0.2946982704583956,-0.6188558172083263
0.29473781510592245,-0.705049400170765
0.2947773597534493,-0.7971613972922533
0.2948169044009762,-0.8917569289770095
0.294856449048503,-0.9817600227259728
0.29489599369602987,-1.0219203256631866
0.29493553834355674,-1.06217892109748
0.2949750829910836,-1.102536413494522
0.29501462763861047,-1.1429786990220847
0.29505417228613734,-1.1835037649413533
0.2950937169336642,-1.2241117191180784
0.295133261581191,-1.264800016717666
0.2951728062287179,-1.3341086587451867
0.29521235087624476,-1.4332911843620737
0.2952518955237716,-1.4671384633949205
0.2952914401712985,-1.4843697544874999
0.29533098481882536,-1.5016768013099493
0.2953705294663522,-1.5190594120792
0.2954100741138791,-1.5722283273114437
0.29544961876140596,-1.6275575307879677
0.2954891634089328,-1.6829764294564122
0.29552870805645964,-1.7384849775073696
0.2955682527039865,-1.7940924915102228
0.2956077973515134,-1.8343895819324945
0.29564734199904025,-1.8614186177422347
0.2956868866465671,-1.9251462595438404
0.295726431294094,-1.9960894904011217
0.2957659759416208,-2.0671268176755313
0.29580552058914766,-2.138245532175422
0.29584506523667453,-2.209467425196725
0.2958846098842014,-2.2808116463696417
0.29592415453172827,-2.352257693795327
0.29596369917925514,-2.416288199055774
0.296003243826782,-2.4727063335134405
0.29604278847430887,-2.711357509496979
0.29608233312183574,-2.7801387237414934
0.29612187776936255,-2.7797183677777078
0.2961614224168894,-2.794590454325561
0.2962009670644163,-2.8096866957392637
0.29624051171194316,-2.826163986451538
0.29628005635947,-2.842961207775889
0.2963196010069969,-2.8600612839033426
0.29635914565452376,-2.8773661425166934
0.29639869030205057,-2.894787926165164
0.29643823494957744,-2.934068019653638
0.2964777795971043,-2.974784986575566
0.2965173242446312,-3.0156102902812925
0.29655686889215804,-2.7900294503431797
0.2965964135396849,-2.830987394131564
0.2966359581872118,-2.8759193172728827
0.29667550283473865,-2.928083127484251
0.2967150474822655,-2.9802873901992073
0.2967545921297923,-3.0276642587678153
0.2967941367773192,-3.034251055388099
0.29683368142484606,-3.0415817676583203
0.29687322607237293,-3.048869407464718
0.2969127707198998,-3.056111374105313
0.29695231536742667,-3.0633009865800256
0.29699186001495353,-3.0703875733662853
0.29703140466248035,-3.077383166465046
0.2970709493100072,-3.115749350957895
0.2971104939575341,-3.1812682688664764
0.29715003860506095,-3.2450734565992154
0.2971895832525878,-3.3072319222603244
0.2972291279001147,-3.3574487129823085
0.29726867254764155,-3.3824521355610706
0.2973082171951684,-3.406982198419752
0.2973477618426953,-3.4301497725938908
0.2973873064902221,-3.4210067763465535
0.29742685113774897,-3.4112481951439317
0.29746639578527584,-3.407693922911537
0.2975059404328027,-3.3759737616491687
0.2975454850803296,-3.292313594826851
0.29758502972785644,-3.236688629044229
0.2976245743753833,-3.2780845108011367
0.2976641190229101,-3.292186672954679
0.297703663670437,-3.282704583169792
0.29774320831796386,-3.273150635596828
0.2977827529654907,-3.2635295885625553
0.2978222976130176,-3.2538278023301146
0.29786184226054446,-3.2440373240818694
0.29790138690807133,-3.234158524405638
0.2979409315555982,-3.224166746009354
0.29798047620312507,-3.2140508961274796
0.2980200208506519,-3.132290062855985
0.29805956549817875,-3.0502528703262435
0.2980991101457056,-2.968945279717608
0.2981386547932325,-2.887608795175569
0.29817819944075935,-2.8116090038592754
0.2982177440882862,-2.735632725144458
0.2982572887358131,-2.6596860576608945
0.2982968333833399,-2.5837715193370263
0.29833637803086677,-2.8146213011153502
0.29837592267839363,-2.7286110981640417
0.2984154673259205,-2.6426261429694105
0.29845501197344737,-2.513705611197717
0.29849455662097424,-2.384815771235995
0.2985341012685011,-2.2560289715723703
0.298573645916028,-2.127334676539726
0.29861319056355484,-2.0136494669446883
0.29865273521108165,-1.9001530609984323
0.2986922798586085,-1.7867352331395698
0.2987318245061354,-1.6733939193740355
0.29877136915366226,-1.5601398724345077
0.2988109138011891,-1.4508499299149022
0.298850458448716,-1.3492934553641238
0.29889000309624286,-1.2479724236849508
0.2989295477437697,-1.1473120035987099
0.29896909239129654,-1.064269114983722
0.2990086370388234,-0.991230969033874
0.2990481816863503,-0.918398324445877
0.29908772633387715,-0.8457862358983721
0.299127270981404,-0.8115275013707782
0.2991668156289309,-0.7912543409359282
0.29920636027645775,-0.7711915296901565
0.2992459049239846,-0.7728207534517382
0.29928544957151143,-0.8074308850237102
0.2993249942190383,-0.8422340199346358
0.29936453886656517,-0.8772125308755295
0.29940408351409203,-0.9120588087460361
0.2994436281616189,-0.9376918868568326
0.29948317280914577,-0.9545744202718748
0.29952271745667264,-0.9210625713213129
0.29956226210419945,-0.8877342485522285
0.2996018067517263,-0.8546559380511385
0.2996413513992532,-0.8536047057944348
0.29968089604678005,-0.8978338893261096
0.2997204406943069,-0.9423526986424078
0.2997599853418338,-0.9871293631013759
0.29979952998936066,-1.0320936474812508
0.2998390746368875,-1.072413808691829
0.2998786192844144,-1.0896113067237292
0.2999181639319412,-1.1034395890807367
0.2999577085794681,-1.0325924440249972
0.29999725322699494,-0.9601531162885808
0.3000367978745218,-0.8415801439747717
0.3000763425220487,-0.7370884977455318
0.30011588716957555,-0.7114739794605189
0.3001554318171024,-0.6859905116977529
0.3001949764646292,-0.6605835037777452
0.3002345211121561,-0.6352534709635371
0.30027406575968296,-0.6099373960886626
0.30031361040720983,-0.5836448716034259
0.3003531550547367,-0.5469417022342012
0.30039269970226357,-0.5102246108522195
0.30043224434979043,-0.47348246691599083
0.3004717889973173,-0.4237604825121565
0.30051133364484417,-0.3708101619322665
0.300550878292371,-0.31779876957860276
0.30059042293989785,-0.2647183696930548
0.3006299675874247,-0.2115624965340222
0.3006695122349516,-0.15833081661269682
0.30070905688247845,-0.11690559385485899
0.3007486015300053,-0.07913586890466201
0.3007881461775322,-0.0596347662663419
0.300827690825059,-0.04393214328958461
0.30086723547258587,-0.028135890135687347
0.30090678012011274,-0.012244910061739889
0.3009463247676396,0.017650136356092916
0.3009858694151665,0.05534085598361321
0.30102541406269334,0.09310547697376276
0.3010649587102202,0.11894272831471125
0.3011045033577471,0.1192297990455265
0.30114404800527395,0.12103338357411514
0.30118359265280076,0.12289951333551802
0.3012231373003276,0.1248289091380419
0.3012626819478545,0.1266329628583644
0.30130222659538136,0.15816587986992003
0.30134177124290823,0.22258231357288233
0.3013813158904351,0.278917975917554
0.30142086053796197,0.31744560360189716
0.3014604051854888,0.35646375270518055
0.30149994983301565,0.39591882858960453
0.3015394944805425,0.435456646627094
0.3015790391280694,0.4750782015125013
0.30161858377559625,0.5006034981095162
0.3016581284231231,0.5176056966604281
0.30169767307065,0.5346748719246698
0.30173721771817685,0.5518075459361992
0.3017767623657037,0.5626745650109847
0.30181630701323053,0.56830857484807
0.3018558516607574,0.573987322644864
0.30189539630828427,0.5797118744189533
0.30193494095581114,0.5855230473137031
0.301974485603338,0.5914220121990477
0.3020140302508649,0.6151231896610618
0.30205357489839174,0.641385327151785
0.30209311954591855,0.667699415122497
0.3021326641934454,0.6940661321300275
0.3021722088409723,0.6929016128057196
0.30221175348849916,0.6898564175142401
0.302251298136026,0.595077777101335
0.3022908427835529,0.6224381444955869
0.30233038743107976,0.658390930163429
0.30236993207860663,0.69602269541791
0.3024094767261335,0.7336819153393348
0.3024490213736603,0.7690418066371973
0.3024885660211872,0.7830320471544356
0.30252811066871405,0.7941974539900938
0.3025676553162409,0.8053393515457696
0.3026071999637678,0.8164541297139981
0.30264674461129465,0.8275343744717032
0.3026862892588215,0.8385622250399057
0.30272583390634833,0.8495369878793915
0.3027653785538752,0.8666644738592906
0.30280492320140207,0.9026325568476199
0.30284446784892893,0.9387447716065709
0.3028840124964558,0.974895032721348
0.30292355714398267,1.4593629789759675
0.30296310179150954,1.5647411493320411
0.3030026464390364,1.6701815984547363
0.3030421910865633,1.7756859753182823
0.3030817357340901,1.8808900071786152
0.30312128038161695,1.985296592156626
0.3031608250291438,2.07417006279035
0.3032003696766707,2.156823120876675
0.30323991432419756,2.239537850879806
0.3032794589717244,2.3222872486876804
0.3033190036192513,2.4144253689855875
0.3033585482667781,2.5091984167616133
0.303398092914305,2.604109958992363
0.30343763756183184,2.699025003688588
0.3034771822093587,2.808551409569487
0.3035167268568856,2.968687399284433
0.30355627150441244,2.9568855162822354
0.3035958161519393,2.9951432690177633
0.3036353607994662,3.033333276565931
0.30367490544699305,3.0714536770422876
0.30371445009451986,3.1095272477446585
0.30375399474204673,3.1475402799300376
0.3037935393895736,3.1854578039998236
0.30383308403710046,3.2232781246213404
0.30387262868462733,3.3072808944067
0.3039121733321542,3.428290970570139
0.30395171797968107,3.549188592059893
0.3039912626272079,3.6700328458094367
0.30403080727473475,3.6717216143002367
0.3040703519222616,3.656901613093364
0.3041098965697885,3.6419766358571226
0.30414944121731535,3.626511023335556
0.3041889858648422,3.6031086476313097
0.3042285305123691,3.5797128479678744
0.30426807515989596,3.5563247341099458
0.3043076198074228,3.5322597284751653
0.30434716445494964,3.5083598601661454
0.3043867091024765,3.4845856305920946
0.3044262537500034,3.460835728379374
0.30446579839753024,3.437064755556475
0.3045053430450571,3.426070132692424
0.304544887692584,3.4158664179542697
0.30458443234011084,3.405652044312536
0.30462397698763766,3.3808187535437835
0.3046635216351645,3.3428687524574325
0.3047030662826914,3.3049027661315677
0.30474261093021826,3.2668744194423955
0.30478215557774513,3.228720788270736
0.304821700225272,3.1904432851739775
0.30486124487279886,3.159491412819625
0.30490078952032573,3.152285145639524
0.3049403341678526,3.130853209408089
0.3049798788153794,3.1008417110951436
0.3050194234629063,3.0708314066298765
0.30505896811043315,3.0462545470894113
0.30509851275796,3.0229140554143394
0.3051380574054869,2.9995862041675907
0.30517760205301375,2.9761753300147
0.3052171467005406,2.9527337422065694
0.30525669134806743,2.9293435497384057
0.3052962359955943,2.9060644568669844
0.30533578064312117,2.882906733257836
0.30537532529064804,2.8714029411418744
0.3054148699381749,2.860072157061387
0.3054544145857018,2.862525965930821
0.30549395923322864,2.8690477268038728
0.3055335038807555,2.879140517253508
0.3055730485282824,2.890868592032265
0.3056125931758092,2.938430427267253
0.30565213782333606,2.9867781822469133
0.3056916824708629,3.0351983389746002
0.3057312271183898,3.0836926143373944
0.30577077176591666,3.142468116954385
0.30581031641344353,3.2020723598302996
0.3058498610609704,3.261686768357891
0.3058894057084972,3.3213113757980817
0.3059289503560241,3.360456826247736
0.30596849500355094,3.3943041059732226
0.3060080396510778,3.4025332747784005
0.3060475842986047,3.3975398675002535
0.30608712894613155,3.3805642159570533
0.3061266735936584,3.351110717999375
0.3061662182411853,3.3216485298491336
0.30620576288871215,3.2921729144883427
0.30624530753623896,3.270271082458952
0.30628485218376583,3.2530471761915765
0.3063243968312927,3.2391716452953894
0.30636394147881957,3.225401820724569
0.30640348612634644,3.211548747147352
0.3064430307738733,3.197617824290207
0.30648257542140017,3.15436732912046
0.306522120068927,3.0974017740811517
0.30656166471645385,3.0947534156512173
0.3066012093639807,3.1094982861996767
0.3066407540115076,3.1241231459494623
0.30668029865903446,3.1386251672019876
0.3067198433065613,3.152931469726046
0.3067593879540882,3.167025766225082
0.30679893260161506,3.1808376105781426
0.3068384772491419,3.1943597057328272
0.30687802189666874,3.2233504831429105
0.3069175665441956,3.2552487360356768
0.3069571111917225,3.286998229080189
0.30699665583924934,3.3186136920151323
0.3070362004867762,3.2864409355853166
0.3070757451343031,3.2496645199410574
0.30711528978182995,3.4243923124584574
0.30715483442935676,3.5085696068044543
0.30719437907688363,3.4932456552544764
0.3072339237244105,3.477732684542322
0.30727346837193736,3.462023324911711
0.30731301301946423,3.4461153353937077
0.3073525576669911,3.430006471762297
0.30739210231451797,3.4131732125809826
0.30743164696204484,3.3961992848836973
0.3074711916095717,3.3790725258117313
0.3075107362570985,3.2224589991326087
0.3075502809046254,3.064818933378415
0.30758982555215225,2.907020242331402
0.3076293701996791,2.7491754253525627
0.307668914847206,2.652954255386728
0.30770845949473286,2.6139252595338567
0.3077480041422597,2.574888314917884
0.30778754878978654,2.51031462629307
0.3078270934373134,2.4043101504101223
0.30786663808484027,2.2983544919101546
0.30790618273236714,2.219801910678741
0.307945727379894,2.1448387384762153
0.3079852720274209,2.0699379315483353
0.30802481667494774,1.9950960433585592
0.3080643613224746,1.9203067215653031
0.3081039059700015,1.6219139478034157
0.3081434506175283,1.545655980739236
0.30818299526505516,1.4808382056924398
0.308222539912582,1.416047700593962
0.3082620845601089,1.3512554124749372
0.30830162920763576,1.2864563260502315
0.30834117385516263,1.2216519688836778
0.3083807185026895,1.1568422251732162
0.3084202631502163,1.0920269798521183
0.3084598077977432,0.947322526145169
0.30849935244527005,0.9101793181715714
0.3085388970927969,0.8411440953747332
0.3085784417403238,0.7722418921475462
0.30861798638785065,0.7034726363132892
0.3086575310353775,0.6349221760080923
0.3086970756829044,0.5668381608637424
0.30873662033043126,0.4990447179275743
0.30877616497795807,0.42249907257411645
0.30881570962548494,0.33068463913481805
0.3088552542730118,0.23907710012669936
0.30889479892053867,0.1476662921520865
0.30893434356806554,0.05643571241145762
0.3089738882155924,-0.03469646062545295
0.3090134328631193,-0.13667993250122346
0.3090529775106461,-0.26406129478377127
0.30909252215817296,-0.39133500942898036
0.3091320668056998,-0.518501346572545
0.3091716114532267,-0.6640695083949827
0.30921115610075356,-0.8277054228623016
0.3092507007482804,-0.9911396313295913
0.3092902453958073,-1.1219504432596519
0.30932979004333416,-1.2481638415232568
0.30936933469086103,-1.3815060166289679
0.30940887933838784,-1.5146160573863443
0.3094484239859147,-1.6475836903292864
0.3094879686334416,-1.7804150896744213
0.30952751328096845,-1.9131085707354192
0.3095670579284953,-2.045250535708354
0.3096066025760222,-2.2156341606515935
0.30964614722354905,-2.4057730923990297
0.30968569187107586,-2.5957429927032196
0.30972523651860273,-2.7855346864028903
0.3097647811661296,-2.9381877997298727
0.30980432581365647,-3.0278126942370234
0.30984387046118333,-3.1243543712080344
0.3098834151087102,-3.2207255148468437
0.30992295975623707,-3.3169830992985796
0.30996250440376394,-3.4132870022596684
0.3100020490512908,-3.450815538149464
0.3100415936988176,-3.4819195302311337
0.3100811383463445,-3.513049176688887
0.31012068299387135,-3.544204005957197
0.3101602276413982,-3.5754407390431076
0.3101997722889251,-3.606782599606584
0.31023931693645196,-3.650778167523193
0.3102788615839788,-3.702200211135724
0.31031840623150564,-3.753676116787189
0.3103579508790325,-3.805206177769396
0.3103974955265594,-3.849077554790378
0.31043704017408624,-3.8805225541769146
0.3104765848216131,-3.910984685754695
0.31051612946914,-3.9408249667991786
0.31055567411666685,-3.9707067023150144
0.3105952187641937,-4.000622767512321
0.3106347634117206,-4.030586965945421
0.3106743080592474,-4.0603480498289555
0.31071385270677426,-4.076028904031937
0.31075339735430113,-4.096480471550906
0.310792942001828,-4.117001328659089
0.31083248664935487,-4.13759090317023
0.31087203129688173,-4.156830403165831
0.3109115759444086,-4.161611633743608
0.3109511205919354,-4.1663209303252815
0.3109906652394623,-4.167167391330497
0.31103020988698915,-4.162034295190665
0.311069754534516,-4.156944101181426
0.3111092991820429,-4.152268020690836
0.31114884382956975,-4.147801905230439
0.3111883884770966,-4.14340562802123
0.3112279331246235,-4.139079207178204
0.31126747777215036,-4.134822866441547
0.31130702241967717,-4.130636517580782
0.31134656706720404,-4.12652007375269
0.3113861117147309,-4.122473449501425
0.3114256563622578,-4.118507268278217
0.31146520100978464,-4.064200169620361
0.3115047456573115,-4.001690364632058
0.3115442903048384,-3.9393033008857947
0.3115838349523652,-3.8770075775908266
0.31162337959989206,-3.803361894256964
0.3116629242474189,-3.6876750717106828
0.3117024688949458,-3.57613480551497
0.31174201354247266,-3.5297579549863833
0.31178155818999953,-3.4834131497408025
0.3118211028375264,-3.4370959183927354
0.31186064748505327,-3.3911151416409426
0.31190019213258013,-3.3665031437625936
0.31193973678010695,-3.3420441047213245
0.3119792814276338,-3.333923266371406
0.3120188260751607,-2.5751195485776996
0.31205837072268755,-2.456962343936089
0.3120979153702144,-2.3388814676743603
0.3121374600177413,-2.2193023760796895
0.31217700466526815,-2.1194480278158254
0.31221654931279497,-2.061292509743625
0.31225609396032183,-2.0035077552491645
0.3122956386078487,-1.9458285523403231
0.31233518325537557,-1.8887590928570255
0.31237472790290244,-1.8337900750663194
0.3124142725504293,-1.7789387316812264
0.3124538171979562,-1.7241995985470198
0.31249336184548304,-1.669549243918632
0.3125329064930099,-1.6360120110359606
0.3125724511405367,-1.604865260043181
0.3126119957880636,-1.573710924519757
0.31265154043559046,-1.5425497043114538
0.3126910850831173,-1.5114141849548441
0.3127306297306442,-1.480308939895023
0.31277017437817106,-1.449234306092679
0.31280971902569793,-1.4181906206894468
0.31284926367322474,-1.372137167180752
0.3128888083207516,-1.318749232890973
0.3129283529682785,-1.267333925125433
0.31296789761580535,-1.2204305864594853
0.3130074422633322,-1.1861470562117455
0.3130469869108591,-1.183748913453686
0.31308653155838595,-1.181296496348169
0.3131260762059128,-1.1788101769248298
0.3131656208534397,-1.1762896450401654
0.3132051655009665,-1.1737345894142184
0.31324471014849337,-1.1711338873082593
0.31328425479602023,-1.1684893220719934
0.3133237994435471,-1.152190543411371
0.31336334409107397,-0.9748396548232661
0.31340288873860084,-0.3204668911936317
0.3134424333861277,-0.29373200467344407
0.3134819780336545,-0.26697701739083235
0.3135215226811814,-0.2402002997977024
0.31356106732870825,-0.21335899594382723
0.3136006119762351,-0.18755591792230109
0.313640156623762,-0.1617420375714278
0.31367970127128886,-0.13591655169692307
0.3137192459188157,-0.10939064908559859
0.3137587905663426,-0.16535530031793344
0.31379833521386946,-0.14362970071769465
0.3138378798613963,-0.12190884259685653
0.31387742450892314,-0.10019148108965015
0.31391696915645,-0.0784484686896727
0.3139565138039769,0.17559144271752947
0.31399605845150375,0.46776176061468144
0.3140356030990306,0.5305460768175616
0.3140751477465575,0.555535853901092
0.3141146923940843,0.5807431175861628
0.31415423704161116,0.605609566961294
0.31419378168913803,0.6301397149496649
0.3142333263366649,0.6543378075495405
0.31427287098419177,0.6785343781498491
0.31431241563171863,0.7027369065723653
0.3143519602792455,0.7270011489236824
0.31439150492677237,0.7512570791053551
0.31443104957429924,0.7755057463494633
0.31447059422182605,0.7997570274046901
0.3145101388693529,0.9099828663840542
0.3145496835168798,0.9116785831124715
0.31458922816440665,0.9134860689879719
0.3146287728119335,0.9153896930459081
0.3146683174594604,0.9173150835337379
0.31470786210698726,0.9192637017998145
0.31474740675451407,0.9212370088986246
0.31478695140204094,0.9330916990009693
0.3148264960495678,0.9468436482865348
0.3148660406970947,0.9606497471555464
0.31490558534462154,0.9745112026353195
0.3149451299921484,0.9884722453273173
0.3149846746396753,1.0025791941523545
0.31502421928720215,0.9776241907208401
0.315063763934729,0.9630091781040799
0.3151033085822558,0.9484401231980197
0.3151428532297827,0.933945367725602
0.31518239787730956,0.9195623234423234
0.31522194252483643,0.9052793087920322
0.3152614871723633,0.8910896266691384
0.31530103181989017,0.8769946278383938
0.31534057646741703,0.8567231056141225
0.31538012111494385,0.8095718841648547
0.3154196657624707,0.7624756697677791
0.3154592104099976,0.715490519654274
0.31549875505752445,0.6686285968708132
0.3155382997050513,0.6400948695972253
0.3155778443525782,0.6281334738623551
0.31561738900010505,0.6162781624759972
0.3156569336476319,0.6045162620077996
0.3156964782951588,0.6068277953520875
0.3157360229426856,0.5765159952243298
0.31577556759021247,0.5462938540282075
0.31581511223773934,0.5164471091950601
0.3158546568852662,0.4601434184687546
0.3158942015327931,0.37008696270912167
0.31593374618031994,0.2800739818535226
0.3159732908278468,0.19010457059362496
0.3160128354753736,0.10017534851558796
0.3160523801229005,0.01028721544586586
0.31609192477042736,-0.06917558961208814
0.3161314694179542,-0.09447735089985843
0.3161710140654811,-0.11973532900430761
0.31621055871300796,-0.14491585191618817
0.31625010336053483,-0.17001570450409553
0.3162896480080617,-0.1950196892191337
0.31632919265558856,-0.22032157272936104
0.3163687373031154,-0.23673872298576826
0.31640828195064225,-0.22749199261170894
0.3164478265981691,-0.21812545098082603
0.316487371245696,-0.20863790531013948
0.31652691589322285,-0.19905427967834177
0.3165664605407497,-0.1893981861895816
0.3166060051882766,-0.1645151031397306
0.3166455498358034,-0.09532417406312077
0.31668509448333027,-0.023579326934876965
0.31672463913085713,0.05347663770724698
0.316764183778384,0.13031561733340902
0.31680372842591087,0.18391682549719424
0.31684327307343774,0.23765152830401481
0.3168828177209646,0.29156150698295924
0.3169223623684915,0.3456454362536492
0.31696190701601834,0.43515271594420946
0.31700145166354515,0.5311470357875687
0.317040996311072,0.627261897188545
0.3170805409585989,0.7071107055122073
0.31712008560612576,0.8101793677188478
0.3171596302536526,0.9384052126308428
0.3171991749011795,1.0667273811591682
0.31723871954870636,1.1951723531083451
0.3172782641962332,1.3144044410813962
0.31731780884376004,1.4097837304249174
0.3173573534912869,1.478996266425998
0.3173968981388138,1.5484076927397479
0.31743644278634064,1.6179812338168866
0.3174759874338675,1.6876813276861231
0.3175155320813944,1.7575396341180567
0.31755507672892125,1.8247795432252385
0.3175946213764481,1.8911531052754285
0.31763416602397493,1.957643267988852
0.3176737106715018,2.0242496250807314
0.31771325531902866,2.0916190839442095
0.31775279996655553,2.1590793965434885
0.3177923446140824,2.2158759748945753
0.31783188926160927,2.2331640478571773
0.31787143390913614,2.2504313219920222
0.31791097855666295,2.267648455849588
0.3179505232041898,2.2848225537999536
0.3179900678517167,2.3019401799301873
0.31802961249924355,2.3189787655049723
0.3180691571467704,2.3239200005162877
0.3181087017942973,2.3333585711053146
0.31814824644182416,2.34270893188651
0.318187791089351,2.351970329176701
0.3182273357368779,2.3610772366740505
0.3182668803844047,2.3700282200896368
0.3183064250319316,2.342756635790482
0.31834596967945844,2.3107118782995197
0.3183855143269853,2.278521304566225
0.3184250589745122,2.2723321011907007
0.31846460362203904,2.199888189469053
0.3185041482695659,2.127257656139862
0.3185436929170927,2.0544796392711753
0.3185832375646196,1.5404714778534419
0.31862278221214646,1.427833095068485
0.31866232685967333,1.3151336128200535
0.3187018715072002,1.2023799078589021
0.31874141615472706,1.0895963050969018
0.31878096080225393,0.9767959246287681
0.3188205054497808,0.9018239005820086
0.31886005009730767,0.8192807453593507
0.3188995947448345,0.7367740310594483
0.31893913939236135,0.6543236578218463
0.3189786840398882,0.5719289791913285
0.3190182286874151,0.48963652262203544
0.31905777333494195,0.40753234967687113
0.3190973179824688,0.3433431498714156
0.3191368626299957,0.2955681723924462
0.3191764072775225,0.24797997005919614
0.31921595192504937,0.2005642090798887
0.31925549657257624,0.15334550407642722
0.3192950412201031,0.1062466146179522
0.31933458586762997,0.05347236748594647
0.31937413051515684,-0.043851333801482095
0.3194136751626837,-0.1406816366259837
0.3194532198102106,-0.23738879451178357
0.31949276445773744,-0.333972396310136
0.31953230910526426,-0.4110525247876352
0.3195718537527911,-0.45318399185714275
0.319611398400318,-0.49795169223778285
0.31965094304784486,-0.5450582366156771
0.31969048769537173,-0.592085108199067
0.3197300323428986,-0.639142981361646
0.31976957699042546,-0.6800272498307309
0.3198091216379523,-0.7145031223398156
0.31984866628547914,-0.749019740189524
0.319888210933006,-0.8042836794800923
0.3199277555805329,-0.8736725873534896
0.31996730022805975,-0.9429886829393695
0.3200068448755866,-1.0122332963339729
0.3200463895231135,-1.0334565585462467
0.32008593417064035,-1.0359790633224502
0.3201254788181672,-1.0384615958908148
0.32016502346569403,-1.0409055491918042
0.3202045681132209,-1.0433123159545403
0.32024411276074777,-1.0457028173432168
0.32028365740827464,-1.0459761564725378
0.3203232020558015,-1.0235971867023352
0.32036274670332837,-1.0010326887996797
0.32040229135085524,-0.9784913836684533
0.32044183599838205,-0.9559976584610836
0.3204813806459089,-0.9495522158738297
0.3205209252934358,-0.95244673134494
0.32056046994096266,-0.9553406458390445
0.3206000145884895,-0.9582617963407822
0.3206395592360164,-0.9612124024680379
0.32067910388354326,-0.9636038483993065
0.3207186485310701,-0.9612392596346644
0.320758193178597,-0.9550928047787346
0.3207977378261238,-0.9501022963253999
0.3208372824736507,-0.9476537198674779
0.32087682712117754,-0.945163295398012
0.3209163717687044,-0.9426337452745752
0.3209559164162313,-0.940065627021851
0.32099546106375815,-0.9374550385547903
0.321035005711285,-1.0711609662584123
0.3210745503588118,-1.0794387125744396
0.3211140950063387,-1.0867271053227068
0.32115363965386556,-1.0940898963478314
0.32119318430139243,-1.1015008536168158
0.3212327289489193,-1.108981336433706
0.32127227359644617,-1.1165332647103956
0.32131181824397304,-1.124157243495581
0.3213513628914999,-1.131853879160097
0.32139090753902677,-1.1396024013398038
0.3214304521865536,-1.1473902353421843
0.32146999683408045,-1.1552176486202625
0.3215095414816073,-1.1659531658014632
0.3215490861291342,-1.1912844155754683
0.32158863077666106,-1.2166371453853877
0.3216281754241879,-1.2419920567751808
0.3216677200717148,-1.267349453866946
0.3217072647192416,-1.2927096406566103
0.32174680936676847,-1.3182382234761134
0.32178635401429534,-1.3304847336559285
0.3218258986618222,-1.342731020254841
0.3218654433093491,-1.3549780392648496
0.32190498795687594,-1.3672267464574857
0.3219445326044028,-1.3794365115485827
0.3219840772519297,-1.3883281371477985
0.32202362189945655,-1.3970213867904904
0.32206316654698336,-1.4057187020622353
0.3221027111945102,-1.4144363073354898
0.3221422558420371,-1.423177756678666
0.32218180048956396,-1.4319289144327194
0.32222134513709083,-1.4405965993372032
0.3222608897846177,-1.447407354392177
0.32230043443214457,-2.0538831927645096
0.3223399790796714,-2.0824895397247287
0.32237952372719825,-2.111080908198364
0.3224190683747251,-2.127893255742253
0.322458613022252,-2.1343332108312563
0.32249815766977885,-2.1407901934998605
0.3225377023173057,-2.1472740231615655
0.3225772469648326,-2.1526541315016763
0.32261679161235945,-2.157755865474714
0.3226563362598863,-2.162918327812855
0.32269588090741314,-2.1688283392178045
0.32273542555494,-2.1749218234708856
0.32277497020246687,-2.17254251744442
0.32281451484999374,-2.169358113237056
0.3228540594975206,-2.166380538496793
0.3228936041450475,-2.163129368825356
0.32293314879257434,-2.114871159280885
0.32297269344010116,-2.0667945478608645
0.323012238087628,-2.018900729760877
0.3230517827351549,-1.971190902914586
0.32309132738268176,-1.9236694273837989
0.3231308720302086,-1.7620541443067181
0.3231704166777355,-1.5941922780854705
0.32320996132526236,-1.539643092675609
0.32324950597278923,-1.508433454929245
0.3232890506203161,-1.4775651108149745
0.3233285952678429,-1.4467809678048449
0.3233681399153698,-1.4161536000866422
0.32340768456289665,-1.3856828913938024
0.3234472292104235,-1.3553664557468537
0.3234867738579504,-1.308675116182639
0.32352631850547725,-1.2619534435281015
0.3235658631530041,-1.1869473271310125
0.32360540780053093,-1.1108902563112697
0.3236449524480578,-1.035002296539764
0.32368449709558467,-0.9593409756299164
0.32372404174311153,-0.886726183478636
0.3237635863906384,-0.8184861050678665
0.32380313103816527,0.19812600201804076
0.32384267568569214,0.24621766852942506
0.323882220333219,0.2942179191780294
0.3239217649807459,0.34213907450833
0.3239613096282727,0.3900602061817643
0.32400085427579955,0.43795045630576007
0.3240403989233264,0.4873347976996798
0.3240799435708533,0.554013077704741
0.32411948821838016,0.6206611662448586
0.324159032865907,0.6608489925523631
0.3241985775134339,0.6376572005436292
0.3242381221609607,0.6144359135106622
0.3242776668084876,0.5911660738632718
0.32431721145601444,0.5678488407351736
0.3243567561035413,0.5445093628198199
0.3243963007510682,0.5211694195993541
0.32443584539859505,0.49784873467128593
0.3244753900461219,0.4745474814362137
0.3245149346936488,0.4338500575665446
0.32455447934117565,0.3520277058260347
0.32459402398870246,0.27022531607058786
0.32463356863622933,0.188431840316913
0.3246731132837562,0.14339747743691705
0.32471265793128307,0.1404486434371101
0.32475220257880993,0.13750445080774715
0.3247917472263368,0.13456498488329394
0.32483129187386367,0.1316239152863929
0.3248708365213905,0.13322214067440485
0.32491038116891735,0.13651075087092301
0.3249499258164442,0.13979751173835842
0.3249894704639711,0.1430824487586974
0.32502901511149795,0.14918555567133318
0.3250685597590248,0.15922701021673374
0.3251081044065517,0.1692665150493523
0.32514764905407856,0.1792866371262245
0.3251871937016054,0.18928716930424505
0.32522673834913224,0.20345145453254904
0.3252662829966591,0.24998231821029598
0.325305827644186,0.30270300369547015
0.32534537229171284,0.37564072663962084
0.3253849169392397,0.4493866004890468
0.3254244615867666,0.5075286600254458
0.32546400623429345,0.5527998817739628
0.32550355088182026,0.5993839994259176
0.3255430955293471,0.645728030937865
0.325582640176874,0.6547003548394852
0.32562218482440086,0.6586231032900882
0.32566172947192773,0.6623643476336496
0.3257012741194546,0.6659541926777945
0.32574081876698147,0.6694001904880968
0.32578036341450833,0.6727406099978
0.3258199080620352,0.6759954182560416
0.325859452709562,0.6974569576135994
0.3258989973570889,0.7225417768610585
0.32593854200461575,0.7237880508777099
0.3259780866521426,0.721838976903609
0.3260176312996695,0.7197925819779724
0.32605717594719635,0.7176628313302086
0.3260967205947232,0.7154928076157498
0.32613626524225003,0.7182633731201382
0.3261758098897769,0.7261425195606852
0.32621535453730377,0.7344219098320903
0.32625489918483064,0.7427051309426391
0.3262944438323575,0.7510132410344206
0.3263339884798844,0.7592681662318779
0.32637353312741124,0.7674965507194124
0.3264130777749381,0.7409245690215617
0.326452622422465,0.7102823675193388
0.3264921670699918,0.630953844272186
0.32653171171751866,0.5500906776728312
0.3265712563650455,0.4692007056950273
0.3266108010125724,0.3882621017165588
0.32665034566009926,0.33732600503595866
0.32668989030762613,0.3526737227121313
0.326729434955153,0.3742662429356197
0.3267689796026798,0.39577948498401144
0.3268085242502067,0.41730836285578177
0.32684806889773355,0.4371470463517374
0.3268876135452604,0.4528260670808856
0.3269271581927873,0.46833024582632055
0.32696670284031415,0.48380754689053596
0.327006247487841,0.49926593127417507
0.3270457921353679,0.514705133485311
0.32708533678289475,0.5301247945484986
0.32712488143042157,0.5455205404831464
0.32716442607794843,0.2050970853180694
0.3272039707254753,0.20781749326217366
0.32724351537300217,0.20490322256070564
0.32728306002052904,0.20195273240821865
0.3273226046680559,0.19921155672915927
0.3273621493155828,0.1966812924850817
0.3274016939631096,0.19436354257796787
0.32744123861063645,0.1921670035231208
0.3274807832581633,0.19000613230389923
0.3275203279056902,0.18788076171486368
0.32755987255321706,0.19130009233723028
0.3275994172007439,0.21012442192676037
0.3276389618482708,0.2316935990064122
0.32767850649579766,0.25720808590191135
0.32771805114332453,0.28279062763336316
0.32775759579085134,0.30844186953043584
0.3277971404383782,0.3341456271874419
0.3278366850859051,0.3624406747403096
0.32787622973343195,0.4482587328875525
0.3279157743809588,0.5340807612328237
0.3279553190284857,0.5429266065447813
0.32799486367601255,0.5556404732672396
0.32803440832353936,0.5683450827827621
0.32807395297106623,0.581041709277133
0.3281134976185931,0.5937316280983775
0.32815304226611997,0.6064161157568128
0.32819258691364683,0.6190955200592164
0.3282321315611737,0.6430257696496445
0.32827167620870057,0.6684955312805981
0.32831122085622744,0.720585384167635
0.3283507655037543,0.778518069420614
0.3283903101512811,0.8364500715193622
0.328429854798808,0.89437709732893
0.32846939944633485,0.9505992941623058
0.3285089440938617,1.0108107188246858
0.3285484887413886,1.0709721141290691
0.32858803338891546,1.1311090965003452
0.3286275780364423,1.1912241859555275
0.32866712268396914,1.2513199029329263
0.328706667331496,1.3114300972911381
0.3287462119790229,1.3607617581781832
0.32878575662654974,1.4168200431624256
0.3288253012740766,1.47299458769181
0.3288648459216035,1.5292886677575162
0.32890439056913034,1.5857046322847645
0.3289439352166572,1.6407842736140212
0.3289834798641841,1.695278013927178
0.3290230245117109,1.7709076566181057
0.32906256915923776,1.8682241507038493
0.32910211380676463,1.965519149356033
0.3291416584542915,2.062807710204194
0.32918120310181836,2.1609509900652113
0.32922074774934523,2.184398040222413
0.3292602923968721,2.1868257875614563
0.3292998370443989,2.189277315423336
0.3293393816919258,2.1918057255828507
0.32937892633945265,2.192577923103129
0.3294184709869795,2.191898450259773
0.3294580156345064,2.1914070113646584
0.32949756028203325,2.1911077946720856
0.3295371049295601,2.1909492858267194
0.329576649577087,2.1687423426423114
0.32961619422461386,2.133672894593678
0.32965573887214067,2.0986049983397237
0.32969528351966754,2.0635421006876986
0.3297348281671944,2.033067916339523
0.3297743728147213,2.0152846827860005
0.32981391746224814,1.9974305676641348
0.329853462109775,1.9795908393653046
0.3298930067573019,1.961766993740665
0.3299325514048287,1.943981244001468
0.32997209605235556,1.9262433283963987
0.3300116406998824,1.9204850110004053
0.3300511853474093,1.9190370589118984
0.33009072999493616,1.9176710574475027
0.33013027464246303,1.9163885072914613
0.3301698192899899,1.9151703599598746
0.33020936393751676,1.879116312101208
0.33024890858504363,1.8392829155639423
0.33028845323257044,1.8084156493899723
0.3303279978800973,1.7833049186280856
0.3303675425276242,1.7582417441638136
0.33040708717515105,1.733227403905065
0.3304466318226779,1.7082699760680526
0.3304861764702048,1.6787564622268865
0.33052572111773165,1.6421781846347514
0.33056526576525846,1.605647010232088
0.33060481041278533,1.5691561910248044
0.3306443550603122,1.5327047112209313
0.33068389970783907,1.496271970905701
0.33072344435536594,1.4598588529279324
0.3307629890028928,1.4234997695477631
0.3308025336504197,1.3872013358824913
0.33084207829794654,1.3481210567560211
0.3308816229454734,1.3064481438738622
0.3309211675930002,1.273677558024522
0.3309607122405271,1.2511168599893125
0.33100025688805396,1.2286554923930741
0.3310398015355808,1.206299391709565
0.3310793461831077,1.1840483011459277
0.33111889083063456,1.16190196430084
0.33115843547816143,1.1398601251645237
0.33119798012568824,1.1179225281187644
0.3312375247732151,1.096012838334269
0.331277069420742,1.0741174861167522
0.33131661406826884,1.0550477196409034
0.3313561587157957,1.036182426796109
0.3313957033633226,1.0085811221884406
0.33143524801084945,0.9809036225430711
0.3314747926583763,0.9531529589236849
0.3315143373059032,0.9254254471350818
0.33155388195343,0.9165736482433924
0.33159342660095686,0.9107025502761185
0.33163297124848373,0.89983541781048
0.3316725158960106,0.887334748788859
0.33171206054353747,0.8748996703276153
0.33175160519106434,0.8625539064442238
0.3317911498385912,0.8502356415440819
0.331830694486118,0.8586895533216263
0.3318702391336449,0.8670196572296769
0.33190978378117175,0.871133128224298
0.3319493284286986,0.8735959179784446
0.3319888730762255,0.8760197341809333
0.33202841772375236,0.8784040764770736
0.3320679623712792,0.8870502906732686
0.3321075070188061,0.9088637687075956
0.33214705166633296,0.926573817569118
0.33218659631385977,0.9356783064365581
0.33222614096138664,0.9447542578349961
0.3322656856089135,0.9648010904329422
0.3323052302564404,0.9980466540567243
0.33234477490396724,1.0312964009240455
0.3323843195514941,1.0645841132435065
0.332423864199021,1.0979105673376126
0.3324634088465478,1.1099021714703678
0.33250295349407466,1.1191113815041294
0.33254249814160153,1.128347651002859
0.3325820427891284,1.1376100697226628
0.33262158743665526,1.146875052588187
0.33266113208418213,1.156130371699962
0.332700676731709,1.1653777223129484
0.33274022137923587,1.1746225570193232
0.33277976602676274,1.1839069495580907
0.33281931067428955,1.193667221544962
0.3328588553218164,1.203634309457765
0.3328983999693433,1.2137102348407791
0.33293794461687015,1.2238940289176004
0.332977489264397,1.2341847245258202
0.3330170339119239,1.2666857654688015
0.33305657855945076,1.3020857308813105
0.33309612320697757,1.3376199417926191
0.33313566785450444,1.3730610907591803
0.3331752125020313,1.4048302068211789
0.33321475714955817,1.4090849569745083
0.33325430179708504,1.413456061711169
0.3332938464446119,1.4179994029639382
0.3333333910921388,1.4227214536696773
0.33337293573966564,0.6812472261260281
0.3334124803871925,0.6628787424801099
0.3334520250347193,0.6445394614638447
0.3334915696822462,1.0872034922674354
0.33353111432977306,1.0504257680129363
0.3335706589772999,1.0138454490598097
0.3336102036248268,0.9773300788840904
0.33364974827235366,0.9408246569235298
0.33368929291988053,0.9043282088578188
0.33372883756740734,0.8674806971797433
0.3337683822149342,0.8302183610361078
0.3338079268624611,0.7928820766152553
0.33384747150998795,0.7142213475666637
0.3338870161575148,0.45719221923184883
0.3339265608050417,0.2001428552486731
0.33396610545256855,-0.05692767211810357
0.3340056501000954,-0.31402029040037904
0.3340451947476223,-0.35251538991902615
0.3340847393951491,-0.38666553177765106
0.33412428404267597,-0.3839914055829434
0.33416382869020284,-0.42835481128685765
0.3342033733377297,-0.47264343571754436
0.33424291798525657,-0.5169683954441957
0.33428246263278344,-0.5614600203749228
0.3343220072803103,-0.6059566961023233
0.3343615519278371,-0.6504589485884191
0.334401096575364,-0.7016857485911795
0.33444064122289086,-0.7537682670199908
0.3344801858704177,-0.8058579354246305
0.3345197305179446,-0.8579542470034962
0.33455927516547146,-0.9100443508086207
0.3345988198129983,-0.951281589129359
0.3346383644605252,-0.9864555345023232
0.33467790910805206,-1.021629007701402
0.3347174537555789,-1.0568029964597514
0.33475699840310574,-1.0919855741115643
0.3347965430506326,-1.127159540131881
0.3348360876981595,-1.1623492142901835
0.33487563234568635,-1.1843006523140704
0.3349151769932132,-1.1877611196923759
0.3349547216407401,-1.202518351101578
0.3349942662882669,-1.2279378296254642
0.33503381093579376,-1.258716845600645
0.33507335558332063,-1.2895173139233047
0.3351129002308475,-1.320329685261805
0.33515244487837437,-1.3511131381393109
0.33519198952590123,-1.3818670784348184
0.3352315341734281,-1.4125909104390848
0.33527107882095497,-1.4432840368546325
0.33531062346848184,-1.4739733006816982
0.33535016811600865,-1.5046831675599848
0.3353897127635355,-1.5499480271852983
0.3354292574110624,-1.604935358264199
0.33546880205858925,-1.6599687918022672
0.3355083467061161,-1.714993393053895
0.335547891353643,-1.7608567784514202
0.33558743600116986,-1.8002165695588297
0.33562698064869667,-1.8395092660671737
0.33566652529622354,-1.8786833828323188
0.3357060699437504,-1.9177292660049634
0.3357456145912773,-1.9571345331360428
0.33578515923880414,-1.9992312804922259
0.335824703886331,-2.0411788299278415
0.3358642485338579,-2.0829920078908466
0.33590379318138475,-2.124751723927469
0.3359433378289116,-2.1664642057006036
0.3359828824764384,-2.2081357317036407
0.3360224271239653,-2.249788115875823
0.33606197177149216,-2.2820836261489985
0.33610151641901903,-2.3097453792333793
0.3361410610665459,-2.3374132907577283
0.33618060571407277,-2.3651320080265696
0.33622015036159963,-2.392913042237528
0.33625969500912645,-2.4207563858975347
0.3362992396566533,-2.461638006198795
0.3363387843041802,-2.4780418713126857
0.33637832895170705,-2.4819482358596408
0.3364178735992339,-2.4860011076199897
0.3364574182467608,-2.490229668656617
0.33649696289428765,-2.494655985527764
0.3365365075418145,-2.501217303053903
0.3365760521893414,-2.510089381916292
0.3366155968368682,-2.520178323535872
0.33665514148439507,-2.530431421417845
0.33669468613192194,-2.5408565175070623
0.3367342307794488,-2.5515087684353186
0.3367737754269757,-2.5623975022613776
0.33681332007450254,-2.5735198072680805
0.3368528647220294,-2.584851908756288
0.3368924093695562,-2.596429316663873
0.3369319540170831,-2.6082908837907275
0.33697149866460996,-2.6045103433375063
0.3370110433121368,-2.5896448931599507
0.3370505879596637,-2.5750538600565767
0.33709013260719056,-2.5585511309690667
0.33712967725471743,-2.5405441261368966
0.3371692219022443,-2.5193018985856392
0.33720876654977117,-2.4956733491775553
0.337248311197298,-2.472246216240941
0.33728785584482485,-2.4542990323375062
0.3373274004923517,-2.4367651740691914
0.3373669451398786,-2.41939907853568
0.33740648978740545,-2.402201570433895
0.3374460344349323,-2.3851734765915142
0.3374855790824592,-1.934609227361126
0.337525123729986,-1.9300071666144731
0.33756466837751287,-1.9255609635848026
0.33760421302503973,-1.9212117623408378
0.3376437576725666,-1.9181719042065488
0.33768330232009347,-1.934040970186914
0.33772284696762034,-1.9500072906688806
0.3377623916151472,-1.974475536417883
0.3378019362626741,-2.0136235244522465
0.33784148091020094,-2.0523231603524437
0.33788102555772775,-2.0894170472702065
0.3379205702052546,-2.126582911094673
0.3379601148527815,-2.1638208600778364
0.33799965950030836,-2.201131002580613
0.3380392041478352,-2.2385134470728314
0.3380787487953621,-2.275913933253613
0.33811829344288896,-2.3138519618257107
0.3381578380904158,-2.357278747249305
0.33819738273794264,-2.4007668861152722
0.3382369273854695,-2.4605366948653935
0.3382764720329964,-2.5292367232421786
0.33831601668052325,-2.5711086623117794
0.3383555613280501,-2.6022703138736887
0.338395105975577,-2.6332880270856363
0.33843465062310385,-2.624622088192271
0.3384741952706307,-2.61052222804651
0.33851373991815753,-2.5963444328649894
0.3385532845656844,-2.5820864516723345
0.33859282921321127,-2.567803085294723
0.33863237386073813,-2.5538152782579515
0.338671918508265,-2.5397751402325905
0.33871146315579187,-2.5256809620299316
0.33875100780331874,-2.511531032745474
0.33879055245084555,-2.4874152157472063
0.3388300970983724,-2.4383635231433898
0.3388696417458993,-2.389275372368592
0.33890918639342615,-2.3401722866298136
0.338948731040953,-2.2910543328336535
0.3389882756884799,-2.2418362187585936
0.33902782033600676,-2.1667940642174437
0.3390673649835336,-2.0917605243781083
0.3391069096310605,-1.9373417889222921
0.3391464542785873,-1.781373741599678
0.3391859989261142,-1.4827918844870691
0.33922554357364104,-1.4745100351712441
0.3392650882211679,-1.466110655583449
0.3393046328686948,-1.4576231190204438
0.33934417751622165,-1.4490983713499612
0.3393837221637485,-1.440531230420663
0.3394232668112753,-1.4319169725272363
0.3394628114588022,-1.4217943918883766
0.33950235610632906,-1.400037871728506
0.33954190075385593,-1.378240260183083
0.3395814454013828,-1.3389448246120568
0.33962099004890967,-1.2855381666294263
0.33966053469643653,-1.2320712012851147
0.3397000793439634,-1.1785212323113363
0.33973962399149027,-1.1249122531807512
0.3397791686390171,-1.0712685496835526
0.33981871328654395,-1.0176692598248986
0.3398582579340708,-0.9728430456676918
0.3398978025815977,-0.9264681878384327
0.33993734722912455,-0.8802653434845444
0.3399768918766514,-0.8342323649564466
0.3400164365241783,-0.7883671083109585
0.3400559811717051,-0.7431047620875575
0.34009552581923197,-0.6978844437243659
0.34013507046675884,-0.6527062196860152
0.3401746151142857,-0.6264236585833977
0.3402141597618126,-0.6156088002291733
0.34025370440933944,-0.6047799679328566
0.3402932490568663,-0.5939229998133686
0.3403327937043932,-0.5830376349157999
0.34037233835192005,-0.594291347800476
0.34041188299944686,-0.6068513408933901
0.3404514276469737,-0.22486451707372468
0.3404909722945006,-0.19874809851404482
0.34053051694202746,-0.17261493664803498
0.34057006158955433,-0.14646317566256217
0.3406096062370812,-0.120288827778993
0.34064915088460807,-0.0940917053810442
0.3406886955321349,-0.06786563829876355
0.34072824017966175,-0.04160762121731565
0.3407677848271886,-0.012330056203819578
0.3408073294747155,0.02198385012750434
0.34084687412224235,0.05648628360635341
0.3408864187697692,0.13773000636235752
0.3409259634172961,0.1469488956383324
0.34096550806482295,0.1562936479315107
0.3410050527123498,0.15200347438055933
0.34104459735987663,0.14696499669656074
0.3410841420074035,0.14205075838144385
0.34112368665493037,0.13726022219510287
0.34116323130245724,0.13259285288546496
0.3412027759499841,0.12804262198646416
0.341242320597511,0.12355792154508559
0.34128186524503784,0.11914311407654243
0.34132140989256465,0.11482023926286741
0.3413609545400915,0.11149152725539663
0.3414004991876184,0.12125867664830978
0.34144004383514526,0.13111866997184413
0.3414795884826721,0.14107181373015829
0.341519133130199,0.1511186649961524
0.34155867777772586,0.17463984879139127
0.34159822242525273,0.20815527239357728
0.3416377670727796,0.24174389972792765
0.3416773117203064,0.2754058562192817
0.3417168563678333,0.30914126825112953
0.34175640101536015,0.34294532332736904
0.341795945662887,0.37681807159820613
0.3418354903104139,0.4104871439100663
0.34187503495794075,0.4426208416755212
0.3419145796054676,0.4748115383619489
0.34195412425299443,0.5172691812771996
0.3419936689005213,0.5635625597037355
0.34203321354804817,0.6099273314650201
0.34207275819557503,0.663393901573585
0.3421123028431019,0.7187098558826279
0.34215184749062877,0.7568277904680727
0.34219139213815564,0.7747421325280632
0.3422309367856825,0.7927463853329226
0.3422704814332094,0.8108405027015565
0.3423100260807362,0.8290244394795931
0.34234957072826305,0.8472964036317083
0.3423891153757899,0.8656558296810078
0.3424286600233168,0.8818857978229606
0.34246820467084366,0.891357544770814
0.3425077493183705,0.9009040676608002
0.3425472939658974,0.9105120818540732
0.3425868386134242,0.9098150978019661
0.3426263832609511,0.9069527184872823
0.34266592790847794,0.9009959466029414
0.3427054725560048,0.8950224220463306
0.3427450172035317,0.8890314602532461
0.34278456185105854,0.8830223755660227
0.3428241064985854,0.8769944812335516
0.3428636511461123,0.8782860622014345
0.34290319579363915,0.88175894906777
0.34294274044116596,0.885027251685486
0.34298228508869283,0.8882589905754124
0.3430218297362197,0.888417654214812
0.34306137438374656,0.8604401257197039
0.34310091903127343,0.8324591357531137
0.3431404636788003,0.8064174694272687
0.34318000832632717,0.7806044435585129
0.343219552973854,0.7565442971713973
0.34325909762138085,0.745624352040116
0.3432986422689077,0.7346572393121149
0.3433381869164346,0.7324211885166849
0.34337773156396145,0.7465859629200545
0.3434172762114883,0.7606668307882476
0.3434568208590152,0.774662667515462
0.34349636550654206,0.7885765942000311
0.3435359101540689,0.7986701655029504
0.34357545480159574,0.7669517787739464
0.3436149994491226,0.7351703825156012
0.3436545440966495,0.7033252178654487
0.34369408874417634,0.6788480730368902
0.3437336333917032,0.6989612451581463
0.3437731780392301,0.6983870651697985
0.34381272268675694,0.6977354021508257
0.34385226733428376,0.6969794350288326
0.3438918119818106,0.6961260861066233
0.3439313566293375,0.6952259814092532
0.34397090127686436,0.6943738511734465
0.34401044592439123,0.6935734749321687
0.3440499905719181,0.6928339766089222
0.34408953521944496,0.6937225421392255
0.34412907986697183,0.7114994292410788
0.3441686245144987,0.7293141043010205
0.3442081691620255,0.7471668626993375
0.3442477138095524,0.765058000652317
0.34428725845707925,0.7830140697583046
0.3443268031046061,0.8010976559364354
0.344366347752133,0.8193099386008657
0.34440589239965985,0.8376520997585065
0.3444454370471867,0.8404226349839028
0.34448498169471353,0.8542026907628054
0.3445245263422404,0.870797462904263
0.34456407098976727,0.8874107040193029
0.34460361563729414,0.9052389767158926
0.344643160284821,0.9241289030080905
0.34468270493234787,0.943034057487698
0.34472224957987474,0.9619542275278586
0.3447617942274016,0.9808892007874402
0.3448013388749285,0.9998303924029861
0.3448408835224553,1.018753453796737
0.34488042816998216,1.037658295554876
0.344919972817509,1.056544827897905
0.3449595174650359,1.0754129606806488
0.34499906211256276,1.0940114157990242
0.34503860676008963,1.0956676854877412
0.3450781514076165,1.09723998333644
0.3451176960551433,1.0986969758404643
0.3451572407026702,1.7302781702465742
0.34519678535019704,1.6696600384482618
0.3452363299977239,1.6154739835814416
0.3452758746452508,1.5621899402358224
0.34531541929277765,1.5088141344724086
0.3453549639403045,1.4694339090914947
0.3453945085878314,1.4569595071136228
0.34543405323535825,1.444474381097753
0.34547359788288506,1.4320060077616656
0.34551314253041193,1.4195583786239354
0.3455526871779388,1.4071310895385591
0.34559223182546567,1.394721511961165
0.34563177647299254,1.3730457089501986
0.3456713211205194,1.3332436619194115
0.34571086576804627,1.2934356952497985
0.3457504104155731,1.2536263893843071
0.34578995506309995,1.2138156854290787
0.3458294997106268,1.187531012708781
0.3458690443581537,1.1931216480499045
0.34590858900568056,1.1987032005373754
0.3459481336532074,1.2042677748457564
0.3459876783007343,1.209814496218713
0.34602722294826116,1.2153617872273368
0.346066767595788,1.2209206316296546
0.34610631224331484,1.22864951093022
0.3461458568908417,1.2720047817925197
0.3461854015383686,1.3217286964832344
0.34622494618589544,1.3715614707503063
0.3462644908334223,1.421552448175869
0.3463040354809492,1.471677471489749
0.34634358012847605,1.518919142853022
0.34638312477600286,1.5523534692655516
0.3464226694235297,1.5868457532735283
0.3464622140710566,1.621524966959917
0.34650175871858346,1.6562133077285943
0.34654130336611033,1.690911765406271
0.3465808480136372,1.7256256986775707
0.34662039266116407,1.7603567234488977
0.34665993730869094,1.7883186683959233
0.3466994819562178,1.8156898576325118
0.3467390266037446,1.8430691734101898
0.3467785712512715,1.875976099887269
0.34681811589879835,1.9089525849353433
0.3468576605463252,1.9419349264092114
0.3468972051938521,1.972229007201106
0.34693674984137896,1.9824466945443766
0.3469762944889058,1.9926807805773432
0.34701583913643264,2.0029426142265963
0.3470553837839595,2.0210233755652722
0.34709492843148637,2.0655020606477335
0.34713447307901324,2.1100076123460423
0.3471740177265401,2.1545240386190034
0.347213562374067,2.199055177668037
0.34725310702159384,2.2436007648410934
0.3472926516691207,2.28816053611201
0.3473321963166476,2.332725980713155
0.3473717409641744,2.3627924599330097
0.34741128561170126,2.3906256807738133
0.3474508302592281,2.4184301857859762
0.347490374906755,2.4462053027807467
0.34752991955428186,2.473950359377291
0.34756946420180873,2.490386608231197
0.3476090088493356,2.467812631716965
0.3476485534968624,2.4451192913295174
0.3476880981443893,2.4223171944428046
0.34772764279191615,2.3995000423276234
0.347767187439443,2.376652668282845
0.3478067320869699,2.3537747406859477
0.34784627673449675,2.330865927830575
0.3478858213820236,2.3079258979265354
0.3479253660295505,2.2849543190998
0.34796491067707735,2.261327839970553
0.34800445532460417,2.230935709551705
0.34804399997213104,2.2004781255315966
0.3480835446196579,2.1699114061179903
0.34812308926718477,2.1392259832547476
0.34816263391471164,2.108421010822371
0.3482021785622385,2.073639993577607
0.3482417232097654,2.037898310277962
0.3482812678572922,1.9978277401175912
0.34832081250481906,1.9204600448654887
0.3483603571523459,1.8429510897488277
0.3483999017998728,1.7653001235794104
0.34843944644739966,1.6875063930414178
0.3484789910949265,1.6305598862210104
0.3485185357424534,1.5817565521878483
0.34855808038998026,1.5328220756347184
0.34859762503750713,1.5024703314141374
0.34863716968503394,1.472602827456742
0.3486767143325608,1.442601849798457
0.3487162589800877,1.4124688615494494
0.34875580362761455,1.3822042603559401
0.3487953482751414,1.2938717684407357
0.3488348929226683,1.1566865723499262
0.34887443757019515,1.0192785741353436
0.34891398221772196,0.8816466128144416
0.34895352686524883,0.7437882317839087
0.3489930715127757,0.6079902000890011
0.34903261616030257,0.47939960814263094
0.34907216080782943,0.35073515275477485
0.3491117054553563,0.2553602793839643
0.34915125010288317,0.1677772935580887
0.34919079475041004,0.08012488199752867
0.3492303393979369,-0.0075967299819061015
0.3492698840454637,-0.09538731750057917
0.3493094286929906,-0.18324665611533716
0.34934897334051745,-0.27114120875154224
0.3493885179880443,-0.36571540141597597
0.3494280626355712,-0.49666271359363556
0.34946760728309806,-0.6276253126702394
0.3495071519306249,-0.7586710338222172
0.34954669657815174,-0.8898180407272921
0.3495862412256786,-1.0123337395988827
0.3496257858732055,-1.0793828019446081
0.34966533052073234,-1.146533455505751
0.3497048751682592,-1.1998931936257122
0.3497444198157861,-1.2476777047413647
0.34978396446331295,-1.2955667624454588
0.3498235091108398,-1.3435658819435448
0.3498630537583667,-1.3916742667368347
0.3499025984058935,-1.4399745050910362
0.34994214305342036,-1.4943702331482394
0.34998168770094723,-1.5489815278710315
0.3500212323484741,-1.6043910875192717
0.35006077699600097,-1.6602602862546445
0.35010032164352783,-1.716173918998764
0.3501398662910547,-1.7721310493846696
0.3501794109385815,-1.8281307414045798
0.3502189555861084,-1.8793621100724025
0.35025850023363525,-1.9265505869756647
0.3502980448811621,-1.9737365971545924
0.350337589528689,-2.0241189282923546
0.35037713417621585,-2.079702682799837
0.3504166788237427,-2.135265969427407
0.3504562234712696,-2.190808078646298
0.35049576811879646,-2.2463283001272156
0.35053531276632327,-2.275532974426617
0.35057485741385014,-2.2945210143106953
0.350614402061377,-2.3134807452804487
0.3506539467089039,-2.3305102294281874
0.35069349135643074,-2.3466007485580866
0.3507330360039576,-2.3626853501442318
0.3507725806514845,-2.3561977951950883
0.3508121252990113,-2.34558355821509
0.35085166994653816,-2.334950759992655
0.350891214594065,-2.324298999035377
0.3509307592415919,-2.3136278732271087
0.35097030388911876,-2.3029369798280213
0.35100984853664563,-2.2922259154745923
0.3510493931841725,-2.281494276179609
0.35108893783169937,-2.2707458970491077
0.35112848247922623,-2.2599807051900287
0.35116802712675305,-2.2491851798019615
0.3512075717742799,-2.241790127750524
0.3512471164218068,-2.235187691635318
0.35128666106933365,-2.2285534425447944
0.3513262057168605,-2.2219153075432776
0.3513657503643874,-2.2152775355845042
0.35140529501191425,-2.204906716025129
0.35144483965944107,-2.189122610864558
0.35148438430696793,-2.1733184151390432
0.3515239289544948,-2.157493929941774
0.35156347360202167,-2.1416505696554626
0.35160301824954854,-2.127702874553973
0.3516425628970754,-2.1337959119586354
0.3516821075446023,-2.139631341484781
0.35172165219212914,-2.1454240165119907
0.351761196839656,-2.1512029669514567
0.3518007414871828,-2.1570347923850495
0.3518402861347097,-2.1629285783680836
0.35187983078223656,-2.1688786168913397
0.3519193754297634,-2.1700081795716266
0.3519589200772903,-2.1682273388821756
0.35199846472481716,-2.1665053422889318
0.35203800937234403,-2.164872252081923
0.35207755401987084,-2.163347719189952
0.3521170986673977,-2.1619316992107858
0.3521566433149246,-2.1375642919353703
0.35219618796245145,-2.1121279262911776
0.3522357326099783,-2.092459981574892
0.3522752772575052,-2.073107790534296
0.35231482190503205,-2.0538267929418588
0.3523543665525589,-2.0346130375817664
0.3523939112000858,-2.0154628492946833
0.3524334558476126,-1.996375902884886
0.35247300049513947,-1.9773221656169881
0.35251254514266633,-1.9582961024624752
0.3525520897901932,-1.923042794273891
0.35259163443772007,-1.8715492095718327
0.35263117908524694,-1.82006358702241
0.3526707237327738,-1.7685861720860112
0.3527102683803006,-1.7171172103193095
0.3527498130278275,-1.6656569473751026
0.35278935767535435,-1.6142389517319113
0.3528289023228812,-1.5628553473373898
0.3528684469704081,-1.4774945916142574
0.35290799161793496,-1.380719568400247
0.3529475362654618,-1.2839700852497131
0.3529870809129887,-1.1872052613450617
0.35302662556051556,-1.0904254576786019
0.3530661702080424,-0.9548529813989521
0.35310571485556924,-0.8132490250277805
0.3531452595030961,-0.6705769644166715
0.353184804150623,-0.622267394920337
0.35322434879814985,-0.5753505206114949
0.3532638934456767,-0.5268957491522865
0.3533034380932036,-0.370006133323168
0.3533429827407304,-0.21309050459965329
0.35338252738825726,-0.14300094305217914
0.35342207203578413,-0.1087180050798332
0.353461616683311,-0.07441216354978908
0.35350116133083787,-0.04603096769109993
0.35354070597836473,-0.01890510384162658
0.3535802506258916,0.008246478972818938
0.35361979527341847,0.03548698955671681
0.35365933992094534,0.0630805691386288
0.35369888456847215,0.09102131440501371
0.353738429215999,0.11931364043132986
0.3537779738635259,0.1479691049705223
0.35381751851105275,0.17666824607424336
0.3538570631585796,0.20540549760375704
0.3538966078061065,0.294884623848102
0.35393615245363336,0.41558321159003575
0.35397569710116017,0.5141567313954452
0.35401524174868704,0.5396944865203985
0.3540547863962139,0.5653313292235876
0.3540943310437408,0.591067943984199
0.35413387569126764,0.6169050166980664
0.3541734203387945,0.6428533628353481
0.3542129649863214,0.6689150521228846
0.35425250963384824,0.6950855567299001
0.3542920542813751,0.7220327324796327
0.3543315989289019,0.7679890500194588
0.3543711435764288,0.814017986598613
0.35441068822395566,0.8601113332198568
0.35445023287148253,0.9062699288302831
0.3544897775190094,0.9524946129462314
0.35452932216653626,0.9940612660042836
0.35456886681406313,1.0083591060606691
0.35460841146158995,1.016824304274857
0.3546479561091168,0.993791612415551
0.3546875007566437,0.9708125206231836
0.35472704540417055,0.957727526198708
0.3547665900516974,0.9616093444400172
0.3548061346992243,0.9655864231330689
0.35484567934675115,0.9696592114047506
0.354885223994278,0.9738281594698163
0.3549247686418049,0.978093718630893
0.3549643132893317,0.9824372590678814
0.35500385793685857,0.9868400818102018
0.35504340258438544,0.9913030264573499
0.3550829472319123,0.9958269329243281
0.3551224918794392,1.0004444239380654
0.35516203652696604,1.0879657478650135
0.3552015811744929,1.0905138056239496
0.3552411258220197,1.0931978276164158
0.3552806704695466,1.099848173766213
0.35532021511707346,1.118353060230991
0.3553597597646003,1.1369728129577608
0.3553993044121272,1.155708058397548
0.35543884905965406,1.1745765535401604
0.35547839370718093,1.1993352214201396
0.3555179383547078,1.2365187756400422
0.35555748300223466,1.27385487371394
0.3555970276497615,1.3113438969343527
0.35563657229728834,1.348986228591108
0.3556761169448152,1.3867783558693376
0.3557156615923421,1.4206380913507988
0.35575520623986895,1.4504895839714544
0.3557947508873958,1.465882232545607
0.3558342955349227,1.472730554162509
0.3558738401824495,1.4797097438505027
0.35591338482997636,1.4868200260023383
0.35595292947750323,1.4898175566171348
0.3559924741250301,1.4853055154747494
0.35603201877255697,1.4808997241984565
0.35607156342008384,1.4766343763766259
0.3561111080676107,1.4724732554650939
0.3561506527151376,1.4691206801948185
0.35619019736266444,1.468805173967088
0.35622974201019125,1.4521396060769705
0.3562692866577181,1.4265374924728818
0.356308831305245,1.4010236646544465
0.35634837595277186,1.375601373818743
0.3563879206002987,1.3502763858675362
0.3564274652478256,1.325055989767526
0.35646700989535246,1.2949115629608872
0.3565065545428793,1.263697313726563
0.35654609919040614,1.2332700508457233
0.356585643837933,1.2055154419847465
0.3566251884854599,1.1778878505883772
0.35666473313298674,1.1503870007742827
0.3567042777805136,1.123012618060641
0.3567438224280405,1.095718004696504
0.35678336707556735,1.068482600084136
0.3568229117230942,1.0413059789135355
0.35686245637062103,1.014846480725578
0.3569020010181479,0.9887251703757577
0.35694154566567476,0.9626358388662355
0.35698109031320163,0.9365672044464293
0.3570206349607285,0.9105063493785779
0.35706017960825537,0.8844609983520223
0.35709972425578224,0.8758271632631843
0.35713926890330905,0.8699458409012579
0.3571788135508359,0.8640799303012725
0.3572183581983628,0.8582292794065024
0.35725790284588965,0.8517399164947621
0.3572974474934165,0.8452772061791033
0.3573369921409434,0.8388277006876269
0.35737653678847026,0.8323737831417674
0.3574160814359971,0.8259176075229585
0.357455626083524,0.819486331149715
0.3574951707310508,0.8130730497146115
0.35753471537857767,0.8098206746613633
0.35757426002610454,0.8128297897846013
0.3576138046736314,0.8158711670717449
0.3576533493211583,0.8189435553361749
0.35769289396868514,0.8220487936878718
0.357732438616212,0.825189949580895
0.3577719832637388,0.8283682502817191
0.3578115279112657,0.8315849226811246
0.35785107255879256,0.8348411932942086
0.35789061720631943,0.4851164438936997
0.3579301618538463,0.5076406364306654
0.35796970650137316,0.5302165667199511
0.35800925114890003,0.5646669473045175
0.3580487957964269,0.6001408223922893
0.35808834044395377,0.6356343068699537
0.3581278850914806,0.6711323104812786
0.35816742973900745,0.6879326806104342
0.3582069743865343,0.6652066233009529
0.3582465190340612,0.6337295382449288
0.35828606368158805,0.6022013630516573
0.3583256083291149,0.570665792739694
0.3583651529766418,0.5391231423770733
0.3584046976241686,0.28377993788879696
0.35844424227169547,0.2580683582521155
0.35848378691922234,0.23235063406055467
0.3585233315667492,0.2066270739099364
0.35856287621427607,0.18087377498088086
0.35860242086180294,0.15504933251664033
0.3586419655093298,0.13068655149009312
0.3586815101568567,0.10726437858939286
0.35872105480438354,0.08294167305098454
0.35876059945191036,0.0400622721186773
0.3588001440994372,-0.002915443671175355
0.3588396887469641,-0.045987866067608296
0.35887923339449096,-0.08927532649492631
0.3589187780420178,-0.13279716946264042
0.3589583226895447,-0.14965481424311677
0.35899786733707156,-0.1650780476435234
0.3590374119845984,-0.18169696354779807
0.35907695663212524,-0.1996256743965913
0.3591165012796521,-0.21753772283285644
0.359156045927179,-0.23543417805209288
0.35919559057470585,-0.25332778582514237
0.3592351352222327,-0.2712204640357283
0.3592746798697596,-0.28912941665474423
0.35931422451728645,-0.30705455915214575
0.3593537691648133,-0.3250421449666574
0.35939331381234013,-0.3466296077382872
0.359432858459867,-0.3682393607339576
0.35947240310739387,-0.38987222298887914
0.35951194775492074,-0.4286092332012743
0.3595514924024476,-0.4848165699450362
0.35959103704997447,-0.5469893223353468
0.35963058169750134,-0.6250283307687311
0.35967012634502815,-0.704716237285945
0.359709670992555,-0.8363326202142342
0.3597492156400819,-0.9679497272158765
0.35978876028760876,-1.0995684522631084
0.3598283049351356,-1.5220758785339341
0.3598678495826625,-1.5502460125218025
0.35990739423018936,-1.5784473000369015
0.3599469388777162,-1.606675717258264
0.3599864835252431,-1.6305357280836046
0.3600260281727699,-1.6377380929828438
0.3600655728202968,-1.6449442206470106
0.36010511746782364,-1.6521472513973103
0.3601446621153505,-1.6592867198123564
0.3601842067628774,-1.6663311490329988
0.36022375141040425,-1.673875453558768
0.3602632960579311,-1.6813892219247837
0.3603028407054579,-1.6888732182143336
0.3603423853529848,-1.6963282069095835
0.36038193000051166,-1.7037549528914961
0.36042147464803853,-1.7111542214398914
0.3604610192955654,-1.714518336555185
0.36050056394309227,-1.715932234907573
0.36054010859061913,-1.7173422302733974
0.360579653238146,-1.6682308625859497
0.36061919788567287,-1.5768566599397453
0.3606587425331997,-1.4855579317803709
0.36069828718072655,-1.411798026738427
0.3607378318282534,-1.3593566191173734
0.3607773764757803,-1.306851961020965
0.36081692112330715,-1.2542805744460308
0.360856465770834,-1.2016427104886949
0.3608960104183609,-1.1489386197309415
0.3609355550658877,-1.0961685522405946
0.36097509971341457,-1.0470145980208088
0.36101464436094144,-1.031996671002938
0.3610541890084683,-1.0168168386604228
0.3610937336559952,-1.0014958741026128
0.36113327830352204,-0.9861256414222852
0.3611728229510489,-0.9707258810298276
0.3612123675985758,-0.9552969258217995
0.36125191224610265,-0.9398391088345762
0.36129145689362946,-0.9243527632443402
0.3613310015411563,-0.9088584235982328
0.3613705461886832,-0.8938367299840995
0.36141009083621006,-0.8790361237826981
0.36144963548373693,-0.8642446650254185
0.3614891801312638,-0.8494698566796839
0.36152872477879067,-0.8347123145669968
0.3615682694263175,-0.8199726554910263
0.36160781407384435,-0.9377961666359678
0.3616473587213712,-0.9325192261530352
0.3616869033688981,-0.9272655150283632
0.36172644801642495,-0.9159250489436375
0.3617659926639518,-0.8994448021423264
0.3618055373114787,-0.8830108027795985
0.36184508195900555,-0.8724246033283763
0.3618846266065324,-0.863918848305297
0.36192417125405923,-0.8520999180374746
0.3619637159015861,-0.829917031737477
0.36200326054911297,-0.8077505629350623
0.36204280519663984,-0.7856007039378641
0.3620823498441667,-0.7634676478668578
0.3621218944916936,-0.7413515886563429
0.36216143913922044,-0.7192527210539579
0.36220098378674725,-0.6971678986781099
0.3622405284342741,-0.6827620400263384
0.362280073081801,-0.6690845328093331
0.36231961772932786,-0.6555718098354159
0.3623591623768547,-0.6457717755376953
0.3623987070243816,-0.6359009960923216
0.36243825167190846,-0.6262446645157723
0.36247779631943533,-0.6176261549511658
0.3625173409669622,-0.6089333929491305
0.362556885614489,-0.6001667731277666
0.3625964302620159,-0.5913249446556308
0.36263597490954275,-0.5824189709660081
0.3626755195570696,-0.5734452642117445
0.3627150642045965,-0.5643838360111705
0.36275460885212335,-0.5552355273914524
0.3627941534996502,-0.5459965490791604
0.36283369814717703,-0.5366306511812865
0.3628732427947039,-0.5271419164777705
0.36291278744223077,-0.323147824081675
0.36295233208975763,-0.3224637596537979
0.3629918767372845,-0.3216894720173811
0.36303142138481137,-0.3208448991485653
0.36307096603233824,-0.31993029679548923
0.3631105106798651,-0.31895921833647256
0.363150055327392,-0.4258603380522388
0.3631895999749188,-0.4189157683057312
0.36322914462244565,-0.4119556455123403
0.3632686892699725,-0.4049804623688592
0.3633082339174994,-0.397985067972927
0.36334777856502626,-0.3909091392586501
0.3633873232125531,-0.3837525065579106
0.36342686786008,-0.3765149988111959
0.3634664125076068,-0.36914570642675437
0.3635059571551337,-0.36168626865764286
0.36354550180266054,-0.3542932594061665
0.3635850464501874,-0.3522254957401928
0.3636245910977143,-0.3500581657470031
0.36366413574524115,-0.3425627789365575
0.363703680392768,-0.32712777068993126
0.3637432250402949,-0.31167906755345165
0.36378276968782175,-0.293805515677485
0.36382231433534856,-0.26990298689727826
0.36386185898287543,-0.2459895643390863
0.3639014036304023,-0.23422968668990557
0.36394094827792917,-0.22605814599062984
0.36398049292545603,-0.217907751499964
0.3640200375729829,-0.20977886976904953
0.36405958222050977,-0.201671867852379
0.3640991268680366,-0.19358711330779194
0.36413867151556345,-0.18552497419644876
0.3641782161630903,-0.17748783769345583
0.3642177608106172,-0.16945266926214364
0.36425730545814405,-0.15913912712954686
0.3642968501056709,-0.147243918788236
0.3643363947531978,-0.1353502895788546
0.36437593940072466,-0.12130591768682442
0.3644154840482515,-0.10507674395064126
0.36445502869577834,-0.08886249998802787
0.3644945733433052,-0.07266503587935164
0.3645341179908321,-0.056484829315923746
0.36457366263835894,-0.043087126119283725
0.3646132072858858,-0.04190301552035547
0.3646527519334127,-0.040741580079647066
0.36469229658093955,-0.03960325820162158
0.36473184122846636,-0.03848848868459248
0.3647713858759932,-0.037397341606595524
0.3648109305235201,-0.03630482365554355
0.36485047517104696,-0.03521111759228435
0.36489001981857383,-0.03411640605812616
0.3649295644661007,-0.040374073037730995
0.36496910911362757,-0.04862850408532232
0.36500865376115443,-0.05682008669363581
0.3650481984086813,-0.06494956039528804
0.3650877430562081,-0.07301618079108185
0.365127287703735,-0.07777073124113781
0.36516683235126185,-0.07351201310543676
0.3652063769987887,-0.06925066687925935
0.3652459216463156,-0.04651042666815408
0.36528546629384245,-0.020841297710216755
0.3653250109413693,0.004840555378730127
0.36536455558889613,0.02904443026530118
0.365404100236423,0.043660758242879905
0.36544364488394987,0.05701248489210131
0.36548318953147674,0.06471479441721145
0.3655227341790036,0.07247217543723411
0.3655622788265305,0.08028507755575887
0.36560182347405734,0.08813573911864825
0.3656413681215842,0.09597720436484186
0.3656809127691111,0.10380917804898532
0.3657204574166379,0.11162853135501527
0.36576000206416476,0.1194350334590073
0.3657995467116916,0.13971736779820065
0.3658390913592185,0.16761660055927274
0.36587863600674536,0.19549903450560568
0.36591818065427223,0.23727159524340802
0.3659577253017991,0.2924259029357302
0.3659972699493259,0.34749481503113
0.3660368145968528,0.38661164804169434
0.36607635924437965,0.4075050023714898
0.3661159038919065,0.4283149272505789
0.3661554485394334,0.45967099940751516
0.36619499318696025,0.49907485362790727
0.3662345378344871,0.5384125994988693
0.366274082482014,0.5776836079994927
0.36631362712954085,0.6181432717753131
0.36635317177706767,0.6627304758067635
0.36639271642459453,0.7072490494945893
0.3664322610721214,0.7514326131835252
0.36647180571964827,0.7883269128959024
0.36651135036717514,0.825190156189735
0.366550895014702,0.8620131601075279
0.3665904396622289,0.8987948856157679
0.3666299843097557,0.93553438739979
0.36666952895728255,0.9706776807591515
0.3667090736048094,0.9988462574886378
0.3667486182523363,1.0276072683667608
0.36678816289986316,1.0585402870581964
0.36682770754739,1.0893718917740598
0.3668672521949169,1.120062425323319
0.36690679684244376,1.1505900986946924
0.36694634148997063,1.17051937253757
0.36698588613749744,1.1930583684468274
0.3670254307850243,1.2154808030072426
0.3670649754325512,1.2377861060822153
0.36710452008007805,1.2599737058753726
0.3671440647276049,1.2820648596232491
0.3671836093751318,1.3040625429713681
0.36722315402265865,1.325966430463773
0.36726269867018546,1.3477761954854788
0.36730224331771233,1.369491746034507
0.3673417879652392,1.3911307055340472
0.36738133261276607,1.4127516567414173
0.36742087726029293,1.4362853336601598
0.3674604219078198,1.4679811279584996
0.36749996655534667,1.4858574290112994
0.36753951120287354,1.4977150966958763
0.3675790558504004,1.509555405829096
0.3676186004979272,1.5213787852313356
0.3676581451454541,1.5331856640663022
0.36769768979298095,1.5449845213891433
0.3677372344405078,1.556793933194475
0.3677767790880347,1.5627295041273568
0.36781632373556156,1.5654494944668111
0.3678558683830884,1.566074538951057
0.36789541303061524,1.5667213007177834
0.3679349576781421,1.567390070260343
0.367974502325669,1.5680869515910403
0.36801404697319584,1.568813564598991
0.3680535916207227,1.5695766103271651
0.3680931362682496,1.5672906784104175
0.36813268091577644,1.5588604413233775
0.3681722255633033,1.5505159221996334
0.3682117702108302,1.5422582069955468
0.368251314858357,1.5340567400755634
0.36829085950588386,1.529648664110562
0.36833040415341073,1.5266051869477029
0.3683699488009376,1.5235793662096566
0.36840949344846446,1.5205706457696038
0.36844903809599133,1.5175793910973032
0.3684885827435182,1.5145147563953734
0.368528127391045,1.511311612040407
0.3685676720385719,1.4970240951622469
0.36860721668609875,1.4769404198120482
0.3686467613336256,1.4569863821466438
0.3686863059811525,1.4371645995312687
0.36872585062867935,1.417477691997436
0.3687653952762062,1.3979250028899217
0.3688049399237331,1.3834543457581696
0.36884448457125996,1.3703802535352432
0.36888402921878677,1.3573866709374154
0.36892357386631364,1.343847298139956
0.3689631185138405,1.330026189225955
0.3690026631613674,1.3162386191872546
0.36904220780889424,1.3024868741361706
0.3690817524564211,1.2887732405051437
0.369121297103948,1.2751000050467634
0.3691608417514748,1.2614795015951608
0.36920038639900166,1.2479712877419948
0.3692399310465285,1.2335267697851513
0.3692794756940554,1.1778822708404568
0.36931902034158226,1.1222227310670043
0.36935856498910913,1.064181859867823
0.369398109636636,1.0061975714641629
0.36943765428416286,0.9482715423799867
0.36947719893168973,0.8970428117374032
0.36951674357921654,0.8470735186471962
0.3695562882267434,0.7971584914130845
0.3695958328742703,0.7472989011895618
0.36963537752179715,0.6974959192556052
0.369674922169324,0.591883098255552
0.3697144668168509,0.5348840913429511
0.36975401146437775,0.4779545367175785
0.36979355611190456,0.4210968157813021
0.36983310075943143,0.37852436025642966
0.3698726454069583,0.34332665877992463
0.36991219005448517,0.3082052517207049
0.36995173470201204,0.27316142180821473
0.3699912793495389,0.23816823346535337
0.37003082399706577,0.2032039038251572
0.37007036864459264,0.1846807634725951
0.3701099132921195,0.17672653909084968
0.3701494579396463,0.1688185310078678
0.3701890025871732,0.16095839509127313
0.37022854723470006,0.15314626822651883
0.3702680918822269,0.14540918432769717
0.3703076365297538,0.13773324541175438
0.37034718117728066,0.13010386114491732
0.37038672582480753,0.12252165432023003
0.37042627047233434,0.11498438714670776
0.3704658151198612,0.10749126824828563
0.3705053597673881,0.10004287635869134
0.37054490441491494,0.09989806014620932
0.3705844490624418,0.10005398774221087
0.3706239937099687,0.10022504462948867
0.37066353835749555,0.10042011344916837
0.3707030830050224,0.10063918220817936
0.3707426276525493,0.10088223783786651
0.3707821723000761,0.10114926619399467
0.37082171694760296,0.10144229078279013
0.37086126159512983,0.10177081476955374
0.3709008062426567,0.10213470468951415
0.37094035089018357,0.10253382623504143
0.37097989553771044,0.10297321699080471
0.3710194401852373,0.10347231171527393
0.3710589848327641,0.1040392213197005
0.371098529480291,0.10467360543676707
0.37113807412781785,0.10537512351955591
0.3711776187753447,-0.11372711480126228
0.3712171634228716,-0.10861304936289827
0.37125670807039846,-0.1034487454985184
0.3712962527179253,-0.09823823689108876
0.3713357973654522,-0.0929800624506291
0.37137534201297906,-0.08767183677082473
0.37141488666050587,-0.08228379289832922
0.37145443130803274,0.10013164122667949
0.3714939759555596,0.13892721046536743
0.3715335206030865,0.15871201182789213
0.37157306525061334,0.13412173087558138
0.3716126098981402,0.10961064285329646
0.3716521545456671,0.08889563470573485
0.3716916991931939,0.07393488330091179
0.37173124384072076,0.05904705505687409
0.3717707884882476,0.03708871988046575
0.3718103331357745,0.005989428904952479
0.37184987778330136,-0.025037204993042877
0.37188942243082823,-0.0559843618423608
0.3719289670783551,-0.08688009004629246
0.37196851172588197,-0.11772696310637804
0.37200805637340884,-0.14851721653395378
0.37204760102093565,-0.17925121374876557
0.3720871456684625,-0.20993080554708116
0.3721266903159894,-0.23818385836761788
0.37216623496351625,-0.2641711770003794
0.3722057796110431,-0.2901147696730234
0.37224532425857,-0.29611011168598794
0.37228486890609686,-0.29836294725316553
0.37232441355362367,-0.30058875412338387
0.37236395820115054,-0.300776134410014
0.3724035028486774,-0.2892838074869453
0.37244304749620427,-0.27781477024129275
0.37248259214373114,-0.26637001654242143
0.372522136791258,-0.25495054192779165
0.3725616814387849,-0.24355734360295575
0.37260122608631174,-0.22370503748111656
0.3726407707338386,-0.19928876580757507
0.3726803153813654,-0.1749654379039743
0.3727198600288923,-0.15069783254010005
0.37275940467641916,-0.12649525261485817
0.372798949323946,-0.10235976385825504
0.3728384939714729,-0.08752407590571304
0.37287803861899976,-0.10232033740585611
0.37291758326652663,-0.1266397021435371
0.37295712791405344,-0.15103637355074784
0.3729966725615803,-0.17550885406574895
0.3730362172091072,-0.2000610920604347
0.37307576185663405,-0.22485713966311038
0.3731153065041609,-0.24199475011378524
0.3731548511516878,-0.2546131876498424
0.37319439579921465,-0.26969129402258984
0.3732339404467415,-0.2907873530097939
0.3732734850942684,-0.31191341147301943
0.3733130297417952,-0.3330681285579068
0.37335257438932207,-0.3542520751413664
0.37339211903684894,-0.3754658232449856
0.3734316636843758,-0.4009197808893503
0.37347120833190267,-0.43324489795525334
0.37351075297942954,-0.46560153947458066
0.3735502976269564,-0.493209084696245
0.3735898422744832,-0.5169934287206057
0.3736293869220101,-0.5408385887358481
0.37366893156953696,-0.4845292151987199
0.3737084762170638,-0.47992251309413114
0.3737480208645907,-0.4755203609455936
0.37378756551211756,-0.4712021331903736
0.3738271101596444,-0.46698026498058914
0.3738666548071713,-0.4628546468525499
0.37390619945469816,-0.4587732286202724
0.373945744102225,-0.4547362691300284
0.37398528874975184,-0.4507441874850826
0.3740248333972787,-0.4503698430593906
0.3740643780448056,-0.4653710127401719
0.37410392269233245,-0.48044673286033834
0.3741434673398593,-0.4955977342810477
0.3741830119873862,-0.5108247497271939
0.374222556634913,-0.5261285137874046
0.37426210128243986,-0.5415097629140291
0.37430164592996673,-0.5414551619569306
0.3743411905774936,-0.5363801410297863
0.37438073522502047,-0.5307727122183394
0.37442027987254733,-0.524337633172939
0.3744598245200742,-0.5178691156143498
0.37449936916760107,-0.5113765133785177
0.37453891381512794,-0.50488524495402
0.37457845846265475,-0.49839553554588767
0.3746180031101816,-0.4919076106794507
0.3746575477577085,-0.4854247877156009
0.37469709240523535,-0.4789574282613828
0.3747366370527622,-0.4852900110089912
0.3747761817002891,-0.5045979368723064
0.37481572634781596,-0.5239207391250171
0.37485527099534277,-0.5432585219621627
0.37489481564286964,-0.5413167987511207
0.3749343602903965,-0.5371161512439939
0.3749739049379234,-0.5329285406114168
0.37501344958545024,-0.5287540408730456
0.3750529942329771,-0.524598499582362
0.375092538880504,-0.5204705594829576
0.37513208352803085,-0.5163694882795906
0.3751716281755577,-0.5122956996436104
0.3752111728230845,-0.49677555327858525
0.3752507174706114,-0.47249948303220224
0.37529026211813826,-0.44828216423856054
0.37532980676566513,-0.42412425436045215
0.375369351413192,-0.4000264122210083
0.37540889606071887,-0.375989298003705
0.37544844070824573,-0.3546253405615975
0.37548798535577255,-0.3338487311981368
0.3755275300032994,-0.3131364725198458
0.3755670746508263,-0.291945195099012
0.37560661929835315,-0.27067433977163885
0.37564616394588,-0.24939536239931726
0.3756857085934069,-0.22810822362048433
0.37572525324093375,-0.2067953023995504
0.3757647978884606,-0.1854455731664224
0.3758043425359875,-0.18116127780255203
0.3758438871835143,-0.16736317218731417
0.37588343183104117,-0.15337033149855273
0.37592297647856804,-0.13934328185152894
0.3759625211260949,-0.12528685934094191
0.3760020657736218,-0.11117671741077084
0.37604161042114864,-0.09699943793015553
0.3760811550686755,-0.08275506680564843
0.3761206997162023,-0.0684441399333583
0.3761602443637292,-0.05130486937067891
0.37619978901125606,-0.02923643001291315
0.3762393336587829,-0.007095444509862325
0.3762788783063098,0.01512826217232599
0.37631842295383666,0.04888427235446985
0.37635796760136353,0.08672378220470145
0.3763975122488904,0.12462493790876283
0.37643705689641727,0.16258213486977746
0.3764766015439441,0.2005955426188044
0.37651614619147095,0.22364809843484224
0.3765556908389978,0.2446594009880333
0.3765952354865247,0.26572742951834905
0.37663478013405155,0.28087013186960896
0.3766743247815784,0.29221006663101234
0.3767138694291053,0.30360576300140907
0.3767534140766321,0.3103716077378904
0.37679295872415897,0.30876818343388357
0.37683250337168583,0.30721029517942244
0.3768720480192127,0.305673150964777
0.37691159266673957,0.30416395445503175
0.37695113731426644,0.30268255306981173
0.3769906819617933,0.30122879472855957
0.3770302266093202,0.29980591782746746
0.37706977125684704,0.29841930793188476
0.37710931590437385,0.2880489925708215
0.3771488605519007,0.26580796557976394
0.3771884051994276,0.24358042514055156
0.37722794984695446,0.2203309389919892
0.3772674944944813,0.19203950698618744
0.3773070391420082,0.1637567940045188
0.37734658378953506,0.12537112506251458
0.3773861284370619,0.08207223875523673
0.37742567308458874,0.038772314978028244
0.3774652177321156,-0.00413560676403979
0.3775047623796425,-0.0458244523318343
0.37754430702716935,-0.08751480533978384
0.3775838516746962,-0.12922129150180417
0.3776233963222231,-0.1709548653299371
0.37766294096974995,-0.2121832433315497
0.3777024856172768,-0.25346211732223534
0.37774203026480363,-0.2947888784750159
0.3777815749123305,-0.3361813205051246
0.37782111955985737,-0.38622396934073644
0.37786066420738423,-0.4510957758696519
0.3779002088549111,-0.5172042542591826
0.37793975350243797,-0.5833532527843228
0.37797929814996484,-0.6494833927353774
0.37801884279749165,-0.7155794411064494
0.3780583874450185,-0.776670959429254
0.3780979320925454,-0.8089521784249633
0.37813747674007225,-0.8411972131498828
0.3781770213875991,-0.8730651403227472
0.378216566035126,-0.9048982330298763
0.37825611068265286,-0.9366960256075451
0.3782956553301797,-0.96845805191351
0.3783351999777066,-1.006396646677136
0.3783747446252334,-1.0470805589608974
0.3784142892727603,-1.0877311300348556
0.37845383392028714,-1.1283524831866851
0.378493378567814,-1.168942892414646
0.3785329232153409,-1.2094740024093245
0.37857246786286775,-1.2416550146132486
0.3786120125103946,-1.2709639629322347
0.3786515571579214,-1.300228778079916
0.3786911018054483,-1.3396713534108322
0.37873064645297516,-1.3838560110619813
0.37877019110050203,-1.4280076805558681
0.3788097357480289,-1.4513438143455626
0.37884928039555577,-1.4687566709251954
0.37888882504308263,-1.486132007694525
0.3789283696906095,-1.5042783933719102
0.37896791433813637,-1.5310166069775641
0.3790074589856632,-1.557702963340946
0.37904700363319005,-1.5843373393847977
0.3790865482807169,-1.610919611406533
0.3791260929282438,-1.637449624917716
0.37916563757577065,-1.660940519255519
0.3792051822232975,-1.6592155994237174
0.3792447268708244,-1.6574083742629453
0.3792842715183512,-1.652580000559475
0.37932381616587807,-1.6456167292234047
0.37936336081340494,-1.6384972306551073
0.3794029054609318,-1.6311971697090064
0.3794424501084587,-1.6237134079557505
0.37948199475598554,-1.6159745945663258
0.3795215394035124,-1.6010714715018217
0.3795610840510393,-1.5859199679130274
0.37960062869856614,-1.5700858778353612
0.37964017334609296,-1.5541575756779582
0.3796797179936198,-1.5561038236118299
0.3797192626411467,-1.5738746178997962
0.37975880728867356,-1.5915435607050228
0.37979835193620043,-1.6091333584439975
0.3798378965837273,-1.6266442975536226
0.37987744123125416,-1.6395535011752336
0.379916985878781,-1.6342892132116758
0.37995653052630785,-1.6092734539999385
0.3799960751738347,-1.5841799730755366
0.3800356198213616,-1.5590090524599036
0.38007516446888845,-1.5337609732913933
0.3801147091164153,-1.508436015825254
0.3801542537639422,-1.4830358302142588
0.38019379841146905,-1.457561810425314
0.3802333430589959,-1.4320202518027212
0.38027288770652273,-1.4090686440984825
0.3803124323540496,-1.3947647251246678
0.38035197700157647,-1.380480218779575
0.38039152164910334,-1.3662798649127197
0.3804310662966302,-1.3521653209185558
0.3804706109441571,-1.338111758310459
0.38051015559168394,-1.3240883893882205
0.38054970023921075,-1.3025404230064157
0.3805892448867376,-1.2793867594840431
0.3806287895342645,-1.2562383852237453
0.38066833418179136,-1.2330927916461354
0.3807078788293182,-1.2099483508737081
0.3807474234768451,-1.1868009510513473
0.38078696812437196,-1.1252022436409854
0.38082651277189883,-1.036790438585426
0.3808660574194257,-0.9614263942147092
0.3809056020669525,-0.9459646985293675
0.3809451467144794,-0.9304561643294276
0.38098469136200624,-0.9149037312199291
0.3810242360095331,-0.8993082143379498
0.38106378065706,-0.8836704281891574
0.38110332530458685,-0.8679911866478183
0.3811428699521137,-0.8522706017370554
0.38118241459964053,-0.8365091581176836
0.3812219592471674,-0.820895896065827
0.38126150389469426,-0.8098125718542033
0.38130104854222113,-0.7986907923033009
0.381340593189748,-0.7875313572327327
0.38138013783727487,-0.7783940402494811
0.38141968248480174,-0.7710387317768757
0.3814592271323286,-0.7636262826625997
0.3814987717798555,-0.7561666356230452
0.3815383164273823,-0.7486684064084903
0.38157786107490915,-0.7411324709504983
0.381617405722436,-0.731975005274859
0.3816569503699629,-0.7211893410642372
0.38169649501748976,-0.7103955948169565
0.3817360396650166,-0.7032009624980076
0.3817755843125435,-0.7033235231508115
0.3818151289600703,-0.7034553303144622
0.3818546736075972,-0.7035970017775057
0.38189421825512404,-0.7037491554869328
0.3819337629026509,-0.7039124095482385
0.3819733075501778,-0.7040873822254115
0.38201285219770464,-0.6918271889545968
0.3820523968452315,-0.6710627629956514
0.3820919414927584,-0.6452096698725951
0.38213148614028525,-0.6070293351127172
0.38217103078781206,-0.5688445152771198
0.38221057543533893,-0.5306552052446185
0.3822501200828658,-0.4924601546778582
0.38228966473039266,-0.45426447366562384
0.38232920937791953,-0.41607188307563203
0.3823687540254464,-0.3767139667610424
0.38240829867297327,-0.33708500549424536
0.3824478433205001,-0.2915176135269606
0.38248738796802695,-0.23202708672286954
0.3825269326155538,-0.17243289435630005
0.3825664772630807,-0.11273654220794294
0.38260602191060755,-0.056599471047865224
0.3826455665581344,-0.003022250023928752
0.3826851112056613,0.05022714833368824
0.38272465585318816,0.09620175561584032
0.382764200500715,0.1317740170567121
0.38280374514824184,0.16732204985044485
0.3828432897957687,0.20284585028013735
0.38288283444329557,0.2383454146526327
0.38292237909082244,0.2739834049645524
0.3829619237383493,0.3082754519918989
0.3830014683858762,0.334371164555336
0.38304101303340304,0.36045109720073887
0.38308055768092986,0.3865149988733323
0.3831201023284567,0.4125626186891487
0.3831596469759836,0.4386151052029421
0.38319919162351046,0.4646722244025032
0.38323873627103733,0.5322351495649762
0.3832782809185642,0.6173820983839138
0.38331782556609106,0.700004304231618
0.38335737021361793,0.7730815143430578
0.3833969148611448,0.8461686838373674
0.3834364595086716,0.8817819206278334
0.3834760041561985,0.8983589403060397
0.38351554880372535,0.9149147925241736
0.3835550934512522,0.9314474610927008
0.3835946380987791,0.9479473532375342
0.38363418274630595,0.9644138544669378
0.3836737273938328,0.9808646497721036
0.38371327204135963,0.9950663323377562
0.3837528166888865,1.007700386015376
0.38379236133641337,1.0203229273565264
0.38383190598394024,1.0329335790160759
0.3838714506314671,1.0455319640673508
0.38391099527899397,1.0581177060021463
0.38395053992652084,1.0693375739741475
0.3839900845740477,1.0804160468442496
0.3840296292215746,1.0914960810186938
0.3840691738691014,1.107318047844974
0.38410871851662826,1.1331062021066525
0.3841482631641551,1.1588884192201656
0.384187807811682,1.1846607435441463
0.38422735245920886,1.2048580086445964
0.3842668971067357,1.2241334387949914
0.3843064417542626,1.2433695988995273
0.3843459864017894,1.2603634261247827
0.3843855310493163,1.2767972981028617
0.38442507569684314,1.2931935580598406
0.38446462034437,1.3095522241363184
0.3845041649918969,1.3258733145162989
0.38454370963942375,1.342156847427189
0.3845832542869506,1.3584028411398048
0.3846227989344775,1.3746147351827904
0.38466234358200435,1.3908213865129078
0.38470188822953116,1.4070261748840012
0.38474143287705803,1.41751760459181
0.3847809775245849,1.4252769957273959
0.38482052217211177,1.4330025516861138
0.38486006681963864,1.440694509699692
0.3848996114671655,1.4483481781223855
0.38493915611469237,1.455950161280509
0.3849787007622192,1.4635555183926137
0.38501824540974605,1.4777118373438713
0.3850577900572729,1.49178411713007
0.3850973347047998,1.5057720879825456
0.38513687935232666,1.5196777265496428
0.3851764239998535,1.5335152773464014
0.3852159686473804,1.547286622961277
0.38525551329490726,1.5610002760956356
0.3852950579424341,1.574656235737986
0.38533460258996094,1.5882544973088284
0.3853741472374878,1.6032527141495452
0.3854136918850147,1.618774335608367
0.38545323653254154,1.6342114607520477
0.3854927811800684,1.6476653680438353
0.3855323258275953,1.6610584959610484
0.38557187047512215,1.6743717717616446
0.38561141512264896,1.6875926310823277
0.3856509597701758,1.7007208105519456
0.3856905044177027,1.7137349995704056
0.38573004906522956,1.7257381025993035
0.38576959371275643,1.736104726684177
0.3858091383602833,1.7463591457195808
0.38584868300781017,1.7565282561804128
0.38588822765533703,1.766611884908384
0.3859277723028639,1.77659886568456
0.3859673169503907,1.7864817133897684
0.3860068615979176,1.7962598691063438
0.38604640624544445,1.805932772717005
0.3860859508929713,1.8154979694318047
0.3861254955404982,1.8249485530186003
0.38616504018802505,1.8342838777862722
0.3862045848355519,2.275652986086633
0.38624412948307874,2.3081644472677287
0.3862836741306056,2.3405661288964743
0.38632321877813247,2.3728575543148205
0.38636276342565934,2.4050382456438526
0.3864023080731862,2.4371077237838374
0.3864418527207131,2.4690678557596972
0.38648139736823994,2.46944710685811
0.3865209420157668,2.4469233779017623
0.3865604866632937,2.4242951141617373
0.3866000313108205,2.401555597288494
0.38663957595834736,2.378699659664342
0.3866791206058742,2.3557270417025875
0.3867186652534011,2.3341554249216103
0.38675820990092796,2.3308815562033733
0.38679775454845483,2.3250480970612464
0.3868372991959817,2.3191077446666433
0.3868768438435085,2.313039948397931
0.3869163884910354,2.306844741530749
0.38695593313856225,2.3005221558630975
0.3869954777860891,2.2940722217152647
0.387035022433616,2.2874952495399885
0.38707456708114285,2.2809495256522405
0.3871141117286697,2.2749155222065514
0.3871536563761966,2.2687548362645695
0.38719320102372345,2.2624665289725105
0.38723274567125027,2.2558837395894695
0.38727229031877713,2.2483678125011197
0.387311834966304,2.2407525218615194
0.38735137961383087,2.233057911082974
0.38739092426135774,2.225283806525886
0.3874304689088846,2.2174300340358246
0.3874700135564115,2.2148896968693945
0.3875095582039383,2.223852254685738
0.38754910285146515,2.2327435053556757
0.387588647498992,2.2415719995583103
0.3876281921465189,2.2503412150989734
0.38766773679404576,2.2590511029593703
0.3877072814415726,2.267701614026773
0.3877468260890995,2.2762926990939474
0.38778637073662636,2.2848243088592257
0.38782591538415323,2.293296393926454
0.38786546003168004,2.3019986234509817
0.3879050046792069,2.3060609205865803
0.3879445493267338,2.308211224497531
0.38798409397426065,2.310297539094758
0.3880236386217875,2.312320144211115
0.3880631832693144,2.314273668074251
0.38810272791684125,2.31615634480044
0.38814227256436806,2.317968377363142
0.38818181721189493,2.3197099683933566
0.3882213618594218,2.3213813201795377
0.38826090650694867,2.26188674324613
0.38830045115447553,2.157880566339707
0.3883399958020024,1.4334337464446287
0.38837954044952927,1.3903414021265386
0.38841908509705614,1.347257403168184
0.388458629744583,1.3041816452180313
0.3884981743921098,1.261114025165197
0.3885377190396367,1.2180544411393828
0.38857726368716355,1.1749953209639474
0.3886168083346904,1.1319345788552955
0.3886563529822173,1.0888720229625317
0.38869589762974416,1.0458067542098424
0.388735442277271,0.9879845371776192
0.38877498692479784,0.9173938866420048
0.3888145315723247,0.8467997054193526
0.3888540762198516,0.7761948655927524
0.38889362086737844,0.7055730296905307
0.3889331655149053,0.6349341850904779
0.3889727101624322,0.5658515886550419
0.38901225480995905,0.510249665568014
0.3890517994574859,0.45467718661640477
0.3890913441050128,0.39980046253836976
0.3891308887525396,0.34933090193235383
0.38917043340006646,0.2988985923500507
0.38920997804759333,0.24850437094686617
0.3892495226951202,0.19823178384222118
0.38928906734264707,0.16206826159831333
0.38932861199017393,0.12593327541759436
0.3893681566377008,0.08982755097285278
0.3894077012852276,0.05375181549017016
0.3894472459327545,0.017791019023841503
0.38948679058028135,-0.01812645200038565
0.3895263352278082,-0.05399447989979311
0.3895658798753351,-0.08978352850084237
0.38960542452286195,-0.1255111872375818
0.3896449691703888,-0.16118819905141502
0.3896845138179157,-0.19681441003120614
0.38972405846544256,-0.2323896643875809
0.38976360311296937,-0.2819622924008285
0.38980314776049624,-0.34291313654908073
0.3898426924080231,-0.4038372849630747
0.38988223705555,-0.4647506983680354
0.38992178170307684,-0.5256536170296622
0.3899613263506037,-0.5865571386924788
0.3900008709981306,-0.6484806714085161
0.3900404156456574,-0.6934129597789798
0.39007996029318426,-0.7220542156252567
0.3901195049407111,-0.7507025304536232
0.390159049588238,-0.7793579697428195
0.39019859423576486,-0.8080205982411273
0.39023813888329173,-0.8366904799663648
0.3902776835308186,-0.8653676782058763
0.39031722817834547,-0.8940632487266753
0.39035677282587233,-0.92277780827192
0.39039631747339915,-0.9450755457676445
0.390435862120926,-0.9614931399531086
0.3904754067684529,-0.9779302477279161
0.39051495141597975,-0.9943870429413479
0.3905544960635066,-1.0108636989398594
0.3905940407110335,-1.0259944216526922
0.39063358535856035,-1.0347535154069716
0.39067313000608717,-1.043501884155674
0.39071267465361403,-1.0522242913061515
0.3907522193011409,-1.0609213767014394
0.39079176394866777,-1.0573479485918447
0.39083130859619464,-1.0481444942213614
0.3908708532437215,-1.0389176289608133
0.3909103978912484,-1.0296751780620688
0.39094994253877524,-1.0201161761969888
0.3909894871863021,-1.0105755086852342
0.3910290318338289,-1.0020102393919186
0.3910685764813558,-0.9958520821134766
0.39110812112888266,-0.9883485308338114
0.3911476657764095,-0.9807513215805232
0.3911872104239364,-0.9730619120642956
0.39122675507146326,-0.9655724885546686
0.39126629971899013,-0.9581463648282527
0.39130584436651694,-0.9507557132065139
0.3913453890140438,-0.9433342503481255
0.3913849336615707,-0.9358820503660978
0.39142447830909755,-0.9284047092566046
0.3914640229566244,-0.9209108403873372
0.3915035676041513,-0.9093622292196848
0.39154311225167815,-0.897362319900624
0.391582656899205,-0.885344396502906
0.3916222015467319,-0.8733081080368712
0.3916617461942587,-0.8564763309373626
0.39170129084178557,-0.8348717663752554
0.39174083548931243,-0.81324821914966
0.3917803801368393,-0.7916053277537309
0.39181992478436617,-0.7699427291847174
0.39185946943189304,-0.7490122981054883
0.3918990140794199,-0.7338954205396666
0.3919385587269467,-0.7187647125987988
0.3919781033744736,-0.7036198745503586
0.39201764802200045,-0.6884906126252375
0.3920571926695273,-0.6679288285474096
0.3920967373170542,-0.6462872742009416
0.39213628196458106,-0.6399805499847364
0.3921758266121079,-0.6337293391481054
0.3922153712596348,-0.6275337626790427
0.39225491590716166,-0.6213939416001795
0.3922944605546885,-0.6152978469885362
0.39233400520221534,-0.6092348137694619
0.3923735498497422,-0.6032179874491135
0.3924130944972691,-0.5972548474591108
0.39245263914479595,-0.5877684744538763
0.3924921837923228,-0.5522468964202654
0.3925317284398497,-0.5215983373534088
0.3925712730873765,-0.49102690343702404
0.39261081773490336,-0.4605228700441715
0.39265036238243023,-0.4300419335725416
0.3926899070299571,-0.4130719826111373
0.39272945167748396,-0.4327225768066896
0.39276899632501083,-0.452381013868814
0.3928085409725377,-0.4720468642064253
0.39284808562006457,-0.49171878131959534
0.39288763026759144,-0.5113921183274122
0.39292717491511825,-0.5183525937952655
0.3929667195626451,-0.5200697396882417
0.393006264210172,-0.5218178632738208
0.39304580885769885,-0.5235964039825811
0.3930853535052257,-0.5254048007801164
0.3931248981527526,-0.5272424921670784
0.39316444280027946,-0.5291089161791667
0.39320398744780627,-0.5309971639978075
0.39324353209533314,-0.5328998774452609
0.39328307674286,-0.5348436317270133
0.3933226213903869,-0.5368345941428485
0.39336216603791374,-0.5388776087494604
0.3934017106854406,-0.5594301936119823
0.3934412553329675,-0.6081134072756131
0.39348079998049434,-0.6568755378360454
0.3935203446280212,-0.7022190655212985
0.393559889275548,-0.7400239257632673
0.3935994339230749,-0.7862015912999638
0.39363897857060176,-0.8324278028437679
0.39367852321812863,-0.8439001598964593
0.3937180678656555,-0.8553155722141925
0.39375761251318236,-0.8667794600394378
0.39379715716070923,-0.8782864144695641
0.39383670180823604,-0.8891491684136006
0.3938762464557629,-0.8999070409772996
0.3939157911032898,-0.9106841777636046
0.39395533575081665,-0.9214802702384302
0.3939948803983435,-0.932868147406904
0.3940344250458704,-0.9442958352317734
0.39407396969339725,-0.9557861390192137
0.3941135143409241,-0.9673463345731936
0.394153058988451,-0.9789607837863996
0.3941926036359778,-0.9905967308839241
0.39423214828350467,-0.9972327791681015
0.39427169293103154,-1.0003885578061462
0.3943112375785584,-1.0035666183165972
0.3943507822260853,-1.0067672213930758
0.39439032687361214,-1.0099906274113288
0.394429871521139,-1.0153480501915122
0.3944694161686658,-1.0275910259866667
0.3945089608161927,-1.0392938575226829
0.39454850546371956,-1.051031112682816
0.3945880501112464,-1.0628021541743666
0.3946275947587733,-1.074606344639618
0.39466713940630016,-1.0864751485723945
0.39470668405382703,-1.0984118649415673
0.3947462287013539,-1.110416212947956
0.39478577334888076,-1.1224879124381242
0.3948253179964076,-1.1346266839043953
0.39486486264393444,-1.1406856185810055
0.3949044072914613,-1.1460514022705581
0.3949439519389882,-1.1514834232879294
0.39498349658651505,-1.1588279091215896
0.3950230412340419,-1.1665078294458584
0.3950625858815688,-1.1743125455673167
0.3951021305290956,-1.1822418006633892
0.39514167517662246,-1.1903065213297408
0.39518121982414933,-1.1985125018285734
0.3952207644716762,-1.2068553798450985
0.39526030911920307,-1.2222041521204718
0.39529985376672994,-1.2403481622278778
0.3953393984142568,-1.258647996734453
0.39537894306178367,-1.2567903989730054
0.39541848770931054,-1.2497140395020057
0.39545803235683735,-1.242415933109441
0.3954975770043642,-1.2273996863377672
0.3955371216518911,-1.2124798547060252
0.39557666629941796,-1.1976104355645871
0.3956162109469448,-1.1827987107727518
0.3956557555944717,-1.1680450080996274
0.39569530024199856,-1.1533494185016155
0.3957348448895254,-1.1387120335214105
0.39577438953705224,-1.1241329452880273
0.3958139341845791,-1.1096122465168787
0.395853478832106,-1.0951500305097053
0.39589302347963284,-1.0810755758956705
0.3959325681271597,-1.0712484340491533
0.3959721127746866,-1.0614916128001837
0.39601165742221345,-1.0486854422600391
0.3960512020697403,-1.03034468039117
0.39609074671726713,-1.012079972024797
0.396130291364794,-0.993897864614881
0.39616983601232086,-0.986625458090757
0.39620938065984773,-0.9832662934337741
0.3962489253073746,-0.9799914428319014
0.39628846995490147,-0.9767872922839795
0.39632801460242834,-0.9736587916887234
0.39636755924995515,-0.9706060951846971
0.396407103897482,-0.9676203409837929
0.3964466485450089,-0.9646957784678207
0.39648619319253575,-0.961838414851873
0.3965257378400626,-0.9590421438056684
0.3965652824875895,-0.9627494897432833
0.39660482713511636,-0.9672944151399934
0.3966443717826432,-0.971110977936783
0.3966839164301701,-0.967385281790579
0.3967234610776969,-0.963706116174122
0.39676300572522377,-0.9600701186846865
0.39680255037275064,-0.954205753860569
0.3968420950202775,-0.9446517334826527
0.3968816396678044,-0.9351266337632467
0.39692118431533124,-0.9277660174710936
0.3969607289628581,-0.9330645495844574
0.3970002736103849,-0.9383710832799776
0.3970398182579118,-0.9436829844239503
0.39707936290543866,-0.94900737279356
0.3971189075529655,-0.9543282613317086
0.3971584522004924,-0.9596373346664797
0.39719799684801926,-0.9649440032955479
0.39723754149554613,-0.9702478635188041
0.397277086143073,-0.9755496701169926
0.39731663079059987,-0.980832377737558
0.3973561754381267,-0.9957824812185896
0.39739572008565355,-1.0180366051570524
0.3974352647331804,-1.0402620932756053
0.3974748093807073,-1.0624581050203927
0.39751435402823415,-1.0827545925377282
0.397553898675761,-1.10288585020706
0.3975934433232879,-1.1229721654237181
0.3976329879708147,-1.14298242650099
0.39767253261834157,-1.1629114111889307
0.39771207726586844,-1.182758006144021
0.3977516219133953,-1.2025210961070818
0.39779116656092217,-1.2210826084452138
0.39783071120844904,-1.239345072509896
0.3978702558559759,-1.2575716189795263
0.3979098005035028,-1.2757374120276435
0.39794934515102964,-1.2918686245084952
0.39798888979855646,-1.3079546687831605
0.3980284344460833,-1.3239938492582
0.3980679790936102,-1.339977603060944
0.39810752374113706,-1.3558961105039344
0.3981470683886639,-1.3717446292417343
0.3981866130361908,-1.3885379712743369
0.39822615768371766,-1.407309039837803
0.3982657023312445,-1.4260083402244152
0.39830524697877134,-1.444635276262371
0.3983447916262982,-1.4743860827849078
0.3983843362738251,-1.5048084359395646
0.39842388092135195,-1.5351599483889826
0.3984634255688788,-1.5646574399221103
0.3985029702164057,-1.574852277773228
0.39854251486393255,-1.5849523939760943
0.3985820595114594,-1.5949885905847339
0.39862160415898623,-1.6049695264030608
0.3986611488065131,-1.6148950741626265
0.39870069345403997,-1.6221908337566524
0.39874023810156684,-1.6227876176433176
0.3987797827490937,-1.6233142152605096
0.39881932739662057,-1.6237703524852267
0.39885887204414744,-1.6241557538060905
0.39889841669167425,-1.624470142323354
0.3989379613392011,-1.6247097699415858
0.398977505986728,-1.6248255513558791
0.39901705063425486,-1.6085829795555235
0.3990565952817817,-1.5838102814605088
0.3990961399293086,-1.5589201178330065
0.39913568457683546,-1.5339136916171934
0.3991752292243623,-1.5087922033654788
0.3992147738718892,-1.483560105993209
0.399254318519416,-1.463327188323631
0.3992938631669429,-1.453710940003837
0.39933340781446974,-1.4440068338489485
0.3993729524619966,-1.434216041490492
0.3994124971095235,-1.4243397326204037
0.39945204175705035,-1.4143519865312326
0.3994915864045772,-1.4042297006304953
0.399531131052104,-1.3848153987599248
0.3995706756996309,-1.3636436862135346
0.39961022034715776,-1.3423393869693134
0.39964976499468463,-1.3209099648879974
0.3996893096422115,-1.2994264313753723
0.39972885428973837,-1.2779218750948984
0.39976839893726523,-1.256397109196795
0.3998079435847921,-1.2348529460664945
0.39984748823231897,-1.2132901973246497
0.3998870328798458,-1.191015814807883
0.39992657752737265,-1.1696492000843683
0.3999661221748995,-1.14902931176668
0.4000056668224264,-1.128400357775996
0.40004521146995325,-1.1077591372399485
0.4000847561174801,-1.1551423911697105
0.400124300765007,-1.1397482524127356
0.4001638454125338,-1.1243303319222608
0.40020339006006067,-1.108889262580766
0.40024293470758754,-1.0934256761435068
0.4002824793551144,-1.0779402032385286
0.4003220240026413,-1.049674978360252
0.40036156865016814,-1.0149959281098475
0.400401113297695,-0.9803109158684151
0.4004406579452219,-0.9430232037609079
0.40048020259274875,-0.9036972158059609
0.40051974724027556,-0.8643675555744399
0.4005592918878024,-0.8251112166362864
0.4005988365353293,-0.7859789708571356
0.40063838118285616,-0.746996147491735
0.40067792583038303,-0.7080731975130958
0.4007174704779099,-0.6711603587600092
0.40075701512543677,-0.6357160905115489
0.4007965597729636,-0.6003314927149677
0.40083610442049045,-0.5650064984096574
0.4008756490680173,-0.5297410409773042
0.4009151937155442,-0.49453401014210696
0.40095473836307105,-0.4593833006253645
0.4009942830105979,-0.4242888215811149
0.4010338276581248,-0.38924434793754914
0.40107337230565165,-0.3542497648399463
0.4011129169531785,-0.3193049575896092
0.40115246160070533,-0.2813299842932633
0.4011920062482322,-0.24269088813038087
0.40123155089575907,-0.20409494321194277
0.40127109554328594,-0.16554197360041067
0.4013106401908128,-0.1270303535165871
0.4013501848383397,-0.08853371436102897
0.40138972948586654,-0.05269869258573401
0.40142927413339335,-0.037344411375510145
0.4014688187809202,-0.02205897364424869
0.4015083634284471,-0.006836617703616543
0.40154790807597396,0.008334075667220997
0.4015874527235008,0.023453617303687224
0.4016269973710277,0.03852251779700211
0.40166654201855456,0.053541287494278667
0.40170608666608143,0.0685104364984297
0.4017456313136083,0.08343047466825526
0.4017851759611351,0.09829309645908646
0.401824720608662,0.11309892822830925
0.40186426525618885,0.1278491660893768
0.4019038099037157,0.1425250296935605
0.4019433545512426,0.15712612919651558
0.40198289919876945,0.17165207400363558
0.4020224438462963,0.1861024727700893
0.40206198849382313,0.19732768241263132
0.40210153314135,0.20622573232812202
0.40214107778887687,0.21503928115122362
0.40218062243640373,0.22376756309250334
0.4022201670839306,0.7619688546302243
0.40225971173145747,0.8491949165941484
0.40229925637898434,0.9362976639586869
0.4023388010265112,1.023264773494271
0.4023783456740381,1.0682361667905287
0.4024178903215649,1.0647816258581653
0.40245743496909175,1.0612325438234338
0.4024969796166186,1.05759916307071
0.4025365242641455,1.0538965487443956
0.40257606891167236,1.05012427597025
0.4026156135591992,1.0462819193563049
0.4026551582067261,1.0423690529928282
0.4026947028542529,1.0383852504523414
0.4027342475017798,1.0371142046670072
0.40277379214930664,1.0438016991045291
0.4028133367968335,1.0504221826591613
0.4028528814443604,1.0569754642204532
0.40289242609188725,1.0634613522555956
0.4029319707394141,1.0842173790087108
0.402971515386941,1.1050605120027588
0.40301106003446785,1.1257761089823224
0.40305060468199466,1.1463408976731233
0.40309014932952153,1.1667575356409974
0.4031296939770484,1.1870393111692161
0.40316923862457527,1.206591374444855
0.40320878327210213,1.2192355331918026
0.403248327919629,1.23182760443225
0.40328787256715587,1.2444764559051174
0.4033274172146827,1.2584679905093794
0.40336696186220955,1.2724035564816796
0.4034065065097364,1.2862830577800186
0.4034460511572633,1.3001063982961103
0.40348559580479015,1.3138768562112646
0.403525140452317,1.327596715365913
0.4035646850998439,1.341265936557027
0.40360422974737076,1.3548784020507947
0.4036437743948976,1.3684313893378461
0.40368331904242444,1.3819249477306714
0.4037228636899513,1.3951163290178474
0.4037624083374782,1.4147718564515532
0.40380195298500504,1.440746845547956
0.4038414976325319,1.4666577622151036
0.4038810422800588,1.4924895790516235
0.40392058692758565,1.5182421458998747
0.40396013157511246,1.5439153120757663
0.4039996762226393,1.5695173149079396
0.4040392208701662,1.5950494589954074
0.40407876551769306,1.6022221764537639
0.40411831016521993,1.6016568326704763
0.4041578548127468,1.5951797998967114
0.40419739946027367,1.5886582243968497
0.40423694410780053,1.582091871829788
0.4042764887553274,1.5754805080455805
0.4043160334028542,1.5688238990854853
0.4043555780503811,1.562121811181934
0.40439512269790795,1.5576662587372452
0.4044346673454348,1.5725099025135187
0.4044742119929617,1.5833097890770778
0.40451375664048855,1.5874347348194258
0.4045533012880154,1.5705278465202621
0.40459284593554223,1.557648179647014
0.4046323905830691,1.5447454354756158
0.40467193523059597,1.5318193954753387
0.40471147987812284,1.5188698417865774
0.4047510245256497,1.5058964742979963
0.4047905691731766,1.4928890802684434
0.40483011382070344,1.4798329327631503
0.4048696584682303,1.466722714344828
0.4049092031157572,1.4535583054908878
0.404948747763284,1.4403394379218608
0.40498829241081086,1.4270564743067684
0.4050278370583377,1.413709392326214
0.4050673817058646,1.400298169543904
0.40510692635339146,1.3868206255072213
0.40514647100091833,1.3711344341558558
0.4051860156484452,1.3553809289806051
0.405225560295972,1.3395600919616135
0.4052651049434989,1.3236747676516658
0.40530464959102575,1.3077249312584942
0.4053441942385526,1.2915270300805521
0.4053837388860795,1.2746583863927885
0.40542328353360635,1.2577323593044745
0.4054628281811332,1.240753933227484
0.4055023728286601,1.2237242807583408
0.40554191747618695,1.2066455295573908
0.40558146212371377,1.1895175671633296
0.40562100677124063,1.17234028131326
0.4056605514187675,1.155113559942699
0.40570009606629437,1.1411884523999416
0.40573964071382124,1.1306558124526598
0.4057791853613481,1.1200784363626357
0.405818730008875,1.1094561619478474
0.4058582746564018,1.098790621387613
0.40589781930392865,1.0880816590209514
0.4059373639514555,1.0773290953693544
0.4059769085989824,1.0636852214181713
0.40601645324650926,1.0487158019506055
0.4060559978940361,1.0336601040753433
0.406095542541563,1.0185175842438858
0.40613508718908986,1.003287698542803
0.40617463183661673,0.9879762651990642
0.40621417648414354,0.9725787396923349
0.4062537211316704,0.9571420116494305
0.4062932657791973,0.9417003593972617
0.40633281042672414,0.9262540299179474
0.406372355074251,0.9065709398444257
0.4064118997217779,0.8836486008986264
0.40645144436930475,0.8607223335462959
0.40649098901683156,0.8377901254187998
0.40653053366435843,0.8148244643891402
0.4065700783118853,0.7918290054780357
0.40660962295941216,0.7680749709705892
0.40664916760693903,0.7306387461343782
0.4066887122544659,0.6931789110936291
0.40672825690199277,0.6556953989775787
0.40676780154951964,0.6181881438296029
0.4068073461970465,0.5808457622099614
0.4068468908445733,0.5436750347952497
0.4068864354921002,0.5064791690174597
0.40692598013962705,0.46925809060195034
0.4069655247871539,0.4333208785172671
0.4070050694346808,0.3982878049008538
0.40704461408220766,0.3632432849693228
0.4070841587297345,0.3348984070699004
0.40712370337726134,0.3199533451187171
0.4071632480247882,0.30500175315703215
0.4072027926723151,0.2900433701627001
0.40724233731984194,0.2750698060171668
0.4072818819673688,0.26006325992417345
0.4073214266148957,0.2450232196000195
0.40736097126242254,0.23246766815271114
0.4074005159099494,0.22012171720133655
0.4074400605574763,0.20774074021886135
0.4074796052050031,0.19530510520738864
0.40751914985252996,0.18281443803355457
0.40755869450005683,0.17026842346708526
0.4075982391475837,0.15766674673399272
0.40763778379511056,0.1447848050613556
0.40767732844263743,0.13147868102718707
0.4077168730901643,0.11730084513770622
0.4077564177376911,0.09223303781230308
0.407795962385218,0.06720307382809976
0.40783550703274485,0.042209851528621334
0.4078750516802717,0.017252271680747056
0.4079145963277986,-0.007754669976747008
0.40795414097532545,-0.032822489292167134
0.4079936856228523,-0.05795132534625602
0.4080332302703792,-0.07158185848760112
0.40807277491790606,-0.05984422404362788
0.40811231956543287,-0.04707253770936881
0.40815186421295974,-0.03428314252738551
0.4081914088604866,-0.02147546057895222
0.40823095350801347,-0.008648912125549302
0.40827049815554034,0.004197084391121431
0.4083100428030672,0.01706311234913782
0.4083495874505941,0.0299551867473562
0.4083891320981209,0.042876069824129726
0.40842867674564776,0.055826273700717355
0.4084682213931746,0.06770912862777201
0.4085077660407015,0.07907051189301839
0.40854731068822836,0.09050447086781865
0.40858685533575523,0.1020119396197281
0.4086263999832821,0.1089168131456344
0.40866594463080896,0.11170203461701944
0.40870548927833583,0.11456358486399831
0.40874503392586264,0.11272096973135137
0.4087845785733895,0.10384538760285311
0.4088241232209164,0.09501720094185617
0.40886366786844325,0.08625853374664505
0.4089032125159701,0.07839121435720897
0.408942757163497,0.07055884193836226
0.40898230181102385,0.06276223502675826
0.40902184645855066,0.0550746521631047
0.40906139110607753,0.04753813490404224
0.4091009357536044,0.04015193419150154
0.40914048040113127,0.0328375063713624
0.40918002504865814,0.02554100351514399
0.409219569696185,0.018263008350057452
0.40925911434371187,0.011004105130833608
0.40929865899123874,0.007293734984587186
0.4093382036387656,0.022856599277548684
0.4093777482862924,0.04066498382591477
0.4094172929338193,0.0584893332657217
0.40945683758134616,0.07633029574136119
0.409496382228873,0.09418852081136397
0.4095359268763999,0.1120858377551377
0.40957547152392676,0.13004065212673166
0.4096150161714536,0.14805455469994389
0.40965456081898044,0.16612857610501353
0.4096941054665073,0.18426374916815025
0.4097336501140342,0.1951810676870538
0.40977319476156104,0.20492552754699034
0.4098127394090879,0.21470336787103306
0.4098522840566148,0.22229263195220694
0.40989182870414165,0.2292794933670208
0.4099313733516685,0.23627729383236185
0.4099709179991954,0.24328666294329837
0.4100104626467222,0.2503082313833309
0.41005000729424906,0.2573426309244313
0.41008955194177593,0.2643904944269724
0.4101290965893028,0.27145245583979305
0.41016864123682967,0.27851944785387994
0.41020818588435654,0.2855772971183814
0.4102477305318834,0.29262193317396634
0.4102872751794102,0.2996539125494868
0.4103268198269371,0.30667379228314684
0.41036636447446395,0.3136800707068308
0.4104059091219908,0.32066364955961735
0.4104454537695177,0.348464167409265
0.41048499841704456,0.38677535499274285
0.4105245430645714,0.4250653070386665
0.4105640877120983,0.4633161227487228
0.41060363235962516,0.5015196074346631
0.41064317700715197,0.5396759331632606
0.41068272165467884,0.5729671058014763
0.4107222663022057,0.5862134474828218
0.4107618109497326,0.5994037737042801
0.41080135559725944,0.6125397877347507
0.4108409002447863,0.6256253646451206
0.4108804448923132,0.702237570484517
0.41091998953984,0.7917387020511513
0.41095953418736686,0.8811870303428275
0.4109990788348937,0.9545122197189577
0.4110386234824206,0.9768126309533751
0.41107816812994746,0.9990574984904352
0.41111771277747433,1.0212015898742748
0.4111572574250012,1.0432378465219694
0.41119680207252807,1.0652195772865232
0.41123634672005493,1.087147120496199
0.41127589136758175,1.1090147261420549
0.4113154360151086,1.1205843953647765
0.4113549806626355,1.1268898258497388
0.41139452531016235,1.1331354712193125
0.4114340699576892,1.1392850194900375
0.4114736146052161,1.1451046382124679
0.41151315925274295,1.1508625667363568
0.41155270390026977,1.1565588074832993
0.41159224854779664,1.1621908445971287
0.4116317931953235,1.1677448226348717
0.41167133784285037,1.173229718602892
0.41171088249037724,1.1786458067418772
0.4117504271379041,1.183993360487568
0.411789971785431,1.1892726524707284
0.41182951643295784,1.1944757330418447
0.4118690610804847,1.1996011315389021
0.4119086057280115,1.2000067586464855
0.4119481503755384,1.1959682471789255
0.41198769502306526,1.1918760960134025
0.4120272396705921,1.1877307046121026
0.412066784318119,1.1916751078478582
0.41210632896564586,1.2030291789775556
0.41214587361317273,1.2143444014779412
0.41218541826069954,1.2256210277481727
0.4122249629082264,1.22772596046331
0.4122645075557533,1.2283514774880915
0.41230405220328015,1.2289124527091453
0.412343596850807,1.2254169067398915
0.4123831414983339,1.2193300767823736
0.41242268614586075,1.2131779858575795
0.4124622307933876,1.2069807476219223
0.4125017754409145,1.2007935165641976
0.4125413200884413,1.1946168035491
0.41258086473596817,1.1884511201837733
0.41262040938349503,1.1829106711489303
0.4126599540310219,1.1881966926299432
0.41269949867854877,1.193468181850318
0.41273904332607564,1.1896359417243643
0.4127785879736025,1.1709179169637105
0.4128181326211293,1.1521743826589597
0.4128576772686562,1.1334057046363184
0.41289722191618305,1.1146036967264261
0.4129367665637099,1.095761428124498
0.4129763112112368,1.0768794241861603
0.41301585585876366,1.0555597679253428
0.4130554005062905,1.01588289705662
0.4130949451538174,0.976167864754592
0.41313448980134426,0.9364151949323709
0.4131740344488711,0.9006126880929245
0.41321357909639794,0.8711847720323411
0.4132531237439248,0.8417892943514856
0.4132926683914517,0.812402412920995
0.41333221303897855,0.7830140395143793
0.4133717576865054,0.772462754985263
0.4134113023340323,0.7627825167675829
0.4134508469815591,0.7530649609058944
0.41349039162908596,0.7433118119524769
0.41352993627661283,0.7335281051822263
0.4135694809241397,0.7237362740887033
0.41360902557166657,0.713935929673284
0.41364857021919343,0.7041274864428891
0.4136881148667203,0.6943115446211648
0.41372765951424717,0.6844887043995875
0.41376720416177404,0.29065132049288844
0.41380674880930085,0.2625773304057334
0.4138462934568277,0.2344982423000992
0.4138858381043546,0.20641465623882682
0.41392538275188145,0.18918903096759154
0.4139649273994083,0.19465623392971476
0.4140044720469352,0.20011316870615314
0.41404401669446206,0.20555507999962697
0.41408356134198887,0.21098143559379046
0.41412310598951574,0.21638809149240712
0.4141626506370426,0.22177557519743984
0.4142021952845695,0.20058314639375596
0.41424173993209634,0.17171733447447624
0.4142812845796232,0.1428143568113338
0.4143208292271501,0.11387519231493182
0.41436037387467695,0.08490081908354474
0.4143999185222038,0.05589221440312697
0.4144394631697306,0.026850354747339433
0.4144790078172575,-0.0022237842225889537
0.41451855246478436,-0.03130174039240785
0.41455809711231123,-0.06036960902250815
0.4145976417598381,-0.08944041891881704
0.41463718640736497,-0.11852903062904546
0.41467673105489183,-0.14763591688488203
0.41471627570241865,-0.1767604172066451
0.4147558203499455,-0.21282661177707612
0.4147953649974724,-0.2612349489464513
0.41483490964499925,-0.30965580534386833
0.4148744542925261,-0.35808849228006084
0.414913998940053,-0.41402409676791513
0.41495354358757985,-0.4740971322799087
0.4149930882351067,-0.5341799355058323
0.4150326328826336,-0.594261462921448
0.4150721775301604,-0.6561536142019215
0.41511172217768727,-0.729893365267074
0.41515126682521414,-0.803674588959021
0.415190811472741,-0.8590718069409196
0.4152303561202679,-0.8942976890329132
0.41526990076779474,-0.9295833953936243
0.4153094454153216,-0.9649284202601255
0.4153489900628484,-0.9868276296060556
0.4153885347103753,-1.0041525581506685
0.41542807935790216,-1.0215139791914696
0.415467624005429,-1.0389190157981751
0.4155071686529559,-1.0563689637002411
0.41554671330048276,-1.073863451281981
0.41558625794800963,-1.0914021083256957
0.4156258025955365,-1.10898456601168
0.41566534724306337,-1.1266099606672761
0.4157048918905902,-1.1442716131715922
0.41574443653811705,-1.1619628367643875
0.4157839811856439,-1.1727467801506029
0.4158235258331708,-1.182193665665503
0.41586307048069765,-1.1916733436569078
0.4159026151282245,-1.2011856716848839
0.4159421597757514,-1.2107141873667973
0.4159817044232782,-1.2202595995076297
0.41602124907080507,-1.2298427296422958
0.41606079371833193,-1.2451256021046906
0.4161003383658588,-1.265703642790481
0.41613988301338567,-1.2863174864653386
0.41617942766091254,-1.3069664974697193
0.4162189723084394,-1.3276500414817682
0.4162585169559663,-1.3523866161673084
0.41629806160349314,-1.37783220607597
0.41633760625101995,-1.4032751649751711
0.4163771508985468,-1.4287095645447514
0.4164166955460737,-1.454134645713536
0.41645624019360056,-1.479561418459361
0.4164957848411274,-1.5045079891028412
0.4165353294886543,-1.5273692673293842
0.41657487413618116,-1.5502347743777496
0.416614418783708,-1.5731098769031024
0.41665396343123484,-1.595994371834497
0.4166935080787617,-1.6188848100481623
0.4167330527262886,-1.6417618893042953
0.41677259737381545,-1.6646251867444886
0.4168121420213423,-1.691182192706395
0.4168516866688692,-1.7229417808627379
0.41689123131639605,-1.7546712701746459
0.4169307759639229,-1.7863703913141116
0.41697032061144973,-1.8250035670224272
0.4170098652589766,-1.8636681439603875
0.41704940990650347,-1.902301545783984
0.41708895455403033,-1.9301980071700762
0.4171284992015572,-1.9533907894993543
0.41716804384908407,-1.976525778421321
0.41720758849661094,-1.9996024496285618
0.41724713314413775,-2.022620278476555
0.4172866777916646,-2.045581557840332
0.4173262224391915,-2.068485992607145
0.41736576708671835,-2.0913449703636315
0.4174053117342452,-2.1088761602575627
0.4174448563817721,-2.1247920927291655
0.41748440102929896,-2.1406622838916802
0.4175239456768258,-2.1564861027650433
0.4175634903243527,-2.1722573953448077
0.4176030349718795,-2.1879758145797235
0.4176425796194064,-2.203631137580891
0.41768212426693324,-2.2192171583934615
0.4177216689144601,-2.232133649754781
0.417761213561987,-2.24260103034249
0.41780075820951385,-2.252229285247288
0.4178403028570407,-2.256409880065735
0.4178798475045675,-2.2605223837222077
0.4179193921520944,-2.2645664422492886
0.41795893679962126,-2.2685401705789086
0.41799848144714813,-2.272440110005653
0.418038026094675,-2.276265859381745
0.41807757074220186,-2.2800170171030674
0.41811711538972873,-2.276764064831243
0.4181566600372556,-2.2709482534602117
0.41819620468478247,-2.265038300096136
0.4182357493323093,-2.259034778183203
0.41827529397983615,-2.252966071943641
0.418314838627363,-2.24683189647793
0.4183543832748899,-2.240631966671353
0.41839392792241675,-2.234365997194029
0.4184334725699436,-2.228051734255556
0.4184730172174705,-2.221728293896443
0.4185125618649973,-2.214991205383191
0.41855210651252417,-2.208255815390885
0.41859165116005104,-2.2015179229521933
0.4186311958075779,-2.1947336182516164
0.4186707404551048,-2.1879026983187484
0.41871028510263164,-2.1756887929494253
0.4187498297501585,-2.105233304736268
0.4187893743976854,-2.031812542114963
0.41882891904521224,-1.9583817426910248
0.41886846369273906,-1.8849410751384579
0.4189080083402659,-1.811490709034382
0.4189475529877928,-1.738030814859691
0.41898709763531966,-1.666742282253122
0.41902664228284653,-1.6013975995414524
0.4190661869303734,-1.5360200020360963
0.41910573157790026,-1.4706094261219138
0.4191452762254271,-1.4051658086131464
0.41918482087295394,-1.3396890867530176
0.4192243655204808,-1.2741791982143198
0.4192639101680077,-1.2086424811513818
0.41930345481553455,-1.143080752532083
0.4193429994630614,-1.0774965923601818
0.4193825441105883,-1.0118901571755279
0.41942208875811515,-0.946261604160905
0.419461633405642,-0.9094365725169039
0.41950117805316883,-0.8745212656980985
0.4195407227006957,-0.8395843164552219
0.41958026734822257,-0.8046082388542676
0.41961981199574944,-0.7695956204873361
0.4196593566432763,-0.26965610998362866
0.4196989012908032,-0.23412888980477808
0.41973844593833004,-0.19856533535950815
0.41977799058585685,-0.1629657192081143
0.4198175352333837,-0.12733031423085828
0.4198570798809106,-0.09155680879671202
0.41989662452843746,-0.05552200358563564
0.4199361691759643,-0.019312533394310938
0.4199757138234912,0.016910852765855244
0.42001525847101806,0.05314826476792045
0.42005480311854493,0.08939981171666922
0.4200943477660718,0.12564635119745415
0.4201338924135986,0.16187814004953527
0.4201734370611255,0.19809499645908246
0.42021298170865234,0.23429398780879407
0.4202525263561792,0.2704766000520652
0.4202920710037061,0.3066425179656661
0.42033161565123295,0.33049918977135206
0.4203711602987598,0.34812362036355826
0.42041070494628663,0.336509304174301
0.4204502495938135,0.32487701913385636
0.42048979424134036,0.31322938331999806
0.42052933888886723,0.30156822648208814
0.4205688835363941,0.28988420180745844
0.42060842818392097,0.27817173313338894
0.42064797283144784,0.26643068861466235
0.4206875174789747,0.25536042511597656
0.42072706212650157,0.24563471482337484
0.4207666067740284,0.23572759129762344
0.42080615142155525,0.22532068784230963
0.4208456960690821,0.21488452602390606
0.420885240716609,0.204419342745498
0.42092478536413586,0.1939397355810354
0.4209643300116627,0.18344424934650172
0.4210038746591896,0.17293248346856627
0.4210434193067164,0.1623942015302826
0.4210829639542433,0.15277329098665726
0.42112250860177014,0.16065742241970504
0.421162053249297,0.1352137607009457
0.4212015978968239,0.10975065660245942
0.42124114254435074,0.08426841720941802
0.4212806871918776,0.05876734828282992
0.4213202318394045,0.03325172665281784
0.42135977648693135,0.007727320034514706
0.42139932113445816,-0.017805664757233997
0.42143886578198503,-0.043347022041318795
0.4214784104295119,-0.06889654727024008
0.42151795507703876,-0.09445403703019095
0.42155749972456563,-0.11336040836703654
0.4215970443720925,-0.12340325033950239
0.42163658901961937,-0.1274756406393922
0.4216761336671462,-0.13170599802288363
0.42171567831467305,-0.13588816201568132
0.4217552229621999,-0.14002247922261746
0.4217947676097268,-0.14410929629861258
0.42183431225725365,-0.14814421240545728
0.4218738569047805,-0.15253349849145503
0.4219134015523074,-0.16049461699291112
0.42195294619983426,-0.16840304942572937
0.4219924908473611,-0.17985941365983082
0.42203203549488794,-0.1940409455629888
0.4220715801424148,-0.20829836045923233
0.42211112478994167,-0.22263308913354551
0.42215066943746854,-0.23698345245938235
0.4221902140849954,-0.3126210772600331
0.4222297587325223,-0.31296039151332433
0.42226930338004914,-0.31324367275185483
0.42230884802757596,-0.3134710199382411
0.4223483926751028,-0.3136425316175879
0.4223879373226297,-0.31376016758400316
0.42242748197015656,-0.3138349191298695
0.4224670266176834,-0.3138667554617227
0.4225065712652103,-0.3179899975914293
0.42254611591273716,-0.324275794107183
0.42258566056026403,-0.33053508833629563
0.4226252052077909,-0.3367680117804157
0.4226647498553177,-0.34297469610489806
0.4227042945028446,-0.34917600102470026
0.42274383915037145,-0.3553619427942718
0.4227833837978983,-0.35952363301377277
0.4228229284454252,-0.3609389901300688
0.42286247309295205,-0.3623403812175472
0.4229020177404789,-0.36372827271960184
0.42294156238800573,-0.3651022361743752
0.4229811070355326,-0.3664524371747915
0.42302065168305947,-0.3677792317060966
0.42306019633058634,-0.36908314021662747
0.4230997409781132,-0.37213215355406115
0.42313928562564007,-0.3757128362006199
0.42317883027316694,-0.37925413716826406
0.4232183749206938,-0.38275663669972504
0.4232579195682207,-0.38622091482452703
0.4232974642157475,-0.389647461782511
0.42333700886327436,-0.39303685542017286
0.4233765535108012,-0.40046238449950744
0.4234160981583281,-0.4096906762585004
0.42345564280585496,-0.41888355499151153
0.4234951874533818,-0.4280412312721309
0.4235347321009087,-0.4371741116961969
0.4235742767484355,-0.4462924824297292
0.4236138213959624,-0.4553971128492247
0.42365336604348924,-0.4644887724957161
0.4236929106910161,-0.47356823107475954
0.423732455338543,-0.4826362584564299
0.42377199998606985,-0.4916936246753256
0.4238115446335967,-0.5007410999305568
0.4238510892811236,-0.49812280752945814
0.42389063392865045,-0.49235881006446713
0.42393017857617726,-0.48653852606214243
0.42396972322370413,-0.48066224608064756
0.424009267871231,-0.4747302598866492
0.42404881251875787,-0.4687417787444059
0.42408835716628474,-0.4626933355379621
0.4241279018138116,-0.4565852662217478
0.42416744646133847,-0.4504213614596033
0.4242069911088653,-0.4437402092093816
0.42424653575639215,-0.436566612074073
0.424286080403919,-0.4249685046363101
0.4243256250514459,-0.41065583248324766
0.42436516969897276,-0.3963146045936512
0.4244047143464996,-0.38194471813212805
0.4244442589940265,-0.36754606986952254
0.42448380364155336,-0.3531185561829311
0.4245233482890802,-0.33866207305568796
0.42456289293660704,-0.32417651607738707
0.4246024375841339,-0.31931703039059456
0.4246419822316608,-0.31787621139638067
0.42468152687918764,-0.31640600295732546
0.4247210715267145,-0.3150060195986981
0.4247606161742414,-0.3199545655042251
0.42480016082176825,-0.3248734028273337
0.42483970546929506,-0.32976242440132353
0.4248792501168219,-0.3346277766992498
0.4249187947643488,-0.33948514381761385
0.42495833941187566,-0.3443341311247261
0.42499788405940253,-0.3491743440401811
0.4250374287069294,-0.35400538803486326
0.42507697335445627,-0.3588016991807699
0.42511651800198313,-0.3635448923098732
0.42515606264951,-0.36823408861408247
0.4251956072970368,-0.3680427092440077
0.4252351519445637,-0.3643924328625021
0.42527469659209055,-0.3606723184237779
0.4253142412396174,-0.3568793986920389
0.4253537858871443,-0.3530351637015414
0.42539333053467115,-0.3492036236272251
0.425432875182198,-0.3453841336047574
0.42547241982972483,-0.34152741624727967
0.4255119644772517,-0.334337625505265
0.42555150912477857,-0.3271683388622184
0.42559105377230544,-0.32001901575074765
0.4256305984198323,-0.3116870776246008
0.4256701430673592,-0.3033580011178072
0.42570968771488604,-0.29504727061258085
0.4257492323624129,-0.2867510377372495
0.4257887770099398,-0.27846686336175863
0.4258283216574666,-0.2701941593837498
0.42586786630499346,-0.26193233829316753
0.4259074109525203,-0.2536892977899514
0.4259469556000472,-0.24125679450191573
0.42598650024757406,-0.23154524671102616
0.42602604489510093,-0.22191611481929252
0.4260655895426278,-0.21236806141018572
0.4261051341901546,-0.20289975117419567
0.4261446788376815,-0.19350347060516082
0.42618422348520835,-0.18417294807938056
0.4262237681327352,-0.17485032054852345
0.4262633127802621,-0.16551885683019685
0.42630285742778895,-0.15617784317338979
0.4263424020753158,-0.14682263652044925
0.4263819467228427,-0.13742772419507143
0.42642149137036955,-0.12610210568615576
0.42646103601789637,-0.11240848485466781
0.42650058066542323,-0.09865282377392992
0.4265401253129501,-0.08483446998539979
0.42657966996047697,-0.07095305491330461
0.42661921460800384,-0.05700822293783281
0.4266587592555307,-0.04299932571161502
0.4266983039030576,-0.028926767036273393
0.4267378485505844,-0.014793789987461947
0.42677739319811125,0.22731530787127174
0.4268169378456381,0.2522432631625764
0.426856482493165,0.2772225955892731
0.42689602714069186,0.3030206537151692
0.4269355717882187,0.33178339669739754
0.4269751164357456,0.3605785527753731
0.42701466108327246,0.38940647204647627
0.42705420573079933,0.4182675044335755
0.42709375037832614,0.447161999685034
0.427133295025853,0.476086510706373
0.4271728396733799,0.5050409810341179
0.42721238432090675,0.5340257182953676
0.4272519289684336,0.5502190719311095
0.4272914736159605,0.5663941480543999
0.42733101826348735,0.5825901286947031
0.42737056291101416,0.5988034661908832
0.42741010755854103,0.6463573591322189
0.4274496522060679,0.7219791464024841
0.42748919685359477,0.7976096212560599
0.42752874150112163,0.8732658604621291
0.4275682861486485,0.9489486287877709
0.42760783079617537,1.0246586905729331
0.42764737544370224,1.1003968097304457
0.4276869200912291,1.1199449156650645
0.4277264647387559,1.1320072845806917
0.4277660093862828,1.1441306429466094
0.42780555403380965,1.155767614396566
0.4278450986813365,1.1668744353455187
0.4278846433288634,1.1779832041553684
0.42792418797639026,1.189093863859768
0.4279637326239171,1.200206356497266
0.42800327727144394,1.211320623111308
0.4280428219189708,1.222436603750296
0.4280823665664977,1.2335542374674935
0.42812191121402454,1.2483114834506832
0.4281614558615514,1.2645641670029306
0.4282010005090783,1.2808274125327528
0.42824054515660515,1.2971062528673585
0.428280089804132,1.3134013774613607
0.4283196344516589,1.3297126182790975
0.4283591790991857,1.3460398065938768
0.42839872374671256,1.3623890954386555
0.42843826839423943,1.37872675626878
0.4284778130417663,1.3950531598661837
0.42851735768929317,1.4113758802702394
0.42855690233682003,1.4277060434926554
0.4285964469843469,1.4381667310019646
0.4286359916318737,1.44369927500591
0.4286755362794006,1.449239558407577
0.42871508092692745,1.4547887567743962
0.4287546255744543,1.4603541554901076
0.4287941702219812,1.5145787734350709
0.42883371486950805,1.6111637431257546
0.4288732595170349,1.7077805915718085
0.4289128041645618,1.7523036673621224
0.42895234881208866,1.7607540340970957
0.42899189345961547,1.769237193681997
0.42903143810714234,1.7777534498736913
0.4290709827546692,1.7830589608597514
0.4291105274021961,1.787820020647942
0.42915007204972294,1.7925964737215332
0.4291896166972498,1.79738804969986
0.4292291613447767,1.8021944773723266
0.4292687059923035,1.8070154846984234
0.42930825063983036,1.811850798807701
0.4293477952873572,1.816909115215581
0.4293873399348841,1.8223542143198714
0.42942688458241096,1.827812796616573
0.42946642922993783,1.8332845859155866
0.4295059738774647,1.835628141651363
0.42954551852499157,1.8365062733358886
0.42958506317251843,1.8374098389154123
0.42962460782004525,1.8383477134500499
0.4296641524675721,1.8393508775284961
0.429703697115099,1.8404188607072118
0.42974324176262585,1.8415552593493811
0.4297827864101527,1.8427740754326543
0.4298223310576796,1.8440746529393142
0.42986187570520645,1.845456336457211
0.42990142035273327,1.8469184711797748
0.42994096500026013,1.8484604029059497
0.429980509647787,1.8461825659316937
0.43002005429531387,1.8409142756082884
0.43005959894284074,1.8357238233188076
0.4300991435903676,1.8306105572844555
0.4301386882378945,1.8255738263320276
0.43017823288542134,1.8206129798938662
0.4302177775329482,1.815682637226101
0.430257322180475,1.810762682483403
0.4302968668280019,1.8059442407291377
0.43033641147552876,1.8012346866629647
0.4303759561230556,1.7965634933349492
0.4304155007705825,1.7919293943495775
0.43045504541810936,1.7873383867211485
0.43049459006563623,1.816840516443849
0.43053413471316304,1.8064553076158996
0.4305736793606899,1.7961404353404666
0.4306132240082168,1.7858950083718201
0.43065276865574365,1.7756153639449317
0.4306923133032705,1.765270758010324
0.4307318579507974,1.753958871375148
0.43077140259832425,1.7400928857565088
0.4308109472458511,1.7262368347435504
0.430850491893378,1.712390053055505
0.4308900365409048,1.6985519437766166
0.43092958118843167,1.6847219214926223
0.43096912583595853,1.6708993213978478
0.4310086704834854,1.6570834783537958
0.43104821513101227,1.6432662303485457
0.43108775977853914,1.6294427494191752
0.431127304426066,1.6156206410265463
0.4311668490735928,1.6017997428922746
0.4312063937211197,1.5903160570327777
0.43124593836864655,1.5845528042267913
0.4312854830161734,1.5787863674648923
0.4313250276637003,1.573016631557575
0.43136457231122716,1.5655566449866654
0.431404116958754,1.5480323717542328
0.4314436616062809,1.530504450835208
0.43148320625380776,1.5129727650582816
0.4315227509013346,1.4954371967567037
0.43156229554886144,1.4778976277682645
0.4316018401963883,1.4603539394353118
0.4316413848439152,1.4428060126047244
0.43168092949144204,1.425259891078738
0.4317204741389689,1.4077077618132336
0.4317600187864958,1.3901497934489209
0.4317995634340226,1.372416950960825
0.43183910808154946,1.3558460144959974
0.43187865272907633,1.4406517884903658
0.4319181973766032,1.4322009864919276
0.43195774202413006,1.4236795599085519
0.43199728667165693,1.4206819516802
0.4320368313191838,1.4198435217620977
0.43207637596671067,1.4189865722422916
0.43211592061423754,1.4181173279085093
0.43215546526176435,1.4172398633682772
0.4321950099092912,1.4163555775716676
0.4322345545568181,1.4154663242514811
0.43227409920434495,1.414572378637546
0.4323136438518718,1.4136740152608684
0.4323531884993987,1.4127715079536016
0.43239273314692556,1.4118642046986438
0.43243227779445237,1.4109360658128294
0.43247182244197924,1.4046640746111003
0.4325113670895061,1.3955703127127168
0.432550911737033,1.3864783918615586
0.43259045638455984,1.3773896677707862
0.4326300010320867,1.3683527440436873
0.4326695456796136,1.3536378324499845
0.43270909032714044,1.3340289509253007
0.4327486349746673,1.3144788485663441
0.4327881796221941,1.2949911830094512
0.432827724269721,1.2755936482166814
0.43286726891724786,1.2562865985996665
0.43290681356477473,1.2370703896982498
0.4329463582123016,1.2179394092625642
0.43298590285982846,1.1988843965811586
0.43302544750735533,1.1782458705187087
0.43306499215488214,1.1443814160082222
0.433104536802409,1.1105660686688168
0.4331440814499359,1.0767719339010018
0.43318362609746275,1.0429979206284887
0.4332231707449896,1.0092442169872355
0.4332627153925165,0.9761808982337055
0.43330226004004335,0.9459280107177563
0.4333418046875702,0.9301710567503325
0.4333813493350971,0.9144351616730795
0.4334208939826239,0.8987205119794845
0.43346043863015077,0.8830272938345649
0.43349998327767764,0.8673556930748525
0.4335395279252045,0.8522847934100266
0.43357907257273137,0.8372691492830384
0.43361861722025824,0.8223092312008005
0.4336581618677851,0.8074055098889223
0.4336977065153119,0.7925420818764293
0.4337372511628388,0.7776836418036646
0.43377679581036566,0.7628154211861418
0.4338163404578925,0.7479375478479389
0.4338558851054194,0.7323775574434643
0.43389542975294626,0.7137090936300279
0.43393497440047313,0.6950313538922761
0.433974519048,0.6583366453352455
0.43401406369552686,0.6177347278993803
0.4340536083430537,0.5771763317915184
0.43409315299058054,0.5366674587734579
0.4341326976381074,0.4962127841571844
0.4341722422856343,0.4558128484788617
0.43421178693316115,0.4154681923774106
0.434251331580688,0.3751793565944608
0.4342908762282149,0.35336154767128214
0.4343304208757417,0.34043785240932367
0.43436996552326856,0.3184521033740495
0.43440951017079543,0.29229471160303966
0.4344490548183223,0.2661849718318683
0.43448859946584917,0.24012353735313408
0.43452814411337604,0.21412150461967894
0.4345676887609029,0.18828125524376116
0.43460723340842977,0.1625489383525629
0.43464677805595664,0.13692322986329408
0.43468632270348345,0.11141422314433358
0.4347258673510103,0.08602894597338073
0.4347654119985372,0.06076826786470502
0.43480495664606406,0.03563305964282826
0.4348445012935909,-0.0018381145905124185
0.4348840459411178,-0.03939704794750254
0.43492359058864466,-0.07680710589544137
0.43496313523617147,-0.11409499474911478
0.43500267988369834,-0.15129039035011216
0.4350422245312252,-0.18839278932134462
0.4350817691787521,-0.22540168772603986
0.43512131382627894,-0.2601424336535003
0.4351608584738058,-0.2825350409502754
0.4352004031213327,-0.30483608677077045
0.43523994776885955,-0.33200795181132126
0.4352794924163864,-0.3601952304772329
0.43531903706391323,-0.3882909851730538
0.4353585817114401,-0.4162952273801914
0.43539812635896696,-0.4442079680696325
0.43543767100649383,-0.4720292177020404
0.4354772156540207,-0.49975925109380537
0.43551676030154757,-0.5232094020917186
0.43555630494907444,-0.5404452717517878
0.43559584959660125,-0.5576042884963783
0.4356353942441281,-0.5746865649974748
0.435674938891655,-0.5916766515627154
0.43571448353918185,-0.6085722757581489
0.4357540281867087,-0.6299194602292562
0.4357935728342356,-0.6654098039520493
0.43583311748176246,-0.7007980268137488
0.4358726621292893,-0.7360764076099939
0.4359122067768162,-0.7712450729549505
0.435951751424343,-0.8063041485506264
0.43599129607186987,-0.8412537591870644
0.43603084071939674,-0.876087969842211
0.4360703853669236,-0.9108058243754944
0.4361099300144505,-0.9282969578900921
0.43614947466197734,-0.9428121047663898
0.4361890193095042,-0.9562142866317727
0.436228563957031,-0.9694905431068759
0.4362681086045579,-0.9826553875775343
0.43630765325208476,-0.99571197832288
0.4363471978996116,-1.0086601841991896
0.4363867425471385,-1.0214994948259042
0.43642628719466536,-1.0342299591367814
0.43646583184219223,-1.0468516251561026
0.4365053764897191,-1.0593645399986147
0.43654492113724597,-1.0717742652273836
0.4365844657847728,-1.0840757501922162
0.43662401043229965,-1.0908273195469813
0.4366635550798265,-1.0927572374666865
0.4367030997273534,-1.0945706617693034
0.43674264437488025,-1.0962569394700883
0.4367821890224071,-1.0978157172970988
0.436821733669934,-1.0992467337069463
0.4368612783174608,-1.1005658645869842
0.43690082296498767,-1.101780027794098
0.43694036761251454,-1.1028891892113721
0.4369799122600414,-1.103893313916362
0.43701945690756827,-1.1047923661811136
0.43705900155509514,-1.105582927988178
0.437098546202622,-1.1062641592928695
0.4371380908501489,-1.1147978449869056
0.43717763549767574,-1.1242972292387354
0.43721718014520256,-1.1336900181165763
0.4372567247927294,-1.1429689532923026
0.4372962694402563,-1.1521342902286515
0.43733581408778316,-1.1563576247069323
0.43737535873531,-1.1603754146062748
0.4374149033828369,-1.157790947757415
0.43745444803036376,-1.1512063848053766
0.4374939926778906,-1.1445134099330083
0.43753353732541744,-1.1377159028120523
0.4375730819729443,-1.1308357594047393
0.4376126266204712,-1.1239083572257473
0.43765217126799805,-1.1169336341366987
0.4376917159155249,-1.109911528300283
0.4377312605630518,-1.1028419781802703
0.43777080521057865,-1.0957249225415042
0.4378103498581055,-1.0885603004498687
0.43784989450563233,-1.0813480512723501
0.4378894391531592,-1.0740985349830208
0.43792898380068607,-1.0668155179489807
0.43796852844821293,-1.0594990816528833
0.4380080730957398,-1.052149308159934
0.43804761774326667,-1.0447662801178295
0.43808716239079354,-1.0373500807567986
0.43812670703832035,-1.0299007938895763
0.4381662516858472,-1.0224185039114335
0.4382057963333741,-1.0269847522733246
0.43824534098090095,-1.0554364286469262
0.4382848856284278,-0.8066783840668816
0.4383244302759547,-0.8338449485123456
0.43836397492348156,-0.8586079317140212
0.4384035195710084,-0.8543377402411623
0.4384430642185353,-0.8500270807482622
0.4384826088660621,-0.8456862280025286
0.438522153513589,-0.8414032540170089
0.43856169816111584,-0.8371837018604005
0.4386012428086427,-0.8330287252967259
0.4386407874561696,-0.8289394805405341
0.43868033210369645,-0.8249171262568944
0.4387198767512233,-0.8209628235613868
0.4387594213987501,-0.8170768213724253
0.438798966046277,-0.8132545808068512
0.43883851069380386,-0.8094970906721994
0.43887805534133073,-0.8058053420970848
0.4389175999888576,-0.8021803285311631
0.43895714463638447,-0.7986230457451549
0.43899668928391133,-0.7951344918308454
0.4390362339314382,-0.7960037664700912
0.43907577857896507,-0.7889951834258384
0.4391153232264919,-0.7820583374549459
0.43915486787401875,-0.7751949661986131
0.4391944125215456,-0.7684065568145784
0.4392339571690725,-0.7616506543021733
0.43927350181659935,-0.7549249157988958
0.4393130464641262,-0.7482298826970204
0.4393525911116531,-0.7297433094770012
0.4393921357591799,-0.7127961898362085
0.43943168040670677,-0.6978123235149671
0.43947122505423364,-0.6828690001985522
0.4395107697017605,-0.6679667890242935
0.4395503143492874,-0.6530545262898395
0.43958985899681424,-0.6382053658871676
0.4396294036443411,-0.6234196763232971
0.439668948291868,-0.6086981551583317
0.43970849293939485,-0.6108491353470507
0.43974803758692166,-0.6164522630930587
0.4397875822344485,-0.6220914348756332
0.4398271268819754,-0.6277673330687217
0.43986667152950226,-0.6334806413013687
0.43990621617702913,-0.6392268885676087
0.439945760824556,-0.6450025963448267
0.43998530547208287,-0.6500271041602217
0.4400248501196097,-0.6518751376529357
0.44006439476713655,-0.653754978742968
0.4401039394146634,-0.6556488811965548
0.4401434840621903,-0.6575480767491364
0.44018302870971715,-0.6594090222520299
0.440222573357244,-0.661231787118526
0.4402621180047709,-0.663032478665754
0.44030166265229775,-0.6648280671425624
0.4403412072998246,-0.6726982724409363
0.44038075194735143,-0.6841765702547229
0.4404202965948783,-0.695650203661083
0.44045984124240517,-0.7071199521729918
0.44049938588993204,-0.7185876220673328
0.4405389305374589,-0.7300527403980517
0.4405784751849858,-0.7415143525811116
0.44061801983251264,-0.7529701362278289
0.44065756448003945,-0.7641375431597612
0.4406971091275663,-0.7622839256105438
0.4407366537750932,-0.7603953599847748
0.44077619842262006,-0.7584719064628338
0.4408157430701469,-0.7631028884689413
0.4408552877176738,-0.7859648099886036
0.44089483236520066,-0.8088362739932
0.44093437701272753,-0.8316672870898829
0.4409739216602544,-0.8544575228011257
0.4410134663077812,-0.8772103913108629
0.4410530109553081,-0.8999259436443712
0.44109255560283495,-0.9199422673046951
0.4411321002503618,-0.936232502221243
0.4411716448978887,-0.9524843126343345
0.44121118954541555,-0.9686973285330249
0.4412507341929424,-0.9848711796221024
0.44129027884046923,-1.001005495322019
0.4413298234879961,-1.0142705304176796
0.44136936813552297,-1.0230144483354902
0.44140891278304983,-1.0317585516301113
0.4414484574305767,-1.148714539524063
0.44148800207810357,-1.128685398822013
0.44152754672563044,-1.1086560555975855
0.4415670913731573,-1.0886263815988795
0.4416066360206842,-1.0685962490979097
0.441646180668211,-1.0486806398284958
0.44168572531573785,-1.0297859537247687
0.4417252699632647,-1.010814726467863
0.4417648146107916,-0.9917632500366049
0.44180435925831846,-0.9726280013808171
0.4418439039058453,-0.9534094125349717
0.4418834485533722,-0.9341079143626454
0.441922993200899,-0.9147239365565283
0.4419625378484259,-0.8951654313996873
0.44200208249595274,-0.8755453329610792
0.4420416271434796,-0.8558758068039964
0.4420811717910065,-0.8361709518989129
0.44212071643853335,-0.8164311483069728
0.4421602610860602,-0.7979041110284963
0.4421998057335871,-0.7866542046691956
0.44223935038111395,-0.775370488311723
0.44227889502864076,-0.7640471147596806
0.44231843967616763,-0.75268110051837
0.4423579843236945,-0.7412727290502712
0.44239752897122137,-0.7298235305951983
0.44243707361874823,-0.7183365616849844
0.4424766182662751,-0.7062181344481047
0.44251616291380197,-0.6869779907640308
0.4425557075613288,-0.6677038298229112
0.44259525220885565,-0.6492076456182789
0.4426347968563825,-0.630668355384016
0.4426743415039094,-0.6120863438060575
0.44271388615143625,-0.5934619952405888
0.4427534307989631,-0.5747956937140326
0.44279297544649,-0.5560878229230839
0.44283252009401686,-0.5373387662346856
0.4428720647415437,-0.5069459532914049
0.44291160938907054,-0.4746463617665777
0.4429511540365974,-0.44230312082886725
0.4429906986841243,-0.40969473968007275
0.44303024333165114,-0.3770678538761394
0.443069787979178,-0.34436256461746484
0.4431093326267049,-0.3116372285103812
0.44314887727423175,-0.2788876032292418
0.44318842192175856,-0.2461109740855385
0.4432279665692854,-0.2133073706299946
0.4432675112168123,-0.18047682228243755
0.44330705586433916,-0.14761935833172513
0.44334660051186603,-0.1147350079357643
0.4433861451593929,-0.08182380012150303
0.44342568980691976,-0.048885763784947356
0.44346523445444663,-0.01592092769114095
0.4435047791019735,0.017070679525821753
0.4435443237495003,0.05008902936277981
0.4435838683970272,0.08313409344757905
0.44362341304455405,0.11618831257254536
0.4436629576920809,0.14924666531900277
0.4437025023396078,0.18230795537577804
0.44374204698713465,0.2153719437525352
0.4437815916346615,0.24843839112603927
0.44382113628218833,0.28222913494758495
0.4438606809297152,0.3185451890216706
0.44390022557724207,0.3548629821253986
0.44393977022476894,0.3911822736039394
0.4439793148722958,0.7564400685558743
0.4440188595198227,0.7702535723660204
0.44405840416734954,0.7840637368338901
0.4440979488148764,0.7978661756831966
0.4441374934624033,0.8116605021749739
0.4441770381099301,0.8254463290680074
0.44421658275745696,0.8392232686189285
0.4442561274049838,0.8529909325820613
0.4442956720525107,0.8667489322095321
0.44433521670003756,0.8804968782512494
0.44437476134756443,0.8942489363892965
0.4444143059950913,0.9080100593253797
0.4444538506426181,0.9217800535342502
0.444493395290145,0.9355588757117512
0.44453293993767184,0.9493559487416443
0.4445724845851987,0.9631711761368071
0.4446120292327256,0.9770044614953102
0.44465157388025245,0.9866632637331201
0.4446911185277793,0.9835532375363405
0.4447306631753062,0.9804609806083895
0.44477020782283305,0.9773762794841252
0.44480975247035986,0.9742963200921275
0.44484929711788673,0.9880849201638751
0.4448888417654136,1.013916079371276
0.44492838641294047,1.039752374211104
0.44496793106046734,1.065587905718277
0.4450074757079942,1.0914174848538598
0.4450470203555211,1.127903524772289
0.4450865650030479,1.1664935412186987
0.44512610965057475,1.1908211978685848
0.4451656542981016,1.172253656330653
0.4452051989456285,1.153679621084982
0.44524474359315536,1.135098901767252
0.4452842882406822,1.116504386362043
0.4453238328882091,1.0978934989296554
0.44536337753573596,1.0792661214295425
0.44540292218326283,1.0606203231507236
0.44544246683078964,1.0419559426731269
0.4454820114783165,1.0232728418753871
0.4455215561258434,1.0045708820205927
0.44556110077337024,0.9858499237562114
0.4456006454208971,0.9671098271141135
0.445640190068424,0.9483504515105601
0.44567973471595085,0.9238868767674402
0.44571927936347766,0.8622985680579739
0.44575882401100453,0.7929816759602651
0.4457983686585314,0.7236423969440244
0.44583791330605826,0.6542805627358386
0.44587745795358513,0.5848827680255488
0.445917002601112,0.5154376615115578
0.44595654724863887,0.4459453189083602
0.44599609189616574,0.41421865690434534
0.4460356365436926,0.39311631915824485
0.4460751811912194,0.3720131387832386
0.4461147258387463,0.35354168225126126
0.44615427048627315,0.3509750083800903
0.4461938151338,0.3484034824673624
0.4462333597813269,0.3458232019133516
0.44627290442885376,0.3432337064305503
0.4463124490763806,0.3406345353877822
0.44635199372390744,0.3380252278101987
0.4463915383714343,0.33539270076611705
0.4464310830189612,0.3327309095417894
0.44647062766648804,0.329345765125977
0.4465101723140149,0.3246494002919508
0.4465497169615418,0.3195906223183058
0.44658926160906864,0.31449310570052647
0.4466288062565955,0.3093562872184885
0.4466683509041224,0.30417841641656806
0.4467078955516492,0.2989544956718232
0.44674744019917606,0.29368390343089945
0.44678698484670293,0.2883660172277851
0.4468265294942298,0.28300021368378137
0.44686607414175666,0.27758586850751965
0.44690561878928353,0.27212235649494665
0.4469451634368104,0.2666090515293358
0.4469847080843372,0.2610567473867992
0.4470242527318641,0.249253881273084
0.44706379737939095,0.23664096545066626
0.4471033420269178,0.22400531688599945
0.4471428866744447,0.20868842659742504
0.44718243132197155,0.18473900173156121
0.4472219759694984,0.1606699215280053
0.4472615206170253,0.13647980708622753
0.44730106526455216,0.11216727729297993
0.44734060991207897,0.0877309488223158
0.44738015455960584,0.06316943613552051
0.4474196992071327,0.038483435519954035
0.44745924385465957,0.013750237282336597
0.44749878850218644,0.009771275852341055
0.4475383331497133,0.005687576962285279
0.4475778777972402,-0.0013738019768879672
0.447617422444767,-0.0084794349488444
0.44765696709229386,-0.015629615980075173
0.4476965117398207,-0.022824639617732068
0.4477360563873476,-0.030064800929566315
0.44777560103487446,-0.03735039550394931
0.4478151456824013,-0.044681719449872315
0.4478546903299282,-0.05205906939693855
0.44789423497745506,-0.05948822686690308
0.44793377962498193,-0.06697179630110883
0.44797332427250874,-0.0684145961528354
0.4480128689200356,-0.06754408477406287
0.4480524135675625,-0.06676078951722086
0.44809195821508935,-0.06603519901964733
0.4481315028626162,-0.06536767093959511
0.4481710475101431,-0.06526977695637304
0.44821059215766995,-0.09202754399652663
0.44825013680519676,-0.1188674160827553
0.44828968145272363,-0.14578951964106124
0.4483292261002505,-0.1727939822854292
0.44836877074777737,-0.19987207245224564
0.44840831539530424,-0.22701638974595645
0.4484478600428311,-0.25422690263138376
0.44848740469035797,-0.28105565170627733
0.44852694933788484,-0.3034009973648599
0.4485664939854117,-0.31607744388733583
0.4486060386329385,-0.32894882465795594
0.4486455832804654,-0.342016575305613
0.44868512792799226,-0.35520355419742133
0.4487246725755191,-0.36845599118019434
0.448764217223046,-0.3817740044029847
0.44880376187057286,-0.39515771276904865
0.4488433065180997,-0.41163482034426374
0.44888285116562654,-0.4243443919299036
0.4489223958131534,-0.4248628245468518
0.4489619404606803,-0.42544157563836504
0.44900148510820714,-0.42608071075235115
0.449041029755734,-0.42678029607754203
0.4490805744032609,-0.42754039844349956
0.44912011905078775,-0.4283614003448386
0.4491596636983146,-0.42924393537309763
0.4491992083458415,-0.43018808103398004
0.4492387529933683,-0.4311971156508145
0.44927829764089516,-0.43226685875445925
0.44931784228842203,-0.43339353488090865
0.4493573869359489,-0.4345771323377299
0.44939693158347577,-0.43199031446462227
0.44943647623100264,-0.4092040272445298
0.4494760208785295,-0.38647462965706836
0.4495155655260563,-0.3610774665034588
0.4495551101735832,-0.32601348990571444
0.44959465482111005,-0.2910063763121858
0.4496341994686369,-0.2560561179732567
0.4496737441161638,-0.2211627077025613
0.44971328876369066,-0.186326138877
0.4497528334112175,-0.15154052776811755
0.4497923780587444,-0.11680118379959625
0.44983192270627126,-0.0821079971938411
0.44987146735379807,-0.04746085852752652
0.44991101200132494,-0.012859658731433299
0.4499505566488518,0.02169673491894991
0.4499901012963787,0.04728882671327844
0.45002964594390554,0.07055410366523895
0.4500691905914324,0.09377653607307535
0.4501087352389593,0.13098958474617656
0.4501482798864861,0.1749268856551512
0.45018782453401296,0.21882145078851462
0.4502273691815398,0.26267335533174346
0.4502669138290667,0.3064313869753401
0.45030645847659356,0.3501553471038448
0.45034600312412043,0.39384539821871195
0.4503855477716473,0.4375017026978014
0.45042509241917417,0.47648365387591923
0.45046463706670103,0.5084677322069449
0.45050418171422785,0.5404080248309499
0.4505437263617547,0.5630715329939291
0.4505832710092816,0.5809263788294969
0.45062281565680845,0.5987421915631705
0.4506623603043353,0.616519353699032
0.4507019049518622,0.6342595663038137
0.45074144959938905,0.6519683379139378
0.45078099424691587,0.6696459851079977
0.45082053889444273,0.6822700668351229
0.4508600835419696,0.6816840868167433
0.45089962818949647,0.6810679305615862
0.45093917283702334,0.6804219136105853
0.4509787174845502,0.6789870455871487
0.4510182621320771,0.6753054714254465
0.45105780677960394,0.6715826735867156
0.4510973514271308,0.6678188451087974
0.4511368960746576,0.6640167214586963
0.4511764407221845,0.6601916867653297
0.45121598536971136,0.6563441091804637
0.4512555300172382,0.652474356707033
0.4512950746647651,0.6485827971991618
0.45133461931229196,0.6446697983621648
0.45137416395981883,0.6407357277525471
0.45141370860734564,0.6367809527780308
0.4514532532548725,0.6322192592599996
0.4514927979023994,0.6179848577211127
0.45153234254992625,0.6037195951624301
0.4515718871974531,0.47605450724322335
0.45161143184498,0.3408933182333589
0.45165097649250685,0.2055398256475322
0.4516905211400337,0.07013331825084607
0.4517300657875606,0.022771382849391786
0.4517696104350874,-0.0009289482237854751
0.45180915508261427,-0.02468713692837332
0.45184869973014113,-0.048492453327306395
0.451888244377668,-0.07234477394724792
0.45192778902519487,-0.09624397605262613
0.45196733367272174,-0.11945588746296326
0.4520068783202486,-0.14172809075337223
0.4520464229677754,-0.16402155281968234
0.4520859676153023,-0.18633640237413807
0.45212551226282915,-0.20867276837106857
0.452165056910356,-0.23103078000703725
0.4522046015578829,-0.253410566720807
0.45224414620540976,-0.28518387161597614
0.4522836908529366,-0.3170506938841054
0.4523232355004635,-0.34892725327638247
0.45236278014799036,-0.3803058706229425
0.4524023247955172,-0.3795244945988345
0.45244186944304404,-0.3787442421272411
0.4524814140905709,-0.3777917975267137
0.4525209587380978,-0.3725380679845676
0.45256050338562465,-0.36727762208593817
0.4526000480331515,-0.3620103066608037
0.4526395926806784,-0.35673596821775533
0.4526791373282052,-0.35145445294398797
0.45271868197573206,-0.3461656067053375
0.45275822662325893,-0.34087657216282713
0.4527977712707858,-0.33558733694254045
0.45283731591831267,-0.346706852728021
0.45287686056583953,-0.35994946385324494
0.4529164052133664,-0.3731706167659755
0.45295594986089327,-0.38642695311546216
0.45299549450842014,-0.39965897729613753
0.45303503915594695,-0.4128672311873911
0.4530745838034738,-0.42605546186148374
0.4531141284510007,-0.43924507353433934
0.45315367309852755,-0.4524358661192721
0.4531932177460544,-0.465627639472937
0.4532327623935813,-0.47882019339532617
0.45327230704110816,-0.4920040693536309
0.45331185168863497,-0.5051696316389653
0.45335139633616184,-0.5183168681258782
0.4533909409836887,-0.5314457662546116
0.4534304856312156,-0.5445563130311415
0.45347003027874244,-0.5576484950271623
0.4535095749262693,-0.571659318753743
0.4535491195737962,-0.5955338541022708
0.45358866422132305,-0.6193899817797026
0.4536282088688499,-0.6432263205740978
0.4536677535163767,-0.6670365096606874
0.4537072981639036,-0.6908202835715791
0.45374684281143046,-0.7145503362586885
0.45378638745895733,-0.7382203905694136
0.4538259321064842,-0.7618300636733282
0.45386547675401107,-0.7817835141404135
0.45390502140153793,-0.7989329700050268
0.45394456604906475,-0.8160208886524178
0.4539841106965916,-0.8330468822394194
0.4540236553441185,-0.8500105616696543
0.45406319999164535,-0.8683313882871546
0.4541027446391722,-0.8927636717514957
0.4541422892866991,-0.917160525004122
0.45418183393422595,-0.9415154685384695
0.4542213785817528,-0.9658283183982559
0.4542609232292797,-0.9900988897921544
0.4543004678768065,-1.0143269970937783
0.45434001252433337,-0.9828758984809729
0.45437955717186024,-0.9875360695325797
0.4544191018193871,-0.9934779232114819
0.454458646466914,-1.0006326866021822
0.45449819111444084,-1.0077442396018537
0.4545377357619677,-1.0148123896065606
0.4545772804094945,-1.0218369431812908
0.4546168250570214,-1.0287989148568926
0.45465636970454826,-1.0356975670837776
0.4546959143520751,-1.0425325126693075
0.454735458999602,-1.0493033632087332
0.45477500364712886,-1.0560097290851975
0.45481454829465573,-1.062651219469731
0.4548540929421826,-1.0692203578198753
0.45489363758970947,-1.075397290692868
0.4549331822372363,-1.0653685824272712
0.45497272688476315,-1.0552835315736635
0.45501227153229,-1.0451329765862747
0.4550518161798169,-1.0349142263466913
0.45509136082734375,-1.0246271557365352
0.4551309054748706,-1.0142716383798258
0.4551704501223975,-1.0038475466429873
0.4552099947699243,-0.9933547516348518
0.45524953941745117,-0.9829705861328275
0.45528908406497803,-0.9737031076233025
0.4553286287125049,-0.9643814239150706
0.45536817336003177,-0.9550054387071159
0.45540771800755864,-0.9455751810821995
0.4554472626550855,-0.9256561154641969
0.4554868073026124,-0.903971749985404
0.45552635195013924,-0.882217677441121
0.45556589659766605,-0.8603724804147401
0.4556054412451929,-0.8384359887723201
0.4556449858927198,-0.8164080306738799
0.45568453054024666,-0.794288432573294
0.4557240751877735,-0.7720770192183244
0.4557636198353004,-0.7497736136506117
0.45580316448282726,-0.7273780372056807
0.4558427091303541,-0.7048901095129683
0.45588225377788094,-0.6823354427054094
0.4559217984254078,-0.6597184212600614
0.4559613430729347,-0.6384509824051346
0.45600088772046155,-0.6184228166464049
0.4560404323679884,-0.5983383711652499
0.4560799770155153,-0.5781934888507649
0.45611952166304215,-0.5578596063866794
0.456159066310569,-0.53708230056855
0.45619861095809583,-0.5162334336027549
0.4562381556056227,-0.4953132456607129
0.45627770025314957,-0.4743219756016698
0.45631724490067643,-0.4569552060104481
0.4563567895482033,-0.43988573578572016
0.45639633419573017,-0.42275408357190725
0.45643587884325704,-0.40556765797460964
0.45647542349078385,-0.3883268438452234
0.4565149681383107,-0.37104653329942444
0.4565545127858376,-0.353733334141082
0.45659405743336445,-0.33638741907313524
0.4566336020808913,-0.3190089602101308
0.4566731467284182,-0.3015981290782174
0.45671269137594506,-0.28415509661514954
0.4567522360234719,-0.26668003317028527
0.4567917806709988,-0.24917310850458763
0.4568313253185256,-0.2293688636173964
0.4568708699660525,-0.20897254996021408
0.45691041461357934,-0.18853287833049592
0.4569499592611062,-0.1680482878649756
0.4569895039086331,-0.1423693918226726
0.45702904855615994,-0.11166176011201451
0.4570685932036868,-0.08093454682321016
0.4571081378512136,-0.04959355619181843
0.4571476824987405,-0.018191156943923814
0.45718722714626736,0.013262481080139499
0.45722677179379423,0.04476101422827805
0.4572663164413211,0.0763039020111298
0.45730586108884796,0.10789060493545227
0.45734540573637483,0.12584634510040751
0.4573849503839017,0.1256623594426908
0.45742449503142857,0.1255205764234294
0.4574640396789554,0.12541233487931167
0.45750358432648225,0.12528002048148507
0.4575431289740091,0.12512375438431825
0.457582673621536,0.1249436574259955
0.45762221826906285,0.1247384791211647
0.4576617629165897,0.12450826060938369
0.4577013075641166,0.1242531364350562
0.4577408522116434,0.12397324079699262
0.45778039685917027,0.12366870754838852
0.45781994150669714,0.12333967019686035
0.457859486154224,0.12298626190441805
0.4578990308017509,0.1226086154874789
0.45793857544927774,0.12220686341685771
0.4579781200968046,0.12179935079499243
0.4580176647443315,0.1238431808701517
0.45805720939185834,0.12874407698863446
0.45809675403938516,0.13369288069332713
0.458136298686912,0.1386864577175034
0.4581758433344389,0.14368149465020666
0.45821538798196576,0.14867795007115214
0.45825493262949263,0.15229730469071684
0.4582944772770195,0.1558444012291896
0.45833402192454636,0.15939279319255156
0.4583735665720732,0.16294243995884972
0.45841311121960004,0.16649330110571817
0.4584526558671269,0.17004533641036473
0.4584922005146538,0.17359850584958383
0.45853174516218065,0.175562957850109
0.4585712898097075,0.1752922695952735
0.4586108344572344,0.175022596602884
0.45865037910476125,0.1747538996480662
0.4586899237522881,0.17450523419741196
0.45872946839981493,0.1742477833614871
0.4587690130473418,0.17398160410410546
0.45880855769486867,0.17371321777197185
0.45884810234239554,0.1734307631784322
0.4588876469899224,0.1731342424249186
0.45892719163744927,0.17233437257080517
0.45896673628497614,0.17119562942992472
0.45900628093250295,0.17004282582722197
0.4590458255800298,0.16887596346001987
0.4590853702275567,0.16769504392462334
0.45912491487508356,0.1664822456851981
0.4591644595226104,0.16523966526057862
0.4592040041701373,0.163969002920583
0.45924354881766416,0.16264969242263724
0.45928309346519103,0.16128073217570402
0.4593226381127179,0.19452468434107573
0.4593621827602447,0.17943622151436467
0.4594017274077716,0.16429834193678322
0.45944127205529844,0.14911112166288648
0.4594808167028253,0.14024899989987463
0.4595203613503522,0.14504627801294875
0.45955990599787905,0.1498254991790028
0.4595994506454059,0.15458704145913912
0.45963899529293273,0.15933128271574115
0.4596785399404596,0.1675130987178225
0.45971808458798646,0.1785033829730994
0.45975762923551333,0.18947632056443414
0.4597971738830402,0.20043163162139005
0.45983671853056707,0.21137083895865746
0.45987626317809394,0.22229420468864672
0.4599158078256208,0.23320199071468167
0.45995535247314767,0.24409445873100613
0.4599948971206745,0.25497187022277723
0.46003444176820135,0.25508868538810053
0.4600739864157282,0.24375896637503236
0.4601135310632551,0.23158464198639905
0.46015307571078196,0.21941100593433022
0.4601926203583088,0.20723846450042943
0.4602321650058357,0.19506742404796049
0.4602717096533625,0.1828982910218534
0.46031125430088937,0.1707314719486501
0.46035079894841624,0.15856737343659072
0.4603903435959431,0.14779384837954357
0.46042988824347,0.1564616683069711
0.46046943289099684,0.1651146169248297
0.4605089775385237,0.1737528905356881
0.4605485221860506,0.1823766851499573
0.46058806683357745,0.19099612989965942
0.46062761148110426,0.19016364699862237
0.46066715612863113,0.18781325262837373
0.460706700776158,0.1854874529491372
0.46074624542368486,0.18318681753574312
0.46078579007121173,0.1784068046805879
0.4608253347187386,0.17336980897775084
0.46086487936626547,0.16835097400772142
0.4609044240137923,0.16334531904072208
0.46094396866131915,0.15835336795971622
0.460983513308846,0.153375644814434
0.4610230579563729,0.14841267382142104
0.46106260260389975,0.14346497936401606
0.4611021472514266,0.13852880554465147
0.4611416918989535,0.1316476974636824
0.46118123654648036,0.12126510522552136
0.4612207811940072,0.11105952505621283
0.46126032584153404,0.10082641190305816
0.4612998704890609,0.09056567219941508
0.46133941513658777,0.08027721161959345
0.46137895978411464,0.06996093507890067
0.4614185044316415,0.059616921192014144
0.4614580490791684,0.0895811096078305
0.46149759372669524,0.12619144707200058
0.46153713837422206,0.16277543312874462
0.4615766830217489,0.19933686428432457
0.4616162276692758,0.23587625066347717
0.46165577231680266,0.27239346497284356
0.4616953169643295,0.3088883792867693
0.4617348616118564,0.345360865047299
0.46177440625938326,0.38181079306418286
0.46181395090691013,0.41051125971609004
0.461853495554437,0.4300887269695234
0.4618930402019638,0.4496432451147605
0.4619325848494907,0.4691765628089215
0.46197212949701755,0.48835285892752545
0.4620116741445444,0.5074642797101436
0.4620512187920713,0.5265113958155095
0.46209076343959815,0.5454947763598647
0.462130308087125,0.5644149889169507
0.46216985273465183,0.582445616126178
0.4622093973821787,0.5985807202730262
0.46224894202970557,0.6146865863325555
0.46228848667723244,0.6307527511866005
0.4623280313247593,0.646765945579018
0.46236757597228617,0.12161426778933088
0.46240712061981304,0.14131649638160174
0.4624466652673399,0.16095780763241846
0.4624862099148668,0.18053852831662648
0.4625257545623936,0.20006095393235923
0.46256529920992046,0.2195548965055784
0.4626048438574473,0.23902036248441347
0.4626443885049742,0.25843986982964107
0.46268393315250106,0.2778104406396781
0.4627234778000279,0.2971272262429966
0.4627630224475548,0.4649907563087296
0.4628025670950816,0.4692423862048769
0.4628421117426085,0.47340777196640327
0.46288165639013534,0.47748707734038176
0.4629212010376622,0.48148046666295563
0.4629607456851891,0.4853881022042743
0.46300029033271595,0.4892101441684879
0.4630398349802428,0.4929467506937562
0.4630793796277697,0.49659807785223714
0.46311892427529655,0.5002072111727791
0.46315846892282336,0.503797709486823
0.46319801357035023,0.5073690538321962
0.4632375582178771,0.5109207245227871
0.46327710286540397,0.5144522011485794
0.46331664751293083,0.5179634569752398
0.4633561921604577,0.5214594847001961
0.46339573680798457,0.5249397014315342
0.4634352814555114,0.528304083535004
0.46347482610303825,0.5310162338636314
0.4635143707505651,0.5337108209047171
0.463553915398092,0.5363872593542278
0.46359346004561885,0.5390438747630042
0.4636330046931457,0.5416762658088288
0.4636725493406726,0.5442837965782356
0.46371209398819946,0.5468658304573645
0.4637516386357263,0.5489258522895519
0.46379118328325314,0.5248248150618644
0.46383072793078,0.5288454035366265
0.4638702725783069,0.5328675252904274
0.46390981722583374,0.5369059428640437
0.4639493618733606,0.5409772635647643
0.4639889065208875,0.5450808543097456
0.46402845116841435,0.5492160826358908
0.46406799581594116,0.5533823166998384
0.464107540463468,0.5575789252779921
0.4641470851109949,0.5618052777664726
0.46418662975852176,0.5660607441811523
0.46422617440604863,0.5703446951576481
0.4642657190535755,0.5746565019513176
0.46430526370110237,0.5789844871460569
0.46434480834862923,0.5833273017118052
0.4643843529961561,0.5876844377149886
0.4644238976436829,0.5920617077764452
0.4644634422912098,0.5964779438703116
0.46450298693873665,0.6009328945290098
0.4645425315862635,0.5986476849517314
0.4645820762337904,0.5945143061628018
0.46462162088131725,0.5903962021217415
0.4646611655288441,0.5862746967369965
0.46470071017637093,0.5823456812771164
0.4647402548238978,0.5793143594656042
0.46477979947142467,0.5762775080755134
0.46481934411895154,0.5732183439425522
0.4648588887664784,0.5701328165587717
0.4648984334140053,0.5670415157942628
0.46493797806153214,0.5640084097548981
0.464977522709059,0.5610334557602226
0.4650170673565859,0.5581166125396906
0.4650566120041127,0.5539546696094174
0.46509615665163956,0.5482177036032473
0.4651357012991664,0.5425328266218807
0.4651752459466933,0.5369000624564638
0.46521479059422016,0.5313194361888769
0.46525433524174703,0.5257909741917346
0.4652938798892739,0.5203147041283885
0.4653334245368007,0.5151959702489444
0.4653729691843276,0.5101432280182496
0.46541251383185445,0.5051563465746444
0.4654520584793813,0.5002437665747039
0.4654916031269082,0.49546137277280655
0.46553114777443505,0.4908212998619019
0.4655706924219619,0.48632418381436693
0.4656102370694888,0.481970663745765
0.46564978171701565,0.4688928796558727
0.46568932636454247,0.4492973908434164
0.46572887101206933,0.4298085917867978
0.4657684156595962,0.4168956978012869
0.46580796030712307,0.4288085897203034
0.46584750495464994,0.44075677818846115
0.4658870496021768,0.4527365385192179
0.4659265942497037,0.4647240976133045
0.4659661388972305,0.47671942347791546
0.46600568354475735,0.4887224846589346
0.4660452281922842,0.500733250240619
0.4660847728398111,0.512751689845798
0.46612431748733796,0.5247777736358394
0.4661638621348648,0.5283548648919059
0.4662034067823917,0.5281140211946589
0.46624295142991856,0.5355906843765369
0.46628249607744543,0.5430779005485808
0.46632204072497224,0.5505756726175715
0.4663615853724991,0.558084004088839
0.466401130020026,0.5656028990661077
0.46644067466755285,0.5731323622515965
0.4664802193150797,0.5806723989459985
0.4665197639626066,0.5882224761326598
0.46655930861013345,0.5957787713926718
0.46659885325766026,0.6033413356752519
0.46663839790518713,0.6109102204402652
0.466677942552714,0.6184854776580677
0.46671748720024087,0.6260671598096059
0.46675703184776773,0.6413073741296187
0.4667965764952946,0.6578347288801467
0.46683612114282147,0.6743793500803329
0.46687566579034834,0.6888471606474937
0.4669152104378752,0.699711829369843
0.466954755085402,0.7106068522074528
0.4669942997329289,0.7215326040826922
0.46703384438045575,0.7324894608870914
0.4670733890279826,0.743477799481407
0.4671129336755095,0.7544979976956092
0.46715247832303636,0.7655504343288825
0.4671920229705632,0.77803181601323
0.46723156761809004,0.7864929284519626
0.4672711122656169,0.7891925832512281
0.4673106569131438,0.7918944233824683
0.46735020156067064,0.7946029415774029
0.4673897462081975,0.7973182535678855
0.4674292908557244,0.8000404755207793
0.46746883550325125,0.8027697240379509
0.4675083801507781,0.8055061161562749
0.467547924798305,0.8082497693476367
0.4675874694458318,0.8110049442779746
0.46762701409335866,0.813781559135384
0.46766655874088553,0.8165795925176792
0.4677061033884124,0.8193990237387709
0.46774564803593927,0.822230643684901
0.46778519268346613,0.8250707709743188
0.467824737330993,0.8066961341894857
0.4678642819785198,0.8081426528042841
0.4679038266260467,0.8095972423421499
0.46794337127357355,0.7954682790823646
0.4679829159211004,0.7812798449221897
0.4680224605686273,0.7671405638229587
0.46806200521615415,0.7530507031984535
0.468101549863681,0.7390105317424794
0.4681410945112079,0.7251669099677577
0.46818063915873476,0.7113647816372923
0.46822018380626157,0.6976044951165007
0.46825972845378844,0.6940077247940062
0.4682992731013153,0.6925698941286977
0.4683388177488422,0.6907321358697908
0.46837836239636904,0.6834576562980653
0.4684179070438959,0.6762040081967382
0.4684574516914228,0.6689713239157433
0.4684969963389496,0.6617597364963259
0.46853654098647646,0.6545693796710169
0.4685760856340033,0.6474003878636668
0.4686156302815302,0.6402574676686855
0.46865517492905706,0.6331350301171778
0.46869471957658393,0.6260147306866045
0.4687342642241108,0.618896510541096
0.46877380887163766,0.6117803111446813
0.46881335351916453,0.6046660742612978
0.46885289816669135,0.5975537419547859
0.4688924428142182,0.5904432565888681
0.4689319874617451,0.5833345608271943
0.46897153210927195,0.5762275976333089
0.4690110767567988,0.566978171424366
0.4690506214043257,0.5573858486731869
0.46909016605185255,0.5488248218732741
0.46912971069937937,0.5402748119647297
0.46916925534690623,0.5317298969352353
0.4692087999944331,0.5231593307120437
0.46924834464195997,0.5145625999282373
0.46928788928948684,0.5059350835443733
0.4693274339370137,0.4972615681848159
0.4693669785845406,0.4885206223611749
0.46940652323206744,0.47970867265742867
0.4694460678795943,0.470825255035761
0.4694856125271211,0.4618611293366426
0.469525157174648,0.45280774702269166
0.46956470182217486,0.44366481060315377
0.4696042464697017,0.4344320211665167
0.4696437911172286,0.42510907838052525
0.46968333576475546,0.41569568049217254
0.46972288041228233,0.4068776210497479
0.46976242505980914,0.3992136362801503
0.469801969707336,0.39146256799349455
0.4698415143548629,0.3836244055470539
0.46988105900238974,0.37567798123946083
0.4699206036499166,0.3676128693707206
0.4699601482974435,0.3594287422189373
0.46999969294497035,0.3511252700967198
0.4700392375924972,0.3427021213511995
0.4700787822400241,0.33415360252043524
0.4701183268875509,0.32547416516119676
0.47015787153507776,0.3166635782007977
0.47019741618260463,0.3077286044163834
0.4702369608301315,-0.1209334474429159
0.47027650547765837,-0.14226889378794794
0.47031605012518524,-0.16376277337879197
0.4703555947727121,-0.18535436176130504
0.4703951394202389,-0.20701718902435473
0.4704346840677658,-0.22875135204874397
0.47047422871529265,-0.24967323768869765
0.4705137733628195,-0.2672227773885498
0.4705533180103464,-0.2848439493199466
0.47059286265787326,-0.30252928236673093
0.4706324073054001,-0.3202589343745227
0.470671951952927,-0.3380291761725761
0.47071149660045386,-0.3558391920291102
0.4707510412479807,-0.37368771486322305
0.47079058589550754,-0.39157128142156383
0.4708301305430344,-0.4094897201286509
0.4708696751905613,-0.42744285966024986
0.47090921983808814,-0.4454305289433437
0.470948764485615,-0.4634525571561313
0.4709883091331419,-0.48150412016051003
0.4710278537806687,-0.4995751506387829
0.47106739842819556,-0.5176656248409678
0.47110694307572243,-0.5357755189748203
0.4711464877232493,-0.5539048092059247
0.47118603237077616,-0.5720534716576727
0.47122557701830303,-0.592858220979176
0.4712651216658299,-0.6186753122152735
0.47130466631335677,-0.6444961284975305
0.47134421096088364,-0.6712534982053964
0.47138375560841045,-0.7019206381474608
0.4714233002559373,-0.7323888845375361
0.4714628449034642,-0.762656401082922
0.47150238955099105,-0.7928541550096081
0.4715419341985179,-0.8230173870430073
0.4715814788460448,-0.84934751992137
0.47162102349357166,-0.8686075608436344
0.47166056814109847,-0.8878325792635329
0.47170011278862534,-0.9070224064075926
0.4717396574361522,-0.9261779791420006
0.4717792020836791,-0.9856885452142323
0.47181874673120594,-0.9882596581844512
0.4718582913787328,-0.9907976443187748
0.4718978360262597,-0.9933023569765523
0.47193738067378654,-0.9957736486186297
0.4719769253213134,-0.9982101427448274
0.4720164699688402,-1.0005972792063877
0.4720560146163671,-1.0029346556138075
0.47209555926389396,-1.0052219934201594
0.47213510391142083,-1.0074597782119354
0.4721746485589477,-1.009696233023896
0.47221419320647456,-1.011935856763557
0.47225373785400143,-1.0141806333353038
0.47229328250152824,-1.0164371894246367
0.4723328271490551,-1.0187057418001557
0.472372371796582,-1.0209865072495445
0.47241191644410885,-1.0232797025796003
0.4724514610916357,-1.0255855446162192
0.4724910057391626,-1.0279042502044213
0.47253055038668945,-1.0351251775228396
0.4725700950342163,-1.0441802174105952
0.4726096396817432,-1.0532240041605712
0.47264918432927,-1.062253275539469
0.47268872897679687,-1.0712679688368494
0.47272827362432374,-1.1185409144630503
0.4727678182718506,-1.126890049218455
0.47280736291937747,-1.1352186531850263
0.47284690756690434,-1.1435266994135438
0.4728864522144312,-1.15181416035066
0.472925996861958,-1.1600810078388781
0.4729655415094849,-1.1683272131166247
0.47300508615701176,-1.1765580288007729
0.4730446308045386,-1.178588920232155
0.4730841754520655,-1.174238726725882
0.47312372009959236,-1.1698912049754269
0.4731632647471192,-1.165546083865584
0.4732028093946461,-1.1612030921587972
0.47324235404217296,-1.1568619584951314
0.4732818986896998,-1.1525209988200107
0.47332144333722664,-1.1481650300241575
0.4733609879847535,-1.1437936177403567
0.4734005326322804,-1.1391704130098308
0.47344007727980725,-1.1334141565002618
0.4734796219273341,-1.1274984602770581
0.473519166574861,-1.121533596953559
0.4735587112223878,-1.115551111601973
0.47359825586991466,-1.1095578805943254
0.47363780051744153,-1.103560399732417
0.4736773451649684,-1.097562330872537
0.47371688981249527,-1.0915632420573769
0.47375643446002214,-1.0855627012517315
0.473795979107549,-1.0795602763425058
0.47383552375507587,-1.07355343654486
0.47387506840260274,-1.0675324828154928
0.47391461305012955,-1.061496869660722
0.4739541576976564,-1.0554460512832016
0.4739937023451833,-1.0493796931450112
0.47403324699271016,-1.0432973000325252
0.474072791640237,-1.0371983225849633
0.4741123362877639,-1.0311660840866341
0.47415188093529076,-1.025146367940394
0.47419142558281757,-1.0191539263688572
0.47423097023034444,-1.0132917224914069
0.4742705148778713,-1.0074485025161828
0.4743100595253982,-1.0016238599287839
0.47434960417292504,-0.9958173886496904
0.4743891488204519,-0.9900286830342799
0.4744286934679788,-0.9842529232380264
0.47446823811550565,-0.9784866213386803
0.4745077827630325,-0.9727294485550844
0.4745473274105593,-0.9669810763893962
0.4745868720580862,-0.9612411766270317
0.47462641670561306,-0.9507627767006552
0.47466596135313993,-0.936836896530715
0.4747055060006668,-0.9229434621424815
0.47474505064819367,-0.9090823926745477
0.47478459529572054,-0.8941657370853104
0.47482413994324735,-0.8786742491045536
0.4748636845907742,-0.8632148881392265
0.4749032292383011,-0.8477875764474905
0.47494277388582795,-0.8323922370674108
0.4749823185333548,-0.8170287938169349
0.4750218631808817,-0.801696903765883
0.47506140782840856,-0.7863795029832521
0.4751009524759354,-0.770578032750874
0.4751404971234623,-0.7547024817435881
0.4751800417709891,-0.738836771133329
0.47521958641851597,-0.7177898451673326
0.47525913106604284,-0.6960576043123798
0.4752986757135697,-0.6743252672258353
0.4753382203610966,-0.6525934168126004
0.47537776500862344,-0.6308626360943439
0.4754173096561503,-0.6091335082095302
0.4754568543036771,-0.5874066164133955
0.475496398951204,-0.5656825440779525
0.47553594359873086,-0.5439618746920076
0.4755754882462577,-0.5222451918611317
0.4756150328937846,-0.5005424668142968
0.47565457754131146,-0.47887570957155146
0.47569412218883833,-0.4572451942690321
0.4757336668363652,-0.4380709565397609
0.47577321148389207,-0.4193334432712197
0.4758127561314189,-0.40061539031604476
0.47585230077894575,-0.37907517043884
0.4758918454264726,-0.3496929239380242
0.4759313900739995,-0.3203319976743031
0.47597093472152635,-0.29099277363375986
0.4760104793690532,-0.2616756341982598
0.4760500240165801,-0.2323809621454369
0.4760895686641069,-0.2031035698605428
0.47612911331163377,-0.17384323074506858
0.47616865795916063,-0.14460026758221511
0.4762082026066875,-0.11537500342901619
0.47624774725421437,-0.08616776161641515
0.47628729190174124,-0.06669955379348003
0.4763268365492681,-0.051515568659972644
0.476366381196795,-0.03634313232737352
0.47640592584432184,-0.021182644118314498
0.47644547049184865,-0.006039933326559499
0.4764850151393755,0.00908407148895285
0.4765245597869024,0.024189030839347758
0.47656410443442926,0.039274604991217155
0.4766036490819561,0.05433703849808369
0.476643193729483,0.0693751120544428
0.47668273837700986,0.08438844264772927
0.4767222830245367,0.09937664693603687
0.47676182767206354,0.11433157842368336
0.4768013723195904,0.12857454671679158
0.4768409169671173,0.12652383421498903
0.47688046161464415,0.5272767622162904
0.476920006262171,0.5619358382127426
0.4769595509096979,0.5965655979307676
0.47699909555722475,0.6311653597694464
0.4770386402047516,0.6657344417801239
0.47707818485227843,0.7002721616663963
0.4771177294998053,0.7347984509054626
0.47715727414733217,0.7693402423692592
0.47719681879485903,0.8038973319365055
0.4772363634423859,0.8330252460450178
0.47727590808991277,0.8238693959533241
0.47731545273743964,0.8147282352488814
0.47735499738496645,0.8056015622421973
0.4773945420324933,0.7955705871641583
0.4774340866800202,0.7854915095008776
0.47747363132754705,0.7754514120051461
0.4775131759750739,0.7654532552612943
0.4775527206226008,0.7554857808810165
0.47759226527012766,0.7455486140553407
0.4776318099176545,0.7356413809396665
0.4776713545651814,0.7257637086537267
0.4777108992127082,0.7159152252816288
0.4777504438602351,0.7060955598717591
0.47778998850776194,0.6963006931541234
0.4778295331552888,0.69027401624698
0.4778690778028157,0.69524649599726
0.47790862245034255,0.7002394458855579
0.4779481670978694,0.7052523955251226
0.4779877117453962,0.7102848753615005
0.4780272563929231,0.7153384947489352
0.47806680104044996,0.7204129174607297
0.47810634568797683,0.7255076983054083
0.4781458903355037,0.7306223929673592
0.47818543498303057,0.7357565580068182
0.47822497963055743,0.7409097508598825
0.4782645242780843,0.7460815298385168
0.47830406892561117,0.7512738507956485
0.478343613573138,0.7564762222019752
0.47838315822066485,0.7616696637517995
0.4784227028681917,0.7668541174286729
0.4784622475157186,0.7848230266444034
0.47850179216324545,0.7836295616139808
0.4785413368107723,0.7824269367240828
0.4785808814582992,0.7812150953334731
0.478620426105826,0.7800087008744079
0.47865997075335287,0.7788139144404307
0.47869951540087974,0.7776312068433926
0.4787390600484066,0.7764608090698359
0.4787786046959335,0.775302468113011
0.47881814934346034,0.7741559317582019
0.4788576939909872,0.7730308619246518
0.4788972386385141,0.7719295685916283
0.47893678328604095,0.7708516760075999
0.47897632793356776,0.7697968094657992
0.4790158725810946,0.7550761417362784
0.4790554172286215,0.7396607668460309
0.47909496187614836,0.7242150459311378
0.47913450652367523,0.7088108747143351
0.4791740511712021,0.6934480873887816
0.47921359581872897,0.6781265196010178
0.4792531404662558,0.6628364372202906
0.47929268511378265,0.6475569638318486
0.4793322297613095,0.6322876382471987
0.4793717744088364,0.6170280001303872
0.47941131905636325,0.6017775899980315
0.4794508637038901,0.5865272801336383
0.479490408351417,0.5712560112239486
0.47952995299894385,0.5559518505186203
0.4795694976464707,0.5434220102211189
0.47960904229399753,0.5316949446792065
0.4796485869415244,0.519934277633401
0.47968813158905127,0.5081397725817067
0.47972767623657814,0.4940651980398696
0.479767220884105,0.48028064459795616
0.4798067655316319,0.46648214116446396
0.47984631017915874,0.4526697015729819
0.47988585482668555,0.43884333965711186
0.4799253994742124,0.42500306925040854
0.4799649441217393,0.411148904186476
0.48000448876926616,0.3972808582988987
0.480044033416793,0.3833989454212656
0.4800835780643199,0.3695031793871635
0.48012312271184676,0.3555935740301772
0.48016266735937363,0.34173381200828445
0.4802022120069005,0.32857559980674345
0.4802417566544273,0.3154035897830949
0.4802813013019542,0.3022177957708949
0.48032084594948105,0.2890182316037462
0.4803603905970079,0.27580491111523453
0.4803999352445348,0.2625778481389467
0.48043947989206165,0.24933705650846893
0.4804790245395885,0.23608255005738932
0.48051856918711533,0.2228143426193101
0.4805581138346422,0.20868511708286985
0.48059765848216907,0.19219822940734121
0.48063720312969593,0.17569768224555626
0.4806767477772228,0.15918348943110305
0.48071629242474967,0.14265566479756786
0.48075583707227654,0.1261142221785383
0.4807953817198034,0.1095591754075993
0.4808349263673303,0.09299053831833803
0.4808744710148571,0.07640832474435677
0.48091401566238395,0.059812548519212916
0.4809535603099108,0.04357027737248731
0.4809931049574377,0.03220696581151672
0.48103264960496456,0.02083013310015791
0.4810721942524914,0.009439793071998048
0.4811117389000183,-0.0019640404393788113
0.4811512835475451,-0.013381353600373957
0.481190828195072,-0.02481213257741799
0.48123037284259884,-0.036256363536917524
0.4812699174901257,-0.04771403264528362
0.4813094621376526,-0.05918512606893045
0.48134900678517945,-0.06807185408525629
0.4813885514327063,-0.07654957114898964
0.4814280960802332,-0.08504067102724444
0.48146764072776005,-0.0935451398864322
0.48150718537528686,-0.10206296389296399
0.48154673002281373,-0.11059412921325884
0.4815862746703406,-0.11913862201372827
0.48162581931786747,-0.1276964284607851
0.48166536396539433,-0.13626753472084085
0.4817049086129212,-0.1448519269603119
0.48174445326044807,-0.3857617974895262
0.4817839979079749,-0.43327124054680133
0.48182354255550175,-0.4807939280827329
0.4818630872030286,-0.5283298462637303
0.4819026318505555,-0.5758789812562097
0.48194217649808235,-0.6176364455369081
0.4819817211456092,-0.6427297344360012
0.4820212657931361,-0.6678361986458141
0.48206081044066296,-0.6929558243327609
0.4821003550881898,-0.7270524313886615
0.48213989973571664,-0.767090123215963
0.4821794443832435,-0.8071409350196614
0.4822189890307704,-0.8472048529661456
0.48225853367829724,-0.8872818632218296
0.4822980783258241,-0.9260518523432804
0.482337622973351,-0.9450641809006888
0.48237716762087784,-0.9640895602665343
0.48241671226840466,-0.9831279766072079
0.4824562569159315,-1.0021794160891713
0.4824958015634584,-1.0243591998050416
0.48253534621098526,-1.06836458319295
0.48257489085851213,-1.1123829482213632
0.482614435506039,-1.156414281056694
0.48265398015356586,-1.200458567865357
0.48269352480109273,-1.2445157948137646
0.4827330694486196,-1.288585948068332
0.4827726140961464,-1.3326690137954087
0.4828121587436733,-1.3767649781615325
0.48285170339120015,-1.4208738273330528
0.482891248038727,-1.4362309966763938
0.4829307926862539,-1.435629660184168
0.48297033733378075,-1.4350411669965781
0.4830098819813076,-1.4344655032800413
0.48304942662883443,-1.4339026552009695
0.4830889712763613,-1.4330213562368435
0.48312851592388817,-1.4284547154085796
0.48316806057141504,-1.4239008487170184
0.4832076052189419,-1.4193597423285762
0.4832471498664688,-1.4148313824096632
0.48328669451399564,-1.4103157551266967
0.4833262391615225,-1.4058128466460846
0.4833657838090494,-1.4013226431342438
0.4834053284565762,-1.3968451307575893
0.48344487310410306,-1.3923802956825286
0.4834844177516299,-1.38792812407548
0.4835239623991568,-1.3834886021028534
0.48356350704668366,-1.3790617159310623
0.48360305169421053,-1.3746474517265226
0.4836425963417374,-1.3702457956556457
0.4836821409892642,-1.3557573528607254
0.4837216856367911,-1.329844782090804
0.48376123028431794,-1.303944777953787
0.4838007749318448,-1.2780573266160855
0.4838403195793717,-1.2521824142441138
0.48387986422689855,-1.2263200270042856
0.4839194088744254,-1.2004701510630127
0.4839589535219523,-1.1746327725867085
0.48399849816947915,-1.1488078777417872
0.48403804281700596,-1.1229954526946824
0.48407758746453283,-1.1045986195448718
0.4841171321120597,-1.0867719115709453
0.48415667675958657,-1.0689576318940548
0.48419622140711344,-1.0511557666806126
0.4842357660546403,-1.033366302097033
0.48427531070216717,-1.015589224309729
0.484314855349694,-0.9977320757388524
0.48435439999722085,-0.9781300177023786
0.4843939446447477,-0.9585403049614192
0.4844334892922746,-0.93896292368239
0.48447303393980146,-0.9193978600317003
0.4845125785873283,-0.8998451001757666
0.4845521232348552,-0.8803046302810003
0.48459166788238206,-0.8607764365138155
0.48463121252990893,-0.8412605050406257
0.48467075717743574,-0.8217568220278519
0.4847103018249626,-0.8022653736418917
0.4847498464724895,-0.7827861460491652
0.48478939112001634,-0.7633191254160876
0.4848289357675432,-0.7438642979090695
0.4848684804150701,-0.7259227967202448
0.48490802506259695,-0.7104647159343227
0.48494756971012376,-0.695018786773703
0.48498711435765063,-0.6795849954047954
0.4850266590051775,-0.6641633279940138
0.48506620365270436,-0.6487537707077735
0.48510574830023123,-0.42879199902933673
0.4851452929477581,-0.40214853842540577
0.48518483759528497,-0.3755171464452547
0.48522438224281184,-0.34889780925529856
0.4852639268903387,-0.3222905130219471
0.4853034715378655,-0.2956952439116194
0.4853430161853924,-0.2691119880907211
0.48538256083291925,-0.24254073172567137
0.4854221054804461,-0.2159814609828803
0.485461650127973,0.4257786243155419
0.48550119477549986,0.4324597881541268
0.4855407394230267,0.4391290078712109
0.48558028407055354,0.4457862973003739
0.4856198287180804,0.45243167027522024
0.48565937336560727,0.459065140629326
0.48569891801313414,0.4656867221962797
0.485738462660661,0.47229642880966627
0.4857780073081879,0.4788942743030755
0.48581755195571474,0.4854802725100915
0.4858570966032416,0.49205443726430187
0.4858966412507685,0.4986167823992942
0.4859361858982953,0.5051673217486441
0.48597573054582216,0.5117060691459578
0.48601527519334903,0.5182330384248137
0.4860548198408759,0.5247482434187971
0.48609436448840276,0.5312516979614947
0.48613390913592963,0.5377434158864942
0.4861734537834565,0.5442234110273827
0.4862129984309833,0.5506916972177363
0.4862525430785102,0.5571482882911611
0.48629208772603705,0.5632321190775798
0.4863316323735639,0.5667352482690549
0.4863711770210908,0.570226723844353
0.48641072166861765,0.5737065596370592
0.4864502663161445,0.5771747694807619
0.4864898109636714,0.5806313672090451
0.48652935561119826,0.5840763666554978
0.48656890025872507,0.5875097816536987
0.48660844490625194,0.5909316260372492
0.4866479895537788,0.5932079682520335
0.48668753420130567,0.5936630463139492
0.48672707884883254,0.5941065952619675
0.4867666234963594,0.5945386289296757
0.4868061681438863,0.5949591611506604
0.4868457127914131,0.5953682057585035
0.48688525743893996,0.5957657765867996
0.4869248020864668,0.5961518874691325
0.4869643467339937,0.5965265522390883
0.48700389138152056,0.5968897847302543
0.4870434360290474,0.5972415987762172
0.4870829806765743,0.5975820082105632
0.48712252532410116,0.5979110268668786
0.48716206997162803,0.598228668578751
0.48720161461915484,0.598534947179765
0.4872411592666817,0.5988298765035103
0.4872807039142086,0.5991134703835737
0.48732024856173545,0.5993857426535414
0.4873597932092623,0.6024223972616827
0.4873993378567892,0.6120415935918577
0.48743888250431605,0.6216495098126968
0.48747842715184286,0.6312461597577823
0.48751797179936973,0.6408315572607102
0.4875575164468966,0.6504057161550618
0.48759706109442347,0.6599686502744244
0.48763660574195034,0.6695203734523847
0.4876761503894772,0.6790608995225276
0.48771569503700407,0.6885902423184447
0.48775523968453094,0.6981084156737178
0.4877947843320578,0.7076154334219373
0.4878343289795846,0.7171113093966819
0.4878738736271115,0.7265960574315511
0.48791341827463836,0.834286822737641
0.4879529629221652,0.8388806376445188
0.4879925075696921,0.8434633661122748
0.48803205221721896,0.8480350219744952
0.4880715968647458,0.8525956190647686
0.48811114151227264,0.8571451712166762
0.4881506861597995,0.8616836922638134
0.4881902308073264,0.8662111960397623
0.48822977545485324,0.8707276963781088
0.4882693201023801,0.8752332071124436
0.488308864749907,0.8797277420763485
0.48834840939743385,0.8842113151034134
0.4883879540449607,0.8886839400272233
0.4884274986924876,0.8931456306813665
0.4884670433400144,0.8975964008994255
0.48850658798754126,0.9020362645149926
0.48854613263506813,0.9064652353616542
0.488585677282595,0.9108833272729953
0.48862522193012187,0.9152905540826011
0.48866476657764873,0.9196869296240606
0.4887043112251756,0.9240724677309597
0.4887438558727024,0.9284471822368829
0.4887834005202293,0.9328110869754214
0.48882294516775615,0.9418762181085383
0.488862489815283,0.9527021841295118
0.4889020344628099,0.9635173818838603
0.48894157911033675,0.9743218252051677
0.4889811237578636,0.9851155279270227
0.4890206684053905,0.995898503883011
0.48906021305291736,1.0066707669067203
0.48909975770044417,1.0174323308317244
0.48913930234797104,1.0142937298573866
0.4891788469954979,1.0090811557356034
0.4892183916430248,1.0038579240158871
0.48925793629055164,0.9927446826518727
0.4892974809380785,0.9761465924048884
0.4893370255856054,0.9595378860607287
0.4893765702331322,0.942918577452988
0.48941611488065906,0.9262886804152466
0.4894556595281859,0.9096482087810907
0.4894952041757128,0.8929971763841105
0.48953474882323966,0.8737384453290609
0.48957429347076653,0.8485035967099746
0.4896138381182934,0.8232582288288224
0.48965338276582027,0.798002355519192
0.48969292741334713,0.7727359906146709
0.48973247206087395,0.7474591479488455
0.4897720167084008,0.722171841355302
0.4898115613559277,0.6968740846676245
0.48985110600345455,0.6679747427536975
0.4898906506509814,0.6355362907844155
0.4899301952985083,0.6030874302217633
0.48996973994603515,0.5706281748993265
0.49000928459356197,0.5381585386507031
0.49004882924108883,0.5056785353094579
0.4900883738886157,0.47318817870918584
0.49012791853614257,0.4540381174680854
0.49016746318366944,0.4368001302770741
0.4902070078311963,0.41955183132779905
0.4902465524787232,0.402293234453847
0.49028609712625004,0.3850243534888038
0.4903256417737769,0.3677452022662566
0.4903651864213037,0.3504557946198059
0.4904047310688306,0.33315614438301133
0.49044427571635746,0.3182302593761197
0.4904838203638843,0.3037503167071123
0.4905233650114112,0.28926017294853446
0.49056290965893806,0.27475984193397296
0.49060245430646493,0.26024933749701584
0.49064199895399174,0.24572867347125604
0.4906815436015186,0.23119786369026474
0.4907210882490455,0.21665692198763842
0.49076063289657235,0.2052237991163024
0.4908001775440992,0.20044293331326357
0.4908397221916261,0.1956519770893499
0.49087926683915295,0.19085094427814542
0.4909188114866798,0.1860398487132382
0.4909583561342067,0.1812187042282154
0.4909979007817335,0.17638752465667218
0.49103744542926037,0.1715463238321775
0.49107699007678723,0.16669511558832606
0.4911165347243141,0.16183391375870748
0.49115607937184097,0.1666136689804525
0.49119562401936784,0.1728280923820722
0.4912351686668947,0.1790325636986827
0.4912747133144215,0.18522709676387894
0.4913142579619484,0.19141170541123165
0.49135380260947525,0.19758640347433576
0.4913933472570021,0.2037512047867791
0.491432891904529,0.2099061231821462
0.49147243655205586,0.21605117249402483
0.4915119811995827,0.2221863665560031
0.4915515258471096,0.2283117192016657
0.49159107049463646,0.23442724426459982
0.4916306151421633,0.24053295557839927
0.49167015978969014,0.24662886697663833
0.491709704437217,0.2527149922929084
0.4917492490847439,0.2596141595633723
0.49178879373227075,0.2666933263551283
0.4918283383797976,0.2737627485656753
0.4918678830273245,0.2808224400286019
0.4919074276748513,0.28787241457750046
0.49194697232237816,0.2949126860459459
0.49198651696990503,0.2990689696142601
0.4920260616174319,0.30216481848624754
0.49206560626495877,0.3052510057785476
0.49210515091248563,0.3083275453247465
0.4921446955600125,0.3113944509584332
0.49218424020753937,0.3144517365131916
0.49222378485506624,0.3174994158226099
0.49226332950259305,0.3205375027202797
0.4923028741501199,0.323566011039778
0.4923424187976468,0.32658495461469594
0.49238196344517365,0.32959434727862
0.4924215080927005,0.3325942028651394
0.4924610527402274,0.3355845352078375
0.49250059738775426,0.33856535814030253
0.49254014203528107,0.1761347288876447
0.49257968668280794,0.18129773842936614
0.4926192313303348,0.18645128006161626
0.4926587759778617,0.19159536761797824
0.49269832062538854,0.19673001493204367
0.4927378652729154,0.2018552358373933
0.4927774099204423,0.20343206282162707
0.49281695456796915,0.19247957552748862
0.492856499215496,0.18151770332539474
0.4928960438630228,0.17054646004894036
0.4929355885105497,0.15956585953170332
0.49297513315807656,0.14857591560727434
0.49301467780560343,0.13757664210923903
0.4930542224531303,0.12656805287118766
0.49309376710065717,0.11555016172670163
0.49313331174818403,0.10452298250937142
0.49317285639571085,0.09348652905278532
0.4932124010432377,0.0824408151905236
0.4932519456907646,0.07138585475617876
0.49329149033829145,0.060321661583334185
0.4933310349858183,0.04924824950557771
0.4933705796333452,0.033265567023572196
0.49341012428087205,0.01621075866513566
0.4934496689283989,-0.0008532270974506151
0.4934892135759258,-0.017926376430602575
0.4935287582234526,-0.03500867550073128
0.49356830287097947,-0.05210011047425178
0.49360784751850634,-0.06920066751757625
0.4936473921660332,-0.0863103327971182
0.4936869368135601,-0.1034290924792931
0.49372648146108694,-0.12055693273051094
0.4937660261086138,-0.13783558909359006
0.4938055707561406,-0.15515901861844306
0.4938451154036675,-0.17249148721158325
0.49388466005119436,-0.18983298103942192
0.4939242046987212,-0.20718348626836924
0.4939637493462481,-0.2245429890648405
0.49400329399377496,-0.2468884104257001
0.49404283864130183,-0.2718045094366164
0.4940823832888287,-0.29672956451429466
0.49412192793635556,-0.32166356182514977
0.4941614725838824,-0.3466064875355934
0.49420101723140925,-0.36860047822891095
0.4942405618789361,-0.38850796247529007
0.494280106526463,-0.4084243336204989
0.49431965117398985,-0.42834957783095073
0.4943591958215167,-0.44828368127305906
0.4943987404690436,-0.4682550004025565
0.4944382851165704,-0.4882931864121791
0.49447782976409727,-0.5083401901526932
0.49451737441162413,-0.5283959977905164
0.494556919059151,-0.5484605954920634
0.49459646370667787,-0.5685339694237435
0.49463600835420474,-0.5886161057519756
0.4946755530017316,-0.6087069906431684
0.4947150976492585,-0.6288066102637362
0.49475464229678534,-0.6489149507800929
0.49479418694431215,-0.6690319983586572
0.494833731591839,-0.678967706225186
0.4948732762393659,-0.6856131253832207
0.49491282088689276,-0.6922672101026992
0.4949523655344196,-0.6989299465500303
0.4949919101819465,-0.7056013208916319
0.49503145482947336,-0.7091273660970243
0.4950709994770002,-0.6964289718700336
0.49511054412452704,-0.6837391740365195
0.4951500887720539,-0.6710579587629275
0.4951896334195808,-0.65838531221567
0.49522917806710764,-0.64572122056116
0.4952687227146345,-0.6330656699658119
0.4953082673621614,-0.6204186465960386
0.49534781200968825,-0.6077801366182516
0.4953873566572151,-0.6014398497801092
0.49542690130474193,-0.6095268912805223
0.4954664459522688,-0.6176224046721586
0.49550599059979566,-0.618149708714975
0.49554553524732253,-0.6170670970496246
0.4955850798948494,-0.6159929157747408
0.49562462454237627,-0.614927151056736
0.49566416918990314,-0.613869789062027
0.49570371383742995,-0.6128208159570268
0.4957432584849568,-0.6117802179081446
0.4957828031324837,-0.610747981081796
0.49582234778001055,-0.6097240916443929
0.4958618924275374,-0.608708535762353
0.4959014370750643,-0.607701299602083
0.49594098172259116,-0.6067023693300009
0.495980526370118,-0.60571173111252
0.4960200710176449,-0.6047293711160502
0.4960596156651717,-0.6037552755070101
0.4960991603126986,-0.6009549985780172
0.49613870496022544,-0.594990648321575
0.4961782496077523,-0.5890345209517971
0.4962177942552792,-0.5867246548996072
0.49625733890280604,-0.5848139019717251
0.4962968835503329,-0.5829113304297471
0.4963364281978597,-0.5810169264400868
0.4963759728453866,-0.5791306761691624
0.49641551749291346,-0.5772525657833818
0.49645506214044033,-0.5753825814491607
0.4964946067879672,-0.5735207093329122
0.49653415143549406,-0.57166693560105
0.49657369608302093,-0.5698212464199852
0.4966132407305478,-0.5679836279561323
0.49665278537807467,-0.564535544787309
0.4966923300256015,-0.5559798152784876
0.49673187467312835,-0.5446463511993787
0.4967714193206552,-0.5333209025031336
0.4968109639681821,-0.5220034553561699
0.49685050861570895,-0.5106939959248933
0.4968900532632358,-0.4993925103757253
0.4969295979107627,-0.48809898487507364
0.4969691425582895,-0.47681340558935736
0.49700868720581637,-0.46553575868498176
0.49704823185334324,-0.4542660303283639
0.4970877765008701,-0.44300420668591745
0.497127321148397,-0.4317502739240553
0.49716686579592384,-0.4205042182091896
0.4972064104434507,-0.4092660257077363
0.4972459550909776,-0.38122252415040037
0.49728549973850444,-0.35090109476818454
0.49732504438603126,-0.327806396888928
0.4973645890335581,-0.3047195068887021
0.497404133681085,-0.28164041093395054
0.49744367832861186,-0.2585690951910926
0.49748322297613873,-0.23550554582653693
0.4975227676236656,-0.21244974900669744
0.49756231227119246,-0.18940169089798942
0.4976018569187193,-0.1663613576668601
0.49764140156624614,-0.14250013437250786
0.497680946213773,-0.11821814431981448
0.4977204908612999,-0.09394383764390501
0.49776003550882675,-0.06967720051119075
0.4977995801563536,-0.04541821908808674
0.4978391248038805,-0.02116687954100649
0.49787866945140735,0.00307683196363695
0.4979182140989342,0.02731292925943385
0.49795775874646103,0.051541426179928074
0.4979973033939879,0.0757623365587865
0.49803684804151477,0.09997567422955256
0.49807639268904164,0.12418145302581718
0.4981159373365685,0.1393703396756567
0.49815548198409537,0.14199994931794557
0.49819502663162224,0.1446220415864925
0.49823457127914905,0.14723663031487444
0.4982741159266759,0.14984372933669743
0.4983136605742028,0.15244335248553686
0.49835320522172966,0.15503551359498213
0.4983927498692565,0.167482593023196
0.4984322945167834,0.18418664247185523
0.49847183916431026,0.2008832713818811
0.4985113838118371,0.21757249358685748
0.498550928459364,0.23425432292037307
0.4985904731068908,0.25092877321600526
0.4986300177544177,0.2742378968297945
0.49866956240194454,0.2993219236469391
0.4987091070494714,0.3243986129269685
0.4987486516969983,0.3494679785034718
0.49878819634452515,0.3745300342100315
0.498827740992052,0.3995847938802364
0.49886728563957883,0.42463227134766823
0.4989068302871057,0.4496724804459258
0.49894637493463256,0.4747054350085884
0.49898591958215943,0.49973114886924286
0.4990254642296863,0.5247496358614794
0.49906500887721317,0.5497609098188789
0.49910455352474004,0.574764984575032
0.4991440981722669,0.5997618739635242
0.49918364281979377,0.6247515918179445
0.4992231874673206,0.6474149940772937
0.49926273211484745,0.6591329499005905
0.4993022767623743,0.6630852370982121
0.4993418214099012,0.667030408096102
0.49938136605742806,0.6709684767278521
0.4994209107049549,0.6748994568270534
0.4994604553524818,0.6788233622272841
